{"type":"FeatureCollection", "features": [
{"type":"Feature","geometry":{"type":"Point","coordinates":[-63.08423,-17.56208,0]},"properties":{"name":"M-6","description":{"@type":"html","value":"N° Manzanos"},"styleUrl":"#point1","label-opacity":1,"label-color":"#00ff00","icon":"kml_ext_files/kml_symbol_no symbol_0.png"}},
{"type":"Feature","geometry":{"type":"Point","coordinates":[-63.08358,-17.56183,0]},"properties":{"name":"M-5","description":{"@type":"html","value":"N° Manzanos"},"styleUrl":"#point2","label-opacity":1,"label-color":"#00ff00","icon":"kml_ext_files/kml_symbol_no symbol_0.png"}},
{"type":"Feature","geometry":{"type":"Point","coordinates":[-63.08293,-17.56159,0]},"properties":{"name":"M-4","description":{"@type":"html","value":"N° Manzanos"},"styleUrl":"#point3","label-opacity":1,"label-color":"#00ff00","icon":"kml_ext_files/kml_symbol_no symbol_0.png"}},
{"type":"Feature","geometry":{"type":"Point","coordinates":[-63.08334,-17.56285,0]},"properties":{"name":"M-3","description":{"@type":"html","value":"N° Manzanos"},"styleUrl":"#point4","label-opacity":1,"label-color":"#00ff00","icon":"kml_ext_files/kml_symbol_no symbol_0.png"}},
{"type":"Feature","geometry":{"type":"Point","coordinates":[-63.08496,-17.56225,0]},"properties":{"name":"M-7","description":{"@type":"html","value":"N° Manzanos"},"styleUrl":"#point5","label-opacity":1,"label-color":"#00ff00","icon":"kml_ext_files/kml_symbol_no symbol_0.png"}},
{"type":"Feature","geometry":{"type":"Point","coordinates":[-63.08578,-17.56243,0]},"properties":{"name":"M-8","description":{"@type":"html","value":"N° Manzanos"},"styleUrl":"#point6","label-opacity":1,"label-color":"#00ff00","icon":"kml_ext_files/kml_symbol_no symbol_0.png"}},
{"type":"Feature","geometry":{"type":"Point","coordinates":[-63.08707,-17.5637,0]},"properties":{"name":"M-9","description":{"@type":"html","value":"N° Manzanos"},"styleUrl":"#point7","label-opacity":1,"label-color":"#00ff00","icon":"kml_ext_files/kml_symbol_no symbol_0.png"}},
{"type":"Feature","geometry":{"type":"Point","coordinates":[-63.08722,-17.56303,0]},"properties":{"name":"M-10","description":{"@type":"html","value":"N° Manzanos"},"styleUrl":"#point8","label-opacity":1,"label-color":"#00ff00","icon":"kml_ext_files/kml_symbol_no symbol_0.png"}},
{"type":"Feature","geometry":{"type":"Point","coordinates":[-63.08687,-17.55016,0]},"properties":{"name":"M-43","description":{"@type":"html","value":"N° Manzanos"},"styleUrl":"#point9","label-opacity":1,"label-color":"#00ff00","icon":"kml_ext_files/kml_symbol_no symbol_0.png"}},
{"type":"Feature","geometry":{"type":"Point","coordinates":[-63.08336,-17.55996,0]},"properties":{"name":"M-20","description":{"@type":"html","value":"N° Manzanos"},"styleUrl":"#point10","label-opacity":1,"label-color":"#00ff00","icon":"kml_ext_files/kml_symbol_no symbol_0.png"}},
{"type":"Feature","geometry":{"type":"Point","coordinates":[-63.08776,-17.55029,0]},"properties":{"name":"M-42","description":{"@type":"html","value":"N° Manzanos"},"styleUrl":"#point11","label-opacity":1,"label-color":"#00ff00","icon":"kml_ext_files/kml_symbol_no symbol_0.png"}},
{"type":"Feature","geometry":{"type":"Point","coordinates":[-63.08842,-17.5504,0]},"properties":{"name":"M-41","description":{"@type":"html","value":"N° Manzanos"},"styleUrl":"#point12","label-opacity":1,"label-color":"#00ff00","icon":"kml_ext_files/kml_symbol_no symbol_0.png"}},
{"type":"Feature","geometry":{"type":"Point","coordinates":[-63.0847,-17.56026,0]},"properties":{"name":"M-18","description":{"@type":"html","value":"N° Manzanos"},"styleUrl":"#point13","label-opacity":1,"label-color":"#00ff00","icon":"kml_ext_files/kml_symbol_no symbol_0.png"}},
{"type":"Feature","geometry":{"type":"Point","coordinates":[-63.08684,-17.5643,0]},"properties":{"name":"M-1","description":{"@type":"html","value":"N° Manzanos"},"styleUrl":"#point14","label-opacity":1,"label-color":"#00ff00","icon":"kml_ext_files/kml_symbol_no symbol_0.png"}},
{"type":"Feature","geometry":{"type":"Point","coordinates":[-63.08506,-17.56356,0]},"properties":{"name":"M-2","description":{"@type":"html","value":"N° Manzanos"},"styleUrl":"#point15","label-opacity":1,"label-color":"#00ff00","icon":"kml_ext_files/kml_symbol_no symbol_0.png"}},
{"type":"Feature","geometry":{"type":"Point","coordinates":[-63.08683,-17.5582,0]},"properties":{"name":"M-25","description":{"@type":"html","value":"N° Manzanos"},"styleUrl":"#point16","label-opacity":1,"label-color":"#00ff00","icon":"kml_ext_files/kml_symbol_no symbol_0.png"}},
{"type":"Feature","geometry":{"type":"Point","coordinates":[-63.08558,-17.56045,0]},"properties":{"name":"M-17","description":{"@type":"html","value":"N° Manzanos"},"styleUrl":"#point17","label-opacity":1,"label-color":"#00ff00","icon":"kml_ext_files/kml_symbol_no symbol_0.png"}},
{"type":"Feature","geometry":{"type":"Point","coordinates":[-63.08392,-17.55757,0]},"properties":{"name":"M-21","description":{"@type":"html","value":"N° Manzanos"},"styleUrl":"#point18","label-opacity":1,"label-color":"#00ff00","icon":"kml_ext_files/kml_symbol_no symbol_0.png"}},
{"type":"Feature","geometry":{"type":"Point","coordinates":[-63.08625,-17.56059,0]},"properties":{"name":"M-16","description":{"@type":"html","value":"N° Manzanos"},"styleUrl":"#point19","label-opacity":1,"label-color":"#00ff00","icon":"kml_ext_files/kml_symbol_no symbol_0.png"}},
{"type":"Feature","geometry":{"type":"Point","coordinates":[-63.08527,-17.55787,0]},"properties":{"name":"M-23","description":{"@type":"html","value":"N° Manzanos"},"styleUrl":"#point20","label-opacity":1,"label-color":"#00ff00","icon":"kml_ext_files/kml_symbol_no symbol_0.png"}},
{"type":"Feature","geometry":{"type":"Point","coordinates":[-63.0846,-17.55772,0]},"properties":{"name":"M-22","description":{"@type":"html","value":"N° Manzanos"},"styleUrl":"#point21","label-opacity":1,"label-color":"#00ff00","icon":"kml_ext_files/kml_symbol_no symbol_0.png"}},
{"type":"Feature","geometry":{"type":"Point","coordinates":[-63.08615,-17.55806,0]},"properties":{"name":"M-24","description":{"@type":"html","value":"N° Manzanos"},"styleUrl":"#point22","label-opacity":1,"label-color":"#00ff00","icon":"kml_ext_files/kml_symbol_no symbol_0.png"}},
{"type":"Feature","geometry":{"type":"Point","coordinates":[-63.08703,-17.56084,0]},"properties":{"name":"M-14","description":{"@type":"html","value":"N° Manzanos"},"styleUrl":"#point23","label-opacity":1,"label-color":"#00ff00","icon":"kml_ext_files/kml_symbol_no symbol_0.png"}},
{"type":"Feature","geometry":{"type":"Point","coordinates":[-63.0871,-17.56011,0]},"properties":{"name":"M-15","description":{"@type":"html","value":"N° Manzanos"},"styleUrl":"#point24","label-opacity":1,"label-color":"#00ff00","icon":"kml_ext_files/kml_symbol_no symbol_0.png"}},
{"type":"Feature","geometry":{"type":"Point","coordinates":[-63.08713,-17.56162,0]},"properties":{"name":"M-13","description":{"@type":"html","value":"N° Manzanos"},"styleUrl":"#point25","label-opacity":1,"label-color":"#00ff00","icon":"kml_ext_files/kml_symbol_no symbol_0.png"}},
{"type":"Feature","geometry":{"type":"Point","coordinates":[-63.08741,-17.5624,0]},"properties":{"name":"M-11","description":{"@type":"html","value":"N° Manzanos"},"styleUrl":"#point26","label-opacity":1,"label-color":"#00ff00","icon":"kml_ext_files/kml_symbol_no symbol_0.png"}},
{"type":"Feature","geometry":{"type":"Point","coordinates":[-63.08764,-17.55864,0]},"properties":{"name":"M-27","description":{"@type":"html","value":"N° Manzanos"},"styleUrl":"#point27","label-opacity":1,"label-color":"#00ff00","icon":"kml_ext_files/kml_symbol_no symbol_0.png"}},
{"type":"Feature","geometry":{"type":"Point","coordinates":[-63.08746,-17.55565,0]},"properties":{"name":"M-29","description":{"@type":"html","value":"N° Manzanos"},"styleUrl":"#point28","label-opacity":1,"label-color":"#00ff00","icon":"kml_ext_files/kml_symbol_no symbol_0.png"}},
{"type":"Feature","geometry":{"type":"Point","coordinates":[-63.08657,-17.55536,0]},"properties":{"name":"M-30","description":{"@type":"html","value":"N° Manzanos"},"styleUrl":"#point29","label-opacity":1,"label-color":"#00ff00","icon":"kml_ext_files/kml_symbol_no symbol_0.png"}},
{"type":"Feature","geometry":{"type":"Point","coordinates":[-63.0876,-17.55938,0]},"properties":{"name":"M-26","description":{"@type":"html","value":"N° Manzanos"},"styleUrl":"#point30","label-opacity":1,"label-color":"#00ff00","icon":"kml_ext_files/kml_symbol_no symbol_0.png"}},
{"type":"Feature","geometry":{"type":"Point","coordinates":[-63.08654,-17.55256,0]},"properties":{"name":"M-36","description":{"@type":"html","value":"N° Manzanos"},"styleUrl":"#point31","label-opacity":1,"label-color":"#00ff00","icon":"kml_ext_files/kml_symbol_no symbol_0.png"}},
{"type":"Feature","geometry":{"type":"Point","coordinates":[-63.0859,-17.55522,0]},"properties":{"name":"M-31","description":{"@type":"html","value":"N° Manzanos"},"styleUrl":"#point32","label-opacity":1,"label-color":"#00ff00","icon":"kml_ext_files/kml_symbol_no symbol_0.png"}},
{"type":"Feature","geometry":{"type":"Point","coordinates":[-63.08523,-17.55506,0]},"properties":{"name":"M-32","description":{"@type":"html","value":"N° Manzanos"},"styleUrl":"#point33","label-opacity":1,"label-color":"#00ff00","icon":"kml_ext_files/kml_symbol_no symbol_0.png"}},
{"type":"Feature","geometry":{"type":"Point","coordinates":[-63.08519,-17.55226,0]},"properties":{"name":"M-34","description":{"@type":"html","value":"N° Manzanos"},"styleUrl":"#point34","label-opacity":1,"label-color":"#00ff00","icon":"kml_ext_files/kml_symbol_no symbol_0.png"}},
{"type":"Feature","geometry":{"type":"Point","coordinates":[-63.08742,-17.55275,0]},"properties":{"name":"M-37","description":{"@type":"html","value":"N° Manzanos"},"styleUrl":"#point35","label-opacity":1,"label-color":"#00ff00","icon":"kml_ext_files/kml_symbol_no symbol_0.png"}},
{"type":"Feature","geometry":{"type":"Point","coordinates":[-63.08809,-17.55289,0]},"properties":{"name":"M-38","description":{"@type":"html","value":"N° Manzanos"},"styleUrl":"#point36","label-opacity":1,"label-color":"#00ff00","icon":"kml_ext_files/kml_symbol_no symbol_0.png"}},
{"type":"Feature","geometry":{"type":"Point","coordinates":[-63.0889,-17.55043,0]},"properties":{"name":"M-40","description":{"@type":"html","value":"N° Manzanos"},"styleUrl":"#point37","label-opacity":1,"label-color":"#00ff00","icon":"kml_ext_files/kml_symbol_no symbol_0.png"}},
{"type":"Feature","geometry":{"type":"Point","coordinates":[-63.08869,-17.56347,0]},"properties":{"name":"M-12","description":{"@type":"html","value":"N° Manzanos"},"styleUrl":"#point38","label-opacity":1,"label-color":"#00ff00","icon":"kml_ext_files/kml_symbol_no symbol_0.png"}},
{"type":"Feature","geometry":{"type":"Point","coordinates":[-63.08928,-17.5631,0]},"properties":{"name":"EQUIPAMIENTO","description":{"@type":"html","value":"N° Manzanos"},"styleUrl":"#point39","icon":"kml_ext_files/kml_symbol_no symbol_0.png"}},
{"type":"Feature","geometry":{"type":"Point","coordinates":[-63.08403,-17.5601,0]},"properties":{"name":"M-19","description":{"@type":"html","value":"N° Manzanos"},"styleUrl":"#point40","label-opacity":1,"label-color":"#00ff00","icon":"kml_ext_files/kml_symbol_no symbol_0.png"}},
{"type":"Feature","geometry":{"type":"Point","coordinates":[-63.08587,-17.5524,0]},"properties":{"name":"M-35","description":{"@type":"html","value":"N° Manzanos"},"styleUrl":"#point41","label-opacity":1,"label-color":"#00ff00","icon":"kml_ext_files/kml_symbol_no symbol_0.png"}},
{"type":"Feature","geometry":{"type":"Point","coordinates":[-63.0877,-17.5579,0]},"properties":{"name":"M-28","description":{"@type":"html","value":"N° Manzanos"},"styleUrl":"#point42","label-opacity":1,"label-color":"#00ff00","icon":"kml_ext_files/kml_symbol_no symbol_0.png"}},
{"type":"Feature","geometry":{"type":"Point","coordinates":[-63.08456,-17.55492,0]},"properties":{"name":"M-33","description":{"@type":"html","value":"N° Manzanos"},"styleUrl":"#point43","label-opacity":1,"label-color":"#00ff00","icon":"kml_ext_files/kml_symbol_no symbol_0.png"}},
{"type":"Feature","geometry":{"type":"Point","coordinates":[-63.08711,-17.54864,0]},"properties":{"name":"AREA VERDE","description":{"@type":"html","value":"N° Manzanos"},"styleUrl":"#point44","icon":"kml_ext_files/kml_symbol_no symbol_0.png"}},
{"type":"Feature","geometry":{"type":"Point","coordinates":[-63.08974,-17.55385,0]},"properties":{"name":"AREA VERDE","description":{"@type":"html","value":"N° Manzanos"},"styleUrl":"#point45","icon":"kml_ext_files/kml_symbol_no symbol_0.png"}},
{"type":"Feature","geometry":{"type":"Point","coordinates":[-63.08957,-17.55022,0]},"properties":{"name":"AREA VERDE","description":{"@type":"html","value":"N° Manzanos"},"styleUrl":"#point46","icon":"kml_ext_files/kml_symbol_no symbol_0.png"}},
{"type":"Feature","geometry":{"type":"Point","coordinates":[-63.08859,-17.553,0]},"properties":{"name":"M-39","description":{"@type":"html","value":"N° Manzanos"},"styleUrl":"#point47","label-opacity":1,"label-color":"#00ff00","icon":"kml_ext_files/kml_symbol_no symbol_0.png"}},
{"type":"Feature","geometry":{"type":"Point","coordinates":[-63.08843,-17.54861,0]},"properties":{"name":"M-46","description":{"@type":"html","value":"N° Manzanos"},"styleUrl":"#point48","label-opacity":1,"label-color":"#00ff00","icon":"kml_ext_files/kml_symbol_no symbol_0.png"}},
{"type":"Feature","geometry":{"type":"Point","coordinates":[-63.0894,-17.55172,0]},"properties":{"name":"M-46","description":{"@type":"html","value":"N° Manzanos"},"styleUrl":"#point49","label-opacity":1,"label-color":"#00ff00","icon":"kml_ext_files/kml_symbol_no symbol_0.png"}},
{"type":"Feature","geometry":{"type":"Point","coordinates":[-63.08779,-17.55497,0]},"properties":{"name":"AREA VERDE","description":{"@type":"html","value":"N° Manzanos"},"styleUrl":"#point50","icon":"kml_ext_files/kml_symbol_no symbol_0.png"}},
{"type":"Feature","geometry":{"type":"Point","coordinates":[-63.08625,-17.5501,0]},"properties":{"name":"M-44","description":{"@type":"html","value":"N° Manzanos"},"styleUrl":"#point51","label-opacity":1,"label-color":"#00ff00","icon":"kml_ext_files/kml_symbol_no symbol_0.png"}},
{"type":"Feature","geometry":{"type":"Point","coordinates":[-63.08574,-17.54999,0]},"properties":{"name":"M-45","description":{"@type":"html","value":"N° Manzanos"},"styleUrl":"#point52","label-opacity":1,"label-color":"#00ff00","icon":"kml_ext_files/kml_symbol_no symbol_0.png"}},
{"type":"Feature","geometry":{"type":"Point","coordinates":[-63.08748,-17.55718,0]},"properties":{"name":"M-28A","description":{"@type":"html","value":"N° Manzanos"},"styleUrl":"#point53","label-opacity":1,"label-color":"#00ff00","icon":"kml_ext_files/kml_symbol_no symbol_0.png"}},
{"type":"Feature","geometry":{"type":"Point","coordinates":[-63.08746,-17.55732,0]},"properties":{"name":"EQUIP.","description":{"@type":"html","value":"N° Manzanos"},"styleUrl":"#point54","icon":"kml_ext_files/kml_symbol_no symbol_0.png"}},
{"type":"Feature","geometry":{"type":"Point","coordinates":[-63.08371,-17.5614,0]},"properties":{"name":"AREA VERDE","description":{"@type":"html","value":"N° Manzanos"},"styleUrl":"#point55","icon":"kml_ext_files/kml_symbol_no symbol_0.png"}},
{"type":"Feature","geometry":{"type":"Point","coordinates":[-63.09059,-17.54817,0]},"properties":{"name":"N","description":"0","styleUrl":"#point56","icon":"kml_ext_files/kml_symbol_no symbol_0.png"}},
{"type":"Feature","geometry":{"type":"Polygon","coordinates":[[[-63.08753,-17.55706],[-63.08728,-17.56095],[-63.08753,-17.56131],[-63.08815,-17.56216],[-63.08877,-17.5635],[-63.08874,-17.56359],[-63.08755,-17.56509],[-63.0821,-17.56285],[-63.08373,-17.55572],[-63.08547,-17.54835],[-63.08549,-17.54824],[-63.08561,-17.54825],[-63.08582,-17.54836],[-63.08599,-17.54857],[-63.08631,-17.54829],[-63.08658,-17.54822],[-63.08697,-17.54826],[-63.08713,-17.54826],[-63.08716,-17.54826],[-63.08737,-17.54827],[-63.08741,-17.54833],[-63.08758,-17.54838],[-63.08778,-17.54779],[-63.08801,-17.54783],[-63.08825,-17.54783],[-63.08875,-17.54811],[-63.08914,-17.54866],[-63.08996,-17.55005],[-63.08974,-17.55109],[-63.08964,-17.55269],[-63.09091,-17.5539],[-63.09129,-17.55458],[-63.09147,-17.55498],[-63.08666,-17.554],[-63.08713,-17.55567],[-63.08753,-17.55706]]]},"properties":{"description":"PERIMETRO","styleUrl":"#area1","fill-opacity":0,"fill":"#000000","stroke-opacity":1,"stroke":"#FF0000","stroke-width":1}},
{"type":"Feature","geometry":{"type":"Polygon","coordinates":[[[-63.09037,-17.54847],[-63.09037,-17.54846],[-63.09037,-17.54845],[-63.09037,-17.54844],[-63.09038,-17.54843],[-63.09038,-17.54842],[-63.09038,-17.54841],[-63.09039,-17.5484],[-63.09039,-17.54839],[-63.0904,-17.54838],[-63.0904,-17.54837],[-63.09041,-17.54837],[-63.09041,-17.54836],[-63.09042,-17.54835],[-63.09043,-17.54834],[-63.09044,-17.54834],[-63.09044,-17.54833],[-63.09045,-17.54833],[-63.09045,-17.54832],[-63.09046,-17.54832],[-63.09047,-17.54831],[-63.09048,-17.54831],[-63.09049,-17.54831],[-63.09049,-17.5483],[-63.0905,-17.5483],[-63.09051,-17.5483],[-63.09052,-17.5483],[-63.09053,-17.5483],[-63.09054,-17.5483],[-63.09054,-17.54829],[-63.09055,-17.54829],[-63.09056,-17.54829],[-63.09057,-17.54829],[-63.09058,-17.5483],[-63.09059,-17.5483],[-63.0906,-17.5483],[-63.09061,-17.5483],[-63.09062,-17.54831],[-63.09063,-17.54831],[-63.09064,-17.54831],[-63.09064,-17.54832],[-63.09065,-17.54832],[-63.09066,-17.54832],[-63.09066,-17.54833],[-63.09067,-17.54833],[-63.09068,-17.54834],[-63.09069,-17.54835],[-63.0907,-17.54835],[-63.0907,-17.54836],[-63.09071,-17.54837],[-63.09071,-17.54838],[-63.09072,-17.54839],[-63.09072,-17.5484],[-63.09073,-17.5484],[-63.09073,-17.54841],[-63.09073,-17.54842],[-63.09073,-17.54843],[-63.09074,-17.54843],[-63.09074,-17.54844],[-63.09074,-17.54845],[-63.09074,-17.54846],[-63.09074,-17.54847],[-63.09074,-17.54848],[-63.09074,-17.54849],[-63.09074,-17.5485],[-63.09074,-17.54851],[-63.09073,-17.54852],[-63.09073,-17.54853],[-63.09073,-17.54854],[-63.09072,-17.54855],[-63.09072,-17.54856],[-63.09071,-17.54856],[-63.09071,-17.54857],[-63.0907,-17.54858],[-63.0907,-17.54859],[-63.09069,-17.54859],[-63.09069,-17.5486],[-63.09068,-17.5486],[-63.09068,-17.54861],[-63.09067,-17.54861],[-63.09066,-17.54862],[-63.09065,-17.54863],[-63.09064,-17.54863],[-63.09063,-17.54863],[-63.09063,-17.54864],[-63.09062,-17.54864],[-63.09061,-17.54864],[-63.0906,-17.54864],[-63.0906,-17.54865],[-63.09059,-17.54865],[-63.09058,-17.54865],[-63.09057,-17.54865],[-63.09056,-17.54865],[-63.09055,-17.54865],[-63.09054,-17.54865],[-63.09053,-17.54865],[-63.09052,-17.54865],[-63.09051,-17.54865],[-63.09051,-17.54864],[-63.0905,-17.54864],[-63.09049,-17.54864],[-63.09048,-17.54864],[-63.09048,-17.54863],[-63.09047,-17.54863],[-63.09046,-17.54863],[-63.09046,-17.54862],[-63.09045,-17.54862],[-63.09044,-17.54861],[-63.09043,-17.54861],[-63.09043,-17.5486],[-63.09042,-17.5486],[-63.09042,-17.54859],[-63.09041,-17.54859],[-63.09041,-17.54858],[-63.0904,-17.54857],[-63.0904,-17.54856],[-63.09039,-17.54856],[-63.09039,-17.54855],[-63.09038,-17.54854],[-63.09038,-17.54853],[-63.09038,-17.54852],[-63.09037,-17.54851],[-63.09037,-17.5485],[-63.09037,-17.54849],[-63.09037,-17.54848],[-63.09037,-17.54847]]]},"properties":{"description":"0","styleUrl":"#area2","fill-opacity":0,"fill":"#000000","stroke-opacity":1,"stroke":"#000000","stroke-width":1}},
{"type":"Feature","geometry":{"type":"Polygon","coordinates":[[[-63.09038,-17.54847],[-63.09038,-17.54846],[-63.09038,-17.54845],[-63.09038,-17.54844],[-63.09039,-17.54843],[-63.09039,-17.54842],[-63.09039,-17.54841],[-63.0904,-17.5484],[-63.0904,-17.54839],[-63.09041,-17.54838],[-63.09041,-17.54837],[-63.09042,-17.54837],[-63.09042,-17.54836],[-63.09043,-17.54836],[-63.09043,-17.54835],[-63.09044,-17.54835],[-63.09044,-17.54834],[-63.09045,-17.54834],[-63.09046,-17.54833],[-63.09047,-17.54833],[-63.09047,-17.54832],[-63.09048,-17.54832],[-63.09049,-17.54832],[-63.0905,-17.54831],[-63.09051,-17.54831],[-63.09052,-17.54831],[-63.09053,-17.54831],[-63.09054,-17.5483],[-63.09055,-17.5483],[-63.09056,-17.5483],[-63.09057,-17.5483],[-63.09058,-17.54831],[-63.09059,-17.54831],[-63.0906,-17.54831],[-63.09061,-17.54831],[-63.09062,-17.54831],[-63.09062,-17.54832],[-63.09063,-17.54832],[-63.09064,-17.54832],[-63.09065,-17.54833],[-63.09066,-17.54833],[-63.09066,-17.54834],[-63.09067,-17.54834],[-63.09067,-17.54835],[-63.09068,-17.54835],[-63.09068,-17.54836],[-63.09069,-17.54836],[-63.09069,-17.54837],[-63.0907,-17.54837],[-63.0907,-17.54838],[-63.09071,-17.54839],[-63.09071,-17.5484],[-63.09072,-17.54841],[-63.09072,-17.54842],[-63.09073,-17.54843],[-63.09073,-17.54844],[-63.09073,-17.54845],[-63.09073,-17.54846],[-63.09073,-17.54847],[-63.09073,-17.54848],[-63.09073,-17.54849],[-63.09073,-17.5485],[-63.09073,-17.54851],[-63.09073,-17.54852],[-63.09072,-17.54852],[-63.09072,-17.54853],[-63.09072,-17.54854],[-63.09071,-17.54854],[-63.09071,-17.54855],[-63.09071,-17.54856],[-63.0907,-17.54856],[-63.0907,-17.54857],[-63.09069,-17.54858],[-63.09068,-17.54859],[-63.09067,-17.5486],[-63.09066,-17.54861],[-63.09065,-17.54861],[-63.09065,-17.54862],[-63.09064,-17.54862],[-63.09063,-17.54862],[-63.09063,-17.54863],[-63.09062,-17.54863],[-63.09061,-17.54863],[-63.0906,-17.54864],[-63.09059,-17.54864],[-63.09058,-17.54864],[-63.09057,-17.54864],[-63.09056,-17.54864],[-63.09055,-17.54864],[-63.09054,-17.54864],[-63.09053,-17.54864],[-63.09052,-17.54864],[-63.09051,-17.54864],[-63.09051,-17.54863],[-63.0905,-17.54863],[-63.09049,-17.54863],[-63.09048,-17.54862],[-63.09047,-17.54862],[-63.09046,-17.54862],[-63.09046,-17.54861],[-63.09045,-17.54861],[-63.09044,-17.5486],[-63.09043,-17.54859],[-63.09042,-17.54858],[-63.09041,-17.54857],[-63.09041,-17.54856],[-63.0904,-17.54856],[-63.0904,-17.54855],[-63.0904,-17.54854],[-63.09039,-17.54854],[-63.09039,-17.54853],[-63.09039,-17.54852],[-63.09039,-17.54851],[-63.09038,-17.54851],[-63.09038,-17.5485],[-63.09038,-17.54849],[-63.09038,-17.54848],[-63.09038,-17.54847]]]},"properties":{"description":"0","styleUrl":"#area2","fill-opacity":0,"fill":"#000000","stroke-opacity":1,"stroke":"#000000","stroke-width":1}},
{"type":"Feature","geometry":{"type":"Polygon","coordinates":[[[-63.09038,-17.54847],[-63.09038,-17.54846],[-63.09038,-17.54845],[-63.09038,-17.54844],[-63.09039,-17.54843],[-63.09039,-17.54842],[-63.09039,-17.54841],[-63.0904,-17.5484],[-63.0904,-17.54839],[-63.09041,-17.54838],[-63.09041,-17.54837],[-63.09042,-17.54837],[-63.09042,-17.54836],[-63.09043,-17.54836],[-63.09043,-17.54835],[-63.09044,-17.54835],[-63.09044,-17.54834],[-63.09045,-17.54834],[-63.09046,-17.54833],[-63.09047,-17.54833],[-63.09047,-17.54832],[-63.09048,-17.54832],[-63.09049,-17.54832],[-63.0905,-17.54831],[-63.09051,-17.54831],[-63.09052,-17.54831],[-63.09053,-17.54831],[-63.09054,-17.5483],[-63.09055,-17.5483],[-63.09056,-17.5483],[-63.09057,-17.5483],[-63.09058,-17.54831],[-63.09059,-17.54831],[-63.0906,-17.54831],[-63.09061,-17.54831],[-63.09062,-17.54831],[-63.09062,-17.54832],[-63.09063,-17.54832],[-63.09064,-17.54832],[-63.09065,-17.54833],[-63.09066,-17.54833],[-63.09066,-17.54834],[-63.09067,-17.54834],[-63.09067,-17.54835],[-63.09068,-17.54835],[-63.09068,-17.54836],[-63.09069,-17.54836],[-63.09069,-17.54837],[-63.0907,-17.54837],[-63.0907,-17.54838],[-63.09071,-17.54839],[-63.09071,-17.5484],[-63.09072,-17.54841],[-63.09072,-17.54842],[-63.09073,-17.54843],[-63.09073,-17.54844],[-63.09073,-17.54845],[-63.09073,-17.54846],[-63.09073,-17.54847],[-63.09073,-17.54848],[-63.09073,-17.54849],[-63.09073,-17.5485],[-63.09073,-17.54851],[-63.09073,-17.54852],[-63.09072,-17.54852],[-63.09072,-17.54853],[-63.09072,-17.54854],[-63.09071,-17.54854],[-63.09071,-17.54855],[-63.09071,-17.54856],[-63.0907,-17.54856],[-63.0907,-17.54857],[-63.09069,-17.54858],[-63.09068,-17.54859],[-63.09067,-17.5486],[-63.09066,-17.54861],[-63.09065,-17.54861],[-63.09065,-17.54862],[-63.09064,-17.54862],[-63.09063,-17.54862],[-63.09063,-17.54863],[-63.09062,-17.54863],[-63.09061,-17.54863],[-63.0906,-17.54864],[-63.09059,-17.54864],[-63.09058,-17.54864],[-63.09057,-17.54864],[-63.09056,-17.54864],[-63.09055,-17.54864],[-63.09054,-17.54864],[-63.09053,-17.54864],[-63.09052,-17.54864],[-63.09051,-17.54864],[-63.09051,-17.54863],[-63.0905,-17.54863],[-63.09049,-17.54863],[-63.09048,-17.54862],[-63.09047,-17.54862],[-63.09046,-17.54862],[-63.09046,-17.54861],[-63.09045,-17.54861],[-63.09044,-17.5486],[-63.09043,-17.54859],[-63.09042,-17.54858],[-63.09041,-17.54857],[-63.09041,-17.54856],[-63.0904,-17.54856],[-63.0904,-17.54855],[-63.0904,-17.54854],[-63.09039,-17.54854],[-63.09039,-17.54853],[-63.09039,-17.54852],[-63.09039,-17.54851],[-63.09038,-17.54851],[-63.09038,-17.5485],[-63.09038,-17.54849],[-63.09038,-17.54848],[-63.09038,-17.54847]]]},"properties":{"description":"0","styleUrl":"#area2","fill-opacity":0,"fill":"#000000","stroke-opacity":1,"stroke":"#000000","stroke-width":1}},
{"type":"Feature","geometry":{"type":"Polygon","coordinates":[[[-63.09053,-17.54845],[-63.09056,-17.5483],[-63.09056,-17.54847],[-63.09053,-17.54845]]]},"properties":{"description":"0","styleUrl":"#area3","fill-opacity":0.7490196078431373,"fill":"#000000","stroke-opacity":1,"stroke":"#000000","stroke-width":1}},
{"type":"Feature","geometry":{"type":"Polygon","coordinates":[[[-63.09056,-17.54847],[-63.09053,-17.54845],[-63.09056,-17.5483],[-63.09056,-17.54847],[-63.09038,-17.54847],[-63.09053,-17.54849],[-63.09058,-17.54845],[-63.09073,-17.54847],[-63.09056,-17.54847],[-63.09058,-17.54849],[-63.09056,-17.54864],[-63.09056,-17.54847]]]},"properties":{"description":"0","styleUrl":"#area3","fill-opacity":0.7490196078431373,"fill":"#000000","stroke-opacity":1,"stroke":"#000000","stroke-width":1}},
{"type":"Feature","geometry":{"type":"Polygon","coordinates":[[[-63.09056,-17.54847],[-63.09053,-17.54845],[-63.09056,-17.5483],[-63.09056,-17.54847],[-63.09038,-17.54847],[-63.09053,-17.54849],[-63.09058,-17.54845],[-63.09073,-17.54847],[-63.09056,-17.54847],[-63.09058,-17.54849],[-63.09056,-17.54864],[-63.09056,-17.54847]]]},"properties":{"description":"0","styleUrl":"#area3","fill-opacity":0.7490196078431373,"fill":"#000000","stroke-opacity":1,"stroke":"#000000","stroke-width":1}},
{"type":"Feature","geometry":{"type":"Polygon","coordinates":[[[-63.09038,-17.54847],[-63.09038,-17.54846],[-63.09038,-17.54845],[-63.09038,-17.54844],[-63.09039,-17.54843],[-63.09039,-17.54842],[-63.09039,-17.54841],[-63.0904,-17.5484],[-63.0904,-17.54839],[-63.09041,-17.54838],[-63.09041,-17.54837],[-63.09042,-17.54837],[-63.09042,-17.54836],[-63.09043,-17.54836],[-63.09043,-17.54835],[-63.09044,-17.54835],[-63.09044,-17.54834],[-63.09045,-17.54834],[-63.09046,-17.54833],[-63.09047,-17.54833],[-63.09047,-17.54832],[-63.09048,-17.54832],[-63.09049,-17.54832],[-63.0905,-17.54831],[-63.09051,-17.54831],[-63.09052,-17.54831],[-63.09053,-17.54831],[-63.09054,-17.5483],[-63.09055,-17.5483],[-63.09056,-17.5483],[-63.09057,-17.5483],[-63.09058,-17.54831],[-63.09059,-17.54831],[-63.0906,-17.54831],[-63.09061,-17.54831],[-63.09062,-17.54831],[-63.09062,-17.54832],[-63.09063,-17.54832],[-63.09064,-17.54832],[-63.09065,-17.54833],[-63.09066,-17.54833],[-63.09066,-17.54834],[-63.09067,-17.54834],[-63.09067,-17.54835],[-63.09068,-17.54835],[-63.09068,-17.54836],[-63.09069,-17.54836],[-63.09069,-17.54837],[-63.0907,-17.54837],[-63.0907,-17.54838],[-63.09071,-17.54839],[-63.09071,-17.5484],[-63.09072,-17.54841],[-63.09072,-17.54842],[-63.09073,-17.54843],[-63.09073,-17.54844],[-63.09073,-17.54845],[-63.09073,-17.54846],[-63.09073,-17.54847],[-63.09073,-17.54848],[-63.09073,-17.54849],[-63.09073,-17.5485],[-63.09073,-17.54851],[-63.09073,-17.54852],[-63.09072,-17.54852],[-63.09072,-17.54853],[-63.09072,-17.54854],[-63.09071,-17.54854],[-63.09071,-17.54855],[-63.09071,-17.54856],[-63.0907,-17.54856],[-63.0907,-17.54857],[-63.09069,-17.54858],[-63.09068,-17.54859],[-63.09067,-17.5486],[-63.09066,-17.54861],[-63.09065,-17.54861],[-63.09065,-17.54862],[-63.09064,-17.54862],[-63.09063,-17.54862],[-63.09063,-17.54863],[-63.09062,-17.54863],[-63.09061,-17.54863],[-63.0906,-17.54864],[-63.09059,-17.54864],[-63.09058,-17.54864],[-63.09057,-17.54864],[-63.09056,-17.54864],[-63.09055,-17.54864],[-63.09054,-17.54864],[-63.09053,-17.54864],[-63.09052,-17.54864],[-63.09051,-17.54864],[-63.09051,-17.54863],[-63.0905,-17.54863],[-63.09049,-17.54863],[-63.09048,-17.54862],[-63.09047,-17.54862],[-63.09046,-17.54862],[-63.09046,-17.54861],[-63.09045,-17.54861],[-63.09044,-17.5486],[-63.09043,-17.54859],[-63.09042,-17.54858],[-63.09041,-17.54857],[-63.09041,-17.54856],[-63.0904,-17.54856],[-63.0904,-17.54855],[-63.0904,-17.54854],[-63.09039,-17.54854],[-63.09039,-17.54853],[-63.09039,-17.54852],[-63.09039,-17.54851],[-63.09038,-17.54851],[-63.09038,-17.5485],[-63.09038,-17.54849],[-63.09038,-17.54848],[-63.09038,-17.54847]]]},"properties":{"description":"0","styleUrl":"#area2","fill-opacity":0,"fill":"#000000","stroke-opacity":1,"stroke":"#000000","stroke-width":1}},
{"type":"Feature","geometry":{"type":"Polygon","coordinates":[[[-63.08532,-17.54896],[-63.08549,-17.54824],[-63.08561,-17.54825],[-63.08582,-17.54836],[-63.08599,-17.54857],[-63.08631,-17.54829],[-63.08658,-17.54822],[-63.08702,-17.54826],[-63.08714,-17.54826],[-63.08737,-17.54827],[-63.08741,-17.54833],[-63.08758,-17.54838],[-63.08778,-17.54779],[-63.08801,-17.54783],[-63.08825,-17.54783],[-63.08875,-17.54811],[-63.08914,-17.54867],[-63.08996,-17.55005],[-63.08974,-17.55111],[-63.08964,-17.55269],[-63.09089,-17.55389],[-63.09128,-17.55456],[-63.09147,-17.55498],[-63.08832,-17.55434],[-63.08665,-17.554],[-63.08749,-17.55693],[-63.08752,-17.55692],[-63.08753,-17.55692],[-63.08754,-17.55691],[-63.08756,-17.55689],[-63.08756,-17.55687],[-63.08809,-17.55477],[-63.08812,-17.55472],[-63.08814,-17.5547],[-63.08817,-17.55468],[-63.08825,-17.55466],[-63.08829,-17.55466],[-63.08839,-17.55468],[-63.09127,-17.55534],[-63.09128,-17.55508],[-63.09115,-17.55492],[-63.08832,-17.55434],[-63.08887,-17.55204],[-63.08889,-17.55202],[-63.08892,-17.55201],[-63.08893,-17.55201],[-63.089,-17.55202],[-63.08905,-17.55202],[-63.0891,-17.55199],[-63.08912,-17.55195],[-63.08913,-17.55189],[-63.08912,-17.55185],[-63.08905,-17.55179],[-63.089,-17.55179],[-63.08897,-17.5518],[-63.08891,-17.55178],[-63.08889,-17.55176],[-63.08889,-17.5517],[-63.08899,-17.54905],[-63.08714,-17.549],[-63.08532,-17.54896]]]},"properties":{"description":"Unknown Area Type","styleUrl":"#area4","fill-opacity":0.7490196078431373,"fill":"#008000","stroke-opacity":1,"stroke":"#000000","stroke-width":1}},
{"type":"Feature","geometry":{"type":"Polygon","coordinates":[[[-63.08379,-17.56164],[-63.08378,-17.56164],[-63.08324,-17.56152],[-63.08331,-17.56122],[-63.08331,-17.56121],[-63.08332,-17.5612],[-63.08333,-17.56119],[-63.08334,-17.56119],[-63.08335,-17.56118],[-63.08336,-17.56118],[-63.08337,-17.56118],[-63.08338,-17.56118],[-63.08339,-17.56118],[-63.08381,-17.56128],[-63.08382,-17.56128],[-63.08383,-17.56128],[-63.08383,-17.56129],[-63.08384,-17.56129],[-63.08385,-17.5613],[-63.08385,-17.56131],[-63.08386,-17.56132],[-63.08386,-17.56133],[-63.08386,-17.56135],[-63.08385,-17.56139],[-63.08379,-17.56164]]]},"properties":{"description":"Unknown Area Type","styleUrl":"#area4","fill-opacity":0.7490196078431373,"fill":"#008000","stroke-opacity":1,"stroke":"#000000","stroke-width":1}},
{"type":"Feature","geometry":{"type":"Polygon","coordinates":[[[-63.08826,-17.5643],[-63.08827,-17.56426],[-63.0883,-17.56414],[-63.08857,-17.56306],[-63.08875,-17.56232],[-63.08876,-17.5623],[-63.08878,-17.56228],[-63.08879,-17.56227],[-63.08881,-17.56226],[-63.08883,-17.56226],[-63.08928,-17.56218],[-63.08948,-17.56315],[-63.08854,-17.56416],[-63.08843,-17.56432],[-63.08841,-17.56435],[-63.08839,-17.56437],[-63.08837,-17.56438],[-63.08835,-17.56438],[-63.08833,-17.56438],[-63.0883,-17.56437],[-63.08828,-17.56435],[-63.08827,-17.56434],[-63.08826,-17.5643]]]},"properties":{"description":"Unknown Area Type","styleUrl":"#area5","fill-opacity":0.7490196078431373,"fill":"#FFFF80","stroke-opacity":1,"stroke":"#000000","stroke-width":1}},
{"type":"Feature","geometry":{"type":"Polygon","coordinates":[[[-63.08742,-17.55703],[-63.08753,-17.55706],[-63.0875,-17.55749],[-63.08732,-17.55745],[-63.08731,-17.55744],[-63.0873,-17.55744],[-63.08729,-17.55742],[-63.08728,-17.55741],[-63.08727,-17.55739],[-63.08727,-17.55737],[-63.08734,-17.55708],[-63.08735,-17.55707],[-63.08735,-17.55706],[-63.08736,-17.55705],[-63.08737,-17.55704],[-63.08738,-17.55704],[-63.08739,-17.55704],[-63.0874,-17.55703],[-63.08742,-17.55703]]]},"properties":{"description":"Unknown Area Type","styleUrl":"#area5","fill-opacity":0.7490196078431373,"fill":"#FFFF80","stroke-opacity":1,"stroke":"#000000","stroke-width":1}},
{"type":"Feature","geometry":{"type":"LineString","coordinates":[[-63.08821,-17.56229],[-63.08627,-17.56184]]},"properties":{"description":"Manzanos","styleUrl":"#line1","stroke-opacity":1,"stroke":"#0000FF","stroke-width":1,"name":"FONDO"}},
{"type":"Feature","geometry":{"type":"LineString","coordinates":[[-63.08815,-17.56215],[-63.0863,-17.56173]]},"properties":{"description":"Manzanos","styleUrl":"#line1","stroke-opacity":1,"stroke":"#0000FF","stroke-width":1,"name":"FONDO"}},
{"type":"Feature","geometry":{"type":"LineString","coordinates":[[-63.08241,-17.56204],[-63.08263,-17.56109]]},"properties":{"description":"Manzanos","styleUrl":"#line1","stroke-opacity":1,"stroke":"#0000FF","stroke-width":1,"name":"FONDO"}},
{"type":"Feature","geometry":{"type":"LineString","coordinates":[[-63.08294,-17.56224],[-63.08319,-17.5612]]},"properties":{"description":"Manzanos","styleUrl":"#line1","stroke-opacity":1,"stroke":"#0000FF","stroke-width":1,"name":"FONDO"}},
{"type":"Feature","geometry":{"type":"LineString","coordinates":[[-63.08358,-17.56251],[-63.08386,-17.56135]]},"properties":{"description":"Manzanos","styleUrl":"#line1","stroke-opacity":1,"stroke":"#0000FF","stroke-width":1,"name":"FONDO"}},
{"type":"Feature","geometry":{"type":"LineString","coordinates":[[-63.08369,-17.56258],[-63.08398,-17.56138]]},"properties":{"description":"Manzanos","styleUrl":"#line1","stroke-opacity":1,"stroke":"#0000FF","stroke-width":1,"name":"FONDO"}},
{"type":"Feature","geometry":{"type":"LineString","coordinates":[[-63.08414,-17.56352],[-63.08425,-17.56309]]},"properties":{"description":"Manzanos","styleUrl":"#line1","stroke-opacity":1,"stroke":"#0000FF","stroke-width":1,"name":"FONDO"}},
{"type":"Feature","geometry":{"type":"LineString","coordinates":[[-63.08428,-17.56361],[-63.08438,-17.56318]]},"properties":{"description":"Manzanos","styleUrl":"#line1","stroke-opacity":1,"stroke":"#0000FF","stroke-width":1,"name":"FONDO"}},
{"type":"Feature","geometry":{"type":"LineString","coordinates":[[-63.08507,-17.56312],[-63.08541,-17.56171]]},"properties":{"description":"Manzanos","styleUrl":"#line1","stroke-opacity":1,"stroke":"#0000FF","stroke-width":1,"name":"FONDO"}},
{"type":"Feature","geometry":{"type":"LineString","coordinates":[[-63.08518,-17.56319],[-63.08553,-17.56174]]},"properties":{"description":"Manzanos","styleUrl":"#line1","stroke-opacity":1,"stroke":"#0000FF","stroke-width":1,"name":"FONDO"}},
{"type":"Feature","geometry":{"type":"LineString","coordinates":[[-63.08554,-17.5641],[-63.08565,-17.56367]]},"properties":{"description":"Manzanos","styleUrl":"#line1","stroke-opacity":1,"stroke":"#0000FF","stroke-width":1,"name":"FONDO"}},
{"type":"Feature","geometry":{"type":"LineString","coordinates":[[-63.08565,-17.56418],[-63.08575,-17.56375]]},"properties":{"description":"Manzanos","styleUrl":"#line1","stroke-opacity":1,"stroke":"#0000FF","stroke-width":1,"name":"FONDO"}},
{"type":"Feature","geometry":{"type":"LineString","coordinates":[[-63.08325,-17.56096],[-63.08371,-17.55901]]},"properties":{"description":"Manzanos","styleUrl":"#line1","stroke-opacity":1,"stroke":"#0000FF","stroke-width":1,"name":"FONDO"}},
{"type":"Feature","geometry":{"type":"LineString","coordinates":[[-63.08336,-17.56099],[-63.08383,-17.55904]]},"properties":{"description":"Manzanos","styleUrl":"#line1","stroke-opacity":1,"stroke":"#0000FF","stroke-width":1,"name":"FONDO"}},
{"type":"Feature","geometry":{"type":"LineString","coordinates":[[-63.08391,-17.56111],[-63.08438,-17.55915]]},"properties":{"description":"Manzanos","styleUrl":"#line1","stroke-opacity":1,"stroke":"#0000FF","stroke-width":1,"name":"FONDO"}},
{"type":"Feature","geometry":{"type":"LineString","coordinates":[[-63.08403,-17.56114],[-63.0845,-17.55918]]},"properties":{"description":"Manzanos","styleUrl":"#line1","stroke-opacity":1,"stroke":"#0000FF","stroke-width":1,"name":"FONDO"}},
{"type":"Feature","geometry":{"type":"LineString","coordinates":[[-63.08468,-17.56127],[-63.08514,-17.55934]]},"properties":{"description":"Manzanos","styleUrl":"#line1","stroke-opacity":1,"stroke":"#0000FF","stroke-width":1,"name":"FONDO"}},
{"type":"Feature","geometry":{"type":"LineString","coordinates":[[-63.08483,-17.56131],[-63.08529,-17.55937]]},"properties":{"description":"Manzanos","styleUrl":"#line1","stroke-opacity":1,"stroke":"#0000FF","stroke-width":1,"name":"FONDO"}},
{"type":"Feature","geometry":{"type":"LineString","coordinates":[[-63.08547,-17.56145],[-63.08594,-17.55949]]},"properties":{"description":"Manzanos","styleUrl":"#line1","stroke-opacity":1,"stroke":"#0000FF","stroke-width":1,"name":"FONDO"}},
{"type":"Feature","geometry":{"type":"LineString","coordinates":[[-63.08559,-17.56148],[-63.08606,-17.55951]]},"properties":{"description":"Manzanos","styleUrl":"#line1","stroke-opacity":1,"stroke":"#0000FF","stroke-width":1,"name":"FONDO"}},
{"type":"Feature","geometry":{"type":"LineString","coordinates":[[-63.08613,-17.56162],[-63.08661,-17.55963]]},"properties":{"description":"Manzanos","styleUrl":"#line1","stroke-opacity":1,"stroke":"#0000FF","stroke-width":1,"name":"FONDO"}},
{"type":"Feature","geometry":{"type":"LineString","coordinates":[[-63.08625,-17.56165],[-63.08637,-17.56118]]},"properties":{"description":"Manzanos","styleUrl":"#line1","stroke-opacity":1,"stroke":"#0000FF","stroke-width":1,"name":"FONDO"}},
{"type":"Feature","geometry":{"type":"LineString","coordinates":[[-63.0827,-17.56082],[-63.08315,-17.55891]]},"properties":{"description":"Manzanos","styleUrl":"#line1","stroke-opacity":1,"stroke":"#0000FF","stroke-width":1,"name":"FONDO"}},
{"type":"Feature","geometry":{"type":"LineString","coordinates":[[-63.08276,-17.56092],[-63.08276,-17.56091],[-63.08275,-17.56091],[-63.08274,-17.56091],[-63.08274,-17.5609],[-63.08273,-17.5609],[-63.08272,-17.5609],[-63.08272,-17.56089],[-63.08271,-17.56089],[-63.08271,-17.56088],[-63.08271,-17.56087],[-63.0827,-17.56087],[-63.0827,-17.56086],[-63.0827,-17.56085],[-63.0827,-17.56084],[-63.0827,-17.56083],[-63.0827,-17.56082]]},"properties":{"description":"Manzanos","styleUrl":"#line1","stroke-opacity":1,"stroke":"#0000FF","stroke-width":1,"name":"FONDO"}},
{"type":"Feature","geometry":{"type":"LineString","coordinates":[[-63.08263,-17.56109],[-63.08264,-17.56109],[-63.08264,-17.56108],[-63.08264,-17.56107],[-63.08265,-17.56107],[-63.08265,-17.56106],[-63.08266,-17.56105],[-63.08267,-17.56105],[-63.08267,-17.56104],[-63.08268,-17.56104],[-63.08268,-17.56103],[-63.08269,-17.56103],[-63.0827,-17.56103],[-63.08271,-17.56103],[-63.08272,-17.56103],[-63.08273,-17.56103],[-63.08274,-17.56103]]},"properties":{"description":"Manzanos","styleUrl":"#line1","stroke-opacity":1,"stroke":"#0000FF","stroke-width":1,"name":"FONDO"}},
{"type":"Feature","geometry":{"type":"LineString","coordinates":[[-63.08228,-17.56286],[-63.08403,-17.56358]]},"properties":{"description":"Manzanos","styleUrl":"#line1","stroke-opacity":1,"stroke":"#0000FF","stroke-width":1,"name":"FONDO"}},
{"type":"Feature","geometry":{"type":"LineString","coordinates":[[-63.08305,-17.56231],[-63.08331,-17.56123]]},"properties":{"description":"Manzanos","styleUrl":"#line1","stroke-opacity":1,"stroke":"#0000FF","stroke-width":1,"name":"FONDO"}},
{"type":"Feature","geometry":{"type":"LineString","coordinates":[[-63.08432,-17.56279],[-63.08461,-17.56154]]},"properties":{"description":"Manzanos","styleUrl":"#line1","stroke-opacity":1,"stroke":"#0000FF","stroke-width":1,"name":"FONDO"}},
{"type":"Feature","geometry":{"type":"LineString","coordinates":[[-63.08445,-17.56288],[-63.08476,-17.56158]]},"properties":{"description":"Manzanos","styleUrl":"#line1","stroke-opacity":1,"stroke":"#0000FF","stroke-width":1,"name":"FONDO"}},
{"type":"Feature","geometry":{"type":"LineString","coordinates":[[-63.08317,-17.56101],[-63.08276,-17.56092]]},"properties":{"description":"Manzanos","styleUrl":"#line1","stroke-opacity":1,"stroke":"#0000FF","stroke-width":1,"name":"FONDO"}},
{"type":"Feature","geometry":{"type":"LineString","coordinates":[[-63.08314,-17.56112],[-63.08274,-17.56103]]},"properties":{"description":"Manzanos","styleUrl":"#line1","stroke-opacity":1,"stroke":"#0000FF","stroke-width":1,"name":"FONDO"}},
{"type":"Feature","geometry":{"type":"LineString","coordinates":[[-63.08341,-17.56107],[-63.08341,-17.56106],[-63.0834,-17.56106],[-63.08339,-17.56106],[-63.08339,-17.56105],[-63.08338,-17.56105],[-63.08338,-17.56104],[-63.08337,-17.56104],[-63.08337,-17.56103],[-63.08337,-17.56102],[-63.08336,-17.56102],[-63.08336,-17.56101],[-63.08336,-17.561],[-63.08336,-17.56099]]},"properties":{"description":"Manzanos","styleUrl":"#line1","stroke-opacity":1,"stroke":"#0000FF","stroke-width":1,"name":"FONDO"}},
{"type":"Feature","geometry":{"type":"LineString","coordinates":[[-63.08325,-17.56096],[-63.08324,-17.56096],[-63.08324,-17.56097],[-63.08324,-17.56098],[-63.08323,-17.56098],[-63.08323,-17.56099],[-63.08322,-17.56099],[-63.08322,-17.561],[-63.08321,-17.561],[-63.08321,-17.56101],[-63.0832,-17.56101],[-63.08319,-17.56101],[-63.08318,-17.56101],[-63.08317,-17.56101]]},"properties":{"description":"Manzanos","styleUrl":"#line1","stroke-opacity":1,"stroke":"#0000FF","stroke-width":1,"name":"FONDO"}},
{"type":"Feature","geometry":{"type":"LineString","coordinates":[[-63.08314,-17.56112],[-63.08315,-17.56112],[-63.08315,-17.56113],[-63.08316,-17.56113],[-63.08317,-17.56114],[-63.08318,-17.56114],[-63.08318,-17.56115],[-63.08318,-17.56116],[-63.08319,-17.56116],[-63.08319,-17.56117],[-63.08319,-17.56118],[-63.08319,-17.56119],[-63.08319,-17.5612]]},"properties":{"description":"Manzanos","styleUrl":"#line1","stroke-opacity":1,"stroke":"#0000FF","stroke-width":1,"name":"FONDO"}},
{"type":"Feature","geometry":{"type":"LineString","coordinates":[[-63.08331,-17.56123],[-63.08331,-17.56122],[-63.08331,-17.56121],[-63.08332,-17.56121],[-63.08332,-17.5612],[-63.08333,-17.5612],[-63.08333,-17.56119],[-63.08334,-17.56119],[-63.08334,-17.56118],[-63.08335,-17.56118],[-63.08336,-17.56118],[-63.08337,-17.56118],[-63.08338,-17.56118],[-63.08339,-17.56118]]},"properties":{"description":"Manzanos","styleUrl":"#line1","stroke-opacity":1,"stroke":"#0000FF","stroke-width":1,"name":"FONDO"}},
{"type":"Feature","geometry":{"type":"LineString","coordinates":[[-63.08381,-17.56128],[-63.08339,-17.56118]]},"properties":{"description":"Manzanos","styleUrl":"#line1","stroke-opacity":1,"stroke":"#0000FF","stroke-width":1,"name":"FONDO"}},
{"type":"Feature","geometry":{"type":"LineString","coordinates":[[-63.08384,-17.56116],[-63.08341,-17.56107]]},"properties":{"description":"Manzanos","styleUrl":"#line1","stroke-opacity":1,"stroke":"#0000FF","stroke-width":1,"name":"FONDO"}},
{"type":"Feature","geometry":{"type":"LineString","coordinates":[[-63.08398,-17.56138],[-63.08398,-17.56137],[-63.08398,-17.56136],[-63.08399,-17.56136],[-63.08399,-17.56135],[-63.084,-17.56135],[-63.084,-17.56134],[-63.08401,-17.56134],[-63.08402,-17.56134],[-63.08402,-17.56133],[-63.08403,-17.56133],[-63.08404,-17.56133],[-63.08405,-17.56133],[-63.08406,-17.56133]]},"properties":{"description":"Manzanos","styleUrl":"#line1","stroke-opacity":1,"stroke":"#0000FF","stroke-width":1,"name":"FONDO"}},
{"type":"Feature","geometry":{"type":"LineString","coordinates":[[-63.08381,-17.56128],[-63.08382,-17.56128],[-63.08383,-17.56128],[-63.08383,-17.56129],[-63.08384,-17.56129],[-63.08384,-17.5613],[-63.08385,-17.5613],[-63.08385,-17.56131],[-63.08386,-17.56132],[-63.08386,-17.56133],[-63.08386,-17.56134],[-63.08386,-17.56135]]},"properties":{"description":"Manzanos","styleUrl":"#line1","stroke-opacity":1,"stroke":"#0000FF","stroke-width":1,"name":"FONDO"}},
{"type":"Feature","geometry":{"type":"LineString","coordinates":[[-63.08391,-17.56111],[-63.08391,-17.56112],[-63.08391,-17.56113],[-63.08391,-17.56114],[-63.0839,-17.56114],[-63.0839,-17.56115],[-63.08389,-17.56115],[-63.08388,-17.56115],[-63.08388,-17.56116],[-63.08387,-17.56116],[-63.08386,-17.56116],[-63.08385,-17.56116],[-63.08384,-17.56116]]},"properties":{"description":"Manzanos","styleUrl":"#line1","stroke-opacity":1,"stroke":"#0000FF","stroke-width":1,"name":"FONDO"}},
{"type":"Feature","geometry":{"type":"LineString","coordinates":[[-63.08408,-17.56122],[-63.08407,-17.56122],[-63.08407,-17.56121],[-63.08406,-17.56121],[-63.08405,-17.56121],[-63.08405,-17.5612],[-63.08404,-17.56119],[-63.08404,-17.56118],[-63.08403,-17.56118],[-63.08403,-17.56117],[-63.08403,-17.56116],[-63.08403,-17.56115],[-63.08403,-17.56114]]},"properties":{"description":"Manzanos","styleUrl":"#line1","stroke-opacity":1,"stroke":"#0000FF","stroke-width":1,"name":"FONDO"}},
{"type":"Feature","geometry":{"type":"LineString","coordinates":[[-63.08455,-17.56145],[-63.08406,-17.56133]]},"properties":{"description":"Manzanos","styleUrl":"#line1","stroke-opacity":1,"stroke":"#0000FF","stroke-width":1,"name":"FONDO"}},
{"type":"Feature","geometry":{"type":"LineString","coordinates":[[-63.08458,-17.56133],[-63.08408,-17.56122]]},"properties":{"description":"Manzanos","styleUrl":"#line1","stroke-opacity":1,"stroke":"#0000FF","stroke-width":1,"name":"FONDO"}},
{"type":"Feature","geometry":{"type":"LineString","coordinates":[[-63.08489,-17.5614],[-63.08488,-17.5614],[-63.08487,-17.5614],[-63.08487,-17.56139],[-63.08486,-17.56139],[-63.08485,-17.56139],[-63.08485,-17.56138],[-63.08484,-17.56138],[-63.08484,-17.56137],[-63.08483,-17.56137],[-63.08483,-17.56136],[-63.08483,-17.56135],[-63.08483,-17.56134],[-63.08482,-17.56134],[-63.08482,-17.56133],[-63.08482,-17.56132],[-63.08482,-17.56131],[-63.08483,-17.56131]]},"properties":{"description":"Manzanos","styleUrl":"#line1","stroke-opacity":1,"stroke":"#0000FF","stroke-width":1,"name":"FONDO"}},
{"type":"Feature","geometry":{"type":"LineString","coordinates":[[-63.08468,-17.56127],[-63.08468,-17.56128],[-63.08468,-17.56129],[-63.08467,-17.56129],[-63.08467,-17.5613],[-63.08466,-17.5613],[-63.08466,-17.56131],[-63.08465,-17.56131],[-63.08465,-17.56132],[-63.08464,-17.56132],[-63.08464,-17.56133],[-63.08463,-17.56133],[-63.08462,-17.56133],[-63.08461,-17.56133],[-63.0846,-17.56133],[-63.08459,-17.56133],[-63.08458,-17.56133]]},"properties":{"description":"Manzanos","styleUrl":"#line1","stroke-opacity":1,"stroke":"#0000FF","stroke-width":1,"name":"FONDO"}},
{"type":"Feature","geometry":{"type":"LineString","coordinates":[[-63.08476,-17.56158],[-63.08476,-17.56157],[-63.08477,-17.56157],[-63.08477,-17.56156],[-63.08477,-17.56155],[-63.08478,-17.56155],[-63.08478,-17.56154],[-63.08479,-17.56154],[-63.08479,-17.56153],[-63.0848,-17.56153],[-63.08481,-17.56153],[-63.08481,-17.56152],[-63.08482,-17.56152],[-63.08483,-17.56152],[-63.08484,-17.56152],[-63.08485,-17.56152],[-63.08486,-17.56152]]},"properties":{"description":"Manzanos","styleUrl":"#line1","stroke-opacity":1,"stroke":"#0000FF","stroke-width":1,"name":"FONDO"}},
{"type":"Feature","geometry":{"type":"LineString","coordinates":[[-63.08455,-17.56145],[-63.08456,-17.56145],[-63.08457,-17.56145],[-63.08457,-17.56146],[-63.08458,-17.56146],[-63.08459,-17.56146],[-63.08459,-17.56147],[-63.0846,-17.56147],[-63.0846,-17.56148],[-63.08461,-17.56149],[-63.08461,-17.5615],[-63.08461,-17.56151],[-63.08462,-17.56151],[-63.08462,-17.56152],[-63.08462,-17.56153],[-63.08462,-17.56154],[-63.08461,-17.56154]]},"properties":{"description":"Manzanos","styleUrl":"#line1","stroke-opacity":1,"stroke":"#0000FF","stroke-width":1,"name":"FONDO"}},
{"type":"Feature","geometry":{"type":"LineString","coordinates":[[-63.0857,-17.56427],[-63.08758,-17.56504]]},"properties":{"description":"Manzanos","styleUrl":"#line1","stroke-opacity":1,"stroke":"#0000FF","stroke-width":1,"name":"FONDO"}},
{"type":"Feature","geometry":{"type":"LineString","coordinates":[[-63.0857,-17.56427],[-63.08569,-17.56427],[-63.08569,-17.56426],[-63.08568,-17.56426],[-63.08568,-17.56425],[-63.08567,-17.56425],[-63.08567,-17.56424],[-63.08566,-17.56424],[-63.08566,-17.56423],[-63.08565,-17.56423],[-63.08565,-17.56422],[-63.08565,-17.56421],[-63.08565,-17.5642],[-63.08565,-17.56419],[-63.08565,-17.56418]]},"properties":{"description":"Manzanos","styleUrl":"#line1","stroke-opacity":1,"stroke":"#0000FF","stroke-width":1,"name":"FONDO"}},
{"type":"Feature","geometry":{"type":"LineString","coordinates":[[-63.08554,-17.5641],[-63.08554,-17.56411],[-63.08554,-17.56412],[-63.08553,-17.56412],[-63.08553,-17.56413],[-63.08552,-17.56414],[-63.08551,-17.56414],[-63.08551,-17.56415],[-63.0855,-17.56415],[-63.0855,-17.56416],[-63.08549,-17.56416],[-63.08548,-17.56416],[-63.08547,-17.56416],[-63.08546,-17.56416],[-63.08545,-17.56416],[-63.08544,-17.56416],[-63.08543,-17.56416]]},"properties":{"description":"Manzanos","styleUrl":"#line1","stroke-opacity":1,"stroke":"#0000FF","stroke-width":1,"name":"FONDO"}},
{"type":"Feature","geometry":{"type":"LineString","coordinates":[[-63.08572,-17.56337],[-63.08608,-17.56186]]},"properties":{"description":"Manzanos","styleUrl":"#line1","stroke-opacity":1,"stroke":"#0000FF","stroke-width":1,"name":"FONDO"}},
{"type":"Feature","geometry":{"type":"LineString","coordinates":[[-63.08583,-17.56344],[-63.08593,-17.563]]},"properties":{"description":"Manzanos","styleUrl":"#line1","stroke-opacity":1,"stroke":"#0000FF","stroke-width":1,"name":"FONDO"}},
{"type":"Feature","geometry":{"type":"LineString","coordinates":[[-63.08433,-17.5637],[-63.08543,-17.56416]]},"properties":{"description":"Manzanos","styleUrl":"#line1","stroke-opacity":1,"stroke":"#0000FF","stroke-width":1,"name":"FONDO"}},
{"type":"Feature","geometry":{"type":"LineString","coordinates":[[-63.08433,-17.5637],[-63.08432,-17.5637],[-63.08431,-17.5637],[-63.08431,-17.56369],[-63.0843,-17.56369],[-63.0843,-17.56368],[-63.08429,-17.56368],[-63.08429,-17.56367],[-63.08428,-17.56367],[-63.08428,-17.56366],[-63.08428,-17.56365],[-63.08428,-17.56364],[-63.08428,-17.56363],[-63.08427,-17.56363],[-63.08427,-17.56362],[-63.08428,-17.56362],[-63.08428,-17.56361]]},"properties":{"description":"Manzanos","styleUrl":"#line1","stroke-opacity":1,"stroke":"#0000FF","stroke-width":1,"name":"FONDO"}},
{"type":"Feature","geometry":{"type":"LineString","coordinates":[[-63.08414,-17.56352],[-63.08414,-17.56353],[-63.08414,-17.56354],[-63.08413,-17.56354],[-63.08413,-17.56355],[-63.08413,-17.56356],[-63.08412,-17.56356],[-63.08412,-17.56357],[-63.08411,-17.56357],[-63.0841,-17.56358],[-63.08409,-17.56358],[-63.08408,-17.56358],[-63.08408,-17.56359],[-63.08407,-17.56359],[-63.08406,-17.56359],[-63.08405,-17.56359],[-63.08404,-17.56359],[-63.08404,-17.56358],[-63.08403,-17.56358]]},"properties":{"description":"Manzanos","styleUrl":"#line1","stroke-opacity":1,"stroke":"#0000FF","stroke-width":1,"name":"FONDO"}},
{"type":"Feature","geometry":{"type":"LineString","coordinates":[[-63.08536,-17.56163],[-63.08486,-17.56152]]},"properties":{"description":"Manzanos","styleUrl":"#line1","stroke-opacity":1,"stroke":"#0000FF","stroke-width":1,"name":"FONDO"}},
{"type":"Feature","geometry":{"type":"LineString","coordinates":[[-63.08537,-17.56151],[-63.08489,-17.5614]]},"properties":{"description":"Manzanos","styleUrl":"#line1","stroke-opacity":1,"stroke":"#0000FF","stroke-width":1,"name":"FONDO"}},
{"type":"Feature","geometry":{"type":"LineString","coordinates":[[-63.08565,-17.56158],[-63.08564,-17.56158],[-63.08564,-17.56157],[-63.08563,-17.56157],[-63.08562,-17.56157],[-63.08562,-17.56156],[-63.08561,-17.56156],[-63.08561,-17.56155],[-63.0856,-17.56155],[-63.0856,-17.56154],[-63.08559,-17.56154],[-63.08559,-17.56153],[-63.08559,-17.56152],[-63.08559,-17.56151],[-63.08558,-17.56151],[-63.08558,-17.5615],[-63.08558,-17.56149],[-63.08559,-17.56149],[-63.08559,-17.56148]]},"properties":{"description":"Manzanos","styleUrl":"#line1","stroke-opacity":1,"stroke":"#0000FF","stroke-width":1,"name":"FONDO"}},
{"type":"Feature","geometry":{"type":"LineString","coordinates":[[-63.08547,-17.56145],[-63.08547,-17.56146],[-63.08546,-17.56146],[-63.08546,-17.56147],[-63.08546,-17.56148],[-63.08545,-17.56148],[-63.08545,-17.56149],[-63.08544,-17.56149],[-63.08544,-17.5615],[-63.08543,-17.5615],[-63.08543,-17.56151],[-63.08542,-17.56151],[-63.08541,-17.56151],[-63.0854,-17.56151],[-63.0854,-17.56152],[-63.08539,-17.56152],[-63.08538,-17.56152],[-63.08538,-17.56151],[-63.08537,-17.56151]]},"properties":{"description":"Manzanos","styleUrl":"#line1","stroke-opacity":1,"stroke":"#0000FF","stroke-width":1,"name":"FONDO"}},
{"type":"Feature","geometry":{"type":"LineString","coordinates":[[-63.08603,-17.56179],[-63.08561,-17.56169]]},"properties":{"description":"Manzanos","styleUrl":"#line1","stroke-opacity":1,"stroke":"#0000FF","stroke-width":1,"name":"FONDO"}},
{"type":"Feature","geometry":{"type":"LineString","coordinates":[[-63.08619,-17.56189],[-63.0862,-17.56189],[-63.0862,-17.56188],[-63.0862,-17.56187],[-63.08621,-17.56187],[-63.08621,-17.56186],[-63.08622,-17.56186],[-63.08622,-17.56185],[-63.08623,-17.56185],[-63.08624,-17.56185],[-63.08624,-17.56184],[-63.08625,-17.56184],[-63.08626,-17.56184],[-63.08627,-17.56184]]},"properties":{"description":"Manzanos","styleUrl":"#line1","stroke-opacity":1,"stroke":"#0000FF","stroke-width":1,"name":"FONDO"}},
{"type":"Feature","geometry":{"type":"LineString","coordinates":[[-63.08603,-17.56179],[-63.08604,-17.56179],[-63.08605,-17.56179],[-63.08605,-17.5618],[-63.08606,-17.5618],[-63.08606,-17.56181],[-63.08607,-17.56181],[-63.08607,-17.56182],[-63.08607,-17.56183],[-63.08608,-17.56183],[-63.08608,-17.56184],[-63.08608,-17.56185],[-63.08608,-17.56186]]},"properties":{"description":"Manzanos","styleUrl":"#line1","stroke-opacity":1,"stroke":"#0000FF","stroke-width":1,"name":"FONDO"}},
{"type":"Feature","geometry":{"type":"LineString","coordinates":[[-63.08605,-17.56167],[-63.08565,-17.56158]]},"properties":{"description":"Manzanos","styleUrl":"#line1","stroke-opacity":1,"stroke":"#0000FF","stroke-width":1,"name":"FONDO"}},
{"type":"Feature","geometry":{"type":"LineString","coordinates":[[-63.0863,-17.56173],[-63.08629,-17.56173],[-63.08629,-17.56172],[-63.08628,-17.56172],[-63.08627,-17.56172],[-63.08627,-17.56171],[-63.08626,-17.56171],[-63.08626,-17.5617],[-63.08626,-17.56169],[-63.08625,-17.56169],[-63.08625,-17.56168],[-63.08625,-17.56167],[-63.08625,-17.56166],[-63.08625,-17.56165]]},"properties":{"description":"Manzanos","styleUrl":"#line1","stroke-opacity":1,"stroke":"#0000FF","stroke-width":1,"name":"FONDO"}},
{"type":"Feature","geometry":{"type":"LineString","coordinates":[[-63.08613,-17.56162],[-63.08613,-17.56163],[-63.08613,-17.56164],[-63.08612,-17.56164],[-63.08612,-17.56165],[-63.08611,-17.56165],[-63.08611,-17.56166],[-63.0861,-17.56166],[-63.0861,-17.56167],[-63.08609,-17.56167],[-63.08608,-17.56167],[-63.08607,-17.56167],[-63.08606,-17.56167],[-63.08605,-17.56167]]},"properties":{"description":"Manzanos","styleUrl":"#line1","stroke-opacity":1,"stroke":"#0000FF","stroke-width":1,"name":"FONDO"}},
{"type":"Feature","geometry":{"type":"LineString","coordinates":[[-63.08614,-17.5621],[-63.08619,-17.56189]]},"properties":{"description":"Manzanos","styleUrl":"#line1","stroke-opacity":1,"stroke":"#0000FF","stroke-width":1,"name":"FONDO"}},
{"type":"Feature","geometry":{"type":"LineString","coordinates":[[-63.08599,-17.56276],[-63.08609,-17.56235]]},"properties":{"description":"Manzanos","styleUrl":"#line1","stroke-opacity":1,"stroke":"#0000FF","stroke-width":1,"name":"FONDO"}},
{"type":"Feature","geometry":{"type":"LineString","coordinates":[[-63.08832,-17.56326],[-63.08823,-17.56363]]},"properties":{"description":"Manzanos","styleUrl":"#line1","stroke-opacity":1,"stroke":"#0000FF","stroke-width":1,"name":"FONDO"}},
{"type":"Feature","geometry":{"type":"LineString","coordinates":[[-63.08816,-17.56391],[-63.08806,-17.56433]]},"properties":{"description":"Manzanos","styleUrl":"#line1","stroke-opacity":1,"stroke":"#0000FF","stroke-width":1,"name":"FONDO"}},
{"type":"Feature","geometry":{"type":"LineString","coordinates":[[-63.08223,-17.56277],[-63.08234,-17.56234]]},"properties":{"description":"Manzanos","styleUrl":"#line1","stroke-opacity":1,"stroke":"#0000FF","stroke-width":1,"name":"FONDO"}},
{"type":"Feature","geometry":{"type":"LineString","coordinates":[[-63.08228,-17.56286],[-63.08227,-17.56286],[-63.08227,-17.56285],[-63.08226,-17.56285],[-63.08226,-17.56284],[-63.08225,-17.56284],[-63.08225,-17.56283],[-63.08224,-17.56283],[-63.08224,-17.56282],[-63.08224,-17.56281],[-63.08223,-17.56281],[-63.08223,-17.5628],[-63.08223,-17.56279],[-63.08223,-17.56278],[-63.08223,-17.56277]]},"properties":{"description":"Manzanos","styleUrl":"#line1","stroke-opacity":1,"stroke":"#0000FF","stroke-width":1,"name":"FONDO"}},
{"type":"Feature","geometry":{"type":"LineString","coordinates":[[-63.08759,-17.56139],[-63.08644,-17.56113]]},"properties":{"description":"Manzanos","styleUrl":"#line1","stroke-opacity":1,"stroke":"#0000FF","stroke-width":1,"name":"FONDO"}},
{"type":"Feature","geometry":{"type":"LineString","coordinates":[[-63.08642,-17.56094],[-63.08654,-17.56046]]},"properties":{"description":"Manzanos","styleUrl":"#line1","stroke-opacity":1,"stroke":"#0000FF","stroke-width":1,"name":"FONDO"}},
{"type":"Feature","geometry":{"type":"LineString","coordinates":[[-63.08246,-17.56213],[-63.08285,-17.56229]]},"properties":{"description":"Manzanos","styleUrl":"#line1","stroke-opacity":1,"stroke":"#0000FF","stroke-width":1,"name":"FONDO"}},
{"type":"Feature","geometry":{"type":"LineString","coordinates":[[-63.08245,-17.56228],[-63.0842,-17.563]]},"properties":{"description":"Manzanos","styleUrl":"#line1","stroke-opacity":1,"stroke":"#0000FF","stroke-width":1,"name":"FONDO"}},
{"type":"Feature","geometry":{"type":"LineString","coordinates":[[-63.08234,-17.56234],[-63.08234,-17.56233],[-63.08234,-17.56232],[-63.08235,-17.56232],[-63.08235,-17.56231],[-63.08236,-17.56231],[-63.08236,-17.5623],[-63.08237,-17.5623],[-63.08237,-17.56229],[-63.08238,-17.56229],[-63.08238,-17.56228],[-63.08239,-17.56228],[-63.0824,-17.56228],[-63.08241,-17.56228],[-63.08242,-17.56228],[-63.08243,-17.56228],[-63.08244,-17.56228],[-63.08245,-17.56228]]},"properties":{"description":"Manzanos","styleUrl":"#line1","stroke-opacity":1,"stroke":"#0000FF","stroke-width":1,"name":"FONDO"}},
{"type":"Feature","geometry":{"type":"LineString","coordinates":[[-63.08246,-17.56213],[-63.08245,-17.56213],[-63.08245,-17.56212],[-63.08244,-17.56212],[-63.08244,-17.56211],[-63.08243,-17.56211],[-63.08243,-17.5621],[-63.08242,-17.5621],[-63.08242,-17.56209],[-63.08241,-17.56209],[-63.08241,-17.56208],[-63.08241,-17.56207],[-63.08241,-17.56206],[-63.08241,-17.56205],[-63.08241,-17.56204]]},"properties":{"description":"Manzanos","styleUrl":"#line1","stroke-opacity":1,"stroke":"#0000FF","stroke-width":1,"name":"FONDO"}},
{"type":"Feature","geometry":{"type":"LineString","coordinates":[[-63.0845,-17.56297],[-63.08498,-17.56317]]},"properties":{"description":"Manzanos","styleUrl":"#line1","stroke-opacity":1,"stroke":"#0000FF","stroke-width":1,"name":"FONDO"}},
{"type":"Feature","geometry":{"type":"LineString","coordinates":[[-63.08373,-17.56265],[-63.0842,-17.56285]]},"properties":{"description":"Manzanos","styleUrl":"#line1","stroke-opacity":1,"stroke":"#0000FF","stroke-width":1,"name":"FONDO"}},
{"type":"Feature","geometry":{"type":"LineString","coordinates":[[-63.08309,-17.56239],[-63.08349,-17.56255]]},"properties":{"description":"Manzanos","styleUrl":"#line1","stroke-opacity":1,"stroke":"#0000FF","stroke-width":1,"name":"FONDO"}},
{"type":"Feature","geometry":{"type":"LineString","coordinates":[[-63.08522,-17.56326],[-63.0856,-17.56342]]},"properties":{"description":"Manzanos","styleUrl":"#line1","stroke-opacity":1,"stroke":"#0000FF","stroke-width":1,"name":"FONDO"}},
{"type":"Feature","geometry":{"type":"LineString","coordinates":[[-63.08587,-17.56354],[-63.08794,-17.56439]]},"properties":{"description":"Manzanos","styleUrl":"#line1","stroke-opacity":1,"stroke":"#0000FF","stroke-width":1,"name":"FONDO"}},
{"type":"Feature","geometry":{"type":"LineString","coordinates":[[-63.0845,-17.56297],[-63.08449,-17.56297],[-63.08449,-17.56296],[-63.08448,-17.56296],[-63.08448,-17.56295],[-63.08447,-17.56295],[-63.08447,-17.56294],[-63.08446,-17.56294],[-63.08446,-17.56293],[-63.08446,-17.56292],[-63.08445,-17.56292],[-63.08445,-17.56291],[-63.08445,-17.5629],[-63.08445,-17.56289],[-63.08445,-17.56288]]},"properties":{"description":"Manzanos","styleUrl":"#line1","stroke-opacity":1,"stroke":"#0000FF","stroke-width":1,"name":"FONDO"}},
{"type":"Feature","geometry":{"type":"LineString","coordinates":[[-63.08432,-17.56279],[-63.08432,-17.5628],[-63.08431,-17.5628],[-63.08431,-17.56281],[-63.08431,-17.56282],[-63.0843,-17.56282],[-63.0843,-17.56283],[-63.08429,-17.56283],[-63.08429,-17.56284],[-63.08428,-17.56284],[-63.08427,-17.56284],[-63.08427,-17.56285],[-63.08426,-17.56285],[-63.08425,-17.56285],[-63.08424,-17.56285],[-63.08423,-17.56285],[-63.08422,-17.56285],[-63.08421,-17.56285],[-63.0842,-17.56285]]},"properties":{"description":"Manzanos","styleUrl":"#line1","stroke-opacity":1,"stroke":"#0000FF","stroke-width":1,"name":"FONDO"}},
{"type":"Feature","geometry":{"type":"LineString","coordinates":[[-63.0845,-17.56312],[-63.0856,-17.56358]]},"properties":{"description":"Manzanos","styleUrl":"#line1","stroke-opacity":1,"stroke":"#0000FF","stroke-width":1,"name":"FONDO"}},
{"type":"Feature","geometry":{"type":"LineString","coordinates":[[-63.08438,-17.56318],[-63.08438,-17.56317],[-63.08439,-17.56317],[-63.08439,-17.56316],[-63.08439,-17.56315],[-63.0844,-17.56315],[-63.0844,-17.56314],[-63.08441,-17.56314],[-63.08441,-17.56313],[-63.08442,-17.56313],[-63.08443,-17.56313],[-63.08443,-17.56312],[-63.08444,-17.56312],[-63.08445,-17.56312],[-63.08446,-17.56312],[-63.08447,-17.56312],[-63.08448,-17.56312],[-63.08449,-17.56312],[-63.0845,-17.56312]]},"properties":{"description":"Manzanos","styleUrl":"#line1","stroke-opacity":1,"stroke":"#0000FF","stroke-width":1,"name":"FONDO"}},
{"type":"Feature","geometry":{"type":"LineString","coordinates":[[-63.0842,-17.563],[-63.0842,-17.56301],[-63.08421,-17.56301],[-63.08422,-17.56301],[-63.08422,-17.56302],[-63.08423,-17.56302],[-63.08423,-17.56303],[-63.08424,-17.56303],[-63.08424,-17.56304],[-63.08424,-17.56305],[-63.08424,-17.56306],[-63.08425,-17.56306],[-63.08425,-17.56307],[-63.08425,-17.56308],[-63.08425,-17.56309]]},"properties":{"description":"Manzanos","styleUrl":"#line1","stroke-opacity":1,"stroke":"#0000FF","stroke-width":1,"name":"FONDO"}},
{"type":"Feature","geometry":{"type":"LineString","coordinates":[[-63.08373,-17.56265],[-63.08372,-17.56265],[-63.08372,-17.56264],[-63.08371,-17.56264],[-63.08371,-17.56263],[-63.0837,-17.56263],[-63.0837,-17.56262],[-63.08369,-17.56262],[-63.08369,-17.56261],[-63.08369,-17.5626],[-63.08369,-17.56259],[-63.08369,-17.56258]]},"properties":{"description":"Manzanos","styleUrl":"#line1","stroke-opacity":1,"stroke":"#0000FF","stroke-width":1,"name":"FONDO"}},
{"type":"Feature","geometry":{"type":"LineString","coordinates":[[-63.08358,-17.56251],[-63.08358,-17.56252],[-63.08358,-17.56253],[-63.08357,-17.56253],[-63.08357,-17.56254],[-63.08356,-17.56254],[-63.08356,-17.56255],[-63.08355,-17.56255],[-63.08354,-17.56255],[-63.08354,-17.56256],[-63.08353,-17.56256],[-63.08352,-17.56256],[-63.08351,-17.56256],[-63.0835,-17.56256],[-63.0835,-17.56255],[-63.08349,-17.56255]]},"properties":{"description":"Manzanos","styleUrl":"#line1","stroke-opacity":1,"stroke":"#0000FF","stroke-width":1,"name":"FONDO"}},
{"type":"Feature","geometry":{"type":"LineString","coordinates":[[-63.08309,-17.56239],[-63.08308,-17.56239],[-63.08308,-17.56238],[-63.08307,-17.56238],[-63.08307,-17.56237],[-63.08306,-17.56237],[-63.08306,-17.56236],[-63.08305,-17.56236],[-63.08305,-17.56235],[-63.08305,-17.56234],[-63.08305,-17.56233],[-63.08305,-17.56232],[-63.08305,-17.56231]]},"properties":{"description":"Manzanos","styleUrl":"#line1","stroke-opacity":1,"stroke":"#0000FF","stroke-width":1,"name":"FONDO"}},
{"type":"Feature","geometry":{"type":"LineString","coordinates":[[-63.08294,-17.56224],[-63.08294,-17.56225],[-63.08294,-17.56226],[-63.08293,-17.56226],[-63.08293,-17.56227],[-63.08292,-17.56227],[-63.08292,-17.56228],[-63.08291,-17.56228],[-63.08291,-17.56229],[-63.0829,-17.56229],[-63.08289,-17.56229],[-63.08288,-17.56229],[-63.08287,-17.56229],[-63.08286,-17.56229],[-63.08285,-17.56229]]},"properties":{"description":"Manzanos","styleUrl":"#line1","stroke-opacity":1,"stroke":"#0000FF","stroke-width":1,"name":"FONDO"}},
{"type":"Feature","geometry":{"type":"LineString","coordinates":[[-63.08587,-17.56369],[-63.08797,-17.56456]]},"properties":{"description":"Manzanos","styleUrl":"#line1","stroke-opacity":1,"stroke":"#0000FF","stroke-width":1,"name":"FONDO"}},
{"type":"Feature","geometry":{"type":"LineString","coordinates":[[-63.08522,-17.56326],[-63.08521,-17.56326],[-63.0852,-17.56326],[-63.0852,-17.56325],[-63.08519,-17.56325],[-63.08519,-17.56324],[-63.08518,-17.56324],[-63.08518,-17.56323],[-63.08518,-17.56322],[-63.08518,-17.56321],[-63.08518,-17.5632],[-63.08518,-17.56319]]},"properties":{"description":"Manzanos","styleUrl":"#line1","stroke-opacity":1,"stroke":"#0000FF","stroke-width":1,"name":"FONDO"}},
{"type":"Feature","geometry":{"type":"LineString","coordinates":[[-63.08507,-17.56312],[-63.08507,-17.56313],[-63.08507,-17.56314],[-63.08506,-17.56314],[-63.08506,-17.56315],[-63.08505,-17.56315],[-63.08505,-17.56316],[-63.08504,-17.56316],[-63.08503,-17.56317],[-63.08502,-17.56317],[-63.08501,-17.56317],[-63.085,-17.56317],[-63.08499,-17.56317],[-63.08498,-17.56317]]},"properties":{"description":"Manzanos","styleUrl":"#line1","stroke-opacity":1,"stroke":"#0000FF","stroke-width":1,"name":"FONDO"}},
{"type":"Feature","geometry":{"type":"LineString","coordinates":[[-63.08602,-17.56296],[-63.08811,-17.56382]]},"properties":{"description":"Manzanos","styleUrl":"#line1","stroke-opacity":1,"stroke":"#0000FF","stroke-width":1,"name":"FONDO"}},
{"type":"Feature","geometry":{"type":"LineString","coordinates":[[-63.08603,-17.56283],[-63.08811,-17.56369]]},"properties":{"description":"Manzanos","styleUrl":"#line1","stroke-opacity":1,"stroke":"#0000FF","stroke-width":1,"name":"FONDO"}},
{"type":"Feature","geometry":{"type":"LineString","coordinates":[[-63.08618,-17.5623],[-63.08827,-17.56317]]},"properties":{"description":"Manzanos","styleUrl":"#line1","stroke-opacity":1,"stroke":"#0000FF","stroke-width":1,"name":"FONDO"}},
{"type":"Feature","geometry":{"type":"LineString","coordinates":[[-63.08618,-17.56218],[-63.08828,-17.56304]]},"properties":{"description":"Manzanos","styleUrl":"#line1","stroke-opacity":1,"stroke":"#0000FF","stroke-width":1,"name":"FONDO"}},
{"type":"Feature","geometry":{"type":"LineString","coordinates":[[-63.08593,-17.563],[-63.08593,-17.56299],[-63.08594,-17.56299],[-63.08594,-17.56298],[-63.08594,-17.56297],[-63.08595,-17.56297],[-63.08595,-17.56296],[-63.08596,-17.56296],[-63.08597,-17.56296],[-63.08597,-17.56295],[-63.08598,-17.56295],[-63.08599,-17.56295],[-63.086,-17.56295],[-63.08601,-17.56295],[-63.08602,-17.56295],[-63.08602,-17.56296]]},"properties":{"description":"Manzanos","styleUrl":"#line1","stroke-opacity":1,"stroke":"#0000FF","stroke-width":1,"name":"FONDO"}},
{"type":"Feature","geometry":{"type":"LineString","coordinates":[[-63.08603,-17.56283],[-63.08602,-17.56283],[-63.08602,-17.56282],[-63.08601,-17.56282],[-63.086,-17.56282],[-63.086,-17.56281],[-63.086,-17.5628],[-63.08599,-17.5628],[-63.08599,-17.56279],[-63.08599,-17.56278],[-63.08599,-17.56277],[-63.08599,-17.56276]]},"properties":{"description":"Manzanos","styleUrl":"#line1","stroke-opacity":1,"stroke":"#0000FF","stroke-width":1,"name":"FONDO"}},
{"type":"Feature","geometry":{"type":"LineString","coordinates":[[-63.08609,-17.56235],[-63.08609,-17.56234],[-63.08609,-17.56233],[-63.0861,-17.56233],[-63.0861,-17.56232],[-63.0861,-17.56231],[-63.08611,-17.56231],[-63.08612,-17.56231],[-63.08612,-17.5623],[-63.08613,-17.5623],[-63.08614,-17.5623],[-63.08615,-17.5623],[-63.08616,-17.5623],[-63.08617,-17.5623],[-63.08618,-17.5623]]},"properties":{"description":"Manzanos","styleUrl":"#line1","stroke-opacity":1,"stroke":"#0000FF","stroke-width":1,"name":"FONDO"}},
{"type":"Feature","geometry":{"type":"LineString","coordinates":[[-63.08618,-17.56218],[-63.08618,-17.56217],[-63.08617,-17.56217],[-63.08616,-17.56217],[-63.08616,-17.56216],[-63.08615,-17.56216],[-63.08615,-17.56215],[-63.08615,-17.56214],[-63.08614,-17.56214],[-63.08614,-17.56213],[-63.08614,-17.56212],[-63.08614,-17.56211],[-63.08614,-17.5621]]},"properties":{"description":"Manzanos","styleUrl":"#line1","stroke-opacity":1,"stroke":"#0000FF","stroke-width":1,"name":"FONDO"}},
{"type":"Feature","geometry":{"type":"LineString","coordinates":[[-63.08326,-17.55885],[-63.08366,-17.55894]]},"properties":{"description":"Manzanos","styleUrl":"#line1","stroke-opacity":1,"stroke":"#0000FF","stroke-width":1,"name":"FONDO"}},
{"type":"Feature","geometry":{"type":"LineString","coordinates":[[-63.08322,-17.55864],[-63.08377,-17.55634]]},"properties":{"description":"Manzanos","styleUrl":"#line1","stroke-opacity":1,"stroke":"#0000FF","stroke-width":1,"name":"FONDO"}},
{"type":"Feature","geometry":{"type":"LineString","coordinates":[[-63.08328,-17.55873],[-63.08327,-17.55873],[-63.08326,-17.55873],[-63.08326,-17.55872],[-63.08325,-17.55872],[-63.08324,-17.55871],[-63.08324,-17.5587],[-63.08323,-17.5587],[-63.08323,-17.55869],[-63.08322,-17.55869],[-63.08322,-17.55868],[-63.08322,-17.55867],[-63.08322,-17.55866],[-63.08322,-17.55865],[-63.08322,-17.55864]]},"properties":{"description":"Manzanos","styleUrl":"#line1","stroke-opacity":1,"stroke":"#0000FF","stroke-width":1,"name":"FONDO"}},
{"type":"Feature","geometry":{"type":"LineString","coordinates":[[-63.08315,-17.55891],[-63.08316,-17.55891],[-63.08316,-17.5589],[-63.08316,-17.55889],[-63.08317,-17.55889],[-63.08317,-17.55888],[-63.08317,-17.55887],[-63.08318,-17.55887],[-63.08318,-17.55886],[-63.08319,-17.55886],[-63.0832,-17.55886],[-63.0832,-17.55885],[-63.08321,-17.55885],[-63.08322,-17.55885],[-63.08323,-17.55885],[-63.08324,-17.55885],[-63.08325,-17.55885],[-63.08326,-17.55885]]},"properties":{"description":"Manzanos","styleUrl":"#line1","stroke-opacity":1,"stroke":"#0000FF","stroke-width":1,"name":"FONDO"}},
{"type":"Feature","geometry":{"type":"LineString","coordinates":[[-63.08369,-17.55882],[-63.08328,-17.55873]]},"properties":{"description":"Manzanos","styleUrl":"#line1","stroke-opacity":1,"stroke":"#0000FF","stroke-width":1,"name":"FONDO"}},
{"type":"Feature","geometry":{"type":"LineString","coordinates":[[-63.08377,-17.55877],[-63.08432,-17.55644]]},"properties":{"description":"Manzanos","styleUrl":"#line1","stroke-opacity":1,"stroke":"#0000FF","stroke-width":1,"name":"FONDO"}},
{"type":"Feature","geometry":{"type":"LineString","coordinates":[[-63.08391,-17.55899],[-63.08433,-17.55908]]},"properties":{"description":"Manzanos","styleUrl":"#line1","stroke-opacity":1,"stroke":"#0000FF","stroke-width":1,"name":"FONDO"}},
{"type":"Feature","geometry":{"type":"LineString","coordinates":[[-63.08389,-17.5588],[-63.08444,-17.55646]]},"properties":{"description":"Manzanos","styleUrl":"#line1","stroke-opacity":1,"stroke":"#0000FF","stroke-width":1,"name":"FONDO"}},
{"type":"Feature","geometry":{"type":"LineString","coordinates":[[-63.08436,-17.55896],[-63.08394,-17.55887]]},"properties":{"description":"Manzanos","styleUrl":"#line1","stroke-opacity":1,"stroke":"#0000FF","stroke-width":1,"name":"FONDO"}},
{"type":"Feature","geometry":{"type":"LineString","coordinates":[[-63.08444,-17.55892],[-63.085,-17.55658]]},"properties":{"description":"Manzanos","styleUrl":"#line1","stroke-opacity":1,"stroke":"#0000FF","stroke-width":1,"name":"FONDO"}},
{"type":"Feature","geometry":{"type":"LineString","coordinates":[[-63.08458,-17.55913],[-63.08508,-17.55924]]},"properties":{"description":"Manzanos","styleUrl":"#line1","stroke-opacity":1,"stroke":"#0000FF","stroke-width":1,"name":"FONDO"}},
{"type":"Feature","geometry":{"type":"LineString","coordinates":[[-63.08456,-17.55894],[-63.08511,-17.55661]]},"properties":{"description":"Manzanos","styleUrl":"#line1","stroke-opacity":1,"stroke":"#0000FF","stroke-width":1,"name":"FONDO"}},
{"type":"Feature","geometry":{"type":"LineString","coordinates":[[-63.08511,-17.55912],[-63.08461,-17.55902]]},"properties":{"description":"Manzanos","styleUrl":"#line1","stroke-opacity":1,"stroke":"#0000FF","stroke-width":1,"name":"FONDO"}},
{"type":"Feature","geometry":{"type":"LineString","coordinates":[[-63.08521,-17.55906],[-63.08575,-17.55676]]},"properties":{"description":"Manzanos","styleUrl":"#line1","stroke-opacity":1,"stroke":"#0000FF","stroke-width":1,"name":"FONDO"}},
{"type":"Feature","geometry":{"type":"LineString","coordinates":[[-63.08539,-17.5593],[-63.08589,-17.55941]]},"properties":{"description":"Manzanos","styleUrl":"#line1","stroke-opacity":1,"stroke":"#0000FF","stroke-width":1,"name":"FONDO"}},
{"type":"Feature","geometry":{"type":"LineString","coordinates":[[-63.08535,-17.55909],[-63.0859,-17.55679]]},"properties":{"description":"Manzanos","styleUrl":"#line1","stroke-opacity":1,"stroke":"#0000FF","stroke-width":1,"name":"FONDO"}},
{"type":"Feature","geometry":{"type":"LineString","coordinates":[[-63.08591,-17.5593],[-63.08542,-17.55919]]},"properties":{"description":"Manzanos","styleUrl":"#line1","stroke-opacity":1,"stroke":"#0000FF","stroke-width":1,"name":"FONDO"}},
{"type":"Feature","geometry":{"type":"LineString","coordinates":[[-63.08599,-17.55925],[-63.08655,-17.55691]]},"properties":{"description":"Manzanos","styleUrl":"#line1","stroke-opacity":1,"stroke":"#0000FF","stroke-width":1,"name":"FONDO"}},
{"type":"Feature","geometry":{"type":"LineString","coordinates":[[-63.08613,-17.55946],[-63.08656,-17.55955]]},"properties":{"description":"Manzanos","styleUrl":"#line1","stroke-opacity":1,"stroke":"#0000FF","stroke-width":1,"name":"FONDO"}},
{"type":"Feature","geometry":{"type":"LineString","coordinates":[[-63.08611,-17.55927],[-63.08667,-17.55694]]},"properties":{"description":"Manzanos","styleUrl":"#line1","stroke-opacity":1,"stroke":"#0000FF","stroke-width":1,"name":"FONDO"}},
{"type":"Feature","geometry":{"type":"LineString","coordinates":[[-63.08659,-17.55944],[-63.08616,-17.55935]]},"properties":{"description":"Manzanos","styleUrl":"#line1","stroke-opacity":1,"stroke":"#0000FF","stroke-width":1,"name":"FONDO"}},
{"type":"Feature","geometry":{"type":"LineString","coordinates":[[-63.08666,-17.55939],[-63.08722,-17.55706]]},"properties":{"description":"Manzanos","styleUrl":"#line1","stroke-opacity":1,"stroke":"#0000FF","stroke-width":1,"name":"FONDO"}},
{"type":"Feature","geometry":{"type":"LineString","coordinates":[[-63.08676,-17.55951],[-63.08688,-17.55904]]},"properties":{"description":"Manzanos","styleUrl":"#line1","stroke-opacity":1,"stroke":"#0000FF","stroke-width":1,"name":"FONDO"}},
{"type":"Feature","geometry":{"type":"LineString","coordinates":[[-63.08529,-17.55937],[-63.08529,-17.55936],[-63.08529,-17.55935],[-63.0853,-17.55935],[-63.0853,-17.55934],[-63.0853,-17.55933],[-63.08531,-17.55933],[-63.08531,-17.55932],[-63.08532,-17.55932],[-63.08533,-17.55932],[-63.08533,-17.55931],[-63.08534,-17.55931],[-63.08535,-17.55931],[-63.08535,-17.5593],[-63.08536,-17.5593],[-63.08537,-17.5593],[-63.08538,-17.5593],[-63.08539,-17.5593]]},"properties":{"description":"Manzanos","styleUrl":"#line1","stroke-opacity":1,"stroke":"#0000FF","stroke-width":1,"name":"FONDO"}},
{"type":"Feature","geometry":{"type":"LineString","coordinates":[[-63.08542,-17.55919],[-63.08541,-17.55919],[-63.0854,-17.55919],[-63.0854,-17.55918],[-63.08539,-17.55918],[-63.08538,-17.55918],[-63.08538,-17.55917],[-63.08537,-17.55917],[-63.08537,-17.55916],[-63.08536,-17.55915],[-63.08536,-17.55914],[-63.08536,-17.55913],[-63.08535,-17.55913],[-63.08535,-17.55912],[-63.08535,-17.55911],[-63.08535,-17.5591],[-63.08535,-17.55909]]},"properties":{"description":"Manzanos","styleUrl":"#line1","stroke-opacity":1,"stroke":"#0000FF","stroke-width":1,"name":"FONDO"}},
{"type":"Feature","geometry":{"type":"LineString","coordinates":[[-63.08521,-17.55906],[-63.08521,-17.55907],[-63.0852,-17.55907],[-63.0852,-17.55908],[-63.0852,-17.55909],[-63.08519,-17.55909],[-63.08519,-17.5591],[-63.08518,-17.5591],[-63.08518,-17.55911],[-63.08517,-17.55911],[-63.08516,-17.55912],[-63.08515,-17.55912],[-63.08514,-17.55912],[-63.08513,-17.55912],[-63.08513,-17.55913],[-63.08512,-17.55913],[-63.08511,-17.55912]]},"properties":{"description":"Manzanos","styleUrl":"#line1","stroke-opacity":1,"stroke":"#0000FF","stroke-width":1,"name":"FONDO"}},
{"type":"Feature","geometry":{"type":"LineString","coordinates":[[-63.08508,-17.55924],[-63.08509,-17.55924],[-63.0851,-17.55924],[-63.0851,-17.55925],[-63.08511,-17.55925],[-63.08511,-17.55926],[-63.08512,-17.55926],[-63.08512,-17.55927],[-63.08513,-17.55927],[-63.08513,-17.55928],[-63.08514,-17.55928],[-63.08514,-17.55929],[-63.08514,-17.5593],[-63.08514,-17.55931],[-63.08514,-17.55932],[-63.08514,-17.55933],[-63.08514,-17.55934]]},"properties":{"description":"Manzanos","styleUrl":"#line1","stroke-opacity":1,"stroke":"#0000FF","stroke-width":1,"name":"FONDO"}},
{"type":"Feature","geometry":{"type":"LineString","coordinates":[[-63.0845,-17.55918],[-63.0845,-17.55917],[-63.08451,-17.55917],[-63.08451,-17.55916],[-63.08451,-17.55915],[-63.08452,-17.55915],[-63.08452,-17.55914],[-63.08453,-17.55914],[-63.08454,-17.55914],[-63.08454,-17.55913],[-63.08455,-17.55913],[-63.08456,-17.55913],[-63.08457,-17.55913],[-63.08458,-17.55913]]},"properties":{"description":"Manzanos","styleUrl":"#line1","stroke-opacity":1,"stroke":"#0000FF","stroke-width":1,"name":"FONDO"}},
{"type":"Feature","geometry":{"type":"LineString","coordinates":[[-63.08461,-17.55902],[-63.0846,-17.55902],[-63.0846,-17.55901],[-63.08459,-17.55901],[-63.08458,-17.55901],[-63.08458,-17.559],[-63.08457,-17.559],[-63.08457,-17.55899],[-63.08456,-17.55899],[-63.08456,-17.55898],[-63.08456,-17.55897],[-63.08456,-17.55896],[-63.08456,-17.55895],[-63.08456,-17.55894]]},"properties":{"description":"Manzanos","styleUrl":"#line1","stroke-opacity":1,"stroke":"#0000FF","stroke-width":1,"name":"FONDO"}},
{"type":"Feature","geometry":{"type":"LineString","coordinates":[[-63.08444,-17.55892],[-63.08444,-17.55893],[-63.08443,-17.55893],[-63.08443,-17.55894],[-63.08442,-17.55894],[-63.08442,-17.55895],[-63.08441,-17.55895],[-63.08441,-17.55896],[-63.0844,-17.55896],[-63.08439,-17.55896],[-63.08439,-17.55897],[-63.08438,-17.55897],[-63.08437,-17.55897],[-63.08436,-17.55897],[-63.08436,-17.55896]]},"properties":{"description":"Manzanos","styleUrl":"#line1","stroke-opacity":1,"stroke":"#0000FF","stroke-width":1,"name":"FONDO"}},
{"type":"Feature","geometry":{"type":"LineString","coordinates":[[-63.08433,-17.55908],[-63.08434,-17.55908],[-63.08435,-17.55908],[-63.08435,-17.55909],[-63.08436,-17.55909],[-63.08436,-17.5591],[-63.08437,-17.5591],[-63.08437,-17.55911],[-63.08438,-17.55911],[-63.08438,-17.55912],[-63.08438,-17.55913],[-63.08438,-17.55914],[-63.08438,-17.55915]]},"properties":{"description":"Manzanos","styleUrl":"#line1","stroke-opacity":1,"stroke":"#0000FF","stroke-width":1,"name":"FONDO"}},
{"type":"Feature","geometry":{"type":"LineString","coordinates":[[-63.08383,-17.55904],[-63.08383,-17.55903],[-63.08383,-17.55902],[-63.08384,-17.55902],[-63.08384,-17.55901],[-63.08385,-17.55901],[-63.08385,-17.559],[-63.08386,-17.559],[-63.08386,-17.55899],[-63.08387,-17.55899],[-63.08388,-17.55899],[-63.08389,-17.55899],[-63.0839,-17.55899],[-63.08391,-17.55899]]},"properties":{"description":"Manzanos","styleUrl":"#line1","stroke-opacity":1,"stroke":"#0000FF","stroke-width":1,"name":"FONDO"}},
{"type":"Feature","geometry":{"type":"LineString","coordinates":[[-63.08394,-17.55887],[-63.08393,-17.55887],[-63.08392,-17.55887],[-63.08391,-17.55886],[-63.0839,-17.55886],[-63.0839,-17.55885],[-63.08389,-17.55885],[-63.08389,-17.55884],[-63.08389,-17.55883],[-63.08389,-17.55882],[-63.08389,-17.55881],[-63.08389,-17.5588]]},"properties":{"description":"Manzanos","styleUrl":"#line1","stroke-opacity":1,"stroke":"#0000FF","stroke-width":1,"name":"FONDO"}},
{"type":"Feature","geometry":{"type":"LineString","coordinates":[[-63.08377,-17.55877],[-63.08377,-17.55878],[-63.08376,-17.55878],[-63.08376,-17.55879],[-63.08376,-17.5588],[-63.08375,-17.5588],[-63.08375,-17.55881],[-63.08374,-17.55881],[-63.08373,-17.55881],[-63.08373,-17.55882],[-63.08372,-17.55882],[-63.08371,-17.55882],[-63.0837,-17.55882],[-63.08369,-17.55882]]},"properties":{"description":"Manzanos","styleUrl":"#line1","stroke-opacity":1,"stroke":"#0000FF","stroke-width":1,"name":"FONDO"}},
{"type":"Feature","geometry":{"type":"LineString","coordinates":[[-63.08366,-17.55894],[-63.08367,-17.55894],[-63.08368,-17.55894],[-63.08368,-17.55895],[-63.08369,-17.55895],[-63.0837,-17.55895],[-63.0837,-17.55896],[-63.0837,-17.55897],[-63.08371,-17.55897],[-63.08371,-17.55898],[-63.08371,-17.55899],[-63.08371,-17.559],[-63.08371,-17.55901]]},"properties":{"description":"Manzanos","styleUrl":"#line1","stroke-opacity":1,"stroke":"#0000FF","stroke-width":1,"name":"FONDO"}},
{"type":"Feature","geometry":{"type":"LineString","coordinates":[[-63.08606,-17.55951],[-63.08606,-17.5595],[-63.08606,-17.55949],[-63.08607,-17.55949],[-63.08607,-17.55948],[-63.08608,-17.55948],[-63.08608,-17.55947],[-63.08609,-17.55947],[-63.0861,-17.55947],[-63.0861,-17.55946],[-63.08611,-17.55946],[-63.08612,-17.55946],[-63.08613,-17.55946]]},"properties":{"description":"Manzanos","styleUrl":"#line1","stroke-opacity":1,"stroke":"#0000FF","stroke-width":1,"name":"FONDO"}},
{"type":"Feature","geometry":{"type":"LineString","coordinates":[[-63.08589,-17.55941],[-63.0859,-17.55941],[-63.0859,-17.55942],[-63.08591,-17.55942],[-63.08592,-17.55942],[-63.08592,-17.55943],[-63.08593,-17.55943],[-63.08593,-17.55944],[-63.08593,-17.55945],[-63.08594,-17.55945],[-63.08594,-17.55946],[-63.08594,-17.55947],[-63.08594,-17.55948],[-63.08594,-17.55949]]},"properties":{"description":"Manzanos","styleUrl":"#line1","stroke-opacity":1,"stroke":"#0000FF","stroke-width":1,"name":"FONDO"}},
{"type":"Feature","geometry":{"type":"LineString","coordinates":[[-63.08599,-17.55925],[-63.08599,-17.55926],[-63.08599,-17.55927],[-63.08598,-17.55927],[-63.08598,-17.55928],[-63.08597,-17.55928],[-63.08597,-17.55929],[-63.08596,-17.55929],[-63.08595,-17.55929],[-63.08595,-17.5593],[-63.08594,-17.5593],[-63.08593,-17.5593],[-63.08592,-17.5593],[-63.08591,-17.5593]]},"properties":{"description":"Manzanos","styleUrl":"#line1","stroke-opacity":1,"stroke":"#0000FF","stroke-width":1,"name":"FONDO"}},
{"type":"Feature","geometry":{"type":"LineString","coordinates":[[-63.08616,-17.55935],[-63.08615,-17.55935],[-63.08615,-17.55934],[-63.08614,-17.55934],[-63.08613,-17.55934],[-63.08613,-17.55933],[-63.08612,-17.55933],[-63.08612,-17.55932],[-63.08612,-17.55931],[-63.08611,-17.55931],[-63.08611,-17.5593],[-63.08611,-17.55929],[-63.08611,-17.55928],[-63.08611,-17.55927]]},"properties":{"description":"Manzanos","styleUrl":"#line1","stroke-opacity":1,"stroke":"#0000FF","stroke-width":1,"name":"FONDO"}},
{"type":"Feature","geometry":{"type":"LineString","coordinates":[[-63.08666,-17.55939],[-63.08666,-17.5594],[-63.08666,-17.55941],[-63.08665,-17.55941],[-63.08665,-17.55942],[-63.08664,-17.55942],[-63.08664,-17.55943],[-63.08663,-17.55943],[-63.08663,-17.55944],[-63.08662,-17.55944],[-63.08661,-17.55944],[-63.0866,-17.55944],[-63.08659,-17.55944]]},"properties":{"description":"Manzanos","styleUrl":"#line1","stroke-opacity":1,"stroke":"#0000FF","stroke-width":1,"name":"FONDO"}},
{"type":"Feature","geometry":{"type":"LineString","coordinates":[[-63.08656,-17.55955],[-63.08656,-17.55956],[-63.08657,-17.55956],[-63.08658,-17.55956],[-63.08658,-17.55957],[-63.08659,-17.55957],[-63.08659,-17.55958],[-63.0866,-17.55958],[-63.0866,-17.55959],[-63.08661,-17.55959],[-63.08661,-17.5596],[-63.08661,-17.55961],[-63.08661,-17.55962],[-63.08661,-17.55963]]},"properties":{"description":"Manzanos","styleUrl":"#line1","stroke-opacity":1,"stroke":"#0000FF","stroke-width":1,"name":"FONDO"}},
{"type":"Feature","geometry":{"type":"LineString","coordinates":[[-63.08387,-17.55628],[-63.08427,-17.55636]]},"properties":{"description":"Manzanos","styleUrl":"#line1","stroke-opacity":1,"stroke":"#0000FF","stroke-width":1,"name":"FONDO"}},
{"type":"Feature","geometry":{"type":"LineString","coordinates":[[-63.08383,-17.55606],[-63.08442,-17.55361]]},"properties":{"description":"Manzanos","styleUrl":"#line1","stroke-opacity":1,"stroke":"#0000FF","stroke-width":1,"name":"FONDO"}},
{"type":"Feature","geometry":{"type":"LineString","coordinates":[[-63.0843,-17.55625],[-63.0839,-17.55616]]},"properties":{"description":"Manzanos","styleUrl":"#line1","stroke-opacity":1,"stroke":"#0000FF","stroke-width":1,"name":"FONDO"}},
{"type":"Feature","geometry":{"type":"LineString","coordinates":[[-63.08438,-17.5562],[-63.08497,-17.55371]]},"properties":{"description":"Manzanos","styleUrl":"#line1","stroke-opacity":1,"stroke":"#0000FF","stroke-width":1,"name":"FONDO"}},
{"type":"Feature","geometry":{"type":"LineString","coordinates":[[-63.08452,-17.55642],[-63.08495,-17.55651]]},"properties":{"description":"Manzanos","styleUrl":"#line1","stroke-opacity":1,"stroke":"#0000FF","stroke-width":1,"name":"FONDO"}},
{"type":"Feature","geometry":{"type":"LineString","coordinates":[[-63.0845,-17.55623],[-63.08509,-17.55373]]},"properties":{"description":"Manzanos","styleUrl":"#line1","stroke-opacity":1,"stroke":"#0000FF","stroke-width":1,"name":"FONDO"}},
{"type":"Feature","geometry":{"type":"LineString","coordinates":[[-63.08497,-17.55639],[-63.08455,-17.5563]]},"properties":{"description":"Manzanos","styleUrl":"#line1","stroke-opacity":1,"stroke":"#0000FF","stroke-width":1,"name":"FONDO"}},
{"type":"Feature","geometry":{"type":"LineString","coordinates":[[-63.08505,-17.55634],[-63.08565,-17.55385]]},"properties":{"description":"Manzanos","styleUrl":"#line1","stroke-opacity":1,"stroke":"#0000FF","stroke-width":1,"name":"FONDO"}},
{"type":"Feature","geometry":{"type":"LineString","coordinates":[[-63.08519,-17.55656],[-63.08569,-17.55666]]},"properties":{"description":"Manzanos","styleUrl":"#line1","stroke-opacity":1,"stroke":"#0000FF","stroke-width":1,"name":"FONDO"}},
{"type":"Feature","geometry":{"type":"LineString","coordinates":[[-63.08517,-17.55637],[-63.08577,-17.55387]]},"properties":{"description":"Manzanos","styleUrl":"#line1","stroke-opacity":1,"stroke":"#0000FF","stroke-width":1,"name":"FONDO"}},
{"type":"Feature","geometry":{"type":"LineString","coordinates":[[-63.08572,-17.55655],[-63.08522,-17.55644]]},"properties":{"description":"Manzanos","styleUrl":"#line1","stroke-opacity":1,"stroke":"#0000FF","stroke-width":1,"name":"FONDO"}},
{"type":"Feature","geometry":{"type":"LineString","coordinates":[[-63.08582,-17.55649],[-63.08641,-17.55403]]},"properties":{"description":"Manzanos","styleUrl":"#line1","stroke-opacity":1,"stroke":"#0000FF","stroke-width":1,"name":"FONDO"}},
{"type":"Feature","geometry":{"type":"LineString","coordinates":[[-63.086,-17.55673],[-63.0865,-17.55684]]},"properties":{"description":"Manzanos","styleUrl":"#line1","stroke-opacity":1,"stroke":"#0000FF","stroke-width":1,"name":"FONDO"}},
{"type":"Feature","geometry":{"type":"LineString","coordinates":[[-63.08597,-17.55652],[-63.08655,-17.55406]]},"properties":{"description":"Manzanos","styleUrl":"#line1","stroke-opacity":1,"stroke":"#0000FF","stroke-width":1,"name":"FONDO"}},
{"type":"Feature","geometry":{"type":"LineString","coordinates":[[-63.08653,-17.55672],[-63.08603,-17.55662]]},"properties":{"description":"Manzanos","styleUrl":"#line1","stroke-opacity":1,"stroke":"#0000FF","stroke-width":1,"name":"FONDO"}},
{"type":"Feature","geometry":{"type":"LineString","coordinates":[[-63.08661,-17.55668],[-63.0872,-17.55418]]},"properties":{"description":"Manzanos","styleUrl":"#line1","stroke-opacity":1,"stroke":"#0000FF","stroke-width":1,"name":"FONDO"}},
{"type":"Feature","geometry":{"type":"LineString","coordinates":[[-63.08675,-17.55689],[-63.08717,-17.55698]]},"properties":{"description":"Manzanos","styleUrl":"#line1","stroke-opacity":1,"stroke":"#0000FF","stroke-width":1,"name":"FONDO"}},
{"type":"Feature","geometry":{"type":"LineString","coordinates":[[-63.08673,-17.5567],[-63.08732,-17.55421]]},"properties":{"description":"Manzanos","styleUrl":"#line1","stroke-opacity":1,"stroke":"#0000FF","stroke-width":1,"name":"FONDO"}},
{"type":"Feature","geometry":{"type":"LineString","coordinates":[[-63.08748,-17.55693],[-63.08678,-17.55678]]},"properties":{"description":"Manzanos","styleUrl":"#line1","stroke-opacity":1,"stroke":"#0000FF","stroke-width":1,"name":"FONDO"}},
{"type":"Feature","geometry":{"type":"LineString","coordinates":[[-63.0859,-17.55679],[-63.0859,-17.55678],[-63.08591,-17.55678],[-63.08591,-17.55677],[-63.08591,-17.55676],[-63.08592,-17.55676],[-63.08592,-17.55675],[-63.08593,-17.55675],[-63.08593,-17.55674],[-63.08594,-17.55674],[-63.08595,-17.55674],[-63.08595,-17.55673],[-63.08596,-17.55673],[-63.08597,-17.55673],[-63.08598,-17.55673],[-63.08599,-17.55673],[-63.086,-17.55673]]},"properties":{"description":"Manzanos","styleUrl":"#line1","stroke-opacity":1,"stroke":"#0000FF","stroke-width":1,"name":"FONDO"}},
{"type":"Feature","geometry":{"type":"LineString","coordinates":[[-63.08603,-17.55662],[-63.08602,-17.55662],[-63.08602,-17.55661],[-63.08601,-17.55661],[-63.086,-17.55661],[-63.086,-17.5566],[-63.08599,-17.5566],[-63.08599,-17.55659],[-63.08598,-17.55659],[-63.08598,-17.55658],[-63.08597,-17.55658],[-63.08597,-17.55657],[-63.08597,-17.55656],[-63.08597,-17.55655],[-63.08596,-17.55655],[-63.08596,-17.55654],[-63.08596,-17.55653],[-63.08597,-17.55653],[-63.08597,-17.55652]]},"properties":{"description":"Manzanos","styleUrl":"#line1","stroke-opacity":1,"stroke":"#0000FF","stroke-width":1,"name":"FONDO"}},
{"type":"Feature","geometry":{"type":"LineString","coordinates":[[-63.08582,-17.55649],[-63.08582,-17.5565],[-63.08581,-17.5565],[-63.08581,-17.55651],[-63.08581,-17.55652],[-63.0858,-17.55652],[-63.0858,-17.55653],[-63.08579,-17.55653],[-63.08579,-17.55654],[-63.08578,-17.55654],[-63.08577,-17.55654],[-63.08577,-17.55655],[-63.08576,-17.55655],[-63.08575,-17.55655],[-63.08574,-17.55655],[-63.08573,-17.55655],[-63.08572,-17.55655]]},"properties":{"description":"Manzanos","styleUrl":"#line1","stroke-opacity":1,"stroke":"#0000FF","stroke-width":1,"name":"FONDO"}},
{"type":"Feature","geometry":{"type":"LineString","coordinates":[[-63.08569,-17.55666],[-63.08569,-17.55667],[-63.0857,-17.55667],[-63.08571,-17.55667],[-63.08572,-17.55667],[-63.08572,-17.55668],[-63.08573,-17.55668],[-63.08573,-17.55669],[-63.08574,-17.55669],[-63.08574,-17.5567],[-63.08575,-17.5567],[-63.08575,-17.55671],[-63.08575,-17.55672],[-63.08575,-17.55673],[-63.08576,-17.55673],[-63.08576,-17.55674],[-63.08576,-17.55675],[-63.08576,-17.55676],[-63.08575,-17.55676]]},"properties":{"description":"Manzanos","styleUrl":"#line1","stroke-opacity":1,"stroke":"#0000FF","stroke-width":1,"name":"FONDO"}},
{"type":"Feature","geometry":{"type":"LineString","coordinates":[[-63.08377,-17.55634],[-63.08377,-17.55633],[-63.08377,-17.55632],[-63.08378,-17.55632],[-63.08378,-17.55631],[-63.08378,-17.5563],[-63.08379,-17.5563],[-63.08379,-17.55629],[-63.0838,-17.55629],[-63.08381,-17.55629],[-63.08381,-17.55628],[-63.08382,-17.55628],[-63.08383,-17.55628],[-63.08384,-17.55628],[-63.08384,-17.55627],[-63.08385,-17.55627],[-63.08386,-17.55627],[-63.08386,-17.55628],[-63.08387,-17.55628]]},"properties":{"description":"Manzanos","styleUrl":"#line1","stroke-opacity":1,"stroke":"#0000FF","stroke-width":1,"name":"FONDO"}},
{"type":"Feature","geometry":{"type":"LineString","coordinates":[[-63.0839,-17.55616],[-63.08389,-17.55616],[-63.08388,-17.55616],[-63.08388,-17.55615],[-63.08387,-17.55615],[-63.08386,-17.55615],[-63.08386,-17.55614],[-63.08385,-17.55614],[-63.08385,-17.55613],[-63.08384,-17.55613],[-63.08384,-17.55612],[-63.08384,-17.55611],[-63.08383,-17.55611],[-63.08383,-17.5561],[-63.08383,-17.55609],[-63.08383,-17.55608],[-63.08383,-17.55607],[-63.08383,-17.55606]]},"properties":{"description":"Manzanos","styleUrl":"#line1","stroke-opacity":1,"stroke":"#0000FF","stroke-width":1,"name":"FONDO"}},
{"type":"Feature","geometry":{"type":"LineString","coordinates":[[-63.08427,-17.55636],[-63.08428,-17.55636],[-63.08428,-17.55637],[-63.08429,-17.55637],[-63.0843,-17.55637],[-63.0843,-17.55638],[-63.08431,-17.55638],[-63.08431,-17.55639],[-63.08432,-17.55639],[-63.08432,-17.5564],[-63.08432,-17.55641],[-63.08432,-17.55642],[-63.08433,-17.55642],[-63.08433,-17.55643],[-63.08432,-17.55643],[-63.08432,-17.55644]]},"properties":{"description":"Manzanos","styleUrl":"#line1","stroke-opacity":1,"stroke":"#0000FF","stroke-width":1,"name":"FONDO"}},
{"type":"Feature","geometry":{"type":"LineString","coordinates":[[-63.08438,-17.5562],[-63.08438,-17.55621],[-63.08437,-17.55621],[-63.08437,-17.55622],[-63.08437,-17.55623],[-63.08436,-17.55623],[-63.08436,-17.55624],[-63.08435,-17.55624],[-63.08434,-17.55624],[-63.08434,-17.55625],[-63.08433,-17.55625],[-63.08432,-17.55625],[-63.08431,-17.55625],[-63.0843,-17.55625]]},"properties":{"description":"Manzanos","styleUrl":"#line1","stroke-opacity":1,"stroke":"#0000FF","stroke-width":1,"name":"FONDO"}},
{"type":"Feature","geometry":{"type":"LineString","coordinates":[[-63.08455,-17.5563],[-63.08454,-17.5563],[-63.08453,-17.5563],[-63.08453,-17.55629],[-63.08452,-17.55629],[-63.08452,-17.55628],[-63.08451,-17.55628],[-63.08451,-17.55627],[-63.0845,-17.55627],[-63.0845,-17.55626],[-63.0845,-17.55625],[-63.0845,-17.55624],[-63.0845,-17.55623]]},"properties":{"description":"Manzanos","styleUrl":"#line1","stroke-opacity":1,"stroke":"#0000FF","stroke-width":1,"name":"FONDO"}},
{"type":"Feature","geometry":{"type":"LineString","coordinates":[[-63.08444,-17.55646],[-63.08445,-17.55646],[-63.08445,-17.55645],[-63.08445,-17.55644],[-63.08446,-17.55644],[-63.08446,-17.55643],[-63.08447,-17.55643],[-63.08447,-17.55642],[-63.08448,-17.55642],[-63.08449,-17.55642],[-63.0845,-17.55641],[-63.08451,-17.55641],[-63.08452,-17.55641],[-63.08452,-17.55642]]},"properties":{"description":"Manzanos","styleUrl":"#line1","stroke-opacity":1,"stroke":"#0000FF","stroke-width":1,"name":"FONDO"}},
{"type":"Feature","geometry":{"type":"LineString","coordinates":[[-63.08495,-17.55651],[-63.08496,-17.55651],[-63.08497,-17.55651],[-63.08497,-17.55652],[-63.08498,-17.55652],[-63.08498,-17.55653],[-63.08499,-17.55653],[-63.08499,-17.55654],[-63.08499,-17.55655],[-63.085,-17.55655],[-63.085,-17.55656],[-63.085,-17.55657],[-63.085,-17.55658]]},"properties":{"description":"Manzanos","styleUrl":"#line1","stroke-opacity":1,"stroke":"#0000FF","stroke-width":1,"name":"FONDO"}},
{"type":"Feature","geometry":{"type":"LineString","coordinates":[[-63.08505,-17.55634],[-63.08505,-17.55635],[-63.08505,-17.55636],[-63.08504,-17.55636],[-63.08504,-17.55637],[-63.08503,-17.55637],[-63.08503,-17.55638],[-63.08502,-17.55638],[-63.08502,-17.55639],[-63.08501,-17.55639],[-63.085,-17.55639],[-63.08499,-17.55639],[-63.08498,-17.55639],[-63.08497,-17.55639]]},"properties":{"description":"Manzanos","styleUrl":"#line1","stroke-opacity":1,"stroke":"#0000FF","stroke-width":1,"name":"FONDO"}},
{"type":"Feature","geometry":{"type":"LineString","coordinates":[[-63.08522,-17.55644],[-63.08521,-17.55644],[-63.0852,-17.55644],[-63.0852,-17.55643],[-63.08519,-17.55643],[-63.08519,-17.55642],[-63.08518,-17.55642],[-63.08518,-17.55641],[-63.08517,-17.55641],[-63.08517,-17.5564],[-63.08517,-17.55639],[-63.08517,-17.55638],[-63.08517,-17.55637]]},"properties":{"description":"Manzanos","styleUrl":"#line1","stroke-opacity":1,"stroke":"#0000FF","stroke-width":1,"name":"FONDO"}},
{"type":"Feature","geometry":{"type":"LineString","coordinates":[[-63.08511,-17.55661],[-63.08512,-17.55661],[-63.08512,-17.5566],[-63.08512,-17.55659],[-63.08512,-17.55658],[-63.08513,-17.55658],[-63.08513,-17.55657],[-63.08514,-17.55657],[-63.08515,-17.55657],[-63.08515,-17.55656],[-63.08516,-17.55656],[-63.08517,-17.55656],[-63.08518,-17.55656],[-63.08519,-17.55656]]},"properties":{"description":"Manzanos","styleUrl":"#line1","stroke-opacity":1,"stroke":"#0000FF","stroke-width":1,"name":"FONDO"}},
{"type":"Feature","geometry":{"type":"LineString","coordinates":[[-63.0865,-17.55684],[-63.08651,-17.55684],[-63.08652,-17.55684],[-63.08652,-17.55685],[-63.08653,-17.55685],[-63.08653,-17.55686],[-63.08654,-17.55686],[-63.08654,-17.55687],[-63.08655,-17.55687],[-63.08655,-17.55688],[-63.08655,-17.55689],[-63.08655,-17.5569],[-63.08655,-17.55691]]},"properties":{"description":"Manzanos","styleUrl":"#line1","stroke-opacity":1,"stroke":"#0000FF","stroke-width":1,"name":"FONDO"}},
{"type":"Feature","geometry":{"type":"LineString","coordinates":[[-63.08661,-17.55668],[-63.0866,-17.55668],[-63.0866,-17.55669],[-63.0866,-17.5567],[-63.08659,-17.5567],[-63.08659,-17.55671],[-63.08658,-17.55671],[-63.08658,-17.55672],[-63.08657,-17.55672],[-63.08656,-17.55672],[-63.08655,-17.55672],[-63.08654,-17.55672],[-63.08653,-17.55672]]},"properties":{"description":"Manzanos","styleUrl":"#line1","stroke-opacity":1,"stroke":"#0000FF","stroke-width":1,"name":"FONDO"}},
{"type":"Feature","geometry":{"type":"LineString","coordinates":[[-63.08678,-17.55678],[-63.08677,-17.55678],[-63.08677,-17.55677],[-63.08676,-17.55677],[-63.08675,-17.55677],[-63.08675,-17.55676],[-63.08674,-17.55676],[-63.08674,-17.55675],[-63.08673,-17.55675],[-63.08673,-17.55674],[-63.08673,-17.55673],[-63.08673,-17.55672],[-63.08672,-17.55672],[-63.08672,-17.55671],[-63.08673,-17.5567]]},"properties":{"description":"Manzanos","styleUrl":"#line1","stroke-opacity":1,"stroke":"#0000FF","stroke-width":1,"name":"FONDO"}},
{"type":"Feature","geometry":{"type":"LineString","coordinates":[[-63.08667,-17.55694],[-63.08667,-17.55693],[-63.08667,-17.55692],[-63.08668,-17.55692],[-63.08668,-17.55691],[-63.08669,-17.55691],[-63.08669,-17.5569],[-63.0867,-17.5569],[-63.08671,-17.5569],[-63.08671,-17.55689],[-63.08672,-17.55689],[-63.08673,-17.55689],[-63.08674,-17.55689],[-63.08675,-17.55689]]},"properties":{"description":"Manzanos","styleUrl":"#line1","stroke-opacity":1,"stroke":"#0000FF","stroke-width":1,"name":"FONDO"}},
{"type":"Feature","geometry":{"type":"LineString","coordinates":[[-63.08717,-17.55698],[-63.08718,-17.55698],[-63.08718,-17.55699],[-63.08719,-17.55699],[-63.0872,-17.55699],[-63.0872,-17.557],[-63.08721,-17.557],[-63.08721,-17.55701],[-63.08722,-17.55701],[-63.08722,-17.55702],[-63.08722,-17.55703],[-63.08722,-17.55704],[-63.08722,-17.55705],[-63.08722,-17.55706]]},"properties":{"description":"Manzanos","styleUrl":"#line1","stroke-opacity":1,"stroke":"#0000FF","stroke-width":1,"name":"FONDO"}},
{"type":"Feature","geometry":{"type":"LineString","coordinates":[[-63.08448,-17.55333],[-63.08499,-17.55119]]},"properties":{"description":"Manzanos","styleUrl":"#line1","stroke-opacity":1,"stroke":"#0000FF","stroke-width":1,"name":"FONDO"}},
{"type":"Feature","geometry":{"type":"LineString","coordinates":[[-63.08503,-17.55347],[-63.08555,-17.55129]]},"properties":{"description":"Manzanos","styleUrl":"#line1","stroke-opacity":1,"stroke":"#0000FF","stroke-width":1,"name":"FONDO"}},
{"type":"Feature","geometry":{"type":"LineString","coordinates":[[-63.08515,-17.55349],[-63.08567,-17.55132]]},"properties":{"description":"Manzanos","styleUrl":"#line1","stroke-opacity":1,"stroke":"#0000FF","stroke-width":1,"name":"FONDO"}},
{"type":"Feature","geometry":{"type":"LineString","coordinates":[[-63.0857,-17.55361],[-63.08622,-17.55144]]},"properties":{"description":"Manzanos","styleUrl":"#line1","stroke-opacity":1,"stroke":"#0000FF","stroke-width":1,"name":"FONDO"}},
{"type":"Feature","geometry":{"type":"LineString","coordinates":[[-63.08582,-17.55364],[-63.08634,-17.55146]]},"properties":{"description":"Manzanos","styleUrl":"#line1","stroke-opacity":1,"stroke":"#0000FF","stroke-width":1,"name":"FONDO"}},
{"type":"Feature","geometry":{"type":"LineString","coordinates":[[-63.08647,-17.55376],[-63.08698,-17.55162]]},"properties":{"description":"Manzanos","styleUrl":"#line1","stroke-opacity":1,"stroke":"#0000FF","stroke-width":1,"name":"FONDO"}},
{"type":"Feature","geometry":{"type":"LineString","coordinates":[[-63.08662,-17.55379],[-63.08713,-17.55165]]},"properties":{"description":"Manzanos","styleUrl":"#line1","stroke-opacity":1,"stroke":"#0000FF","stroke-width":1,"name":"FONDO"}},
{"type":"Feature","geometry":{"type":"LineString","coordinates":[[-63.08726,-17.55394],[-63.08778,-17.55177]]},"properties":{"description":"Manzanos","styleUrl":"#line1","stroke-opacity":1,"stroke":"#0000FF","stroke-width":1,"name":"FONDO"}},
{"type":"Feature","geometry":{"type":"LineString","coordinates":[[-63.08738,-17.55397],[-63.0879,-17.55179]]},"properties":{"description":"Manzanos","styleUrl":"#line1","stroke-opacity":1,"stroke":"#0000FF","stroke-width":1,"name":"FONDO"}},
{"type":"Feature","geometry":{"type":"LineString","coordinates":[[-63.08509,-17.55113],[-63.0855,-17.55122]]},"properties":{"description":"Manzanos","styleUrl":"#line1","stroke-opacity":1,"stroke":"#0000FF","stroke-width":1,"name":"FONDO"}},
{"type":"Feature","geometry":{"type":"LineString","coordinates":[[-63.08839,-17.55171],[-63.088,-17.55163]]},"properties":{"description":"Manzanos","styleUrl":"#line1","stroke-opacity":1,"stroke":"#0000FF","stroke-width":1,"name":"FONDO"}},
{"type":"Feature","geometry":{"type":"LineString","coordinates":[[-63.08506,-17.55092],[-63.08548,-17.54915]]},"properties":{"description":"Manzanos","styleUrl":"#line1","stroke-opacity":1,"stroke":"#0000FF","stroke-width":1,"name":"FONDO"}},
{"type":"Feature","geometry":{"type":"LineString","coordinates":[[-63.08553,-17.5511],[-63.08512,-17.55102]]},"properties":{"description":"Manzanos","styleUrl":"#line1","stroke-opacity":1,"stroke":"#0000FF","stroke-width":1,"name":"FONDO"}},
{"type":"Feature","geometry":{"type":"LineString","coordinates":[[-63.08575,-17.55127],[-63.08617,-17.55136]]},"properties":{"description":"Manzanos","styleUrl":"#line1","stroke-opacity":1,"stroke":"#0000FF","stroke-width":1,"name":"FONDO"}},
{"type":"Feature","geometry":{"type":"LineString","coordinates":[[-63.08616,-17.55124],[-63.08578,-17.55115]]},"properties":{"description":"Manzanos","styleUrl":"#line1","stroke-opacity":1,"stroke":"#0000FF","stroke-width":1,"name":"FONDO"}},
{"type":"Feature","geometry":{"type":"LineString","coordinates":[[-63.08642,-17.55141],[-63.08692,-17.55152]]},"properties":{"description":"Manzanos","styleUrl":"#line1","stroke-opacity":1,"stroke":"#0000FF","stroke-width":1,"name":"FONDO"}},
{"type":"Feature","geometry":{"type":"LineString","coordinates":[[-63.08723,-17.55159],[-63.08773,-17.55169]]},"properties":{"description":"Manzanos","styleUrl":"#line1","stroke-opacity":1,"stroke":"#0000FF","stroke-width":1,"name":"FONDO"}},
{"type":"Feature","geometry":{"type":"LineString","coordinates":[[-63.08774,-17.55157],[-63.08724,-17.55147]]},"properties":{"description":"Manzanos","styleUrl":"#line1","stroke-opacity":1,"stroke":"#0000FF","stroke-width":1,"name":"FONDO"}},
{"type":"Feature","geometry":{"type":"LineString","coordinates":[[-63.08797,-17.55174],[-63.0884,-17.55183]]},"properties":{"description":"Manzanos","styleUrl":"#line1","stroke-opacity":1,"stroke":"#0000FF","stroke-width":1,"name":"FONDO"}},
{"type":"Feature","geometry":{"type":"LineString","coordinates":[[-63.08692,-17.55152],[-63.08693,-17.55152],[-63.08694,-17.55152],[-63.08694,-17.55153],[-63.08695,-17.55153],[-63.08695,-17.55154],[-63.08696,-17.55154],[-63.08696,-17.55155],[-63.08697,-17.55155],[-63.08697,-17.55156],[-63.08698,-17.55156],[-63.08698,-17.55157],[-63.08698,-17.55158],[-63.08698,-17.55159],[-63.08698,-17.5516],[-63.08698,-17.55161],[-63.08698,-17.55162]]},"properties":{"description":"Manzanos","styleUrl":"#line1","stroke-opacity":1,"stroke":"#0000FF","stroke-width":1,"name":"FONDO"}},
{"type":"Feature","geometry":{"type":"LineString","coordinates":[[-63.08713,-17.55165],[-63.08713,-17.55164],[-63.08713,-17.55163],[-63.08714,-17.55163],[-63.08714,-17.55162],[-63.08714,-17.55161],[-63.08715,-17.55161],[-63.08715,-17.5516],[-63.08716,-17.5516],[-63.08717,-17.5516],[-63.08717,-17.55159],[-63.08718,-17.55159],[-63.08719,-17.55159],[-63.08719,-17.55158],[-63.0872,-17.55158],[-63.08721,-17.55158],[-63.08722,-17.55158],[-63.08723,-17.55158],[-63.08723,-17.55159]]},"properties":{"description":"Manzanos","styleUrl":"#line1","stroke-opacity":1,"stroke":"#0000FF","stroke-width":1,"name":"FONDO"}},
{"type":"Feature","geometry":{"type":"LineString","coordinates":[[-63.08499,-17.55119],[-63.085,-17.55119],[-63.085,-17.55118],[-63.085,-17.55117],[-63.08501,-17.55116],[-63.08501,-17.55115],[-63.08502,-17.55115],[-63.08502,-17.55114],[-63.08503,-17.55114],[-63.08504,-17.55114],[-63.08504,-17.55113],[-63.08505,-17.55113],[-63.08506,-17.55113],[-63.08507,-17.55113],[-63.08508,-17.55113],[-63.08509,-17.55113]]},"properties":{"description":"Manzanos","styleUrl":"#line1","stroke-opacity":1,"stroke":"#0000FF","stroke-width":1,"name":"FONDO"}},
{"type":"Feature","geometry":{"type":"LineString","coordinates":[[-63.08512,-17.55102],[-63.08512,-17.55101],[-63.08511,-17.55101],[-63.0851,-17.55101],[-63.0851,-17.551],[-63.08509,-17.551],[-63.08508,-17.551],[-63.08508,-17.55099],[-63.08507,-17.55099],[-63.08507,-17.55098],[-63.08507,-17.55097],[-63.08506,-17.55097],[-63.08506,-17.55096],[-63.08506,-17.55095],[-63.08506,-17.55094],[-63.08506,-17.55093],[-63.08506,-17.55092]]},"properties":{"description":"Manzanos","styleUrl":"#line1","stroke-opacity":1,"stroke":"#0000FF","stroke-width":1,"name":"FONDO"}},
{"type":"Feature","geometry":{"type":"LineString","coordinates":[[-63.0855,-17.55122],[-63.08551,-17.55122],[-63.08552,-17.55122],[-63.08552,-17.55123],[-63.08553,-17.55123],[-63.08553,-17.55124],[-63.08554,-17.55124],[-63.08554,-17.55125],[-63.08555,-17.55125],[-63.08555,-17.55126],[-63.08555,-17.55127],[-63.08555,-17.55128],[-63.08555,-17.55129]]},"properties":{"description":"Manzanos","styleUrl":"#line1","stroke-opacity":1,"stroke":"#0000FF","stroke-width":1,"name":"FONDO"}},
{"type":"Feature","geometry":{"type":"LineString","coordinates":[[-63.08567,-17.55132],[-63.08567,-17.55131],[-63.08567,-17.5513],[-63.08568,-17.5513],[-63.08568,-17.55129],[-63.08569,-17.55129],[-63.08569,-17.55128],[-63.0857,-17.55128],[-63.0857,-17.55127],[-63.08571,-17.55127],[-63.08572,-17.55127],[-63.08573,-17.55127],[-63.08574,-17.55127],[-63.08575,-17.55127]]},"properties":{"description":"Manzanos","styleUrl":"#line1","stroke-opacity":1,"stroke":"#0000FF","stroke-width":1,"name":"FONDO"}},
{"type":"Feature","geometry":{"type":"LineString","coordinates":[[-63.08617,-17.55136],[-63.08618,-17.55136],[-63.08619,-17.55136],[-63.08619,-17.55137],[-63.0862,-17.55137],[-63.0862,-17.55138],[-63.08621,-17.55138],[-63.08621,-17.55139],[-63.08622,-17.55139],[-63.08622,-17.5514],[-63.08622,-17.55141],[-63.08622,-17.55142],[-63.08622,-17.55143],[-63.08622,-17.55144]]},"properties":{"description":"Manzanos","styleUrl":"#line1","stroke-opacity":1,"stroke":"#0000FF","stroke-width":1,"name":"FONDO"}},
{"type":"Feature","geometry":{"type":"LineString","coordinates":[[-63.08634,-17.55146],[-63.08634,-17.55145],[-63.08635,-17.55145],[-63.08635,-17.55144],[-63.08635,-17.55143],[-63.08636,-17.55143],[-63.08636,-17.55142],[-63.08637,-17.55142],[-63.08638,-17.55142],[-63.08638,-17.55141],[-63.08639,-17.55141],[-63.0864,-17.55141],[-63.08641,-17.55141],[-63.08642,-17.55141]]},"properties":{"description":"Manzanos","styleUrl":"#line1","stroke-opacity":1,"stroke":"#0000FF","stroke-width":1,"name":"FONDO"}},
{"type":"Feature","geometry":{"type":"LineString","coordinates":[[-63.0879,-17.55179],[-63.0879,-17.55178],[-63.0879,-17.55177],[-63.08791,-17.55177],[-63.08791,-17.55176],[-63.08792,-17.55176],[-63.08792,-17.55175],[-63.08793,-17.55175],[-63.08794,-17.55175],[-63.08794,-17.55174],[-63.08795,-17.55174],[-63.08796,-17.55174],[-63.08797,-17.55174]]},"properties":{"description":"Manzanos","styleUrl":"#line1","stroke-opacity":1,"stroke":"#0000FF","stroke-width":1,"name":"FONDO"}},
{"type":"Feature","geometry":{"type":"LineString","coordinates":[[-63.08773,-17.55169],[-63.08774,-17.55169],[-63.08774,-17.5517],[-63.08775,-17.5517],[-63.08775,-17.55171],[-63.08776,-17.55171],[-63.08776,-17.55172],[-63.08777,-17.55172],[-63.08777,-17.55173],[-63.08777,-17.55174],[-63.08778,-17.55174],[-63.08778,-17.55175],[-63.08778,-17.55176],[-63.08778,-17.55177]]},"properties":{"description":"Manzanos","styleUrl":"#line1","stroke-opacity":1,"stroke":"#0000FF","stroke-width":1,"name":"FONDO"}},
{"type":"Feature","geometry":{"type":"LineString","coordinates":[[-63.0884,-17.55183],[-63.0884,-17.55184],[-63.08841,-17.55184],[-63.08842,-17.55184],[-63.08842,-17.55185],[-63.08843,-17.55185],[-63.08843,-17.55186],[-63.08844,-17.55186],[-63.08844,-17.55187],[-63.08844,-17.55188],[-63.08845,-17.55188],[-63.08845,-17.55189],[-63.08845,-17.5519],[-63.08845,-17.55191]]},"properties":{"description":"Manzanos","styleUrl":"#line1","stroke-opacity":1,"stroke":"#0000FF","stroke-width":1,"name":"FONDO"}},
{"type":"Feature","geometry":{"type":"LineString","coordinates":[[-63.08847,-17.55165],[-63.08857,-17.54922]]},"properties":{"description":"Manzanos","styleUrl":"#line1","stroke-opacity":1,"stroke":"#0000FF","stroke-width":1,"name":"FONDO"}},
{"type":"Feature","geometry":{"type":"LineString","coordinates":[[-63.08561,-17.55105],[-63.08605,-17.54917]]},"properties":{"description":"Manzanos","styleUrl":"#line1","stroke-opacity":1,"stroke":"#0000FF","stroke-width":1,"name":"FONDO"}},
{"type":"Feature","geometry":{"type":"LineString","coordinates":[[-63.08573,-17.55108],[-63.08615,-17.54929]]},"properties":{"description":"Manzanos","styleUrl":"#line1","stroke-opacity":1,"stroke":"#0000FF","stroke-width":1,"name":"FONDO"}},
{"type":"Feature","geometry":{"type":"LineString","coordinates":[[-63.08578,-17.55115],[-63.08577,-17.55115],[-63.08576,-17.55115],[-63.08575,-17.55115],[-63.08575,-17.55114],[-63.08574,-17.55114],[-63.08574,-17.55113],[-63.08573,-17.55113],[-63.08573,-17.55112],[-63.08573,-17.55111],[-63.08573,-17.5511],[-63.08572,-17.5511],[-63.08572,-17.55109],[-63.08573,-17.55108]]},"properties":{"description":"Manzanos","styleUrl":"#line1","stroke-opacity":1,"stroke":"#0000FF","stroke-width":1,"name":"FONDO"}},
{"type":"Feature","geometry":{"type":"LineString","coordinates":[[-63.08561,-17.55105],[-63.08561,-17.55106],[-63.0856,-17.55106],[-63.0856,-17.55107],[-63.0856,-17.55108],[-63.08559,-17.55108],[-63.08559,-17.55109],[-63.08558,-17.55109],[-63.08557,-17.5511],[-63.08556,-17.5511],[-63.08555,-17.5511],[-63.08554,-17.5511],[-63.08553,-17.5511]]},"properties":{"description":"Manzanos","styleUrl":"#line1","stroke-opacity":1,"stroke":"#0000FF","stroke-width":1,"name":"FONDO"}},
{"type":"Feature","geometry":{"type":"LineString","coordinates":[[-63.08847,-17.55165],[-63.08847,-17.55166],[-63.08847,-17.55167],[-63.08846,-17.55167],[-63.08846,-17.55168],[-63.08846,-17.55169],[-63.08845,-17.55169],[-63.08845,-17.5517],[-63.08844,-17.5517],[-63.08844,-17.55171],[-63.08843,-17.55171],[-63.08842,-17.55171],[-63.08841,-17.55171],[-63.0884,-17.55171],[-63.08839,-17.55171]]},"properties":{"description":"Manzanos","styleUrl":"#line1","stroke-opacity":1,"stroke":"#0000FF","stroke-width":1,"name":"FONDO"}},
{"type":"Feature","geometry":{"type":"LineString","coordinates":[[-63.08859,-17.5517],[-63.08869,-17.54923]]},"properties":{"description":"Manzanos","styleUrl":"#line1","stroke-opacity":1,"stroke":"#0000FF","stroke-width":1,"name":"FONDO"}},
{"type":"Feature","geometry":{"type":"LineString","coordinates":[[-63.08793,-17.55409],[-63.08845,-17.55191]]},"properties":{"description":"Manzanos","styleUrl":"#line1","stroke-opacity":1,"stroke":"#0000FF","stroke-width":1,"name":"FONDO"}},
{"type":"Feature","geometry":{"type":"LineString","coordinates":[[-63.08748,-17.56125],[-63.08647,-17.56101]]},"properties":{"description":"Manzanos","styleUrl":"#line1","stroke-opacity":1,"stroke":"#0000FF","stroke-width":1,"name":"FONDO"}},
{"type":"Feature","geometry":{"type":"LineString","coordinates":[[-63.08637,-17.56118],[-63.08637,-17.56117],[-63.08637,-17.56116],[-63.08638,-17.56115],[-63.08638,-17.56114],[-63.08639,-17.56114],[-63.0864,-17.56114],[-63.0864,-17.56113],[-63.08641,-17.56113],[-63.08642,-17.56113],[-63.08643,-17.56113],[-63.08644,-17.56113]]},"properties":{"description":"Manzanos","styleUrl":"#line1","stroke-opacity":1,"stroke":"#0000FF","stroke-width":1,"name":"FONDO"}},
{"type":"Feature","geometry":{"type":"LineString","coordinates":[[-63.08647,-17.56101],[-63.08646,-17.56101],[-63.08645,-17.56101],[-63.08645,-17.561],[-63.08644,-17.561],[-63.08644,-17.56099],[-63.08643,-17.56099],[-63.08643,-17.56098],[-63.08642,-17.56098],[-63.08642,-17.56097],[-63.08642,-17.56096],[-63.08642,-17.56095],[-63.08642,-17.56094]]},"properties":{"description":"Manzanos","styleUrl":"#line1","stroke-opacity":1,"stroke":"#0000FF","stroke-width":1,"name":"FONDO"}},
{"type":"Feature","geometry":{"type":"LineString","coordinates":[[-63.08661,-17.56042],[-63.0873,-17.56057]]},"properties":{"description":"Manzanos","styleUrl":"#line1","stroke-opacity":1,"stroke":"#0000FF","stroke-width":1,"name":"FONDO"}},
{"type":"Feature","geometry":{"type":"LineString","coordinates":[[-63.08731,-17.56045],[-63.08664,-17.5603]]},"properties":{"description":"Manzanos","styleUrl":"#line1","stroke-opacity":1,"stroke":"#0000FF","stroke-width":1,"name":"FONDO"}},
{"type":"Feature","geometry":{"type":"LineString","coordinates":[[-63.08659,-17.56022],[-63.08671,-17.55975]]},"properties":{"description":"Manzanos","styleUrl":"#line1","stroke-opacity":1,"stroke":"#0000FF","stroke-width":1,"name":"FONDO"}},
{"type":"Feature","geometry":{"type":"LineString","coordinates":[[-63.08654,-17.56046],[-63.08654,-17.56045],[-63.08654,-17.56044],[-63.08655,-17.56044],[-63.08655,-17.56043],[-63.08656,-17.56043],[-63.08656,-17.56042],[-63.08657,-17.56042],[-63.08658,-17.56042],[-63.08659,-17.56041],[-63.0866,-17.56041],[-63.08661,-17.56041],[-63.08661,-17.56042]]},"properties":{"description":"Manzanos","styleUrl":"#line1","stroke-opacity":1,"stroke":"#0000FF","stroke-width":1,"name":"FONDO"}},
{"type":"Feature","geometry":{"type":"LineString","coordinates":[[-63.08664,-17.5603],[-63.08663,-17.5603],[-63.08663,-17.56029],[-63.08662,-17.56029],[-63.08661,-17.56029],[-63.08661,-17.56028],[-63.0866,-17.56028],[-63.0866,-17.56027],[-63.0866,-17.56026],[-63.08659,-17.56026],[-63.08659,-17.56025],[-63.08659,-17.56024],[-63.08659,-17.56023],[-63.08659,-17.56022]]},"properties":{"description":"Manzanos","styleUrl":"#line1","stroke-opacity":1,"stroke":"#0000FF","stroke-width":1,"name":"FONDO"}},
{"type":"Feature","geometry":{"type":"LineString","coordinates":[[-63.08678,-17.5597],[-63.08735,-17.55983]]},"properties":{"description":"Manzanos","styleUrl":"#line1","stroke-opacity":1,"stroke":"#0000FF","stroke-width":1,"name":"FONDO"}},
{"type":"Feature","geometry":{"type":"LineString","coordinates":[[-63.08736,-17.55971],[-63.08681,-17.55959]]},"properties":{"description":"Manzanos","styleUrl":"#line1","stroke-opacity":1,"stroke":"#0000FF","stroke-width":1,"name":"FONDO"}},
{"type":"Feature","geometry":{"type":"LineString","coordinates":[[-63.08681,-17.55959],[-63.0868,-17.55958],[-63.08679,-17.55958],[-63.08679,-17.55957],[-63.08678,-17.55957],[-63.08677,-17.55956],[-63.08677,-17.55955],[-63.08676,-17.55955],[-63.08676,-17.55954],[-63.08676,-17.55953],[-63.08676,-17.55952],[-63.08676,-17.55951]]},"properties":{"description":"Manzanos","styleUrl":"#line1","stroke-opacity":1,"stroke":"#0000FF","stroke-width":1,"name":"FONDO"}},
{"type":"Feature","geometry":{"type":"LineString","coordinates":[[-63.08671,-17.55975],[-63.08671,-17.55974],[-63.08671,-17.55973],[-63.08672,-17.55973],[-63.08672,-17.55972],[-63.08673,-17.55972],[-63.08673,-17.55971],[-63.08674,-17.55971],[-63.08674,-17.5597],[-63.08675,-17.5597],[-63.08676,-17.5597],[-63.08677,-17.5597],[-63.08678,-17.5597]]},"properties":{"description":"Manzanos","styleUrl":"#line1","stroke-opacity":1,"stroke":"#0000FF","stroke-width":1,"name":"FONDO"}},
{"type":"Feature","geometry":{"type":"LineString","coordinates":[[-63.08715,-17.55816],[-63.08745,-17.55823]]},"properties":{"description":"Manzanos","styleUrl":"#line1","stroke-opacity":1,"stroke":"#0000FF","stroke-width":1,"name":"FONDO"}},
{"type":"Feature","geometry":{"type":"LineString","coordinates":[[-63.08712,-17.55827],[-63.08745,-17.55835]]},"properties":{"description":"Manzanos","styleUrl":"#line1","stroke-opacity":1,"stroke":"#0000FF","stroke-width":1,"name":"FONDO"}},
{"type":"Feature","geometry":{"type":"LineString","coordinates":[[-63.08741,-17.55897],[-63.08698,-17.55887]]},"properties":{"description":"Manzanos","styleUrl":"#line1","stroke-opacity":1,"stroke":"#0000FF","stroke-width":1,"name":"FONDO"}},
{"type":"Feature","geometry":{"type":"LineString","coordinates":[[-63.08695,-17.55899],[-63.0874,-17.55909]]},"properties":{"description":"Manzanos","styleUrl":"#line1","stroke-opacity":1,"stroke":"#0000FF","stroke-width":1,"name":"FONDO"}},
{"type":"Feature","geometry":{"type":"LineString","coordinates":[[-63.0871,-17.55808],[-63.08722,-17.55761]]},"properties":{"description":"Manzanos","styleUrl":"#line1","stroke-opacity":1,"stroke":"#0000FF","stroke-width":1,"name":"FONDO"}},
{"type":"Feature","geometry":{"type":"LineString","coordinates":[[-63.08693,-17.5588],[-63.08705,-17.55832]]},"properties":{"description":"Manzanos","styleUrl":"#line1","stroke-opacity":1,"stroke":"#0000FF","stroke-width":1,"name":"FONDO"}},
{"type":"Feature","geometry":{"type":"LineString","coordinates":[[-63.08688,-17.55904],[-63.08688,-17.55903],[-63.08688,-17.55902],[-63.08688,-17.55901],[-63.08689,-17.55901],[-63.08689,-17.559],[-63.0869,-17.559],[-63.08691,-17.559],[-63.08691,-17.55899],[-63.08692,-17.55899],[-63.08693,-17.55899],[-63.08694,-17.55899],[-63.08695,-17.55899]]},"properties":{"description":"Manzanos","styleUrl":"#line1","stroke-opacity":1,"stroke":"#0000FF","stroke-width":1,"name":"FONDO"}},
{"type":"Feature","geometry":{"type":"LineString","coordinates":[[-63.08698,-17.55887],[-63.08697,-17.55887],[-63.08696,-17.55887],[-63.08696,-17.55886],[-63.08695,-17.55886],[-63.08695,-17.55885],[-63.08694,-17.55885],[-63.08694,-17.55884],[-63.08693,-17.55883],[-63.08693,-17.55882],[-63.08693,-17.55881],[-63.08693,-17.5588]]},"properties":{"description":"Manzanos","styleUrl":"#line1","stroke-opacity":1,"stroke":"#0000FF","stroke-width":1,"name":"FONDO"}},
{"type":"Feature","geometry":{"type":"LineString","coordinates":[[-63.08705,-17.55832],[-63.08705,-17.55831],[-63.08705,-17.5583],[-63.08706,-17.5583],[-63.08706,-17.55829],[-63.08707,-17.55829],[-63.08707,-17.55828],[-63.08708,-17.55828],[-63.08709,-17.55828],[-63.08709,-17.55827],[-63.0871,-17.55827],[-63.08711,-17.55827],[-63.08712,-17.55827]]},"properties":{"description":"Manzanos","styleUrl":"#line1","stroke-opacity":1,"stroke":"#0000FF","stroke-width":1,"name":"FONDO"}},
{"type":"Feature","geometry":{"type":"LineString","coordinates":[[-63.08715,-17.55816],[-63.08714,-17.55816],[-63.08714,-17.55815],[-63.08713,-17.55815],[-63.08712,-17.55815],[-63.08712,-17.55814],[-63.08711,-17.55814],[-63.08711,-17.55813],[-63.08711,-17.55812],[-63.0871,-17.55812],[-63.0871,-17.55811],[-63.0871,-17.5581],[-63.0871,-17.55809],[-63.0871,-17.55808]]},"properties":{"description":"Manzanos","styleUrl":"#line1","stroke-opacity":1,"stroke":"#0000FF","stroke-width":1,"name":"FONDO"}},
{"type":"Feature","geometry":{"type":"LineString","coordinates":[[-63.08722,-17.55761],[-63.08722,-17.5576],[-63.08722,-17.55759],[-63.08723,-17.55759],[-63.08723,-17.55758],[-63.08724,-17.55757],[-63.08725,-17.55757],[-63.08725,-17.55756],[-63.08726,-17.55756],[-63.08727,-17.55756],[-63.08728,-17.55756],[-63.08729,-17.55756],[-63.0873,-17.55756]]},"properties":{"description":"Manzanos","styleUrl":"#line1","stroke-opacity":1,"stroke":"#0000FF","stroke-width":1,"name":"FONDO"}},
{"type":"Feature","geometry":{"type":"LineString","coordinates":[[-63.08749,-17.55761],[-63.0873,-17.55756]]},"properties":{"description":"Manzanos","styleUrl":"#line1","stroke-opacity":1,"stroke":"#0000FF","stroke-width":1,"name":"FONDO"}},
{"type":"Feature","geometry":{"type":"LineString","coordinates":[[-63.08805,-17.55411],[-63.08857,-17.55194]]},"properties":{"description":"Manzanos","styleUrl":"#line1","stroke-opacity":1,"stroke":"#0000FF","stroke-width":1,"name":"FONDO"}},
{"type":"Feature","geometry":{"type":"LineString","coordinates":[[-63.08899,-17.54905],[-63.08532,-17.54896]]},"properties":{"description":"Manzanos","styleUrl":"#line1","stroke-opacity":1,"stroke":"#0000FF","stroke-width":1,"name":"FONDO"}},
{"type":"Feature","geometry":{"type":"LineString","coordinates":[[-63.08849,-17.54903],[-63.0885,-17.54903],[-63.0885,-17.54904],[-63.08851,-17.54904],[-63.08852,-17.54904],[-63.08853,-17.54904],[-63.08854,-17.54904],[-63.08855,-17.54904],[-63.08855,-17.54905],[-63.08856,-17.54905],[-63.08857,-17.54905],[-63.08857,-17.54906],[-63.08858,-17.54906],[-63.08859,-17.54906],[-63.08859,-17.54907],[-63.0886,-17.54907],[-63.08861,-17.54907],[-63.08861,-17.54908],[-63.08862,-17.54908],[-63.08862,-17.54909],[-63.08863,-17.54909],[-63.08863,-17.5491],[-63.08864,-17.5491],[-63.08864,-17.54911],[-63.08865,-17.54911],[-63.08865,-17.54912],[-63.08866,-17.54913],[-63.08866,-17.54914],[-63.08867,-17.54914],[-63.08867,-17.54915],[-63.08867,-17.54916],[-63.08868,-17.54916],[-63.08868,-17.54917],[-63.08868,-17.54918],[-63.08868,-17.54919],[-63.08869,-17.5492],[-63.08869,-17.54921],[-63.08869,-17.54922],[-63.08869,-17.54923],[-63.08869,-17.54924]]},"properties":{"description":"Manzanos","styleUrl":"#line1","stroke-opacity":1,"stroke":"#0000FF","stroke-width":1,"name":"FONDO"}},
{"type":"Feature","geometry":{"type":"LineString","coordinates":[[-63.08756,-17.55688],[-63.08756,-17.55689],[-63.08755,-17.55689],[-63.08755,-17.5569],[-63.08755,-17.55691],[-63.08754,-17.55691],[-63.08754,-17.55692],[-63.08753,-17.55692],[-63.08752,-17.55692],[-63.08752,-17.55693],[-63.08751,-17.55693],[-63.0875,-17.55693],[-63.08749,-17.55693],[-63.08748,-17.55693]]},"properties":{"description":"Manzanos","styleUrl":"#line1","stroke-opacity":1,"stroke":"#0000FF","stroke-width":1,"name":"FONDO"}},
{"type":"Feature","geometry":{"type":"LineString","coordinates":[[-63.0885,-17.54915],[-63.08811,-17.54914]]},"properties":{"description":"Manzanos","styleUrl":"#line1","stroke-opacity":1,"stroke":"#0000FF","stroke-width":1,"name":"FONDO"}},
{"type":"Feature","geometry":{"type":"LineString","coordinates":[[-63.08785,-17.54914],[-63.08734,-17.54913]]},"properties":{"description":"Manzanos","styleUrl":"#line1","stroke-opacity":1,"stroke":"#0000FF","stroke-width":1,"name":"FONDO"}},
{"type":"Feature","geometry":{"type":"LineString","coordinates":[[-63.08702,-17.54912],[-63.08652,-17.54911]]},"properties":{"description":"Manzanos","styleUrl":"#line1","stroke-opacity":1,"stroke":"#0000FF","stroke-width":1,"name":"FONDO"}},
{"type":"Feature","geometry":{"type":"LineString","coordinates":[[-63.08599,-17.5491],[-63.08557,-17.54909]]},"properties":{"description":"Manzanos","styleUrl":"#line1","stroke-opacity":1,"stroke":"#0000FF","stroke-width":1,"name":"FONDO"}},
{"type":"Feature","geometry":{"type":"LineString","coordinates":[[-63.08548,-17.54915],[-63.08548,-17.54914],[-63.08549,-17.54914],[-63.08549,-17.54913],[-63.08549,-17.54912],[-63.0855,-17.54912],[-63.0855,-17.54911],[-63.08551,-17.54911],[-63.08551,-17.5491],[-63.08552,-17.5491],[-63.08552,-17.54909],[-63.08553,-17.54909],[-63.08554,-17.54909],[-63.08555,-17.54909],[-63.08556,-17.54909],[-63.08557,-17.54909]]},"properties":{"description":"Manzanos","styleUrl":"#line1","stroke-opacity":1,"stroke":"#0000FF","stroke-width":1,"name":"FONDO"}},
{"type":"Feature","geometry":{"type":"LineString","coordinates":[[-63.08599,-17.5491],[-63.086,-17.5491],[-63.08601,-17.5491],[-63.08602,-17.5491],[-63.08603,-17.54911],[-63.08604,-17.54911],[-63.08604,-17.54912],[-63.08605,-17.54912],[-63.08605,-17.54913],[-63.08605,-17.54914],[-63.08605,-17.54915],[-63.08606,-17.54915],[-63.08606,-17.54916],[-63.08606,-17.54917],[-63.08605,-17.54917]]},"properties":{"description":"Manzanos","styleUrl":"#line1","stroke-opacity":1,"stroke":"#0000FF","stroke-width":1,"name":"FONDO"}},
{"type":"Feature","geometry":{"type":"LineString","coordinates":[[-63.0885,-17.54915],[-63.08851,-17.54915],[-63.08852,-17.54915],[-63.08852,-17.54916],[-63.08853,-17.54916],[-63.08854,-17.54916],[-63.08854,-17.54917],[-63.08855,-17.54917],[-63.08855,-17.54918],[-63.08856,-17.54918],[-63.08856,-17.54919],[-63.08856,-17.5492],[-63.08857,-17.5492],[-63.08857,-17.54921],[-63.08857,-17.54922]]},"properties":{"description":"Manzanos","styleUrl":"#line1","stroke-opacity":1,"stroke":"#0000FF","stroke-width":1,"name":"FONDO"}},
{"type":"Feature","geometry":{"type":"LineString","coordinates":[[-63.08844,-17.56278],[-63.08839,-17.56298]]},"properties":{"description":"Manzanos","styleUrl":"#line1","stroke-opacity":1,"stroke":"#0000FF","stroke-width":1,"name":"FONDO"}},
{"type":"Feature","geometry":{"type":"LineString","coordinates":[[-63.08637,-17.55382],[-63.08587,-17.55371]]},"properties":{"description":"Manzanos","styleUrl":"#line1","stroke-opacity":1,"stroke":"#0000FF","stroke-width":1,"name":"FONDO"}},
{"type":"Feature","geometry":{"type":"LineString","coordinates":[[-63.08562,-17.55366],[-63.0852,-17.55357]]},"properties":{"description":"Manzanos","styleUrl":"#line1","stroke-opacity":1,"stroke":"#0000FF","stroke-width":1,"name":"FONDO"}},
{"type":"Feature","geometry":{"type":"LineString","coordinates":[[-63.08495,-17.55352],[-63.08455,-17.55343]]},"properties":{"description":"Manzanos","styleUrl":"#line1","stroke-opacity":1,"stroke":"#0000FF","stroke-width":1,"name":"FONDO"}},
{"type":"Feature","geometry":{"type":"LineString","coordinates":[[-63.08718,-17.55399],[-63.08668,-17.55389]]},"properties":{"description":"Manzanos","styleUrl":"#line1","stroke-opacity":1,"stroke":"#0000FF","stroke-width":1,"name":"FONDO"}},
{"type":"Feature","geometry":{"type":"LineString","coordinates":[[-63.08785,-17.55413],[-63.08743,-17.55404]]},"properties":{"description":"Manzanos","styleUrl":"#line1","stroke-opacity":1,"stroke":"#0000FF","stroke-width":1,"name":"FONDO"}},
{"type":"Feature","geometry":{"type":"LineString","coordinates":[[-63.08492,-17.55363],[-63.08452,-17.55354]]},"properties":{"description":"Manzanos","styleUrl":"#line1","stroke-opacity":1,"stroke":"#0000FF","stroke-width":1,"name":"FONDO"}},
{"type":"Feature","geometry":{"type":"LineString","coordinates":[[-63.0856,-17.55377],[-63.08517,-17.55368]]},"properties":{"description":"Manzanos","styleUrl":"#line1","stroke-opacity":1,"stroke":"#0000FF","stroke-width":1,"name":"FONDO"}},
{"type":"Feature","geometry":{"type":"LineString","coordinates":[[-63.08634,-17.55393],[-63.08584,-17.55383]]},"properties":{"description":"Manzanos","styleUrl":"#line1","stroke-opacity":1,"stroke":"#0000FF","stroke-width":1,"name":"FONDO"}},
{"type":"Feature","geometry":{"type":"LineString","coordinates":[[-63.08715,-17.55411],[-63.08665,-17.554]]},"properties":{"description":"Manzanos","styleUrl":"#line1","stroke-opacity":1,"stroke":"#0000FF","stroke-width":1,"name":"FONDO"}},
{"type":"Feature","geometry":{"type":"LineString","coordinates":[[-63.08832,-17.55436],[-63.0874,-17.55416]]},"properties":{"description":"Manzanos","styleUrl":"#line1","stroke-opacity":1,"stroke":"#0000FF","stroke-width":1,"name":"FONDO"}},
{"type":"Feature","geometry":{"type":"LineString","coordinates":[[-63.08455,-17.55343],[-63.08454,-17.55343],[-63.08453,-17.55343],[-63.08453,-17.55342],[-63.08452,-17.55342],[-63.08451,-17.55342],[-63.08451,-17.55341],[-63.0845,-17.55341],[-63.0845,-17.5534],[-63.0845,-17.55339],[-63.08449,-17.55339],[-63.08449,-17.55338],[-63.08449,-17.55337],[-63.08448,-17.55337],[-63.08448,-17.55336],[-63.08448,-17.55335],[-63.08448,-17.55334],[-63.08448,-17.55333]]},"properties":{"description":"Manzanos","styleUrl":"#line1","stroke-opacity":1,"stroke":"#0000FF","stroke-width":1,"name":"FONDO"}},
{"type":"Feature","geometry":{"type":"LineString","coordinates":[[-63.08442,-17.55361],[-63.08442,-17.5536],[-63.08442,-17.55359],[-63.08443,-17.55359],[-63.08443,-17.55358],[-63.08443,-17.55357],[-63.08444,-17.55357],[-63.08444,-17.55356],[-63.08445,-17.55356],[-63.08446,-17.55356],[-63.08446,-17.55355],[-63.08447,-17.55355],[-63.08448,-17.55355],[-63.08448,-17.55354],[-63.08449,-17.55354],[-63.0845,-17.55354],[-63.08451,-17.55354],[-63.08452,-17.55354]]},"properties":{"description":"Manzanos","styleUrl":"#line1","stroke-opacity":1,"stroke":"#0000FF","stroke-width":1,"name":"FONDO"}},
{"type":"Feature","geometry":{"type":"LineString","coordinates":[[-63.08655,-17.55406],[-63.08655,-17.55405],[-63.08656,-17.55405],[-63.08656,-17.55404],[-63.08656,-17.55403],[-63.08657,-17.55403],[-63.08657,-17.55402],[-63.08658,-17.55402],[-63.08658,-17.55401],[-63.08659,-17.55401],[-63.0866,-17.55401],[-63.0866,-17.554],[-63.08661,-17.554],[-63.08662,-17.554],[-63.08663,-17.554],[-63.08664,-17.554],[-63.08665,-17.554]]},"properties":{"description":"Manzanos","styleUrl":"#line1","stroke-opacity":1,"stroke":"#0000FF","stroke-width":1,"name":"FONDO"}},
{"type":"Feature","geometry":{"type":"LineString","coordinates":[[-63.08634,-17.55393],[-63.08635,-17.55393],[-63.08635,-17.55394],[-63.08636,-17.55394],[-63.08637,-17.55394],[-63.08637,-17.55395],[-63.08638,-17.55395],[-63.08638,-17.55396],[-63.08639,-17.55396],[-63.08639,-17.55397],[-63.0864,-17.55397],[-63.0864,-17.55398],[-63.0864,-17.55399],[-63.08641,-17.55399],[-63.08641,-17.554],[-63.08641,-17.55401],[-63.08641,-17.55402],[-63.08641,-17.55403]]},"properties":{"description":"Manzanos","styleUrl":"#line1","stroke-opacity":1,"stroke":"#0000FF","stroke-width":1,"name":"FONDO"}},
{"type":"Feature","geometry":{"type":"LineString","coordinates":[[-63.08647,-17.55376],[-63.08647,-17.55377],[-63.08646,-17.55377],[-63.08646,-17.55378],[-63.08646,-17.55379],[-63.08645,-17.55379],[-63.08645,-17.5538],[-63.08644,-17.5538],[-63.08644,-17.55381],[-63.08643,-17.55381],[-63.08642,-17.55381],[-63.08642,-17.55382],[-63.08641,-17.55382],[-63.0864,-17.55382],[-63.08639,-17.55382],[-63.08638,-17.55382],[-63.08637,-17.55382]]},"properties":{"description":"Manzanos","styleUrl":"#line1","stroke-opacity":1,"stroke":"#0000FF","stroke-width":1,"name":"FONDO"}},
{"type":"Feature","geometry":{"type":"LineString","coordinates":[[-63.08668,-17.55389],[-63.08668,-17.55388],[-63.08667,-17.55388],[-63.08666,-17.55388],[-63.08666,-17.55387],[-63.08665,-17.55387],[-63.08664,-17.55387],[-63.08664,-17.55386],[-63.08663,-17.55386],[-63.08663,-17.55385],[-63.08663,-17.55384],[-63.08662,-17.55384],[-63.08662,-17.55383],[-63.08662,-17.55382],[-63.08662,-17.55381],[-63.08662,-17.5538],[-63.08662,-17.55379]]},"properties":{"description":"Manzanos","styleUrl":"#line1","stroke-opacity":1,"stroke":"#0000FF","stroke-width":1,"name":"FONDO"}},
{"type":"Feature","geometry":{"type":"LineString","coordinates":[[-63.08577,-17.55387],[-63.08577,-17.55386],[-63.08577,-17.55385],[-63.08578,-17.55385],[-63.08578,-17.55384],[-63.08579,-17.55384],[-63.0858,-17.55383],[-63.08581,-17.55383],[-63.08582,-17.55383],[-63.08583,-17.55383],[-63.08584,-17.55383]]},"properties":{"description":"Manzanos","styleUrl":"#line1","stroke-opacity":1,"stroke":"#0000FF","stroke-width":1,"name":"FONDO"}},
{"type":"Feature","geometry":{"type":"LineString","coordinates":[[-63.0856,-17.55377],[-63.0856,-17.55378],[-63.08561,-17.55378],[-63.08562,-17.55378],[-63.08562,-17.55379],[-63.08563,-17.55379],[-63.08563,-17.5538],[-63.08564,-17.5538],[-63.08564,-17.55381],[-63.08564,-17.55382],[-63.08565,-17.55382],[-63.08565,-17.55383],[-63.08565,-17.55384],[-63.08565,-17.55385]]},"properties":{"description":"Manzanos","styleUrl":"#line1","stroke-opacity":1,"stroke":"#0000FF","stroke-width":1,"name":"FONDO"}},
{"type":"Feature","geometry":{"type":"LineString","coordinates":[[-63.0857,-17.55361],[-63.0857,-17.55362],[-63.0857,-17.55363],[-63.08569,-17.55363],[-63.08569,-17.55364],[-63.08568,-17.55364],[-63.08568,-17.55365],[-63.08567,-17.55365],[-63.08567,-17.55366],[-63.08566,-17.55366],[-63.08565,-17.55366],[-63.08564,-17.55366],[-63.08563,-17.55366],[-63.08562,-17.55366]]},"properties":{"description":"Manzanos","styleUrl":"#line1","stroke-opacity":1,"stroke":"#0000FF","stroke-width":1,"name":"FONDO"}},
{"type":"Feature","geometry":{"type":"LineString","coordinates":[[-63.08587,-17.55371],[-63.08586,-17.55371],[-63.08585,-17.55371],[-63.08585,-17.5537],[-63.08584,-17.5537],[-63.08584,-17.55369],[-63.08583,-17.55369],[-63.08583,-17.55368],[-63.08583,-17.55367],[-63.08582,-17.55367],[-63.08582,-17.55366],[-63.08582,-17.55365],[-63.08582,-17.55364]]},"properties":{"description":"Manzanos","styleUrl":"#line1","stroke-opacity":1,"stroke":"#0000FF","stroke-width":1,"name":"FONDO"}},
{"type":"Feature","geometry":{"type":"LineString","coordinates":[[-63.0852,-17.55357],[-63.08519,-17.55357],[-63.08519,-17.55356],[-63.08518,-17.55356],[-63.08517,-17.55356],[-63.08517,-17.55355],[-63.08516,-17.55355],[-63.08516,-17.55354],[-63.08516,-17.55353],[-63.08515,-17.55353],[-63.08515,-17.55352],[-63.08515,-17.55351],[-63.08515,-17.5535],[-63.08515,-17.55349]]},"properties":{"description":"Manzanos","styleUrl":"#line1","stroke-opacity":1,"stroke":"#0000FF","stroke-width":1,"name":"FONDO"}},
{"type":"Feature","geometry":{"type":"LineString","coordinates":[[-63.08509,-17.55373],[-63.0851,-17.55373],[-63.0851,-17.55372],[-63.0851,-17.55371],[-63.08511,-17.55371],[-63.08511,-17.5537],[-63.08512,-17.5537],[-63.08512,-17.55369],[-63.08513,-17.55369],[-63.08514,-17.55369],[-63.08514,-17.55368],[-63.08515,-17.55368],[-63.08516,-17.55368],[-63.08517,-17.55368]]},"properties":{"description":"Manzanos","styleUrl":"#line1","stroke-opacity":1,"stroke":"#0000FF","stroke-width":1,"name":"FONDO"}},
{"type":"Feature","geometry":{"type":"LineString","coordinates":[[-63.08492,-17.55363],[-63.08493,-17.55363],[-63.08494,-17.55363],[-63.08494,-17.55364],[-63.08495,-17.55364],[-63.08495,-17.55365],[-63.08496,-17.55365],[-63.08496,-17.55366],[-63.08497,-17.55366],[-63.08497,-17.55367],[-63.08497,-17.55368],[-63.08498,-17.55368],[-63.08498,-17.55369],[-63.08498,-17.5537],[-63.08497,-17.5537],[-63.08497,-17.55371]]},"properties":{"description":"Manzanos","styleUrl":"#line1","stroke-opacity":1,"stroke":"#0000FF","stroke-width":1,"name":"FONDO"}},
{"type":"Feature","geometry":{"type":"LineString","coordinates":[[-63.08503,-17.55347],[-63.08503,-17.55348],[-63.08502,-17.55348],[-63.08502,-17.55349],[-63.08502,-17.5535],[-63.08501,-17.5535],[-63.08501,-17.55351],[-63.085,-17.55351],[-63.08499,-17.55351],[-63.08499,-17.55352],[-63.08498,-17.55352],[-63.08497,-17.55352],[-63.08496,-17.55352],[-63.08495,-17.55352]]},"properties":{"description":"Manzanos","styleUrl":"#line1","stroke-opacity":1,"stroke":"#0000FF","stroke-width":1,"name":"FONDO"}},
{"type":"Feature","geometry":{"type":"LineString","coordinates":[[-63.08793,-17.55409],[-63.08793,-17.5541],[-63.08792,-17.5541],[-63.08792,-17.55411],[-63.08791,-17.55411],[-63.08791,-17.55412],[-63.0879,-17.55412],[-63.0879,-17.55413],[-63.08789,-17.55413],[-63.08788,-17.55413],[-63.08788,-17.55414],[-63.08787,-17.55414],[-63.08786,-17.55414],[-63.08785,-17.55414],[-63.08785,-17.55413]]},"properties":{"description":"Manzanos","styleUrl":"#line1","stroke-opacity":1,"stroke":"#0000FF","stroke-width":1,"name":"FONDO"}},
{"type":"Feature","geometry":{"type":"LineString","coordinates":[[-63.08743,-17.55404],[-63.08742,-17.55404],[-63.08741,-17.55404],[-63.0874,-17.55404],[-63.0874,-17.55403],[-63.08739,-17.55403],[-63.08739,-17.55402],[-63.08738,-17.55402],[-63.08738,-17.55401],[-63.08738,-17.554],[-63.08738,-17.55399],[-63.08738,-17.55398],[-63.08738,-17.55397]]},"properties":{"description":"Manzanos","styleUrl":"#line1","stroke-opacity":1,"stroke":"#0000FF","stroke-width":1,"name":"FONDO"}},
{"type":"Feature","geometry":{"type":"LineString","coordinates":[[-63.08726,-17.55394],[-63.08726,-17.55395],[-63.08725,-17.55395],[-63.08725,-17.55396],[-63.08725,-17.55397],[-63.08724,-17.55397],[-63.08724,-17.55398],[-63.08723,-17.55398],[-63.08722,-17.55399],[-63.08721,-17.55399],[-63.0872,-17.55399],[-63.08719,-17.55399],[-63.08718,-17.55399]]},"properties":{"description":"Manzanos","styleUrl":"#line1","stroke-opacity":1,"stroke":"#0000FF","stroke-width":1,"name":"FONDO"}},
{"type":"Feature","geometry":{"type":"LineString","coordinates":[[-63.08715,-17.55411],[-63.08716,-17.55411],[-63.08717,-17.55411],[-63.08717,-17.55412],[-63.08718,-17.55412],[-63.08718,-17.55413],[-63.08719,-17.55413],[-63.08719,-17.55414],[-63.0872,-17.55414],[-63.0872,-17.55415],[-63.0872,-17.55416],[-63.0872,-17.55417],[-63.0872,-17.55418]]},"properties":{"description":"Manzanos","styleUrl":"#line1","stroke-opacity":1,"stroke":"#0000FF","stroke-width":1,"name":"FONDO"}},
{"type":"Feature","geometry":{"type":"LineString","coordinates":[[-63.08732,-17.55421],[-63.08732,-17.5542],[-63.08732,-17.55419],[-63.08733,-17.55419],[-63.08733,-17.55418],[-63.08734,-17.55418],[-63.08734,-17.55417],[-63.08735,-17.55417],[-63.08735,-17.55416],[-63.08736,-17.55416],[-63.08737,-17.55416],[-63.08738,-17.55416],[-63.08739,-17.55416],[-63.0874,-17.55416]]},"properties":{"description":"Manzanos","styleUrl":"#line1","stroke-opacity":1,"stroke":"#0000FF","stroke-width":1,"name":"FONDO"}},
{"type":"Feature","geometry":{"type":"LineString","coordinates":[[-63.08805,-17.55411],[-63.08805,-17.55412],[-63.08804,-17.55412],[-63.08804,-17.55413],[-63.08804,-17.55414],[-63.08804,-17.55415],[-63.08803,-17.55415],[-63.08803,-17.55416],[-63.08803,-17.55417],[-63.08802,-17.55417],[-63.08802,-17.55418],[-63.08801,-17.55418],[-63.08801,-17.55419],[-63.088,-17.55419],[-63.088,-17.5542],[-63.08799,-17.5542],[-63.08799,-17.55421],[-63.08798,-17.55421],[-63.08798,-17.55422],[-63.08797,-17.55422],[-63.08797,-17.55423],[-63.08796,-17.55423],[-63.08795,-17.55423],[-63.08795,-17.55424],[-63.08794,-17.55424],[-63.08793,-17.55424],[-63.08792,-17.55424],[-63.08792,-17.55425],[-63.08791,-17.55425],[-63.0879,-17.55425],[-63.08789,-17.55425],[-63.08788,-17.55425],[-63.08787,-17.55425],[-63.08786,-17.55425],[-63.08785,-17.55425],[-63.08784,-17.55425],[-63.08783,-17.55425],[-63.08782,-17.55425]]},"properties":{"description":"Manzanos","styleUrl":"#line1","stroke-opacity":1,"stroke":"#0000FF","stroke-width":1,"name":"FONDO"}},
{"type":"Feature","geometry":{"type":"LineString","coordinates":[[-63.08811,-17.56382],[-63.08812,-17.56382],[-63.08813,-17.56382],[-63.08813,-17.56383],[-63.08814,-17.56383],[-63.08814,-17.56384],[-63.08815,-17.56384],[-63.08815,-17.56385],[-63.08815,-17.56386],[-63.08816,-17.56386],[-63.08816,-17.56387],[-63.08816,-17.56388],[-63.08816,-17.56389],[-63.08816,-17.5639],[-63.08816,-17.56391]]},"properties":{"description":"Manzanos","styleUrl":"#line1","stroke-opacity":1,"stroke":"#0000FF","stroke-width":1,"name":"FONDO"}},
{"type":"Feature","geometry":{"type":"LineString","coordinates":[[-63.08823,-17.56363],[-63.08823,-17.56364],[-63.08823,-17.56365],[-63.08822,-17.56365],[-63.08822,-17.56366],[-63.08821,-17.56366],[-63.08821,-17.56367],[-63.0882,-17.56367],[-63.0882,-17.56368],[-63.08819,-17.56368],[-63.08819,-17.56369],[-63.08818,-17.56369],[-63.08817,-17.56369],[-63.08816,-17.56369],[-63.08816,-17.5637],[-63.08815,-17.5637],[-63.08814,-17.5637],[-63.08813,-17.5637],[-63.08813,-17.56369],[-63.08812,-17.56369],[-63.08811,-17.56369]]},"properties":{"description":"Manzanos","styleUrl":"#line1","stroke-opacity":1,"stroke":"#0000FF","stroke-width":1,"name":"FONDO"}},
{"type":"Feature","geometry":{"type":"LineString","coordinates":[[-63.08806,-17.56433],[-63.08805,-17.56433],[-63.08805,-17.56434],[-63.08805,-17.56435],[-63.08804,-17.56435],[-63.08804,-17.56436],[-63.08804,-17.56437],[-63.08803,-17.56437],[-63.08803,-17.56438],[-63.08802,-17.56438],[-63.08801,-17.56438],[-63.08801,-17.56439],[-63.088,-17.56439],[-63.08799,-17.56439],[-63.08798,-17.56439],[-63.08797,-17.56439],[-63.08796,-17.56439],[-63.08795,-17.56439],[-63.08794,-17.56439]]},"properties":{"description":"Manzanos","styleUrl":"#line1","stroke-opacity":1,"stroke":"#0000FF","stroke-width":1,"name":"FONDO"}},
{"type":"Feature","geometry":{"type":"LineString","coordinates":[[-63.08827,-17.56317],[-63.08828,-17.56317],[-63.08829,-17.56317],[-63.08829,-17.56318],[-63.0883,-17.56318],[-63.0883,-17.56319],[-63.08831,-17.56319],[-63.08831,-17.5632],[-63.08832,-17.5632],[-63.08832,-17.56321],[-63.08832,-17.56322],[-63.08832,-17.56323],[-63.08832,-17.56324],[-63.08832,-17.56325],[-63.08832,-17.56326]]},"properties":{"description":"Manzanos","styleUrl":"#line1","stroke-opacity":1,"stroke":"#0000FF","stroke-width":1,"name":"FONDO"}},
{"type":"Feature","geometry":{"type":"LineString","coordinates":[[-63.08839,-17.56298],[-63.08839,-17.56299],[-63.08839,-17.563],[-63.08838,-17.563],[-63.08838,-17.56301],[-63.08837,-17.56302],[-63.08836,-17.56303],[-63.08835,-17.56303],[-63.08835,-17.56304],[-63.08834,-17.56304],[-63.08833,-17.56304],[-63.08832,-17.56304],[-63.08832,-17.56305],[-63.08831,-17.56305],[-63.0883,-17.56305],[-63.0883,-17.56304],[-63.08829,-17.56304],[-63.08828,-17.56304]]},"properties":{"description":"Manzanos","styleUrl":"#line1","stroke-opacity":1,"stroke":"#0000FF","stroke-width":1,"name":"FONDO"}},
{"type":"Feature","geometry":{"type":"LineString","coordinates":[[-63.08575,-17.56375],[-63.08575,-17.56374],[-63.08576,-17.56374],[-63.08576,-17.56373],[-63.08576,-17.56372],[-63.08577,-17.56372],[-63.08577,-17.56371],[-63.08578,-17.56371],[-63.08578,-17.5637],[-63.08579,-17.5637],[-63.08579,-17.56369],[-63.0858,-17.56369],[-63.08581,-17.56369],[-63.08582,-17.56369],[-63.08582,-17.56368],[-63.08583,-17.56368],[-63.08584,-17.56368],[-63.08585,-17.56368],[-63.08585,-17.56369],[-63.08586,-17.56369],[-63.08587,-17.56369]]},"properties":{"description":"Manzanos","styleUrl":"#line1","stroke-opacity":1,"stroke":"#0000FF","stroke-width":1,"name":"FONDO"}},
{"type":"Feature","geometry":{"type":"LineString","coordinates":[[-63.0856,-17.56358],[-63.08561,-17.56358],[-63.08561,-17.56359],[-63.08562,-17.56359],[-63.08562,-17.5636],[-63.08563,-17.5636],[-63.08563,-17.56361],[-63.08564,-17.56361],[-63.08564,-17.56362],[-63.08564,-17.56363],[-63.08565,-17.56363],[-63.08565,-17.56364],[-63.08565,-17.56365],[-63.08565,-17.56366],[-63.08565,-17.56367]]},"properties":{"description":"Manzanos","styleUrl":"#line1","stroke-opacity":1,"stroke":"#0000FF","stroke-width":1,"name":"FONDO"}},
{"type":"Feature","geometry":{"type":"LineString","coordinates":[[-63.08587,-17.56354],[-63.08587,-17.56353],[-63.08586,-17.56353],[-63.08586,-17.56352],[-63.08585,-17.56352],[-63.08584,-17.56351],[-63.08584,-17.5635],[-63.08583,-17.5635],[-63.08583,-17.56349],[-63.08583,-17.56348],[-63.08582,-17.56348],[-63.08582,-17.56347],[-63.08582,-17.56346],[-63.08582,-17.56345],[-63.08582,-17.56344],[-63.08583,-17.56344]]},"properties":{"description":"Manzanos","styleUrl":"#line1","stroke-opacity":1,"stroke":"#0000FF","stroke-width":1,"name":"FONDO"}},
{"type":"Feature","geometry":{"type":"LineString","coordinates":[[-63.08572,-17.56337],[-63.08571,-17.56338],[-63.08571,-17.56339],[-63.0857,-17.56339],[-63.0857,-17.5634],[-63.0857,-17.56341],[-63.08569,-17.56341],[-63.08568,-17.56341],[-63.08568,-17.56342],[-63.08567,-17.56342],[-63.08566,-17.56342],[-63.08566,-17.56343],[-63.08565,-17.56343],[-63.08564,-17.56343],[-63.08563,-17.56343],[-63.08562,-17.56343],[-63.08561,-17.56343],[-63.08561,-17.56342],[-63.0856,-17.56342]]},"properties":{"description":"Manzanos","styleUrl":"#line1","stroke-opacity":1,"stroke":"#0000FF","stroke-width":1,"name":"FONDO"}},
{"type":"Feature","geometry":{"type":"LineString","coordinates":[[-63.08865,-17.55189],[-63.08883,-17.55193]]},"properties":{"description":"Manzanos","styleUrl":"#line1","stroke-opacity":1,"stroke":"#0000FF","stroke-width":1,"name":"FONDO"}},
{"type":"Feature","geometry":{"type":"LineString","coordinates":[[-63.0888,-17.5518],[-63.08864,-17.55177]]},"properties":{"description":"Manzanos","styleUrl":"#line1","stroke-opacity":1,"stroke":"#0000FF","stroke-width":1,"name":"FONDO"}},
{"type":"Feature","geometry":{"type":"LineString","coordinates":[[-63.08692,-17.5514],[-63.08642,-17.55129]]},"properties":{"description":"Manzanos","styleUrl":"#line1","stroke-opacity":1,"stroke":"#0000FF","stroke-width":1,"name":"FONDO"}},
{"type":"Feature","geometry":{"type":"LineString","coordinates":[[-63.08832,-17.55436],[-63.08888,-17.552]]},"properties":{"description":"Manzanos","styleUrl":"#line1","stroke-opacity":1,"stroke":"#0000FF","stroke-width":1,"name":"FONDO"}},
{"type":"Feature","geometry":{"type":"LineString","coordinates":[[-63.08883,-17.55193],[-63.08884,-17.55193],[-63.08885,-17.55193],[-63.08885,-17.55194],[-63.08886,-17.55194],[-63.08886,-17.55195],[-63.08887,-17.55195],[-63.08887,-17.55196],[-63.08888,-17.55196],[-63.08888,-17.55197],[-63.08888,-17.55198],[-63.08888,-17.55199],[-63.08888,-17.552]]},"properties":{"description":"Manzanos","styleUrl":"#line1","stroke-opacity":1,"stroke":"#0000FF","stroke-width":1,"name":"FONDO"}},
{"type":"Feature","geometry":{"type":"LineString","coordinates":[[-63.08794,-17.55156],[-63.08804,-17.5492]]},"properties":{"description":"Manzanos","styleUrl":"#line1","stroke-opacity":1,"stroke":"#0000FF","stroke-width":1,"name":"FONDO"}},
{"type":"Feature","geometry":{"type":"LineString","coordinates":[[-63.08782,-17.55152],[-63.08792,-17.5492]]},"properties":{"description":"Manzanos","styleUrl":"#line1","stroke-opacity":1,"stroke":"#0000FF","stroke-width":1,"name":"FONDO"}},
{"type":"Feature","geometry":{"type":"LineString","coordinates":[[-63.08717,-17.55138],[-63.08726,-17.5492]]},"properties":{"description":"Manzanos","styleUrl":"#line1","stroke-opacity":1,"stroke":"#0000FF","stroke-width":1,"name":"FONDO"}},
{"type":"Feature","geometry":{"type":"LineString","coordinates":[[-63.08702,-17.55132],[-63.08711,-17.5492]]},"properties":{"description":"Manzanos","styleUrl":"#line1","stroke-opacity":1,"stroke":"#0000FF","stroke-width":1,"name":"FONDO"}},
{"type":"Feature","geometry":{"type":"LineString","coordinates":[[-63.08636,-17.55123],[-63.08645,-17.54917]]},"properties":{"description":"Manzanos","styleUrl":"#line1","stroke-opacity":1,"stroke":"#0000FF","stroke-width":1,"name":"FONDO"}},
{"type":"Feature","geometry":{"type":"LineString","coordinates":[[-63.08624,-17.55118],[-63.08632,-17.54931]]},"properties":{"description":"Manzanos","styleUrl":"#line1","stroke-opacity":1,"stroke":"#0000FF","stroke-width":1,"name":"FONDO"}},
{"type":"Feature","geometry":{"type":"LineString","coordinates":[[-63.088,-17.55163],[-63.08799,-17.55163],[-63.08798,-17.55163],[-63.08798,-17.55162],[-63.08797,-17.55162],[-63.08797,-17.55161],[-63.08796,-17.55161],[-63.08796,-17.5516],[-63.08795,-17.5516],[-63.08795,-17.55159],[-63.08795,-17.55158],[-63.08794,-17.55158],[-63.08794,-17.55157],[-63.08794,-17.55156]]},"properties":{"description":"Manzanos","styleUrl":"#line1","stroke-opacity":1,"stroke":"#0000FF","stroke-width":1,"name":"FONDO"}},
{"type":"Feature","geometry":{"type":"LineString","coordinates":[[-63.08782,-17.55152],[-63.08782,-17.55153],[-63.08782,-17.55154],[-63.08781,-17.55154],[-63.08781,-17.55155],[-63.08781,-17.55156],[-63.0878,-17.55156],[-63.08779,-17.55157],[-63.08778,-17.55157],[-63.08777,-17.55157],[-63.08777,-17.55158],[-63.08776,-17.55158],[-63.08775,-17.55158],[-63.08774,-17.55158],[-63.08774,-17.55157]]},"properties":{"description":"Manzanos","styleUrl":"#line1","stroke-opacity":1,"stroke":"#0000FF","stroke-width":1,"name":"FONDO"}},
{"type":"Feature","geometry":{"type":"LineString","coordinates":[[-63.08645,-17.54917],[-63.08645,-17.54916],[-63.08645,-17.54915],[-63.08645,-17.54914],[-63.08646,-17.54914],[-63.08646,-17.54913],[-63.08647,-17.54913],[-63.08647,-17.54912],[-63.08648,-17.54912],[-63.08648,-17.54911],[-63.08649,-17.54911],[-63.0865,-17.54911],[-63.08651,-17.54911],[-63.08652,-17.54911]]},"properties":{"description":"Manzanos","styleUrl":"#line1","stroke-opacity":1,"stroke":"#0000FF","stroke-width":1,"name":"FONDO"}},
{"type":"Feature","geometry":{"type":"LineString","coordinates":[[-63.08785,-17.54914],[-63.08786,-17.54914],[-63.08787,-17.54914],[-63.08788,-17.54914],[-63.08788,-17.54915],[-63.08789,-17.54915],[-63.0879,-17.54915],[-63.0879,-17.54916],[-63.08791,-17.54916],[-63.08791,-17.54917],[-63.08791,-17.54918],[-63.08792,-17.54918],[-63.08792,-17.54919],[-63.08792,-17.5492]]},"properties":{"description":"Manzanos","styleUrl":"#line1","stroke-opacity":1,"stroke":"#0000FF","stroke-width":1,"name":"FONDO"}},
{"type":"Feature","geometry":{"type":"LineString","coordinates":[[-63.08804,-17.5492],[-63.08804,-17.54919],[-63.08804,-17.54918],[-63.08805,-17.54918],[-63.08805,-17.54917],[-63.08806,-17.54917],[-63.08806,-17.54916],[-63.08807,-17.54916],[-63.08807,-17.54915],[-63.08808,-17.54915],[-63.08809,-17.54915],[-63.08809,-17.54914],[-63.0881,-17.54914],[-63.08811,-17.54914]]},"properties":{"description":"Manzanos","styleUrl":"#line1","stroke-opacity":1,"stroke":"#0000FF","stroke-width":1,"name":"FONDO"}},
{"type":"Feature","geometry":{"type":"LineString","coordinates":[[-63.08726,-17.5492],[-63.08726,-17.54919],[-63.08726,-17.54918],[-63.08726,-17.54917],[-63.08727,-17.54917],[-63.08727,-17.54916],[-63.08728,-17.54916],[-63.08728,-17.54915],[-63.08729,-17.54915],[-63.08729,-17.54914],[-63.0873,-17.54914],[-63.0873,-17.54913],[-63.08731,-17.54913],[-63.08732,-17.54913],[-63.08733,-17.54913],[-63.08734,-17.54913]]},"properties":{"description":"Manzanos","styleUrl":"#line1","stroke-opacity":1,"stroke":"#0000FF","stroke-width":1,"name":"FONDO"}},
{"type":"Feature","geometry":{"type":"LineString","coordinates":[[-63.08702,-17.54912],[-63.08703,-17.54912],[-63.08704,-17.54912],[-63.08705,-17.54912],[-63.08705,-17.54913],[-63.08706,-17.54913],[-63.08707,-17.54913],[-63.08707,-17.54914],[-63.08708,-17.54914],[-63.08708,-17.54915],[-63.08709,-17.54915],[-63.08709,-17.54916],[-63.0871,-17.54916],[-63.0871,-17.54917],[-63.0871,-17.54918],[-63.0871,-17.54919],[-63.08711,-17.54919],[-63.08711,-17.5492]]},"properties":{"description":"Manzanos","styleUrl":"#line1","stroke-opacity":1,"stroke":"#0000FF","stroke-width":1,"name":"FONDO"}},
{"type":"Feature","geometry":{"type":"LineString","coordinates":[[-63.08615,-17.54929],[-63.08615,-17.54928],[-63.08616,-17.54928],[-63.08616,-17.54927],[-63.08617,-17.54926],[-63.08617,-17.54925],[-63.08618,-17.54925],[-63.08619,-17.54925],[-63.08619,-17.54924],[-63.0862,-17.54924],[-63.08621,-17.54923],[-63.08622,-17.54923],[-63.08623,-17.54923],[-63.08624,-17.54923],[-63.08625,-17.54923],[-63.08626,-17.54923],[-63.08626,-17.54924],[-63.08627,-17.54924],[-63.08628,-17.54924],[-63.08628,-17.54925],[-63.08629,-17.54925],[-63.0863,-17.54925],[-63.0863,-17.54926],[-63.0863,-17.54927],[-63.08631,-17.54927],[-63.08631,-17.54928],[-63.08631,-17.54929],[-63.08632,-17.54929],[-63.08632,-17.5493],[-63.08632,-17.54931]]},"properties":{"description":"Manzanos","styleUrl":"#line1","stroke-opacity":1,"stroke":"#0000FF","stroke-width":1,"name":"FONDO"}},
{"type":"Feature","geometry":{"type":"LineString","coordinates":[[-63.08724,-17.55147],[-63.08723,-17.55147],[-63.08723,-17.55146],[-63.08722,-17.55146],[-63.08721,-17.55146],[-63.08721,-17.55145],[-63.0872,-17.55145],[-63.08719,-17.55145],[-63.08719,-17.55144],[-63.08718,-17.55143],[-63.08718,-17.55142],[-63.08717,-17.55142],[-63.08717,-17.55141],[-63.08717,-17.5514],[-63.08717,-17.55139],[-63.08717,-17.55138]]},"properties":{"description":"Manzanos","styleUrl":"#line1","stroke-opacity":1,"stroke":"#0000FF","stroke-width":1,"name":"FONDO"}},
{"type":"Feature","geometry":{"type":"LineString","coordinates":[[-63.08702,-17.55132],[-63.08702,-17.55133],[-63.08702,-17.55134],[-63.08702,-17.55135],[-63.08701,-17.55135],[-63.08701,-17.55136],[-63.08701,-17.55137],[-63.087,-17.55137],[-63.087,-17.55138],[-63.08699,-17.55138],[-63.08698,-17.55139],[-63.08697,-17.55139],[-63.08697,-17.5514],[-63.08696,-17.5514],[-63.08695,-17.5514],[-63.08694,-17.5514],[-63.08693,-17.5514],[-63.08692,-17.5514]]},"properties":{"description":"Manzanos","styleUrl":"#line1","stroke-opacity":1,"stroke":"#0000FF","stroke-width":1,"name":"FONDO"}},
{"type":"Feature","geometry":{"type":"LineString","coordinates":[[-63.08642,-17.55129],[-63.08641,-17.55129],[-63.0864,-17.55129],[-63.0864,-17.55128],[-63.08639,-17.55128],[-63.08638,-17.55128],[-63.08638,-17.55127],[-63.08638,-17.55126],[-63.08637,-17.55126],[-63.08637,-17.55125],[-63.08637,-17.55124],[-63.08636,-17.55124],[-63.08636,-17.55123]]},"properties":{"description":"Manzanos","styleUrl":"#line1","stroke-opacity":1,"stroke":"#0000FF","stroke-width":1,"name":"FONDO"}},
{"type":"Feature","geometry":{"type":"LineString","coordinates":[[-63.08624,-17.55118],[-63.08624,-17.55119],[-63.08624,-17.5512],[-63.08624,-17.55121],[-63.08623,-17.55121],[-63.08623,-17.55122],[-63.08622,-17.55122],[-63.08622,-17.55123],[-63.08621,-17.55123],[-63.0862,-17.55123],[-63.0862,-17.55124],[-63.08619,-17.55124],[-63.08618,-17.55124],[-63.08617,-17.55124],[-63.08616,-17.55124]]},"properties":{"description":"Manzanos","styleUrl":"#line1","stroke-opacity":1,"stroke":"#0000FF","stroke-width":1,"name":"FONDO"}},
{"type":"Feature","geometry":{"type":"LineString","coordinates":[[-63.08553,-17.56174],[-63.08553,-17.56173],[-63.08553,-17.56172],[-63.08554,-17.56172],[-63.08554,-17.56171],[-63.08555,-17.5617],[-63.08556,-17.5617],[-63.08556,-17.56169],[-63.08557,-17.56169],[-63.08558,-17.56169],[-63.08559,-17.56169],[-63.0856,-17.56169],[-63.08561,-17.56169]]},"properties":{"description":"Manzanos","styleUrl":"#line1","stroke-opacity":1,"stroke":"#0000FF","stroke-width":1,"name":"FONDO"}},
{"type":"Feature","geometry":{"type":"LineString","coordinates":[[-63.08536,-17.56163],[-63.08537,-17.56163],[-63.08537,-17.56164],[-63.08538,-17.56164],[-63.08538,-17.56165],[-63.08539,-17.56165],[-63.0854,-17.56166],[-63.0854,-17.56167],[-63.08541,-17.56167],[-63.08541,-17.56168],[-63.08541,-17.56169],[-63.08541,-17.5617],[-63.08541,-17.56171]]},"properties":{"description":"Manzanos","styleUrl":"#line1","stroke-opacity":1,"stroke":"#0000FF","stroke-width":1,"name":"FONDO"}},
{"type":"Feature","geometry":{"type":"LineString","coordinates":[[-63.08857,-17.55194],[-63.08857,-17.55193],[-63.08857,-17.55192],[-63.08858,-17.55192],[-63.08858,-17.55191],[-63.08858,-17.5519],[-63.08859,-17.5519],[-63.0886,-17.5519],[-63.0886,-17.55189],[-63.08861,-17.55189],[-63.08862,-17.55189],[-63.08863,-17.55189],[-63.08864,-17.55189],[-63.08865,-17.55189]]},"properties":{"description":"Manzanos","styleUrl":"#line1","stroke-opacity":1,"stroke":"#0000FF","stroke-width":1,"name":"FONDO"}},
{"type":"Feature","geometry":{"type":"LineString","coordinates":[[-63.08864,-17.55177],[-63.08863,-17.55176],[-63.08862,-17.55176],[-63.08861,-17.55175],[-63.0886,-17.55175],[-63.0886,-17.55174],[-63.0886,-17.55173],[-63.08859,-17.55173],[-63.08859,-17.55172],[-63.08859,-17.55171],[-63.08859,-17.5517]]},"properties":{"description":"Manzanos","styleUrl":"#line1","stroke-opacity":1,"stroke":"#0000FF","stroke-width":1,"name":"FONDO"}},
{"type":"Feature","geometry":{"type":"LineString","coordinates":[[-63.08897,-17.55179],[-63.08898,-17.55179],[-63.08899,-17.55179],[-63.089,-17.55179],[-63.08901,-17.55179],[-63.08902,-17.55179],[-63.08903,-17.55179],[-63.08904,-17.55179],[-63.08905,-17.55179],[-63.08905,-17.5518],[-63.08906,-17.5518],[-63.08907,-17.5518],[-63.08907,-17.55181],[-63.08908,-17.55181],[-63.08909,-17.55181],[-63.08909,-17.55182],[-63.0891,-17.55182],[-63.0891,-17.55183],[-63.08911,-17.55183],[-63.08911,-17.55184],[-63.08912,-17.55185],[-63.08912,-17.55186],[-63.08912,-17.55187],[-63.08913,-17.55187],[-63.08913,-17.55188],[-63.08913,-17.55189],[-63.08913,-17.5519],[-63.08913,-17.55191],[-63.08913,-17.55192],[-63.08913,-17.55193],[-63.08913,-17.55194],[-63.08912,-17.55195],[-63.08912,-17.55196],[-63.08911,-17.55197],[-63.08911,-17.55198],[-63.0891,-17.55198],[-63.0891,-17.55199],[-63.08909,-17.55199],[-63.08909,-17.552],[-63.08908,-17.552],[-63.08907,-17.55201],[-63.08906,-17.55201],[-63.08905,-17.55201],[-63.08905,-17.55202],[-63.08904,-17.55202],[-63.08903,-17.55202],[-63.08902,-17.55202],[-63.08901,-17.55202],[-63.089,-17.55202],[-63.08899,-17.55202],[-63.08898,-17.55202],[-63.08897,-17.55202],[-63.08896,-17.55201]]},"properties":{"description":"Manzanos","styleUrl":"#line1","stroke-opacity":1,"stroke":"#0000FF","stroke-width":1,"name":"FONDO"}},
{"type":"Feature","geometry":{"type":"LineString","coordinates":[[-63.08887,-17.55206],[-63.08887,-17.55205],[-63.08887,-17.55204],[-63.08888,-17.55204],[-63.08888,-17.55203],[-63.08888,-17.55202],[-63.08889,-17.55202],[-63.0889,-17.55202],[-63.0889,-17.55201],[-63.08891,-17.55201],[-63.08892,-17.55201],[-63.08893,-17.55201],[-63.08894,-17.55201],[-63.08895,-17.55201],[-63.08896,-17.55201]]},"properties":{"description":"Manzanos","styleUrl":"#line1","stroke-opacity":1,"stroke":"#0000FF","stroke-width":1,"name":"FONDO"}},
{"type":"Feature","geometry":{"type":"LineString","coordinates":[[-63.08888,-17.55174],[-63.08899,-17.54905]]},"properties":{"description":"Manzanos","styleUrl":"#line1","stroke-opacity":1,"stroke":"#0000FF","stroke-width":1,"name":"FONDO"}},
{"type":"Feature","geometry":{"type":"LineString","coordinates":[[-63.08897,-17.55179],[-63.08897,-17.5518],[-63.08896,-17.5518],[-63.08895,-17.5518],[-63.08894,-17.5518],[-63.08893,-17.55179],[-63.08892,-17.55179],[-63.08891,-17.55179],[-63.08891,-17.55178],[-63.0889,-17.55178],[-63.0889,-17.55177],[-63.08889,-17.55177],[-63.08889,-17.55176],[-63.08889,-17.55175],[-63.08889,-17.55174],[-63.08888,-17.55174],[-63.08888,-17.55173]]},"properties":{"description":"Manzanos","styleUrl":"#line1","stroke-opacity":1,"stroke":"#0000FF","stroke-width":1,"name":"FONDO"}},
{"type":"Feature","geometry":{"type":"LineString","coordinates":[[-63.08888,-17.55174],[-63.08888,-17.55175],[-63.08888,-17.55176],[-63.08888,-17.55177],[-63.08887,-17.55177],[-63.08887,-17.55178],[-63.08886,-17.55178],[-63.08886,-17.55179],[-63.08885,-17.55179],[-63.08885,-17.5518],[-63.08884,-17.5518],[-63.08883,-17.5518],[-63.08882,-17.5518],[-63.08881,-17.5518],[-63.0888,-17.5518]]},"properties":{"description":"Manzanos","styleUrl":"#line1","stroke-opacity":1,"stroke":"#0000FF","stroke-width":1,"name":"FONDO"}},
{"type":"Feature","geometry":{"type":"LineString","coordinates":[[-63.0875,-17.55749],[-63.08732,-17.55745]]},"properties":{"description":"Manzanos","styleUrl":"#line1","stroke-opacity":1,"stroke":"#0000FF","stroke-width":1,"name":"FONDO"}},
{"type":"Feature","geometry":{"type":"LineString","coordinates":[[-63.08727,-17.55737],[-63.08734,-17.55708]]},"properties":{"description":"Manzanos","styleUrl":"#line1","stroke-opacity":1,"stroke":"#0000FF","stroke-width":1,"name":"FONDO"}},
{"type":"Feature","geometry":{"type":"LineString","coordinates":[[-63.08742,-17.55703],[-63.08757,-17.55707]]},"properties":{"description":"Manzanos","styleUrl":"#line1","stroke-opacity":1,"stroke":"#0000FF","stroke-width":1,"name":"FONDO"}},
{"type":"Feature","geometry":{"type":"LineString","coordinates":[[-63.08734,-17.55708],[-63.08734,-17.55707],[-63.08735,-17.55707],[-63.08735,-17.55706],[-63.08735,-17.55705],[-63.08736,-17.55705],[-63.08737,-17.55705],[-63.08737,-17.55704],[-63.08738,-17.55704],[-63.08739,-17.55704],[-63.08739,-17.55703],[-63.0874,-17.55703],[-63.08741,-17.55703],[-63.08742,-17.55703]]},"properties":{"description":"Manzanos","styleUrl":"#line1","stroke-opacity":1,"stroke":"#0000FF","stroke-width":1,"name":"FONDO"}},
{"type":"Feature","geometry":{"type":"LineString","coordinates":[[-63.08732,-17.55745],[-63.08732,-17.55744],[-63.08731,-17.55744],[-63.0873,-17.55744],[-63.0873,-17.55743],[-63.08729,-17.55743],[-63.08729,-17.55742],[-63.08728,-17.55742],[-63.08728,-17.55741],[-63.08727,-17.55741],[-63.08727,-17.5574],[-63.08727,-17.55739],[-63.08727,-17.55738],[-63.08727,-17.55737]]},"properties":{"description":"Manzanos","styleUrl":"#line1","stroke-opacity":1,"stroke":"#0000FF","stroke-width":1,"name":"FONDO"}},
{"type":"Feature","geometry":{"type":"LineString","coordinates":[[-63.08749,-17.56501],[-63.08774,-17.56446]]},"properties":{"description":"Lotes","styleUrl":"#line2","stroke-opacity":1,"stroke":"#000000","stroke-width":1,"name":"FONDO"}},
{"type":"Feature","geometry":{"type":"LineString","coordinates":[[-63.0857,-17.56397],[-63.08776,-17.56482]]},"properties":{"description":"Lotes","styleUrl":"#line2","stroke-opacity":1,"stroke":"#000000","stroke-width":1,"name":"FONDO"}},
{"type":"Feature","geometry":{"type":"LineString","coordinates":[[-63.08741,-17.56497],[-63.08765,-17.56442]]},"properties":{"description":"Lotes","styleUrl":"#line2","stroke-opacity":1,"stroke":"#000000","stroke-width":1,"name":"FONDO"}},
{"type":"Feature","geometry":{"type":"LineString","coordinates":[[-63.08732,-17.56494],[-63.08757,-17.56439]]},"properties":{"description":"Lotes","styleUrl":"#line2","stroke-opacity":1,"stroke":"#000000","stroke-width":1,"name":"FONDO"}},
{"type":"Feature","geometry":{"type":"LineString","coordinates":[[-63.08723,-17.5649],[-63.08748,-17.56435]]},"properties":{"description":"Lotes","styleUrl":"#line2","stroke-opacity":1,"stroke":"#000000","stroke-width":1,"name":"FONDO"}},
{"type":"Feature","geometry":{"type":"LineString","coordinates":[[-63.08715,-17.56487],[-63.08739,-17.56432]]},"properties":{"description":"Lotes","styleUrl":"#line2","stroke-opacity":1,"stroke":"#000000","stroke-width":1,"name":"FONDO"}},
{"type":"Feature","geometry":{"type":"LineString","coordinates":[[-63.08706,-17.56483],[-63.08731,-17.56428]]},"properties":{"description":"Lotes","styleUrl":"#line2","stroke-opacity":1,"stroke":"#000000","stroke-width":1,"name":"FONDO"}},
{"type":"Feature","geometry":{"type":"LineString","coordinates":[[-63.08697,-17.56479],[-63.08722,-17.56425]]},"properties":{"description":"Lotes","styleUrl":"#line2","stroke-opacity":1,"stroke":"#000000","stroke-width":1,"name":"FONDO"}},
{"type":"Feature","geometry":{"type":"LineString","coordinates":[[-63.08689,-17.56476],[-63.08713,-17.56421]]},"properties":{"description":"Lotes","styleUrl":"#line2","stroke-opacity":1,"stroke":"#000000","stroke-width":1,"name":"FONDO"}},
{"type":"Feature","geometry":{"type":"LineString","coordinates":[[-63.0868,-17.56472],[-63.08705,-17.56418]]},"properties":{"description":"Lotes","styleUrl":"#line2","stroke-opacity":1,"stroke":"#000000","stroke-width":1,"name":"FONDO"}},
{"type":"Feature","geometry":{"type":"LineString","coordinates":[[-63.08671,-17.56469],[-63.08696,-17.56414]]},"properties":{"description":"Lotes","styleUrl":"#line2","stroke-opacity":1,"stroke":"#000000","stroke-width":1,"name":"FONDO"}},
{"type":"Feature","geometry":{"type":"LineString","coordinates":[[-63.08663,-17.56465],[-63.08687,-17.5641]]},"properties":{"description":"Lotes","styleUrl":"#line2","stroke-opacity":1,"stroke":"#000000","stroke-width":1,"name":"FONDO"}},
{"type":"Feature","geometry":{"type":"LineString","coordinates":[[-63.08654,-17.56462],[-63.08679,-17.56407]]},"properties":{"description":"Lotes","styleUrl":"#line2","stroke-opacity":1,"stroke":"#000000","stroke-width":1,"name":"FONDO"}},
{"type":"Feature","geometry":{"type":"LineString","coordinates":[[-63.08645,-17.56458],[-63.0867,-17.56403]]},"properties":{"description":"Lotes","styleUrl":"#line2","stroke-opacity":1,"stroke":"#000000","stroke-width":1,"name":"FONDO"}},
{"type":"Feature","geometry":{"type":"LineString","coordinates":[[-63.08637,-17.56455],[-63.08661,-17.564]]},"properties":{"description":"Lotes","styleUrl":"#line2","stroke-opacity":1,"stroke":"#000000","stroke-width":1,"name":"FONDO"}},
{"type":"Feature","geometry":{"type":"LineString","coordinates":[[-63.08628,-17.56451],[-63.08653,-17.56396]]},"properties":{"description":"Lotes","styleUrl":"#line2","stroke-opacity":1,"stroke":"#000000","stroke-width":1,"name":"FONDO"}},
{"type":"Feature","geometry":{"type":"LineString","coordinates":[[-63.08619,-17.56447],[-63.08644,-17.56393]]},"properties":{"description":"Lotes","styleUrl":"#line2","stroke-opacity":1,"stroke":"#000000","stroke-width":1,"name":"FONDO"}},
{"type":"Feature","geometry":{"type":"LineString","coordinates":[[-63.08611,-17.56444],[-63.08635,-17.56389]]},"properties":{"description":"Lotes","styleUrl":"#line2","stroke-opacity":1,"stroke":"#000000","stroke-width":1,"name":"FONDO"}},
{"type":"Feature","geometry":{"type":"LineString","coordinates":[[-63.08602,-17.5644],[-63.08627,-17.56385]]},"properties":{"description":"Lotes","styleUrl":"#line2","stroke-opacity":1,"stroke":"#000000","stroke-width":1,"name":"FONDO"}},
{"type":"Feature","geometry":{"type":"LineString","coordinates":[[-63.08594,-17.56437],[-63.08618,-17.56382]]},"properties":{"description":"Lotes","styleUrl":"#line2","stroke-opacity":1,"stroke":"#000000","stroke-width":1,"name":"FONDO"}},
{"type":"Feature","geometry":{"type":"LineString","coordinates":[[-63.08585,-17.56433],[-63.08609,-17.56378]]},"properties":{"description":"Lotes","styleUrl":"#line2","stroke-opacity":1,"stroke":"#000000","stroke-width":1,"name":"FONDO"}},
{"type":"Feature","geometry":{"type":"LineString","coordinates":[[-63.08576,-17.5643],[-63.08601,-17.56375]]},"properties":{"description":"Lotes","styleUrl":"#line2","stroke-opacity":1,"stroke":"#000000","stroke-width":1,"name":"FONDO"}},
{"type":"Feature","geometry":{"type":"LineString","coordinates":[[-63.08433,-17.56341],[-63.08558,-17.56393]]},"properties":{"description":"Lotes","styleUrl":"#line2","stroke-opacity":1,"stroke":"#000000","stroke-width":1,"name":"FONDO"}},
{"type":"Feature","geometry":{"type":"LineString","coordinates":[[-63.08228,-17.56257],[-63.08418,-17.56335]]},"properties":{"description":"Lotes","styleUrl":"#line2","stroke-opacity":1,"stroke":"#000000","stroke-width":1,"name":"FONDO"}},
{"type":"Feature","geometry":{"type":"LineString","coordinates":[[-63.08484,-17.56392],[-63.08509,-17.56337]]},"properties":{"description":"Lotes","styleUrl":"#line2","stroke-opacity":1,"stroke":"#000000","stroke-width":1,"name":"FONDO"}},
{"type":"Feature","geometry":{"type":"LineString","coordinates":[[-63.08312,-17.56321],[-63.08337,-17.56266]]},"properties":{"description":"Lotes","styleUrl":"#line2","stroke-opacity":1,"stroke":"#000000","stroke-width":1,"name":"FONDO"}},
{"type":"Feature","geometry":{"type":"LineString","coordinates":[[-63.08493,-17.56395],[-63.08518,-17.5634]]},"properties":{"description":"Lotes","styleUrl":"#line2","stroke-opacity":1,"stroke":"#000000","stroke-width":1,"name":"FONDO"}},
{"type":"Feature","geometry":{"type":"LineString","coordinates":[[-63.08502,-17.56399],[-63.08526,-17.56344]]},"properties":{"description":"Lotes","styleUrl":"#line2","stroke-opacity":1,"stroke":"#000000","stroke-width":1,"name":"FONDO"}},
{"type":"Feature","geometry":{"type":"LineString","coordinates":[[-63.0851,-17.56402],[-63.08535,-17.56348]]},"properties":{"description":"Lotes","styleUrl":"#line2","stroke-opacity":1,"stroke":"#000000","stroke-width":1,"name":"FONDO"}},
{"type":"Feature","geometry":{"type":"LineString","coordinates":[[-63.08519,-17.56406],[-63.08543,-17.56351]]},"properties":{"description":"Lotes","styleUrl":"#line2","stroke-opacity":1,"stroke":"#000000","stroke-width":1,"name":"FONDO"}},
{"type":"Feature","geometry":{"type":"LineString","coordinates":[[-63.08528,-17.5641],[-63.08552,-17.56355]]},"properties":{"description":"Lotes","styleUrl":"#line2","stroke-opacity":1,"stroke":"#000000","stroke-width":1,"name":"FONDO"}},
{"type":"Feature","geometry":{"type":"LineString","coordinates":[[-63.08536,-17.56413],[-63.08547,-17.56388]]},"properties":{"description":"Lotes","styleUrl":"#line2","stroke-opacity":1,"stroke":"#000000","stroke-width":1,"name":"FONDO"}},
{"type":"Feature","geometry":{"type":"LineString","coordinates":[[-63.08493,-17.56395],[-63.08518,-17.5634]]},"properties":{"description":"Lotes","styleUrl":"#line2","stroke-opacity":1,"stroke":"#000000","stroke-width":1,"name":"FONDO"}},
{"type":"Feature","geometry":{"type":"LineString","coordinates":[[-63.08476,-17.56388],[-63.085,-17.56333]]},"properties":{"description":"Lotes","styleUrl":"#line2","stroke-opacity":1,"stroke":"#000000","stroke-width":1,"name":"FONDO"}},
{"type":"Feature","geometry":{"type":"LineString","coordinates":[[-63.08467,-17.56385],[-63.08492,-17.5633]]},"properties":{"description":"Lotes","styleUrl":"#line2","stroke-opacity":1,"stroke":"#000000","stroke-width":1,"name":"FONDO"}},
{"type":"Feature","geometry":{"type":"LineString","coordinates":[[-63.08458,-17.56381],[-63.08483,-17.56326]]},"properties":{"description":"Lotes","styleUrl":"#line2","stroke-opacity":1,"stroke":"#000000","stroke-width":1,"name":"FONDO"}},
{"type":"Feature","geometry":{"type":"LineString","coordinates":[[-63.0845,-17.56377],[-63.08474,-17.56323]]},"properties":{"description":"Lotes","styleUrl":"#line2","stroke-opacity":1,"stroke":"#000000","stroke-width":1,"name":"FONDO"}},
{"type":"Feature","geometry":{"type":"LineString","coordinates":[[-63.08441,-17.56374],[-63.08466,-17.56319]]},"properties":{"description":"Lotes","styleUrl":"#line2","stroke-opacity":1,"stroke":"#000000","stroke-width":1,"name":"FONDO"}},
{"type":"Feature","geometry":{"type":"LineString","coordinates":[[-63.08444,-17.56345],[-63.08457,-17.56315]]},"properties":{"description":"Lotes","styleUrl":"#line2","stroke-opacity":1,"stroke":"#000000","stroke-width":1,"name":"FONDO"}},
{"type":"Feature","geometry":{"type":"LineString","coordinates":[[-63.08304,-17.56317],[-63.08328,-17.56262]]},"properties":{"description":"Lotes","styleUrl":"#line2","stroke-opacity":1,"stroke":"#000000","stroke-width":1,"name":"FONDO"}},
{"type":"Feature","geometry":{"type":"LineString","coordinates":[[-63.08295,-17.56314],[-63.08319,-17.56259]]},"properties":{"description":"Lotes","styleUrl":"#line2","stroke-opacity":1,"stroke":"#000000","stroke-width":1,"name":"FONDO"}},
{"type":"Feature","geometry":{"type":"LineString","coordinates":[[-63.08286,-17.5631],[-63.08311,-17.56255]]},"properties":{"description":"Lotes","styleUrl":"#line2","stroke-opacity":1,"stroke":"#000000","stroke-width":1,"name":"FONDO"}},
{"type":"Feature","geometry":{"type":"LineString","coordinates":[[-63.08278,-17.56307],[-63.08302,-17.56252]]},"properties":{"description":"Lotes","styleUrl":"#line2","stroke-opacity":1,"stroke":"#000000","stroke-width":1,"name":"FONDO"}},
{"type":"Feature","geometry":{"type":"LineString","coordinates":[[-63.08269,-17.56303],[-63.08293,-17.56248]]},"properties":{"description":"Lotes","styleUrl":"#line2","stroke-opacity":1,"stroke":"#000000","stroke-width":1,"name":"FONDO"}},
{"type":"Feature","geometry":{"type":"LineString","coordinates":[[-63.0826,-17.56299],[-63.08285,-17.56245]]},"properties":{"description":"Lotes","styleUrl":"#line2","stroke-opacity":1,"stroke":"#000000","stroke-width":1,"name":"FONDO"}},
{"type":"Feature","geometry":{"type":"LineString","coordinates":[[-63.08252,-17.56296],[-63.08276,-17.56241]]},"properties":{"description":"Lotes","styleUrl":"#line2","stroke-opacity":1,"stroke":"#000000","stroke-width":1,"name":"FONDO"}},
{"type":"Feature","geometry":{"type":"LineString","coordinates":[[-63.08243,-17.56292],[-63.08267,-17.56237]]},"properties":{"description":"Lotes","styleUrl":"#line2","stroke-opacity":1,"stroke":"#000000","stroke-width":1,"name":"FONDO"}},
{"type":"Feature","geometry":{"type":"LineString","coordinates":[[-63.08234,-17.56289],[-63.08259,-17.56234]]},"properties":{"description":"Lotes","styleUrl":"#line2","stroke-opacity":1,"stroke":"#000000","stroke-width":1,"name":"FONDO"}},
{"type":"Feature","geometry":{"type":"LineString","coordinates":[[-63.08321,-17.56324],[-63.08345,-17.5627]]},"properties":{"description":"Lotes","styleUrl":"#line2","stroke-opacity":1,"stroke":"#000000","stroke-width":1,"name":"FONDO"}},
{"type":"Feature","geometry":{"type":"LineString","coordinates":[[-63.0833,-17.56328],[-63.08354,-17.56273]]},"properties":{"description":"Lotes","styleUrl":"#line2","stroke-opacity":1,"stroke":"#000000","stroke-width":1,"name":"FONDO"}},
{"type":"Feature","geometry":{"type":"LineString","coordinates":[[-63.08338,-17.56332],[-63.08363,-17.56277]]},"properties":{"description":"Lotes","styleUrl":"#line2","stroke-opacity":1,"stroke":"#000000","stroke-width":1,"name":"FONDO"}},
{"type":"Feature","geometry":{"type":"LineString","coordinates":[[-63.08347,-17.56335],[-63.08371,-17.5628]]},"properties":{"description":"Lotes","styleUrl":"#line2","stroke-opacity":1,"stroke":"#000000","stroke-width":1,"name":"FONDO"}},
{"type":"Feature","geometry":{"type":"LineString","coordinates":[[-63.08356,-17.56339],[-63.0838,-17.56284]]},"properties":{"description":"Lotes","styleUrl":"#line2","stroke-opacity":1,"stroke":"#000000","stroke-width":1,"name":"FONDO"}},
{"type":"Feature","geometry":{"type":"LineString","coordinates":[[-63.08364,-17.56342],[-63.08389,-17.56287]]},"properties":{"description":"Lotes","styleUrl":"#line2","stroke-opacity":1,"stroke":"#000000","stroke-width":1,"name":"FONDO"}},
{"type":"Feature","geometry":{"type":"LineString","coordinates":[[-63.08373,-17.56346],[-63.08397,-17.56291]]},"properties":{"description":"Lotes","styleUrl":"#line2","stroke-opacity":1,"stroke":"#000000","stroke-width":1,"name":"FONDO"}},
{"type":"Feature","geometry":{"type":"LineString","coordinates":[[-63.08381,-17.56349],[-63.08406,-17.56295]]},"properties":{"description":"Lotes","styleUrl":"#line2","stroke-opacity":1,"stroke":"#000000","stroke-width":1,"name":"FONDO"}},
{"type":"Feature","geometry":{"type":"LineString","coordinates":[[-63.0839,-17.56353],[-63.08415,-17.56298]]},"properties":{"description":"Lotes","styleUrl":"#line2","stroke-opacity":1,"stroke":"#000000","stroke-width":1,"name":"FONDO"}},
{"type":"Feature","geometry":{"type":"LineString","coordinates":[[-63.0833,-17.56247],[-63.08351,-17.56158]]},"properties":{"description":"Lotes","styleUrl":"#line2","stroke-opacity":1,"stroke":"#000000","stroke-width":1,"name":"FONDO"}},
{"type":"Feature","geometry":{"type":"LineString","coordinates":[[-63.08266,-17.56221],[-63.08293,-17.56107]]},"properties":{"description":"Lotes","styleUrl":"#line2","stroke-opacity":1,"stroke":"#000000","stroke-width":1,"name":"FONDO"}},
{"type":"Feature","geometry":{"type":"LineString","coordinates":[[-63.08394,-17.56274],[-63.08427,-17.56138]]},"properties":{"description":"Lotes","styleUrl":"#line2","stroke-opacity":1,"stroke":"#000000","stroke-width":1,"name":"FONDO"}},
{"type":"Feature","geometry":{"type":"LineString","coordinates":[[-63.08479,-17.56309],[-63.08515,-17.56158]]},"properties":{"description":"Lotes","styleUrl":"#line2","stroke-opacity":1,"stroke":"#000000","stroke-width":1,"name":"FONDO"}},
{"type":"Feature","geometry":{"type":"LineString","coordinates":[[-63.08551,-17.56302],[-63.08582,-17.56174]]},"properties":{"description":"Lotes","styleUrl":"#line2","stroke-opacity":1,"stroke":"#000000","stroke-width":1,"name":"FONDO"}},
{"type":"Feature","geometry":{"type":"LineString","coordinates":[[-63.08524,-17.5624],[-63.0846,-17.56226]]},"properties":{"description":"Lotes","styleUrl":"#line2","stroke-opacity":1,"stroke":"#000000","stroke-width":1,"name":"FONDO"}},
{"type":"Feature","geometry":{"type":"LineString","coordinates":[[-63.08589,-17.56264],[-63.08534,-17.56252]]},"properties":{"description":"Lotes","styleUrl":"#line2","stroke-opacity":1,"stroke":"#000000","stroke-width":1,"name":"FONDO"}},
{"type":"Feature","geometry":{"type":"LineString","coordinates":[[-63.08394,-17.56155],[-63.08458,-17.56169]]},"properties":{"description":"Lotes","styleUrl":"#line2","stroke-opacity":1,"stroke":"#000000","stroke-width":1,"name":"FONDO"}},
{"type":"Feature","geometry":{"type":"LineString","coordinates":[[-63.0826,-17.56124],[-63.08315,-17.56136]]},"properties":{"description":"Lotes","styleUrl":"#line2","stroke-opacity":1,"stroke":"#000000","stroke-width":1,"name":"FONDO"}},
{"type":"Feature","geometry":{"type":"LineString","coordinates":[[-63.08591,-17.56255],[-63.08536,-17.56243]]},"properties":{"description":"Lotes","styleUrl":"#line2","stroke-opacity":1,"stroke":"#000000","stroke-width":1,"name":"FONDO"}},
{"type":"Feature","geometry":{"type":"LineString","coordinates":[[-63.08526,-17.56231],[-63.08462,-17.56217]]},"properties":{"description":"Lotes","styleUrl":"#line2","stroke-opacity":1,"stroke":"#000000","stroke-width":1,"name":"FONDO"}},
{"type":"Feature","geometry":{"type":"LineString","coordinates":[[-63.08396,-17.56146],[-63.0846,-17.5616]]},"properties":{"description":"Lotes","styleUrl":"#line2","stroke-opacity":1,"stroke":"#000000","stroke-width":1,"name":"FONDO"}},
{"type":"Feature","geometry":{"type":"LineString","coordinates":[[-63.08262,-17.56115],[-63.08317,-17.56127]]},"properties":{"description":"Lotes","styleUrl":"#line2","stroke-opacity":1,"stroke":"#000000","stroke-width":1,"name":"FONDO"}},
{"type":"Feature","geometry":{"type":"LineString","coordinates":[[-63.08529,-17.56222],[-63.08464,-17.56208]]},"properties":{"description":"Lotes","styleUrl":"#line2","stroke-opacity":1,"stroke":"#000000","stroke-width":1,"name":"FONDO"}},
{"type":"Feature","geometry":{"type":"LineString","coordinates":[[-63.08531,-17.56213],[-63.08466,-17.56199]]},"properties":{"description":"Lotes","styleUrl":"#line2","stroke-opacity":1,"stroke":"#000000","stroke-width":1,"name":"FONDO"}},
{"type":"Feature","geometry":{"type":"LineString","coordinates":[[-63.08533,-17.56204],[-63.08468,-17.5619]]},"properties":{"description":"Lotes","styleUrl":"#line2","stroke-opacity":1,"stroke":"#000000","stroke-width":1,"name":"FONDO"}},
{"type":"Feature","geometry":{"type":"LineString","coordinates":[[-63.08535,-17.56196],[-63.08471,-17.56181]]},"properties":{"description":"Lotes","styleUrl":"#line2","stroke-opacity":1,"stroke":"#000000","stroke-width":1,"name":"FONDO"}},
{"type":"Feature","geometry":{"type":"LineString","coordinates":[[-63.08537,-17.56187],[-63.08473,-17.56173]]},"properties":{"description":"Lotes","styleUrl":"#line2","stroke-opacity":1,"stroke":"#000000","stroke-width":1,"name":"FONDO"}},
{"type":"Feature","geometry":{"type":"LineString","coordinates":[[-63.08539,-17.56178],[-63.08475,-17.56164]]},"properties":{"description":"Lotes","styleUrl":"#line2","stroke-opacity":1,"stroke":"#000000","stroke-width":1,"name":"FONDO"}},
{"type":"Feature","geometry":{"type":"LineString","coordinates":[[-63.08522,-17.56248],[-63.08458,-17.56234]]},"properties":{"description":"Lotes","styleUrl":"#line2","stroke-opacity":1,"stroke":"#000000","stroke-width":1,"name":"FONDO"}},
{"type":"Feature","geometry":{"type":"LineString","coordinates":[[-63.0852,-17.56257],[-63.08456,-17.56243]]},"properties":{"description":"Lotes","styleUrl":"#line2","stroke-opacity":1,"stroke":"#000000","stroke-width":1,"name":"FONDO"}},
{"type":"Feature","geometry":{"type":"LineString","coordinates":[[-63.08518,-17.56266],[-63.08454,-17.56252]]},"properties":{"description":"Lotes","styleUrl":"#line2","stroke-opacity":1,"stroke":"#000000","stroke-width":1,"name":"FONDO"}},
{"type":"Feature","geometry":{"type":"LineString","coordinates":[[-63.08516,-17.56275],[-63.08452,-17.56261]]},"properties":{"description":"Lotes","styleUrl":"#line2","stroke-opacity":1,"stroke":"#000000","stroke-width":1,"name":"FONDO"}},
{"type":"Feature","geometry":{"type":"LineString","coordinates":[[-63.08514,-17.56284],[-63.0845,-17.5627]]},"properties":{"description":"Lotes","styleUrl":"#line2","stroke-opacity":1,"stroke":"#000000","stroke-width":1,"name":"FONDO"}},
{"type":"Feature","geometry":{"type":"LineString","coordinates":[[-63.08484,-17.56286],[-63.08447,-17.56278]]},"properties":{"description":"Lotes","styleUrl":"#line2","stroke-opacity":1,"stroke":"#000000","stroke-width":1,"name":"FONDO"}},
{"type":"Feature","geometry":{"type":"LineString","coordinates":[[-63.08489,-17.56313],[-63.08497,-17.5628]]},"properties":{"description":"Lotes","styleUrl":"#line2","stroke-opacity":1,"stroke":"#000000","stroke-width":1,"name":"FONDO"}},
{"type":"Feature","geometry":{"type":"LineString","coordinates":[[-63.08593,-17.56246],[-63.08538,-17.56234]]},"properties":{"description":"Lotes","styleUrl":"#line2","stroke-opacity":1,"stroke":"#000000","stroke-width":1,"name":"FONDO"}},
{"type":"Feature","geometry":{"type":"LineString","coordinates":[[-63.08595,-17.56237],[-63.0854,-17.56225]]},"properties":{"description":"Lotes","styleUrl":"#line2","stroke-opacity":1,"stroke":"#000000","stroke-width":1,"name":"FONDO"}},
{"type":"Feature","geometry":{"type":"LineString","coordinates":[[-63.08598,-17.56229],[-63.08542,-17.56216]]},"properties":{"description":"Lotes","styleUrl":"#line2","stroke-opacity":1,"stroke":"#000000","stroke-width":1,"name":"FONDO"}},
{"type":"Feature","geometry":{"type":"LineString","coordinates":[[-63.086,-17.5622],[-63.08544,-17.56208]]},"properties":{"description":"Lotes","styleUrl":"#line2","stroke-opacity":1,"stroke":"#000000","stroke-width":1,"name":"FONDO"}},
{"type":"Feature","geometry":{"type":"LineString","coordinates":[[-63.08602,-17.56211],[-63.08547,-17.56199]]},"properties":{"description":"Lotes","styleUrl":"#line2","stroke-opacity":1,"stroke":"#000000","stroke-width":1,"name":"FONDO"}},
{"type":"Feature","geometry":{"type":"LineString","coordinates":[[-63.08604,-17.56202],[-63.08549,-17.5619]]},"properties":{"description":"Lotes","styleUrl":"#line2","stroke-opacity":1,"stroke":"#000000","stroke-width":1,"name":"FONDO"}},
{"type":"Feature","geometry":{"type":"LineString","coordinates":[[-63.08606,-17.56193],[-63.08551,-17.56181]]},"properties":{"description":"Lotes","styleUrl":"#line2","stroke-opacity":1,"stroke":"#000000","stroke-width":1,"name":"FONDO"}},
{"type":"Feature","geometry":{"type":"LineString","coordinates":[[-63.08587,-17.56273],[-63.08532,-17.5626]]},"properties":{"description":"Lotes","styleUrl":"#line2","stroke-opacity":1,"stroke":"#000000","stroke-width":1,"name":"FONDO"}},
{"type":"Feature","geometry":{"type":"LineString","coordinates":[[-63.08585,-17.56281],[-63.0853,-17.56269]]},"properties":{"description":"Lotes","styleUrl":"#line2","stroke-opacity":1,"stroke":"#000000","stroke-width":1,"name":"FONDO"}},
{"type":"Feature","geometry":{"type":"LineString","coordinates":[[-63.08583,-17.5629],[-63.08528,-17.56278]]},"properties":{"description":"Lotes","styleUrl":"#line2","stroke-opacity":1,"stroke":"#000000","stroke-width":1,"name":"FONDO"}},
{"type":"Feature","geometry":{"type":"LineString","coordinates":[[-63.08581,-17.56299],[-63.08526,-17.56287]]},"properties":{"description":"Lotes","styleUrl":"#line2","stroke-opacity":1,"stroke":"#000000","stroke-width":1,"name":"FONDO"}},
{"type":"Feature","geometry":{"type":"LineString","coordinates":[[-63.08579,-17.56308],[-63.08524,-17.56296]]},"properties":{"description":"Lotes","styleUrl":"#line2","stroke-opacity":1,"stroke":"#000000","stroke-width":1,"name":"FONDO"}},
{"type":"Feature","geometry":{"type":"LineString","coordinates":[[-63.08547,-17.56337],[-63.08556,-17.56303]]},"properties":{"description":"Lotes","styleUrl":"#line2","stroke-opacity":1,"stroke":"#000000","stroke-width":1,"name":"FONDO"}},
{"type":"Feature","geometry":{"type":"LineString","coordinates":[[-63.08539,-17.56333],[-63.08546,-17.56301]]},"properties":{"description":"Lotes","styleUrl":"#line2","stroke-opacity":1,"stroke":"#000000","stroke-width":1,"name":"FONDO"}},
{"type":"Feature","geometry":{"type":"LineString","coordinates":[[-63.08556,-17.56341],[-63.08565,-17.56305]]},"properties":{"description":"Lotes","styleUrl":"#line2","stroke-opacity":1,"stroke":"#000000","stroke-width":1,"name":"FONDO"}},
{"type":"Feature","geometry":{"type":"LineString","coordinates":[[-63.0853,-17.5633],[-63.08537,-17.56299]]},"properties":{"description":"Lotes","styleUrl":"#line2","stroke-opacity":1,"stroke":"#000000","stroke-width":1,"name":"FONDO"}},
{"type":"Feature","geometry":{"type":"LineString","coordinates":[[-63.08392,-17.56163],[-63.08456,-17.56177]]},"properties":{"description":"Lotes","styleUrl":"#line2","stroke-opacity":1,"stroke":"#000000","stroke-width":1,"name":"FONDO"}},
{"type":"Feature","geometry":{"type":"LineString","coordinates":[[-63.0839,-17.56172],[-63.08454,-17.56186]]},"properties":{"description":"Lotes","styleUrl":"#line2","stroke-opacity":1,"stroke":"#000000","stroke-width":1,"name":"FONDO"}},
{"type":"Feature","geometry":{"type":"LineString","coordinates":[[-63.08387,-17.56181],[-63.08452,-17.56195]]},"properties":{"description":"Lotes","styleUrl":"#line2","stroke-opacity":1,"stroke":"#000000","stroke-width":1,"name":"FONDO"}},
{"type":"Feature","geometry":{"type":"LineString","coordinates":[[-63.08385,-17.5619],[-63.0845,-17.56204]]},"properties":{"description":"Lotes","styleUrl":"#line2","stroke-opacity":1,"stroke":"#000000","stroke-width":1,"name":"FONDO"}},
{"type":"Feature","geometry":{"type":"LineString","coordinates":[[-63.08383,-17.56199],[-63.08448,-17.56213]]},"properties":{"description":"Lotes","styleUrl":"#line2","stroke-opacity":1,"stroke":"#000000","stroke-width":1,"name":"FONDO"}},
{"type":"Feature","geometry":{"type":"LineString","coordinates":[[-63.08381,-17.56207],[-63.08445,-17.56222]]},"properties":{"description":"Lotes","styleUrl":"#line2","stroke-opacity":1,"stroke":"#000000","stroke-width":1,"name":"FONDO"}},
{"type":"Feature","geometry":{"type":"LineString","coordinates":[[-63.08379,-17.56216],[-63.08443,-17.5623]]},"properties":{"description":"Lotes","styleUrl":"#line2","stroke-opacity":1,"stroke":"#000000","stroke-width":1,"name":"FONDO"}},
{"type":"Feature","geometry":{"type":"LineString","coordinates":[[-63.08377,-17.56225],[-63.08441,-17.56239]]},"properties":{"description":"Lotes","styleUrl":"#line2","stroke-opacity":1,"stroke":"#000000","stroke-width":1,"name":"FONDO"}},
{"type":"Feature","geometry":{"type":"LineString","coordinates":[[-63.08375,-17.56234],[-63.08439,-17.56248]]},"properties":{"description":"Lotes","styleUrl":"#line2","stroke-opacity":1,"stroke":"#000000","stroke-width":1,"name":"FONDO"}},
{"type":"Feature","geometry":{"type":"LineString","coordinates":[[-63.08373,-17.56243],[-63.08437,-17.56257]]},"properties":{"description":"Lotes","styleUrl":"#line2","stroke-opacity":1,"stroke":"#000000","stroke-width":1,"name":"FONDO"}},
{"type":"Feature","geometry":{"type":"LineString","coordinates":[[-63.08371,-17.56251],[-63.08435,-17.56266]]},"properties":{"description":"Lotes","styleUrl":"#line2","stroke-opacity":1,"stroke":"#000000","stroke-width":1,"name":"FONDO"}},
{"type":"Feature","geometry":{"type":"LineString","coordinates":[[-63.08321,-17.56166],[-63.08376,-17.56178]]},"properties":{"description":"Lotes","styleUrl":"#line2","stroke-opacity":1,"stroke":"#000000","stroke-width":1,"name":"FONDO"}},
{"type":"Feature","geometry":{"type":"LineString","coordinates":[[-63.08319,-17.56174],[-63.08374,-17.56186]]},"properties":{"description":"Lotes","styleUrl":"#line2","stroke-opacity":1,"stroke":"#000000","stroke-width":1,"name":"FONDO"}},
{"type":"Feature","geometry":{"type":"LineString","coordinates":[[-63.08316,-17.56183],[-63.08372,-17.56195]]},"properties":{"description":"Lotes","styleUrl":"#line2","stroke-opacity":1,"stroke":"#000000","stroke-width":1,"name":"FONDO"}},
{"type":"Feature","geometry":{"type":"LineString","coordinates":[[-63.08314,-17.56192],[-63.08369,-17.56204]]},"properties":{"description":"Lotes","styleUrl":"#line2","stroke-opacity":1,"stroke":"#000000","stroke-width":1,"name":"FONDO"}},
{"type":"Feature","geometry":{"type":"LineString","coordinates":[[-63.08312,-17.56201],[-63.08367,-17.56213]]},"properties":{"description":"Lotes","styleUrl":"#line2","stroke-opacity":1,"stroke":"#000000","stroke-width":1,"name":"FONDO"}},
{"type":"Feature","geometry":{"type":"LineString","coordinates":[[-63.0831,-17.5621],[-63.08365,-17.56222]]},"properties":{"description":"Lotes","styleUrl":"#line2","stroke-opacity":1,"stroke":"#000000","stroke-width":1,"name":"FONDO"}},
{"type":"Feature","geometry":{"type":"LineString","coordinates":[[-63.08308,-17.56218],[-63.08363,-17.5623]]},"properties":{"description":"Lotes","styleUrl":"#line2","stroke-opacity":1,"stroke":"#000000","stroke-width":1,"name":"FONDO"}},
{"type":"Feature","geometry":{"type":"LineString","coordinates":[[-63.08306,-17.56227],[-63.08361,-17.56239]]},"properties":{"description":"Lotes","styleUrl":"#line2","stroke-opacity":1,"stroke":"#000000","stroke-width":1,"name":"FONDO"}},
{"type":"Feature","geometry":{"type":"LineString","coordinates":[[-63.08258,-17.56133],[-63.08313,-17.56145]]},"properties":{"description":"Lotes","styleUrl":"#line2","stroke-opacity":1,"stroke":"#000000","stroke-width":1,"name":"FONDO"}},
{"type":"Feature","geometry":{"type":"LineString","coordinates":[[-63.08256,-17.56141],[-63.08311,-17.56153]]},"properties":{"description":"Lotes","styleUrl":"#line2","stroke-opacity":1,"stroke":"#000000","stroke-width":1,"name":"FONDO"}},
{"type":"Feature","geometry":{"type":"LineString","coordinates":[[-63.08254,-17.5615],[-63.08309,-17.56162]]},"properties":{"description":"Lotes","styleUrl":"#line2","stroke-opacity":1,"stroke":"#000000","stroke-width":1,"name":"FONDO"}},
{"type":"Feature","geometry":{"type":"LineString","coordinates":[[-63.08252,-17.56159],[-63.08307,-17.56171]]},"properties":{"description":"Lotes","styleUrl":"#line2","stroke-opacity":1,"stroke":"#000000","stroke-width":1,"name":"FONDO"}},
{"type":"Feature","geometry":{"type":"LineString","coordinates":[[-63.0825,-17.56168],[-63.08305,-17.5618]]},"properties":{"description":"Lotes","styleUrl":"#line2","stroke-opacity":1,"stroke":"#000000","stroke-width":1,"name":"FONDO"}},
{"type":"Feature","geometry":{"type":"LineString","coordinates":[[-63.08247,-17.56177],[-63.08303,-17.56189]]},"properties":{"description":"Lotes","styleUrl":"#line2","stroke-opacity":1,"stroke":"#000000","stroke-width":1,"name":"FONDO"}},
{"type":"Feature","geometry":{"type":"LineString","coordinates":[[-63.08245,-17.56185],[-63.083,-17.56198]]},"properties":{"description":"Lotes","styleUrl":"#line2","stroke-opacity":1,"stroke":"#000000","stroke-width":1,"name":"FONDO"}},
{"type":"Feature","geometry":{"type":"LineString","coordinates":[[-63.08243,-17.56194],[-63.08298,-17.56206]]},"properties":{"description":"Lotes","styleUrl":"#line2","stroke-opacity":1,"stroke":"#000000","stroke-width":1,"name":"FONDO"}},
{"type":"Feature","geometry":{"type":"LineString","coordinates":[[-63.08269,-17.56209],[-63.08296,-17.56215]]},"properties":{"description":"Lotes","styleUrl":"#line2","stroke-opacity":1,"stroke":"#000000","stroke-width":1,"name":"FONDO"}},
{"type":"Feature","geometry":{"type":"LineString","coordinates":[[-63.08594,-17.56356],[-63.08618,-17.56302]]},"properties":{"description":"Lotes","styleUrl":"#line2","stroke-opacity":1,"stroke":"#000000","stroke-width":1,"name":"FONDO"}},
{"type":"Feature","geometry":{"type":"LineString","coordinates":[[-63.08603,-17.5636],[-63.08627,-17.56306]]},"properties":{"description":"Lotes","styleUrl":"#line2","stroke-opacity":1,"stroke":"#000000","stroke-width":1,"name":"FONDO"}},
{"type":"Feature","geometry":{"type":"LineString","coordinates":[[-63.08588,-17.56319],[-63.08811,-17.56411]]},"properties":{"description":"Lotes","styleUrl":"#line2","stroke-opacity":1,"stroke":"#000000","stroke-width":1,"name":"FONDO"}},
{"type":"Feature","geometry":{"type":"LineString","coordinates":[[-63.08611,-17.56363],[-63.08635,-17.56309]]},"properties":{"description":"Lotes","styleUrl":"#line2","stroke-opacity":1,"stroke":"#000000","stroke-width":1,"name":"FONDO"}},
{"type":"Feature","geometry":{"type":"LineString","coordinates":[[-63.0862,-17.56367],[-63.08644,-17.56313]]},"properties":{"description":"Lotes","styleUrl":"#line2","stroke-opacity":1,"stroke":"#000000","stroke-width":1,"name":"FONDO"}},
{"type":"Feature","geometry":{"type":"LineString","coordinates":[[-63.08629,-17.5637],[-63.08653,-17.56316]]},"properties":{"description":"Lotes","styleUrl":"#line2","stroke-opacity":1,"stroke":"#000000","stroke-width":1,"name":"FONDO"}},
{"type":"Feature","geometry":{"type":"LineString","coordinates":[[-63.08637,-17.56374],[-63.08661,-17.5632]]},"properties":{"description":"Lotes","styleUrl":"#line2","stroke-opacity":1,"stroke":"#000000","stroke-width":1,"name":"FONDO"}},
{"type":"Feature","geometry":{"type":"LineString","coordinates":[[-63.08646,-17.56378],[-63.0867,-17.56324]]},"properties":{"description":"Lotes","styleUrl":"#line2","stroke-opacity":1,"stroke":"#000000","stroke-width":1,"name":"FONDO"}},
{"type":"Feature","geometry":{"type":"LineString","coordinates":[[-63.08655,-17.56381],[-63.08679,-17.56327]]},"properties":{"description":"Lotes","styleUrl":"#line2","stroke-opacity":1,"stroke":"#000000","stroke-width":1,"name":"FONDO"}},
{"type":"Feature","geometry":{"type":"LineString","coordinates":[[-63.08663,-17.56385],[-63.08687,-17.56331]]},"properties":{"description":"Lotes","styleUrl":"#line2","stroke-opacity":1,"stroke":"#000000","stroke-width":1,"name":"FONDO"}},
{"type":"Feature","geometry":{"type":"LineString","coordinates":[[-63.08672,-17.56388],[-63.08696,-17.56334]]},"properties":{"description":"Lotes","styleUrl":"#line2","stroke-opacity":1,"stroke":"#000000","stroke-width":1,"name":"FONDO"}},
{"type":"Feature","geometry":{"type":"LineString","coordinates":[[-63.08681,-17.56392],[-63.08705,-17.56338]]},"properties":{"description":"Lotes","styleUrl":"#line2","stroke-opacity":1,"stroke":"#000000","stroke-width":1,"name":"FONDO"}},
{"type":"Feature","geometry":{"type":"LineString","coordinates":[[-63.08689,-17.56395],[-63.08713,-17.56341]]},"properties":{"description":"Lotes","styleUrl":"#line2","stroke-opacity":1,"stroke":"#000000","stroke-width":1,"name":"FONDO"}},
{"type":"Feature","geometry":{"type":"LineString","coordinates":[[-63.08698,-17.56399],[-63.08722,-17.56345]]},"properties":{"description":"Lotes","styleUrl":"#line2","stroke-opacity":1,"stroke":"#000000","stroke-width":1,"name":"FONDO"}},
{"type":"Feature","geometry":{"type":"LineString","coordinates":[[-63.08706,-17.56403],[-63.08731,-17.56349]]},"properties":{"description":"Lotes","styleUrl":"#line2","stroke-opacity":1,"stroke":"#000000","stroke-width":1,"name":"FONDO"}},
{"type":"Feature","geometry":{"type":"LineString","coordinates":[[-63.08715,-17.56406],[-63.08739,-17.56352]]},"properties":{"description":"Lotes","styleUrl":"#line2","stroke-opacity":1,"stroke":"#000000","stroke-width":1,"name":"FONDO"}},
{"type":"Feature","geometry":{"type":"LineString","coordinates":[[-63.08724,-17.5641],[-63.08748,-17.56356]]},"properties":{"description":"Lotes","styleUrl":"#line2","stroke-opacity":1,"stroke":"#000000","stroke-width":1,"name":"FONDO"}},
{"type":"Feature","geometry":{"type":"LineString","coordinates":[[-63.08732,-17.56413],[-63.08757,-17.56359]]},"properties":{"description":"Lotes","styleUrl":"#line2","stroke-opacity":1,"stroke":"#000000","stroke-width":1,"name":"FONDO"}},
{"type":"Feature","geometry":{"type":"LineString","coordinates":[[-63.08741,-17.56417],[-63.08765,-17.56363]]},"properties":{"description":"Lotes","styleUrl":"#line2","stroke-opacity":1,"stroke":"#000000","stroke-width":1,"name":"FONDO"}},
{"type":"Feature","geometry":{"type":"LineString","coordinates":[[-63.0875,-17.5642],[-63.08774,-17.56366]]},"properties":{"description":"Lotes","styleUrl":"#line2","stroke-opacity":1,"stroke":"#000000","stroke-width":1,"name":"FONDO"}},
{"type":"Feature","geometry":{"type":"LineString","coordinates":[[-63.08758,-17.56424],[-63.08783,-17.5637]]},"properties":{"description":"Lotes","styleUrl":"#line2","stroke-opacity":1,"stroke":"#000000","stroke-width":1,"name":"FONDO"}},
{"type":"Feature","geometry":{"type":"LineString","coordinates":[[-63.08767,-17.56428],[-63.08791,-17.56374]]},"properties":{"description":"Lotes","styleUrl":"#line2","stroke-opacity":1,"stroke":"#000000","stroke-width":1,"name":"FONDO"}},
{"type":"Feature","geometry":{"type":"LineString","coordinates":[[-63.08776,-17.56431],[-63.088,-17.56377]]},"properties":{"description":"Lotes","styleUrl":"#line2","stroke-opacity":1,"stroke":"#000000","stroke-width":1,"name":"FONDO"}},
{"type":"Feature","geometry":{"type":"LineString","coordinates":[[-63.08784,-17.56435],[-63.08809,-17.56381]]},"properties":{"description":"Lotes","styleUrl":"#line2","stroke-opacity":1,"stroke":"#000000","stroke-width":1,"name":"FONDO"}},
{"type":"Feature","geometry":{"type":"LineString","coordinates":[[-63.08598,-17.56324],[-63.08609,-17.56299]]},"properties":{"description":"Lotes","styleUrl":"#line2","stroke-opacity":1,"stroke":"#000000","stroke-width":1,"name":"FONDO"}},
{"type":"Feature","geometry":{"type":"LineString","coordinates":[[-63.08611,-17.56286],[-63.08633,-17.56236]]},"properties":{"description":"Lotes","styleUrl":"#line2","stroke-opacity":1,"stroke":"#000000","stroke-width":1,"name":"FONDO"}},
{"type":"Feature","geometry":{"type":"LineString","coordinates":[[-63.08619,-17.5629],[-63.08642,-17.5624]]},"properties":{"description":"Lotes","styleUrl":"#line2","stroke-opacity":1,"stroke":"#000000","stroke-width":1,"name":"FONDO"}},
{"type":"Feature","geometry":{"type":"LineString","coordinates":[[-63.08604,-17.56254],[-63.08827,-17.56346]]},"properties":{"description":"Lotes","styleUrl":"#line2","stroke-opacity":1,"stroke":"#000000","stroke-width":1,"name":"FONDO"}},
{"type":"Feature","geometry":{"type":"LineString","coordinates":[[-63.08628,-17.56293],[-63.0865,-17.56244]]},"properties":{"description":"Lotes","styleUrl":"#line2","stroke-opacity":1,"stroke":"#000000","stroke-width":1,"name":"FONDO"}},
{"type":"Feature","geometry":{"type":"LineString","coordinates":[[-63.08637,-17.56297],[-63.08659,-17.56247]]},"properties":{"description":"Lotes","styleUrl":"#line2","stroke-opacity":1,"stroke":"#000000","stroke-width":1,"name":"FONDO"}},
{"type":"Feature","geometry":{"type":"LineString","coordinates":[[-63.08645,-17.56301],[-63.08668,-17.56251]]},"properties":{"description":"Lotes","styleUrl":"#line2","stroke-opacity":1,"stroke":"#000000","stroke-width":1,"name":"FONDO"}},
{"type":"Feature","geometry":{"type":"LineString","coordinates":[[-63.08654,-17.56304],[-63.08676,-17.56254]]},"properties":{"description":"Lotes","styleUrl":"#line2","stroke-opacity":1,"stroke":"#000000","stroke-width":1,"name":"FONDO"}},
{"type":"Feature","geometry":{"type":"LineString","coordinates":[[-63.08663,-17.56308],[-63.08685,-17.56258]]},"properties":{"description":"Lotes","styleUrl":"#line2","stroke-opacity":1,"stroke":"#000000","stroke-width":1,"name":"FONDO"}},
{"type":"Feature","geometry":{"type":"LineString","coordinates":[[-63.08671,-17.56311],[-63.08693,-17.56261]]},"properties":{"description":"Lotes","styleUrl":"#line2","stroke-opacity":1,"stroke":"#000000","stroke-width":1,"name":"FONDO"}},
{"type":"Feature","geometry":{"type":"LineString","coordinates":[[-63.0868,-17.56315],[-63.08702,-17.56265]]},"properties":{"description":"Lotes","styleUrl":"#line2","stroke-opacity":1,"stroke":"#000000","stroke-width":1,"name":"FONDO"}},
{"type":"Feature","geometry":{"type":"LineString","coordinates":[[-63.08689,-17.56318],[-63.08711,-17.56269]]},"properties":{"description":"Lotes","styleUrl":"#line2","stroke-opacity":1,"stroke":"#000000","stroke-width":1,"name":"FONDO"}},
{"type":"Feature","geometry":{"type":"LineString","coordinates":[[-63.08697,-17.56322],[-63.08719,-17.56272]]},"properties":{"description":"Lotes","styleUrl":"#line2","stroke-opacity":1,"stroke":"#000000","stroke-width":1,"name":"FONDO"}},
{"type":"Feature","geometry":{"type":"LineString","coordinates":[[-63.08706,-17.56326],[-63.08728,-17.56276]]},"properties":{"description":"Lotes","styleUrl":"#line2","stroke-opacity":1,"stroke":"#000000","stroke-width":1,"name":"FONDO"}},
{"type":"Feature","geometry":{"type":"LineString","coordinates":[[-63.08714,-17.56329],[-63.08737,-17.56279]]},"properties":{"description":"Lotes","styleUrl":"#line2","stroke-opacity":1,"stroke":"#000000","stroke-width":1,"name":"FONDO"}},
{"type":"Feature","geometry":{"type":"LineString","coordinates":[[-63.08723,-17.56333],[-63.08745,-17.56283]]},"properties":{"description":"Lotes","styleUrl":"#line2","stroke-opacity":1,"stroke":"#000000","stroke-width":1,"name":"FONDO"}},
{"type":"Feature","geometry":{"type":"LineString","coordinates":[[-63.08732,-17.56336],[-63.08754,-17.56286]]},"properties":{"description":"Lotes","styleUrl":"#line2","stroke-opacity":1,"stroke":"#000000","stroke-width":1,"name":"FONDO"}},
{"type":"Feature","geometry":{"type":"LineString","coordinates":[[-63.0874,-17.5634],[-63.08763,-17.5629]]},"properties":{"description":"Lotes","styleUrl":"#line2","stroke-opacity":1,"stroke":"#000000","stroke-width":1,"name":"FONDO"}},
{"type":"Feature","geometry":{"type":"LineString","coordinates":[[-63.08749,-17.56343],[-63.08771,-17.56294]]},"properties":{"description":"Lotes","styleUrl":"#line2","stroke-opacity":1,"stroke":"#000000","stroke-width":1,"name":"FONDO"}},
{"type":"Feature","geometry":{"type":"LineString","coordinates":[[-63.08758,-17.56347],[-63.0878,-17.56297]]},"properties":{"description":"Lotes","styleUrl":"#line2","stroke-opacity":1,"stroke":"#000000","stroke-width":1,"name":"FONDO"}},
{"type":"Feature","geometry":{"type":"LineString","coordinates":[[-63.08766,-17.56351],[-63.08789,-17.56301]]},"properties":{"description":"Lotes","styleUrl":"#line2","stroke-opacity":1,"stroke":"#000000","stroke-width":1,"name":"FONDO"}},
{"type":"Feature","geometry":{"type":"LineString","coordinates":[[-63.08775,-17.56354],[-63.08797,-17.56304]]},"properties":{"description":"Lotes","styleUrl":"#line2","stroke-opacity":1,"stroke":"#000000","stroke-width":1,"name":"FONDO"}},
{"type":"Feature","geometry":{"type":"LineString","coordinates":[[-63.08784,-17.56358],[-63.08806,-17.56308]]},"properties":{"description":"Lotes","styleUrl":"#line2","stroke-opacity":1,"stroke":"#000000","stroke-width":1,"name":"FONDO"}},
{"type":"Feature","geometry":{"type":"LineString","coordinates":[[-63.08792,-17.56361],[-63.08815,-17.56311]]},"properties":{"description":"Lotes","styleUrl":"#line2","stroke-opacity":1,"stroke":"#000000","stroke-width":1,"name":"FONDO"}},
{"type":"Feature","geometry":{"type":"LineString","coordinates":[[-63.08801,-17.56365],[-63.08823,-17.56315]]},"properties":{"description":"Lotes","styleUrl":"#line2","stroke-opacity":1,"stroke":"#000000","stroke-width":1,"name":"FONDO"}},
{"type":"Feature","geometry":{"type":"LineString","coordinates":[[-63.08613,-17.56258],[-63.08624,-17.56233]]},"properties":{"description":"Lotes","styleUrl":"#line2","stroke-opacity":1,"stroke":"#000000","stroke-width":1,"name":"FONDO"}},
{"type":"Feature","geometry":{"type":"LineString","coordinates":[[-63.08836,-17.5626],[-63.08642,-17.56216]]},"properties":{"description":"Lotes","styleUrl":"#line2","stroke-opacity":1,"stroke":"#000000","stroke-width":1,"name":"FONDO"}},
{"type":"Feature","geometry":{"type":"LineString","coordinates":[[-63.08643,-17.56211],[-63.08616,-17.56205]]},"properties":{"description":"Lotes","styleUrl":"#line2","stroke-opacity":1,"stroke":"#000000","stroke-width":1,"name":"FONDO"}},
{"type":"Feature","geometry":{"type":"LineString","coordinates":[[-63.08646,-17.56202],[-63.08618,-17.56196]]},"properties":{"description":"Lotes","styleUrl":"#line2","stroke-opacity":1,"stroke":"#000000","stroke-width":1,"name":"FONDO"}},
{"type":"Feature","geometry":{"type":"LineString","coordinates":[[-63.0864,-17.56226],[-63.08649,-17.56189]]},"properties":{"description":"Lotes","styleUrl":"#line2","stroke-opacity":1,"stroke":"#000000","stroke-width":1,"name":"FONDO"}},
{"type":"Feature","geometry":{"type":"LineString","coordinates":[[-63.08651,-17.56218],[-63.08658,-17.56191]]},"properties":{"description":"Lotes","styleUrl":"#line2","stroke-opacity":1,"stroke":"#000000","stroke-width":1,"name":"FONDO"}},
{"type":"Feature","geometry":{"type":"LineString","coordinates":[[-63.08661,-17.5622],[-63.08667,-17.56193]]},"properties":{"description":"Lotes","styleUrl":"#line2","stroke-opacity":1,"stroke":"#000000","stroke-width":1,"name":"FONDO"}},
{"type":"Feature","geometry":{"type":"LineString","coordinates":[[-63.08666,-17.56237],[-63.08676,-17.56196]]},"properties":{"description":"Lotes","styleUrl":"#line2","stroke-opacity":1,"stroke":"#000000","stroke-width":1,"name":"FONDO"}},
{"type":"Feature","geometry":{"type":"LineString","coordinates":[[-63.08679,-17.56224],[-63.08686,-17.56198]]},"properties":{"description":"Lotes","styleUrl":"#line2","stroke-opacity":1,"stroke":"#000000","stroke-width":1,"name":"FONDO"}},
{"type":"Feature","geometry":{"type":"LineString","coordinates":[[-63.08684,-17.56245],[-63.08695,-17.562]]},"properties":{"description":"Lotes","styleUrl":"#line2","stroke-opacity":1,"stroke":"#000000","stroke-width":1,"name":"FONDO"}},
{"type":"Feature","geometry":{"type":"LineString","coordinates":[[-63.08692,-17.56248],[-63.08704,-17.56202]]},"properties":{"description":"Lotes","styleUrl":"#line2","stroke-opacity":1,"stroke":"#000000","stroke-width":1,"name":"FONDO"}},
{"type":"Feature","geometry":{"type":"LineString","coordinates":[[-63.08701,-17.56252],[-63.08713,-17.56204]]},"properties":{"description":"Lotes","styleUrl":"#line2","stroke-opacity":1,"stroke":"#000000","stroke-width":1,"name":"FONDO"}},
{"type":"Feature","geometry":{"type":"LineString","coordinates":[[-63.0871,-17.56255],[-63.08722,-17.56206]]},"properties":{"description":"Lotes","styleUrl":"#line2","stroke-opacity":1,"stroke":"#000000","stroke-width":1,"name":"FONDO"}},
{"type":"Feature","geometry":{"type":"LineString","coordinates":[[-63.08719,-17.56259],[-63.08731,-17.56208]]},"properties":{"description":"Lotes","styleUrl":"#line2","stroke-opacity":1,"stroke":"#000000","stroke-width":1,"name":"FONDO"}},
{"type":"Feature","geometry":{"type":"LineString","coordinates":[[-63.08727,-17.56263],[-63.08741,-17.5621]]},"properties":{"description":"Lotes","styleUrl":"#line2","stroke-opacity":1,"stroke":"#000000","stroke-width":1,"name":"FONDO"}},
{"type":"Feature","geometry":{"type":"LineString","coordinates":[[-63.08736,-17.56266],[-63.0875,-17.56212]]},"properties":{"description":"Lotes","styleUrl":"#line2","stroke-opacity":1,"stroke":"#000000","stroke-width":1,"name":"FONDO"}},
{"type":"Feature","geometry":{"type":"LineString","coordinates":[[-63.08745,-17.5627],[-63.08759,-17.56214]]},"properties":{"description":"Lotes","styleUrl":"#line2","stroke-opacity":1,"stroke":"#000000","stroke-width":1,"name":"FONDO"}},
{"type":"Feature","geometry":{"type":"LineString","coordinates":[[-63.08754,-17.56273],[-63.08768,-17.56217]]},"properties":{"description":"Lotes","styleUrl":"#line2","stroke-opacity":1,"stroke":"#000000","stroke-width":1,"name":"FONDO"}},
{"type":"Feature","geometry":{"type":"LineString","coordinates":[[-63.08763,-17.56277],[-63.08777,-17.56219]]},"properties":{"description":"Lotes","styleUrl":"#line2","stroke-opacity":1,"stroke":"#000000","stroke-width":1,"name":"FONDO"}},
{"type":"Feature","geometry":{"type":"LineString","coordinates":[[-63.08771,-17.56281],[-63.08786,-17.56221]]},"properties":{"description":"Lotes","styleUrl":"#line2","stroke-opacity":1,"stroke":"#000000","stroke-width":1,"name":"FONDO"}},
{"type":"Feature","geometry":{"type":"LineString","coordinates":[[-63.0878,-17.56284],[-63.08795,-17.56223]]},"properties":{"description":"Lotes","styleUrl":"#line2","stroke-opacity":1,"stroke":"#000000","stroke-width":1,"name":"FONDO"}},
{"type":"Feature","geometry":{"type":"LineString","coordinates":[[-63.08789,-17.56288],[-63.08805,-17.56225]]},"properties":{"description":"Lotes","styleUrl":"#line2","stroke-opacity":1,"stroke":"#000000","stroke-width":1,"name":"FONDO"}},
{"type":"Feature","geometry":{"type":"LineString","coordinates":[[-63.08798,-17.56292],[-63.08814,-17.56227]]},"properties":{"description":"Lotes","styleUrl":"#line2","stroke-opacity":1,"stroke":"#000000","stroke-width":1,"name":"FONDO"}},
{"type":"Feature","geometry":{"type":"LineString","coordinates":[[-63.08807,-17.56295],[-63.08816,-17.56256]]},"properties":{"description":"Lotes","styleUrl":"#line2","stroke-opacity":1,"stroke":"#000000","stroke-width":1,"name":"FONDO"}},
{"type":"Feature","geometry":{"type":"LineString","coordinates":[[-63.08815,-17.56299],[-63.08826,-17.56258]]},"properties":{"description":"Lotes","styleUrl":"#line2","stroke-opacity":1,"stroke":"#000000","stroke-width":1,"name":"FONDO"}},
{"type":"Feature","geometry":{"type":"LineString","coordinates":[[-63.08824,-17.56302],[-63.08835,-17.5626]]},"properties":{"description":"Lotes","styleUrl":"#line2","stroke-opacity":1,"stroke":"#000000","stroke-width":1,"name":"FONDO"}},
{"type":"Feature","geometry":{"type":"LineString","coordinates":[[-63.08637,-17.56062],[-63.08582,-17.5605]]},"properties":{"description":"Lotes","styleUrl":"#line2","stroke-opacity":1,"stroke":"#000000","stroke-width":1,"name":"FONDO"}},
{"type":"Feature","geometry":{"type":"LineString","coordinates":[[-63.08429,-17.56127],[-63.08479,-17.55918]]},"properties":{"description":"Lotes","styleUrl":"#line2","stroke-opacity":1,"stroke":"#000000","stroke-width":1,"name":"FONDO"}},
{"type":"Feature","geometry":{"type":"LineString","coordinates":[[-63.08639,-17.56053],[-63.08584,-17.56041]]},"properties":{"description":"Lotes","styleUrl":"#line2","stroke-opacity":1,"stroke":"#000000","stroke-width":1,"name":"FONDO"}},
{"type":"Feature","geometry":{"type":"LineString","coordinates":[[-63.08641,-17.56045],[-63.08586,-17.56033]]},"properties":{"description":"Lotes","styleUrl":"#line2","stroke-opacity":1,"stroke":"#000000","stroke-width":1,"name":"FONDO"}},
{"type":"Feature","geometry":{"type":"LineString","coordinates":[[-63.08643,-17.56036],[-63.08588,-17.56024]]},"properties":{"description":"Lotes","styleUrl":"#line2","stroke-opacity":1,"stroke":"#000000","stroke-width":1,"name":"FONDO"}},
{"type":"Feature","geometry":{"type":"LineString","coordinates":[[-63.08646,-17.56027],[-63.0859,-17.56015]]},"properties":{"description":"Lotes","styleUrl":"#line2","stroke-opacity":1,"stroke":"#000000","stroke-width":1,"name":"FONDO"}},
{"type":"Feature","geometry":{"type":"LineString","coordinates":[[-63.08648,-17.56018],[-63.08593,-17.56006]]},"properties":{"description":"Lotes","styleUrl":"#line2","stroke-opacity":1,"stroke":"#000000","stroke-width":1,"name":"FONDO"}},
{"type":"Feature","geometry":{"type":"LineString","coordinates":[[-63.0865,-17.56009],[-63.08595,-17.55997]]},"properties":{"description":"Lotes","styleUrl":"#line2","stroke-opacity":1,"stroke":"#000000","stroke-width":1,"name":"FONDO"}},
{"type":"Feature","geometry":{"type":"LineString","coordinates":[[-63.08652,-17.56001],[-63.08597,-17.55989]]},"properties":{"description":"Lotes","styleUrl":"#line2","stroke-opacity":1,"stroke":"#000000","stroke-width":1,"name":"FONDO"}},
{"type":"Feature","geometry":{"type":"LineString","coordinates":[[-63.08654,-17.55992],[-63.08599,-17.5598]]},"properties":{"description":"Lotes","styleUrl":"#line2","stroke-opacity":1,"stroke":"#000000","stroke-width":1,"name":"FONDO"}},
{"type":"Feature","geometry":{"type":"LineString","coordinates":[[-63.08656,-17.55983],[-63.08601,-17.55971]]},"properties":{"description":"Lotes","styleUrl":"#line2","stroke-opacity":1,"stroke":"#000000","stroke-width":1,"name":"FONDO"}},
{"type":"Feature","geometry":{"type":"LineString","coordinates":[[-63.08658,-17.55974],[-63.08603,-17.55962]]},"properties":{"description":"Lotes","styleUrl":"#line2","stroke-opacity":1,"stroke":"#000000","stroke-width":1,"name":"FONDO"}},
{"type":"Feature","geometry":{"type":"LineString","coordinates":[[-63.08635,-17.56071],[-63.0858,-17.56059]]},"properties":{"description":"Lotes","styleUrl":"#line2","stroke-opacity":1,"stroke":"#000000","stroke-width":1,"name":"FONDO"}},
{"type":"Feature","geometry":{"type":"LineString","coordinates":[[-63.08633,-17.5608],[-63.08578,-17.56068]]},"properties":{"description":"Lotes","styleUrl":"#line2","stroke-opacity":1,"stroke":"#000000","stroke-width":1,"name":"FONDO"}},
{"type":"Feature","geometry":{"type":"LineString","coordinates":[[-63.08631,-17.56089],[-63.08576,-17.56077]]},"properties":{"description":"Lotes","styleUrl":"#line2","stroke-opacity":1,"stroke":"#000000","stroke-width":1,"name":"FONDO"}},
{"type":"Feature","geometry":{"type":"LineString","coordinates":[[-63.08629,-17.56098],[-63.08574,-17.56085]]},"properties":{"description":"Lotes","styleUrl":"#line2","stroke-opacity":1,"stroke":"#000000","stroke-width":1,"name":"FONDO"}},
{"type":"Feature","geometry":{"type":"LineString","coordinates":[[-63.08627,-17.56106],[-63.08572,-17.56094]]},"properties":{"description":"Lotes","styleUrl":"#line2","stroke-opacity":1,"stroke":"#000000","stroke-width":1,"name":"FONDO"}},
{"type":"Feature","geometry":{"type":"LineString","coordinates":[[-63.08625,-17.56115],[-63.08569,-17.56103]]},"properties":{"description":"Lotes","styleUrl":"#line2","stroke-opacity":1,"stroke":"#000000","stroke-width":1,"name":"FONDO"}},
{"type":"Feature","geometry":{"type":"LineString","coordinates":[[-63.08622,-17.56124],[-63.08567,-17.56112]]},"properties":{"description":"Lotes","styleUrl":"#line2","stroke-opacity":1,"stroke":"#000000","stroke-width":1,"name":"FONDO"}},
{"type":"Feature","geometry":{"type":"LineString","coordinates":[[-63.0862,-17.56133],[-63.08565,-17.56121]]},"properties":{"description":"Lotes","styleUrl":"#line2","stroke-opacity":1,"stroke":"#000000","stroke-width":1,"name":"FONDO"}},
{"type":"Feature","geometry":{"type":"LineString","coordinates":[[-63.08618,-17.56142],[-63.08563,-17.5613]]},"properties":{"description":"Lotes","styleUrl":"#line2","stroke-opacity":1,"stroke":"#000000","stroke-width":1,"name":"FONDO"}},
{"type":"Feature","geometry":{"type":"LineString","coordinates":[[-63.08616,-17.5615],[-63.08561,-17.56138]]},"properties":{"description":"Lotes","styleUrl":"#line2","stroke-opacity":1,"stroke":"#000000","stroke-width":1,"name":"FONDO"}},
{"type":"Feature","geometry":{"type":"LineString","coordinates":[[-63.08591,-17.55959],[-63.08527,-17.55945]]},"properties":{"description":"Lotes","styleUrl":"#line2","stroke-opacity":1,"stroke":"#000000","stroke-width":1,"name":"FONDO"}},
{"type":"Feature","geometry":{"type":"LineString","coordinates":[[-63.08589,-17.55968],[-63.08525,-17.55954]]},"properties":{"description":"Lotes","styleUrl":"#line2","stroke-opacity":1,"stroke":"#000000","stroke-width":1,"name":"FONDO"}},
{"type":"Feature","geometry":{"type":"LineString","coordinates":[[-63.08587,-17.55977],[-63.08523,-17.55963]]},"properties":{"description":"Lotes","styleUrl":"#line2","stroke-opacity":1,"stroke":"#000000","stroke-width":1,"name":"FONDO"}},
{"type":"Feature","geometry":{"type":"LineString","coordinates":[[-63.08585,-17.55986],[-63.0852,-17.55972]]},"properties":{"description":"Lotes","styleUrl":"#line2","stroke-opacity":1,"stroke":"#000000","stroke-width":1,"name":"FONDO"}},
{"type":"Feature","geometry":{"type":"LineString","coordinates":[[-63.08583,-17.55995],[-63.08518,-17.55981]]},"properties":{"description":"Lotes","styleUrl":"#line2","stroke-opacity":1,"stroke":"#000000","stroke-width":1,"name":"FONDO"}},
{"type":"Feature","geometry":{"type":"LineString","coordinates":[[-63.08581,-17.56004],[-63.08516,-17.55989]]},"properties":{"description":"Lotes","styleUrl":"#line2","stroke-opacity":1,"stroke":"#000000","stroke-width":1,"name":"FONDO"}},
{"type":"Feature","geometry":{"type":"LineString","coordinates":[[-63.08549,-17.56136],[-63.08485,-17.56122]]},"properties":{"description":"Lotes","styleUrl":"#line2","stroke-opacity":1,"stroke":"#000000","stroke-width":1,"name":"FONDO"}},
{"type":"Feature","geometry":{"type":"LineString","coordinates":[[-63.08551,-17.56127],[-63.08487,-17.56113]]},"properties":{"description":"Lotes","styleUrl":"#line2","stroke-opacity":1,"stroke":"#000000","stroke-width":1,"name":"FONDO"}},
{"type":"Feature","geometry":{"type":"LineString","coordinates":[[-63.08553,-17.56118],[-63.08489,-17.56104]]},"properties":{"description":"Lotes","styleUrl":"#line2","stroke-opacity":1,"stroke":"#000000","stroke-width":1,"name":"FONDO"}},
{"type":"Feature","geometry":{"type":"LineString","coordinates":[[-63.08555,-17.56109],[-63.08491,-17.56095]]},"properties":{"description":"Lotes","styleUrl":"#line2","stroke-opacity":1,"stroke":"#000000","stroke-width":1,"name":"FONDO"}},
{"type":"Feature","geometry":{"type":"LineString","coordinates":[[-63.08557,-17.561],[-63.08493,-17.56086]]},"properties":{"description":"Lotes","styleUrl":"#line2","stroke-opacity":1,"stroke":"#000000","stroke-width":1,"name":"FONDO"}},
{"type":"Feature","geometry":{"type":"LineString","coordinates":[[-63.0856,-17.56092],[-63.08495,-17.56078]]},"properties":{"description":"Lotes","styleUrl":"#line2","stroke-opacity":1,"stroke":"#000000","stroke-width":1,"name":"FONDO"}},
{"type":"Feature","geometry":{"type":"LineString","coordinates":[[-63.08562,-17.56083],[-63.08497,-17.56069]]},"properties":{"description":"Lotes","styleUrl":"#line2","stroke-opacity":1,"stroke":"#000000","stroke-width":1,"name":"FONDO"}},
{"type":"Feature","geometry":{"type":"LineString","coordinates":[[-63.08564,-17.56074],[-63.08499,-17.5606]]},"properties":{"description":"Lotes","styleUrl":"#line2","stroke-opacity":1,"stroke":"#000000","stroke-width":1,"name":"FONDO"}},
{"type":"Feature","geometry":{"type":"LineString","coordinates":[[-63.08566,-17.56065],[-63.08502,-17.56051]]},"properties":{"description":"Lotes","styleUrl":"#line2","stroke-opacity":1,"stroke":"#000000","stroke-width":1,"name":"FONDO"}},
{"type":"Feature","geometry":{"type":"LineString","coordinates":[[-63.08568,-17.56056],[-63.08504,-17.56042]]},"properties":{"description":"Lotes","styleUrl":"#line2","stroke-opacity":1,"stroke":"#000000","stroke-width":1,"name":"FONDO"}},
{"type":"Feature","geometry":{"type":"LineString","coordinates":[[-63.0857,-17.56048],[-63.08506,-17.56034]]},"properties":{"description":"Lotes","styleUrl":"#line2","stroke-opacity":1,"stroke":"#000000","stroke-width":1,"name":"FONDO"}},
{"type":"Feature","geometry":{"type":"LineString","coordinates":[[-63.08572,-17.56039],[-63.08508,-17.56025]]},"properties":{"description":"Lotes","styleUrl":"#line2","stroke-opacity":1,"stroke":"#000000","stroke-width":1,"name":"FONDO"}},
{"type":"Feature","geometry":{"type":"LineString","coordinates":[[-63.08574,-17.5603],[-63.0851,-17.56016]]},"properties":{"description":"Lotes","styleUrl":"#line2","stroke-opacity":1,"stroke":"#000000","stroke-width":1,"name":"FONDO"}},
{"type":"Feature","geometry":{"type":"LineString","coordinates":[[-63.08576,-17.56021],[-63.08512,-17.56007]]},"properties":{"description":"Lotes","styleUrl":"#line2","stroke-opacity":1,"stroke":"#000000","stroke-width":1,"name":"FONDO"}},
{"type":"Feature","geometry":{"type":"LineString","coordinates":[[-63.08578,-17.56012],[-63.08514,-17.55998]]},"properties":{"description":"Lotes","styleUrl":"#line2","stroke-opacity":1,"stroke":"#000000","stroke-width":1,"name":"FONDO"}},
{"type":"Feature","geometry":{"type":"LineString","coordinates":[[-63.0847,-17.56118],[-63.08406,-17.56104]]},"properties":{"description":"Lotes","styleUrl":"#line2","stroke-opacity":1,"stroke":"#000000","stroke-width":1,"name":"FONDO"}},
{"type":"Feature","geometry":{"type":"LineString","coordinates":[[-63.08472,-17.5611],[-63.08408,-17.56095]]},"properties":{"description":"Lotes","styleUrl":"#line2","stroke-opacity":1,"stroke":"#000000","stroke-width":1,"name":"FONDO"}},
{"type":"Feature","geometry":{"type":"LineString","coordinates":[[-63.08474,-17.56101],[-63.0841,-17.56087]]},"properties":{"description":"Lotes","styleUrl":"#line2","stroke-opacity":1,"stroke":"#000000","stroke-width":1,"name":"FONDO"}},
{"type":"Feature","geometry":{"type":"LineString","coordinates":[[-63.08476,-17.56092],[-63.08412,-17.56078]]},"properties":{"description":"Lotes","styleUrl":"#line2","stroke-opacity":1,"stroke":"#000000","stroke-width":1,"name":"FONDO"}},
{"type":"Feature","geometry":{"type":"LineString","coordinates":[[-63.08478,-17.56083],[-63.08414,-17.56069]]},"properties":{"description":"Lotes","styleUrl":"#line2","stroke-opacity":1,"stroke":"#000000","stroke-width":1,"name":"FONDO"}},
{"type":"Feature","geometry":{"type":"LineString","coordinates":[[-63.08481,-17.56074],[-63.08416,-17.5606]]},"properties":{"description":"Lotes","styleUrl":"#line2","stroke-opacity":1,"stroke":"#000000","stroke-width":1,"name":"FONDO"}},
{"type":"Feature","geometry":{"type":"LineString","coordinates":[[-63.08483,-17.56066],[-63.08418,-17.56051]]},"properties":{"description":"Lotes","styleUrl":"#line2","stroke-opacity":1,"stroke":"#000000","stroke-width":1,"name":"FONDO"}},
{"type":"Feature","geometry":{"type":"LineString","coordinates":[[-63.08485,-17.56057],[-63.0842,-17.56043]]},"properties":{"description":"Lotes","styleUrl":"#line2","stroke-opacity":1,"stroke":"#000000","stroke-width":1,"name":"FONDO"}},
{"type":"Feature","geometry":{"type":"LineString","coordinates":[[-63.08487,-17.56048],[-63.08423,-17.56034]]},"properties":{"description":"Lotes","styleUrl":"#line2","stroke-opacity":1,"stroke":"#000000","stroke-width":1,"name":"FONDO"}},
{"type":"Feature","geometry":{"type":"LineString","coordinates":[[-63.08489,-17.56039],[-63.08425,-17.56025]]},"properties":{"description":"Lotes","styleUrl":"#line2","stroke-opacity":1,"stroke":"#000000","stroke-width":1,"name":"FONDO"}},
{"type":"Feature","geometry":{"type":"LineString","coordinates":[[-63.08491,-17.5603],[-63.08427,-17.56016]]},"properties":{"description":"Lotes","styleUrl":"#line2","stroke-opacity":1,"stroke":"#000000","stroke-width":1,"name":"FONDO"}},
{"type":"Feature","geometry":{"type":"LineString","coordinates":[[-63.08493,-17.56021],[-63.08429,-17.56007]]},"properties":{"description":"Lotes","styleUrl":"#line2","stroke-opacity":1,"stroke":"#000000","stroke-width":1,"name":"FONDO"}},
{"type":"Feature","geometry":{"type":"LineString","coordinates":[[-63.08495,-17.56013],[-63.08431,-17.55999]]},"properties":{"description":"Lotes","styleUrl":"#line2","stroke-opacity":1,"stroke":"#000000","stroke-width":1,"name":"FONDO"}},
{"type":"Feature","geometry":{"type":"LineString","coordinates":[[-63.08497,-17.56004],[-63.08433,-17.5599]]},"properties":{"description":"Lotes","styleUrl":"#line2","stroke-opacity":1,"stroke":"#000000","stroke-width":1,"name":"FONDO"}},
{"type":"Feature","geometry":{"type":"LineString","coordinates":[[-63.08499,-17.55995],[-63.08435,-17.55981]]},"properties":{"description":"Lotes","styleUrl":"#line2","stroke-opacity":1,"stroke":"#000000","stroke-width":1,"name":"FONDO"}},
{"type":"Feature","geometry":{"type":"LineString","coordinates":[[-63.08502,-17.55986],[-63.08437,-17.55972]]},"properties":{"description":"Lotes","styleUrl":"#line2","stroke-opacity":1,"stroke":"#000000","stroke-width":1,"name":"FONDO"}},
{"type":"Feature","geometry":{"type":"LineString","coordinates":[[-63.08504,-17.55977],[-63.08439,-17.55963]]},"properties":{"description":"Lotes","styleUrl":"#line2","stroke-opacity":1,"stroke":"#000000","stroke-width":1,"name":"FONDO"}},
{"type":"Feature","geometry":{"type":"LineString","coordinates":[[-63.08506,-17.55969],[-63.08441,-17.55954]]},"properties":{"description":"Lotes","styleUrl":"#line2","stroke-opacity":1,"stroke":"#000000","stroke-width":1,"name":"FONDO"}},
{"type":"Feature","geometry":{"type":"LineString","coordinates":[[-63.08508,-17.5596],[-63.08444,-17.55946]]},"properties":{"description":"Lotes","styleUrl":"#line2","stroke-opacity":1,"stroke":"#000000","stroke-width":1,"name":"FONDO"}},
{"type":"Feature","geometry":{"type":"LineString","coordinates":[[-63.08512,-17.55942],[-63.08448,-17.55928]]},"properties":{"description":"Lotes","styleUrl":"#line2","stroke-opacity":1,"stroke":"#000000","stroke-width":1,"name":"FONDO"}},
{"type":"Feature","geometry":{"type":"LineString","coordinates":[[-63.0851,-17.55951],[-63.08446,-17.55937]]},"properties":{"description":"Lotes","styleUrl":"#line2","stroke-opacity":1,"stroke":"#000000","stroke-width":1,"name":"FONDO"}},
{"type":"Feature","geometry":{"type":"LineString","coordinates":[[-63.08432,-17.55943],[-63.08376,-17.55931]]},"properties":{"description":"Lotes","styleUrl":"#line2","stroke-opacity":1,"stroke":"#000000","stroke-width":1,"name":"FONDO"}},
{"type":"Feature","geometry":{"type":"LineString","coordinates":[[-63.08434,-17.55934],[-63.08379,-17.55922]]},"properties":{"description":"Lotes","styleUrl":"#line2","stroke-opacity":1,"stroke":"#000000","stroke-width":1,"name":"FONDO"}},
{"type":"Feature","geometry":{"type":"LineString","coordinates":[[-63.08436,-17.55925],[-63.08381,-17.55913]]},"properties":{"description":"Lotes","styleUrl":"#line2","stroke-opacity":1,"stroke":"#000000","stroke-width":1,"name":"FONDO"}},
{"type":"Feature","geometry":{"type":"LineString","coordinates":[[-63.08425,-17.5597],[-63.0837,-17.55957]]},"properties":{"description":"Lotes","styleUrl":"#line2","stroke-opacity":1,"stroke":"#000000","stroke-width":1,"name":"FONDO"}},
{"type":"Feature","geometry":{"type":"LineString","coordinates":[[-63.08427,-17.55961],[-63.08372,-17.55949]]},"properties":{"description":"Lotes","styleUrl":"#line2","stroke-opacity":1,"stroke":"#000000","stroke-width":1,"name":"FONDO"}},
{"type":"Feature","geometry":{"type":"LineString","coordinates":[[-63.0843,-17.55952],[-63.08374,-17.5594]]},"properties":{"description":"Lotes","styleUrl":"#line2","stroke-opacity":1,"stroke":"#000000","stroke-width":1,"name":"FONDO"}},
{"type":"Feature","geometry":{"type":"LineString","coordinates":[[-63.08421,-17.55987],[-63.08366,-17.55975]]},"properties":{"description":"Lotes","styleUrl":"#line2","stroke-opacity":1,"stroke":"#000000","stroke-width":1,"name":"FONDO"}},
{"type":"Feature","geometry":{"type":"LineString","coordinates":[[-63.08423,-17.55978],[-63.08368,-17.55966]]},"properties":{"description":"Lotes","styleUrl":"#line2","stroke-opacity":1,"stroke":"#000000","stroke-width":1,"name":"FONDO"}},
{"type":"Feature","geometry":{"type":"LineString","coordinates":[[-63.08419,-17.55996],[-63.08364,-17.55984]]},"properties":{"description":"Lotes","styleUrl":"#line2","stroke-opacity":1,"stroke":"#000000","stroke-width":1,"name":"FONDO"}},
{"type":"Feature","geometry":{"type":"LineString","coordinates":[[-63.08415,-17.56014],[-63.0836,-17.56001]]},"properties":{"description":"Lotes","styleUrl":"#line2","stroke-opacity":1,"stroke":"#000000","stroke-width":1,"name":"FONDO"}},
{"type":"Feature","geometry":{"type":"LineString","coordinates":[[-63.08417,-17.56005],[-63.08362,-17.55993]]},"properties":{"description":"Lotes","styleUrl":"#line2","stroke-opacity":1,"stroke":"#000000","stroke-width":1,"name":"FONDO"}},
{"type":"Feature","geometry":{"type":"LineString","coordinates":[[-63.08394,-17.56102],[-63.08339,-17.5609]]},"properties":{"description":"Lotes","styleUrl":"#line2","stroke-opacity":1,"stroke":"#000000","stroke-width":1,"name":"FONDO"}},
{"type":"Feature","geometry":{"type":"LineString","coordinates":[[-63.08396,-17.56093],[-63.08341,-17.56081]]},"properties":{"description":"Lotes","styleUrl":"#line2","stroke-opacity":1,"stroke":"#000000","stroke-width":1,"name":"FONDO"}},
{"type":"Feature","geometry":{"type":"LineString","coordinates":[[-63.08398,-17.56084],[-63.08343,-17.56072]]},"properties":{"description":"Lotes","styleUrl":"#line2","stroke-opacity":1,"stroke":"#000000","stroke-width":1,"name":"FONDO"}},
{"type":"Feature","geometry":{"type":"LineString","coordinates":[[-63.084,-17.56075],[-63.08345,-17.56063]]},"properties":{"description":"Lotes","styleUrl":"#line2","stroke-opacity":1,"stroke":"#000000","stroke-width":1,"name":"FONDO"}},
{"type":"Feature","geometry":{"type":"LineString","coordinates":[[-63.08402,-17.56066],[-63.08347,-17.56054]]},"properties":{"description":"Lotes","styleUrl":"#line2","stroke-opacity":1,"stroke":"#000000","stroke-width":1,"name":"FONDO"}},
{"type":"Feature","geometry":{"type":"LineString","coordinates":[[-63.08404,-17.56058],[-63.08349,-17.56046]]},"properties":{"description":"Lotes","styleUrl":"#line2","stroke-opacity":1,"stroke":"#000000","stroke-width":1,"name":"FONDO"}},
{"type":"Feature","geometry":{"type":"LineString","coordinates":[[-63.08406,-17.56049],[-63.08351,-17.56037]]},"properties":{"description":"Lotes","styleUrl":"#line2","stroke-opacity":1,"stroke":"#000000","stroke-width":1,"name":"FONDO"}},
{"type":"Feature","geometry":{"type":"LineString","coordinates":[[-63.08409,-17.5604],[-63.08353,-17.56028]]},"properties":{"description":"Lotes","styleUrl":"#line2","stroke-opacity":1,"stroke":"#000000","stroke-width":1,"name":"FONDO"}},
{"type":"Feature","geometry":{"type":"LineString","coordinates":[[-63.08411,-17.56031],[-63.08355,-17.56019]]},"properties":{"description":"Lotes","styleUrl":"#line2","stroke-opacity":1,"stroke":"#000000","stroke-width":1,"name":"FONDO"}},
{"type":"Feature","geometry":{"type":"LineString","coordinates":[[-63.08413,-17.56022],[-63.08358,-17.5601]]},"properties":{"description":"Lotes","styleUrl":"#line2","stroke-opacity":1,"stroke":"#000000","stroke-width":1,"name":"FONDO"}},
{"type":"Feature","geometry":{"type":"LineString","coordinates":[[-63.08327,-17.56087],[-63.08272,-17.56075]]},"properties":{"description":"Lotes","styleUrl":"#line2","stroke-opacity":1,"stroke":"#000000","stroke-width":1,"name":"FONDO"}},
{"type":"Feature","geometry":{"type":"LineString","coordinates":[[-63.08329,-17.56078],[-63.08274,-17.56066]]},"properties":{"description":"Lotes","styleUrl":"#line2","stroke-opacity":1,"stroke":"#000000","stroke-width":1,"name":"FONDO"}},
{"type":"Feature","geometry":{"type":"LineString","coordinates":[[-63.08331,-17.56069],[-63.08276,-17.56057]]},"properties":{"description":"Lotes","styleUrl":"#line2","stroke-opacity":1,"stroke":"#000000","stroke-width":1,"name":"FONDO"}},
{"type":"Feature","geometry":{"type":"LineString","coordinates":[[-63.08333,-17.56061],[-63.08278,-17.56048]]},"properties":{"description":"Lotes","styleUrl":"#line2","stroke-opacity":1,"stroke":"#000000","stroke-width":1,"name":"FONDO"}},
{"type":"Feature","geometry":{"type":"LineString","coordinates":[[-63.08335,-17.56052],[-63.0828,-17.5604]]},"properties":{"description":"Lotes","styleUrl":"#line2","stroke-opacity":1,"stroke":"#000000","stroke-width":1,"name":"FONDO"}},
{"type":"Feature","geometry":{"type":"LineString","coordinates":[[-63.08337,-17.56043],[-63.08282,-17.56031]]},"properties":{"description":"Lotes","styleUrl":"#line2","stroke-opacity":1,"stroke":"#000000","stroke-width":1,"name":"FONDO"}},
{"type":"Feature","geometry":{"type":"LineString","coordinates":[[-63.08339,-17.56034],[-63.08284,-17.56022]]},"properties":{"description":"Lotes","styleUrl":"#line2","stroke-opacity":1,"stroke":"#000000","stroke-width":1,"name":"FONDO"}},
{"type":"Feature","geometry":{"type":"LineString","coordinates":[[-63.08341,-17.56025],[-63.08286,-17.56013]]},"properties":{"description":"Lotes","styleUrl":"#line2","stroke-opacity":1,"stroke":"#000000","stroke-width":1,"name":"FONDO"}},
{"type":"Feature","geometry":{"type":"LineString","coordinates":[[-63.08344,-17.56016],[-63.08288,-17.56004]]},"properties":{"description":"Lotes","styleUrl":"#line2","stroke-opacity":1,"stroke":"#000000","stroke-width":1,"name":"FONDO"}},
{"type":"Feature","geometry":{"type":"LineString","coordinates":[[-63.08346,-17.56008],[-63.08291,-17.55996]]},"properties":{"description":"Lotes","styleUrl":"#line2","stroke-opacity":1,"stroke":"#000000","stroke-width":1,"name":"FONDO"}},
{"type":"Feature","geometry":{"type":"LineString","coordinates":[[-63.08348,-17.55999],[-63.08293,-17.55987]]},"properties":{"description":"Lotes","styleUrl":"#line2","stroke-opacity":1,"stroke":"#000000","stroke-width":1,"name":"FONDO"}},
{"type":"Feature","geometry":{"type":"LineString","coordinates":[[-63.0835,-17.5599],[-63.08295,-17.55978]]},"properties":{"description":"Lotes","styleUrl":"#line2","stroke-opacity":1,"stroke":"#000000","stroke-width":1,"name":"FONDO"}},
{"type":"Feature","geometry":{"type":"LineString","coordinates":[[-63.08352,-17.55981],[-63.08297,-17.55969]]},"properties":{"description":"Lotes","styleUrl":"#line2","stroke-opacity":1,"stroke":"#000000","stroke-width":1,"name":"FONDO"}},
{"type":"Feature","geometry":{"type":"LineString","coordinates":[[-63.08354,-17.55972],[-63.08299,-17.5596]]},"properties":{"description":"Lotes","styleUrl":"#line2","stroke-opacity":1,"stroke":"#000000","stroke-width":1,"name":"FONDO"}},
{"type":"Feature","geometry":{"type":"LineString","coordinates":[[-63.08356,-17.55964],[-63.08301,-17.55952]]},"properties":{"description":"Lotes","styleUrl":"#line2","stroke-opacity":1,"stroke":"#000000","stroke-width":1,"name":"FONDO"}},
{"type":"Feature","geometry":{"type":"LineString","coordinates":[[-63.08358,-17.55955],[-63.08303,-17.55943]]},"properties":{"description":"Lotes","styleUrl":"#line2","stroke-opacity":1,"stroke":"#000000","stroke-width":1,"name":"FONDO"}},
{"type":"Feature","geometry":{"type":"LineString","coordinates":[[-63.0836,-17.55946],[-63.08305,-17.55934]]},"properties":{"description":"Lotes","styleUrl":"#line2","stroke-opacity":1,"stroke":"#000000","stroke-width":1,"name":"FONDO"}},
{"type":"Feature","geometry":{"type":"LineString","coordinates":[[-63.08362,-17.55937],[-63.08307,-17.55925]]},"properties":{"description":"Lotes","styleUrl":"#line2","stroke-opacity":1,"stroke":"#000000","stroke-width":1,"name":"FONDO"}},
{"type":"Feature","geometry":{"type":"LineString","coordinates":[[-63.08365,-17.55928],[-63.08309,-17.55916]]},"properties":{"description":"Lotes","styleUrl":"#line2","stroke-opacity":1,"stroke":"#000000","stroke-width":1,"name":"FONDO"}},
{"type":"Feature","geometry":{"type":"LineString","coordinates":[[-63.08367,-17.5592],[-63.08312,-17.55907]]},"properties":{"description":"Lotes","styleUrl":"#line2","stroke-opacity":1,"stroke":"#000000","stroke-width":1,"name":"FONDO"}},
{"type":"Feature","geometry":{"type":"LineString","coordinates":[[-63.08369,-17.55911],[-63.08314,-17.55899]]},"properties":{"description":"Lotes","styleUrl":"#line2","stroke-opacity":1,"stroke":"#000000","stroke-width":1,"name":"FONDO"}},
{"type":"Feature","geometry":{"type":"LineString","coordinates":[[-63.08296,-17.56096],[-63.08345,-17.55889]]},"properties":{"description":"Lotes","styleUrl":"#line2","stroke-opacity":1,"stroke":"#000000","stroke-width":1,"name":"FONDO"}},
{"type":"Feature","geometry":{"type":"LineString","coordinates":[[-63.08363,-17.56111],[-63.08412,-17.55903]]},"properties":{"description":"Lotes","styleUrl":"#line2","stroke-opacity":1,"stroke":"#000000","stroke-width":1,"name":"FONDO"}},
{"type":"Feature","geometry":{"type":"LineString","coordinates":[[-63.08584,-17.56162],[-63.08635,-17.55951]]},"properties":{"description":"Lotes","styleUrl":"#line2","stroke-opacity":1,"stroke":"#000000","stroke-width":1,"name":"FONDO"}},
{"type":"Feature","geometry":{"type":"LineString","coordinates":[[-63.08517,-17.56147],[-63.08568,-17.55937]]},"properties":{"description":"Lotes","styleUrl":"#line2","stroke-opacity":1,"stroke":"#000000","stroke-width":1,"name":"FONDO"}},
{"type":"Feature","geometry":{"type":"LineString","coordinates":[[-63.08653,-17.56178],[-63.08667,-17.56118]]},"properties":{"description":"Lotes","styleUrl":"#line2","stroke-opacity":1,"stroke":"#000000","stroke-width":1,"name":"FONDO"}},
{"type":"Feature","geometry":{"type":"LineString","coordinates":[[-63.08687,-17.56035],[-63.08701,-17.55975]]},"properties":{"description":"Lotes","styleUrl":"#line2","stroke-opacity":1,"stroke":"#000000","stroke-width":1,"name":"FONDO"}},
{"type":"Feature","geometry":{"type":"LineString","coordinates":[[-63.0867,-17.56107],[-63.08684,-17.56047]]},"properties":{"description":"Lotes","styleUrl":"#line2","stroke-opacity":1,"stroke":"#000000","stroke-width":1,"name":"FONDO"}},
{"type":"Feature","geometry":{"type":"LineString","coordinates":[[-63.08662,-17.5618],[-63.08676,-17.5612]]},"properties":{"description":"Lotes","styleUrl":"#line2","stroke-opacity":1,"stroke":"#000000","stroke-width":1,"name":"FONDO"}},
{"type":"Feature","geometry":{"type":"LineString","coordinates":[[-63.08679,-17.56109],[-63.08693,-17.56049]]},"properties":{"description":"Lotes","styleUrl":"#line2","stroke-opacity":1,"stroke":"#000000","stroke-width":1,"name":"FONDO"}},
{"type":"Feature","geometry":{"type":"LineString","coordinates":[[-63.08696,-17.56037],[-63.0871,-17.55977]]},"properties":{"description":"Lotes","styleUrl":"#line2","stroke-opacity":1,"stroke":"#000000","stroke-width":1,"name":"FONDO"}},
{"type":"Feature","geometry":{"type":"LineString","coordinates":[[-63.08671,-17.56182],[-63.08686,-17.56122]]},"properties":{"description":"Lotes","styleUrl":"#line2","stroke-opacity":1,"stroke":"#000000","stroke-width":1,"name":"FONDO"}},
{"type":"Feature","geometry":{"type":"LineString","coordinates":[[-63.08688,-17.56111],[-63.08703,-17.56051]]},"properties":{"description":"Lotes","styleUrl":"#line2","stroke-opacity":1,"stroke":"#000000","stroke-width":1,"name":"FONDO"}},
{"type":"Feature","geometry":{"type":"LineString","coordinates":[[-63.08705,-17.5604],[-63.0872,-17.5598]]},"properties":{"description":"Lotes","styleUrl":"#line2","stroke-opacity":1,"stroke":"#000000","stroke-width":1,"name":"FONDO"}},
{"type":"Feature","geometry":{"type":"LineString","coordinates":[[-63.08681,-17.56184],[-63.08695,-17.56124]]},"properties":{"description":"Lotes","styleUrl":"#line2","stroke-opacity":1,"stroke":"#000000","stroke-width":1,"name":"FONDO"}},
{"type":"Feature","geometry":{"type":"LineString","coordinates":[[-63.08698,-17.56113],[-63.08712,-17.56053]]},"properties":{"description":"Lotes","styleUrl":"#line2","stroke-opacity":1,"stroke":"#000000","stroke-width":1,"name":"FONDO"}},
{"type":"Feature","geometry":{"type":"LineString","coordinates":[[-63.08715,-17.56042],[-63.08729,-17.55982]]},"properties":{"description":"Lotes","styleUrl":"#line2","stroke-opacity":1,"stroke":"#000000","stroke-width":1,"name":"FONDO"}},
{"type":"Feature","geometry":{"type":"LineString","coordinates":[[-63.0869,-17.56186],[-63.08704,-17.56127]]},"properties":{"description":"Lotes","styleUrl":"#line2","stroke-opacity":1,"stroke":"#000000","stroke-width":1,"name":"FONDO"}},
{"type":"Feature","geometry":{"type":"LineString","coordinates":[[-63.08707,-17.56115],[-63.08721,-17.56055]]},"properties":{"description":"Lotes","styleUrl":"#line2","stroke-opacity":1,"stroke":"#000000","stroke-width":1,"name":"FONDO"}},
{"type":"Feature","geometry":{"type":"LineString","coordinates":[[-63.08699,-17.56189],[-63.08713,-17.56129]]},"properties":{"description":"Lotes","styleUrl":"#line2","stroke-opacity":1,"stroke":"#000000","stroke-width":1,"name":"FONDO"}},
{"type":"Feature","geometry":{"type":"LineString","coordinates":[[-63.08716,-17.56117],[-63.08723,-17.56087]]},"properties":{"description":"Lotes","styleUrl":"#line2","stroke-opacity":1,"stroke":"#000000","stroke-width":1,"name":"FONDO"}},
{"type":"Feature","geometry":{"type":"LineString","coordinates":[[-63.08708,-17.56191],[-63.08722,-17.56131]]},"properties":{"description":"Lotes","styleUrl":"#line2","stroke-opacity":1,"stroke":"#000000","stroke-width":1,"name":"FONDO"}},
{"type":"Feature","geometry":{"type":"LineString","coordinates":[[-63.08717,-17.56193],[-63.08731,-17.56133]]},"properties":{"description":"Lotes","styleUrl":"#line2","stroke-opacity":1,"stroke":"#000000","stroke-width":1,"name":"FONDO"}},
{"type":"Feature","geometry":{"type":"LineString","coordinates":[[-63.08726,-17.56195],[-63.08741,-17.56135]]},"properties":{"description":"Lotes","styleUrl":"#line2","stroke-opacity":1,"stroke":"#000000","stroke-width":1,"name":"FONDO"}},
{"type":"Feature","geometry":{"type":"LineString","coordinates":[[-63.08736,-17.56197],[-63.0875,-17.56137]]},"properties":{"description":"Lotes","styleUrl":"#line2","stroke-opacity":1,"stroke":"#000000","stroke-width":1,"name":"FONDO"}},
{"type":"Feature","geometry":{"type":"LineString","coordinates":[[-63.08754,-17.56201],[-63.08761,-17.56171]]},"properties":{"description":"Lotes","styleUrl":"#line2","stroke-opacity":1,"stroke":"#000000","stroke-width":1,"name":"FONDO"}},
{"type":"Feature","geometry":{"type":"LineString","coordinates":[[-63.08763,-17.56203],[-63.08774,-17.56159]]},"properties":{"description":"Lotes","styleUrl":"#line2","stroke-opacity":1,"stroke":"#000000","stroke-width":1,"name":"FONDO"}},
{"type":"Feature","geometry":{"type":"LineString","coordinates":[[-63.08772,-17.56205],[-63.08781,-17.56169]]},"properties":{"description":"Lotes","styleUrl":"#line2","stroke-opacity":1,"stroke":"#000000","stroke-width":1,"name":"FONDO"}},
{"type":"Feature","geometry":{"type":"LineString","coordinates":[[-63.08781,-17.56208],[-63.08788,-17.56179]]},"properties":{"description":"Lotes","styleUrl":"#line2","stroke-opacity":1,"stroke":"#000000","stroke-width":1,"name":"FONDO"}},
{"type":"Feature","geometry":{"type":"LineString","coordinates":[[-63.08791,-17.5621],[-63.08795,-17.56189]]},"properties":{"description":"Lotes","styleUrl":"#line2","stroke-opacity":1,"stroke":"#000000","stroke-width":1,"name":"FONDO"}},
{"type":"Feature","geometry":{"type":"LineString","coordinates":[[-63.08733,-17.56014],[-63.08665,-17.55999]]},"properties":{"description":"Lotes","styleUrl":"#line2","stroke-opacity":1,"stroke":"#000000","stroke-width":1,"name":"FONDO"}},
{"type":"Feature","geometry":{"type":"LineString","coordinates":[[-63.08696,-17.55997],[-63.08667,-17.5599]]},"properties":{"description":"Lotes","styleUrl":"#line2","stroke-opacity":1,"stroke":"#000000","stroke-width":1,"name":"FONDO"}},
{"type":"Feature","geometry":{"type":"LineString","coordinates":[[-63.08698,-17.55988],[-63.08669,-17.55981]]},"properties":{"description":"Lotes","styleUrl":"#line2","stroke-opacity":1,"stroke":"#000000","stroke-width":1,"name":"FONDO"}},
{"type":"Feature","geometry":{"type":"LineString","coordinates":[[-63.08692,-17.56014],[-63.08663,-17.56007]]},"properties":{"description":"Lotes","styleUrl":"#line2","stroke-opacity":1,"stroke":"#000000","stroke-width":1,"name":"FONDO"}},
{"type":"Feature","geometry":{"type":"LineString","coordinates":[[-63.0869,-17.56023],[-63.08661,-17.56016]]},"properties":{"description":"Lotes","styleUrl":"#line2","stroke-opacity":1,"stroke":"#000000","stroke-width":1,"name":"FONDO"}},
{"type":"Feature","geometry":{"type":"LineString","coordinates":[[-63.0877,-17.56173],[-63.08631,-17.56141]]},"properties":{"description":"Lotes","styleUrl":"#line2","stroke-opacity":1,"stroke":"#000000","stroke-width":1,"name":"FONDO"}},
{"type":"Feature","geometry":{"type":"LineString","coordinates":[[-63.08728,-17.56088],[-63.08648,-17.5607]]},"properties":{"description":"Lotes","styleUrl":"#line2","stroke-opacity":1,"stroke":"#000000","stroke-width":1,"name":"FONDO"}},
{"type":"Feature","geometry":{"type":"LineString","coordinates":[[-63.08679,-17.56068],[-63.0865,-17.56061]]},"properties":{"description":"Lotes","styleUrl":"#line2","stroke-opacity":1,"stroke":"#000000","stroke-width":1,"name":"FONDO"}},
{"type":"Feature","geometry":{"type":"LineString","coordinates":[[-63.08681,-17.56059],[-63.08652,-17.56052]]},"properties":{"description":"Lotes","styleUrl":"#line2","stroke-opacity":1,"stroke":"#000000","stroke-width":1,"name":"FONDO"}},
{"type":"Feature","geometry":{"type":"LineString","coordinates":[[-63.08675,-17.56086],[-63.08646,-17.56079]]},"properties":{"description":"Lotes","styleUrl":"#line2","stroke-opacity":1,"stroke":"#000000","stroke-width":1,"name":"FONDO"}},
{"type":"Feature","geometry":{"type":"LineString","coordinates":[[-63.08673,-17.56094],[-63.08644,-17.56088]]},"properties":{"description":"Lotes","styleUrl":"#line2","stroke-opacity":1,"stroke":"#000000","stroke-width":1,"name":"FONDO"}},
{"type":"Feature","geometry":{"type":"LineString","coordinates":[[-63.08725,-17.56119],[-63.0873,-17.56098]]},"properties":{"description":"Lotes","styleUrl":"#line2","stroke-opacity":1,"stroke":"#000000","stroke-width":1,"name":"FONDO"}},
{"type":"Feature","geometry":{"type":"LineString","coordinates":[[-63.08662,-17.56139],[-63.08633,-17.56133]]},"properties":{"description":"Lotes","styleUrl":"#line2","stroke-opacity":1,"stroke":"#000000","stroke-width":1,"name":"FONDO"}},
{"type":"Feature","geometry":{"type":"LineString","coordinates":[[-63.08664,-17.5613],[-63.08635,-17.56124]]},"properties":{"description":"Lotes","styleUrl":"#line2","stroke-opacity":1,"stroke":"#000000","stroke-width":1,"name":"FONDO"}},
{"type":"Feature","geometry":{"type":"LineString","coordinates":[[-63.08658,-17.56157],[-63.08629,-17.5615]]},"properties":{"description":"Lotes","styleUrl":"#line2","stroke-opacity":1,"stroke":"#000000","stroke-width":1,"name":"FONDO"}},
{"type":"Feature","geometry":{"type":"LineString","coordinates":[[-63.08656,-17.56166],[-63.08627,-17.56159]]},"properties":{"description":"Lotes","styleUrl":"#line2","stroke-opacity":1,"stroke":"#000000","stroke-width":1,"name":"FONDO"}},
{"type":"Feature","geometry":{"type":"LineString","coordinates":[[-63.08745,-17.56199],[-63.08752,-17.56169]]},"properties":{"description":"Lotes","styleUrl":"#line2","stroke-opacity":1,"stroke":"#000000","stroke-width":1,"name":"FONDO"}},
{"type":"Feature","geometry":{"type":"LineString","coordinates":[[-63.08482,-17.55906],[-63.08541,-17.5566]]},"properties":{"description":"Lotes","styleUrl":"#line2","stroke-opacity":1,"stroke":"#000000","stroke-width":1,"name":"FONDO"}},
{"type":"Feature","geometry":{"type":"LineString","coordinates":[[-63.08694,-17.55823],[-63.08639,-17.55811]]},"properties":{"description":"Lotes","styleUrl":"#line2","stroke-opacity":1,"stroke":"#000000","stroke-width":1,"name":"FONDO"}},
{"type":"Feature","geometry":{"type":"LineString","coordinates":[[-63.08696,-17.55815],[-63.08641,-17.55803]]},"properties":{"description":"Lotes","styleUrl":"#line2","stroke-opacity":1,"stroke":"#000000","stroke-width":1,"name":"FONDO"}},
{"type":"Feature","geometry":{"type":"LineString","coordinates":[[-63.08698,-17.55806],[-63.08643,-17.55794]]},"properties":{"description":"Lotes","styleUrl":"#line2","stroke-opacity":1,"stroke":"#000000","stroke-width":1,"name":"FONDO"}},
{"type":"Feature","geometry":{"type":"LineString","coordinates":[[-63.087,-17.55797],[-63.08645,-17.55785]]},"properties":{"description":"Lotes","styleUrl":"#line2","stroke-opacity":1,"stroke":"#000000","stroke-width":1,"name":"FONDO"}},
{"type":"Feature","geometry":{"type":"LineString","coordinates":[[-63.08702,-17.55788],[-63.08647,-17.55776]]},"properties":{"description":"Lotes","styleUrl":"#line2","stroke-opacity":1,"stroke":"#000000","stroke-width":1,"name":"FONDO"}},
{"type":"Feature","geometry":{"type":"LineString","coordinates":[[-63.08705,-17.55779],[-63.08649,-17.55767]]},"properties":{"description":"Lotes","styleUrl":"#line2","stroke-opacity":1,"stroke":"#000000","stroke-width":1,"name":"FONDO"}},
{"type":"Feature","geometry":{"type":"LineString","coordinates":[[-63.08707,-17.55771],[-63.08652,-17.55758]]},"properties":{"description":"Lotes","styleUrl":"#line2","stroke-opacity":1,"stroke":"#000000","stroke-width":1,"name":"FONDO"}},
{"type":"Feature","geometry":{"type":"LineString","coordinates":[[-63.08709,-17.55762],[-63.08654,-17.5575]]},"properties":{"description":"Lotes","styleUrl":"#line2","stroke-opacity":1,"stroke":"#000000","stroke-width":1,"name":"FONDO"}},
{"type":"Feature","geometry":{"type":"LineString","coordinates":[[-63.08711,-17.55753],[-63.08656,-17.55741]]},"properties":{"description":"Lotes","styleUrl":"#line2","stroke-opacity":1,"stroke":"#000000","stroke-width":1,"name":"FONDO"}},
{"type":"Feature","geometry":{"type":"LineString","coordinates":[[-63.08713,-17.55744],[-63.08658,-17.55732]]},"properties":{"description":"Lotes","styleUrl":"#line2","stroke-opacity":1,"stroke":"#000000","stroke-width":1,"name":"FONDO"}},
{"type":"Feature","geometry":{"type":"LineString","coordinates":[[-63.08715,-17.55735],[-63.0866,-17.55723]]},"properties":{"description":"Lotes","styleUrl":"#line2","stroke-opacity":1,"stroke":"#000000","stroke-width":1,"name":"FONDO"}},
{"type":"Feature","geometry":{"type":"LineString","coordinates":[[-63.08717,-17.55726],[-63.08662,-17.55714]]},"properties":{"description":"Lotes","styleUrl":"#line2","stroke-opacity":1,"stroke":"#000000","stroke-width":1,"name":"FONDO"}},
{"type":"Feature","geometry":{"type":"LineString","coordinates":[[-63.08719,-17.55718],[-63.08664,-17.55706]]},"properties":{"description":"Lotes","styleUrl":"#line2","stroke-opacity":1,"stroke":"#000000","stroke-width":1,"name":"FONDO"}},
{"type":"Feature","geometry":{"type":"LineString","coordinates":[[-63.08692,-17.55832],[-63.08637,-17.5582]]},"properties":{"description":"Lotes","styleUrl":"#line2","stroke-opacity":1,"stroke":"#000000","stroke-width":1,"name":"FONDO"}},
{"type":"Feature","geometry":{"type":"LineString","coordinates":[[-63.0869,-17.55841],[-63.08635,-17.55829]]},"properties":{"description":"Lotes","styleUrl":"#line2","stroke-opacity":1,"stroke":"#000000","stroke-width":1,"name":"FONDO"}},
{"type":"Feature","geometry":{"type":"LineString","coordinates":[[-63.08688,-17.5585],[-63.08633,-17.55838]]},"properties":{"description":"Lotes","styleUrl":"#line2","stroke-opacity":1,"stroke":"#000000","stroke-width":1,"name":"FONDO"}},
{"type":"Feature","geometry":{"type":"LineString","coordinates":[[-63.08686,-17.55859],[-63.08631,-17.55847]]},"properties":{"description":"Lotes","styleUrl":"#line2","stroke-opacity":1,"stroke":"#000000","stroke-width":1,"name":"FONDO"}},
{"type":"Feature","geometry":{"type":"LineString","coordinates":[[-63.08684,-17.55867],[-63.08628,-17.55855]]},"properties":{"description":"Lotes","styleUrl":"#line2","stroke-opacity":1,"stroke":"#000000","stroke-width":1,"name":"FONDO"}},
{"type":"Feature","geometry":{"type":"LineString","coordinates":[[-63.08681,-17.55876],[-63.08626,-17.55864]]},"properties":{"description":"Lotes","styleUrl":"#line2","stroke-opacity":1,"stroke":"#000000","stroke-width":1,"name":"FONDO"}},
{"type":"Feature","geometry":{"type":"LineString","coordinates":[[-63.08679,-17.55885],[-63.08624,-17.55873]]},"properties":{"description":"Lotes","styleUrl":"#line2","stroke-opacity":1,"stroke":"#000000","stroke-width":1,"name":"FONDO"}},
{"type":"Feature","geometry":{"type":"LineString","coordinates":[[-63.08677,-17.55894],[-63.08622,-17.55882]]},"properties":{"description":"Lotes","styleUrl":"#line2","stroke-opacity":1,"stroke":"#000000","stroke-width":1,"name":"FONDO"}},
{"type":"Feature","geometry":{"type":"LineString","coordinates":[[-63.08675,-17.55903],[-63.0862,-17.55891]]},"properties":{"description":"Lotes","styleUrl":"#line2","stroke-opacity":1,"stroke":"#000000","stroke-width":1,"name":"FONDO"}},
{"type":"Feature","geometry":{"type":"LineString","coordinates":[[-63.08673,-17.55912],[-63.08618,-17.55899]]},"properties":{"description":"Lotes","styleUrl":"#line2","stroke-opacity":1,"stroke":"#000000","stroke-width":1,"name":"FONDO"}},
{"type":"Feature","geometry":{"type":"LineString","coordinates":[[-63.08671,-17.5592],[-63.08616,-17.55908]]},"properties":{"description":"Lotes","styleUrl":"#line2","stroke-opacity":1,"stroke":"#000000","stroke-width":1,"name":"FONDO"}},
{"type":"Feature","geometry":{"type":"LineString","coordinates":[[-63.08669,-17.55929],[-63.08614,-17.55917]]},"properties":{"description":"Lotes","styleUrl":"#line2","stroke-opacity":1,"stroke":"#000000","stroke-width":1,"name":"FONDO"}},
{"type":"Feature","geometry":{"type":"LineString","coordinates":[[-63.08602,-17.55914],[-63.08537,-17.559]]},"properties":{"description":"Lotes","styleUrl":"#line2","stroke-opacity":1,"stroke":"#000000","stroke-width":1,"name":"FONDO"}},
{"type":"Feature","geometry":{"type":"LineString","coordinates":[[-63.08604,-17.55906],[-63.0854,-17.55892]]},"properties":{"description":"Lotes","styleUrl":"#line2","stroke-opacity":1,"stroke":"#000000","stroke-width":1,"name":"FONDO"}},
{"type":"Feature","geometry":{"type":"LineString","coordinates":[[-63.08606,-17.55897],[-63.08542,-17.55883]]},"properties":{"description":"Lotes","styleUrl":"#line2","stroke-opacity":1,"stroke":"#000000","stroke-width":1,"name":"FONDO"}},
{"type":"Feature","geometry":{"type":"LineString","coordinates":[[-63.08608,-17.55888],[-63.08544,-17.55874]]},"properties":{"description":"Lotes","styleUrl":"#line2","stroke-opacity":1,"stroke":"#000000","stroke-width":1,"name":"FONDO"}},
{"type":"Feature","geometry":{"type":"LineString","coordinates":[[-63.0861,-17.55879],[-63.08546,-17.55865]]},"properties":{"description":"Lotes","styleUrl":"#line2","stroke-opacity":1,"stroke":"#000000","stroke-width":1,"name":"FONDO"}},
{"type":"Feature","geometry":{"type":"LineString","coordinates":[[-63.08612,-17.5587],[-63.08548,-17.55856]]},"properties":{"description":"Lotes","styleUrl":"#line2","stroke-opacity":1,"stroke":"#000000","stroke-width":1,"name":"FONDO"}},
{"type":"Feature","geometry":{"type":"LineString","coordinates":[[-63.08614,-17.55862],[-63.0855,-17.55847]]},"properties":{"description":"Lotes","styleUrl":"#line2","stroke-opacity":1,"stroke":"#000000","stroke-width":1,"name":"FONDO"}},
{"type":"Feature","geometry":{"type":"LineString","coordinates":[[-63.08616,-17.55853],[-63.08552,-17.55839]]},"properties":{"description":"Lotes","styleUrl":"#line2","stroke-opacity":1,"stroke":"#000000","stroke-width":1,"name":"FONDO"}},
{"type":"Feature","geometry":{"type":"LineString","coordinates":[[-63.08619,-17.55844],[-63.08554,-17.5583]]},"properties":{"description":"Lotes","styleUrl":"#line2","stroke-opacity":1,"stroke":"#000000","stroke-width":1,"name":"FONDO"}},
{"type":"Feature","geometry":{"type":"LineString","coordinates":[[-63.08621,-17.55835],[-63.08556,-17.55821]]},"properties":{"description":"Lotes","styleUrl":"#line2","stroke-opacity":1,"stroke":"#000000","stroke-width":1,"name":"FONDO"}},
{"type":"Feature","geometry":{"type":"LineString","coordinates":[[-63.08623,-17.55826],[-63.08558,-17.55812]]},"properties":{"description":"Lotes","styleUrl":"#line2","stroke-opacity":1,"stroke":"#000000","stroke-width":1,"name":"FONDO"}},
{"type":"Feature","geometry":{"type":"LineString","coordinates":[[-63.08625,-17.55818],[-63.08561,-17.55803]]},"properties":{"description":"Lotes","styleUrl":"#line2","stroke-opacity":1,"stroke":"#000000","stroke-width":1,"name":"FONDO"}},
{"type":"Feature","geometry":{"type":"LineString","coordinates":[[-63.08627,-17.55809],[-63.08563,-17.55795]]},"properties":{"description":"Lotes","styleUrl":"#line2","stroke-opacity":1,"stroke":"#000000","stroke-width":1,"name":"FONDO"}},
{"type":"Feature","geometry":{"type":"LineString","coordinates":[[-63.08629,-17.558],[-63.08565,-17.55786]]},"properties":{"description":"Lotes","styleUrl":"#line2","stroke-opacity":1,"stroke":"#000000","stroke-width":1,"name":"FONDO"}},
{"type":"Feature","geometry":{"type":"LineString","coordinates":[[-63.08631,-17.55791],[-63.08567,-17.55777]]},"properties":{"description":"Lotes","styleUrl":"#line2","stroke-opacity":1,"stroke":"#000000","stroke-width":1,"name":"FONDO"}},
{"type":"Feature","geometry":{"type":"LineString","coordinates":[[-63.08633,-17.55782],[-63.08569,-17.55768]]},"properties":{"description":"Lotes","styleUrl":"#line2","stroke-opacity":1,"stroke":"#000000","stroke-width":1,"name":"FONDO"}},
{"type":"Feature","geometry":{"type":"LineString","coordinates":[[-63.08635,-17.55773],[-63.08571,-17.55759]]},"properties":{"description":"Lotes","styleUrl":"#line2","stroke-opacity":1,"stroke":"#000000","stroke-width":1,"name":"FONDO"}},
{"type":"Feature","geometry":{"type":"LineString","coordinates":[[-63.08637,-17.55765],[-63.08573,-17.55751]]},"properties":{"description":"Lotes","styleUrl":"#line2","stroke-opacity":1,"stroke":"#000000","stroke-width":1,"name":"FONDO"}},
{"type":"Feature","geometry":{"type":"LineString","coordinates":[[-63.0864,-17.55756],[-63.08575,-17.55742]]},"properties":{"description":"Lotes","styleUrl":"#line2","stroke-opacity":1,"stroke":"#000000","stroke-width":1,"name":"FONDO"}},
{"type":"Feature","geometry":{"type":"LineString","coordinates":[[-63.08642,-17.55747],[-63.08577,-17.55733]]},"properties":{"description":"Lotes","styleUrl":"#line2","stroke-opacity":1,"stroke":"#000000","stroke-width":1,"name":"FONDO"}},
{"type":"Feature","geometry":{"type":"LineString","coordinates":[[-63.08644,-17.55738],[-63.08579,-17.55724]]},"properties":{"description":"Lotes","styleUrl":"#line2","stroke-opacity":1,"stroke":"#000000","stroke-width":1,"name":"FONDO"}},
{"type":"Feature","geometry":{"type":"LineString","coordinates":[[-63.08646,-17.55729],[-63.08582,-17.55715]]},"properties":{"description":"Lotes","styleUrl":"#line2","stroke-opacity":1,"stroke":"#000000","stroke-width":1,"name":"FONDO"}},
{"type":"Feature","geometry":{"type":"LineString","coordinates":[[-63.08648,-17.55721],[-63.08584,-17.55706]]},"properties":{"description":"Lotes","styleUrl":"#line2","stroke-opacity":1,"stroke":"#000000","stroke-width":1,"name":"FONDO"}},
{"type":"Feature","geometry":{"type":"LineString","coordinates":[[-63.0865,-17.55712],[-63.08586,-17.55698]]},"properties":{"description":"Lotes","styleUrl":"#line2","stroke-opacity":1,"stroke":"#000000","stroke-width":1,"name":"FONDO"}},
{"type":"Feature","geometry":{"type":"LineString","coordinates":[[-63.08652,-17.55703],[-63.08588,-17.55689]]},"properties":{"description":"Lotes","styleUrl":"#line2","stroke-opacity":1,"stroke":"#000000","stroke-width":1,"name":"FONDO"}},
{"type":"Feature","geometry":{"type":"LineString","coordinates":[[-63.08567,-17.55712],[-63.08503,-17.55698]]},"properties":{"description":"Lotes","styleUrl":"#line2","stroke-opacity":1,"stroke":"#000000","stroke-width":1,"name":"FONDO"}},
{"type":"Feature","geometry":{"type":"LineString","coordinates":[[-63.08569,-17.55703],[-63.08505,-17.55689]]},"properties":{"description":"Lotes","styleUrl":"#line2","stroke-opacity":1,"stroke":"#000000","stroke-width":1,"name":"FONDO"}},
{"type":"Feature","geometry":{"type":"LineString","coordinates":[[-63.08571,-17.55694],[-63.08507,-17.5568]]},"properties":{"description":"Lotes","styleUrl":"#line2","stroke-opacity":1,"stroke":"#000000","stroke-width":1,"name":"FONDO"}},
{"type":"Feature","geometry":{"type":"LineString","coordinates":[[-63.08573,-17.55686],[-63.08509,-17.55672]]},"properties":{"description":"Lotes","styleUrl":"#line2","stroke-opacity":1,"stroke":"#000000","stroke-width":1,"name":"FONDO"}},
{"type":"Feature","geometry":{"type":"LineString","coordinates":[[-63.08561,-17.55739],[-63.08496,-17.55724]]},"properties":{"description":"Lotes","styleUrl":"#line2","stroke-opacity":1,"stroke":"#000000","stroke-width":1,"name":"FONDO"}},
{"type":"Feature","geometry":{"type":"LineString","coordinates":[[-63.08563,-17.5573],[-63.08498,-17.55716]]},"properties":{"description":"Lotes","styleUrl":"#line2","stroke-opacity":1,"stroke":"#000000","stroke-width":1,"name":"FONDO"}},
{"type":"Feature","geometry":{"type":"LineString","coordinates":[[-63.08565,-17.55721],[-63.085,-17.55707]]},"properties":{"description":"Lotes","styleUrl":"#line2","stroke-opacity":1,"stroke":"#000000","stroke-width":1,"name":"FONDO"}},
{"type":"Feature","geometry":{"type":"LineString","coordinates":[[-63.08558,-17.55747],[-63.08494,-17.55733]]},"properties":{"description":"Lotes","styleUrl":"#line2","stroke-opacity":1,"stroke":"#000000","stroke-width":1,"name":"FONDO"}},
{"type":"Feature","geometry":{"type":"LineString","coordinates":[[-63.08523,-17.55897],[-63.08458,-17.55883]]},"properties":{"description":"Lotes","styleUrl":"#line2","stroke-opacity":1,"stroke":"#000000","stroke-width":1,"name":"FONDO"}},
{"type":"Feature","geometry":{"type":"LineString","coordinates":[[-63.08525,-17.55888],[-63.08461,-17.55874]]},"properties":{"description":"Lotes","styleUrl":"#line2","stroke-opacity":1,"stroke":"#000000","stroke-width":1,"name":"FONDO"}},
{"type":"Feature","geometry":{"type":"LineString","coordinates":[[-63.08527,-17.55879],[-63.08463,-17.55865]]},"properties":{"description":"Lotes","styleUrl":"#line2","stroke-opacity":1,"stroke":"#000000","stroke-width":1,"name":"FONDO"}},
{"type":"Feature","geometry":{"type":"LineString","coordinates":[[-63.08529,-17.55871],[-63.08465,-17.55857]]},"properties":{"description":"Lotes","styleUrl":"#line2","stroke-opacity":1,"stroke":"#000000","stroke-width":1,"name":"FONDO"}},
{"type":"Feature","geometry":{"type":"LineString","coordinates":[[-63.08531,-17.55862],[-63.08467,-17.55848]]},"properties":{"description":"Lotes","styleUrl":"#line2","stroke-opacity":1,"stroke":"#000000","stroke-width":1,"name":"FONDO"}},
{"type":"Feature","geometry":{"type":"LineString","coordinates":[[-63.08533,-17.55853],[-63.08469,-17.55839]]},"properties":{"description":"Lotes","styleUrl":"#line2","stroke-opacity":1,"stroke":"#000000","stroke-width":1,"name":"FONDO"}},
{"type":"Feature","geometry":{"type":"LineString","coordinates":[[-63.08535,-17.55844],[-63.08471,-17.5583]]},"properties":{"description":"Lotes","styleUrl":"#line2","stroke-opacity":1,"stroke":"#000000","stroke-width":1,"name":"FONDO"}},
{"type":"Feature","geometry":{"type":"LineString","coordinates":[[-63.08537,-17.55835],[-63.08473,-17.55821]]},"properties":{"description":"Lotes","styleUrl":"#line2","stroke-opacity":1,"stroke":"#000000","stroke-width":1,"name":"FONDO"}},
{"type":"Feature","geometry":{"type":"LineString","coordinates":[[-63.0854,-17.55827],[-63.08475,-17.55813]]},"properties":{"description":"Lotes","styleUrl":"#line2","stroke-opacity":1,"stroke":"#000000","stroke-width":1,"name":"FONDO"}},
{"type":"Feature","geometry":{"type":"LineString","coordinates":[[-63.08542,-17.55818],[-63.08477,-17.55804]]},"properties":{"description":"Lotes","styleUrl":"#line2","stroke-opacity":1,"stroke":"#000000","stroke-width":1,"name":"FONDO"}},
{"type":"Feature","geometry":{"type":"LineString","coordinates":[[-63.08544,-17.55809],[-63.08479,-17.55795]]},"properties":{"description":"Lotes","styleUrl":"#line2","stroke-opacity":1,"stroke":"#000000","stroke-width":1,"name":"FONDO"}},
{"type":"Feature","geometry":{"type":"LineString","coordinates":[[-63.08546,-17.558],[-63.08482,-17.55786]]},"properties":{"description":"Lotes","styleUrl":"#line2","stroke-opacity":1,"stroke":"#000000","stroke-width":1,"name":"FONDO"}},
{"type":"Feature","geometry":{"type":"LineString","coordinates":[[-63.08548,-17.55791],[-63.08484,-17.55777]]},"properties":{"description":"Lotes","styleUrl":"#line2","stroke-opacity":1,"stroke":"#000000","stroke-width":1,"name":"FONDO"}},
{"type":"Feature","geometry":{"type":"LineString","coordinates":[[-63.0855,-17.55783],[-63.08486,-17.55768]]},"properties":{"description":"Lotes","styleUrl":"#line2","stroke-opacity":1,"stroke":"#000000","stroke-width":1,"name":"FONDO"}},
{"type":"Feature","geometry":{"type":"LineString","coordinates":[[-63.08552,-17.55774],[-63.08488,-17.5576]]},"properties":{"description":"Lotes","styleUrl":"#line2","stroke-opacity":1,"stroke":"#000000","stroke-width":1,"name":"FONDO"}},
{"type":"Feature","geometry":{"type":"LineString","coordinates":[[-63.08554,-17.55765],[-63.0849,-17.55751]]},"properties":{"description":"Lotes","styleUrl":"#line2","stroke-opacity":1,"stroke":"#000000","stroke-width":1,"name":"FONDO"}},
{"type":"Feature","geometry":{"type":"LineString","coordinates":[[-63.08556,-17.55756],[-63.08492,-17.55742]]},"properties":{"description":"Lotes","styleUrl":"#line2","stroke-opacity":1,"stroke":"#000000","stroke-width":1,"name":"FONDO"}},
{"type":"Feature","geometry":{"type":"LineString","coordinates":[[-63.08447,-17.5588],[-63.08391,-17.55868]]},"properties":{"description":"Lotes","styleUrl":"#line2","stroke-opacity":1,"stroke":"#000000","stroke-width":1,"name":"FONDO"}},
{"type":"Feature","geometry":{"type":"LineString","coordinates":[[-63.08449,-17.55872],[-63.08394,-17.5586]]},"properties":{"description":"Lotes","styleUrl":"#line2","stroke-opacity":1,"stroke":"#000000","stroke-width":1,"name":"FONDO"}},
{"type":"Feature","geometry":{"type":"LineString","coordinates":[[-63.08451,-17.55863],[-63.08396,-17.55851]]},"properties":{"description":"Lotes","styleUrl":"#line2","stroke-opacity":1,"stroke":"#000000","stroke-width":1,"name":"FONDO"}},
{"type":"Feature","geometry":{"type":"LineString","coordinates":[[-63.08453,-17.55854],[-63.08398,-17.55842]]},"properties":{"description":"Lotes","styleUrl":"#line2","stroke-opacity":1,"stroke":"#000000","stroke-width":1,"name":"FONDO"}},
{"type":"Feature","geometry":{"type":"LineString","coordinates":[[-63.08455,-17.55845],[-63.084,-17.55833]]},"properties":{"description":"Lotes","styleUrl":"#line2","stroke-opacity":1,"stroke":"#000000","stroke-width":1,"name":"FONDO"}},
{"type":"Feature","geometry":{"type":"LineString","coordinates":[[-63.08457,-17.55836],[-63.08402,-17.55824]]},"properties":{"description":"Lotes","styleUrl":"#line2","stroke-opacity":1,"stroke":"#000000","stroke-width":1,"name":"FONDO"}},
{"type":"Feature","geometry":{"type":"LineString","coordinates":[[-63.08459,-17.55828],[-63.08404,-17.55815]]},"properties":{"description":"Lotes","styleUrl":"#line2","stroke-opacity":1,"stroke":"#000000","stroke-width":1,"name":"FONDO"}},
{"type":"Feature","geometry":{"type":"LineString","coordinates":[[-63.08461,-17.55819],[-63.08406,-17.55807]]},"properties":{"description":"Lotes","styleUrl":"#line2","stroke-opacity":1,"stroke":"#000000","stroke-width":1,"name":"FONDO"}},
{"type":"Feature","geometry":{"type":"LineString","coordinates":[[-63.08463,-17.5581],[-63.08408,-17.55798]]},"properties":{"description":"Lotes","styleUrl":"#line2","stroke-opacity":1,"stroke":"#000000","stroke-width":1,"name":"FONDO"}},
{"type":"Feature","geometry":{"type":"LineString","coordinates":[[-63.08465,-17.55801],[-63.0841,-17.55789]]},"properties":{"description":"Lotes","styleUrl":"#line2","stroke-opacity":1,"stroke":"#000000","stroke-width":1,"name":"FONDO"}},
{"type":"Feature","geometry":{"type":"LineString","coordinates":[[-63.08468,-17.55792],[-63.08412,-17.5578]]},"properties":{"description":"Lotes","styleUrl":"#line2","stroke-opacity":1,"stroke":"#000000","stroke-width":1,"name":"FONDO"}},
{"type":"Feature","geometry":{"type":"LineString","coordinates":[[-63.0847,-17.55783],[-63.08415,-17.55771]]},"properties":{"description":"Lotes","styleUrl":"#line2","stroke-opacity":1,"stroke":"#000000","stroke-width":1,"name":"FONDO"}},
{"type":"Feature","geometry":{"type":"LineString","coordinates":[[-63.08472,-17.55775],[-63.08417,-17.55763]]},"properties":{"description":"Lotes","styleUrl":"#line2","stroke-opacity":1,"stroke":"#000000","stroke-width":1,"name":"FONDO"}},
{"type":"Feature","geometry":{"type":"LineString","coordinates":[[-63.08474,-17.55766],[-63.08419,-17.55754]]},"properties":{"description":"Lotes","styleUrl":"#line2","stroke-opacity":1,"stroke":"#000000","stroke-width":1,"name":"FONDO"}},
{"type":"Feature","geometry":{"type":"LineString","coordinates":[[-63.08476,-17.55757],[-63.08421,-17.55745]]},"properties":{"description":"Lotes","styleUrl":"#line2","stroke-opacity":1,"stroke":"#000000","stroke-width":1,"name":"FONDO"}},
{"type":"Feature","geometry":{"type":"LineString","coordinates":[[-63.08478,-17.55748],[-63.08423,-17.55736]]},"properties":{"description":"Lotes","styleUrl":"#line2","stroke-opacity":1,"stroke":"#000000","stroke-width":1,"name":"FONDO"}},
{"type":"Feature","geometry":{"type":"LineString","coordinates":[[-63.0848,-17.55739],[-63.08425,-17.55727]]},"properties":{"description":"Lotes","styleUrl":"#line2","stroke-opacity":1,"stroke":"#000000","stroke-width":1,"name":"FONDO"}},
{"type":"Feature","geometry":{"type":"LineString","coordinates":[[-63.08482,-17.55731],[-63.08427,-17.55719]]},"properties":{"description":"Lotes","styleUrl":"#line2","stroke-opacity":1,"stroke":"#000000","stroke-width":1,"name":"FONDO"}},
{"type":"Feature","geometry":{"type":"LineString","coordinates":[[-63.08484,-17.55722],[-63.08429,-17.5571]]},"properties":{"description":"Lotes","styleUrl":"#line2","stroke-opacity":1,"stroke":"#000000","stroke-width":1,"name":"FONDO"}},
{"type":"Feature","geometry":{"type":"LineString","coordinates":[[-63.08486,-17.55713],[-63.08431,-17.55701]]},"properties":{"description":"Lotes","styleUrl":"#line2","stroke-opacity":1,"stroke":"#000000","stroke-width":1,"name":"FONDO"}},
{"type":"Feature","geometry":{"type":"LineString","coordinates":[[-63.08489,-17.55704],[-63.08433,-17.55692]]},"properties":{"description":"Lotes","styleUrl":"#line2","stroke-opacity":1,"stroke":"#000000","stroke-width":1,"name":"FONDO"}},
{"type":"Feature","geometry":{"type":"LineString","coordinates":[[-63.08491,-17.55695],[-63.08436,-17.55683]]},"properties":{"description":"Lotes","styleUrl":"#line2","stroke-opacity":1,"stroke":"#000000","stroke-width":1,"name":"FONDO"}},
{"type":"Feature","geometry":{"type":"LineString","coordinates":[[-63.08493,-17.55687],[-63.08438,-17.55674]]},"properties":{"description":"Lotes","styleUrl":"#line2","stroke-opacity":1,"stroke":"#000000","stroke-width":1,"name":"FONDO"}},
{"type":"Feature","geometry":{"type":"LineString","coordinates":[[-63.08495,-17.55678],[-63.0844,-17.55666]]},"properties":{"description":"Lotes","styleUrl":"#line2","stroke-opacity":1,"stroke":"#000000","stroke-width":1,"name":"FONDO"}},
{"type":"Feature","geometry":{"type":"LineString","coordinates":[[-63.08497,-17.55669],[-63.08442,-17.55657]]},"properties":{"description":"Lotes","styleUrl":"#line2","stroke-opacity":1,"stroke":"#000000","stroke-width":1,"name":"FONDO"}},
{"type":"Feature","geometry":{"type":"LineString","coordinates":[[-63.08379,-17.55866],[-63.08324,-17.55854]]},"properties":{"description":"Lotes","styleUrl":"#line2","stroke-opacity":1,"stroke":"#000000","stroke-width":1,"name":"FONDO"}},
{"type":"Feature","geometry":{"type":"LineString","coordinates":[[-63.08382,-17.55857],[-63.08326,-17.55845]]},"properties":{"description":"Lotes","styleUrl":"#line2","stroke-opacity":1,"stroke":"#000000","stroke-width":1,"name":"FONDO"}},
{"type":"Feature","geometry":{"type":"LineString","coordinates":[[-63.08384,-17.55848],[-63.08329,-17.55836]]},"properties":{"description":"Lotes","styleUrl":"#line2","stroke-opacity":1,"stroke":"#000000","stroke-width":1,"name":"FONDO"}},
{"type":"Feature","geometry":{"type":"LineString","coordinates":[[-63.08386,-17.55839],[-63.08331,-17.55827]]},"properties":{"description":"Lotes","styleUrl":"#line2","stroke-opacity":1,"stroke":"#000000","stroke-width":1,"name":"FONDO"}},
{"type":"Feature","geometry":{"type":"LineString","coordinates":[[-63.08388,-17.5583],[-63.08333,-17.55818]]},"properties":{"description":"Lotes","styleUrl":"#line2","stroke-opacity":1,"stroke":"#000000","stroke-width":1,"name":"FONDO"}},
{"type":"Feature","geometry":{"type":"LineString","coordinates":[[-63.0839,-17.55822],[-63.08335,-17.5581]]},"properties":{"description":"Lotes","styleUrl":"#line2","stroke-opacity":1,"stroke":"#000000","stroke-width":1,"name":"FONDO"}},
{"type":"Feature","geometry":{"type":"LineString","coordinates":[[-63.08392,-17.55813],[-63.08337,-17.55801]]},"properties":{"description":"Lotes","styleUrl":"#line2","stroke-opacity":1,"stroke":"#000000","stroke-width":1,"name":"FONDO"}},
{"type":"Feature","geometry":{"type":"LineString","coordinates":[[-63.08394,-17.55804],[-63.08339,-17.55792]]},"properties":{"description":"Lotes","styleUrl":"#line2","stroke-opacity":1,"stroke":"#000000","stroke-width":1,"name":"FONDO"}},
{"type":"Feature","geometry":{"type":"LineString","coordinates":[[-63.08396,-17.55795],[-63.08341,-17.55783]]},"properties":{"description":"Lotes","styleUrl":"#line2","stroke-opacity":1,"stroke":"#000000","stroke-width":1,"name":"FONDO"}},
{"type":"Feature","geometry":{"type":"LineString","coordinates":[[-63.08398,-17.55786],[-63.08343,-17.55774]]},"properties":{"description":"Lotes","styleUrl":"#line2","stroke-opacity":1,"stroke":"#000000","stroke-width":1,"name":"FONDO"}},
{"type":"Feature","geometry":{"type":"LineString","coordinates":[[-63.084,-17.55778],[-63.08345,-17.55765]]},"properties":{"description":"Lotes","styleUrl":"#line2","stroke-opacity":1,"stroke":"#000000","stroke-width":1,"name":"FONDO"}},
{"type":"Feature","geometry":{"type":"LineString","coordinates":[[-63.08403,-17.55769],[-63.08347,-17.55757]]},"properties":{"description":"Lotes","styleUrl":"#line2","stroke-opacity":1,"stroke":"#000000","stroke-width":1,"name":"FONDO"}},
{"type":"Feature","geometry":{"type":"LineString","coordinates":[[-63.08405,-17.5576],[-63.0835,-17.55748]]},"properties":{"description":"Lotes","styleUrl":"#line2","stroke-opacity":1,"stroke":"#000000","stroke-width":1,"name":"FONDO"}},
{"type":"Feature","geometry":{"type":"LineString","coordinates":[[-63.08407,-17.55751],[-63.08352,-17.55739]]},"properties":{"description":"Lotes","styleUrl":"#line2","stroke-opacity":1,"stroke":"#000000","stroke-width":1,"name":"FONDO"}},
{"type":"Feature","geometry":{"type":"LineString","coordinates":[[-63.08409,-17.55742],[-63.08354,-17.5573]]},"properties":{"description":"Lotes","styleUrl":"#line2","stroke-opacity":1,"stroke":"#000000","stroke-width":1,"name":"FONDO"}},
{"type":"Feature","geometry":{"type":"LineString","coordinates":[[-63.08411,-17.55734],[-63.08356,-17.55721]]},"properties":{"description":"Lotes","styleUrl":"#line2","stroke-opacity":1,"stroke":"#000000","stroke-width":1,"name":"FONDO"}},
{"type":"Feature","geometry":{"type":"LineString","coordinates":[[-63.08413,-17.55725],[-63.08358,-17.55713]]},"properties":{"description":"Lotes","styleUrl":"#line2","stroke-opacity":1,"stroke":"#000000","stroke-width":1,"name":"FONDO"}},
{"type":"Feature","geometry":{"type":"LineString","coordinates":[[-63.08415,-17.55716],[-63.0836,-17.55704]]},"properties":{"description":"Lotes","styleUrl":"#line2","stroke-opacity":1,"stroke":"#000000","stroke-width":1,"name":"FONDO"}},
{"type":"Feature","geometry":{"type":"LineString","coordinates":[[-63.08417,-17.55707],[-63.08362,-17.55695]]},"properties":{"description":"Lotes","styleUrl":"#line2","stroke-opacity":1,"stroke":"#000000","stroke-width":1,"name":"FONDO"}},
{"type":"Feature","geometry":{"type":"LineString","coordinates":[[-63.08419,-17.55698],[-63.08364,-17.55686]]},"properties":{"description":"Lotes","styleUrl":"#line2","stroke-opacity":1,"stroke":"#000000","stroke-width":1,"name":"FONDO"}},
{"type":"Feature","geometry":{"type":"LineString","coordinates":[[-63.08421,-17.55689],[-63.08366,-17.55677]]},"properties":{"description":"Lotes","styleUrl":"#line2","stroke-opacity":1,"stroke":"#000000","stroke-width":1,"name":"FONDO"}},
{"type":"Feature","geometry":{"type":"LineString","coordinates":[[-63.08424,-17.55681],[-63.08368,-17.55669]]},"properties":{"description":"Lotes","styleUrl":"#line2","stroke-opacity":1,"stroke":"#000000","stroke-width":1,"name":"FONDO"}},
{"type":"Feature","geometry":{"type":"LineString","coordinates":[[-63.08426,-17.55672],[-63.08371,-17.5566]]},"properties":{"description":"Lotes","styleUrl":"#line2","stroke-opacity":1,"stroke":"#000000","stroke-width":1,"name":"FONDO"}},
{"type":"Feature","geometry":{"type":"LineString","coordinates":[[-63.08428,-17.55663],[-63.08373,-17.55651]]},"properties":{"description":"Lotes","styleUrl":"#line2","stroke-opacity":1,"stroke":"#000000","stroke-width":1,"name":"FONDO"}},
{"type":"Feature","geometry":{"type":"LineString","coordinates":[[-63.0843,-17.55654],[-63.08375,-17.55642]]},"properties":{"description":"Lotes","styleUrl":"#line2","stroke-opacity":1,"stroke":"#000000","stroke-width":1,"name":"FONDO"}},
{"type":"Feature","geometry":{"type":"LineString","coordinates":[[-63.08348,-17.55878],[-63.08406,-17.55632]]},"properties":{"description":"Lotes","styleUrl":"#line2","stroke-opacity":1,"stroke":"#000000","stroke-width":1,"name":"FONDO"}},
{"type":"Feature","geometry":{"type":"LineString","coordinates":[[-63.08415,-17.55892],[-63.08473,-17.55646]]},"properties":{"description":"Lotes","styleUrl":"#line2","stroke-opacity":1,"stroke":"#000000","stroke-width":1,"name":"FONDO"}},
{"type":"Feature","geometry":{"type":"LineString","coordinates":[[-63.08637,-17.55939],[-63.08696,-17.55694]]},"properties":{"description":"Lotes","styleUrl":"#line2","stroke-opacity":1,"stroke":"#000000","stroke-width":1,"name":"FONDO"}},
{"type":"Feature","geometry":{"type":"LineString","coordinates":[[-63.0857,-17.55925],[-63.08629,-17.55679]]},"properties":{"description":"Lotes","styleUrl":"#line2","stroke-opacity":1,"stroke":"#000000","stroke-width":1,"name":"FONDO"}},
{"type":"Feature","geometry":{"type":"LineString","coordinates":[[-63.08738,-17.5594],[-63.08682,-17.55927]]},"properties":{"description":"Lotes","styleUrl":"#line2","stroke-opacity":1,"stroke":"#000000","stroke-width":1,"name":"FONDO"}},
{"type":"Feature","geometry":{"type":"LineString","coordinates":[[-63.08743,-17.55866],[-63.08699,-17.55856]]},"properties":{"description":"Lotes","styleUrl":"#line2","stroke-opacity":1,"stroke":"#000000","stroke-width":1,"name":"FONDO"}},
{"type":"Feature","geometry":{"type":"LineString","coordinates":[[-63.08716,-17.55784],[-63.08747,-17.55792]]},"properties":{"description":"Lotes","styleUrl":"#line2","stroke-opacity":1,"stroke":"#000000","stroke-width":1,"name":"FONDO"}},
{"type":"Feature","geometry":{"type":"LineString","coordinates":[[-63.08718,-17.55776],[-63.08748,-17.55783]]},"properties":{"description":"Lotes","styleUrl":"#line2","stroke-opacity":1,"stroke":"#000000","stroke-width":1,"name":"FONDO"}},
{"type":"Feature","geometry":{"type":"LineString","coordinates":[[-63.08714,-17.55793],[-63.08747,-17.55801]]},"properties":{"description":"Lotes","styleUrl":"#line2","stroke-opacity":1,"stroke":"#000000","stroke-width":1,"name":"FONDO"}},
{"type":"Feature","geometry":{"type":"LineString","coordinates":[[-63.08712,-17.55802],[-63.08746,-17.5581]]},"properties":{"description":"Lotes","styleUrl":"#line2","stroke-opacity":1,"stroke":"#000000","stroke-width":1,"name":"FONDO"}},
{"type":"Feature","geometry":{"type":"LineString","coordinates":[[-63.0872,-17.55767],[-63.08748,-17.55773]]},"properties":{"description":"Lotes","styleUrl":"#line2","stroke-opacity":1,"stroke":"#000000","stroke-width":1,"name":"FONDO"}},
{"type":"Feature","geometry":{"type":"LineString","coordinates":[[-63.08721,-17.55893],[-63.08735,-17.55833]]},"properties":{"description":"Lotes","styleUrl":"#line2","stroke-opacity":1,"stroke":"#000000","stroke-width":1,"name":"FONDO"}},
{"type":"Feature","geometry":{"type":"LineString","coordinates":[[-63.0873,-17.55854],[-63.08701,-17.55847]]},"properties":{"description":"Lotes","styleUrl":"#line2","stroke-opacity":1,"stroke":"#000000","stroke-width":1,"name":"FONDO"}},
{"type":"Feature","geometry":{"type":"LineString","coordinates":[[-63.08732,-17.55845],[-63.08703,-17.55838]]},"properties":{"description":"Lotes","styleUrl":"#line2","stroke-opacity":1,"stroke":"#000000","stroke-width":1,"name":"FONDO"}},
{"type":"Feature","geometry":{"type":"LineString","coordinates":[[-63.08726,-17.55871],[-63.08697,-17.55865]]},"properties":{"description":"Lotes","styleUrl":"#line2","stroke-opacity":1,"stroke":"#000000","stroke-width":1,"name":"FONDO"}},
{"type":"Feature","geometry":{"type":"LineString","coordinates":[[-63.08724,-17.5588],[-63.08695,-17.55873]]},"properties":{"description":"Lotes","styleUrl":"#line2","stroke-opacity":1,"stroke":"#000000","stroke-width":1,"name":"FONDO"}},
{"type":"Feature","geometry":{"type":"LineString","coordinates":[[-63.0873,-17.55895],[-63.08737,-17.55865]]},"properties":{"description":"Lotes","styleUrl":"#line2","stroke-opacity":1,"stroke":"#000000","stroke-width":1,"name":"FONDO"}},
{"type":"Feature","geometry":{"type":"LineString","coordinates":[[-63.08704,-17.55964],[-63.08718,-17.55904]]},"properties":{"description":"Lotes","styleUrl":"#line2","stroke-opacity":1,"stroke":"#000000","stroke-width":1,"name":"FONDO"}},
{"type":"Feature","geometry":{"type":"LineString","coordinates":[[-63.08713,-17.55925],[-63.08684,-17.55918]]},"properties":{"description":"Lotes","styleUrl":"#line2","stroke-opacity":1,"stroke":"#000000","stroke-width":1,"name":"FONDO"}},
{"type":"Feature","geometry":{"type":"LineString","coordinates":[[-63.08715,-17.55916],[-63.08686,-17.5591]]},"properties":{"description":"Lotes","styleUrl":"#line2","stroke-opacity":1,"stroke":"#000000","stroke-width":1,"name":"FONDO"}},
{"type":"Feature","geometry":{"type":"LineString","coordinates":[[-63.08709,-17.55943],[-63.0868,-17.55936]]},"properties":{"description":"Lotes","styleUrl":"#line2","stroke-opacity":1,"stroke":"#000000","stroke-width":1,"name":"FONDO"}},
{"type":"Feature","geometry":{"type":"LineString","coordinates":[[-63.08707,-17.55952],[-63.08678,-17.55945]]},"properties":{"description":"Lotes","styleUrl":"#line2","stroke-opacity":1,"stroke":"#000000","stroke-width":1,"name":"FONDO"}},
{"type":"Feature","geometry":{"type":"LineString","coordinates":[[-63.08713,-17.55966],[-63.08728,-17.55906]]},"properties":{"description":"Lotes","styleUrl":"#line2","stroke-opacity":1,"stroke":"#000000","stroke-width":1,"name":"FONDO"}},
{"type":"Feature","geometry":{"type":"LineString","coordinates":[[-63.08722,-17.55968],[-63.0873,-17.55938]]},"properties":{"description":"Lotes","styleUrl":"#line2","stroke-opacity":1,"stroke":"#000000","stroke-width":1,"name":"FONDO"}},
{"type":"Feature","geometry":{"type":"LineString","coordinates":[[-63.0869,-17.55543],[-63.08626,-17.55529]]},"properties":{"description":"Lotes","styleUrl":"#line2","stroke-opacity":1,"stroke":"#000000","stroke-width":1,"name":"FONDO"}},
{"type":"Feature","geometry":{"type":"LineString","coordinates":[[-63.08543,-17.55649],[-63.08606,-17.55387]]},"properties":{"description":"Lotes","styleUrl":"#line2","stroke-opacity":1,"stroke":"#000000","stroke-width":1,"name":"FONDO"}},
{"type":"Feature","geometry":{"type":"LineString","coordinates":[[-63.08692,-17.55535],[-63.08628,-17.55521]]},"properties":{"description":"Lotes","styleUrl":"#line2","stroke-opacity":1,"stroke":"#000000","stroke-width":1,"name":"FONDO"}},
{"type":"Feature","geometry":{"type":"LineString","coordinates":[[-63.08694,-17.55526],[-63.0863,-17.55512]]},"properties":{"description":"Lotes","styleUrl":"#line2","stroke-opacity":1,"stroke":"#000000","stroke-width":1,"name":"FONDO"}},
{"type":"Feature","geometry":{"type":"LineString","coordinates":[[-63.08669,-17.55511],[-63.08632,-17.55503]]},"properties":{"description":"Lotes","styleUrl":"#line2","stroke-opacity":1,"stroke":"#000000","stroke-width":1,"name":"FONDO"}},
{"type":"Feature","geometry":{"type":"LineString","coordinates":[[-63.08671,-17.55502],[-63.08634,-17.55494]]},"properties":{"description":"Lotes","styleUrl":"#line2","stroke-opacity":1,"stroke":"#000000","stroke-width":1,"name":"FONDO"}},
{"type":"Feature","geometry":{"type":"LineString","coordinates":[[-63.08693,-17.55498],[-63.08636,-17.55485]]},"properties":{"description":"Lotes","styleUrl":"#line2","stroke-opacity":1,"stroke":"#000000","stroke-width":1,"name":"FONDO"}},
{"type":"Feature","geometry":{"type":"LineString","coordinates":[[-63.08691,-17.55488],[-63.08638,-17.55476]]},"properties":{"description":"Lotes","styleUrl":"#line2","stroke-opacity":1,"stroke":"#000000","stroke-width":1,"name":"FONDO"}},
{"type":"Feature","geometry":{"type":"LineString","coordinates":[[-63.08688,-17.55478],[-63.08641,-17.55468]]},"properties":{"description":"Lotes","styleUrl":"#line2","stroke-opacity":1,"stroke":"#000000","stroke-width":1,"name":"FONDO"}},
{"type":"Feature","geometry":{"type":"LineString","coordinates":[[-63.08685,-17.55468],[-63.08643,-17.55459]]},"properties":{"description":"Lotes","styleUrl":"#line2","stroke-opacity":1,"stroke":"#000000","stroke-width":1,"name":"FONDO"}},
{"type":"Feature","geometry":{"type":"LineString","coordinates":[[-63.08682,-17.55458],[-63.08645,-17.5545]]},"properties":{"description":"Lotes","styleUrl":"#line2","stroke-opacity":1,"stroke":"#000000","stroke-width":1,"name":"FONDO"}},
{"type":"Feature","geometry":{"type":"LineString","coordinates":[[-63.08679,-17.55448],[-63.08647,-17.55441]]},"properties":{"description":"Lotes","styleUrl":"#line2","stroke-opacity":1,"stroke":"#000000","stroke-width":1,"name":"FONDO"}},
{"type":"Feature","geometry":{"type":"LineString","coordinates":[[-63.08677,-17.55438],[-63.08649,-17.55432]]},"properties":{"description":"Lotes","styleUrl":"#line2","stroke-opacity":1,"stroke":"#000000","stroke-width":1,"name":"FONDO"}},
{"type":"Feature","geometry":{"type":"LineString","coordinates":[[-63.08688,-17.55552],[-63.08624,-17.55538]]},"properties":{"description":"Lotes","styleUrl":"#line2","stroke-opacity":1,"stroke":"#000000","stroke-width":1,"name":"FONDO"}},
{"type":"Feature","geometry":{"type":"LineString","coordinates":[[-63.08686,-17.55561],[-63.08622,-17.55547]]},"properties":{"description":"Lotes","styleUrl":"#line2","stroke-opacity":1,"stroke":"#000000","stroke-width":1,"name":"FONDO"}},
{"type":"Feature","geometry":{"type":"LineString","coordinates":[[-63.08684,-17.5557],[-63.0862,-17.55556]]},"properties":{"description":"Lotes","styleUrl":"#line2","stroke-opacity":1,"stroke":"#000000","stroke-width":1,"name":"FONDO"}},
{"type":"Feature","geometry":{"type":"LineString","coordinates":[[-63.08682,-17.55579],[-63.08617,-17.55565]]},"properties":{"description":"Lotes","styleUrl":"#line2","stroke-opacity":1,"stroke":"#000000","stroke-width":1,"name":"FONDO"}},
{"type":"Feature","geometry":{"type":"LineString","coordinates":[[-63.0868,-17.55588],[-63.08615,-17.55573]]},"properties":{"description":"Lotes","styleUrl":"#line2","stroke-opacity":1,"stroke":"#000000","stroke-width":1,"name":"FONDO"}},
{"type":"Feature","geometry":{"type":"LineString","coordinates":[[-63.08678,-17.55596],[-63.08613,-17.55582]]},"properties":{"description":"Lotes","styleUrl":"#line2","stroke-opacity":1,"stroke":"#000000","stroke-width":1,"name":"FONDO"}},
{"type":"Feature","geometry":{"type":"LineString","coordinates":[[-63.08675,-17.55605],[-63.08611,-17.55591]]},"properties":{"description":"Lotes","styleUrl":"#line2","stroke-opacity":1,"stroke":"#000000","stroke-width":1,"name":"FONDO"}},
{"type":"Feature","geometry":{"type":"LineString","coordinates":[[-63.08673,-17.55614],[-63.08609,-17.556]]},"properties":{"description":"Lotes","styleUrl":"#line2","stroke-opacity":1,"stroke":"#000000","stroke-width":1,"name":"FONDO"}},
{"type":"Feature","geometry":{"type":"LineString","coordinates":[[-63.08671,-17.55623],[-63.08607,-17.55609]]},"properties":{"description":"Lotes","styleUrl":"#line2","stroke-opacity":1,"stroke":"#000000","stroke-width":1,"name":"FONDO"}},
{"type":"Feature","geometry":{"type":"LineString","coordinates":[[-63.08669,-17.55632],[-63.08605,-17.55617]]},"properties":{"description":"Lotes","styleUrl":"#line2","stroke-opacity":1,"stroke":"#000000","stroke-width":1,"name":"FONDO"}},
{"type":"Feature","geometry":{"type":"LineString","coordinates":[[-63.08667,-17.5564],[-63.08603,-17.55626]]},"properties":{"description":"Lotes","styleUrl":"#line2","stroke-opacity":1,"stroke":"#000000","stroke-width":1,"name":"FONDO"}},
{"type":"Feature","geometry":{"type":"LineString","coordinates":[[-63.08665,-17.55649],[-63.08601,-17.55635]]},"properties":{"description":"Lotes","styleUrl":"#line2","stroke-opacity":1,"stroke":"#000000","stroke-width":1,"name":"FONDO"}},
{"type":"Feature","geometry":{"type":"LineString","coordinates":[[-63.08663,-17.55658],[-63.08599,-17.55644]]},"properties":{"description":"Lotes","styleUrl":"#line2","stroke-opacity":1,"stroke":"#000000","stroke-width":1,"name":"FONDO"}},
{"type":"Feature","geometry":{"type":"LineString","coordinates":[[-63.08584,-17.55641],[-63.0852,-17.55627]]},"properties":{"description":"Lotes","styleUrl":"#line2","stroke-opacity":1,"stroke":"#000000","stroke-width":1,"name":"FONDO"}},
{"type":"Feature","geometry":{"type":"LineString","coordinates":[[-63.08586,-17.55632],[-63.08522,-17.55618]]},"properties":{"description":"Lotes","styleUrl":"#line2","stroke-opacity":1,"stroke":"#000000","stroke-width":1,"name":"FONDO"}},
{"type":"Feature","geometry":{"type":"LineString","coordinates":[[-63.08588,-17.55623],[-63.08524,-17.55609]]},"properties":{"description":"Lotes","styleUrl":"#line2","stroke-opacity":1,"stroke":"#000000","stroke-width":1,"name":"FONDO"}},
{"type":"Feature","geometry":{"type":"LineString","coordinates":[[-63.0859,-17.55614],[-63.08526,-17.556]]},"properties":{"description":"Lotes","styleUrl":"#line2","stroke-opacity":1,"stroke":"#000000","stroke-width":1,"name":"FONDO"}},
{"type":"Feature","geometry":{"type":"LineString","coordinates":[[-63.08592,-17.55605],[-63.08528,-17.55591]]},"properties":{"description":"Lotes","styleUrl":"#line2","stroke-opacity":1,"stroke":"#000000","stroke-width":1,"name":"FONDO"}},
{"type":"Feature","geometry":{"type":"LineString","coordinates":[[-63.08594,-17.55597],[-63.0853,-17.55583]]},"properties":{"description":"Lotes","styleUrl":"#line2","stroke-opacity":1,"stroke":"#000000","stroke-width":1,"name":"FONDO"}},
{"type":"Feature","geometry":{"type":"LineString","coordinates":[[-63.08596,-17.55588],[-63.08532,-17.55574]]},"properties":{"description":"Lotes","styleUrl":"#line2","stroke-opacity":1,"stroke":"#000000","stroke-width":1,"name":"FONDO"}},
{"type":"Feature","geometry":{"type":"LineString","coordinates":[[-63.08599,-17.55579],[-63.08534,-17.55565]]},"properties":{"description":"Lotes","styleUrl":"#line2","stroke-opacity":1,"stroke":"#000000","stroke-width":1,"name":"FONDO"}},
{"type":"Feature","geometry":{"type":"LineString","coordinates":[[-63.08601,-17.5557],[-63.08536,-17.55556]]},"properties":{"description":"Lotes","styleUrl":"#line2","stroke-opacity":1,"stroke":"#000000","stroke-width":1,"name":"FONDO"}},
{"type":"Feature","geometry":{"type":"LineString","coordinates":[[-63.08603,-17.55561],[-63.08538,-17.55547]]},"properties":{"description":"Lotes","styleUrl":"#line2","stroke-opacity":1,"stroke":"#000000","stroke-width":1,"name":"FONDO"}},
{"type":"Feature","geometry":{"type":"LineString","coordinates":[[-63.08605,-17.55553],[-63.08541,-17.55538]]},"properties":{"description":"Lotes","styleUrl":"#line2","stroke-opacity":1,"stroke":"#000000","stroke-width":1,"name":"FONDO"}},
{"type":"Feature","geometry":{"type":"LineString","coordinates":[[-63.08607,-17.55544],[-63.08543,-17.5553]]},"properties":{"description":"Lotes","styleUrl":"#line2","stroke-opacity":1,"stroke":"#000000","stroke-width":1,"name":"FONDO"}},
{"type":"Feature","geometry":{"type":"LineString","coordinates":[[-63.08609,-17.55535],[-63.08545,-17.55521]]},"properties":{"description":"Lotes","styleUrl":"#line2","stroke-opacity":1,"stroke":"#000000","stroke-width":1,"name":"FONDO"}},
{"type":"Feature","geometry":{"type":"LineString","coordinates":[[-63.08611,-17.55526],[-63.08547,-17.55512]]},"properties":{"description":"Lotes","styleUrl":"#line2","stroke-opacity":1,"stroke":"#000000","stroke-width":1,"name":"FONDO"}},
{"type":"Feature","geometry":{"type":"LineString","coordinates":[[-63.08613,-17.55517],[-63.08549,-17.55503]]},"properties":{"description":"Lotes","styleUrl":"#line2","stroke-opacity":1,"stroke":"#000000","stroke-width":1,"name":"FONDO"}},
{"type":"Feature","geometry":{"type":"LineString","coordinates":[[-63.08615,-17.55509],[-63.08551,-17.55494]]},"properties":{"description":"Lotes","styleUrl":"#line2","stroke-opacity":1,"stroke":"#000000","stroke-width":1,"name":"FONDO"}},
{"type":"Feature","geometry":{"type":"LineString","coordinates":[[-63.08617,-17.555],[-63.08553,-17.55486]]},"properties":{"description":"Lotes","styleUrl":"#line2","stroke-opacity":1,"stroke":"#000000","stroke-width":1,"name":"FONDO"}},
{"type":"Feature","geometry":{"type":"LineString","coordinates":[[-63.0862,-17.55491],[-63.08555,-17.55477]]},"properties":{"description":"Lotes","styleUrl":"#line2","stroke-opacity":1,"stroke":"#000000","stroke-width":1,"name":"FONDO"}},
{"type":"Feature","geometry":{"type":"LineString","coordinates":[[-63.08622,-17.55482],[-63.08557,-17.55468]]},"properties":{"description":"Lotes","styleUrl":"#line2","stroke-opacity":1,"stroke":"#000000","stroke-width":1,"name":"FONDO"}},
{"type":"Feature","geometry":{"type":"LineString","coordinates":[[-63.08624,-17.55473],[-63.08559,-17.55459]]},"properties":{"description":"Lotes","styleUrl":"#line2","stroke-opacity":1,"stroke":"#000000","stroke-width":1,"name":"FONDO"}},
{"type":"Feature","geometry":{"type":"LineString","coordinates":[[-63.08626,-17.55464],[-63.08562,-17.5545]]},"properties":{"description":"Lotes","styleUrl":"#line2","stroke-opacity":1,"stroke":"#000000","stroke-width":1,"name":"FONDO"}},
{"type":"Feature","geometry":{"type":"LineString","coordinates":[[-63.08628,-17.55456],[-63.08564,-17.55442]]},"properties":{"description":"Lotes","styleUrl":"#line2","stroke-opacity":1,"stroke":"#000000","stroke-width":1,"name":"FONDO"}},
{"type":"Feature","geometry":{"type":"LineString","coordinates":[[-63.0863,-17.55447],[-63.08566,-17.55433]]},"properties":{"description":"Lotes","styleUrl":"#line2","stroke-opacity":1,"stroke":"#000000","stroke-width":1,"name":"FONDO"}},
{"type":"Feature","geometry":{"type":"LineString","coordinates":[[-63.08632,-17.55438],[-63.08568,-17.55424]]},"properties":{"description":"Lotes","styleUrl":"#line2","stroke-opacity":1,"stroke":"#000000","stroke-width":1,"name":"FONDO"}},
{"type":"Feature","geometry":{"type":"LineString","coordinates":[[-63.08634,-17.55429],[-63.0857,-17.55415]]},"properties":{"description":"Lotes","styleUrl":"#line2","stroke-opacity":1,"stroke":"#000000","stroke-width":1,"name":"FONDO"}},
{"type":"Feature","geometry":{"type":"LineString","coordinates":[[-63.08636,-17.5542],[-63.08572,-17.55406]]},"properties":{"description":"Lotes","styleUrl":"#line2","stroke-opacity":1,"stroke":"#000000","stroke-width":1,"name":"FONDO"}},
{"type":"Feature","geometry":{"type":"LineString","coordinates":[[-63.08638,-17.55412],[-63.08574,-17.55397]]},"properties":{"description":"Lotes","styleUrl":"#line2","stroke-opacity":1,"stroke":"#000000","stroke-width":1,"name":"FONDO"}},
{"type":"Feature","geometry":{"type":"LineString","coordinates":[[-63.08556,-17.55421],[-63.08501,-17.55409]]},"properties":{"description":"Lotes","styleUrl":"#line2","stroke-opacity":1,"stroke":"#000000","stroke-width":1,"name":"FONDO"}},
{"type":"Feature","geometry":{"type":"LineString","coordinates":[[-63.08558,-17.55412],[-63.08503,-17.554]]},"properties":{"description":"Lotes","styleUrl":"#line2","stroke-opacity":1,"stroke":"#000000","stroke-width":1,"name":"FONDO"}},
{"type":"Feature","geometry":{"type":"LineString","coordinates":[[-63.0856,-17.55404],[-63.08505,-17.55392]]},"properties":{"description":"Lotes","styleUrl":"#line2","stroke-opacity":1,"stroke":"#000000","stroke-width":1,"name":"FONDO"}},
{"type":"Feature","geometry":{"type":"LineString","coordinates":[[-63.08562,-17.55395],[-63.08507,-17.55383]]},"properties":{"description":"Lotes","styleUrl":"#line2","stroke-opacity":1,"stroke":"#000000","stroke-width":1,"name":"FONDO"}},
{"type":"Feature","geometry":{"type":"LineString","coordinates":[[-63.08554,-17.5543],[-63.08499,-17.55418]]},"properties":{"description":"Lotes","styleUrl":"#line2","stroke-opacity":1,"stroke":"#000000","stroke-width":1,"name":"FONDO"}},
{"type":"Feature","geometry":{"type":"LineString","coordinates":[[-63.08508,-17.55624],[-63.08453,-17.55612]]},"properties":{"description":"Lotes","styleUrl":"#line2","stroke-opacity":1,"stroke":"#000000","stroke-width":1,"name":"FONDO"}},
{"type":"Feature","geometry":{"type":"LineString","coordinates":[[-63.0851,-17.55615],[-63.08455,-17.55603]]},"properties":{"description":"Lotes","styleUrl":"#line2","stroke-opacity":1,"stroke":"#000000","stroke-width":1,"name":"FONDO"}},
{"type":"Feature","geometry":{"type":"LineString","coordinates":[[-63.08512,-17.55606],[-63.08457,-17.55594]]},"properties":{"description":"Lotes","styleUrl":"#line2","stroke-opacity":1,"stroke":"#000000","stroke-width":1,"name":"FONDO"}},
{"type":"Feature","geometry":{"type":"LineString","coordinates":[[-63.08514,-17.55598],[-63.08459,-17.55585]]},"properties":{"description":"Lotes","styleUrl":"#line2","stroke-opacity":1,"stroke":"#000000","stroke-width":1,"name":"FONDO"}},
{"type":"Feature","geometry":{"type":"LineString","coordinates":[[-63.08516,-17.55589],[-63.08461,-17.55577]]},"properties":{"description":"Lotes","styleUrl":"#line2","stroke-opacity":1,"stroke":"#000000","stroke-width":1,"name":"FONDO"}},
{"type":"Feature","geometry":{"type":"LineString","coordinates":[[-63.08518,-17.5558],[-63.08463,-17.55568]]},"properties":{"description":"Lotes","styleUrl":"#line2","stroke-opacity":1,"stroke":"#000000","stroke-width":1,"name":"FONDO"}},
{"type":"Feature","geometry":{"type":"LineString","coordinates":[[-63.0852,-17.55571],[-63.08465,-17.55559]]},"properties":{"description":"Lotes","styleUrl":"#line2","stroke-opacity":1,"stroke":"#000000","stroke-width":1,"name":"FONDO"}},
{"type":"Feature","geometry":{"type":"LineString","coordinates":[[-63.08522,-17.55562],[-63.08467,-17.5555]]},"properties":{"description":"Lotes","styleUrl":"#line2","stroke-opacity":1,"stroke":"#000000","stroke-width":1,"name":"FONDO"}},
{"type":"Feature","geometry":{"type":"LineString","coordinates":[[-63.08524,-17.55553],[-63.08469,-17.55541]]},"properties":{"description":"Lotes","styleUrl":"#line2","stroke-opacity":1,"stroke":"#000000","stroke-width":1,"name":"FONDO"}},
{"type":"Feature","geometry":{"type":"LineString","coordinates":[[-63.08527,-17.55545],[-63.08471,-17.55533]]},"properties":{"description":"Lotes","styleUrl":"#line2","stroke-opacity":1,"stroke":"#000000","stroke-width":1,"name":"FONDO"}},
{"type":"Feature","geometry":{"type":"LineString","coordinates":[[-63.08529,-17.55536],[-63.08474,-17.55524]]},"properties":{"description":"Lotes","styleUrl":"#line2","stroke-opacity":1,"stroke":"#000000","stroke-width":1,"name":"FONDO"}},
{"type":"Feature","geometry":{"type":"LineString","coordinates":[[-63.08531,-17.55527],[-63.08476,-17.55515]]},"properties":{"description":"Lotes","styleUrl":"#line2","stroke-opacity":1,"stroke":"#000000","stroke-width":1,"name":"FONDO"}},
{"type":"Feature","geometry":{"type":"LineString","coordinates":[[-63.08533,-17.55518],[-63.08478,-17.55506]]},"properties":{"description":"Lotes","styleUrl":"#line2","stroke-opacity":1,"stroke":"#000000","stroke-width":1,"name":"FONDO"}},
{"type":"Feature","geometry":{"type":"LineString","coordinates":[[-63.08535,-17.55509],[-63.0848,-17.55497]]},"properties":{"description":"Lotes","styleUrl":"#line2","stroke-opacity":1,"stroke":"#000000","stroke-width":1,"name":"FONDO"}},
{"type":"Feature","geometry":{"type":"LineString","coordinates":[[-63.08537,-17.55501],[-63.08482,-17.55489]]},"properties":{"description":"Lotes","styleUrl":"#line2","stroke-opacity":1,"stroke":"#000000","stroke-width":1,"name":"FONDO"}},
{"type":"Feature","geometry":{"type":"LineString","coordinates":[[-63.08539,-17.55492],[-63.08484,-17.5548]]},"properties":{"description":"Lotes","styleUrl":"#line2","stroke-opacity":1,"stroke":"#000000","stroke-width":1,"name":"FONDO"}},
{"type":"Feature","geometry":{"type":"LineString","coordinates":[[-63.08541,-17.55483],[-63.08486,-17.55471]]},"properties":{"description":"Lotes","styleUrl":"#line2","stroke-opacity":1,"stroke":"#000000","stroke-width":1,"name":"FONDO"}},
{"type":"Feature","geometry":{"type":"LineString","coordinates":[[-63.08543,-17.55474],[-63.08488,-17.55462]]},"properties":{"description":"Lotes","styleUrl":"#line2","stroke-opacity":1,"stroke":"#000000","stroke-width":1,"name":"FONDO"}},
{"type":"Feature","geometry":{"type":"LineString","coordinates":[[-63.08545,-17.55465],[-63.0849,-17.55453]]},"properties":{"description":"Lotes","styleUrl":"#line2","stroke-opacity":1,"stroke":"#000000","stroke-width":1,"name":"FONDO"}},
{"type":"Feature","geometry":{"type":"LineString","coordinates":[[-63.08548,-17.55457],[-63.08492,-17.55444]]},"properties":{"description":"Lotes","styleUrl":"#line2","stroke-opacity":1,"stroke":"#000000","stroke-width":1,"name":"FONDO"}},
{"type":"Feature","geometry":{"type":"LineString","coordinates":[[-63.0855,-17.55448],[-63.08495,-17.55436]]},"properties":{"description":"Lotes","styleUrl":"#line2","stroke-opacity":1,"stroke":"#000000","stroke-width":1,"name":"FONDO"}},
{"type":"Feature","geometry":{"type":"LineString","coordinates":[[-63.08552,-17.55439],[-63.08497,-17.55427]]},"properties":{"description":"Lotes","styleUrl":"#line2","stroke-opacity":1,"stroke":"#000000","stroke-width":1,"name":"FONDO"}},
{"type":"Feature","geometry":{"type":"LineString","coordinates":[[-63.08441,-17.55609],[-63.08385,-17.55597]]},"properties":{"description":"Lotes","styleUrl":"#line2","stroke-opacity":1,"stroke":"#000000","stroke-width":1,"name":"FONDO"}},
{"type":"Feature","geometry":{"type":"LineString","coordinates":[[-63.08443,-17.556],[-63.08388,-17.55588]]},"properties":{"description":"Lotes","styleUrl":"#line2","stroke-opacity":1,"stroke":"#000000","stroke-width":1,"name":"FONDO"}},
{"type":"Feature","geometry":{"type":"LineString","coordinates":[[-63.08445,-17.55592],[-63.0839,-17.5558]]},"properties":{"description":"Lotes","styleUrl":"#line2","stroke-opacity":1,"stroke":"#000000","stroke-width":1,"name":"FONDO"}},
{"type":"Feature","geometry":{"type":"LineString","coordinates":[[-63.08447,-17.55583],[-63.08392,-17.55571]]},"properties":{"description":"Lotes","styleUrl":"#line2","stroke-opacity":1,"stroke":"#000000","stroke-width":1,"name":"FONDO"}},
{"type":"Feature","geometry":{"type":"LineString","coordinates":[[-63.08449,-17.55574],[-63.08394,-17.55562]]},"properties":{"description":"Lotes","styleUrl":"#line2","stroke-opacity":1,"stroke":"#000000","stroke-width":1,"name":"FONDO"}},
{"type":"Feature","geometry":{"type":"LineString","coordinates":[[-63.08451,-17.55565],[-63.08396,-17.55553]]},"properties":{"description":"Lotes","styleUrl":"#line2","stroke-opacity":1,"stroke":"#000000","stroke-width":1,"name":"FONDO"}},
{"type":"Feature","geometry":{"type":"LineString","coordinates":[[-63.08453,-17.55556],[-63.08398,-17.55544]]},"properties":{"description":"Lotes","styleUrl":"#line2","stroke-opacity":1,"stroke":"#000000","stroke-width":1,"name":"FONDO"}},
{"type":"Feature","geometry":{"type":"LineString","coordinates":[[-63.08455,-17.55548],[-63.084,-17.55536]]},"properties":{"description":"Lotes","styleUrl":"#line2","stroke-opacity":1,"stroke":"#000000","stroke-width":1,"name":"FONDO"}},
{"type":"Feature","geometry":{"type":"LineString","coordinates":[[-63.08457,-17.55539],[-63.08402,-17.55527]]},"properties":{"description":"Lotes","styleUrl":"#line2","stroke-opacity":1,"stroke":"#000000","stroke-width":1,"name":"FONDO"}},
{"type":"Feature","geometry":{"type":"LineString","coordinates":[[-63.08459,-17.5553],[-63.08404,-17.55518]]},"properties":{"description":"Lotes","styleUrl":"#line2","stroke-opacity":1,"stroke":"#000000","stroke-width":1,"name":"FONDO"}},
{"type":"Feature","geometry":{"type":"LineString","coordinates":[[-63.08462,-17.55521],[-63.08406,-17.55509]]},"properties":{"description":"Lotes","styleUrl":"#line2","stroke-opacity":1,"stroke":"#000000","stroke-width":1,"name":"FONDO"}},
{"type":"Feature","geometry":{"type":"LineString","coordinates":[[-63.08464,-17.55512],[-63.08409,-17.555]]},"properties":{"description":"Lotes","styleUrl":"#line2","stroke-opacity":1,"stroke":"#000000","stroke-width":1,"name":"FONDO"}},
{"type":"Feature","geometry":{"type":"LineString","coordinates":[[-63.08466,-17.55504],[-63.08411,-17.55491]]},"properties":{"description":"Lotes","styleUrl":"#line2","stroke-opacity":1,"stroke":"#000000","stroke-width":1,"name":"FONDO"}},
{"type":"Feature","geometry":{"type":"LineString","coordinates":[[-63.08468,-17.55495],[-63.08413,-17.55483]]},"properties":{"description":"Lotes","styleUrl":"#line2","stroke-opacity":1,"stroke":"#000000","stroke-width":1,"name":"FONDO"}},
{"type":"Feature","geometry":{"type":"LineString","coordinates":[[-63.0847,-17.55486],[-63.08415,-17.55474]]},"properties":{"description":"Lotes","styleUrl":"#line2","stroke-opacity":1,"stroke":"#000000","stroke-width":1,"name":"FONDO"}},
{"type":"Feature","geometry":{"type":"LineString","coordinates":[[-63.08472,-17.55477],[-63.08417,-17.55465]]},"properties":{"description":"Lotes","styleUrl":"#line2","stroke-opacity":1,"stroke":"#000000","stroke-width":1,"name":"FONDO"}},
{"type":"Feature","geometry":{"type":"LineString","coordinates":[[-63.08474,-17.55468],[-63.08419,-17.55456]]},"properties":{"description":"Lotes","styleUrl":"#line2","stroke-opacity":1,"stroke":"#000000","stroke-width":1,"name":"FONDO"}},
{"type":"Feature","geometry":{"type":"LineString","coordinates":[[-63.08476,-17.55459],[-63.08421,-17.55447]]},"properties":{"description":"Lotes","styleUrl":"#line2","stroke-opacity":1,"stroke":"#000000","stroke-width":1,"name":"FONDO"}},
{"type":"Feature","geometry":{"type":"LineString","coordinates":[[-63.08478,-17.55451],[-63.08423,-17.55439]]},"properties":{"description":"Lotes","styleUrl":"#line2","stroke-opacity":1,"stroke":"#000000","stroke-width":1,"name":"FONDO"}},
{"type":"Feature","geometry":{"type":"LineString","coordinates":[[-63.0848,-17.55442],[-63.08425,-17.5543]]},"properties":{"description":"Lotes","styleUrl":"#line2","stroke-opacity":1,"stroke":"#000000","stroke-width":1,"name":"FONDO"}},
{"type":"Feature","geometry":{"type":"LineString","coordinates":[[-63.08483,-17.55433],[-63.08427,-17.55421]]},"properties":{"description":"Lotes","styleUrl":"#line2","stroke-opacity":1,"stroke":"#000000","stroke-width":1,"name":"FONDO"}},
{"type":"Feature","geometry":{"type":"LineString","coordinates":[[-63.08485,-17.55424],[-63.0843,-17.55412]]},"properties":{"description":"Lotes","styleUrl":"#line2","stroke-opacity":1,"stroke":"#000000","stroke-width":1,"name":"FONDO"}},
{"type":"Feature","geometry":{"type":"LineString","coordinates":[[-63.08487,-17.55415],[-63.08432,-17.55403]]},"properties":{"description":"Lotes","styleUrl":"#line2","stroke-opacity":1,"stroke":"#000000","stroke-width":1,"name":"FONDO"}},
{"type":"Feature","geometry":{"type":"LineString","coordinates":[[-63.08489,-17.55407],[-63.08434,-17.55395]]},"properties":{"description":"Lotes","styleUrl":"#line2","stroke-opacity":1,"stroke":"#000000","stroke-width":1,"name":"FONDO"}},
{"type":"Feature","geometry":{"type":"LineString","coordinates":[[-63.08491,-17.55398],[-63.08436,-17.55386]]},"properties":{"description":"Lotes","styleUrl":"#line2","stroke-opacity":1,"stroke":"#000000","stroke-width":1,"name":"FONDO"}},
{"type":"Feature","geometry":{"type":"LineString","coordinates":[[-63.08493,-17.55389],[-63.08438,-17.55377]]},"properties":{"description":"Lotes","styleUrl":"#line2","stroke-opacity":1,"stroke":"#000000","stroke-width":1,"name":"FONDO"}},
{"type":"Feature","geometry":{"type":"LineString","coordinates":[[-63.08495,-17.5538],[-63.0844,-17.55368]]},"properties":{"description":"Lotes","styleUrl":"#line2","stroke-opacity":1,"stroke":"#000000","stroke-width":1,"name":"FONDO"}},
{"type":"Feature","geometry":{"type":"LineString","coordinates":[[-63.08476,-17.55635],[-63.08538,-17.55373]]},"properties":{"description":"Lotes","styleUrl":"#line2","stroke-opacity":1,"stroke":"#000000","stroke-width":1,"name":"FONDO"}},
{"type":"Feature","geometry":{"type":"LineString","coordinates":[[-63.08409,-17.5562],[-63.08471,-17.55359]]},"properties":{"description":"Lotes","styleUrl":"#line2","stroke-opacity":1,"stroke":"#000000","stroke-width":1,"name":"FONDO"}},
{"type":"Feature","geometry":{"type":"LineString","coordinates":[[-63.08632,-17.55668],[-63.08673,-17.55493]]},"properties":{"description":"Lotes","styleUrl":"#line2","stroke-opacity":1,"stroke":"#000000","stroke-width":1,"name":"FONDO"}},
{"type":"Feature","geometry":{"type":"LineString","coordinates":[[-63.08686,-17.55679],[-63.08693,-17.55648]]},"properties":{"description":"Lotes","styleUrl":"#line2","stroke-opacity":1,"stroke":"#000000","stroke-width":1,"name":"FONDO"}},
{"type":"Feature","geometry":{"type":"LineString","coordinates":[[-63.08695,-17.55681],[-63.08702,-17.5565]]},"properties":{"description":"Lotes","styleUrl":"#line2","stroke-opacity":1,"stroke":"#000000","stroke-width":1,"name":"FONDO"}},
{"type":"Feature","geometry":{"type":"LineString","coordinates":[[-63.08704,-17.55683],[-63.08712,-17.55652]]},"properties":{"description":"Lotes","styleUrl":"#line2","stroke-opacity":1,"stroke":"#000000","stroke-width":1,"name":"FONDO"}},
{"type":"Feature","geometry":{"type":"LineString","coordinates":[[-63.08713,-17.55685],[-63.08721,-17.55654]]},"properties":{"description":"Lotes","styleUrl":"#line2","stroke-opacity":1,"stroke":"#000000","stroke-width":1,"name":"FONDO"}},
{"type":"Feature","geometry":{"type":"LineString","coordinates":[[-63.08723,-17.55687],[-63.0873,-17.55656]]},"properties":{"description":"Lotes","styleUrl":"#line2","stroke-opacity":1,"stroke":"#000000","stroke-width":1,"name":"FONDO"}},
{"type":"Feature","geometry":{"type":"LineString","coordinates":[[-63.08732,-17.55689],[-63.08739,-17.55658]]},"properties":{"description":"Lotes","styleUrl":"#line2","stroke-opacity":1,"stroke":"#000000","stroke-width":1,"name":"FONDO"}},
{"type":"Feature","geometry":{"type":"LineString","coordinates":[[-63.08739,-17.55658],[-63.08679,-17.55645]]},"properties":{"description":"Lotes","styleUrl":"#line2","stroke-opacity":1,"stroke":"#000000","stroke-width":1,"name":"FONDO"}},
{"type":"Feature","geometry":{"type":"LineString","coordinates":[[-63.08736,-17.55648],[-63.08681,-17.55636]]},"properties":{"description":"Lotes","styleUrl":"#line2","stroke-opacity":1,"stroke":"#000000","stroke-width":1,"name":"FONDO"}},
{"type":"Feature","geometry":{"type":"LineString","coordinates":[[-63.08733,-17.55639],[-63.08683,-17.55627]]},"properties":{"description":"Lotes","styleUrl":"#line2","stroke-opacity":1,"stroke":"#000000","stroke-width":1,"name":"FONDO"}},
{"type":"Feature","geometry":{"type":"LineString","coordinates":[[-63.08731,-17.55629],[-63.08685,-17.55619]]},"properties":{"description":"Lotes","styleUrl":"#line2","stroke-opacity":1,"stroke":"#000000","stroke-width":1,"name":"FONDO"}},
{"type":"Feature","geometry":{"type":"LineString","coordinates":[[-63.08728,-17.55619],[-63.08687,-17.5561]]},"properties":{"description":"Lotes","styleUrl":"#line2","stroke-opacity":1,"stroke":"#000000","stroke-width":1,"name":"FONDO"}},
{"type":"Feature","geometry":{"type":"LineString","coordinates":[[-63.08725,-17.55609],[-63.08689,-17.55601]]},"properties":{"description":"Lotes","styleUrl":"#line2","stroke-opacity":1,"stroke":"#000000","stroke-width":1,"name":"FONDO"}},
{"type":"Feature","geometry":{"type":"LineString","coordinates":[[-63.08722,-17.55599],[-63.08691,-17.55592]]},"properties":{"description":"Lotes","styleUrl":"#line2","stroke-opacity":1,"stroke":"#000000","stroke-width":1,"name":"FONDO"}},
{"type":"Feature","geometry":{"type":"LineString","coordinates":[[-63.08719,-17.55589],[-63.08693,-17.55583]]},"properties":{"description":"Lotes","styleUrl":"#line2","stroke-opacity":1,"stroke":"#000000","stroke-width":1,"name":"FONDO"}},
{"type":"Feature","geometry":{"type":"LineString","coordinates":[[-63.08697,-17.55395],[-63.08751,-17.55165]]},"properties":{"description":"Lotes","styleUrl":"#line2","stroke-opacity":1,"stroke":"#000000","stroke-width":1,"name":"FONDO"}},
{"type":"Feature","geometry":{"type":"LineString","coordinates":[[-63.08608,-17.55376],[-63.08663,-17.55146]]},"properties":{"description":"Lotes","styleUrl":"#line2","stroke-opacity":1,"stroke":"#000000","stroke-width":1,"name":"FONDO"}},
{"type":"Feature","geometry":{"type":"LineString","coordinates":[[-63.08474,-17.55347],[-63.08529,-17.55117]]},"properties":{"description":"Lotes","styleUrl":"#line2","stroke-opacity":1,"stroke":"#000000","stroke-width":1,"name":"FONDO"}},
{"type":"Feature","geometry":{"type":"LineString","coordinates":[[-63.08541,-17.55361],[-63.08596,-17.55131]]},"properties":{"description":"Lotes","styleUrl":"#line2","stroke-opacity":1,"stroke":"#000000","stroke-width":1,"name":"FONDO"}},
{"type":"Feature","geometry":{"type":"LineString","coordinates":[[-63.08764,-17.55409],[-63.08819,-17.55179]]},"properties":{"description":"Lotes","styleUrl":"#line2","stroke-opacity":1,"stroke":"#000000","stroke-width":1,"name":"FONDO"}},
{"type":"Feature","geometry":{"type":"LineString","coordinates":[[-63.08862,-17.5531],[-63.0883,-17.55303]]},"properties":{"description":"Lotes","styleUrl":"#line2","stroke-opacity":1,"stroke":"#000000","stroke-width":1,"name":"FONDO"}},
{"type":"Feature","geometry":{"type":"LineString","coordinates":[[-63.08864,-17.55302],[-63.08833,-17.55295]]},"properties":{"description":"Lotes","styleUrl":"#line2","stroke-opacity":1,"stroke":"#000000","stroke-width":1,"name":"FONDO"}},
{"type":"Feature","geometry":{"type":"LineString","coordinates":[[-63.08866,-17.55293],[-63.08835,-17.55286]]},"properties":{"description":"Lotes","styleUrl":"#line2","stroke-opacity":1,"stroke":"#000000","stroke-width":1,"name":"FONDO"}},
{"type":"Feature","geometry":{"type":"LineString","coordinates":[[-63.08868,-17.55284],[-63.08837,-17.55277]]},"properties":{"description":"Lotes","styleUrl":"#line2","stroke-opacity":1,"stroke":"#000000","stroke-width":1,"name":"FONDO"}},
{"type":"Feature","geometry":{"type":"LineString","coordinates":[[-63.0887,-17.55275],[-63.08839,-17.55268]]},"properties":{"description":"Lotes","styleUrl":"#line2","stroke-opacity":1,"stroke":"#000000","stroke-width":1,"name":"FONDO"}},
{"type":"Feature","geometry":{"type":"LineString","coordinates":[[-63.08872,-17.55266],[-63.08841,-17.55259]]},"properties":{"description":"Lotes","styleUrl":"#line2","stroke-opacity":1,"stroke":"#000000","stroke-width":1,"name":"FONDO"}},
{"type":"Feature","geometry":{"type":"LineString","coordinates":[[-63.08874,-17.55257],[-63.08843,-17.55251]]},"properties":{"description":"Lotes","styleUrl":"#line2","stroke-opacity":1,"stroke":"#000000","stroke-width":1,"name":"FONDO"}},
{"type":"Feature","geometry":{"type":"LineString","coordinates":[[-63.08876,-17.55249],[-63.08845,-17.55242]]},"properties":{"description":"Lotes","styleUrl":"#line2","stroke-opacity":1,"stroke":"#000000","stroke-width":1,"name":"FONDO"}},
{"type":"Feature","geometry":{"type":"LineString","coordinates":[[-63.08879,-17.5524],[-63.08847,-17.55233]]},"properties":{"description":"Lotes","styleUrl":"#line2","stroke-opacity":1,"stroke":"#000000","stroke-width":1,"name":"FONDO"}},
{"type":"Feature","geometry":{"type":"LineString","coordinates":[[-63.08881,-17.55231],[-63.08849,-17.55224]]},"properties":{"description":"Lotes","styleUrl":"#line2","stroke-opacity":1,"stroke":"#000000","stroke-width":1,"name":"FONDO"}},
{"type":"Feature","geometry":{"type":"LineString","coordinates":[[-63.08883,-17.55222],[-63.08851,-17.55215]]},"properties":{"description":"Lotes","styleUrl":"#line2","stroke-opacity":1,"stroke":"#000000","stroke-width":1,"name":"FONDO"}},
{"type":"Feature","geometry":{"type":"LineString","coordinates":[[-63.08885,-17.55213],[-63.08854,-17.55207]]},"properties":{"description":"Lotes","styleUrl":"#line2","stroke-opacity":1,"stroke":"#000000","stroke-width":1,"name":"FONDO"}},
{"type":"Feature","geometry":{"type":"LineString","coordinates":[[-63.0886,-17.55319],[-63.08828,-17.55312]]},"properties":{"description":"Lotes","styleUrl":"#line2","stroke-opacity":1,"stroke":"#000000","stroke-width":1,"name":"FONDO"}},
{"type":"Feature","geometry":{"type":"LineString","coordinates":[[-63.08858,-17.55328],[-63.08826,-17.55321]]},"properties":{"description":"Lotes","styleUrl":"#line2","stroke-opacity":1,"stroke":"#000000","stroke-width":1,"name":"FONDO"}},
{"type":"Feature","geometry":{"type":"LineString","coordinates":[[-63.08855,-17.55337],[-63.08824,-17.5533]]},"properties":{"description":"Lotes","styleUrl":"#line2","stroke-opacity":1,"stroke":"#000000","stroke-width":1,"name":"FONDO"}},
{"type":"Feature","geometry":{"type":"LineString","coordinates":[[-63.08853,-17.55346],[-63.08822,-17.55339]]},"properties":{"description":"Lotes","styleUrl":"#line2","stroke-opacity":1,"stroke":"#000000","stroke-width":1,"name":"FONDO"}},
{"type":"Feature","geometry":{"type":"LineString","coordinates":[[-63.08851,-17.55354],[-63.0882,-17.55348]]},"properties":{"description":"Lotes","styleUrl":"#line2","stroke-opacity":1,"stroke":"#000000","stroke-width":1,"name":"FONDO"}},
{"type":"Feature","geometry":{"type":"LineString","coordinates":[[-63.08849,-17.55363],[-63.08818,-17.55356]]},"properties":{"description":"Lotes","styleUrl":"#line2","stroke-opacity":1,"stroke":"#000000","stroke-width":1,"name":"FONDO"}},
{"type":"Feature","geometry":{"type":"LineString","coordinates":[[-63.08847,-17.55372],[-63.08816,-17.55365]]},"properties":{"description":"Lotes","styleUrl":"#line2","stroke-opacity":1,"stroke":"#000000","stroke-width":1,"name":"FONDO"}},
{"type":"Feature","geometry":{"type":"LineString","coordinates":[[-63.08845,-17.55381],[-63.08814,-17.55374]]},"properties":{"description":"Lotes","styleUrl":"#line2","stroke-opacity":1,"stroke":"#000000","stroke-width":1,"name":"FONDO"}},
{"type":"Feature","geometry":{"type":"LineString","coordinates":[[-63.08843,-17.5539],[-63.08812,-17.55383]]},"properties":{"description":"Lotes","styleUrl":"#line2","stroke-opacity":1,"stroke":"#000000","stroke-width":1,"name":"FONDO"}},
{"type":"Feature","geometry":{"type":"LineString","coordinates":[[-63.08841,-17.55398],[-63.08809,-17.55392]]},"properties":{"description":"Lotes","styleUrl":"#line2","stroke-opacity":1,"stroke":"#000000","stroke-width":1,"name":"FONDO"}},
{"type":"Feature","geometry":{"type":"LineString","coordinates":[[-63.08839,-17.55407],[-63.08807,-17.554]]},"properties":{"description":"Lotes","styleUrl":"#line2","stroke-opacity":1,"stroke":"#000000","stroke-width":1,"name":"FONDO"}},
{"type":"Feature","geometry":{"type":"LineString","coordinates":[[-63.08795,-17.55398],[-63.0874,-17.55386]]},"properties":{"description":"Lotes","styleUrl":"#line2","stroke-opacity":1,"stroke":"#000000","stroke-width":1,"name":"FONDO"}},
{"type":"Feature","geometry":{"type":"LineString","coordinates":[[-63.08798,-17.55389],[-63.08742,-17.55377]]},"properties":{"description":"Lotes","styleUrl":"#line2","stroke-opacity":1,"stroke":"#000000","stroke-width":1,"name":"FONDO"}},
{"type":"Feature","geometry":{"type":"LineString","coordinates":[[-63.088,-17.5538],[-63.08745,-17.55368]]},"properties":{"description":"Lotes","styleUrl":"#line2","stroke-opacity":1,"stroke":"#000000","stroke-width":1,"name":"FONDO"}},
{"type":"Feature","geometry":{"type":"LineString","coordinates":[[-63.08802,-17.55371],[-63.08747,-17.55359]]},"properties":{"description":"Lotes","styleUrl":"#line2","stroke-opacity":1,"stroke":"#000000","stroke-width":1,"name":"FONDO"}},
{"type":"Feature","geometry":{"type":"LineString","coordinates":[[-63.08804,-17.55363],[-63.08749,-17.5535]]},"properties":{"description":"Lotes","styleUrl":"#line2","stroke-opacity":1,"stroke":"#000000","stroke-width":1,"name":"FONDO"}},
{"type":"Feature","geometry":{"type":"LineString","coordinates":[[-63.08806,-17.55354],[-63.08751,-17.55342]]},"properties":{"description":"Lotes","styleUrl":"#line2","stroke-opacity":1,"stroke":"#000000","stroke-width":1,"name":"FONDO"}},
{"type":"Feature","geometry":{"type":"LineString","coordinates":[[-63.08808,-17.55345],[-63.08753,-17.55333]]},"properties":{"description":"Lotes","styleUrl":"#line2","stroke-opacity":1,"stroke":"#000000","stroke-width":1,"name":"FONDO"}},
{"type":"Feature","geometry":{"type":"LineString","coordinates":[[-63.0881,-17.55336],[-63.08755,-17.55324]]},"properties":{"description":"Lotes","styleUrl":"#line2","stroke-opacity":1,"stroke":"#000000","stroke-width":1,"name":"FONDO"}},
{"type":"Feature","geometry":{"type":"LineString","coordinates":[[-63.08812,-17.55327],[-63.08757,-17.55315]]},"properties":{"description":"Lotes","styleUrl":"#line2","stroke-opacity":1,"stroke":"#000000","stroke-width":1,"name":"FONDO"}},
{"type":"Feature","geometry":{"type":"LineString","coordinates":[[-63.08814,-17.55318],[-63.08759,-17.55306]]},"properties":{"description":"Lotes","styleUrl":"#line2","stroke-opacity":1,"stroke":"#000000","stroke-width":1,"name":"FONDO"}},
{"type":"Feature","geometry":{"type":"LineString","coordinates":[[-63.08816,-17.5531],[-63.08761,-17.55298]]},"properties":{"description":"Lotes","styleUrl":"#line2","stroke-opacity":1,"stroke":"#000000","stroke-width":1,"name":"FONDO"}},
{"type":"Feature","geometry":{"type":"LineString","coordinates":[[-63.08819,-17.55301],[-63.08763,-17.55289]]},"properties":{"description":"Lotes","styleUrl":"#line2","stroke-opacity":1,"stroke":"#000000","stroke-width":1,"name":"FONDO"}},
{"type":"Feature","geometry":{"type":"LineString","coordinates":[[-63.08821,-17.55292],[-63.08766,-17.5528]]},"properties":{"description":"Lotes","styleUrl":"#line2","stroke-opacity":1,"stroke":"#000000","stroke-width":1,"name":"FONDO"}},
{"type":"Feature","geometry":{"type":"LineString","coordinates":[[-63.08823,-17.55283],[-63.08768,-17.55271]]},"properties":{"description":"Lotes","styleUrl":"#line2","stroke-opacity":1,"stroke":"#000000","stroke-width":1,"name":"FONDO"}},
{"type":"Feature","geometry":{"type":"LineString","coordinates":[[-63.08825,-17.55274],[-63.0877,-17.55262]]},"properties":{"description":"Lotes","styleUrl":"#line2","stroke-opacity":1,"stroke":"#000000","stroke-width":1,"name":"FONDO"}},
{"type":"Feature","geometry":{"type":"LineString","coordinates":[[-63.08827,-17.55266],[-63.08772,-17.55254]]},"properties":{"description":"Lotes","styleUrl":"#line2","stroke-opacity":1,"stroke":"#000000","stroke-width":1,"name":"FONDO"}},
{"type":"Feature","geometry":{"type":"LineString","coordinates":[[-63.08829,-17.55257],[-63.08774,-17.55245]]},"properties":{"description":"Lotes","styleUrl":"#line2","stroke-opacity":1,"stroke":"#000000","stroke-width":1,"name":"FONDO"}},
{"type":"Feature","geometry":{"type":"LineString","coordinates":[[-63.08831,-17.55248],[-63.08776,-17.55236]]},"properties":{"description":"Lotes","styleUrl":"#line2","stroke-opacity":1,"stroke":"#000000","stroke-width":1,"name":"FONDO"}},
{"type":"Feature","geometry":{"type":"LineString","coordinates":[[-63.08833,-17.55239],[-63.08778,-17.55227]]},"properties":{"description":"Lotes","styleUrl":"#line2","stroke-opacity":1,"stroke":"#000000","stroke-width":1,"name":"FONDO"}},
{"type":"Feature","geometry":{"type":"LineString","coordinates":[[-63.08835,-17.5523],[-63.0878,-17.55218]]},"properties":{"description":"Lotes","styleUrl":"#line2","stroke-opacity":1,"stroke":"#000000","stroke-width":1,"name":"FONDO"}},
{"type":"Feature","geometry":{"type":"LineString","coordinates":[[-63.08837,-17.55222],[-63.08782,-17.55209]]},"properties":{"description":"Lotes","styleUrl":"#line2","stroke-opacity":1,"stroke":"#000000","stroke-width":1,"name":"FONDO"}},
{"type":"Feature","geometry":{"type":"LineString","coordinates":[[-63.0884,-17.55213],[-63.08784,-17.55201]]},"properties":{"description":"Lotes","styleUrl":"#line2","stroke-opacity":1,"stroke":"#000000","stroke-width":1,"name":"FONDO"}},
{"type":"Feature","geometry":{"type":"LineString","coordinates":[[-63.08842,-17.55204],[-63.08787,-17.55192]]},"properties":{"description":"Lotes","styleUrl":"#line2","stroke-opacity":1,"stroke":"#000000","stroke-width":1,"name":"FONDO"}},
{"type":"Feature","geometry":{"type":"LineString","coordinates":[[-63.08728,-17.55383],[-63.08664,-17.55369]]},"properties":{"description":"Lotes","styleUrl":"#line2","stroke-opacity":1,"stroke":"#000000","stroke-width":1,"name":"FONDO"}},
{"type":"Feature","geometry":{"type":"LineString","coordinates":[[-63.0873,-17.55374],[-63.08666,-17.5536]]},"properties":{"description":"Lotes","styleUrl":"#line2","stroke-opacity":1,"stroke":"#000000","stroke-width":1,"name":"FONDO"}},
{"type":"Feature","geometry":{"type":"LineString","coordinates":[[-63.08733,-17.55365],[-63.08668,-17.55351]]},"properties":{"description":"Lotes","styleUrl":"#line2","stroke-opacity":1,"stroke":"#000000","stroke-width":1,"name":"FONDO"}},
{"type":"Feature","geometry":{"type":"LineString","coordinates":[[-63.08735,-17.55357],[-63.0867,-17.55343]]},"properties":{"description":"Lotes","styleUrl":"#line2","stroke-opacity":1,"stroke":"#000000","stroke-width":1,"name":"FONDO"}},
{"type":"Feature","geometry":{"type":"LineString","coordinates":[[-63.08737,-17.55348],[-63.08672,-17.55334]]},"properties":{"description":"Lotes","styleUrl":"#line2","stroke-opacity":1,"stroke":"#000000","stroke-width":1,"name":"FONDO"}},
{"type":"Feature","geometry":{"type":"LineString","coordinates":[[-63.08739,-17.55339],[-63.08675,-17.55325]]},"properties":{"description":"Lotes","styleUrl":"#line2","stroke-opacity":1,"stroke":"#000000","stroke-width":1,"name":"FONDO"}},
{"type":"Feature","geometry":{"type":"LineString","coordinates":[[-63.08741,-17.5533],[-63.08677,-17.55316]]},"properties":{"description":"Lotes","styleUrl":"#line2","stroke-opacity":1,"stroke":"#000000","stroke-width":1,"name":"FONDO"}},
{"type":"Feature","geometry":{"type":"LineString","coordinates":[[-63.08743,-17.55321],[-63.08679,-17.55307]]},"properties":{"description":"Lotes","styleUrl":"#line2","stroke-opacity":1,"stroke":"#000000","stroke-width":1,"name":"FONDO"}},
{"type":"Feature","geometry":{"type":"LineString","coordinates":[[-63.08745,-17.55313],[-63.08681,-17.55298]]},"properties":{"description":"Lotes","styleUrl":"#line2","stroke-opacity":1,"stroke":"#000000","stroke-width":1,"name":"FONDO"}},
{"type":"Feature","geometry":{"type":"LineString","coordinates":[[-63.08747,-17.55304],[-63.08683,-17.5529]]},"properties":{"description":"Lotes","styleUrl":"#line2","stroke-opacity":1,"stroke":"#000000","stroke-width":1,"name":"FONDO"}},
{"type":"Feature","geometry":{"type":"LineString","coordinates":[[-63.08749,-17.55295],[-63.08685,-17.55281]]},"properties":{"description":"Lotes","styleUrl":"#line2","stroke-opacity":1,"stroke":"#000000","stroke-width":1,"name":"FONDO"}},
{"type":"Feature","geometry":{"type":"LineString","coordinates":[[-63.08751,-17.55286],[-63.08687,-17.55272]]},"properties":{"description":"Lotes","styleUrl":"#line2","stroke-opacity":1,"stroke":"#000000","stroke-width":1,"name":"FONDO"}},
{"type":"Feature","geometry":{"type":"LineString","coordinates":[[-63.08754,-17.55277],[-63.08689,-17.55263]]},"properties":{"description":"Lotes","styleUrl":"#line2","stroke-opacity":1,"stroke":"#000000","stroke-width":1,"name":"FONDO"}},
{"type":"Feature","geometry":{"type":"LineString","coordinates":[[-63.08756,-17.55269],[-63.08691,-17.55254]]},"properties":{"description":"Lotes","styleUrl":"#line2","stroke-opacity":1,"stroke":"#000000","stroke-width":1,"name":"FONDO"}},
{"type":"Feature","geometry":{"type":"LineString","coordinates":[[-63.08758,-17.5526],[-63.08693,-17.55246]]},"properties":{"description":"Lotes","styleUrl":"#line2","stroke-opacity":1,"stroke":"#000000","stroke-width":1,"name":"FONDO"}},
{"type":"Feature","geometry":{"type":"LineString","coordinates":[[-63.0876,-17.55251],[-63.08696,-17.55237]]},"properties":{"description":"Lotes","styleUrl":"#line2","stroke-opacity":1,"stroke":"#000000","stroke-width":1,"name":"FONDO"}},
{"type":"Feature","geometry":{"type":"LineString","coordinates":[[-63.08762,-17.55242],[-63.08698,-17.55228]]},"properties":{"description":"Lotes","styleUrl":"#line2","stroke-opacity":1,"stroke":"#000000","stroke-width":1,"name":"FONDO"}},
{"type":"Feature","geometry":{"type":"LineString","coordinates":[[-63.08764,-17.55233],[-63.087,-17.55219]]},"properties":{"description":"Lotes","styleUrl":"#line2","stroke-opacity":1,"stroke":"#000000","stroke-width":1,"name":"FONDO"}},
{"type":"Feature","geometry":{"type":"LineString","coordinates":[[-63.08766,-17.55224],[-63.08702,-17.5521]]},"properties":{"description":"Lotes","styleUrl":"#line2","stroke-opacity":1,"stroke":"#000000","stroke-width":1,"name":"FONDO"}},
{"type":"Feature","geometry":{"type":"LineString","coordinates":[[-63.08768,-17.55216],[-63.08704,-17.55202]]},"properties":{"description":"Lotes","styleUrl":"#line2","stroke-opacity":1,"stroke":"#000000","stroke-width":1,"name":"FONDO"}},
{"type":"Feature","geometry":{"type":"LineString","coordinates":[[-63.0877,-17.55207],[-63.08706,-17.55193]]},"properties":{"description":"Lotes","styleUrl":"#line2","stroke-opacity":1,"stroke":"#000000","stroke-width":1,"name":"FONDO"}},
{"type":"Feature","geometry":{"type":"LineString","coordinates":[[-63.08772,-17.55198],[-63.08708,-17.55184]]},"properties":{"description":"Lotes","styleUrl":"#line2","stroke-opacity":1,"stroke":"#000000","stroke-width":1,"name":"FONDO"}},
{"type":"Feature","geometry":{"type":"LineString","coordinates":[[-63.08775,-17.55189],[-63.0871,-17.55175]]},"properties":{"description":"Lotes","styleUrl":"#line2","stroke-opacity":1,"stroke":"#000000","stroke-width":1,"name":"FONDO"}},
{"type":"Feature","geometry":{"type":"LineString","coordinates":[[-63.08689,-17.55198],[-63.08625,-17.55184]]},"properties":{"description":"Lotes","styleUrl":"#line2","stroke-opacity":1,"stroke":"#000000","stroke-width":1,"name":"FONDO"}},
{"type":"Feature","geometry":{"type":"LineString","coordinates":[[-63.08691,-17.5519],[-63.08627,-17.55175]]},"properties":{"description":"Lotes","styleUrl":"#line2","stroke-opacity":1,"stroke":"#000000","stroke-width":1,"name":"FONDO"}},
{"type":"Feature","geometry":{"type":"LineString","coordinates":[[-63.08693,-17.55181],[-63.08629,-17.55167]]},"properties":{"description":"Lotes","styleUrl":"#line2","stroke-opacity":1,"stroke":"#000000","stroke-width":1,"name":"FONDO"}},
{"type":"Feature","geometry":{"type":"LineString","coordinates":[[-63.08696,-17.55172],[-63.08631,-17.55158]]},"properties":{"description":"Lotes","styleUrl":"#line2","stroke-opacity":1,"stroke":"#000000","stroke-width":1,"name":"FONDO"}},
{"type":"Feature","geometry":{"type":"LineString","coordinates":[[-63.08649,-17.55366],[-63.08585,-17.55352]]},"properties":{"description":"Lotes","styleUrl":"#line2","stroke-opacity":1,"stroke":"#000000","stroke-width":1,"name":"FONDO"}},
{"type":"Feature","geometry":{"type":"LineString","coordinates":[[-63.08651,-17.55357],[-63.08587,-17.55343]]},"properties":{"description":"Lotes","styleUrl":"#line2","stroke-opacity":1,"stroke":"#000000","stroke-width":1,"name":"FONDO"}},
{"type":"Feature","geometry":{"type":"LineString","coordinates":[[-63.08654,-17.55348],[-63.08589,-17.55334]]},"properties":{"description":"Lotes","styleUrl":"#line2","stroke-opacity":1,"stroke":"#000000","stroke-width":1,"name":"FONDO"}},
{"type":"Feature","geometry":{"type":"LineString","coordinates":[[-63.08656,-17.55339],[-63.08591,-17.55325]]},"properties":{"description":"Lotes","styleUrl":"#line2","stroke-opacity":1,"stroke":"#000000","stroke-width":1,"name":"FONDO"}},
{"type":"Feature","geometry":{"type":"LineString","coordinates":[[-63.08658,-17.55331],[-63.08593,-17.55316]]},"properties":{"description":"Lotes","styleUrl":"#line2","stroke-opacity":1,"stroke":"#000000","stroke-width":1,"name":"FONDO"}},
{"type":"Feature","geometry":{"type":"LineString","coordinates":[[-63.0866,-17.55322],[-63.08596,-17.55308]]},"properties":{"description":"Lotes","styleUrl":"#line2","stroke-opacity":1,"stroke":"#000000","stroke-width":1,"name":"FONDO"}},
{"type":"Feature","geometry":{"type":"LineString","coordinates":[[-63.08662,-17.55313],[-63.08598,-17.55299]]},"properties":{"description":"Lotes","styleUrl":"#line2","stroke-opacity":1,"stroke":"#000000","stroke-width":1,"name":"FONDO"}},
{"type":"Feature","geometry":{"type":"LineString","coordinates":[[-63.08664,-17.55304],[-63.086,-17.5529]]},"properties":{"description":"Lotes","styleUrl":"#line2","stroke-opacity":1,"stroke":"#000000","stroke-width":1,"name":"FONDO"}},
{"type":"Feature","geometry":{"type":"LineString","coordinates":[[-63.08666,-17.55295],[-63.08602,-17.55281]]},"properties":{"description":"Lotes","styleUrl":"#line2","stroke-opacity":1,"stroke":"#000000","stroke-width":1,"name":"FONDO"}},
{"type":"Feature","geometry":{"type":"LineString","coordinates":[[-63.08668,-17.55286],[-63.08604,-17.55272]]},"properties":{"description":"Lotes","styleUrl":"#line2","stroke-opacity":1,"stroke":"#000000","stroke-width":1,"name":"FONDO"}},
{"type":"Feature","geometry":{"type":"LineString","coordinates":[[-63.0867,-17.55278],[-63.08606,-17.55264]]},"properties":{"description":"Lotes","styleUrl":"#line2","stroke-opacity":1,"stroke":"#000000","stroke-width":1,"name":"FONDO"}},
{"type":"Feature","geometry":{"type":"LineString","coordinates":[[-63.08672,-17.55269],[-63.08608,-17.55255]]},"properties":{"description":"Lotes","styleUrl":"#line2","stroke-opacity":1,"stroke":"#000000","stroke-width":1,"name":"FONDO"}},
{"type":"Feature","geometry":{"type":"LineString","coordinates":[[-63.08675,-17.5526],[-63.0861,-17.55246]]},"properties":{"description":"Lotes","styleUrl":"#line2","stroke-opacity":1,"stroke":"#000000","stroke-width":1,"name":"FONDO"}},
{"type":"Feature","geometry":{"type":"LineString","coordinates":[[-63.08677,-17.55251],[-63.08612,-17.55237]]},"properties":{"description":"Lotes","styleUrl":"#line2","stroke-opacity":1,"stroke":"#000000","stroke-width":1,"name":"FONDO"}},
{"type":"Feature","geometry":{"type":"LineString","coordinates":[[-63.08679,-17.55242],[-63.08614,-17.55228]]},"properties":{"description":"Lotes","styleUrl":"#line2","stroke-opacity":1,"stroke":"#000000","stroke-width":1,"name":"FONDO"}},
{"type":"Feature","geometry":{"type":"LineString","coordinates":[[-63.08681,-17.55234],[-63.08617,-17.55219]]},"properties":{"description":"Lotes","styleUrl":"#line2","stroke-opacity":1,"stroke":"#000000","stroke-width":1,"name":"FONDO"}},
{"type":"Feature","geometry":{"type":"LineString","coordinates":[[-63.08683,-17.55225],[-63.08619,-17.55211]]},"properties":{"description":"Lotes","styleUrl":"#line2","stroke-opacity":1,"stroke":"#000000","stroke-width":1,"name":"FONDO"}},
{"type":"Feature","geometry":{"type":"LineString","coordinates":[[-63.08685,-17.55216],[-63.08621,-17.55202]]},"properties":{"description":"Lotes","styleUrl":"#line2","stroke-opacity":1,"stroke":"#000000","stroke-width":1,"name":"FONDO"}},
{"type":"Feature","geometry":{"type":"LineString","coordinates":[[-63.08687,-17.55207],[-63.08623,-17.55193]]},"properties":{"description":"Lotes","styleUrl":"#line2","stroke-opacity":1,"stroke":"#000000","stroke-width":1,"name":"FONDO"}},
{"type":"Feature","geometry":{"type":"LineString","coordinates":[[-63.08573,-17.55349],[-63.08518,-17.55337]]},"properties":{"description":"Lotes","styleUrl":"#line2","stroke-opacity":1,"stroke":"#000000","stroke-width":1,"name":"FONDO"}},
{"type":"Feature","geometry":{"type":"LineString","coordinates":[[-63.08575,-17.5534],[-63.0852,-17.55328]]},"properties":{"description":"Lotes","styleUrl":"#line2","stroke-opacity":1,"stroke":"#000000","stroke-width":1,"name":"FONDO"}},
{"type":"Feature","geometry":{"type":"LineString","coordinates":[[-63.08577,-17.55331],[-63.08522,-17.55319]]},"properties":{"description":"Lotes","styleUrl":"#line2","stroke-opacity":1,"stroke":"#000000","stroke-width":1,"name":"FONDO"}},
{"type":"Feature","geometry":{"type":"LineString","coordinates":[[-63.08579,-17.55323],[-63.08524,-17.55311]]},"properties":{"description":"Lotes","styleUrl":"#line2","stroke-opacity":1,"stroke":"#000000","stroke-width":1,"name":"FONDO"}},
{"type":"Feature","geometry":{"type":"LineString","coordinates":[[-63.08582,-17.55314],[-63.08526,-17.55302]]},"properties":{"description":"Lotes","styleUrl":"#line2","stroke-opacity":1,"stroke":"#000000","stroke-width":1,"name":"FONDO"}},
{"type":"Feature","geometry":{"type":"LineString","coordinates":[[-63.08584,-17.55305],[-63.08529,-17.55293]]},"properties":{"description":"Lotes","styleUrl":"#line2","stroke-opacity":1,"stroke":"#000000","stroke-width":1,"name":"FONDO"}},
{"type":"Feature","geometry":{"type":"LineString","coordinates":[[-63.08586,-17.55296],[-63.08531,-17.55284]]},"properties":{"description":"Lotes","styleUrl":"#line2","stroke-opacity":1,"stroke":"#000000","stroke-width":1,"name":"FONDO"}},
{"type":"Feature","geometry":{"type":"LineString","coordinates":[[-63.08588,-17.55287],[-63.08533,-17.55275]]},"properties":{"description":"Lotes","styleUrl":"#line2","stroke-opacity":1,"stroke":"#000000","stroke-width":1,"name":"FONDO"}},
{"type":"Feature","geometry":{"type":"LineString","coordinates":[[-63.0859,-17.55279],[-63.08535,-17.55266]]},"properties":{"description":"Lotes","styleUrl":"#line2","stroke-opacity":1,"stroke":"#000000","stroke-width":1,"name":"FONDO"}},
{"type":"Feature","geometry":{"type":"LineString","coordinates":[[-63.08592,-17.5527],[-63.08537,-17.55258]]},"properties":{"description":"Lotes","styleUrl":"#line2","stroke-opacity":1,"stroke":"#000000","stroke-width":1,"name":"FONDO"}},
{"type":"Feature","geometry":{"type":"LineString","coordinates":[[-63.08594,-17.55261],[-63.08539,-17.55249]]},"properties":{"description":"Lotes","styleUrl":"#line2","stroke-opacity":1,"stroke":"#000000","stroke-width":1,"name":"FONDO"}},
{"type":"Feature","geometry":{"type":"LineString","coordinates":[[-63.08596,-17.55252],[-63.08541,-17.5524]]},"properties":{"description":"Lotes","styleUrl":"#line2","stroke-opacity":1,"stroke":"#000000","stroke-width":1,"name":"FONDO"}},
{"type":"Feature","geometry":{"type":"LineString","coordinates":[[-63.08598,-17.55243],[-63.08543,-17.55231]]},"properties":{"description":"Lotes","styleUrl":"#line2","stroke-opacity":1,"stroke":"#000000","stroke-width":1,"name":"FONDO"}},
{"type":"Feature","geometry":{"type":"LineString","coordinates":[[-63.086,-17.55234],[-63.08545,-17.55222]]},"properties":{"description":"Lotes","styleUrl":"#line2","stroke-opacity":1,"stroke":"#000000","stroke-width":1,"name":"FONDO"}},
{"type":"Feature","geometry":{"type":"LineString","coordinates":[[-63.08603,-17.55226],[-63.08547,-17.55214]]},"properties":{"description":"Lotes","styleUrl":"#line2","stroke-opacity":1,"stroke":"#000000","stroke-width":1,"name":"FONDO"}},
{"type":"Feature","geometry":{"type":"LineString","coordinates":[[-63.08605,-17.55217],[-63.0855,-17.55205]]},"properties":{"description":"Lotes","styleUrl":"#line2","stroke-opacity":1,"stroke":"#000000","stroke-width":1,"name":"FONDO"}},
{"type":"Feature","geometry":{"type":"LineString","coordinates":[[-63.08607,-17.55208],[-63.08552,-17.55196]]},"properties":{"description":"Lotes","styleUrl":"#line2","stroke-opacity":1,"stroke":"#000000","stroke-width":1,"name":"FONDO"}},
{"type":"Feature","geometry":{"type":"LineString","coordinates":[[-63.08609,-17.55199],[-63.08554,-17.55187]]},"properties":{"description":"Lotes","styleUrl":"#line2","stroke-opacity":1,"stroke":"#000000","stroke-width":1,"name":"FONDO"}},
{"type":"Feature","geometry":{"type":"LineString","coordinates":[[-63.08611,-17.5519],[-63.08556,-17.55178]]},"properties":{"description":"Lotes","styleUrl":"#line2","stroke-opacity":1,"stroke":"#000000","stroke-width":1,"name":"FONDO"}},
{"type":"Feature","geometry":{"type":"LineString","coordinates":[[-63.08613,-17.55182],[-63.08558,-17.5517]]},"properties":{"description":"Lotes","styleUrl":"#line2","stroke-opacity":1,"stroke":"#000000","stroke-width":1,"name":"FONDO"}},
{"type":"Feature","geometry":{"type":"LineString","coordinates":[[-63.08615,-17.55173],[-63.0856,-17.55161]]},"properties":{"description":"Lotes","styleUrl":"#line2","stroke-opacity":1,"stroke":"#000000","stroke-width":1,"name":"FONDO"}},
{"type":"Feature","geometry":{"type":"LineString","coordinates":[[-63.08617,-17.55164],[-63.08562,-17.55152]]},"properties":{"description":"Lotes","styleUrl":"#line2","stroke-opacity":1,"stroke":"#000000","stroke-width":1,"name":"FONDO"}},
{"type":"Feature","geometry":{"type":"LineString","coordinates":[[-63.08619,-17.55155],[-63.08564,-17.55143]]},"properties":{"description":"Lotes","styleUrl":"#line2","stroke-opacity":1,"stroke":"#000000","stroke-width":1,"name":"FONDO"}},
{"type":"Feature","geometry":{"type":"LineString","coordinates":[[-63.08506,-17.55334],[-63.08451,-17.55322]]},"properties":{"description":"Lotes","styleUrl":"#line2","stroke-opacity":1,"stroke":"#000000","stroke-width":1,"name":"FONDO"}},
{"type":"Feature","geometry":{"type":"LineString","coordinates":[[-63.08508,-17.55326],[-63.08453,-17.55313]]},"properties":{"description":"Lotes","styleUrl":"#line2","stroke-opacity":1,"stroke":"#000000","stroke-width":1,"name":"FONDO"}},
{"type":"Feature","geometry":{"type":"LineString","coordinates":[[-63.0851,-17.55317],[-63.08455,-17.55305]]},"properties":{"description":"Lotes","styleUrl":"#line2","stroke-opacity":1,"stroke":"#000000","stroke-width":1,"name":"FONDO"}},
{"type":"Feature","geometry":{"type":"LineString","coordinates":[[-63.08512,-17.55308],[-63.08457,-17.55296]]},"properties":{"description":"Lotes","styleUrl":"#line2","stroke-opacity":1,"stroke":"#000000","stroke-width":1,"name":"FONDO"}},
{"type":"Feature","geometry":{"type":"LineString","coordinates":[[-63.08514,-17.55299],[-63.08459,-17.55287]]},"properties":{"description":"Lotes","styleUrl":"#line2","stroke-opacity":1,"stroke":"#000000","stroke-width":1,"name":"FONDO"}},
{"type":"Feature","geometry":{"type":"LineString","coordinates":[[-63.08517,-17.5529],[-63.08461,-17.55278]]},"properties":{"description":"Lotes","styleUrl":"#line2","stroke-opacity":1,"stroke":"#000000","stroke-width":1,"name":"FONDO"}},
{"type":"Feature","geometry":{"type":"LineString","coordinates":[[-63.08519,-17.55281],[-63.08464,-17.55269]]},"properties":{"description":"Lotes","styleUrl":"#line2","stroke-opacity":1,"stroke":"#000000","stroke-width":1,"name":"FONDO"}},
{"type":"Feature","geometry":{"type":"LineString","coordinates":[[-63.08521,-17.55273],[-63.08466,-17.55261]]},"properties":{"description":"Lotes","styleUrl":"#line2","stroke-opacity":1,"stroke":"#000000","stroke-width":1,"name":"FONDO"}},
{"type":"Feature","geometry":{"type":"LineString","coordinates":[[-63.08523,-17.55264],[-63.08468,-17.55252]]},"properties":{"description":"Lotes","styleUrl":"#line2","stroke-opacity":1,"stroke":"#000000","stroke-width":1,"name":"FONDO"}},
{"type":"Feature","geometry":{"type":"LineString","coordinates":[[-63.08525,-17.55255],[-63.0847,-17.55243]]},"properties":{"description":"Lotes","styleUrl":"#line2","stroke-opacity":1,"stroke":"#000000","stroke-width":1,"name":"FONDO"}},
{"type":"Feature","geometry":{"type":"LineString","coordinates":[[-63.08527,-17.55246],[-63.08472,-17.55234]]},"properties":{"description":"Lotes","styleUrl":"#line2","stroke-opacity":1,"stroke":"#000000","stroke-width":1,"name":"FONDO"}},
{"type":"Feature","geometry":{"type":"LineString","coordinates":[[-63.08529,-17.55237],[-63.08474,-17.55225]]},"properties":{"description":"Lotes","styleUrl":"#line2","stroke-opacity":1,"stroke":"#000000","stroke-width":1,"name":"FONDO"}},
{"type":"Feature","geometry":{"type":"LineString","coordinates":[[-63.08531,-17.55229],[-63.08476,-17.55217]]},"properties":{"description":"Lotes","styleUrl":"#line2","stroke-opacity":1,"stroke":"#000000","stroke-width":1,"name":"FONDO"}},
{"type":"Feature","geometry":{"type":"LineString","coordinates":[[-63.08533,-17.5522],[-63.08478,-17.55208]]},"properties":{"description":"Lotes","styleUrl":"#line2","stroke-opacity":1,"stroke":"#000000","stroke-width":1,"name":"FONDO"}},
{"type":"Feature","geometry":{"type":"LineString","coordinates":[[-63.08535,-17.55211],[-63.0848,-17.55199]]},"properties":{"description":"Lotes","styleUrl":"#line2","stroke-opacity":1,"stroke":"#000000","stroke-width":1,"name":"FONDO"}},
{"type":"Feature","geometry":{"type":"LineString","coordinates":[[-63.08538,-17.55202],[-63.08482,-17.5519]]},"properties":{"description":"Lotes","styleUrl":"#line2","stroke-opacity":1,"stroke":"#000000","stroke-width":1,"name":"FONDO"}},
{"type":"Feature","geometry":{"type":"LineString","coordinates":[[-63.0854,-17.55193],[-63.08485,-17.55181]]},"properties":{"description":"Lotes","styleUrl":"#line2","stroke-opacity":1,"stroke":"#000000","stroke-width":1,"name":"FONDO"}},
{"type":"Feature","geometry":{"type":"LineString","coordinates":[[-63.08542,-17.55185],[-63.08487,-17.55172]]},"properties":{"description":"Lotes","styleUrl":"#line2","stroke-opacity":1,"stroke":"#000000","stroke-width":1,"name":"FONDO"}},
{"type":"Feature","geometry":{"type":"LineString","coordinates":[[-63.08544,-17.55176],[-63.08489,-17.55164]]},"properties":{"description":"Lotes","styleUrl":"#line2","stroke-opacity":1,"stroke":"#000000","stroke-width":1,"name":"FONDO"}},
{"type":"Feature","geometry":{"type":"LineString","coordinates":[[-63.08546,-17.55167],[-63.08491,-17.55155]]},"properties":{"description":"Lotes","styleUrl":"#line2","stroke-opacity":1,"stroke":"#000000","stroke-width":1,"name":"FONDO"}},
{"type":"Feature","geometry":{"type":"LineString","coordinates":[[-63.08548,-17.55158],[-63.08493,-17.55146]]},"properties":{"description":"Lotes","styleUrl":"#line2","stroke-opacity":1,"stroke":"#000000","stroke-width":1,"name":"FONDO"}},
{"type":"Feature","geometry":{"type":"LineString","coordinates":[[-63.0855,-17.55149],[-63.08495,-17.55137]]},"properties":{"description":"Lotes","styleUrl":"#line2","stroke-opacity":1,"stroke":"#000000","stroke-width":1,"name":"FONDO"}},
{"type":"Feature","geometry":{"type":"LineString","coordinates":[[-63.08552,-17.5514],[-63.08497,-17.55128]]},"properties":{"description":"Lotes","styleUrl":"#line2","stroke-opacity":1,"stroke":"#000000","stroke-width":1,"name":"FONDO"}},
{"type":"Feature","geometry":{"type":"LineString","coordinates":[[-63.08837,-17.55416],[-63.08805,-17.55409]]},"properties":{"description":"Lotes","styleUrl":"#line2","stroke-opacity":1,"stroke":"#000000","stroke-width":1,"name":"FONDO"}},
{"type":"Feature","geometry":{"type":"LineString","coordinates":[[-63.08644,-17.54924],[-63.0871,-17.54927]]},"properties":{"description":"Lotes","styleUrl":"#line2","stroke-opacity":1,"stroke":"#000000","stroke-width":1,"name":"FONDO"}},
{"type":"Feature","geometry":{"type":"LineString","coordinates":[[-63.08644,-17.54933],[-63.0871,-17.54936]]},"properties":{"description":"Lotes","styleUrl":"#line2","stroke-opacity":1,"stroke":"#000000","stroke-width":1,"name":"FONDO"}},
{"type":"Feature","geometry":{"type":"LineString","coordinates":[[-63.08644,-17.54942],[-63.0871,-17.54945]]},"properties":{"description":"Lotes","styleUrl":"#line2","stroke-opacity":1,"stroke":"#000000","stroke-width":1,"name":"FONDO"}},
{"type":"Feature","geometry":{"type":"LineString","coordinates":[[-63.08643,-17.54951],[-63.08709,-17.54954]]},"properties":{"description":"Lotes","styleUrl":"#line2","stroke-opacity":1,"stroke":"#000000","stroke-width":1,"name":"FONDO"}},
{"type":"Feature","geometry":{"type":"LineString","coordinates":[[-63.08643,-17.5496],[-63.08709,-17.54963]]},"properties":{"description":"Lotes","styleUrl":"#line2","stroke-opacity":1,"stroke":"#000000","stroke-width":1,"name":"FONDO"}},
{"type":"Feature","geometry":{"type":"LineString","coordinates":[[-63.08643,-17.54969],[-63.08709,-17.54972]]},"properties":{"description":"Lotes","styleUrl":"#line2","stroke-opacity":1,"stroke":"#000000","stroke-width":1,"name":"FONDO"}},
{"type":"Feature","geometry":{"type":"LineString","coordinates":[[-63.08642,-17.54978],[-63.08708,-17.54981]]},"properties":{"description":"Lotes","styleUrl":"#line2","stroke-opacity":1,"stroke":"#000000","stroke-width":1,"name":"FONDO"}},
{"type":"Feature","geometry":{"type":"LineString","coordinates":[[-63.08642,-17.54987],[-63.08708,-17.5499]]},"properties":{"description":"Lotes","styleUrl":"#line2","stroke-opacity":1,"stroke":"#000000","stroke-width":1,"name":"FONDO"}},
{"type":"Feature","geometry":{"type":"LineString","coordinates":[[-63.08642,-17.54996],[-63.08707,-17.54999]]},"properties":{"description":"Lotes","styleUrl":"#line2","stroke-opacity":1,"stroke":"#000000","stroke-width":1,"name":"FONDO"}},
{"type":"Feature","geometry":{"type":"LineString","coordinates":[[-63.08641,-17.55005],[-63.08707,-17.55008]]},"properties":{"description":"Lotes","styleUrl":"#line2","stroke-opacity":1,"stroke":"#000000","stroke-width":1,"name":"FONDO"}},
{"type":"Feature","geometry":{"type":"LineString","coordinates":[[-63.08641,-17.55014],[-63.08707,-17.55017]]},"properties":{"description":"Lotes","styleUrl":"#line2","stroke-opacity":1,"stroke":"#000000","stroke-width":1,"name":"FONDO"}},
{"type":"Feature","geometry":{"type":"LineString","coordinates":[[-63.0864,-17.55023],[-63.08706,-17.55026]]},"properties":{"description":"Lotes","styleUrl":"#line2","stroke-opacity":1,"stroke":"#000000","stroke-width":1,"name":"FONDO"}},
{"type":"Feature","geometry":{"type":"LineString","coordinates":[[-63.0864,-17.55033],[-63.08706,-17.55035]]},"properties":{"description":"Lotes","styleUrl":"#line2","stroke-opacity":1,"stroke":"#000000","stroke-width":1,"name":"FONDO"}},
{"type":"Feature","geometry":{"type":"LineString","coordinates":[[-63.0864,-17.55042],[-63.08706,-17.55044]]},"properties":{"description":"Lotes","styleUrl":"#line2","stroke-opacity":1,"stroke":"#000000","stroke-width":1,"name":"FONDO"}},
{"type":"Feature","geometry":{"type":"LineString","coordinates":[[-63.08639,-17.55051],[-63.08705,-17.55053]]},"properties":{"description":"Lotes","styleUrl":"#line2","stroke-opacity":1,"stroke":"#000000","stroke-width":1,"name":"FONDO"}},
{"type":"Feature","geometry":{"type":"LineString","coordinates":[[-63.08639,-17.5506],[-63.08705,-17.55062]]},"properties":{"description":"Lotes","styleUrl":"#line2","stroke-opacity":1,"stroke":"#000000","stroke-width":1,"name":"FONDO"}},
{"type":"Feature","geometry":{"type":"LineString","coordinates":[[-63.08639,-17.55069],[-63.08705,-17.55071]]},"properties":{"description":"Lotes","styleUrl":"#line2","stroke-opacity":1,"stroke":"#000000","stroke-width":1,"name":"FONDO"}},
{"type":"Feature","geometry":{"type":"LineString","coordinates":[[-63.08638,-17.55078],[-63.08704,-17.5508]]},"properties":{"description":"Lotes","styleUrl":"#line2","stroke-opacity":1,"stroke":"#000000","stroke-width":1,"name":"FONDO"}},
{"type":"Feature","geometry":{"type":"LineString","coordinates":[[-63.08638,-17.55087],[-63.08704,-17.55089]]},"properties":{"description":"Lotes","styleUrl":"#line2","stroke-opacity":1,"stroke":"#000000","stroke-width":1,"name":"FONDO"}},
{"type":"Feature","geometry":{"type":"LineString","coordinates":[[-63.08638,-17.55096],[-63.08703,-17.55098]]},"properties":{"description":"Lotes","styleUrl":"#line2","stroke-opacity":1,"stroke":"#000000","stroke-width":1,"name":"FONDO"}},
{"type":"Feature","geometry":{"type":"LineString","coordinates":[[-63.08637,-17.55105],[-63.08703,-17.55107]]},"properties":{"description":"Lotes","styleUrl":"#line2","stroke-opacity":1,"stroke":"#000000","stroke-width":1,"name":"FONDO"}},
{"type":"Feature","geometry":{"type":"LineString","coordinates":[[-63.08637,-17.55114],[-63.08703,-17.55116]]},"properties":{"description":"Lotes","styleUrl":"#line2","stroke-opacity":1,"stroke":"#000000","stroke-width":1,"name":"FONDO"}},
{"type":"Feature","geometry":{"type":"LineString","coordinates":[[-63.08665,-17.55124],[-63.08702,-17.55125]]},"properties":{"description":"Lotes","styleUrl":"#line2","stroke-opacity":1,"stroke":"#000000","stroke-width":1,"name":"FONDO"}},
{"type":"Feature","geometry":{"type":"LineString","coordinates":[[-63.08717,-17.55135],[-63.08783,-17.55137]]},"properties":{"description":"Lotes","styleUrl":"#line2","stroke-opacity":1,"stroke":"#000000","stroke-width":1,"name":"FONDO"}},
{"type":"Feature","geometry":{"type":"LineString","coordinates":[[-63.08868,-17.54951],[-63.08897,-17.54952]]},"properties":{"description":"Lotes","styleUrl":"#line2","stroke-opacity":1,"stroke":"#000000","stroke-width":1,"name":"FONDO"}},
{"type":"Feature","geometry":{"type":"LineString","coordinates":[[-63.08868,-17.54942],[-63.08898,-17.54943]]},"properties":{"description":"Lotes","styleUrl":"#line2","stroke-opacity":1,"stroke":"#000000","stroke-width":1,"name":"FONDO"}},
{"type":"Feature","geometry":{"type":"LineString","coordinates":[[-63.08869,-17.54932],[-63.08898,-17.54934]]},"properties":{"description":"Lotes","styleUrl":"#line2","stroke-opacity":1,"stroke":"#000000","stroke-width":1,"name":"FONDO"}},
{"type":"Feature","geometry":{"type":"LineString","coordinates":[[-63.0886,-17.55149],[-63.08889,-17.5515]]},"properties":{"description":"Lotes","styleUrl":"#line2","stroke-opacity":1,"stroke":"#000000","stroke-width":1,"name":"FONDO"}},
{"type":"Feature","geometry":{"type":"LineString","coordinates":[[-63.0886,-17.5514],[-63.0889,-17.55141]]},"properties":{"description":"Lotes","styleUrl":"#line2","stroke-opacity":1,"stroke":"#000000","stroke-width":1,"name":"FONDO"}},
{"type":"Feature","geometry":{"type":"LineString","coordinates":[[-63.0886,-17.55131],[-63.0889,-17.55132]]},"properties":{"description":"Lotes","styleUrl":"#line2","stroke-opacity":1,"stroke":"#000000","stroke-width":1,"name":"FONDO"}},
{"type":"Feature","geometry":{"type":"LineString","coordinates":[[-63.08861,-17.55122],[-63.08891,-17.55123]]},"properties":{"description":"Lotes","styleUrl":"#line2","stroke-opacity":1,"stroke":"#000000","stroke-width":1,"name":"FONDO"}},
{"type":"Feature","geometry":{"type":"LineString","coordinates":[[-63.08861,-17.55113],[-63.08891,-17.55114]]},"properties":{"description":"Lotes","styleUrl":"#line2","stroke-opacity":1,"stroke":"#000000","stroke-width":1,"name":"FONDO"}},
{"type":"Feature","geometry":{"type":"LineString","coordinates":[[-63.08862,-17.55104],[-63.08891,-17.55105]]},"properties":{"description":"Lotes","styleUrl":"#line2","stroke-opacity":1,"stroke":"#000000","stroke-width":1,"name":"FONDO"}},
{"type":"Feature","geometry":{"type":"LineString","coordinates":[[-63.08862,-17.55095],[-63.08892,-17.55096]]},"properties":{"description":"Lotes","styleUrl":"#line2","stroke-opacity":1,"stroke":"#000000","stroke-width":1,"name":"FONDO"}},
{"type":"Feature","geometry":{"type":"LineString","coordinates":[[-63.08862,-17.55086],[-63.08892,-17.55087]]},"properties":{"description":"Lotes","styleUrl":"#line2","stroke-opacity":1,"stroke":"#000000","stroke-width":1,"name":"FONDO"}},
{"type":"Feature","geometry":{"type":"LineString","coordinates":[[-63.08863,-17.55077],[-63.08892,-17.55078]]},"properties":{"description":"Lotes","styleUrl":"#line2","stroke-opacity":1,"stroke":"#000000","stroke-width":1,"name":"FONDO"}},
{"type":"Feature","geometry":{"type":"LineString","coordinates":[[-63.08863,-17.55068],[-63.08893,-17.55069]]},"properties":{"description":"Lotes","styleUrl":"#line2","stroke-opacity":1,"stroke":"#000000","stroke-width":1,"name":"FONDO"}},
{"type":"Feature","geometry":{"type":"LineString","coordinates":[[-63.08863,-17.55059],[-63.08893,-17.5506]]},"properties":{"description":"Lotes","styleUrl":"#line2","stroke-opacity":1,"stroke":"#000000","stroke-width":1,"name":"FONDO"}},
{"type":"Feature","geometry":{"type":"LineString","coordinates":[[-63.08864,-17.5505],[-63.08893,-17.55051]]},"properties":{"description":"Lotes","styleUrl":"#line2","stroke-opacity":1,"stroke":"#000000","stroke-width":1,"name":"FONDO"}},
{"type":"Feature","geometry":{"type":"LineString","coordinates":[[-63.08864,-17.55041],[-63.08894,-17.55042]]},"properties":{"description":"Lotes","styleUrl":"#line2","stroke-opacity":1,"stroke":"#000000","stroke-width":1,"name":"FONDO"}},
{"type":"Feature","geometry":{"type":"LineString","coordinates":[[-63.08865,-17.55032],[-63.08894,-17.55033]]},"properties":{"description":"Lotes","styleUrl":"#line2","stroke-opacity":1,"stroke":"#000000","stroke-width":1,"name":"FONDO"}},
{"type":"Feature","geometry":{"type":"LineString","coordinates":[[-63.08865,-17.55023],[-63.08895,-17.55024]]},"properties":{"description":"Lotes","styleUrl":"#line2","stroke-opacity":1,"stroke":"#000000","stroke-width":1,"name":"FONDO"}},
{"type":"Feature","geometry":{"type":"LineString","coordinates":[[-63.08865,-17.55014],[-63.08895,-17.55015]]},"properties":{"description":"Lotes","styleUrl":"#line2","stroke-opacity":1,"stroke":"#000000","stroke-width":1,"name":"FONDO"}},
{"type":"Feature","geometry":{"type":"LineString","coordinates":[[-63.08866,-17.55005],[-63.08895,-17.55006]]},"properties":{"description":"Lotes","styleUrl":"#line2","stroke-opacity":1,"stroke":"#000000","stroke-width":1,"name":"FONDO"}},
{"type":"Feature","geometry":{"type":"LineString","coordinates":[[-63.08866,-17.54996],[-63.08896,-17.54997]]},"properties":{"description":"Lotes","styleUrl":"#line2","stroke-opacity":1,"stroke":"#000000","stroke-width":1,"name":"FONDO"}},
{"type":"Feature","geometry":{"type":"LineString","coordinates":[[-63.08866,-17.54987],[-63.08896,-17.54988]]},"properties":{"description":"Lotes","styleUrl":"#line2","stroke-opacity":1,"stroke":"#000000","stroke-width":1,"name":"FONDO"}},
{"type":"Feature","geometry":{"type":"LineString","coordinates":[[-63.08867,-17.54978],[-63.08896,-17.54979]]},"properties":{"description":"Lotes","styleUrl":"#line2","stroke-opacity":1,"stroke":"#000000","stroke-width":1,"name":"FONDO"}},
{"type":"Feature","geometry":{"type":"LineString","coordinates":[[-63.08867,-17.54969],[-63.08897,-17.5497]]},"properties":{"description":"Lotes","styleUrl":"#line2","stroke-opacity":1,"stroke":"#000000","stroke-width":1,"name":"FONDO"}},
{"type":"Feature","geometry":{"type":"LineString","coordinates":[[-63.08795,-17.55147],[-63.08848,-17.55149]]},"properties":{"description":"Lotes","styleUrl":"#line2","stroke-opacity":1,"stroke":"#000000","stroke-width":1,"name":"FONDO"}},
{"type":"Feature","geometry":{"type":"LineString","coordinates":[[-63.08795,-17.55138],[-63.08848,-17.5514]]},"properties":{"description":"Lotes","styleUrl":"#line2","stroke-opacity":1,"stroke":"#000000","stroke-width":1,"name":"FONDO"}},
{"type":"Feature","geometry":{"type":"LineString","coordinates":[[-63.08796,-17.55129],[-63.08848,-17.55131]]},"properties":{"description":"Lotes","styleUrl":"#line2","stroke-opacity":1,"stroke":"#000000","stroke-width":1,"name":"FONDO"}},
{"type":"Feature","geometry":{"type":"LineString","coordinates":[[-63.08796,-17.5512],[-63.08849,-17.55122]]},"properties":{"description":"Lotes","styleUrl":"#line2","stroke-opacity":1,"stroke":"#000000","stroke-width":1,"name":"FONDO"}},
{"type":"Feature","geometry":{"type":"LineString","coordinates":[[-63.08796,-17.55111],[-63.08849,-17.55113]]},"properties":{"description":"Lotes","styleUrl":"#line2","stroke-opacity":1,"stroke":"#000000","stroke-width":1,"name":"FONDO"}},
{"type":"Feature","geometry":{"type":"LineString","coordinates":[[-63.08797,-17.55102],[-63.08849,-17.55104]]},"properties":{"description":"Lotes","styleUrl":"#line2","stroke-opacity":1,"stroke":"#000000","stroke-width":1,"name":"FONDO"}},
{"type":"Feature","geometry":{"type":"LineString","coordinates":[[-63.08797,-17.55093],[-63.0885,-17.55095]]},"properties":{"description":"Lotes","styleUrl":"#line2","stroke-opacity":1,"stroke":"#000000","stroke-width":1,"name":"FONDO"}},
{"type":"Feature","geometry":{"type":"LineString","coordinates":[[-63.08797,-17.55084],[-63.0885,-17.55086]]},"properties":{"description":"Lotes","styleUrl":"#line2","stroke-opacity":1,"stroke":"#000000","stroke-width":1,"name":"FONDO"}},
{"type":"Feature","geometry":{"type":"LineString","coordinates":[[-63.08798,-17.55075],[-63.0885,-17.55077]]},"properties":{"description":"Lotes","styleUrl":"#line2","stroke-opacity":1,"stroke":"#000000","stroke-width":1,"name":"FONDO"}},
{"type":"Feature","geometry":{"type":"LineString","coordinates":[[-63.08798,-17.55066],[-63.08851,-17.55068]]},"properties":{"description":"Lotes","styleUrl":"#line2","stroke-opacity":1,"stroke":"#000000","stroke-width":1,"name":"FONDO"}},
{"type":"Feature","geometry":{"type":"LineString","coordinates":[[-63.08798,-17.55057],[-63.08851,-17.55058]]},"properties":{"description":"Lotes","styleUrl":"#line2","stroke-opacity":1,"stroke":"#000000","stroke-width":1,"name":"FONDO"}},
{"type":"Feature","geometry":{"type":"LineString","coordinates":[[-63.08799,-17.55047],[-63.08852,-17.55049]]},"properties":{"description":"Lotes","styleUrl":"#line2","stroke-opacity":1,"stroke":"#000000","stroke-width":1,"name":"FONDO"}},
{"type":"Feature","geometry":{"type":"LineString","coordinates":[[-63.08799,-17.55038],[-63.08852,-17.5504]]},"properties":{"description":"Lotes","styleUrl":"#line2","stroke-opacity":1,"stroke":"#000000","stroke-width":1,"name":"FONDO"}},
{"type":"Feature","geometry":{"type":"LineString","coordinates":[[-63.088,-17.55029],[-63.08852,-17.55031]]},"properties":{"description":"Lotes","styleUrl":"#line2","stroke-opacity":1,"stroke":"#000000","stroke-width":1,"name":"FONDO"}},
{"type":"Feature","geometry":{"type":"LineString","coordinates":[[-63.088,-17.5502],[-63.08853,-17.55022]]},"properties":{"description":"Lotes","styleUrl":"#line2","stroke-opacity":1,"stroke":"#000000","stroke-width":1,"name":"FONDO"}},
{"type":"Feature","geometry":{"type":"LineString","coordinates":[[-63.088,-17.55011],[-63.08853,-17.55013]]},"properties":{"description":"Lotes","styleUrl":"#line2","stroke-opacity":1,"stroke":"#000000","stroke-width":1,"name":"FONDO"}},
{"type":"Feature","geometry":{"type":"LineString","coordinates":[[-63.08801,-17.55002],[-63.08853,-17.55004]]},"properties":{"description":"Lotes","styleUrl":"#line2","stroke-opacity":1,"stroke":"#000000","stroke-width":1,"name":"FONDO"}},
{"type":"Feature","geometry":{"type":"LineString","coordinates":[[-63.08801,-17.54993],[-63.08854,-17.54995]]},"properties":{"description":"Lotes","styleUrl":"#line2","stroke-opacity":1,"stroke":"#000000","stroke-width":1,"name":"FONDO"}},
{"type":"Feature","geometry":{"type":"LineString","coordinates":[[-63.08801,-17.54984],[-63.08854,-17.54986]]},"properties":{"description":"Lotes","styleUrl":"#line2","stroke-opacity":1,"stroke":"#000000","stroke-width":1,"name":"FONDO"}},
{"type":"Feature","geometry":{"type":"LineString","coordinates":[[-63.08802,-17.54975],[-63.08854,-17.54977]]},"properties":{"description":"Lotes","styleUrl":"#line2","stroke-opacity":1,"stroke":"#000000","stroke-width":1,"name":"FONDO"}},
{"type":"Feature","geometry":{"type":"LineString","coordinates":[[-63.08802,-17.54966],[-63.08855,-17.54968]]},"properties":{"description":"Lotes","styleUrl":"#line2","stroke-opacity":1,"stroke":"#000000","stroke-width":1,"name":"FONDO"}},
{"type":"Feature","geometry":{"type":"LineString","coordinates":[[-63.08802,-17.54957],[-63.08855,-17.54959]]},"properties":{"description":"Lotes","styleUrl":"#line2","stroke-opacity":1,"stroke":"#000000","stroke-width":1,"name":"FONDO"}},
{"type":"Feature","geometry":{"type":"LineString","coordinates":[[-63.08803,-17.54948],[-63.08856,-17.5495]]},"properties":{"description":"Lotes","styleUrl":"#line2","stroke-opacity":1,"stroke":"#000000","stroke-width":1,"name":"FONDO"}},
{"type":"Feature","geometry":{"type":"LineString","coordinates":[[-63.08803,-17.54939],[-63.08856,-17.54941]]},"properties":{"description":"Lotes","styleUrl":"#line2","stroke-opacity":1,"stroke":"#000000","stroke-width":1,"name":"FONDO"}},
{"type":"Feature","geometry":{"type":"LineString","coordinates":[[-63.08804,-17.5493],[-63.08856,-17.54932]]},"properties":{"description":"Lotes","styleUrl":"#line2","stroke-opacity":1,"stroke":"#000000","stroke-width":1,"name":"FONDO"}},
{"type":"Feature","geometry":{"type":"LineString","coordinates":[[-63.08717,-17.55126],[-63.08783,-17.55128]]},"properties":{"description":"Lotes","styleUrl":"#line2","stroke-opacity":1,"stroke":"#000000","stroke-width":1,"name":"FONDO"}},
{"type":"Feature","geometry":{"type":"LineString","coordinates":[[-63.08718,-17.55117],[-63.08784,-17.55119]]},"properties":{"description":"Lotes","styleUrl":"#line2","stroke-opacity":1,"stroke":"#000000","stroke-width":1,"name":"FONDO"}},
{"type":"Feature","geometry":{"type":"LineString","coordinates":[[-63.08718,-17.55108],[-63.08784,-17.5511]]},"properties":{"description":"Lotes","styleUrl":"#line2","stroke-opacity":1,"stroke":"#000000","stroke-width":1,"name":"FONDO"}},
{"type":"Feature","geometry":{"type":"LineString","coordinates":[[-63.08718,-17.55099],[-63.08784,-17.55101]]},"properties":{"description":"Lotes","styleUrl":"#line2","stroke-opacity":1,"stroke":"#000000","stroke-width":1,"name":"FONDO"}},
{"type":"Feature","geometry":{"type":"LineString","coordinates":[[-63.08719,-17.5509],[-63.08785,-17.55092]]},"properties":{"description":"Lotes","styleUrl":"#line2","stroke-opacity":1,"stroke":"#000000","stroke-width":1,"name":"FONDO"}},
{"type":"Feature","geometry":{"type":"LineString","coordinates":[[-63.08719,-17.55081],[-63.08785,-17.55083]]},"properties":{"description":"Lotes","styleUrl":"#line2","stroke-opacity":1,"stroke":"#000000","stroke-width":1,"name":"FONDO"}},
{"type":"Feature","geometry":{"type":"LineString","coordinates":[[-63.0872,-17.55072],[-63.08785,-17.55074]]},"properties":{"description":"Lotes","styleUrl":"#line2","stroke-opacity":1,"stroke":"#000000","stroke-width":1,"name":"FONDO"}},
{"type":"Feature","geometry":{"type":"LineString","coordinates":[[-63.0872,-17.55063],[-63.08786,-17.55065]]},"properties":{"description":"Lotes","styleUrl":"#line2","stroke-opacity":1,"stroke":"#000000","stroke-width":1,"name":"FONDO"}},
{"type":"Feature","geometry":{"type":"LineString","coordinates":[[-63.0872,-17.55054],[-63.08786,-17.55056]]},"properties":{"description":"Lotes","styleUrl":"#line2","stroke-opacity":1,"stroke":"#000000","stroke-width":1,"name":"FONDO"}},
{"type":"Feature","geometry":{"type":"LineString","coordinates":[[-63.08721,-17.55045],[-63.08787,-17.55047]]},"properties":{"description":"Lotes","styleUrl":"#line2","stroke-opacity":1,"stroke":"#000000","stroke-width":1,"name":"FONDO"}},
{"type":"Feature","geometry":{"type":"LineString","coordinates":[[-63.08721,-17.55036],[-63.08787,-17.55038]]},"properties":{"description":"Lotes","styleUrl":"#line2","stroke-opacity":1,"stroke":"#000000","stroke-width":1,"name":"FONDO"}},
{"type":"Feature","geometry":{"type":"LineString","coordinates":[[-63.08721,-17.55027],[-63.08787,-17.55029]]},"properties":{"description":"Lotes","styleUrl":"#line2","stroke-opacity":1,"stroke":"#000000","stroke-width":1,"name":"FONDO"}},
{"type":"Feature","geometry":{"type":"LineString","coordinates":[[-63.08722,-17.55017],[-63.08788,-17.5502]]},"properties":{"description":"Lotes","styleUrl":"#line2","stroke-opacity":1,"stroke":"#000000","stroke-width":1,"name":"FONDO"}},
{"type":"Feature","geometry":{"type":"LineString","coordinates":[[-63.08722,-17.55008],[-63.08788,-17.55011]]},"properties":{"description":"Lotes","styleUrl":"#line2","stroke-opacity":1,"stroke":"#000000","stroke-width":1,"name":"FONDO"}},
{"type":"Feature","geometry":{"type":"LineString","coordinates":[[-63.08723,-17.54999],[-63.08788,-17.55002]]},"properties":{"description":"Lotes","styleUrl":"#line2","stroke-opacity":1,"stroke":"#000000","stroke-width":1,"name":"FONDO"}},
{"type":"Feature","geometry":{"type":"LineString","coordinates":[[-63.08723,-17.5499],[-63.08789,-17.54993]]},"properties":{"description":"Lotes","styleUrl":"#line2","stroke-opacity":1,"stroke":"#000000","stroke-width":1,"name":"FONDO"}},
{"type":"Feature","geometry":{"type":"LineString","coordinates":[[-63.08723,-17.54981],[-63.08789,-17.54984]]},"properties":{"description":"Lotes","styleUrl":"#line2","stroke-opacity":1,"stroke":"#000000","stroke-width":1,"name":"FONDO"}},
{"type":"Feature","geometry":{"type":"LineString","coordinates":[[-63.08724,-17.54972],[-63.0879,-17.54975]]},"properties":{"description":"Lotes","styleUrl":"#line2","stroke-opacity":1,"stroke":"#000000","stroke-width":1,"name":"FONDO"}},
{"type":"Feature","geometry":{"type":"LineString","coordinates":[[-63.08724,-17.54963],[-63.0879,-17.54966]]},"properties":{"description":"Lotes","styleUrl":"#line2","stroke-opacity":1,"stroke":"#000000","stroke-width":1,"name":"FONDO"}},
{"type":"Feature","geometry":{"type":"LineString","coordinates":[[-63.08724,-17.54954],[-63.0879,-17.54957]]},"properties":{"description":"Lotes","styleUrl":"#line2","stroke-opacity":1,"stroke":"#000000","stroke-width":1,"name":"FONDO"}},
{"type":"Feature","geometry":{"type":"LineString","coordinates":[[-63.08725,-17.54945],[-63.08791,-17.54948]]},"properties":{"description":"Lotes","styleUrl":"#line2","stroke-opacity":1,"stroke":"#000000","stroke-width":1,"name":"FONDO"}},
{"type":"Feature","geometry":{"type":"LineString","coordinates":[[-63.08725,-17.54936],[-63.08791,-17.54939]]},"properties":{"description":"Lotes","styleUrl":"#line2","stroke-opacity":1,"stroke":"#000000","stroke-width":1,"name":"FONDO"}},
{"type":"Feature","geometry":{"type":"LineString","coordinates":[[-63.08725,-17.54927],[-63.08791,-17.5493]]},"properties":{"description":"Lotes","styleUrl":"#line2","stroke-opacity":1,"stroke":"#000000","stroke-width":1,"name":"FONDO"}},
{"type":"Feature","geometry":{"type":"LineString","coordinates":[[-63.08859,-17.55158],[-63.08889,-17.55159]]},"properties":{"description":"Lotes","styleUrl":"#line2","stroke-opacity":1,"stroke":"#000000","stroke-width":1,"name":"FONDO"}},
{"type":"Feature","geometry":{"type":"LineString","coordinates":[[-63.08869,-17.54923],[-63.08899,-17.54925]]},"properties":{"description":"Lotes","styleUrl":"#line2","stroke-opacity":1,"stroke":"#000000","stroke-width":1,"name":"FONDO"}},
{"type":"Feature","geometry":{"type":"LineString","coordinates":[[-63.08754,-17.55153],[-63.08764,-17.54913]]},"properties":{"description":"Lotes","styleUrl":"#line2","stroke-opacity":1,"stroke":"#000000","stroke-width":1,"name":"FONDO"}},
{"type":"Feature","geometry":{"type":"LineString","coordinates":[[-63.08664,-17.55134],[-63.08673,-17.54911]]},"properties":{"description":"Lotes","styleUrl":"#line2","stroke-opacity":1,"stroke":"#000000","stroke-width":1,"name":"FONDO"}},
{"type":"Feature","geometry":{"type":"LineString","coordinates":[[-63.0882,-17.55167],[-63.08831,-17.54915]]},"properties":{"description":"Lotes","styleUrl":"#line2","stroke-opacity":1,"stroke":"#000000","stroke-width":1,"name":"FONDO"}},
{"type":"Feature","geometry":{"type":"LineString","coordinates":[[-63.08867,-17.5496],[-63.08897,-17.54961]]},"properties":{"description":"Lotes","styleUrl":"#line2","stroke-opacity":1,"stroke":"#000000","stroke-width":1,"name":"FONDO"}},
{"type":"Feature","geometry":{"type":"LineString","coordinates":[[-63.08821,-17.55157],[-63.08847,-17.55158]]},"properties":{"description":"Lotes","styleUrl":"#line2","stroke-opacity":1,"stroke":"#000000","stroke-width":1,"name":"FONDO"}},
{"type":"Feature","geometry":{"type":"LineString","coordinates":[[-63.08562,-17.55098],[-63.08507,-17.55086]]},"properties":{"description":"Lotes","styleUrl":"#line2","stroke-opacity":1,"stroke":"#000000","stroke-width":1,"name":"FONDO"}},
{"type":"Feature","geometry":{"type":"LineString","coordinates":[[-63.08564,-17.5509],[-63.08509,-17.55077]]},"properties":{"description":"Lotes","styleUrl":"#line2","stroke-opacity":1,"stroke":"#000000","stroke-width":1,"name":"FONDO"}},
{"type":"Feature","geometry":{"type":"LineString","coordinates":[[-63.08532,-17.55106],[-63.08578,-17.54909]]},"properties":{"description":"Lotes","styleUrl":"#line2","stroke-opacity":1,"stroke":"#000000","stroke-width":1,"name":"FONDO"}},
{"type":"Feature","geometry":{"type":"LineString","coordinates":[[-63.08567,-17.55081],[-63.08511,-17.55069]]},"properties":{"description":"Lotes","styleUrl":"#line2","stroke-opacity":1,"stroke":"#000000","stroke-width":1,"name":"FONDO"}},
{"type":"Feature","geometry":{"type":"LineString","coordinates":[[-63.08569,-17.55072],[-63.08514,-17.5506]]},"properties":{"description":"Lotes","styleUrl":"#line2","stroke-opacity":1,"stroke":"#000000","stroke-width":1,"name":"FONDO"}},
{"type":"Feature","geometry":{"type":"LineString","coordinates":[[-63.08571,-17.55063],[-63.08516,-17.55051]]},"properties":{"description":"Lotes","styleUrl":"#line2","stroke-opacity":1,"stroke":"#000000","stroke-width":1,"name":"FONDO"}},
{"type":"Feature","geometry":{"type":"LineString","coordinates":[[-63.08573,-17.55054],[-63.08518,-17.55042]]},"properties":{"description":"Lotes","styleUrl":"#line2","stroke-opacity":1,"stroke":"#000000","stroke-width":1,"name":"FONDO"}},
{"type":"Feature","geometry":{"type":"LineString","coordinates":[[-63.08575,-17.55045],[-63.0852,-17.55033]]},"properties":{"description":"Lotes","styleUrl":"#line2","stroke-opacity":1,"stroke":"#000000","stroke-width":1,"name":"FONDO"}},
{"type":"Feature","geometry":{"type":"LineString","coordinates":[[-63.08577,-17.55037],[-63.08522,-17.55025]]},"properties":{"description":"Lotes","styleUrl":"#line2","stroke-opacity":1,"stroke":"#000000","stroke-width":1,"name":"FONDO"}},
{"type":"Feature","geometry":{"type":"LineString","coordinates":[[-63.08579,-17.55028],[-63.08524,-17.55016]]},"properties":{"description":"Lotes","styleUrl":"#line2","stroke-opacity":1,"stroke":"#000000","stroke-width":1,"name":"FONDO"}},
{"type":"Feature","geometry":{"type":"LineString","coordinates":[[-63.08581,-17.55019],[-63.08526,-17.55007]]},"properties":{"description":"Lotes","styleUrl":"#line2","stroke-opacity":1,"stroke":"#000000","stroke-width":1,"name":"FONDO"}},
{"type":"Feature","geometry":{"type":"LineString","coordinates":[[-63.08583,-17.5501],[-63.08528,-17.54998]]},"properties":{"description":"Lotes","styleUrl":"#line2","stroke-opacity":1,"stroke":"#000000","stroke-width":1,"name":"FONDO"}},
{"type":"Feature","geometry":{"type":"LineString","coordinates":[[-63.08585,-17.55001],[-63.0853,-17.54989]]},"properties":{"description":"Lotes","styleUrl":"#line2","stroke-opacity":1,"stroke":"#000000","stroke-width":1,"name":"FONDO"}},
{"type":"Feature","geometry":{"type":"LineString","coordinates":[[-63.08588,-17.54993],[-63.08532,-17.5498]]},"properties":{"description":"Lotes","styleUrl":"#line2","stroke-opacity":1,"stroke":"#000000","stroke-width":1,"name":"FONDO"}},
{"type":"Feature","geometry":{"type":"LineString","coordinates":[[-63.0859,-17.54984],[-63.08535,-17.54972]]},"properties":{"description":"Lotes","styleUrl":"#line2","stroke-opacity":1,"stroke":"#000000","stroke-width":1,"name":"FONDO"}},
{"type":"Feature","geometry":{"type":"LineString","coordinates":[[-63.08592,-17.54975],[-63.08537,-17.54963]]},"properties":{"description":"Lotes","styleUrl":"#line2","stroke-opacity":1,"stroke":"#000000","stroke-width":1,"name":"FONDO"}},
{"type":"Feature","geometry":{"type":"LineString","coordinates":[[-63.08594,-17.54966],[-63.08539,-17.54954]]},"properties":{"description":"Lotes","styleUrl":"#line2","stroke-opacity":1,"stroke":"#000000","stroke-width":1,"name":"FONDO"}},
{"type":"Feature","geometry":{"type":"LineString","coordinates":[[-63.08596,-17.54957],[-63.08541,-17.54945]]},"properties":{"description":"Lotes","styleUrl":"#line2","stroke-opacity":1,"stroke":"#000000","stroke-width":1,"name":"FONDO"}},
{"type":"Feature","geometry":{"type":"LineString","coordinates":[[-63.08598,-17.54949],[-63.08543,-17.54936]]},"properties":{"description":"Lotes","styleUrl":"#line2","stroke-opacity":1,"stroke":"#000000","stroke-width":1,"name":"FONDO"}},
{"type":"Feature","geometry":{"type":"LineString","coordinates":[[-63.086,-17.5494],[-63.08545,-17.54928]]},"properties":{"description":"Lotes","styleUrl":"#line2","stroke-opacity":1,"stroke":"#000000","stroke-width":1,"name":"FONDO"}},
{"type":"Feature","geometry":{"type":"LineString","coordinates":[[-63.08602,-17.54931],[-63.08547,-17.54919]]},"properties":{"description":"Lotes","styleUrl":"#line2","stroke-opacity":1,"stroke":"#000000","stroke-width":1,"name":"FONDO"}},
{"type":"Feature","geometry":{"type":"LineString","coordinates":[[-63.08625,-17.55112],[-63.08574,-17.55101]]},"properties":{"description":"Lotes","styleUrl":"#line2","stroke-opacity":1,"stroke":"#000000","stroke-width":1,"name":"FONDO"}},
{"type":"Feature","geometry":{"type":"LineString","coordinates":[[-63.08625,-17.55102],[-63.08576,-17.55092]]},"properties":{"description":"Lotes","styleUrl":"#line2","stroke-opacity":1,"stroke":"#000000","stroke-width":1,"name":"FONDO"}},
{"type":"Feature","geometry":{"type":"LineString","coordinates":[[-63.08625,-17.55093],[-63.08578,-17.55083]]},"properties":{"description":"Lotes","styleUrl":"#line2","stroke-opacity":1,"stroke":"#000000","stroke-width":1,"name":"FONDO"}},
{"type":"Feature","geometry":{"type":"LineString","coordinates":[[-63.08626,-17.55084],[-63.08581,-17.55074]]},"properties":{"description":"Lotes","styleUrl":"#line2","stroke-opacity":1,"stroke":"#000000","stroke-width":1,"name":"FONDO"}},
{"type":"Feature","geometry":{"type":"LineString","coordinates":[[-63.08626,-17.55075],[-63.08583,-17.55066]]},"properties":{"description":"Lotes","styleUrl":"#line2","stroke-opacity":1,"stroke":"#000000","stroke-width":1,"name":"FONDO"}},
{"type":"Feature","geometry":{"type":"LineString","coordinates":[[-63.08626,-17.55066],[-63.08585,-17.55057]]},"properties":{"description":"Lotes","styleUrl":"#line2","stroke-opacity":1,"stroke":"#000000","stroke-width":1,"name":"FONDO"}},
{"type":"Feature","geometry":{"type":"LineString","coordinates":[[-63.08627,-17.55057],[-63.08587,-17.55048]]},"properties":{"description":"Lotes","styleUrl":"#line2","stroke-opacity":1,"stroke":"#000000","stroke-width":1,"name":"FONDO"}},
{"type":"Feature","geometry":{"type":"LineString","coordinates":[[-63.08627,-17.55047],[-63.08589,-17.55039]]},"properties":{"description":"Lotes","styleUrl":"#line2","stroke-opacity":1,"stroke":"#000000","stroke-width":1,"name":"FONDO"}},
{"type":"Feature","geometry":{"type":"LineString","coordinates":[[-63.08628,-17.55038],[-63.08591,-17.5503]]},"properties":{"description":"Lotes","styleUrl":"#line2","stroke-opacity":1,"stroke":"#000000","stroke-width":1,"name":"FONDO"}},
{"type":"Feature","geometry":{"type":"LineString","coordinates":[[-63.08628,-17.55029],[-63.08593,-17.55022]]},"properties":{"description":"Lotes","styleUrl":"#line2","stroke-opacity":1,"stroke":"#000000","stroke-width":1,"name":"FONDO"}},
{"type":"Feature","geometry":{"type":"LineString","coordinates":[[-63.08628,-17.5502],[-63.08595,-17.55013]]},"properties":{"description":"Lotes","styleUrl":"#line2","stroke-opacity":1,"stroke":"#000000","stroke-width":1,"name":"FONDO"}},
{"type":"Feature","geometry":{"type":"LineString","coordinates":[[-63.08629,-17.55011],[-63.08597,-17.55004]]},"properties":{"description":"Lotes","styleUrl":"#line2","stroke-opacity":1,"stroke":"#000000","stroke-width":1,"name":"FONDO"}},
{"type":"Feature","geometry":{"type":"LineString","coordinates":[[-63.08629,-17.55001],[-63.08599,-17.54995]]},"properties":{"description":"Lotes","styleUrl":"#line2","stroke-opacity":1,"stroke":"#000000","stroke-width":1,"name":"FONDO"}},
{"type":"Feature","geometry":{"type":"LineString","coordinates":[[-63.08629,-17.54992],[-63.08602,-17.54986]]},"properties":{"description":"Lotes","styleUrl":"#line2","stroke-opacity":1,"stroke":"#000000","stroke-width":1,"name":"FONDO"}},
{"type":"Feature","geometry":{"type":"LineString","coordinates":[[-63.0863,-17.54983],[-63.08604,-17.54978]]},"properties":{"description":"Lotes","styleUrl":"#line2","stroke-opacity":1,"stroke":"#000000","stroke-width":1,"name":"FONDO"}},
{"type":"Feature","geometry":{"type":"LineString","coordinates":[[-63.0863,-17.54974],[-63.08606,-17.54969]]},"properties":{"description":"Lotes","styleUrl":"#line2","stroke-opacity":1,"stroke":"#000000","stroke-width":1,"name":"FONDO"}},
{"type":"Feature","geometry":{"type":"LineString","coordinates":[[-63.08631,-17.54965],[-63.08608,-17.5496]]},"properties":{"description":"Lotes","styleUrl":"#line2","stroke-opacity":1,"stroke":"#000000","stroke-width":1,"name":"FONDO"}},
{"type":"Feature","geometry":{"type":"LineString","coordinates":[[-63.08324,-17.56152],[-63.08379,-17.56164]]},"properties":{"description":"Lotes","styleUrl":"#line2","stroke-opacity":1,"stroke":"#000000","stroke-width":1,"name":"FONDO"}},
{"type":"Feature","geometry":{"type":"LineString","coordinates":[[-63.08765,-17.55702],[-63.08765,-17.55703],[-63.08764,-17.55703],[-63.08764,-17.55704],[-63.08764,-17.55705],[-63.08763,-17.55705],[-63.08763,-17.55706],[-63.08762,-17.55706],[-63.08761,-17.55706],[-63.08761,-17.55707],[-63.0876,-17.55707],[-63.08759,-17.55707],[-63.08758,-17.55707],[-63.08757,-17.55707]]},"properties":{"description":"0","styleUrl":"#line2","stroke-opacity":1,"stroke":"#000000","stroke-width":1,"name":"FONDO"}},
{"type":"Feature","geometry":{"type":"LineString","coordinates":[[-63.09064,-17.54839],[-63.09047,-17.54856]]},"properties":{"description":"0","styleUrl":"#line2","stroke-opacity":1,"stroke":"#000000","stroke-width":1,"name":"FONDO"}},
{"type":"Feature","geometry":{"type":"LineString","coordinates":[[-63.09064,-17.54856],[-63.09047,-17.54839]]},"properties":{"description":"0","styleUrl":"#line2","stroke-opacity":1,"stroke":"#000000","stroke-width":1,"name":"FONDO"}},
{"type":"Feature","geometry":{"type":"LineString","coordinates":[[-63.09053,-17.54849],[-63.09056,-17.54864]]},"properties":{"description":"0","styleUrl":"#line2","stroke-opacity":1,"stroke":"#000000","stroke-width":1,"name":"FONDO"}},
{"type":"Feature","geometry":{"type":"LineString","coordinates":[[-63.09073,-17.54847],[-63.09038,-17.54847]]},"properties":{"description":"0","styleUrl":"#line2","stroke-opacity":1,"stroke":"#000000","stroke-width":1,"name":"FONDO"}},
{"type":"Feature","geometry":{"type":"LineString","coordinates":[[-63.09056,-17.5483],[-63.09058,-17.54845]]},"properties":{"description":"0","styleUrl":"#line2","stroke-opacity":1,"stroke":"#000000","stroke-width":1,"name":"FONDO"}},
{"type":"Feature","geometry":{"type":"LineString","coordinates":[[-63.09056,-17.54864],[-63.09056,-17.5483]]},"properties":{"description":"0","styleUrl":"#line2","stroke-opacity":1,"stroke":"#000000","stroke-width":1,"name":"FONDO"}},
{"type":"Feature","geometry":{"type":"LineString","coordinates":[[-63.09058,-17.54849],[-63.09073,-17.54847]]},"properties":{"description":"0","styleUrl":"#line2","stroke-opacity":1,"stroke":"#000000","stroke-width":1,"name":"FONDO"}},
{"type":"Feature","geometry":{"type":"LineString","coordinates":[[-63.09073,-17.54847],[-63.09078,-17.54847]]},"properties":{"description":"0","styleUrl":"#line2","stroke-opacity":1,"stroke":"#000000","stroke-width":1,"name":"FONDO"}},
{"type":"Feature","geometry":{"type":"LineString","coordinates":[[-63.09056,-17.54864],[-63.09056,-17.54869]]},"properties":{"description":"0","styleUrl":"#line2","stroke-opacity":1,"stroke":"#000000","stroke-width":1,"name":"FONDO"}},
{"type":"Feature","geometry":{"type":"LineString","coordinates":[[-63.09056,-17.5483],[-63.09056,-17.54821]]},"properties":{"description":"0","styleUrl":"#line2","stroke-opacity":1,"stroke":"#000000","stroke-width":1,"name":"FONDO"}},
{"type":"Feature","geometry":{"type":"LineString","coordinates":[[-63.09053,-17.54845],[-63.09038,-17.54847]]},"properties":{"description":"0","styleUrl":"#line2","stroke-opacity":1,"stroke":"#000000","stroke-width":1,"name":"FONDO"}},
{"type":"Feature","geometry":{"type":"LineString","coordinates":[[-63.09038,-17.54847],[-63.09033,-17.54847]]},"properties":{"description":"0","styleUrl":"#line2","stroke-opacity":1,"stroke":"#000000","stroke-width":1,"name":"FONDO"}},
{"type":"Feature","geometry":{"type":"LineString","coordinates":[[-63.09056,-17.54829],[-63.09057,-17.54829],[-63.09058,-17.54829],[-63.09058,-17.5483],[-63.09059,-17.5483],[-63.0906,-17.5483],[-63.09061,-17.5483],[-63.09062,-17.5483],[-63.09062,-17.54831],[-63.09063,-17.54831],[-63.09064,-17.54831],[-63.09065,-17.54832],[-63.09066,-17.54832],[-63.09066,-17.54833],[-63.09067,-17.54833],[-63.09068,-17.54834],[-63.09069,-17.54834],[-63.09069,-17.54835],[-63.0907,-17.54835],[-63.0907,-17.54836],[-63.09071,-17.54837],[-63.09071,-17.54838],[-63.09072,-17.54838],[-63.09072,-17.54839],[-63.09072,-17.5484],[-63.09073,-17.5484],[-63.09073,-17.54841],[-63.09073,-17.54842],[-63.09074,-17.54843],[-63.09074,-17.54844],[-63.09074,-17.54845],[-63.09074,-17.54846],[-63.09074,-17.54847]]},"properties":{"description":"0","styleUrl":"#line2","stroke-opacity":1,"stroke":"#000000","stroke-width":1,"name":"FONDO"}},
{"type":"Feature","geometry":{"type":"LineString","coordinates":[[-63.09056,-17.54865],[-63.09055,-17.54865],[-63.09054,-17.54865],[-63.09053,-17.54865],[-63.09052,-17.54865],[-63.09051,-17.54865],[-63.09051,-17.54864],[-63.0905,-17.54864],[-63.09049,-17.54864],[-63.09048,-17.54864],[-63.09048,-17.54863],[-63.09047,-17.54863],[-63.09046,-17.54863],[-63.09046,-17.54862],[-63.09045,-17.54862],[-63.09044,-17.54862],[-63.09044,-17.54861],[-63.09043,-17.54861],[-63.09043,-17.5486],[-63.09042,-17.5486],[-63.09042,-17.54859],[-63.09041,-17.54859],[-63.09041,-17.54858],[-63.0904,-17.54858],[-63.0904,-17.54857],[-63.0904,-17.54856],[-63.09039,-17.54856],[-63.09039,-17.54855],[-63.09039,-17.54854],[-63.09038,-17.54854],[-63.09038,-17.54853],[-63.09038,-17.54852],[-63.09037,-17.54851],[-63.09037,-17.5485],[-63.09037,-17.54849],[-63.09037,-17.54848],[-63.09037,-17.54847]]},"properties":{"description":"0","styleUrl":"#line2","stroke-opacity":1,"stroke":"#000000","stroke-width":1,"name":"FONDO"}},
{"type":"Feature","geometry":{"type":"LineString","coordinates":[[-63.09053,-17.54845],[-63.09056,-17.5483]]},"properties":{"description":"0","styleUrl":"#line2","stroke-opacity":1,"stroke":"#000000","stroke-width":1,"name":"FONDO"}},
{"type":"Feature","geometry":{"type":"LineString","coordinates":[[-63.09056,-17.5483],[-63.09056,-17.54847]]},"properties":{"description":"0","styleUrl":"#line2","stroke-opacity":1,"stroke":"#000000","stroke-width":1,"name":"FONDO"}},
{"type":"Feature","geometry":{"type":"LineString","coordinates":[[-63.09056,-17.54847],[-63.09053,-17.54845]]},"properties":{"description":"0","styleUrl":"#line2","stroke-opacity":1,"stroke":"#000000","stroke-width":1,"name":"FONDO"}},
{"type":"Feature","geometry":{"type":"LineString","coordinates":[[-63.09056,-17.54847],[-63.09053,-17.54845]]},"properties":{"description":"0","styleUrl":"#line2","stroke-opacity":1,"stroke":"#000000","stroke-width":1,"name":"FONDO"}},
{"type":"Feature","geometry":{"type":"LineString","coordinates":[[-63.09053,-17.54845],[-63.09056,-17.5483]]},"properties":{"description":"0","styleUrl":"#line2","stroke-opacity":1,"stroke":"#000000","stroke-width":1,"name":"FONDO"}},
{"type":"Feature","geometry":{"type":"LineString","coordinates":[[-63.09056,-17.5483],[-63.09056,-17.54847]]},"properties":{"description":"0","styleUrl":"#line2","stroke-opacity":1,"stroke":"#000000","stroke-width":1,"name":"FONDO"}},
{"type":"Feature","geometry":{"type":"LineString","coordinates":[[-63.09056,-17.54847],[-63.09038,-17.54847]]},"properties":{"description":"0","styleUrl":"#line2","stroke-opacity":1,"stroke":"#000000","stroke-width":1,"name":"FONDO"}},
{"type":"Feature","geometry":{"type":"LineString","coordinates":[[-63.09038,-17.54847],[-63.09053,-17.54849]]},"properties":{"description":"0","styleUrl":"#line2","stroke-opacity":1,"stroke":"#000000","stroke-width":1,"name":"FONDO"}},
{"type":"Feature","geometry":{"type":"LineString","coordinates":[[-63.09053,-17.54849],[-63.09058,-17.54845]]},"properties":{"description":"0","styleUrl":"#line2","stroke-opacity":1,"stroke":"#000000","stroke-width":1,"name":"FONDO"}},
{"type":"Feature","geometry":{"type":"LineString","coordinates":[[-63.09058,-17.54845],[-63.09073,-17.54847]]},"properties":{"description":"0","styleUrl":"#line2","stroke-opacity":1,"stroke":"#000000","stroke-width":1,"name":"FONDO"}},
{"type":"Feature","geometry":{"type":"LineString","coordinates":[[-63.09073,-17.54847],[-63.09056,-17.54847]]},"properties":{"description":"0","styleUrl":"#line2","stroke-opacity":1,"stroke":"#000000","stroke-width":1,"name":"FONDO"}},
{"type":"Feature","geometry":{"type":"LineString","coordinates":[[-63.09056,-17.54847],[-63.09058,-17.54849]]},"properties":{"description":"0","styleUrl":"#line2","stroke-opacity":1,"stroke":"#000000","stroke-width":1,"name":"FONDO"}},
{"type":"Feature","geometry":{"type":"LineString","coordinates":[[-63.09058,-17.54849],[-63.09056,-17.54864]]},"properties":{"description":"0","styleUrl":"#line2","stroke-opacity":1,"stroke":"#000000","stroke-width":1,"name":"FONDO"}},
{"type":"Feature","geometry":{"type":"LineString","coordinates":[[-63.09056,-17.54864],[-63.09056,-17.54847]]},"properties":{"description":"0","styleUrl":"#line2","stroke-opacity":1,"stroke":"#000000","stroke-width":1,"name":"FONDO"}},
{"type":"Feature","geometry":{"type":"LineString","coordinates":[[-63.09057,-17.54844],[-63.09064,-17.54839]]},"properties":{"description":"0","styleUrl":"#line2","stroke-opacity":1,"stroke":"#000000","stroke-width":1,"name":"FONDO"}},
{"type":"Feature","geometry":{"type":"LineString","coordinates":[[-63.09064,-17.54839],[-63.09059,-17.54845]]},"properties":{"description":"0","styleUrl":"#line2","stroke-opacity":1,"stroke":"#000000","stroke-width":1,"name":"FONDO"}},
{"type":"Feature","geometry":{"type":"LineString","coordinates":[[-63.09059,-17.54849],[-63.09064,-17.54856]]},"properties":{"description":"0","styleUrl":"#line2","stroke-opacity":1,"stroke":"#000000","stroke-width":1,"name":"FONDO"}},
{"type":"Feature","geometry":{"type":"LineString","coordinates":[[-63.09064,-17.54856],[-63.09057,-17.54851]]},"properties":{"description":"0","styleUrl":"#line2","stroke-opacity":1,"stroke":"#000000","stroke-width":1,"name":"FONDO"}},
{"type":"Feature","geometry":{"type":"LineString","coordinates":[[-63.09052,-17.54845],[-63.09047,-17.54839]]},"properties":{"description":"0","styleUrl":"#line2","stroke-opacity":1,"stroke":"#000000","stroke-width":1,"name":"FONDO"}},
{"type":"Feature","geometry":{"type":"LineString","coordinates":[[-63.09047,-17.54839],[-63.09054,-17.54844]]},"properties":{"description":"0","styleUrl":"#line2","stroke-opacity":1,"stroke":"#000000","stroke-width":1,"name":"FONDO"}},
{"type":"Feature","geometry":{"type":"LineString","coordinates":[[-63.09052,-17.54849],[-63.09047,-17.54856]]},"properties":{"description":"0","styleUrl":"#line2","stroke-opacity":1,"stroke":"#000000","stroke-width":1,"name":"FONDO"}},
{"type":"Feature","geometry":{"type":"LineString","coordinates":[[-63.09047,-17.54856],[-63.09054,-17.54851]]},"properties":{"description":"0","styleUrl":"#line2","stroke-opacity":1,"stroke":"#000000","stroke-width":1,"name":"FONDO"}},
{"type":"Feature","geometry":{"type":"LineString","coordinates":[[-63.08926,-17.56206],[-63.08888,-17.56213]]},"properties":{"description":"Colindantes","styleUrl":"#line3","stroke-opacity":1,"stroke":"#000000","stroke-width":1,"name":"FONDO"}},
{"type":"Feature","geometry":{"type":"LineString","coordinates":[[-63.08888,-17.56213],[-63.08887,-17.56213],[-63.08886,-17.56213],[-63.08885,-17.56213],[-63.08884,-17.56213],[-63.08883,-17.56213],[-63.08882,-17.56213],[-63.08882,-17.56212],[-63.08881,-17.56212],[-63.08881,-17.56211],[-63.0888,-17.56211],[-63.0888,-17.5621],[-63.08879,-17.5621],[-63.08879,-17.56209],[-63.08878,-17.56209],[-63.08878,-17.56208],[-63.08878,-17.56207]]},"properties":{"description":"Colindantes","styleUrl":"#line3","stroke-opacity":1,"stroke":"#000000","stroke-width":1,"name":"FONDO"}},
{"type":"Feature","geometry":{"type":"LineString","coordinates":[[-63.08896,-17.55978],[-63.08884,-17.56]]},"properties":{"description":"Colindantes","styleUrl":"#line3","stroke-opacity":1,"stroke":"#000000","stroke-width":1,"name":"FONDO"}},
{"type":"Feature","geometry":{"type":"LineString","coordinates":[[-63.0884,-17.56019],[-63.0884,-17.56018],[-63.08839,-17.56018],[-63.08839,-17.56017],[-63.0884,-17.56017],[-63.0884,-17.56016],[-63.0884,-17.56015],[-63.0884,-17.56014],[-63.0884,-17.56013],[-63.08841,-17.56013],[-63.08841,-17.56012],[-63.08842,-17.56012],[-63.08842,-17.56011],[-63.08843,-17.56011],[-63.08843,-17.5601],[-63.08844,-17.5601],[-63.08845,-17.5601],[-63.08846,-17.5601],[-63.08846,-17.56009],[-63.08847,-17.56009],[-63.08848,-17.56009],[-63.08849,-17.56009],[-63.0885,-17.56009]]},"properties":{"description":"Colindantes","styleUrl":"#line3","stroke-opacity":1,"stroke":"#000000","stroke-width":1,"name":"FONDO"}},
{"type":"Feature","geometry":{"type":"LineString","coordinates":[[-63.0885,-17.56009],[-63.08887,-17.56018]]},"properties":{"description":"Colindantes","styleUrl":"#line3","stroke-opacity":1,"stroke":"#000000","stroke-width":1,"name":"FONDO"}},
{"type":"Feature","geometry":{"type":"LineString","coordinates":[[-63.09115,-17.55492],[-63.09128,-17.55508]]},"properties":{"description":"Colindantes","styleUrl":"#line3","stroke-opacity":1,"stroke":"#000000","stroke-width":1,"name":"FONDO"}},
{"type":"Feature","geometry":{"type":"LineString","coordinates":[[-63.09128,-17.55508],[-63.09127,-17.5555]]},"properties":{"description":"Colindantes","styleUrl":"#line3","stroke-opacity":1,"stroke":"#000000","stroke-width":1,"name":"FONDO"}},
{"type":"Feature","geometry":{"type":"LineString","coordinates":[[-63.09127,-17.5555],[-63.09126,-17.5558]]},"properties":{"description":"Colindantes","styleUrl":"#line3","stroke-opacity":1,"stroke":"#000000","stroke-width":1,"name":"FONDO"}},
{"type":"Feature","geometry":{"type":"LineString","coordinates":[[-63.0885,-17.56223],[-63.08815,-17.56215]]},"properties":{"description":"Colindantes","styleUrl":"#line3","stroke-opacity":1,"stroke":"#000000","stroke-width":1,"name":"FONDO"}},
{"type":"Feature","geometry":{"type":"LineString","coordinates":[[-63.08821,-17.56229],[-63.08846,-17.56235]]},"properties":{"description":"Colindantes","styleUrl":"#line3","stroke-opacity":1,"stroke":"#000000","stroke-width":1,"name":"FONDO"}},
{"type":"Feature","geometry":{"type":"LineString","coordinates":[[-63.08896,-17.55978],[-63.08978,-17.55835]]},"properties":{"description":"Colindantes","styleUrl":"#line3","stroke-opacity":1,"stroke":"#000000","stroke-width":1,"name":"FONDO"}},
{"type":"Feature","geometry":{"type":"LineString","coordinates":[[-63.08842,-17.56434],[-63.08854,-17.56416]]},"properties":{"description":"Colindantes","styleUrl":"#line3","stroke-opacity":1,"stroke":"#000000","stroke-width":1,"name":"FONDO"}},
{"type":"Feature","geometry":{"type":"LineString","coordinates":[[-63.08948,-17.56315],[-63.08854,-17.56416]]},"properties":{"description":"Colindantes","styleUrl":"#line3","stroke-opacity":1,"stroke":"#000000","stroke-width":1,"name":"FONDO"}},
{"type":"Feature","geometry":{"type":"LineString","coordinates":[[-63.0884,-17.56019],[-63.0884,-17.56018],[-63.08839,-17.56018],[-63.08839,-17.56017],[-63.0884,-17.56017],[-63.0884,-17.56016],[-63.0884,-17.56015],[-63.0884,-17.56014],[-63.0884,-17.56013],[-63.08841,-17.56013],[-63.08841,-17.56012],[-63.08842,-17.56012],[-63.08842,-17.56011],[-63.08843,-17.56011],[-63.08843,-17.5601],[-63.08844,-17.5601],[-63.08845,-17.5601],[-63.08846,-17.5601],[-63.08846,-17.56009],[-63.08847,-17.56009],[-63.08848,-17.56009],[-63.08849,-17.56009],[-63.0885,-17.56009]]},"properties":{"description":"Colindantes","styleUrl":"#line3","stroke-opacity":1,"stroke":"#000000","stroke-width":1,"name":"FONDO"}},
{"type":"Feature","geometry":{"type":"LineString","coordinates":[[-63.08896,-17.55978],[-63.08884,-17.56]]},"properties":{"description":"Colindantes","styleUrl":"#line3","stroke-opacity":1,"stroke":"#000000","stroke-width":1,"name":"FONDO"}},
{"type":"Feature","geometry":{"type":"LineString","coordinates":[[-63.08471,-17.56406],[-63.08489,-17.56413]]},"properties":{"description":"Colindantes","styleUrl":"#line3","stroke-opacity":1,"stroke":"#000000","stroke-width":1,"name":"FONDO"}},
{"type":"Feature","geometry":{"type":"LineString","coordinates":[[-63.08489,-17.56413],[-63.08489,-17.56414],[-63.0849,-17.56414],[-63.08491,-17.56414],[-63.08491,-17.56415],[-63.08492,-17.56415],[-63.08492,-17.56416],[-63.08493,-17.56416],[-63.08493,-17.56417],[-63.08494,-17.56417],[-63.08494,-17.56418],[-63.08494,-17.56419],[-63.08494,-17.5642],[-63.08494,-17.56421],[-63.08494,-17.56422],[-63.08494,-17.56423],[-63.08494,-17.56424]]},"properties":{"description":"Colindantes","styleUrl":"#line3","stroke-opacity":1,"stroke":"#000000","stroke-width":1,"name":"FONDO"}},
{"type":"Feature","geometry":{"type":"LineString","coordinates":[[-63.08494,-17.56424],[-63.08491,-17.5643]]},"properties":{"description":"Colindantes","styleUrl":"#line3","stroke-opacity":1,"stroke":"#000000","stroke-width":1,"name":"FONDO"}},
{"type":"Feature","geometry":{"type":"LineString","coordinates":[[-63.08295,-17.56342],[-63.08295,-17.56341],[-63.08296,-17.56341],[-63.08296,-17.5634],[-63.08297,-17.56339],[-63.08298,-17.56339],[-63.08298,-17.56338],[-63.08299,-17.56338],[-63.083,-17.56338],[-63.083,-17.56337],[-63.08301,-17.56337],[-63.08302,-17.56337],[-63.08303,-17.56337],[-63.08304,-17.56337],[-63.08305,-17.56337],[-63.08305,-17.56338],[-63.08306,-17.56338]]},"properties":{"description":"Colindantes","styleUrl":"#line3","stroke-opacity":1,"stroke":"#000000","stroke-width":1,"name":"FONDO"}},
{"type":"Feature","geometry":{"type":"LineString","coordinates":[[-63.08682,-17.5654],[-63.08681,-17.56541]]},"properties":{"description":"Colindantes","styleUrl":"#line3","stroke-opacity":1,"stroke":"#000000","stroke-width":1,"name":"FONDO"}},
{"type":"Feature","geometry":{"type":"LineString","coordinates":[[-63.0869,-17.56527],[-63.08682,-17.5654]]},"properties":{"description":"Colindantes","styleUrl":"#line3","stroke-opacity":1,"stroke":"#000000","stroke-width":1,"name":"FONDO"}},
{"type":"Feature","geometry":{"type":"LineString","coordinates":[[-63.08698,-17.56515],[-63.0869,-17.56527]]},"properties":{"description":"Colindantes","styleUrl":"#line3","stroke-opacity":1,"stroke":"#000000","stroke-width":1,"name":"FONDO"}},
{"type":"Feature","geometry":{"type":"LineString","coordinates":[[-63.08697,-17.56499],[-63.08698,-17.56499],[-63.08698,-17.565],[-63.08699,-17.565],[-63.08699,-17.56501],[-63.087,-17.56501],[-63.087,-17.56502],[-63.08701,-17.56502],[-63.08701,-17.56503],[-63.08702,-17.56504],[-63.08702,-17.56505],[-63.08702,-17.56506],[-63.08702,-17.56507],[-63.08702,-17.56508],[-63.08702,-17.56509],[-63.08701,-17.56509],[-63.08701,-17.5651],[-63.08701,-17.56511]]},"properties":{"description":"Colindantes","styleUrl":"#line3","stroke-opacity":1,"stroke":"#000000","stroke-width":1,"name":"FONDO"}},
{"type":"Feature","geometry":{"type":"LineString","coordinates":[[-63.08701,-17.56511],[-63.08698,-17.56515]]},"properties":{"description":"Colindantes","styleUrl":"#line3","stroke-opacity":1,"stroke":"#000000","stroke-width":1,"name":"FONDO"}},
{"type":"Feature","geometry":{"type":"LineString","coordinates":[[-63.08505,-17.56429],[-63.08505,-17.56428],[-63.08506,-17.56428],[-63.08506,-17.56427],[-63.08507,-17.56427],[-63.08507,-17.56426],[-63.08508,-17.56426],[-63.08508,-17.56425],[-63.08509,-17.56425],[-63.0851,-17.56424],[-63.08511,-17.56424],[-63.08512,-17.56424],[-63.08513,-17.56424],[-63.08514,-17.56424],[-63.08515,-17.56424],[-63.08516,-17.56424],[-63.08516,-17.56425]]},"properties":{"description":"Colindantes","styleUrl":"#line3","stroke-opacity":1,"stroke":"#000000","stroke-width":1,"name":"FONDO"}},
{"type":"Feature","geometry":{"type":"LineString","coordinates":[[-63.08502,-17.56435],[-63.08505,-17.56429]]},"properties":{"description":"Colindantes","styleUrl":"#line3","stroke-opacity":1,"stroke":"#000000","stroke-width":1,"name":"FONDO"}},
{"type":"Feature","geometry":{"type":"LineString","coordinates":[[-63.08888,-17.56213],[-63.08887,-17.56213],[-63.08886,-17.56213],[-63.08885,-17.56213],[-63.08884,-17.56213],[-63.08883,-17.56213],[-63.08882,-17.56213],[-63.08882,-17.56212],[-63.08881,-17.56212],[-63.08881,-17.56211],[-63.0888,-17.56211],[-63.0888,-17.5621],[-63.08879,-17.5621],[-63.08879,-17.56209],[-63.08878,-17.56209],[-63.08878,-17.56208],[-63.08878,-17.56207]]},"properties":{"description":"Colindantes","styleUrl":"#line3","stroke-opacity":1,"stroke":"#000000","stroke-width":1,"name":"FONDO"}},
{"type":"Feature","geometry":{"type":"LineString","coordinates":[[-63.08875,-17.56232],[-63.08875,-17.56231],[-63.08876,-17.56231],[-63.08876,-17.5623],[-63.08876,-17.56229],[-63.08877,-17.56229],[-63.08877,-17.56228],[-63.08878,-17.56228],[-63.08879,-17.56227],[-63.0888,-17.56227],[-63.08881,-17.56227],[-63.08881,-17.56226],[-63.08882,-17.56226]]},"properties":{"description":"Colindantes","styleUrl":"#line3","stroke-opacity":1,"stroke":"#000000","stroke-width":1,"name":"FONDO"}},
{"type":"Feature","geometry":{"type":"LineString","coordinates":[[-63.08842,-17.56434],[-63.08841,-17.56434],[-63.08841,-17.56435],[-63.08841,-17.56436],[-63.0884,-17.56436],[-63.08839,-17.56436],[-63.08839,-17.56437],[-63.08838,-17.56437],[-63.08838,-17.56438],[-63.08837,-17.56438],[-63.08836,-17.56438],[-63.08835,-17.56438],[-63.08834,-17.56438],[-63.08833,-17.56438],[-63.08832,-17.56438],[-63.08831,-17.56438],[-63.08831,-17.56437],[-63.0883,-17.56437],[-63.08829,-17.56437],[-63.08829,-17.56436],[-63.08828,-17.56436],[-63.08828,-17.56435],[-63.08827,-17.56435],[-63.08827,-17.56434],[-63.08827,-17.56433],[-63.08826,-17.56433],[-63.08826,-17.56432],[-63.08826,-17.56431],[-63.08826,-17.5643],[-63.08826,-17.56429],[-63.08826,-17.56428]]},"properties":{"description":"Colindantes","styleUrl":"#line3","stroke-opacity":1,"stroke":"#000000","stroke-width":1,"name":"FONDO"}},
{"type":"Feature","geometry":{"type":"LineString","coordinates":[[-63.08697,-17.56499],[-63.08516,-17.56425]]},"properties":{"description":"Colindantes","styleUrl":"#line3","stroke-opacity":1,"stroke":"#000000","stroke-width":1,"name":"FONDO"}},
{"type":"Feature","geometry":{"type":"LineString","coordinates":[[-63.08218,-17.56311],[-63.08202,-17.56348]]},"properties":{"description":"Colindantes","styleUrl":"#line3","stroke-opacity":1,"stroke":"#000000","stroke-width":1,"name":"FONDO"}},
{"type":"Feature","geometry":{"type":"LineString","coordinates":[[-63.08321,-17.56424],[-63.08276,-17.56405]]},"properties":{"description":"Colindantes","styleUrl":"#line3","stroke-opacity":1,"stroke":"#000000","stroke-width":1,"name":"FONDO"}},
{"type":"Feature","geometry":{"type":"LineString","coordinates":[[-63.08335,-17.56437],[-63.08288,-17.56541]]},"properties":{"description":"Colindantes","styleUrl":"#line3","stroke-opacity":1,"stroke":"#000000","stroke-width":1,"name":"FONDO"}},
{"type":"Feature","geometry":{"type":"LineString","coordinates":[[-63.08391,-17.56453],[-63.08344,-17.56433]]},"properties":{"description":"Colindantes","styleUrl":"#line3","stroke-opacity":1,"stroke":"#000000","stroke-width":1,"name":"FONDO"}},
{"type":"Feature","geometry":{"type":"LineString","coordinates":[[-63.08637,-17.56541],[-63.08489,-17.5648]]},"properties":{"description":"Colindantes","styleUrl":"#line3","stroke-opacity":1,"stroke":"#000000","stroke-width":1,"name":"FONDO"}},
{"type":"Feature","geometry":{"type":"LineString","coordinates":[[-63.08464,-17.5649],[-63.08441,-17.56541]]},"properties":{"description":"Colindantes","styleUrl":"#line3","stroke-opacity":1,"stroke":"#000000","stroke-width":1,"name":"FONDO"}},
{"type":"Feature","geometry":{"type":"LineString","coordinates":[[-63.08489,-17.56413],[-63.08306,-17.56338]]},"properties":{"description":"Colindantes","styleUrl":"#line3","stroke-opacity":1,"stroke":"#000000","stroke-width":1,"name":"FONDO"}},
{"type":"Feature","geometry":{"type":"LineString","coordinates":[[-63.08466,-17.56471],[-63.08281,-17.56394]]},"properties":{"description":"Colindantes","styleUrl":"#line3","stroke-opacity":1,"stroke":"#000000","stroke-width":1,"name":"FONDO"}},
{"type":"Feature","geometry":{"type":"LineString","coordinates":[[-63.08476,-17.56494],[-63.08456,-17.56539]]},"properties":{"description":"Colindantes","styleUrl":"#line3","stroke-opacity":1,"stroke":"#000000","stroke-width":1,"name":"FONDO"}},
{"type":"Feature","geometry":{"type":"LineString","coordinates":[[-63.08461,-17.56481],[-63.08414,-17.56462]]},"properties":{"description":"Colindantes","styleUrl":"#line3","stroke-opacity":1,"stroke":"#000000","stroke-width":1,"name":"FONDO"}},
{"type":"Feature","geometry":{"type":"LineString","coordinates":[[-63.08295,-17.56342],[-63.08276,-17.56384]]},"properties":{"description":"Colindantes","styleUrl":"#line3","stroke-opacity":1,"stroke":"#000000","stroke-width":1,"name":"FONDO"}},
{"type":"Feature","geometry":{"type":"LineString","coordinates":[[-63.08277,-17.56335],[-63.08202,-17.56504]]},"properties":{"description":"Colindantes","styleUrl":"#line3","stroke-opacity":1,"stroke":"#000000","stroke-width":1,"name":"FONDO"}},
{"type":"Feature","geometry":{"type":"LineString","coordinates":[[-63.08265,-17.56409],[-63.08216,-17.56518]]},"properties":{"description":"Colindantes","styleUrl":"#line3","stroke-opacity":1,"stroke":"#000000","stroke-width":1,"name":"FONDO"}},
{"type":"Feature","geometry":{"type":"LineString","coordinates":[[-63.08273,-17.56324],[-63.0823,-17.56306]]},"properties":{"description":"Colindantes","styleUrl":"#line3","stroke-opacity":1,"stroke":"#000000","stroke-width":1,"name":"FONDO"}},
{"type":"Feature","geometry":{"type":"LineString","coordinates":[[-63.08494,-17.56424],[-63.08474,-17.56467]]},"properties":{"description":"Colindantes","styleUrl":"#line3","stroke-opacity":1,"stroke":"#000000","stroke-width":1,"name":"FONDO"}},
{"type":"Feature","geometry":{"type":"LineString","coordinates":[[-63.08324,-17.56432],[-63.08275,-17.56541]]},"properties":{"description":"Colindantes","styleUrl":"#line3","stroke-opacity":1,"stroke":"#000000","stroke-width":1,"name":"FONDO"}},
{"type":"Feature","geometry":{"type":"LineString","coordinates":[[-63.08489,-17.5648],[-63.08488,-17.5648],[-63.08488,-17.56479],[-63.08487,-17.56479],[-63.08487,-17.56478],[-63.08486,-17.56478],[-63.08486,-17.56477],[-63.08486,-17.56476],[-63.08485,-17.56476],[-63.08485,-17.56475],[-63.08485,-17.56474],[-63.08485,-17.56473],[-63.08486,-17.56472]]},"properties":{"description":"Colindantes","styleUrl":"#line3","stroke-opacity":1,"stroke":"#000000","stroke-width":1,"name":"FONDO"}},
{"type":"Feature","geometry":{"type":"LineString","coordinates":[[-63.08461,-17.56481],[-63.08461,-17.56482],[-63.08462,-17.56482],[-63.08463,-17.56482],[-63.08463,-17.56483],[-63.08464,-17.56483],[-63.08464,-17.56484],[-63.08464,-17.56485],[-63.08465,-17.56485],[-63.08465,-17.56486],[-63.08465,-17.56487],[-63.08465,-17.56488],[-63.08465,-17.56489],[-63.08465,-17.5649],[-63.08464,-17.5649]]},"properties":{"description":"Colindantes","styleUrl":"#line3","stroke-opacity":1,"stroke":"#000000","stroke-width":1,"name":"FONDO"}},
{"type":"Feature","geometry":{"type":"LineString","coordinates":[[-63.08474,-17.56467],[-63.08474,-17.56468],[-63.08474,-17.56469],[-63.08473,-17.56469],[-63.08473,-17.5647],[-63.08472,-17.5647],[-63.08471,-17.5647],[-63.08471,-17.56471],[-63.0847,-17.56471],[-63.08469,-17.56471],[-63.08468,-17.56471],[-63.08467,-17.56471],[-63.08466,-17.56471]]},"properties":{"description":"Colindantes","styleUrl":"#line3","stroke-opacity":1,"stroke":"#000000","stroke-width":1,"name":"FONDO"}},
{"type":"Feature","geometry":{"type":"LineString","coordinates":[[-63.08406,-17.56465],[-63.08406,-17.56464],[-63.08407,-17.56464],[-63.08407,-17.56463],[-63.08408,-17.56463],[-63.08408,-17.56462],[-63.08409,-17.56462],[-63.0841,-17.56462],[-63.08411,-17.56462],[-63.08412,-17.56462],[-63.08413,-17.56462],[-63.08414,-17.56462]]},"properties":{"description":"Colindantes","styleUrl":"#line3","stroke-opacity":1,"stroke":"#000000","stroke-width":1,"name":"FONDO"}},
{"type":"Feature","geometry":{"type":"LineString","coordinates":[[-63.08335,-17.56437],[-63.08335,-17.56436],[-63.08336,-17.56436],[-63.08336,-17.56435],[-63.08337,-17.56435],[-63.08337,-17.56434],[-63.08338,-17.56434],[-63.08338,-17.56433],[-63.08339,-17.56433],[-63.0834,-17.56433],[-63.08341,-17.56433],[-63.08342,-17.56433],[-63.08343,-17.56433],[-63.08344,-17.56433]]},"properties":{"description":"Colindantes","styleUrl":"#line3","stroke-opacity":1,"stroke":"#000000","stroke-width":1,"name":"FONDO"}},
{"type":"Feature","geometry":{"type":"LineString","coordinates":[[-63.08391,-17.56453],[-63.08392,-17.56453],[-63.08392,-17.56454],[-63.08393,-17.56454],[-63.08393,-17.56455],[-63.08394,-17.56455],[-63.08394,-17.56456],[-63.08395,-17.56456],[-63.08395,-17.56457],[-63.08395,-17.56458],[-63.08395,-17.56459],[-63.08395,-17.5646],[-63.08394,-17.5646],[-63.08394,-17.56461]]},"properties":{"description":"Colindantes","styleUrl":"#line3","stroke-opacity":1,"stroke":"#000000","stroke-width":1,"name":"FONDO"}},
{"type":"Feature","geometry":{"type":"LineString","coordinates":[[-63.08321,-17.56424],[-63.08322,-17.56424],[-63.08322,-17.56425],[-63.08323,-17.56425],[-63.08323,-17.56426],[-63.08324,-17.56426],[-63.08324,-17.56427],[-63.08324,-17.56428],[-63.08325,-17.56428],[-63.08325,-17.56429],[-63.08325,-17.5643],[-63.08325,-17.56431],[-63.08324,-17.56431],[-63.08324,-17.56432]]},"properties":{"description":"Colindantes","styleUrl":"#line3","stroke-opacity":1,"stroke":"#000000","stroke-width":1,"name":"FONDO"}},
{"type":"Feature","geometry":{"type":"LineString","coordinates":[[-63.08265,-17.56409],[-63.08265,-17.56408],[-63.08266,-17.56408],[-63.08266,-17.56407],[-63.08267,-17.56407],[-63.08267,-17.56406],[-63.08268,-17.56406],[-63.08268,-17.56405],[-63.08269,-17.56405],[-63.0827,-17.56405],[-63.08271,-17.56405],[-63.08271,-17.56404],[-63.08272,-17.56404],[-63.08273,-17.56404],[-63.08273,-17.56405],[-63.08274,-17.56405],[-63.08275,-17.56405],[-63.08276,-17.56405]]},"properties":{"description":"Colindantes","styleUrl":"#line3","stroke-opacity":1,"stroke":"#000000","stroke-width":1,"name":"FONDO"}},
{"type":"Feature","geometry":{"type":"LineString","coordinates":[[-63.08606,-17.56541],[-63.08484,-17.56491]]},"properties":{"description":"Colindantes","styleUrl":"#line3","stroke-opacity":1,"stroke":"#000000","stroke-width":1,"name":"FONDO"}},
{"type":"Feature","geometry":{"type":"LineString","coordinates":[[-63.08476,-17.56494],[-63.08476,-17.56493],[-63.08477,-17.56493],[-63.08477,-17.56492],[-63.08478,-17.56492],[-63.08478,-17.56491],[-63.08479,-17.56491],[-63.0848,-17.56491],[-63.08481,-17.56491],[-63.08482,-17.56491],[-63.08483,-17.56491],[-63.08484,-17.56491]]},"properties":{"description":"Colindantes","styleUrl":"#line3","stroke-opacity":1,"stroke":"#000000","stroke-width":1,"name":"FONDO"}},
{"type":"Feature","geometry":{"type":"LineString","coordinates":[[-63.08455,-17.56541],[-63.08455,-17.5654],[-63.08455,-17.56539],[-63.08456,-17.56539]]},"properties":{"description":"Colindantes","styleUrl":"#line3","stroke-opacity":1,"stroke":"#000000","stroke-width":1,"name":"FONDO"}},
{"type":"Feature","geometry":{"type":"LineString","coordinates":[[-63.08697,-17.56499],[-63.08698,-17.56499],[-63.08698,-17.565],[-63.08699,-17.565],[-63.08699,-17.56501],[-63.087,-17.56501],[-63.087,-17.56502],[-63.08701,-17.56502],[-63.08701,-17.56503],[-63.08702,-17.56504],[-63.08702,-17.56505],[-63.08702,-17.56506],[-63.08702,-17.56507],[-63.08702,-17.56508],[-63.08702,-17.56509],[-63.08701,-17.56509],[-63.08701,-17.5651],[-63.08701,-17.56511]]},"properties":{"description":"Colindantes","styleUrl":"#line3","stroke-opacity":1,"stroke":"#000000","stroke-width":1,"name":"FONDO"}},
{"type":"Feature","geometry":{"type":"LineString","coordinates":[[-63.08505,-17.56429],[-63.08505,-17.56428],[-63.08506,-17.56428],[-63.08506,-17.56427],[-63.08507,-17.56427],[-63.08507,-17.56426],[-63.08508,-17.56426],[-63.08508,-17.56425],[-63.08509,-17.56425],[-63.0851,-17.56424],[-63.08511,-17.56424],[-63.08512,-17.56424],[-63.08513,-17.56424],[-63.08514,-17.56424],[-63.08515,-17.56424],[-63.08516,-17.56424],[-63.08516,-17.56425]]},"properties":{"description":"Colindantes","styleUrl":"#line3","stroke-opacity":1,"stroke":"#000000","stroke-width":1,"name":"FONDO"}},
{"type":"Feature","geometry":{"type":"LineString","coordinates":[[-63.08489,-17.56413],[-63.08489,-17.56414],[-63.0849,-17.56414],[-63.08491,-17.56414],[-63.08491,-17.56415],[-63.08492,-17.56415],[-63.08492,-17.56416],[-63.08493,-17.56416],[-63.08493,-17.56417],[-63.08494,-17.56417],[-63.08494,-17.56418],[-63.08494,-17.56419],[-63.08494,-17.5642],[-63.08494,-17.56421],[-63.08494,-17.56422],[-63.08494,-17.56423],[-63.08494,-17.56424]]},"properties":{"description":"Colindantes","styleUrl":"#line3","stroke-opacity":1,"stroke":"#000000","stroke-width":1,"name":"FONDO"}},
{"type":"Feature","geometry":{"type":"LineString","coordinates":[[-63.08295,-17.56342],[-63.08295,-17.56341],[-63.08296,-17.56341],[-63.08296,-17.5634],[-63.08297,-17.56339],[-63.08298,-17.56339],[-63.08298,-17.56338],[-63.08299,-17.56338],[-63.083,-17.56338],[-63.083,-17.56337],[-63.08301,-17.56337],[-63.08302,-17.56337],[-63.08303,-17.56337],[-63.08304,-17.56337],[-63.08305,-17.56337],[-63.08305,-17.56338],[-63.08306,-17.56338]]},"properties":{"description":"Colindantes","styleUrl":"#line3","stroke-opacity":1,"stroke":"#000000","stroke-width":1,"name":"FONDO"}},
{"type":"Feature","geometry":{"type":"LineString","coordinates":[[-63.08281,-17.56394],[-63.0828,-17.56394],[-63.08279,-17.56394],[-63.08279,-17.56393],[-63.08278,-17.56393],[-63.08278,-17.56392],[-63.08277,-17.56392],[-63.08277,-17.56391],[-63.08276,-17.56391],[-63.08276,-17.5639],[-63.08276,-17.56389],[-63.08276,-17.56388],[-63.08275,-17.56388],[-63.08275,-17.56387],[-63.08275,-17.56386],[-63.08275,-17.56385],[-63.08276,-17.56385],[-63.08276,-17.56384]]},"properties":{"description":"Colindantes","styleUrl":"#line3","stroke-opacity":1,"stroke":"#000000","stroke-width":1,"name":"FONDO"}},
{"type":"Feature","geometry":{"type":"LineString","coordinates":[[-63.08273,-17.56324],[-63.08273,-17.56325],[-63.08274,-17.56325],[-63.08275,-17.56325],[-63.08275,-17.56326],[-63.08276,-17.56326],[-63.08276,-17.56327],[-63.08277,-17.56327],[-63.08277,-17.56328],[-63.08277,-17.56329],[-63.08278,-17.56329],[-63.08278,-17.5633],[-63.08278,-17.56331],[-63.08278,-17.56332],[-63.08278,-17.56333],[-63.08278,-17.56334],[-63.08278,-17.56335],[-63.08277,-17.56335]]},"properties":{"description":"Colindantes","styleUrl":"#line3","stroke-opacity":1,"stroke":"#000000","stroke-width":1,"name":"FONDO"}},
{"type":"Feature","geometry":{"type":"LineString","coordinates":[[-63.08218,-17.56311],[-63.08219,-17.56311],[-63.08219,-17.5631],[-63.08219,-17.56309],[-63.0822,-17.56309],[-63.0822,-17.56308],[-63.08221,-17.56308],[-63.08221,-17.56307],[-63.08222,-17.56307],[-63.08223,-17.56307],[-63.08223,-17.56306],[-63.08224,-17.56306],[-63.08225,-17.56306],[-63.08226,-17.56306],[-63.08227,-17.56306],[-63.08228,-17.56306],[-63.08229,-17.56306],[-63.0823,-17.56306]]},"properties":{"description":"Colindantes","styleUrl":"#line3","stroke-opacity":1,"stroke":"#000000","stroke-width":1,"name":"FONDO"}},
{"type":"Feature","geometry":{"type":"LineString","coordinates":[[-63.08948,-17.56315],[-63.08926,-17.56206]]},"properties":{"description":"Colindantes","styleUrl":"#line3","stroke-opacity":1,"stroke":"#000000","stroke-width":1,"name":"FONDO"}},
{"type":"Feature","geometry":{"type":"LineString","coordinates":[[-63.08878,-17.56207],[-63.0884,-17.56019]]},"properties":{"description":"Colindantes","styleUrl":"#line3","stroke-opacity":1,"stroke":"#000000","stroke-width":1,"name":"FONDO"}},
{"type":"Feature","geometry":{"type":"LineString","coordinates":[[-63.0886,-17.56214],[-63.0885,-17.56164]]},"properties":{"description":"Colindantes","styleUrl":"#line3","stroke-opacity":1,"stroke":"#000000","stroke-width":1,"name":"FONDO"}},
{"type":"Feature","geometry":{"type":"LineString","coordinates":[[-63.08875,-17.56232],[-63.08826,-17.56428]]},"properties":{"description":"Colindantes","styleUrl":"#line3","stroke-opacity":1,"stroke":"#000000","stroke-width":1,"name":"FONDO"}},
{"type":"Feature","geometry":{"type":"LineString","coordinates":[[-63.08888,-17.56213],[-63.08926,-17.56206]]},"properties":{"description":"Colindantes","styleUrl":"#line3","stroke-opacity":1,"stroke":"#000000","stroke-width":1,"name":"FONDO"}},
{"type":"Feature","geometry":{"type":"LineString","coordinates":[[-63.08882,-17.56226],[-63.08928,-17.56218]]},"properties":{"description":"Colindantes","styleUrl":"#line3","stroke-opacity":1,"stroke":"#000000","stroke-width":1,"name":"FONDO"}},
{"type":"Feature","geometry":{"type":"LineString","coordinates":[[-63.08926,-17.56206],[-63.08884,-17.56]]},"properties":{"description":"Colindantes","styleUrl":"#line3","stroke-opacity":1,"stroke":"#000000","stroke-width":1,"name":"FONDO"}},
{"type":"Feature","geometry":{"type":"LineString","coordinates":[[-63.09126,-17.5558],[-63.08978,-17.55835]]},"properties":{"description":"Colindantes","styleUrl":"#line3","stroke-opacity":1,"stroke":"#000000","stroke-width":1,"name":"FONDO"}},
{"type":"Feature","geometry":{"type":"LineString","coordinates":[[-63.0885,-17.56009],[-63.08887,-17.56018]]},"properties":{"description":"Colindantes","styleUrl":"#line3","stroke-opacity":1,"stroke":"#000000","stroke-width":1,"name":"FONDO"}},
{"type":"Feature","geometry":{"type":"LineString","coordinates":[[-63.08406,-17.56465],[-63.08372,-17.56541]]},"properties":{"description":"Colindantes","styleUrl":"#line3","stroke-opacity":1,"stroke":"#000000","stroke-width":1,"name":"FONDO"}},
{"type":"Feature","geometry":{"type":"LineString","coordinates":[[-63.08394,-17.56461],[-63.08358,-17.56541]]},"properties":{"description":"Colindantes","styleUrl":"#line3","stroke-opacity":1,"stroke":"#000000","stroke-width":1,"name":"FONDO"}},
{"type":"Feature","geometry":{"type":"LineString","coordinates":[[-63.08505,-17.56429],[-63.08486,-17.56472]]},"properties":{"description":"Colindantes","styleUrl":"#line3","stroke-opacity":1,"stroke":"#000000","stroke-width":1,"name":"FONDO"}},
{"type":"Feature","geometry":{"type":"LineString","coordinates":[[-63.08251,-17.56541],[-63.0822,-17.56529]]},"properties":{"description":"Colindantes","styleUrl":"#line3","stroke-opacity":1,"stroke":"#000000","stroke-width":1,"name":"FONDO"}},
{"type":"Feature","geometry":{"type":"LineString","coordinates":[[-63.08178,-17.55861],[-63.08178,-17.5586]]},"properties":{"description":"Colindantes","styleUrl":"#line3","stroke-opacity":1,"stroke":"#000000","stroke-width":1,"name":"FONDO"}},
{"type":"Feature","geometry":{"type":"LineString","coordinates":[[-63.08178,-17.5586],[-63.08178,-17.55859],[-63.08179,-17.55859],[-63.08179,-17.55858],[-63.08179,-17.55857],[-63.0818,-17.55857],[-63.0818,-17.55856],[-63.08181,-17.55856],[-63.08182,-17.55856],[-63.08182,-17.55855],[-63.08183,-17.55855],[-63.08184,-17.55855],[-63.08185,-17.55855],[-63.08186,-17.55855]]},"properties":{"description":"Colindantes","styleUrl":"#line3","stroke-opacity":1,"stroke":"#000000","stroke-width":1,"name":"FONDO"}},
{"type":"Feature","geometry":{"type":"LineString","coordinates":[[-63.08186,-17.55855],[-63.08293,-17.55878]]},"properties":{"description":"Colindantes","styleUrl":"#line3","stroke-opacity":1,"stroke":"#000000","stroke-width":1,"name":"FONDO"}},
{"type":"Feature","geometry":{"type":"LineString","coordinates":[[-63.08293,-17.55878],[-63.08294,-17.55878],[-63.08295,-17.55878],[-63.08295,-17.55879],[-63.08296,-17.55879],[-63.08297,-17.55879],[-63.08297,-17.5588],[-63.08298,-17.5588],[-63.08298,-17.55881],[-63.08299,-17.55881],[-63.08299,-17.55882],[-63.08299,-17.55883],[-63.083,-17.55883],[-63.083,-17.55884],[-63.083,-17.55885],[-63.083,-17.55886],[-63.083,-17.55887],[-63.083,-17.55888]]},"properties":{"description":"Colindantes","styleUrl":"#line3","stroke-opacity":1,"stroke":"#000000","stroke-width":1,"name":"FONDO"}},
{"type":"Feature","geometry":{"type":"LineString","coordinates":[[-63.083,-17.55888],[-63.08291,-17.55925]]},"properties":{"description":"Colindantes","styleUrl":"#line3","stroke-opacity":1,"stroke":"#000000","stroke-width":1,"name":"FONDO"}},
{"type":"Feature","geometry":{"type":"LineString","coordinates":[[-63.08291,-17.55925],[-63.08291,-17.55926],[-63.0829,-17.55926],[-63.0829,-17.55927],[-63.0829,-17.55928],[-63.08289,-17.55928],[-63.08289,-17.55929],[-63.08288,-17.55929],[-63.08288,-17.5593],[-63.08287,-17.5593],[-63.08286,-17.5593],[-63.08286,-17.55931],[-63.08285,-17.55931],[-63.08284,-17.55931],[-63.08283,-17.55931],[-63.08282,-17.55931],[-63.08281,-17.55931]]},"properties":{"description":"Colindantes","styleUrl":"#line3","stroke-opacity":1,"stroke":"#000000","stroke-width":1,"name":"FONDO"}},
{"type":"Feature","geometry":{"type":"LineString","coordinates":[[-63.08281,-17.55931],[-63.08173,-17.55908]]},"properties":{"description":"Colindantes","styleUrl":"#line3","stroke-opacity":1,"stroke":"#000000","stroke-width":1,"name":"FONDO"}},
{"type":"Feature","geometry":{"type":"LineString","coordinates":[[-63.08173,-17.55908],[-63.08172,-17.55908],[-63.08172,-17.55907],[-63.08171,-17.55907],[-63.0817,-17.55907],[-63.0817,-17.55906],[-63.08169,-17.55906],[-63.08169,-17.55905],[-63.08169,-17.55904],[-63.08168,-17.55904],[-63.08168,-17.55903],[-63.08168,-17.55902],[-63.08168,-17.55901],[-63.08168,-17.559]]},"properties":{"description":"Colindantes","styleUrl":"#line3","stroke-opacity":1,"stroke":"#000000","stroke-width":1,"name":"FONDO"}},
{"type":"Feature","geometry":{"type":"LineString","coordinates":[[-63.08168,-17.559],[-63.08178,-17.55861]]},"properties":{"description":"Colindantes","styleUrl":"#line3","stroke-opacity":1,"stroke":"#000000","stroke-width":1,"name":"FONDO"}},
{"type":"Feature","geometry":{"type":"LineString","coordinates":[[-63.08547,-17.54835],[-63.08532,-17.54896]]},"properties":{"description":"Colindantes","styleUrl":"#line3","stroke-opacity":1,"stroke":"#000000","stroke-width":1,"name":"FONDO"}},
{"type":"Feature","geometry":{"type":"LineString","coordinates":[[-63.08532,-17.54896],[-63.08146,-17.54814]]},"properties":{"description":"Colindantes","styleUrl":"#line3","stroke-opacity":1,"stroke":"#000000","stroke-width":1,"name":"FONDO"}},
{"type":"Feature","geometry":{"type":"LineString","coordinates":[[-63.08042,-17.55908],[-63.08107,-17.56018]]},"properties":{"description":"Colindantes","styleUrl":"#line3","stroke-opacity":1,"stroke":"#000000","stroke-width":1,"name":"FONDO"}},
{"type":"Feature","geometry":{"type":"LineString","coordinates":[[-63.08107,-17.56018],[-63.08107,-17.56019],[-63.08108,-17.56019],[-63.08108,-17.5602],[-63.08108,-17.56021],[-63.08108,-17.56022],[-63.08108,-17.56023],[-63.08107,-17.56023],[-63.08107,-17.56024],[-63.08107,-17.56025],[-63.08106,-17.56025],[-63.08106,-17.56026],[-63.08105,-17.56026],[-63.08105,-17.56027],[-63.08104,-17.56027],[-63.08103,-17.56027],[-63.08102,-17.56028],[-63.08101,-17.56028],[-63.081,-17.56028],[-63.081,-17.56027]]},"properties":{"description":"Colindantes","styleUrl":"#line3","stroke-opacity":1,"stroke":"#000000","stroke-width":1,"name":"FONDO"}},
{"type":"Feature","geometry":{"type":"LineString","coordinates":[[-63.081,-17.56027],[-63.08014,-17.56009]]},"properties":{"description":"Colindantes","styleUrl":"#line3","stroke-opacity":1,"stroke":"#000000","stroke-width":1,"name":"FONDO"}},
{"type":"Feature","geometry":{"type":"LineString","coordinates":[[-63.08014,-17.56009],[-63.08013,-17.56009],[-63.08012,-17.56009],[-63.08012,-17.56008],[-63.08011,-17.56008],[-63.08011,-17.56007],[-63.0801,-17.56007],[-63.0801,-17.56006],[-63.08009,-17.56006],[-63.08009,-17.56005],[-63.08009,-17.56004],[-63.08008,-17.56004],[-63.08008,-17.56003],[-63.08008,-17.56002],[-63.08009,-17.56002],[-63.08009,-17.56001]]},"properties":{"description":"Colindantes","styleUrl":"#line3","stroke-opacity":1,"stroke":"#000000","stroke-width":1,"name":"FONDO"}},
{"type":"Feature","geometry":{"type":"LineString","coordinates":[[-63.08009,-17.56001],[-63.0803,-17.5591]]},"properties":{"description":"Colindantes","styleUrl":"#line3","stroke-opacity":1,"stroke":"#000000","stroke-width":1,"name":"FONDO"}},
{"type":"Feature","geometry":{"type":"LineString","coordinates":[[-63.0803,-17.5591],[-63.0803,-17.55909],[-63.0803,-17.55908],[-63.08031,-17.55908],[-63.08031,-17.55907],[-63.08032,-17.55907],[-63.08032,-17.55906],[-63.08033,-17.55906],[-63.08034,-17.55905],[-63.08035,-17.55905],[-63.08036,-17.55905],[-63.08037,-17.55905],[-63.08038,-17.55905],[-63.08039,-17.55905],[-63.08039,-17.55906],[-63.0804,-17.55906],[-63.08041,-17.55906],[-63.08041,-17.55907],[-63.08042,-17.55907],[-63.08042,-17.55908]]},"properties":{"description":"Colindantes","styleUrl":"#line3","stroke-opacity":1,"stroke":"#000000","stroke-width":1,"name":"FONDO"}},
{"type":"Feature","geometry":{"type":"LineString","coordinates":[[-63.0821,-17.56198],[-63.08211,-17.56198],[-63.08211,-17.56199],[-63.08212,-17.56199],[-63.08213,-17.56199],[-63.08213,-17.562],[-63.08214,-17.562],[-63.08214,-17.56201],[-63.08215,-17.56201],[-63.08215,-17.56202],[-63.08216,-17.56202]]},"properties":{"description":"Colindantes","styleUrl":"#line3","stroke-opacity":1,"stroke":"#000000","stroke-width":1,"name":"FONDO"}},
{"type":"Feature","geometry":{"type":"LineString","coordinates":[[-63.08216,-17.56202],[-63.08218,-17.56207]]},"properties":{"description":"Colindantes","styleUrl":"#line3","stroke-opacity":1,"stroke":"#000000","stroke-width":1,"name":"FONDO"}},
{"type":"Feature","geometry":{"type":"LineString","coordinates":[[-63.08218,-17.56207],[-63.08219,-17.56207],[-63.08219,-17.56208],[-63.08219,-17.56209],[-63.08219,-17.5621],[-63.08219,-17.56211],[-63.08219,-17.56212]]},"properties":{"description":"Colindantes","styleUrl":"#line3","stroke-opacity":1,"stroke":"#000000","stroke-width":1,"name":"FONDO"}},
{"type":"Feature","geometry":{"type":"LineString","coordinates":[[-63.08219,-17.56212],[-63.08219,-17.56214]]},"properties":{"description":"Colindantes","styleUrl":"#line3","stroke-opacity":1,"stroke":"#000000","stroke-width":1,"name":"FONDO"}},
{"type":"Feature","geometry":{"type":"LineString","coordinates":[[-63.08219,-17.56214],[-63.08217,-17.56223]]},"properties":{"description":"Colindantes","styleUrl":"#line3","stroke-opacity":1,"stroke":"#000000","stroke-width":1,"name":"FONDO"}},
{"type":"Feature","geometry":{"type":"LineString","coordinates":[[-63.08217,-17.56223],[-63.08214,-17.56232]]},"properties":{"description":"Colindantes","styleUrl":"#line3","stroke-opacity":1,"stroke":"#000000","stroke-width":1,"name":"FONDO"}},
{"type":"Feature","geometry":{"type":"LineString","coordinates":[[-63.08214,-17.56232],[-63.08212,-17.5624]]},"properties":{"description":"Colindantes","styleUrl":"#line3","stroke-opacity":1,"stroke":"#000000","stroke-width":1,"name":"FONDO"}},
{"type":"Feature","geometry":{"type":"LineString","coordinates":[[-63.08212,-17.5624],[-63.0821,-17.56249]]},"properties":{"description":"Colindantes","styleUrl":"#line3","stroke-opacity":1,"stroke":"#000000","stroke-width":1,"name":"FONDO"}},
{"type":"Feature","geometry":{"type":"LineString","coordinates":[[-63.0821,-17.56249],[-63.08208,-17.56258]]},"properties":{"description":"Colindantes","styleUrl":"#line3","stroke-opacity":1,"stroke":"#000000","stroke-width":1,"name":"FONDO"}},
{"type":"Feature","geometry":{"type":"LineString","coordinates":[[-63.08208,-17.56258],[-63.08206,-17.56263]]},"properties":{"description":"Colindantes","styleUrl":"#line3","stroke-opacity":1,"stroke":"#000000","stroke-width":1,"name":"FONDO"}},
{"type":"Feature","geometry":{"type":"LineString","coordinates":[[-63.08062,-17.55896],[-63.08145,-17.55914]]},"properties":{"description":"Colindantes","styleUrl":"#line3","stroke-opacity":1,"stroke":"#000000","stroke-width":1,"name":"FONDO"}},
{"type":"Feature","geometry":{"type":"LineString","coordinates":[[-63.08145,-17.55914],[-63.08146,-17.55914],[-63.08147,-17.55914],[-63.08147,-17.55915],[-63.08148,-17.55915],[-63.08148,-17.55916],[-63.08149,-17.55916],[-63.08149,-17.55917],[-63.0815,-17.55917],[-63.0815,-17.55918],[-63.0815,-17.55919],[-63.0815,-17.5592],[-63.0815,-17.55921],[-63.0815,-17.55922]]},"properties":{"description":"Colindantes","styleUrl":"#line3","stroke-opacity":1,"stroke":"#000000","stroke-width":1,"name":"FONDO"}},
{"type":"Feature","geometry":{"type":"LineString","coordinates":[[-63.0815,-17.55922],[-63.08129,-17.56009]]},"properties":{"description":"Colindantes","styleUrl":"#line3","stroke-opacity":1,"stroke":"#000000","stroke-width":1,"name":"FONDO"}},
{"type":"Feature","geometry":{"type":"LineString","coordinates":[[-63.08129,-17.56009],[-63.08128,-17.56009],[-63.08128,-17.5601],[-63.08128,-17.56011],[-63.08127,-17.56011],[-63.08127,-17.56012],[-63.08126,-17.56012],[-63.08125,-17.56012],[-63.08125,-17.56013],[-63.08124,-17.56013],[-63.08123,-17.56013],[-63.08122,-17.56013],[-63.08121,-17.56013],[-63.0812,-17.56013],[-63.08119,-17.56013],[-63.08119,-17.56012],[-63.08118,-17.56012],[-63.08117,-17.56012],[-63.08117,-17.56011],[-63.08117,-17.5601],[-63.08116,-17.5601]]},"properties":{"description":"Colindantes","styleUrl":"#line3","stroke-opacity":1,"stroke":"#000000","stroke-width":1,"name":"FONDO"}},
{"type":"Feature","geometry":{"type":"LineString","coordinates":[[-63.08116,-17.5601],[-63.08055,-17.55905]]},"properties":{"description":"Colindantes","styleUrl":"#line3","stroke-opacity":1,"stroke":"#000000","stroke-width":1,"name":"FONDO"}},
{"type":"Feature","geometry":{"type":"LineString","coordinates":[[-63.08055,-17.55905],[-63.08054,-17.55905],[-63.08054,-17.55904],[-63.08054,-17.55903],[-63.08054,-17.55902],[-63.08054,-17.55901],[-63.08054,-17.559],[-63.08054,-17.55899],[-63.08055,-17.55899],[-63.08055,-17.55898],[-63.08056,-17.55898],[-63.08056,-17.55897],[-63.08057,-17.55897],[-63.08058,-17.55897],[-63.08058,-17.55896],[-63.08059,-17.55896],[-63.0806,-17.55896],[-63.08061,-17.55896],[-63.08062,-17.55896]]},"properties":{"description":"Colindantes","styleUrl":"#line3","stroke-opacity":1,"stroke":"#000000","stroke-width":1,"name":"FONDO"}},
{"type":"Feature","geometry":{"type":"LineString","coordinates":[[-63.08213,-17.56175],[-63.08201,-17.56154]]},"properties":{"description":"Colindantes","styleUrl":"#line3","stroke-opacity":1,"stroke":"#000000","stroke-width":1,"name":"FONDO"}},
{"type":"Feature","geometry":{"type":"LineString","coordinates":[[-63.08184,-17.56121],[-63.08229,-17.55938]]},"properties":{"description":"Colindantes","styleUrl":"#line3","stroke-opacity":1,"stroke":"#000000","stroke-width":1,"name":"FONDO"}},
{"type":"Feature","geometry":{"type":"LineString","coordinates":[[-63.08229,-17.55938],[-63.0823,-17.55938],[-63.0823,-17.55937],[-63.0823,-17.55936],[-63.08231,-17.55936],[-63.08231,-17.55935],[-63.08232,-17.55935],[-63.08232,-17.55934],[-63.08233,-17.55934],[-63.08234,-17.55934],[-63.08235,-17.55934],[-63.08235,-17.55933],[-63.08236,-17.55933],[-63.08236,-17.55934],[-63.08237,-17.55934]]},"properties":{"description":"Colindantes","styleUrl":"#line3","stroke-opacity":1,"stroke":"#000000","stroke-width":1,"name":"FONDO"}},
{"type":"Feature","geometry":{"type":"LineString","coordinates":[[-63.08237,-17.55934],[-63.08278,-17.55942]]},"properties":{"description":"Colindantes","styleUrl":"#line3","stroke-opacity":1,"stroke":"#000000","stroke-width":1,"name":"FONDO"}},
{"type":"Feature","geometry":{"type":"LineString","coordinates":[[-63.08278,-17.55942],[-63.08279,-17.55942],[-63.08279,-17.55943],[-63.0828,-17.55943],[-63.08281,-17.55943],[-63.08281,-17.55944],[-63.08282,-17.55944],[-63.08282,-17.55945],[-63.08283,-17.55945],[-63.08283,-17.55946],[-63.08283,-17.55947],[-63.08284,-17.55947],[-63.08284,-17.55948],[-63.08284,-17.55949],[-63.08284,-17.5595],[-63.08284,-17.55951],[-63.08284,-17.55952]]},"properties":{"description":"Colindantes","styleUrl":"#line3","stroke-opacity":1,"stroke":"#000000","stroke-width":1,"name":"FONDO"}},
{"type":"Feature","geometry":{"type":"LineString","coordinates":[[-63.08284,-17.55952],[-63.08229,-17.56172]]},"properties":{"description":"Colindantes","styleUrl":"#line3","stroke-opacity":1,"stroke":"#000000","stroke-width":1,"name":"FONDO"}},
{"type":"Feature","geometry":{"type":"LineString","coordinates":[[-63.08229,-17.56172],[-63.08229,-17.56173],[-63.08229,-17.56174],[-63.08228,-17.56174],[-63.08228,-17.56175],[-63.08228,-17.56176],[-63.08227,-17.56176],[-63.08227,-17.56177],[-63.08226,-17.56177],[-63.08225,-17.56177],[-63.08225,-17.56178],[-63.08224,-17.56178],[-63.08223,-17.56178],[-63.08223,-17.56179],[-63.08222,-17.56179],[-63.08221,-17.56179],[-63.0822,-17.56179],[-63.08219,-17.56179],[-63.08219,-17.56178],[-63.08218,-17.56178],[-63.08217,-17.56178],[-63.08216,-17.56178],[-63.08216,-17.56177],[-63.08215,-17.56177],[-63.08215,-17.56176],[-63.08214,-17.56176],[-63.08214,-17.56175],[-63.08213,-17.56175]]},"properties":{"description":"Colindantes","styleUrl":"#line3","stroke-opacity":1,"stroke":"#000000","stroke-width":1,"name":"FONDO"}},
{"type":"Feature","geometry":{"type":"LineString","coordinates":[[-63.08371,-17.55545],[-63.082,-17.55508]]},"properties":{"description":"Colindantes","styleUrl":"#line3","stroke-opacity":1,"stroke":"#000000","stroke-width":1,"name":"FONDO"}},
{"type":"Feature","geometry":{"type":"LineString","coordinates":[[-63.082,-17.55508],[-63.08199,-17.55508],[-63.08199,-17.55507],[-63.08198,-17.55507],[-63.08197,-17.55507],[-63.08197,-17.55506],[-63.08196,-17.55506],[-63.08196,-17.55505],[-63.08196,-17.55504],[-63.08195,-17.55503],[-63.08195,-17.55502],[-63.08195,-17.55501]]},"properties":{"description":"Colindantes","styleUrl":"#line3","stroke-opacity":1,"stroke":"#000000","stroke-width":1,"name":"FONDO"}},
{"type":"Feature","geometry":{"type":"LineString","coordinates":[[-63.08195,-17.55501],[-63.08205,-17.5546]]},"properties":{"description":"Colindantes","styleUrl":"#line3","stroke-opacity":1,"stroke":"#000000","stroke-width":1,"name":"FONDO"}},
{"type":"Feature","geometry":{"type":"LineString","coordinates":[[-63.08205,-17.5546],[-63.08205,-17.55459],[-63.08205,-17.55458],[-63.08206,-17.55458],[-63.08206,-17.55457],[-63.08207,-17.55457],[-63.08207,-17.55456],[-63.08208,-17.55456],[-63.08209,-17.55456],[-63.08209,-17.55455],[-63.0821,-17.55455],[-63.08211,-17.55455],[-63.08212,-17.55455],[-63.08213,-17.55455]]},"properties":{"description":"Colindantes","styleUrl":"#line3","stroke-opacity":1,"stroke":"#000000","stroke-width":1,"name":"FONDO"}},
{"type":"Feature","geometry":{"type":"LineString","coordinates":[[-63.08213,-17.55455],[-63.08384,-17.55492]]},"properties":{"description":"Colindantes","styleUrl":"#line3","stroke-opacity":1,"stroke":"#000000","stroke-width":1,"name":"FONDO"}},
{"type":"Feature","geometry":{"type":"LineString","coordinates":[[-63.08384,-17.55492],[-63.08385,-17.55492],[-63.08386,-17.55492],[-63.08386,-17.55493],[-63.08387,-17.55493],[-63.08387,-17.55494],[-63.08388,-17.55494],[-63.08388,-17.55495],[-63.08389,-17.55495],[-63.08389,-17.55496],[-63.0839,-17.55496],[-63.0839,-17.55497],[-63.0839,-17.55498],[-63.0839,-17.55499],[-63.0839,-17.555],[-63.0839,-17.55501]]},"properties":{"description":"Colindantes","styleUrl":"#line3","stroke-opacity":1,"stroke":"#000000","stroke-width":1,"name":"FONDO"}},
{"type":"Feature","geometry":{"type":"LineString","coordinates":[[-63.0839,-17.55501],[-63.08381,-17.55538]]},"properties":{"description":"Colindantes","styleUrl":"#line3","stroke-opacity":1,"stroke":"#000000","stroke-width":1,"name":"FONDO"}},
{"type":"Feature","geometry":{"type":"LineString","coordinates":[[-63.08381,-17.55538],[-63.08381,-17.55539],[-63.08381,-17.5554],[-63.0838,-17.5554],[-63.0838,-17.55541],[-63.0838,-17.55542],[-63.08379,-17.55542],[-63.08379,-17.55543],[-63.08378,-17.55543],[-63.08377,-17.55544],[-63.08376,-17.55544],[-63.08375,-17.55544],[-63.08375,-17.55545],[-63.08374,-17.55545],[-63.08373,-17.55545],[-63.08372,-17.55545],[-63.08371,-17.55545]]},"properties":{"description":"Colindantes","styleUrl":"#line3","stroke-opacity":1,"stroke":"#000000","stroke-width":1,"name":"FONDO"}},
{"type":"Feature","geometry":{"type":"LineString","coordinates":[[-63.08154,-17.55578],[-63.08353,-17.5562]]},"properties":{"description":"Colindantes","styleUrl":"#line3","stroke-opacity":1,"stroke":"#000000","stroke-width":1,"name":"FONDO"}},
{"type":"Feature","geometry":{"type":"LineString","coordinates":[[-63.08353,-17.5562],[-63.08354,-17.5562],[-63.08354,-17.55621],[-63.08355,-17.55621],[-63.08356,-17.55621],[-63.08356,-17.55622],[-63.08357,-17.55622],[-63.08357,-17.55623],[-63.08358,-17.55623],[-63.08358,-17.55624],[-63.08359,-17.55624],[-63.08359,-17.55625],[-63.08359,-17.55626],[-63.0836,-17.55626],[-63.0836,-17.55627],[-63.0836,-17.55628],[-63.0836,-17.55629],[-63.0836,-17.5563]]},"properties":{"description":"Colindantes","styleUrl":"#line3","stroke-opacity":1,"stroke":"#000000","stroke-width":1,"name":"FONDO"}},
{"type":"Feature","geometry":{"type":"LineString","coordinates":[[-63.0836,-17.5563],[-63.08351,-17.55667]]},"properties":{"description":"Colindantes","styleUrl":"#line3","stroke-opacity":1,"stroke":"#000000","stroke-width":1,"name":"FONDO"}},
{"type":"Feature","geometry":{"type":"LineString","coordinates":[[-63.08351,-17.55667],[-63.08351,-17.55668],[-63.0835,-17.55668],[-63.0835,-17.55669],[-63.0835,-17.5567],[-63.08349,-17.5567],[-63.08349,-17.55671],[-63.08348,-17.55671],[-63.08348,-17.55672],[-63.08347,-17.55672],[-63.08347,-17.55673],[-63.08346,-17.55673],[-63.08345,-17.55673],[-63.08344,-17.55673],[-63.08343,-17.55673],[-63.08343,-17.55674],[-63.08342,-17.55673],[-63.08341,-17.55673]]},"properties":{"description":"Colindantes","styleUrl":"#line3","stroke-opacity":1,"stroke":"#000000","stroke-width":1,"name":"FONDO"}},
{"type":"Feature","geometry":{"type":"LineString","coordinates":[[-63.08341,-17.55673],[-63.08181,-17.55639]]},"properties":{"description":"Colindantes","styleUrl":"#line3","stroke-opacity":1,"stroke":"#000000","stroke-width":1,"name":"FONDO"}},
{"type":"Feature","geometry":{"type":"LineString","coordinates":[[-63.08185,-17.55652],[-63.08338,-17.55685]]},"properties":{"description":"Colindantes","styleUrl":"#line3","stroke-opacity":1,"stroke":"#000000","stroke-width":1,"name":"FONDO"}},
{"type":"Feature","geometry":{"type":"LineString","coordinates":[[-63.08338,-17.55685],[-63.08339,-17.55685],[-63.0834,-17.55685],[-63.0834,-17.55686],[-63.08341,-17.55686],[-63.08342,-17.55686],[-63.08342,-17.55687],[-63.08343,-17.55687],[-63.08343,-17.55688],[-63.08344,-17.55689],[-63.08344,-17.5569],[-63.08344,-17.55691],[-63.08345,-17.55691],[-63.08345,-17.55692],[-63.08345,-17.55693],[-63.08345,-17.55694],[-63.08344,-17.55694]]},"properties":{"description":"Colindantes","styleUrl":"#line3","stroke-opacity":1,"stroke":"#000000","stroke-width":1,"name":"FONDO"}},
{"type":"Feature","geometry":{"type":"LineString","coordinates":[[-63.08344,-17.55694],[-63.08336,-17.55732]]},"properties":{"description":"Colindantes","styleUrl":"#line3","stroke-opacity":1,"stroke":"#000000","stroke-width":1,"name":"FONDO"}},
{"type":"Feature","geometry":{"type":"LineString","coordinates":[[-63.08336,-17.55732],[-63.08335,-17.55732],[-63.08335,-17.55733],[-63.08335,-17.55734],[-63.08334,-17.55734],[-63.08334,-17.55735],[-63.08333,-17.55735],[-63.08333,-17.55736],[-63.08332,-17.55736],[-63.08332,-17.55737],[-63.08331,-17.55737],[-63.0833,-17.55737],[-63.0833,-17.55738],[-63.08329,-17.55738],[-63.08328,-17.55738],[-63.08327,-17.55738],[-63.08326,-17.55738]]},"properties":{"description":"Colindantes","styleUrl":"#line3","stroke-opacity":1,"stroke":"#000000","stroke-width":1,"name":"FONDO"}},
{"type":"Feature","geometry":{"type":"LineString","coordinates":[[-63.08326,-17.55738],[-63.08169,-17.55704]]},"properties":{"description":"Colindantes","styleUrl":"#line3","stroke-opacity":1,"stroke":"#000000","stroke-width":1,"name":"FONDO"}},
{"type":"Feature","geometry":{"type":"LineString","coordinates":[[-63.08401,-17.55416],[-63.0823,-17.55379]]},"properties":{"description":"Colindantes","styleUrl":"#line3","stroke-opacity":1,"stroke":"#000000","stroke-width":1,"name":"FONDO"}},
{"type":"Feature","geometry":{"type":"LineString","coordinates":[[-63.0823,-17.55379],[-63.08229,-17.55379],[-63.08228,-17.55379],[-63.08228,-17.55378],[-63.08227,-17.55378],[-63.08227,-17.55377],[-63.08226,-17.55377],[-63.08226,-17.55376],[-63.08226,-17.55375],[-63.08225,-17.55375],[-63.08225,-17.55374],[-63.08225,-17.55373],[-63.08225,-17.55372]]},"properties":{"description":"Colindantes","styleUrl":"#line3","stroke-opacity":1,"stroke":"#000000","stroke-width":1,"name":"FONDO"}},
{"type":"Feature","geometry":{"type":"LineString","coordinates":[[-63.08225,-17.55372],[-63.08235,-17.55331]]},"properties":{"description":"Colindantes","styleUrl":"#line3","stroke-opacity":1,"stroke":"#000000","stroke-width":1,"name":"FONDO"}},
{"type":"Feature","geometry":{"type":"LineString","coordinates":[[-63.08235,-17.55331],[-63.08235,-17.5533],[-63.08235,-17.55329],[-63.08236,-17.55329],[-63.08236,-17.55328],[-63.08237,-17.55328],[-63.08237,-17.55327],[-63.08238,-17.55327],[-63.08239,-17.55327],[-63.08239,-17.55326],[-63.0824,-17.55326],[-63.08241,-17.55326],[-63.08242,-17.55326],[-63.08243,-17.55326]]},"properties":{"description":"Colindantes","styleUrl":"#line3","stroke-opacity":1,"stroke":"#000000","stroke-width":1,"name":"FONDO"}},
{"type":"Feature","geometry":{"type":"LineString","coordinates":[[-63.08243,-17.55326],[-63.08414,-17.55363]]},"properties":{"description":"Colindantes","styleUrl":"#line3","stroke-opacity":1,"stroke":"#000000","stroke-width":1,"name":"FONDO"}},
{"type":"Feature","geometry":{"type":"LineString","coordinates":[[-63.08414,-17.55363],[-63.08415,-17.55363],[-63.08416,-17.55364],[-63.08417,-17.55364],[-63.08417,-17.55365],[-63.08418,-17.55365],[-63.08418,-17.55366],[-63.08419,-17.55366],[-63.08419,-17.55367],[-63.0842,-17.55367],[-63.0842,-17.55368],[-63.0842,-17.55369],[-63.0842,-17.5537],[-63.0842,-17.55371],[-63.0842,-17.55372],[-63.0842,-17.55373]]},"properties":{"description":"Colindantes","styleUrl":"#line3","stroke-opacity":1,"stroke":"#000000","stroke-width":1,"name":"FONDO"}},
{"type":"Feature","geometry":{"type":"LineString","coordinates":[[-63.0842,-17.55373],[-63.08412,-17.5541]]},"properties":{"description":"Colindantes","styleUrl":"#line3","stroke-opacity":1,"stroke":"#000000","stroke-width":1,"name":"FONDO"}},
{"type":"Feature","geometry":{"type":"LineString","coordinates":[[-63.08412,-17.5541],[-63.08411,-17.5541],[-63.08411,-17.55411],[-63.08411,-17.55412],[-63.0841,-17.55412],[-63.0841,-17.55413],[-63.08409,-17.55413],[-63.08409,-17.55414],[-63.08408,-17.55414],[-63.08408,-17.55415],[-63.08407,-17.55415],[-63.08406,-17.55415],[-63.08406,-17.55416],[-63.08405,-17.55416],[-63.08404,-17.55416],[-63.08403,-17.55416],[-63.08402,-17.55416],[-63.08401,-17.55416]]},"properties":{"description":"Colindantes","styleUrl":"#line3","stroke-opacity":1,"stroke":"#000000","stroke-width":1,"name":"FONDO"}},
{"type":"Feature","geometry":{"type":"LineString","coordinates":[[-63.08386,-17.5548],[-63.08215,-17.55444]]},"properties":{"description":"Colindantes","styleUrl":"#line3","stroke-opacity":1,"stroke":"#000000","stroke-width":1,"name":"FONDO"}},
{"type":"Feature","geometry":{"type":"LineString","coordinates":[[-63.08215,-17.55444],[-63.08215,-17.55443],[-63.08214,-17.55443],[-63.08213,-17.55443],[-63.08213,-17.55442],[-63.08212,-17.55442],[-63.08212,-17.55441],[-63.08211,-17.55441],[-63.08211,-17.5544],[-63.08211,-17.55439],[-63.0821,-17.55439],[-63.0821,-17.55438],[-63.0821,-17.55437],[-63.0821,-17.55436]]},"properties":{"description":"Colindantes","styleUrl":"#line3","stroke-opacity":1,"stroke":"#000000","stroke-width":1,"name":"FONDO"}},
{"type":"Feature","geometry":{"type":"LineString","coordinates":[[-63.0821,-17.55436],[-63.0822,-17.55396]]},"properties":{"description":"Colindantes","styleUrl":"#line3","stroke-opacity":1,"stroke":"#000000","stroke-width":1,"name":"FONDO"}},
{"type":"Feature","geometry":{"type":"LineString","coordinates":[[-63.0822,-17.55396],[-63.0822,-17.55395],[-63.0822,-17.55394],[-63.08221,-17.55394],[-63.08221,-17.55393],[-63.08222,-17.55393],[-63.08222,-17.55392],[-63.08223,-17.55392],[-63.08223,-17.55391],[-63.08224,-17.55391],[-63.08225,-17.55391],[-63.08226,-17.55391],[-63.08227,-17.55391],[-63.08228,-17.55391]]},"properties":{"description":"Colindantes","styleUrl":"#line3","stroke-opacity":1,"stroke":"#000000","stroke-width":1,"name":"FONDO"}},
{"type":"Feature","geometry":{"type":"LineString","coordinates":[[-63.08228,-17.55391],[-63.08399,-17.55427]]},"properties":{"description":"Colindantes","styleUrl":"#line3","stroke-opacity":1,"stroke":"#000000","stroke-width":1,"name":"FONDO"}},
{"type":"Feature","geometry":{"type":"LineString","coordinates":[[-63.08399,-17.55427],[-63.08399,-17.55428],[-63.084,-17.55428],[-63.08401,-17.55428],[-63.08402,-17.55428],[-63.08402,-17.55429],[-63.08403,-17.55429],[-63.08403,-17.5543],[-63.08404,-17.5543],[-63.08404,-17.55431],[-63.08404,-17.55432],[-63.08405,-17.55432],[-63.08405,-17.55433],[-63.08405,-17.55434],[-63.08405,-17.55435],[-63.08405,-17.55436],[-63.08405,-17.55437]]},"properties":{"description":"Colindantes","styleUrl":"#line3","stroke-opacity":1,"stroke":"#000000","stroke-width":1,"name":"FONDO"}},
{"type":"Feature","geometry":{"type":"LineString","coordinates":[[-63.08405,-17.55437],[-63.08396,-17.55474]]},"properties":{"description":"Colindantes","styleUrl":"#line3","stroke-opacity":1,"stroke":"#000000","stroke-width":1,"name":"FONDO"}},
{"type":"Feature","geometry":{"type":"LineString","coordinates":[[-63.08396,-17.55474],[-63.08396,-17.55475],[-63.08396,-17.55476],[-63.08395,-17.55476],[-63.08395,-17.55477],[-63.08395,-17.55478],[-63.08394,-17.55478],[-63.08394,-17.55479],[-63.08393,-17.55479],[-63.08392,-17.55479],[-63.08392,-17.5548],[-63.08391,-17.5548],[-63.0839,-17.5548],[-63.08389,-17.5548],[-63.08388,-17.5548],[-63.08387,-17.5548],[-63.08386,-17.5548]]},"properties":{"description":"Colindantes","styleUrl":"#line3","stroke-opacity":1,"stroke":"#000000","stroke-width":1,"name":"FONDO"}},
{"type":"Feature","geometry":{"type":"LineString","coordinates":[[-63.08462,-17.55158],[-63.0829,-17.55122]]},"properties":{"description":"Colindantes","styleUrl":"#line3","stroke-opacity":1,"stroke":"#000000","stroke-width":1,"name":"FONDO"}},
{"type":"Feature","geometry":{"type":"LineString","coordinates":[[-63.0829,-17.55122],[-63.08289,-17.55122],[-63.08289,-17.55121],[-63.08288,-17.55121],[-63.08288,-17.5512],[-63.08287,-17.5512],[-63.08286,-17.5512],[-63.08286,-17.55119],[-63.08286,-17.55118],[-63.08285,-17.55118],[-63.08285,-17.55117],[-63.08285,-17.55116],[-63.08285,-17.55115],[-63.08285,-17.55114]]},"properties":{"description":"Colindantes","styleUrl":"#line3","stroke-opacity":1,"stroke":"#000000","stroke-width":1,"name":"FONDO"}},
{"type":"Feature","geometry":{"type":"LineString","coordinates":[[-63.08285,-17.55114],[-63.08295,-17.55074]]},"properties":{"description":"Colindantes","styleUrl":"#line3","stroke-opacity":1,"stroke":"#000000","stroke-width":1,"name":"FONDO"}},
{"type":"Feature","geometry":{"type":"LineString","coordinates":[[-63.08295,-17.55074],[-63.08295,-17.55073],[-63.08295,-17.55072],[-63.08295,-17.55071],[-63.08296,-17.55071],[-63.08296,-17.5507],[-63.08297,-17.5507],[-63.08298,-17.5507],[-63.08298,-17.55069],[-63.08299,-17.55069],[-63.083,-17.55069],[-63.08301,-17.55069],[-63.08302,-17.55069]]},"properties":{"description":"Colindantes","styleUrl":"#line3","stroke-opacity":1,"stroke":"#000000","stroke-width":1,"name":"FONDO"}},
{"type":"Feature","geometry":{"type":"LineString","coordinates":[[-63.08302,-17.55069],[-63.08474,-17.55105]]},"properties":{"description":"Colindantes","styleUrl":"#line3","stroke-opacity":1,"stroke":"#000000","stroke-width":1,"name":"FONDO"}},
{"type":"Feature","geometry":{"type":"LineString","coordinates":[[-63.08474,-17.55105],[-63.08475,-17.55106],[-63.08476,-17.55106],[-63.08477,-17.55106],[-63.08477,-17.55107],[-63.08478,-17.55107],[-63.08478,-17.55108],[-63.08479,-17.55108],[-63.08479,-17.55109],[-63.0848,-17.55109],[-63.0848,-17.5511],[-63.0848,-17.55111],[-63.08481,-17.55111],[-63.08481,-17.55112],[-63.08481,-17.55113],[-63.08481,-17.55114],[-63.08481,-17.55115]]},"properties":{"description":"Colindantes","styleUrl":"#line3","stroke-opacity":1,"stroke":"#000000","stroke-width":1,"name":"FONDO"}},
{"type":"Feature","geometry":{"type":"LineString","coordinates":[[-63.08481,-17.55115],[-63.08472,-17.55152]]},"properties":{"description":"Colindantes","styleUrl":"#line3","stroke-opacity":1,"stroke":"#000000","stroke-width":1,"name":"FONDO"}},
{"type":"Feature","geometry":{"type":"LineString","coordinates":[[-63.08472,-17.55152],[-63.08472,-17.55153],[-63.08472,-17.55154],[-63.08471,-17.55154],[-63.08471,-17.55155],[-63.0847,-17.55155],[-63.0847,-17.55156],[-63.08469,-17.55156],[-63.08469,-17.55157],[-63.08468,-17.55157],[-63.08468,-17.55158],[-63.08467,-17.55158],[-63.08466,-17.55158],[-63.08465,-17.55158],[-63.08465,-17.55159],[-63.08464,-17.55159],[-63.08463,-17.55159],[-63.08463,-17.55158],[-63.08462,-17.55158]]},"properties":{"description":"Colindantes","styleUrl":"#line3","stroke-opacity":1,"stroke":"#000000","stroke-width":1,"name":"FONDO"}},
{"type":"Feature","geometry":{"type":"LineString","coordinates":[[-63.08447,-17.55223],[-63.08275,-17.55186]]},"properties":{"description":"Colindantes","styleUrl":"#line3","stroke-opacity":1,"stroke":"#000000","stroke-width":1,"name":"FONDO"}},
{"type":"Feature","geometry":{"type":"LineString","coordinates":[[-63.08275,-17.55186],[-63.08274,-17.55186],[-63.08274,-17.55185],[-63.08273,-17.55185],[-63.08272,-17.55185],[-63.08272,-17.55184],[-63.08271,-17.55184],[-63.08271,-17.55183],[-63.08271,-17.55182],[-63.0827,-17.55182],[-63.0827,-17.55181],[-63.0827,-17.5518],[-63.0827,-17.55179]]},"properties":{"description":"Colindantes","styleUrl":"#line3","stroke-opacity":1,"stroke":"#000000","stroke-width":1,"name":"FONDO"}},
{"type":"Feature","geometry":{"type":"LineString","coordinates":[[-63.0827,-17.55179],[-63.0828,-17.55138]]},"properties":{"description":"Colindantes","styleUrl":"#line3","stroke-opacity":1,"stroke":"#000000","stroke-width":1,"name":"FONDO"}},
{"type":"Feature","geometry":{"type":"LineString","coordinates":[[-63.0828,-17.55138],[-63.0828,-17.55137],[-63.0828,-17.55136],[-63.08281,-17.55136],[-63.08281,-17.55135],[-63.08282,-17.55135],[-63.08282,-17.55134],[-63.08283,-17.55134],[-63.08284,-17.55133],[-63.08285,-17.55133],[-63.08286,-17.55133],[-63.08287,-17.55133]]},"properties":{"description":"Colindantes","styleUrl":"#line3","stroke-opacity":1,"stroke":"#000000","stroke-width":1,"name":"FONDO"}},
{"type":"Feature","geometry":{"type":"LineString","coordinates":[[-63.08287,-17.55133],[-63.08459,-17.5517]]},"properties":{"description":"Colindantes","styleUrl":"#line3","stroke-opacity":1,"stroke":"#000000","stroke-width":1,"name":"FONDO"}},
{"type":"Feature","geometry":{"type":"LineString","coordinates":[[-63.08459,-17.5517],[-63.0846,-17.5517],[-63.08461,-17.5517],[-63.08461,-17.55171],[-63.08462,-17.55171],[-63.08463,-17.55171],[-63.08463,-17.55172],[-63.08464,-17.55172],[-63.08464,-17.55173],[-63.08465,-17.55173],[-63.08465,-17.55174],[-63.08465,-17.55175],[-63.08465,-17.55176],[-63.08466,-17.55176],[-63.08466,-17.55177],[-63.08466,-17.55178],[-63.08466,-17.55179],[-63.08466,-17.5518]]},"properties":{"description":"Colindantes","styleUrl":"#line3","stroke-opacity":1,"stroke":"#000000","stroke-width":1,"name":"FONDO"}},
{"type":"Feature","geometry":{"type":"LineString","coordinates":[[-63.08466,-17.5518],[-63.08457,-17.55217]]},"properties":{"description":"Colindantes","styleUrl":"#line3","stroke-opacity":1,"stroke":"#000000","stroke-width":1,"name":"FONDO"}},
{"type":"Feature","geometry":{"type":"LineString","coordinates":[[-63.08457,-17.55217],[-63.08457,-17.55218],[-63.08456,-17.55218],[-63.08456,-17.55219],[-63.08455,-17.5522],[-63.08455,-17.55221],[-63.08454,-17.55221],[-63.08453,-17.55221],[-63.08453,-17.55222],[-63.08452,-17.55222],[-63.08451,-17.55222],[-63.08451,-17.55223],[-63.0845,-17.55223],[-63.08449,-17.55223],[-63.08448,-17.55223],[-63.08447,-17.55223]]},"properties":{"description":"Colindantes","styleUrl":"#line3","stroke-opacity":1,"stroke":"#000000","stroke-width":1,"name":"FONDO"}},
{"type":"Feature","geometry":{"type":"LineString","coordinates":[[-63.08432,-17.55287],[-63.0826,-17.55251]]},"properties":{"description":"Colindantes","styleUrl":"#line3","stroke-opacity":1,"stroke":"#000000","stroke-width":1,"name":"FONDO"}},
{"type":"Feature","geometry":{"type":"LineString","coordinates":[[-63.0826,-17.55251],[-63.0826,-17.5525],[-63.08259,-17.5525],[-63.08258,-17.5525],[-63.08258,-17.55249],[-63.08257,-17.55249],[-63.08257,-17.55248],[-63.08256,-17.55248],[-63.08256,-17.55247],[-63.08255,-17.55247],[-63.08255,-17.55246],[-63.08255,-17.55245],[-63.08255,-17.55244],[-63.08255,-17.55243]]},"properties":{"description":"Colindantes","styleUrl":"#line3","stroke-opacity":1,"stroke":"#000000","stroke-width":1,"name":"FONDO"}},
{"type":"Feature","geometry":{"type":"LineString","coordinates":[[-63.08255,-17.55243],[-63.08265,-17.55202]]},"properties":{"description":"Colindantes","styleUrl":"#line3","stroke-opacity":1,"stroke":"#000000","stroke-width":1,"name":"FONDO"}},
{"type":"Feature","geometry":{"type":"LineString","coordinates":[[-63.08265,-17.55202],[-63.08265,-17.55201],[-63.08265,-17.552],[-63.08266,-17.552],[-63.08266,-17.55199],[-63.08267,-17.55199],[-63.08267,-17.55198],[-63.08268,-17.55198],[-63.08269,-17.55198],[-63.0827,-17.55198],[-63.0827,-17.55197],[-63.08271,-17.55197],[-63.08272,-17.55197],[-63.08272,-17.55198],[-63.08273,-17.55198]]},"properties":{"description":"Colindantes","styleUrl":"#line3","stroke-opacity":1,"stroke":"#000000","stroke-width":1,"name":"FONDO"}},
{"type":"Feature","geometry":{"type":"LineString","coordinates":[[-63.08273,-17.55198],[-63.08444,-17.55234]]},"properties":{"description":"Colindantes","styleUrl":"#line3","stroke-opacity":1,"stroke":"#000000","stroke-width":1,"name":"FONDO"}},
{"type":"Feature","geometry":{"type":"LineString","coordinates":[[-63.08444,-17.55234],[-63.08445,-17.55234],[-63.08445,-17.55235],[-63.08446,-17.55235],[-63.08447,-17.55235],[-63.08447,-17.55236],[-63.08448,-17.55236],[-63.08448,-17.55237],[-63.08449,-17.55237],[-63.08449,-17.55238],[-63.0845,-17.55238],[-63.0845,-17.55239],[-63.0845,-17.5524],[-63.0845,-17.55241],[-63.08451,-17.55241],[-63.08451,-17.55242],[-63.08451,-17.55243],[-63.08451,-17.55244],[-63.0845,-17.55244]]},"properties":{"description":"Colindantes","styleUrl":"#line3","stroke-opacity":1,"stroke":"#000000","stroke-width":1,"name":"FONDO"}},
{"type":"Feature","geometry":{"type":"LineString","coordinates":[[-63.0845,-17.55244],[-63.08442,-17.55281]]},"properties":{"description":"Colindantes","styleUrl":"#line3","stroke-opacity":1,"stroke":"#000000","stroke-width":1,"name":"FONDO"}},
{"type":"Feature","geometry":{"type":"LineString","coordinates":[[-63.08442,-17.55281],[-63.08442,-17.55282],[-63.08441,-17.55282],[-63.08441,-17.55283],[-63.08441,-17.55284],[-63.0844,-17.55284],[-63.0844,-17.55285],[-63.08439,-17.55285],[-63.08439,-17.55286],[-63.08438,-17.55286],[-63.08437,-17.55286],[-63.08437,-17.55287],[-63.08436,-17.55287],[-63.08435,-17.55287],[-63.08434,-17.55287],[-63.08433,-17.55287],[-63.08432,-17.55287]]},"properties":{"description":"Colindantes","styleUrl":"#line3","stroke-opacity":1,"stroke":"#000000","stroke-width":1,"name":"FONDO"}},
{"type":"Feature","geometry":{"type":"LineString","coordinates":[[-63.08417,-17.55351],[-63.08245,-17.55315]]},"properties":{"description":"Colindantes","styleUrl":"#line3","stroke-opacity":1,"stroke":"#000000","stroke-width":1,"name":"FONDO"}},
{"type":"Feature","geometry":{"type":"LineString","coordinates":[[-63.08245,-17.55315],[-63.08244,-17.55315],[-63.08244,-17.55314],[-63.08243,-17.55314],[-63.08242,-17.55314],[-63.08242,-17.55313],[-63.08241,-17.55313],[-63.08241,-17.55312],[-63.08241,-17.55311],[-63.0824,-17.55311],[-63.0824,-17.5531],[-63.0824,-17.55309],[-63.0824,-17.55308],[-63.0824,-17.55307]]},"properties":{"description":"Colindantes","styleUrl":"#line3","stroke-opacity":1,"stroke":"#000000","stroke-width":1,"name":"FONDO"}},
{"type":"Feature","geometry":{"type":"LineString","coordinates":[[-63.0824,-17.55307],[-63.0825,-17.55267]]},"properties":{"description":"Colindantes","styleUrl":"#line3","stroke-opacity":1,"stroke":"#000000","stroke-width":1,"name":"FONDO"}},
{"type":"Feature","geometry":{"type":"LineString","coordinates":[[-63.0825,-17.55267],[-63.0825,-17.55266],[-63.0825,-17.55265],[-63.08251,-17.55265],[-63.08251,-17.55264],[-63.08252,-17.55264],[-63.08252,-17.55263],[-63.08253,-17.55263],[-63.08253,-17.55262],[-63.08254,-17.55262],[-63.08255,-17.55262],[-63.08256,-17.55262],[-63.08257,-17.55262],[-63.08258,-17.55262]]},"properties":{"description":"Colindantes","styleUrl":"#line3","stroke-opacity":1,"stroke":"#000000","stroke-width":1,"name":"FONDO"}},
{"type":"Feature","geometry":{"type":"LineString","coordinates":[[-63.08258,-17.55262],[-63.08429,-17.55299]]},"properties":{"description":"Colindantes","styleUrl":"#line3","stroke-opacity":1,"stroke":"#000000","stroke-width":1,"name":"FONDO"}},
{"type":"Feature","geometry":{"type":"LineString","coordinates":[[-63.08429,-17.55299],[-63.0843,-17.55299],[-63.08431,-17.55299],[-63.08431,-17.553],[-63.08432,-17.553],[-63.08433,-17.553],[-63.08433,-17.55301],[-63.08434,-17.55301],[-63.08434,-17.55302],[-63.08434,-17.55303],[-63.08435,-17.55303],[-63.08435,-17.55304],[-63.08435,-17.55305],[-63.08435,-17.55306],[-63.08436,-17.55306],[-63.08436,-17.55307],[-63.08435,-17.55307],[-63.08435,-17.55308]]},"properties":{"description":"Colindantes","styleUrl":"#line3","stroke-opacity":1,"stroke":"#000000","stroke-width":1,"name":"FONDO"}},
{"type":"Feature","geometry":{"type":"LineString","coordinates":[[-63.08435,-17.55308],[-63.08427,-17.55345]]},"properties":{"description":"Colindantes","styleUrl":"#line3","stroke-opacity":1,"stroke":"#000000","stroke-width":1,"name":"FONDO"}},
{"type":"Feature","geometry":{"type":"LineString","coordinates":[[-63.08427,-17.55345],[-63.08427,-17.55346],[-63.08426,-17.55346],[-63.08426,-17.55347],[-63.08426,-17.55348],[-63.08425,-17.55348],[-63.08425,-17.55349],[-63.08424,-17.55349],[-63.08424,-17.5535],[-63.08423,-17.5535],[-63.08423,-17.55351],[-63.08422,-17.55351],[-63.08421,-17.55351],[-63.0842,-17.55351],[-63.0842,-17.55352],[-63.08419,-17.55352],[-63.08418,-17.55352],[-63.08417,-17.55352],[-63.08417,-17.55351]]},"properties":{"description":"Colindantes","styleUrl":"#line3","stroke-opacity":1,"stroke":"#000000","stroke-width":1,"name":"FONDO"}},
{"type":"Feature","geometry":{"type":"LineString","coordinates":[[-63.08492,-17.5503],[-63.0832,-17.54993]]},"properties":{"description":"Colindantes","styleUrl":"#line3","stroke-opacity":1,"stroke":"#000000","stroke-width":1,"name":"FONDO"}},
{"type":"Feature","geometry":{"type":"LineString","coordinates":[[-63.0832,-17.54993],[-63.08319,-17.54993],[-63.08319,-17.54992],[-63.08318,-17.54992],[-63.08317,-17.54992],[-63.08317,-17.54991],[-63.08316,-17.54991],[-63.08316,-17.5499],[-63.08316,-17.54989],[-63.08315,-17.54989],[-63.08315,-17.54988],[-63.08315,-17.54987],[-63.08315,-17.54986],[-63.08315,-17.54985]]},"properties":{"description":"Colindantes","styleUrl":"#line3","stroke-opacity":1,"stroke":"#000000","stroke-width":1,"name":"FONDO"}},
{"type":"Feature","geometry":{"type":"LineString","coordinates":[[-63.08315,-17.54985],[-63.08324,-17.54945]]},"properties":{"description":"Colindantes","styleUrl":"#line3","stroke-opacity":1,"stroke":"#000000","stroke-width":1,"name":"FONDO"}},
{"type":"Feature","geometry":{"type":"LineString","coordinates":[[-63.08324,-17.54945],[-63.08325,-17.54945],[-63.08325,-17.54944],[-63.08325,-17.54943],[-63.08326,-17.54942],[-63.08326,-17.54941],[-63.08327,-17.54941],[-63.08328,-17.54941],[-63.08328,-17.5494],[-63.08329,-17.5494],[-63.0833,-17.5494],[-63.08331,-17.5494],[-63.08332,-17.5494]]},"properties":{"description":"Colindantes","styleUrl":"#line3","stroke-opacity":1,"stroke":"#000000","stroke-width":1,"name":"FONDO"}},
{"type":"Feature","geometry":{"type":"LineString","coordinates":[[-63.08332,-17.5494],[-63.08504,-17.54977]]},"properties":{"description":"Colindantes","styleUrl":"#line3","stroke-opacity":1,"stroke":"#000000","stroke-width":1,"name":"FONDO"}},
{"type":"Feature","geometry":{"type":"LineString","coordinates":[[-63.08504,-17.54977],[-63.08505,-17.54977],[-63.08506,-17.54977],[-63.08507,-17.54977],[-63.08507,-17.54978],[-63.08508,-17.54978],[-63.08508,-17.54979],[-63.08509,-17.54979],[-63.08509,-17.5498],[-63.0851,-17.5498],[-63.0851,-17.54981],[-63.0851,-17.54982],[-63.08511,-17.54982],[-63.08511,-17.54983],[-63.08511,-17.54984],[-63.08511,-17.54985],[-63.08511,-17.54986]]},"properties":{"description":"Colindantes","styleUrl":"#line3","stroke-opacity":1,"stroke":"#000000","stroke-width":1,"name":"FONDO"}},
{"type":"Feature","geometry":{"type":"LineString","coordinates":[[-63.08511,-17.54986],[-63.08502,-17.55023]]},"properties":{"description":"Colindantes","styleUrl":"#line3","stroke-opacity":1,"stroke":"#000000","stroke-width":1,"name":"FONDO"}},
{"type":"Feature","geometry":{"type":"LineString","coordinates":[[-63.08502,-17.55023],[-63.08502,-17.55024],[-63.08502,-17.55025],[-63.08501,-17.55025],[-63.08501,-17.55026],[-63.08501,-17.55027],[-63.085,-17.55027],[-63.085,-17.55028],[-63.08499,-17.55028],[-63.08499,-17.55029],[-63.08498,-17.55029],[-63.08497,-17.55029],[-63.08496,-17.55029],[-63.08496,-17.5503],[-63.08495,-17.5503],[-63.08494,-17.5503],[-63.08493,-17.5503],[-63.08492,-17.5503]]},"properties":{"description":"Colindantes","styleUrl":"#line3","stroke-opacity":1,"stroke":"#000000","stroke-width":1,"name":"FONDO"}},
{"type":"Feature","geometry":{"type":"LineString","coordinates":[[-63.08477,-17.55094],[-63.08305,-17.55057]]},"properties":{"description":"Colindantes","styleUrl":"#line3","stroke-opacity":1,"stroke":"#000000","stroke-width":1,"name":"FONDO"}},
{"type":"Feature","geometry":{"type":"LineString","coordinates":[[-63.08305,-17.55057],[-63.08304,-17.55057],[-63.08303,-17.55057],[-63.08303,-17.55056],[-63.08302,-17.55056],[-63.08302,-17.55055],[-63.08301,-17.55055],[-63.08301,-17.55054],[-63.083,-17.55054],[-63.083,-17.55053],[-63.083,-17.55052],[-63.083,-17.55051],[-63.083,-17.5505]]},"properties":{"description":"Colindantes","styleUrl":"#line3","stroke-opacity":1,"stroke":"#000000","stroke-width":1,"name":"FONDO"}},
{"type":"Feature","geometry":{"type":"LineString","coordinates":[[-63.083,-17.5505],[-63.0831,-17.55009]]},"properties":{"description":"Colindantes","styleUrl":"#line3","stroke-opacity":1,"stroke":"#000000","stroke-width":1,"name":"FONDO"}},
{"type":"Feature","geometry":{"type":"LineString","coordinates":[[-63.0831,-17.55009],[-63.0831,-17.55008],[-63.0831,-17.55007],[-63.08311,-17.55007],[-63.08311,-17.55006],[-63.08312,-17.55006],[-63.08312,-17.55005],[-63.08313,-17.55005],[-63.08314,-17.55005],[-63.08314,-17.55004],[-63.08315,-17.55004],[-63.08316,-17.55004],[-63.08317,-17.55004]]},"properties":{"description":"Colindantes","styleUrl":"#line3","stroke-opacity":1,"stroke":"#000000","stroke-width":1,"name":"FONDO"}},
{"type":"Feature","geometry":{"type":"LineString","coordinates":[[-63.08317,-17.55004],[-63.08489,-17.55041]]},"properties":{"description":"Colindantes","styleUrl":"#line3","stroke-opacity":1,"stroke":"#000000","stroke-width":1,"name":"FONDO"}},
{"type":"Feature","geometry":{"type":"LineString","coordinates":[[-63.08489,-17.55041],[-63.0849,-17.55041],[-63.08491,-17.55041],[-63.08491,-17.55042],[-63.08492,-17.55042],[-63.08493,-17.55042],[-63.08493,-17.55043],[-63.08494,-17.55043],[-63.08494,-17.55044],[-63.08495,-17.55044],[-63.08495,-17.55045],[-63.08495,-17.55046],[-63.08496,-17.55046],[-63.08496,-17.55047],[-63.08496,-17.55048],[-63.08496,-17.55049],[-63.08496,-17.5505],[-63.08496,-17.55051]]},"properties":{"description":"Colindantes","styleUrl":"#line3","stroke-opacity":1,"stroke":"#000000","stroke-width":1,"name":"FONDO"}},
{"type":"Feature","geometry":{"type":"LineString","coordinates":[[-63.08496,-17.55051],[-63.08487,-17.55088]]},"properties":{"description":"Colindantes","styleUrl":"#line3","stroke-opacity":1,"stroke":"#000000","stroke-width":1,"name":"FONDO"}},
{"type":"Feature","geometry":{"type":"LineString","coordinates":[[-63.08487,-17.55088],[-63.08487,-17.55089],[-63.08487,-17.5509],[-63.08486,-17.5509],[-63.08486,-17.55091],[-63.08485,-17.55091],[-63.08485,-17.55092],[-63.08484,-17.55092],[-63.08484,-17.55093],[-63.08483,-17.55093],[-63.08482,-17.55093],[-63.08482,-17.55094],[-63.08481,-17.55094],[-63.0848,-17.55094],[-63.08479,-17.55094],[-63.08478,-17.55094],[-63.08477,-17.55094]]},"properties":{"description":"Colindantes","styleUrl":"#line3","stroke-opacity":1,"stroke":"#000000","stroke-width":1,"name":"FONDO"}},
{"type":"Feature","geometry":{"type":"LineString","coordinates":[[-63.08356,-17.55609],[-63.08186,-17.55573]]},"properties":{"description":"Colindantes","styleUrl":"#line3","stroke-opacity":1,"stroke":"#000000","stroke-width":1,"name":"FONDO"}},
{"type":"Feature","geometry":{"type":"LineString","coordinates":[[-63.08186,-17.55573],[-63.08185,-17.55573],[-63.08185,-17.55572],[-63.08184,-17.55572],[-63.08183,-17.55572],[-63.08183,-17.55571],[-63.08182,-17.55571],[-63.08182,-17.5557],[-63.08181,-17.5557],[-63.08181,-17.55569],[-63.08181,-17.55568],[-63.0818,-17.55568],[-63.0818,-17.55567],[-63.0818,-17.55566],[-63.0818,-17.55565],[-63.08181,-17.55565]]},"properties":{"description":"Colindantes","styleUrl":"#line3","stroke-opacity":1,"stroke":"#000000","stroke-width":1,"name":"FONDO"}},
{"type":"Feature","geometry":{"type":"LineString","coordinates":[[-63.08181,-17.55565],[-63.0819,-17.55524]]},"properties":{"description":"Colindantes","styleUrl":"#line3","stroke-opacity":1,"stroke":"#000000","stroke-width":1,"name":"FONDO"}},
{"type":"Feature","geometry":{"type":"LineString","coordinates":[[-63.0819,-17.55524],[-63.0819,-17.55523],[-63.08191,-17.55523],[-63.08191,-17.55522],[-63.08192,-17.55521],[-63.08193,-17.55521],[-63.08193,-17.5552],[-63.08194,-17.5552],[-63.08195,-17.5552],[-63.08196,-17.5552],[-63.08196,-17.55519],[-63.08197,-17.55519],[-63.08197,-17.5552],[-63.08198,-17.5552]]},"properties":{"description":"Colindantes","styleUrl":"#line3","stroke-opacity":1,"stroke":"#000000","stroke-width":1,"name":"FONDO"}},
{"type":"Feature","geometry":{"type":"LineString","coordinates":[[-63.08198,-17.5552],[-63.08368,-17.55556]]},"properties":{"description":"Colindantes","styleUrl":"#line3","stroke-opacity":1,"stroke":"#000000","stroke-width":1,"name":"FONDO"}},
{"type":"Feature","geometry":{"type":"LineString","coordinates":[[-63.08368,-17.55556],[-63.08369,-17.55556],[-63.0837,-17.55556],[-63.0837,-17.55557],[-63.08371,-17.55557],[-63.08372,-17.55557],[-63.08372,-17.55558],[-63.08373,-17.55558],[-63.08373,-17.55559],[-63.08374,-17.55559],[-63.08374,-17.5556],[-63.08374,-17.55561],[-63.08375,-17.55561],[-63.08375,-17.55562],[-63.08375,-17.55563],[-63.08375,-17.55564],[-63.08375,-17.55565],[-63.08375,-17.55566]]},"properties":{"description":"Colindantes","styleUrl":"#line3","stroke-opacity":1,"stroke":"#000000","stroke-width":1,"name":"FONDO"}},
{"type":"Feature","geometry":{"type":"LineString","coordinates":[[-63.08375,-17.55566],[-63.08366,-17.55603]]},"properties":{"description":"Colindantes","styleUrl":"#line3","stroke-opacity":1,"stroke":"#000000","stroke-width":1,"name":"FONDO"}},
{"type":"Feature","geometry":{"type":"LineString","coordinates":[[-63.08366,-17.55603],[-63.08366,-17.55604],[-63.08365,-17.55604],[-63.08365,-17.55605],[-63.08365,-17.55606],[-63.08364,-17.55606],[-63.08364,-17.55607],[-63.08363,-17.55607],[-63.08363,-17.55608],[-63.08362,-17.55608],[-63.08361,-17.55608],[-63.08361,-17.55609],[-63.0836,-17.55609],[-63.08359,-17.55609],[-63.08358,-17.55609],[-63.08357,-17.55609],[-63.08356,-17.55609]]},"properties":{"description":"Colindantes","styleUrl":"#line3","stroke-opacity":1,"stroke":"#000000","stroke-width":1,"name":"FONDO"}},
{"type":"Feature","geometry":{"type":"LineString","coordinates":[[-63.08296,-17.55867],[-63.08189,-17.55844]]},"properties":{"description":"Colindantes","styleUrl":"#line3","stroke-opacity":1,"stroke":"#000000","stroke-width":1,"name":"FONDO"}},
{"type":"Feature","geometry":{"type":"LineString","coordinates":[[-63.08189,-17.55844],[-63.08188,-17.55844],[-63.08188,-17.55843],[-63.08187,-17.55843],[-63.08186,-17.55842],[-63.08185,-17.55842],[-63.08185,-17.55841],[-63.08185,-17.5584],[-63.08184,-17.5584],[-63.08184,-17.55839],[-63.08184,-17.55838],[-63.08184,-17.55837],[-63.08184,-17.55836]]},"properties":{"description":"Colindantes","styleUrl":"#line3","stroke-opacity":1,"stroke":"#000000","stroke-width":1,"name":"FONDO"}},
{"type":"Feature","geometry":{"type":"LineString","coordinates":[[-63.08184,-17.55836],[-63.08194,-17.55796]]},"properties":{"description":"Colindantes","styleUrl":"#line3","stroke-opacity":1,"stroke":"#000000","stroke-width":1,"name":"FONDO"}},
{"type":"Feature","geometry":{"type":"LineString","coordinates":[[-63.08194,-17.55796],[-63.08194,-17.55795],[-63.08195,-17.55795],[-63.08195,-17.55794],[-63.08195,-17.55793],[-63.08196,-17.55793],[-63.08196,-17.55792],[-63.08197,-17.55792],[-63.08198,-17.55792],[-63.08198,-17.55791],[-63.08199,-17.55791],[-63.082,-17.55791],[-63.08201,-17.55791],[-63.08202,-17.55791]]},"properties":{"description":"Colindantes","styleUrl":"#line3","stroke-opacity":1,"stroke":"#000000","stroke-width":1,"name":"FONDO"}},
{"type":"Feature","geometry":{"type":"LineString","coordinates":[[-63.08202,-17.55791],[-63.08308,-17.55814]]},"properties":{"description":"Colindantes","styleUrl":"#line3","stroke-opacity":1,"stroke":"#000000","stroke-width":1,"name":"FONDO"}},
{"type":"Feature","geometry":{"type":"LineString","coordinates":[[-63.08308,-17.55814],[-63.08309,-17.55814],[-63.0831,-17.55814],[-63.08311,-17.55814],[-63.08311,-17.55815],[-63.08312,-17.55815],[-63.08312,-17.55816],[-63.08313,-17.55816],[-63.08313,-17.55817],[-63.08314,-17.55817],[-63.08314,-17.55818],[-63.08314,-17.55819],[-63.08315,-17.55819],[-63.08315,-17.5582],[-63.08315,-17.55821],[-63.08315,-17.55822],[-63.08315,-17.55823]]},"properties":{"description":"Colindantes","styleUrl":"#line3","stroke-opacity":1,"stroke":"#000000","stroke-width":1,"name":"FONDO"}},
{"type":"Feature","geometry":{"type":"LineString","coordinates":[[-63.08315,-17.55823],[-63.08306,-17.5586]]},"properties":{"description":"Colindantes","styleUrl":"#line3","stroke-opacity":1,"stroke":"#000000","stroke-width":1,"name":"FONDO"}},
{"type":"Feature","geometry":{"type":"LineString","coordinates":[[-63.08306,-17.5586],[-63.08306,-17.55861],[-63.08306,-17.55862],[-63.08305,-17.55862],[-63.08305,-17.55863],[-63.08305,-17.55864],[-63.08304,-17.55864],[-63.08304,-17.55865],[-63.08303,-17.55865],[-63.08302,-17.55865],[-63.08302,-17.55866],[-63.08301,-17.55866],[-63.083,-17.55866],[-63.083,-17.55867],[-63.08299,-17.55867],[-63.08298,-17.55867],[-63.08297,-17.55867],[-63.08296,-17.55867]]},"properties":{"description":"Colindantes","styleUrl":"#line3","stroke-opacity":1,"stroke":"#000000","stroke-width":1,"name":"FONDO"}},
{"type":"Feature","geometry":{"type":"LineString","coordinates":[[-63.0817,-17.55919],[-63.08212,-17.55928]]},"properties":{"description":"Colindantes","styleUrl":"#line3","stroke-opacity":1,"stroke":"#000000","stroke-width":1,"name":"FONDO"}},
{"type":"Feature","geometry":{"type":"LineString","coordinates":[[-63.08162,-17.55924],[-63.08162,-17.55923],[-63.08163,-17.55923],[-63.08163,-17.55922],[-63.08163,-17.55921],[-63.08164,-17.55921],[-63.08165,-17.55921],[-63.08165,-17.5592],[-63.08166,-17.5592],[-63.08166,-17.55919],[-63.08167,-17.55919],[-63.08168,-17.55919],[-63.08169,-17.55919],[-63.0817,-17.55919]]},"properties":{"description":"Colindantes","styleUrl":"#line3","stroke-opacity":1,"stroke":"#000000","stroke-width":1,"name":"FONDO"}},
{"type":"Feature","geometry":{"type":"LineString","coordinates":[[-63.08212,-17.55928],[-63.08213,-17.55928],[-63.08213,-17.55929],[-63.08214,-17.55929],[-63.08215,-17.55929],[-63.08215,-17.5593],[-63.08216,-17.5593],[-63.08216,-17.55931],[-63.08217,-17.55931],[-63.08217,-17.55932],[-63.08217,-17.55933],[-63.08217,-17.55934],[-63.08218,-17.55934],[-63.08218,-17.55935],[-63.08217,-17.55935],[-63.08217,-17.55936]]},"properties":{"description":"Colindantes","styleUrl":"#line3","stroke-opacity":1,"stroke":"#000000","stroke-width":1,"name":"FONDO"}},
{"type":"Feature","geometry":{"type":"LineString","coordinates":[[-63.08217,-17.55936],[-63.08178,-17.56093]]},"properties":{"description":"Colindantes","styleUrl":"#line3","stroke-opacity":1,"stroke":"#000000","stroke-width":1,"name":"FONDO"}},
{"type":"Feature","geometry":null,"properties":{"description":"Colindantes","styleUrl":"#line3","stroke-opacity":1,"stroke":"#000000","stroke-width":1,"name":"FONDO"}},
{"type":"Feature","geometry":{"type":"LineString","coordinates":[[-63.08161,-17.5585],[-63.08162,-17.5585],[-63.08163,-17.5585],[-63.08163,-17.55851],[-63.08164,-17.55851],[-63.08164,-17.55852],[-63.08165,-17.55852],[-63.08165,-17.55853],[-63.08166,-17.55853],[-63.08166,-17.55854],[-63.08166,-17.55855],[-63.08166,-17.55856],[-63.08166,-17.55857]]},"properties":{"description":"Colindantes","styleUrl":"#line3","stroke-opacity":1,"stroke":"#000000","stroke-width":1,"name":"FONDO"}},
{"type":"Feature","geometry":{"type":"LineString","coordinates":[[-63.08166,-17.55857],[-63.08156,-17.55898]]},"properties":{"description":"Colindantes","styleUrl":"#line3","stroke-opacity":1,"stroke":"#000000","stroke-width":1,"name":"FONDO"}},
{"type":"Feature","geometry":{"type":"LineString","coordinates":[[-63.08156,-17.55898],[-63.08156,-17.55899],[-63.08155,-17.55899],[-63.08155,-17.559],[-63.08155,-17.55901],[-63.08154,-17.55901],[-63.08154,-17.55902],[-63.08153,-17.55902],[-63.08152,-17.55902],[-63.08152,-17.55903],[-63.08151,-17.55903],[-63.0815,-17.55903],[-63.08149,-17.55903],[-63.08148,-17.55903]]},"properties":{"description":"Colindantes","styleUrl":"#line3","stroke-opacity":1,"stroke":"#000000","stroke-width":1,"name":"FONDO"}},
{"type":"Feature","geometry":{"type":"LineString","coordinates":[[-63.08148,-17.55903],[-63.08042,-17.5588]]},"properties":{"description":"Colindantes","styleUrl":"#line3","stroke-opacity":1,"stroke":"#000000","stroke-width":1,"name":"FONDO"}},
{"type":"Feature","geometry":{"type":"LineString","coordinates":[[-63.08042,-17.5588],[-63.08041,-17.5588],[-63.08041,-17.55879],[-63.0804,-17.55879],[-63.08039,-17.55879],[-63.08039,-17.55878],[-63.08038,-17.55878],[-63.08038,-17.55877]]},"properties":{"description":"Colindantes","styleUrl":"#line3","stroke-opacity":1,"stroke":"#000000","stroke-width":1,"name":"FONDO"}},
{"type":"Feature","geometry":{"type":"LineString","coordinates":[[-63.08038,-17.55877],[-63.08009,-17.55828]]},"properties":{"description":"Colindantes","styleUrl":"#line3","stroke-opacity":1,"stroke":"#000000","stroke-width":1,"name":"FONDO"}},
{"type":"Feature","geometry":{"type":"LineString","coordinates":[[-63.08009,-17.55828],[-63.08009,-17.55827],[-63.08008,-17.55827],[-63.08008,-17.55826],[-63.08008,-17.55825],[-63.08008,-17.55824],[-63.08008,-17.55823],[-63.08009,-17.55823],[-63.08009,-17.55822],[-63.08009,-17.55821],[-63.0801,-17.55821],[-63.0801,-17.5582],[-63.08011,-17.5582],[-63.08011,-17.55819],[-63.08012,-17.55819],[-63.08013,-17.55819],[-63.08014,-17.55819],[-63.08015,-17.55819],[-63.08016,-17.55819]]},"properties":{"description":"Colindantes","styleUrl":"#line3","stroke-opacity":1,"stroke":"#000000","stroke-width":1,"name":"FONDO"}},
{"type":"Feature","geometry":{"type":"LineString","coordinates":[[-63.08016,-17.55819],[-63.08161,-17.5585]]},"properties":{"description":"Colindantes","styleUrl":"#line3","stroke-opacity":1,"stroke":"#000000","stroke-width":1,"name":"FONDO"}},
{"type":"Feature","geometry":{"type":"LineString","coordinates":[[-63.08525,-17.54925],[-63.08517,-17.54959]]},"properties":{"description":"Colindantes","styleUrl":"#line3","stroke-opacity":1,"stroke":"#000000","stroke-width":1,"name":"FONDO"}},
{"type":"Feature","geometry":{"type":"LineString","coordinates":[[-63.08517,-17.54959],[-63.08517,-17.5496],[-63.08517,-17.54961],[-63.08516,-17.54961],[-63.08516,-17.54962],[-63.08516,-17.54963],[-63.08515,-17.54963],[-63.08515,-17.54964],[-63.08514,-17.54964],[-63.08513,-17.54964],[-63.08513,-17.54965],[-63.08512,-17.54965],[-63.08511,-17.54965],[-63.0851,-17.54965],[-63.08509,-17.54965],[-63.08508,-17.54965],[-63.08507,-17.54965]]},"properties":{"description":"Colindantes","styleUrl":"#line3","stroke-opacity":1,"stroke":"#000000","stroke-width":1,"name":"FONDO"}},
{"type":"Feature","geometry":{"type":"LineString","coordinates":[[-63.08507,-17.54965],[-63.08335,-17.54928]]},"properties":{"description":"Colindantes","styleUrl":"#line3","stroke-opacity":1,"stroke":"#000000","stroke-width":1,"name":"FONDO"}},
{"type":"Feature","geometry":{"type":"LineString","coordinates":[[-63.08335,-17.54928],[-63.08334,-17.54928],[-63.08333,-17.54928],[-63.08333,-17.54927],[-63.08332,-17.54927],[-63.08332,-17.54926],[-63.08331,-17.54926],[-63.08331,-17.54925],[-63.0833,-17.54925],[-63.0833,-17.54924],[-63.0833,-17.54923],[-63.0833,-17.54922],[-63.0833,-17.54921]]},"properties":{"description":"Colindantes","styleUrl":"#line3","stroke-opacity":1,"stroke":"#000000","stroke-width":1,"name":"FONDO"}},
{"type":"Feature","geometry":{"type":"LineString","coordinates":[[-63.0833,-17.54921],[-63.08339,-17.54882]]},"properties":{"description":"Colindantes","styleUrl":"#line3","stroke-opacity":1,"stroke":"#000000","stroke-width":1,"name":"FONDO"}},
{"type":"Feature","geometry":{"type":"LineString","coordinates":[[-63.08339,-17.54882],[-63.08339,-17.54881],[-63.0834,-17.54881],[-63.0834,-17.5488],[-63.0834,-17.54879],[-63.08341,-17.54879],[-63.08341,-17.54878],[-63.08342,-17.54878],[-63.08342,-17.54877],[-63.08343,-17.54877],[-63.08344,-17.54877],[-63.08344,-17.54876],[-63.08345,-17.54876],[-63.08346,-17.54876],[-63.08347,-17.54876],[-63.08348,-17.54876],[-63.08349,-17.54876]]},"properties":{"description":"Colindantes","styleUrl":"#line3","stroke-opacity":1,"stroke":"#000000","stroke-width":1,"name":"FONDO"}},
{"type":"Feature","geometry":{"type":"LineString","coordinates":[[-63.08349,-17.54876],[-63.08517,-17.54912]]},"properties":{"description":"Colindantes","styleUrl":"#line3","stroke-opacity":1,"stroke":"#000000","stroke-width":1,"name":"FONDO"}},
{"type":"Feature","geometry":{"type":"LineString","coordinates":[[-63.08517,-17.54912],[-63.08518,-17.54912],[-63.08519,-17.54912],[-63.08519,-17.54913],[-63.0852,-17.54913],[-63.08521,-17.54913],[-63.08521,-17.54914],[-63.08522,-17.54914],[-63.08522,-17.54915],[-63.08523,-17.54915],[-63.08523,-17.54916],[-63.08524,-17.54916],[-63.08524,-17.54917],[-63.08525,-17.54918],[-63.08525,-17.54919],[-63.08525,-17.5492],[-63.08526,-17.5492],[-63.08526,-17.54921],[-63.08526,-17.54922],[-63.08526,-17.54923],[-63.08526,-17.54924],[-63.08525,-17.54924],[-63.08525,-17.54925]]},"properties":{"description":"Colindantes","styleUrl":"#line3","stroke-opacity":1,"stroke":"#000000","stroke-width":1,"name":"FONDO"}},
{"type":"Feature","geometry":{"type":"LineString","coordinates":[[-63.08547,-17.54835],[-63.08532,-17.54896]]},"properties":{"description":"Colindantes","styleUrl":"#line3","stroke-opacity":1,"stroke":"#000000","stroke-width":1,"name":"FONDO"}},
{"type":"Feature","geometry":{"type":"LineString","coordinates":[[-63.08146,-17.54814],[-63.08145,-17.54814],[-63.08144,-17.54814],[-63.08144,-17.54813],[-63.08143,-17.54813],[-63.08142,-17.54813],[-63.08142,-17.54812],[-63.08141,-17.54812],[-63.08141,-17.54811],[-63.0814,-17.54811]]},"properties":{"description":"Colindantes","styleUrl":"#line3","stroke-opacity":1,"stroke":"#000000","stroke-width":1,"name":"FONDO"}},
{"type":"Feature","geometry":{"type":"LineString","coordinates":[[-63.0814,-17.54811],[-63.08136,-17.54806]]},"properties":{"description":"Colindantes","styleUrl":"#line3","stroke-opacity":1,"stroke":"#000000","stroke-width":1,"name":"FONDO"}},
{"type":"Feature","geometry":{"type":"LineString","coordinates":[[-63.08136,-17.54806],[-63.08135,-17.54806],[-63.08135,-17.54805],[-63.08134,-17.54805],[-63.08134,-17.54804],[-63.08134,-17.54803],[-63.08133,-17.54803],[-63.08133,-17.54802],[-63.08133,-17.54801],[-63.08132,-17.54801],[-63.08132,-17.548],[-63.08132,-17.54799],[-63.08132,-17.54798],[-63.08132,-17.54797],[-63.08131,-17.54797],[-63.08131,-17.54796],[-63.08131,-17.54795],[-63.08131,-17.54794],[-63.08132,-17.54794],[-63.08132,-17.54793],[-63.08132,-17.54792],[-63.08132,-17.54791],[-63.08132,-17.5479],[-63.08133,-17.5479],[-63.08133,-17.54789],[-63.08133,-17.54788],[-63.08134,-17.54787],[-63.08134,-17.54786],[-63.08135,-17.54786],[-63.08135,-17.54785],[-63.08136,-17.54785],[-63.08136,-17.54784],[-63.08137,-17.54784],[-63.08137,-17.54783]]},"properties":{"description":"Colindantes","styleUrl":"#line3","stroke-opacity":1,"stroke":"#000000","stroke-width":1,"name":"FONDO"}},
{"type":"Feature","geometry":{"type":"LineString","coordinates":[[-63.08137,-17.54783],[-63.08192,-17.54734]]},"properties":{"description":"Colindantes","styleUrl":"#line3","stroke-opacity":1,"stroke":"#000000","stroke-width":1,"name":"FONDO"}},
{"type":"Feature","geometry":{"type":"LineString","coordinates":[[-63.07994,-17.55826],[-63.08023,-17.55876]]},"properties":{"description":"Colindantes","styleUrl":"#line3","stroke-opacity":1,"stroke":"#000000","stroke-width":1,"name":"FONDO"}},
{"type":"Feature","geometry":{"type":"LineString","coordinates":[[-63.08023,-17.55876],[-63.08023,-17.55877],[-63.08024,-17.55877],[-63.08024,-17.55878],[-63.08024,-17.55879],[-63.08024,-17.5588],[-63.08024,-17.55881]]},"properties":{"description":"Colindantes","styleUrl":"#line3","stroke-opacity":1,"stroke":"#000000","stroke-width":1,"name":"FONDO"}},
{"type":"Feature","geometry":{"type":"LineString","coordinates":[[-63.08024,-17.55881],[-63.08012,-17.55933]]},"properties":{"description":"Colindantes","styleUrl":"#line3","stroke-opacity":1,"stroke":"#000000","stroke-width":1,"name":"FONDO"}},
{"type":"Feature","geometry":{"type":"LineString","coordinates":[[-63.08042,-17.55908],[-63.08107,-17.56018]]},"properties":{"description":"Colindantes","styleUrl":"#line3","stroke-opacity":1,"stroke":"#000000","stroke-width":1,"name":"FONDO"}},
{"type":"Feature","geometry":{"type":"LineString","coordinates":[[-63.08107,-17.56018],[-63.08107,-17.56019],[-63.08108,-17.56019],[-63.08108,-17.5602],[-63.08108,-17.56021],[-63.08108,-17.56022],[-63.08108,-17.56023],[-63.08107,-17.56023],[-63.08107,-17.56024],[-63.08107,-17.56025],[-63.08106,-17.56025],[-63.08106,-17.56026],[-63.08105,-17.56026],[-63.08105,-17.56027],[-63.08104,-17.56027],[-63.08103,-17.56027],[-63.08102,-17.56028],[-63.08101,-17.56028],[-63.081,-17.56028],[-63.081,-17.56027]]},"properties":{"description":"Colindantes","styleUrl":"#line3","stroke-opacity":1,"stroke":"#000000","stroke-width":1,"name":"FONDO"}},
{"type":"Feature","geometry":{"type":"LineString","coordinates":[[-63.081,-17.56027],[-63.08014,-17.56009]]},"properties":{"description":"Colindantes","styleUrl":"#line3","stroke-opacity":1,"stroke":"#000000","stroke-width":1,"name":"FONDO"}},
{"type":"Feature","geometry":{"type":"LineString","coordinates":[[-63.08014,-17.56009],[-63.08013,-17.56009],[-63.08012,-17.56009],[-63.08012,-17.56008],[-63.08011,-17.56008],[-63.08011,-17.56007],[-63.0801,-17.56007],[-63.0801,-17.56006],[-63.08009,-17.56006],[-63.08009,-17.56005],[-63.08009,-17.56004],[-63.08008,-17.56004],[-63.08008,-17.56003],[-63.08008,-17.56002],[-63.08009,-17.56002],[-63.08009,-17.56001]]},"properties":{"description":"Colindantes","styleUrl":"#line3","stroke-opacity":1,"stroke":"#000000","stroke-width":1,"name":"FONDO"}},
{"type":"Feature","geometry":{"type":"LineString","coordinates":[[-63.08009,-17.56001],[-63.0803,-17.5591]]},"properties":{"description":"Colindantes","styleUrl":"#line3","stroke-opacity":1,"stroke":"#000000","stroke-width":1,"name":"FONDO"}},
{"type":"Feature","geometry":{"type":"LineString","coordinates":[[-63.0803,-17.5591],[-63.0803,-17.55909],[-63.0803,-17.55908],[-63.08031,-17.55908],[-63.08031,-17.55907],[-63.08032,-17.55907],[-63.08032,-17.55906],[-63.08033,-17.55906],[-63.08034,-17.55905],[-63.08035,-17.55905],[-63.08036,-17.55905],[-63.08037,-17.55905],[-63.08038,-17.55905],[-63.08039,-17.55905],[-63.08039,-17.55906],[-63.0804,-17.55906],[-63.08041,-17.55906],[-63.08041,-17.55907],[-63.08042,-17.55907],[-63.08042,-17.55908]]},"properties":{"description":"Colindantes","styleUrl":"#line3","stroke-opacity":1,"stroke":"#000000","stroke-width":1,"name":"FONDO"}},
{"type":"Feature","geometry":{"type":"LineString","coordinates":[[-63.08202,-17.56196],[-63.0821,-17.56198]]},"properties":{"description":"Colindantes","styleUrl":"#line3","stroke-opacity":1,"stroke":"#000000","stroke-width":1,"name":"FONDO"}},
{"type":"Feature","geometry":{"type":"LineString","coordinates":[[-63.0821,-17.56198],[-63.08211,-17.56198],[-63.08211,-17.56199],[-63.08212,-17.56199],[-63.08213,-17.56199],[-63.08213,-17.562],[-63.08214,-17.562],[-63.08214,-17.56201],[-63.08215,-17.56201],[-63.08215,-17.56202],[-63.08216,-17.56202]]},"properties":{"description":"Colindantes","styleUrl":"#line3","stroke-opacity":1,"stroke":"#000000","stroke-width":1,"name":"FONDO"}},
{"type":"Feature","geometry":{"type":"LineString","coordinates":[[-63.08216,-17.56202],[-63.08218,-17.56207]]},"properties":{"description":"Colindantes","styleUrl":"#line3","stroke-opacity":1,"stroke":"#000000","stroke-width":1,"name":"FONDO"}},
{"type":"Feature","geometry":{"type":"LineString","coordinates":[[-63.08218,-17.56207],[-63.08219,-17.56207],[-63.08219,-17.56208],[-63.08219,-17.56209],[-63.08219,-17.5621],[-63.08219,-17.56211],[-63.08219,-17.56212]]},"properties":{"description":"Colindantes","styleUrl":"#line3","stroke-opacity":1,"stroke":"#000000","stroke-width":1,"name":"FONDO"}},
{"type":"Feature","geometry":{"type":"LineString","coordinates":[[-63.08219,-17.56212],[-63.08219,-17.56214]]},"properties":{"description":"Colindantes","styleUrl":"#line3","stroke-opacity":1,"stroke":"#000000","stroke-width":1,"name":"FONDO"}},
{"type":"Feature","geometry":{"type":"LineString","coordinates":[[-63.08219,-17.56214],[-63.08217,-17.56223]]},"properties":{"description":"Colindantes","styleUrl":"#line3","stroke-opacity":1,"stroke":"#000000","stroke-width":1,"name":"FONDO"}},
{"type":"Feature","geometry":{"type":"LineString","coordinates":[[-63.08217,-17.56223],[-63.08214,-17.56232]]},"properties":{"description":"Colindantes","styleUrl":"#line3","stroke-opacity":1,"stroke":"#000000","stroke-width":1,"name":"FONDO"}},
{"type":"Feature","geometry":{"type":"LineString","coordinates":[[-63.08214,-17.56232],[-63.08212,-17.5624]]},"properties":{"description":"Colindantes","styleUrl":"#line3","stroke-opacity":1,"stroke":"#000000","stroke-width":1,"name":"FONDO"}},
{"type":"Feature","geometry":{"type":"LineString","coordinates":[[-63.08212,-17.5624],[-63.0821,-17.56249]]},"properties":{"description":"Colindantes","styleUrl":"#line3","stroke-opacity":1,"stroke":"#000000","stroke-width":1,"name":"FONDO"}},
{"type":"Feature","geometry":{"type":"LineString","coordinates":[[-63.0821,-17.56249],[-63.08208,-17.56258]]},"properties":{"description":"Colindantes","styleUrl":"#line3","stroke-opacity":1,"stroke":"#000000","stroke-width":1,"name":"FONDO"}},
{"type":"Feature","geometry":{"type":"LineString","coordinates":[[-63.08208,-17.56258],[-63.08206,-17.56263]]},"properties":{"description":"Colindantes","styleUrl":"#line3","stroke-opacity":1,"stroke":"#000000","stroke-width":1,"name":"FONDO"}},
{"type":"Feature","geometry":{"type":"LineString","coordinates":[[-63.08062,-17.55896],[-63.08145,-17.55914]]},"properties":{"description":"Colindantes","styleUrl":"#line3","stroke-opacity":1,"stroke":"#000000","stroke-width":1,"name":"FONDO"}},
{"type":"Feature","geometry":{"type":"LineString","coordinates":[[-63.08145,-17.55914],[-63.08146,-17.55914],[-63.08147,-17.55914],[-63.08147,-17.55915],[-63.08148,-17.55915],[-63.08148,-17.55916],[-63.08149,-17.55916],[-63.08149,-17.55917],[-63.0815,-17.55917],[-63.0815,-17.55918],[-63.0815,-17.55919],[-63.0815,-17.5592],[-63.0815,-17.55921],[-63.0815,-17.55922]]},"properties":{"description":"Colindantes","styleUrl":"#line3","stroke-opacity":1,"stroke":"#000000","stroke-width":1,"name":"FONDO"}},
{"type":"Feature","geometry":{"type":"LineString","coordinates":[[-63.0815,-17.55922],[-63.08129,-17.56009]]},"properties":{"description":"Colindantes","styleUrl":"#line3","stroke-opacity":1,"stroke":"#000000","stroke-width":1,"name":"FONDO"}},
{"type":"Feature","geometry":{"type":"LineString","coordinates":[[-63.08129,-17.56009],[-63.08128,-17.56009],[-63.08128,-17.5601],[-63.08128,-17.56011],[-63.08127,-17.56011],[-63.08127,-17.56012],[-63.08126,-17.56012],[-63.08125,-17.56012],[-63.08125,-17.56013],[-63.08124,-17.56013],[-63.08123,-17.56013],[-63.08122,-17.56013],[-63.08121,-17.56013],[-63.0812,-17.56013],[-63.08119,-17.56013],[-63.08119,-17.56012],[-63.08118,-17.56012],[-63.08117,-17.56012],[-63.08117,-17.56011],[-63.08117,-17.5601],[-63.08116,-17.5601]]},"properties":{"description":"Colindantes","styleUrl":"#line3","stroke-opacity":1,"stroke":"#000000","stroke-width":1,"name":"FONDO"}},
{"type":"Feature","geometry":{"type":"LineString","coordinates":[[-63.08116,-17.5601],[-63.08055,-17.55905]]},"properties":{"description":"Colindantes","styleUrl":"#line3","stroke-opacity":1,"stroke":"#000000","stroke-width":1,"name":"FONDO"}},
{"type":"Feature","geometry":{"type":"LineString","coordinates":[[-63.08055,-17.55905],[-63.08054,-17.55905],[-63.08054,-17.55904],[-63.08054,-17.55903],[-63.08054,-17.55902],[-63.08054,-17.55901],[-63.08054,-17.559],[-63.08054,-17.55899],[-63.08055,-17.55899],[-63.08055,-17.55898],[-63.08056,-17.55898],[-63.08056,-17.55897],[-63.08057,-17.55897],[-63.08058,-17.55897],[-63.08058,-17.55896],[-63.08059,-17.55896],[-63.0806,-17.55896],[-63.08061,-17.55896],[-63.08062,-17.55896]]},"properties":{"description":"Colindantes","styleUrl":"#line3","stroke-opacity":1,"stroke":"#000000","stroke-width":1,"name":"FONDO"}},
{"type":"Feature","geometry":{"type":"LineString","coordinates":[[-63.08311,-17.55802],[-63.08104,-17.55758]]},"properties":{"description":"Colindantes","styleUrl":"#line3","stroke-opacity":1,"stroke":"#000000","stroke-width":1,"name":"FONDO"}},
{"type":"Feature","geometry":{"type":"LineString","coordinates":[[-63.08104,-17.55758],[-63.08103,-17.55758],[-63.08102,-17.55758],[-63.08102,-17.55757],[-63.08101,-17.55757],[-63.08101,-17.55756],[-63.081,-17.55756],[-63.081,-17.55755],[-63.08099,-17.55755],[-63.08099,-17.55754],[-63.08099,-17.55753],[-63.08098,-17.55753],[-63.08098,-17.55752],[-63.08098,-17.55751],[-63.08098,-17.5575],[-63.08099,-17.5575],[-63.08099,-17.55749],[-63.08099,-17.55748],[-63.081,-17.55748],[-63.081,-17.55747],[-63.08101,-17.55747],[-63.08101,-17.55746]]},"properties":{"description":"Colindantes","styleUrl":"#line3","stroke-opacity":1,"stroke":"#000000","stroke-width":1,"name":"FONDO"}},
{"type":"Feature","geometry":{"type":"LineString","coordinates":[[-63.08101,-17.55746],[-63.0814,-17.55721]]},"properties":{"description":"Colindantes","styleUrl":"#line3","stroke-opacity":1,"stroke":"#000000","stroke-width":1,"name":"FONDO"}},
{"type":"Feature","geometry":{"type":"LineString","coordinates":[[-63.08148,-17.55715],[-63.08147,-17.55715],[-63.08147,-17.55716],[-63.08146,-17.55716],[-63.08146,-17.55717],[-63.08145,-17.55717],[-63.08145,-17.55718],[-63.08144,-17.55718],[-63.08143,-17.55718],[-63.08143,-17.55719],[-63.08142,-17.55719],[-63.08142,-17.5572],[-63.08141,-17.5572],[-63.0814,-17.5572],[-63.0814,-17.55721]]},"properties":{"description":"Colindantes","styleUrl":"#line3","stroke-opacity":1,"stroke":"#000000","stroke-width":1,"name":"FONDO"}},
{"type":"Feature","geometry":{"type":"LineString","coordinates":[[-63.08148,-17.55715],[-63.08148,-17.55714],[-63.08149,-17.55714],[-63.0815,-17.55714],[-63.0815,-17.55713],[-63.08151,-17.55713],[-63.08152,-17.55713],[-63.08153,-17.55713],[-63.08154,-17.55713]]},"properties":{"description":"Colindantes","styleUrl":"#line3","stroke-opacity":1,"stroke":"#000000","stroke-width":1,"name":"FONDO"}},
{"type":"Feature","geometry":{"type":"LineString","coordinates":[[-63.08154,-17.55713],[-63.08323,-17.55749]]},"properties":{"description":"Colindantes","styleUrl":"#line3","stroke-opacity":1,"stroke":"#000000","stroke-width":1,"name":"FONDO"}},
{"type":"Feature","geometry":{"type":"LineString","coordinates":[[-63.08323,-17.55749],[-63.08324,-17.55749],[-63.08324,-17.5575],[-63.08325,-17.5575],[-63.08326,-17.5575],[-63.08326,-17.55751],[-63.08327,-17.55751],[-63.08327,-17.55752],[-63.08328,-17.55752],[-63.08328,-17.55753],[-63.08329,-17.55753],[-63.08329,-17.55754],[-63.08329,-17.55755],[-63.08329,-17.55756],[-63.0833,-17.55756],[-63.0833,-17.55757],[-63.0833,-17.55758],[-63.08329,-17.55758],[-63.08329,-17.55759]]},"properties":{"description":"Colindantes","styleUrl":"#line3","stroke-opacity":1,"stroke":"#000000","stroke-width":1,"name":"FONDO"}},
{"type":"Feature","geometry":{"type":"LineString","coordinates":[[-63.08329,-17.55759],[-63.08321,-17.55796]]},"properties":{"description":"Colindantes","styleUrl":"#line3","stroke-opacity":1,"stroke":"#000000","stroke-width":1,"name":"FONDO"}},
{"type":"Feature","geometry":{"type":"LineString","coordinates":[[-63.08321,-17.55796],[-63.08321,-17.55797],[-63.0832,-17.55797],[-63.0832,-17.55798],[-63.0832,-17.55799],[-63.08319,-17.55799],[-63.08319,-17.558],[-63.08318,-17.558],[-63.08318,-17.55801],[-63.08317,-17.55801],[-63.08316,-17.55801],[-63.08316,-17.55802],[-63.08315,-17.55802],[-63.08314,-17.55802],[-63.08313,-17.55802],[-63.08312,-17.55802],[-63.08311,-17.55802]]},"properties":{"description":"Colindantes","styleUrl":"#line3","stroke-opacity":1,"stroke":"#000000","stroke-width":1,"name":"FONDO"}},
{"type":"Feature","geometry":{"type":"LineString","coordinates":[[-63.08033,-17.5547],[-63.08033,-17.55469],[-63.08032,-17.55469],[-63.08032,-17.55468],[-63.08032,-17.55467],[-63.08031,-17.55467],[-63.08031,-17.55466],[-63.08031,-17.55465],[-63.0803,-17.55465],[-63.0803,-17.55464],[-63.0803,-17.55463],[-63.08029,-17.55463],[-63.08029,-17.55462],[-63.08029,-17.55461],[-63.08029,-17.5546],[-63.08028,-17.5546],[-63.08028,-17.55459],[-63.08028,-17.55458],[-63.08027,-17.55458],[-63.08027,-17.55457],[-63.08027,-17.55456],[-63.08027,-17.55455],[-63.08026,-17.55455],[-63.08026,-17.55454],[-63.08026,-17.55453],[-63.08025,-17.55453],[-63.08025,-17.55452],[-63.08025,-17.55451],[-63.08025,-17.5545],[-63.08024,-17.5545],[-63.08024,-17.55449],[-63.08024,-17.55448],[-63.08024,-17.55447],[-63.08023,-17.55447],[-63.08023,-17.55446],[-63.08023,-17.55445],[-63.08023,-17.55444],[-63.08022,-17.55444],[-63.08022,-17.55443],[-63.08022,-17.55442],[-63.08022,-17.55441],[-63.08022,-17.5544],[-63.08021,-17.5544],[-63.08021,-17.55439],[-63.08021,-17.55438],[-63.08021,-17.55437],[-63.0802,-17.55436],[-63.0802,-17.55435],[-63.0802,-17.55434],[-63.0802,-17.55433],[-63.0802,-17.55432],[-63.08019,-17.55432],[-63.08019,-17.55431],[-63.08019,-17.5543],[-63.08019,-17.55429],[-63.08019,-17.55428],[-63.08018,-17.55427],[-63.08018,-17.55426],[-63.08018,-17.55425],[-63.08018,-17.55424],[-63.08018,-17.55423],[-63.08018,-17.55422]]},"properties":{"description":"Colindantes","styleUrl":"#line3","stroke-opacity":1,"stroke":"#000000","stroke-width":1,"name":"FONDO"}},
{"type":"Feature","geometry":{"type":"LineString","coordinates":[[-63.08018,-17.55422],[-63.08018,-17.55421],[-63.08018,-17.5542],[-63.08018,-17.55419],[-63.08018,-17.55418],[-63.08019,-17.55418],[-63.08019,-17.55417],[-63.0802,-17.55417],[-63.0802,-17.55416],[-63.08021,-17.55416],[-63.08022,-17.55416],[-63.08022,-17.55415],[-63.08023,-17.55415],[-63.08024,-17.55415],[-63.08025,-17.55415],[-63.08026,-17.55415]]},"properties":{"description":"Colindantes","styleUrl":"#line3","stroke-opacity":1,"stroke":"#000000","stroke-width":1,"name":"FONDO"}},
{"type":"Feature","geometry":{"type":"LineString","coordinates":[[-63.08026,-17.55415],[-63.08188,-17.5545]]},"properties":{"description":"Colindantes","styleUrl":"#line3","stroke-opacity":1,"stroke":"#000000","stroke-width":1,"name":"FONDO"}},
{"type":"Feature","geometry":{"type":"LineString","coordinates":[[-63.08188,-17.5545],[-63.08189,-17.5545],[-63.0819,-17.5545],[-63.0819,-17.55451],[-63.08191,-17.55451],[-63.08191,-17.55452],[-63.08192,-17.55452],[-63.08192,-17.55453],[-63.08193,-17.55454],[-63.08193,-17.55455],[-63.08193,-17.55456],[-63.08193,-17.55457]]},"properties":{"description":"Colindantes","styleUrl":"#line3","stroke-opacity":1,"stroke":"#000000","stroke-width":1,"name":"FONDO"}},
{"type":"Feature","geometry":{"type":"LineString","coordinates":[[-63.08193,-17.55457],[-63.08183,-17.55498]]},"properties":{"description":"Colindantes","styleUrl":"#line3","stroke-opacity":1,"stroke":"#000000","stroke-width":1,"name":"FONDO"}},
{"type":"Feature","geometry":{"type":"LineString","coordinates":[[-63.08183,-17.55498],[-63.08183,-17.55499],[-63.08183,-17.555],[-63.08182,-17.555],[-63.08182,-17.55501],[-63.08181,-17.55501],[-63.08181,-17.55502],[-63.0818,-17.55502],[-63.0818,-17.55503],[-63.08179,-17.55503],[-63.08178,-17.55503],[-63.08177,-17.55503],[-63.08176,-17.55503]]},"properties":{"description":"Colindantes","styleUrl":"#line3","stroke-opacity":1,"stroke":"#000000","stroke-width":1,"name":"FONDO"}},
{"type":"Feature","geometry":{"type":"LineString","coordinates":[[-63.08176,-17.55503],[-63.08037,-17.55473]]},"properties":{"description":"Colindantes","styleUrl":"#line3","stroke-opacity":1,"stroke":"#000000","stroke-width":1,"name":"FONDO"}},
{"type":"Feature","geometry":{"type":"LineString","coordinates":[[-63.08037,-17.55473],[-63.08036,-17.55473],[-63.08035,-17.55473],[-63.08035,-17.55472],[-63.08034,-17.55472],[-63.08034,-17.55471],[-63.08033,-17.55471],[-63.08033,-17.5547]]},"properties":{"description":"Colindantes","styleUrl":"#line3","stroke-opacity":1,"stroke":"#000000","stroke-width":1,"name":"FONDO"}},
{"type":"Feature","geometry":{"type":"LineString","coordinates":[[-63.08044,-17.55284],[-63.08218,-17.55321]]},"properties":{"description":"Colindantes","styleUrl":"#line3","stroke-opacity":1,"stroke":"#000000","stroke-width":1,"name":"FONDO"}},
{"type":"Feature","geometry":{"type":"LineString","coordinates":[[-63.08218,-17.55321],[-63.08219,-17.55321],[-63.08219,-17.55322],[-63.0822,-17.55322],[-63.08221,-17.55322],[-63.08221,-17.55323],[-63.08222,-17.55323],[-63.08222,-17.55324],[-63.08222,-17.55325],[-63.08223,-17.55325],[-63.08223,-17.55326],[-63.08223,-17.55327],[-63.08223,-17.55328],[-63.08223,-17.55329]]},"properties":{"description":"Colindantes","styleUrl":"#line3","stroke-opacity":1,"stroke":"#000000","stroke-width":1,"name":"FONDO"}},
{"type":"Feature","geometry":{"type":"LineString","coordinates":[[-63.08223,-17.55329],[-63.08213,-17.55369]]},"properties":{"description":"Colindantes","styleUrl":"#line3","stroke-opacity":1,"stroke":"#000000","stroke-width":1,"name":"FONDO"}},
{"type":"Feature","geometry":{"type":"LineString","coordinates":[[-63.08213,-17.55369],[-63.08213,-17.5537],[-63.08213,-17.55371],[-63.08212,-17.55371],[-63.08212,-17.55372],[-63.08211,-17.55372],[-63.08211,-17.55373],[-63.0821,-17.55373],[-63.0821,-17.55374],[-63.08209,-17.55374],[-63.08208,-17.55374],[-63.08207,-17.55374],[-63.08206,-17.55374]]},"properties":{"description":"Colindantes","styleUrl":"#line3","stroke-opacity":1,"stroke":"#000000","stroke-width":1,"name":"FONDO"}},
{"type":"Feature","geometry":{"type":"LineString","coordinates":[[-63.08206,-17.55374],[-63.08031,-17.55337]]},"properties":{"description":"Colindantes","styleUrl":"#line3","stroke-opacity":1,"stroke":"#000000","stroke-width":1,"name":"FONDO"}},
{"type":"Feature","geometry":{"type":"LineString","coordinates":[[-63.08031,-17.55337],[-63.0803,-17.55337],[-63.0803,-17.55336],[-63.08029,-17.55336],[-63.08028,-17.55336],[-63.08028,-17.55335],[-63.08027,-17.55335],[-63.08027,-17.55334],[-63.08027,-17.55333],[-63.08026,-17.55333],[-63.08026,-17.55332],[-63.08026,-17.55331],[-63.08026,-17.5533],[-63.08026,-17.55329]]},"properties":{"description":"Colindantes","styleUrl":"#line3","stroke-opacity":1,"stroke":"#000000","stroke-width":1,"name":"FONDO"}},
{"type":"Feature","geometry":{"type":"LineString","coordinates":[[-63.08026,-17.55329],[-63.08036,-17.55289]]},"properties":{"description":"Colindantes","styleUrl":"#line3","stroke-opacity":1,"stroke":"#000000","stroke-width":1,"name":"FONDO"}},
{"type":"Feature","geometry":{"type":"LineString","coordinates":[[-63.08036,-17.55289],[-63.08036,-17.55288],[-63.08036,-17.55287],[-63.08037,-17.55287],[-63.08037,-17.55286],[-63.08037,-17.55285],[-63.08038,-17.55285],[-63.08039,-17.55285],[-63.08039,-17.55284],[-63.0804,-17.55284],[-63.08041,-17.55284],[-63.08042,-17.55284],[-63.08043,-17.55284],[-63.08044,-17.55284]]},"properties":{"description":"Colindantes","styleUrl":"#line3","stroke-opacity":1,"stroke":"#000000","stroke-width":1,"name":"FONDO"}},
{"type":"Feature","geometry":{"type":"LineString","coordinates":[[-63.08015,-17.55396],[-63.08015,-17.55395],[-63.08015,-17.55394],[-63.08015,-17.55393],[-63.08015,-17.55392],[-63.08015,-17.55391],[-63.08015,-17.5539],[-63.08015,-17.55389],[-63.08016,-17.55389],[-63.08016,-17.55388],[-63.08016,-17.55387],[-63.08016,-17.55386],[-63.08016,-17.55385],[-63.08016,-17.55384],[-63.08016,-17.55383],[-63.08016,-17.55382],[-63.08016,-17.55381],[-63.08016,-17.5538],[-63.08016,-17.55379],[-63.08016,-17.55378],[-63.08016,-17.55377],[-63.08016,-17.55376],[-63.08017,-17.55376],[-63.08017,-17.55375],[-63.08017,-17.55374],[-63.08017,-17.55373],[-63.08017,-17.55372],[-63.08017,-17.55371],[-63.08017,-17.5537],[-63.08017,-17.55369],[-63.08018,-17.55369],[-63.08018,-17.55368],[-63.08018,-17.55367],[-63.08018,-17.55366],[-63.08018,-17.55365],[-63.08018,-17.55364],[-63.08018,-17.55363],[-63.08019,-17.55363],[-63.08019,-17.55362],[-63.08019,-17.55361],[-63.08019,-17.5536],[-63.08019,-17.55359],[-63.08019,-17.55358],[-63.0802,-17.55358],[-63.0802,-17.55357]]},"properties":{"description":"Colindantes","styleUrl":"#line3","stroke-opacity":1,"stroke":"#000000","stroke-width":1,"name":"FONDO"}},
{"type":"Feature","geometry":{"type":"LineString","coordinates":[[-63.0802,-17.55357],[-63.08021,-17.55353]]},"properties":{"description":"Colindantes","styleUrl":"#line3","stroke-opacity":1,"stroke":"#000000","stroke-width":1,"name":"FONDO"}},
{"type":"Feature","geometry":{"type":"LineString","coordinates":[[-63.08021,-17.55353],[-63.08021,-17.55352],[-63.08021,-17.55351],[-63.08022,-17.55351],[-63.08022,-17.5535],[-63.08023,-17.5535],[-63.08023,-17.55349],[-63.08024,-17.55349],[-63.08025,-17.55349],[-63.08025,-17.55348],[-63.08026,-17.55348],[-63.08027,-17.55348],[-63.08028,-17.55348],[-63.08029,-17.55348]]},"properties":{"description":"Colindantes","styleUrl":"#line3","stroke-opacity":1,"stroke":"#000000","stroke-width":1,"name":"FONDO"}},
{"type":"Feature","geometry":{"type":"LineString","coordinates":[[-63.08029,-17.55348],[-63.08203,-17.55385]]},"properties":{"description":"Colindantes","styleUrl":"#line3","stroke-opacity":1,"stroke":"#000000","stroke-width":1,"name":"FONDO"}},
{"type":"Feature","geometry":{"type":"LineString","coordinates":[[-63.08203,-17.55385],[-63.08203,-17.55386],[-63.08204,-17.55386],[-63.08205,-17.55386],[-63.08205,-17.55387],[-63.08206,-17.55387],[-63.08206,-17.55388],[-63.08207,-17.55388],[-63.08207,-17.55389],[-63.08208,-17.55389],[-63.08208,-17.5539],[-63.08208,-17.55391],[-63.08208,-17.55392],[-63.08208,-17.55393]]},"properties":{"description":"Colindantes","styleUrl":"#line3","stroke-opacity":1,"stroke":"#000000","stroke-width":1,"name":"FONDO"}},
{"type":"Feature","geometry":{"type":"LineString","coordinates":[[-63.08208,-17.55393],[-63.08198,-17.55434]]},"properties":{"description":"Colindantes","styleUrl":"#line3","stroke-opacity":1,"stroke":"#000000","stroke-width":1,"name":"FONDO"}},
{"type":"Feature","geometry":{"type":"LineString","coordinates":[[-63.08198,-17.55434],[-63.08198,-17.55435],[-63.08198,-17.55436],[-63.08197,-17.55436],[-63.08197,-17.55437],[-63.08196,-17.55437],[-63.08196,-17.55438],[-63.08195,-17.55438],[-63.08194,-17.55438],[-63.08193,-17.55438],[-63.08193,-17.55439],[-63.08192,-17.55439],[-63.08191,-17.55439],[-63.08191,-17.55438]]},"properties":{"description":"Colindantes","styleUrl":"#line3","stroke-opacity":1,"stroke":"#000000","stroke-width":1,"name":"FONDO"}},
{"type":"Feature","geometry":{"type":"LineString","coordinates":[[-63.08191,-17.55438],[-63.08021,-17.55402]]},"properties":{"description":"Colindantes","styleUrl":"#line3","stroke-opacity":1,"stroke":"#000000","stroke-width":1,"name":"FONDO"}},
{"type":"Feature","geometry":{"type":"LineString","coordinates":[[-63.08021,-17.55402],[-63.0802,-17.55402],[-63.08019,-17.55402],[-63.08019,-17.55401],[-63.08018,-17.55401],[-63.08017,-17.55401],[-63.08017,-17.554],[-63.08017,-17.55399],[-63.08016,-17.55399],[-63.08016,-17.55398],[-63.08016,-17.55397],[-63.08015,-17.55397],[-63.08015,-17.55396]]},"properties":{"description":"Colindantes","styleUrl":"#line3","stroke-opacity":1,"stroke":"#000000","stroke-width":1,"name":"FONDO"}},
{"type":"Feature","geometry":{"type":"LineString","coordinates":[[-63.08086,-17.55072],[-63.08095,-17.55031]]},"properties":{"description":"Colindantes","styleUrl":"#line3","stroke-opacity":1,"stroke":"#000000","stroke-width":1,"name":"FONDO"}},
{"type":"Feature","geometry":{"type":"LineString","coordinates":[[-63.08095,-17.55031],[-63.08096,-17.55031],[-63.08096,-17.5503],[-63.08096,-17.55029],[-63.08097,-17.55029],[-63.08097,-17.55028],[-63.08098,-17.55028],[-63.08098,-17.55027],[-63.08099,-17.55027],[-63.08099,-17.55026],[-63.081,-17.55026],[-63.08101,-17.55026],[-63.08102,-17.55026],[-63.08103,-17.55026]]},"properties":{"description":"Colindantes","styleUrl":"#line3","stroke-opacity":1,"stroke":"#000000","stroke-width":1,"name":"FONDO"}},
{"type":"Feature","geometry":{"type":"LineString","coordinates":[[-63.08103,-17.55026],[-63.08278,-17.55063]]},"properties":{"description":"Colindantes","styleUrl":"#line3","stroke-opacity":1,"stroke":"#000000","stroke-width":1,"name":"FONDO"}},
{"type":"Feature","geometry":{"type":"LineString","coordinates":[[-63.08278,-17.55063],[-63.08278,-17.55064],[-63.08279,-17.55064],[-63.0828,-17.55064],[-63.0828,-17.55065],[-63.08281,-17.55065],[-63.08281,-17.55066],[-63.08282,-17.55066],[-63.08282,-17.55067],[-63.08282,-17.55068],[-63.08283,-17.55068],[-63.08283,-17.55069],[-63.08283,-17.5507],[-63.08283,-17.55071]]},"properties":{"description":"Colindantes","styleUrl":"#line3","stroke-opacity":1,"stroke":"#000000","stroke-width":1,"name":"FONDO"}},
{"type":"Feature","geometry":{"type":"LineString","coordinates":[[-63.08283,-17.55071],[-63.08273,-17.55112]]},"properties":{"description":"Colindantes","styleUrl":"#line3","stroke-opacity":1,"stroke":"#000000","stroke-width":1,"name":"FONDO"}},
{"type":"Feature","geometry":{"type":"LineString","coordinates":[[-63.08273,-17.55112],[-63.08273,-17.55113],[-63.08272,-17.55113],[-63.08272,-17.55114],[-63.08272,-17.55115],[-63.08271,-17.55115],[-63.0827,-17.55115],[-63.0827,-17.55116],[-63.08269,-17.55116],[-63.08268,-17.55116],[-63.08267,-17.55116],[-63.08267,-17.55117],[-63.08266,-17.55117],[-63.08266,-17.55116],[-63.08265,-17.55116]]},"properties":{"description":"Colindantes","styleUrl":"#line3","stroke-opacity":1,"stroke":"#000000","stroke-width":1,"name":"FONDO"}},
{"type":"Feature","geometry":{"type":"LineString","coordinates":[[-63.08265,-17.55116],[-63.08091,-17.55079]]},"properties":{"description":"Colindantes","styleUrl":"#line3","stroke-opacity":1,"stroke":"#000000","stroke-width":1,"name":"FONDO"}},
{"type":"Feature","geometry":{"type":"LineString","coordinates":[[-63.08091,-17.55079],[-63.0809,-17.55079],[-63.08089,-17.55079],[-63.08089,-17.55078],[-63.08088,-17.55078],[-63.08088,-17.55077],[-63.08087,-17.55077],[-63.08087,-17.55076],[-63.08086,-17.55076],[-63.08086,-17.55075],[-63.08086,-17.55074],[-63.08086,-17.55073],[-63.08086,-17.55072]]},"properties":{"description":"Colindantes","styleUrl":"#line3","stroke-opacity":1,"stroke":"#000000","stroke-width":1,"name":"FONDO"}},
{"type":"Feature","geometry":{"type":"LineString","coordinates":[[-63.08071,-17.55136],[-63.0808,-17.55095]]},"properties":{"description":"Colindantes","styleUrl":"#line3","stroke-opacity":1,"stroke":"#000000","stroke-width":1,"name":"FONDO"}},
{"type":"Feature","geometry":{"type":"LineString","coordinates":[[-63.0808,-17.55095],[-63.08081,-17.55095],[-63.08081,-17.55094],[-63.08081,-17.55093],[-63.08082,-17.55093],[-63.08082,-17.55092],[-63.08083,-17.55092],[-63.08083,-17.55091],[-63.08084,-17.55091],[-63.08085,-17.55091],[-63.08086,-17.55091],[-63.08086,-17.5509],[-63.08087,-17.5509],[-63.08088,-17.55091]]},"properties":{"description":"Colindantes","styleUrl":"#line3","stroke-opacity":1,"stroke":"#000000","stroke-width":1,"name":"FONDO"}},
{"type":"Feature","geometry":{"type":"LineString","coordinates":[[-63.08088,-17.55091],[-63.08263,-17.55128]]},"properties":{"description":"Colindantes","styleUrl":"#line3","stroke-opacity":1,"stroke":"#000000","stroke-width":1,"name":"FONDO"}},
{"type":"Feature","geometry":{"type":"LineString","coordinates":[[-63.08263,-17.55128],[-63.08264,-17.55128],[-63.08264,-17.55129],[-63.08265,-17.55129],[-63.08266,-17.55129],[-63.08266,-17.5513],[-63.08267,-17.5513],[-63.08267,-17.55131],[-63.08267,-17.55132],[-63.08268,-17.55132],[-63.08268,-17.55133],[-63.08268,-17.55134],[-63.08268,-17.55135]]},"properties":{"description":"Colindantes","styleUrl":"#line3","stroke-opacity":1,"stroke":"#000000","stroke-width":1,"name":"FONDO"}},
{"type":"Feature","geometry":{"type":"LineString","coordinates":[[-63.08268,-17.55135],[-63.08258,-17.55176]]},"properties":{"description":"Colindantes","styleUrl":"#line3","stroke-opacity":1,"stroke":"#000000","stroke-width":1,"name":"FONDO"}},
{"type":"Feature","geometry":{"type":"LineString","coordinates":[[-63.08258,-17.55176],[-63.08258,-17.55177],[-63.08258,-17.55178],[-63.08257,-17.55178],[-63.08257,-17.55179],[-63.08256,-17.55179],[-63.08256,-17.5518],[-63.08255,-17.5518],[-63.08254,-17.5518],[-63.08254,-17.55181],[-63.08253,-17.55181],[-63.08252,-17.55181],[-63.08251,-17.55181],[-63.0825,-17.55181]]},"properties":{"description":"Colindantes","styleUrl":"#line3","stroke-opacity":1,"stroke":"#000000","stroke-width":1,"name":"FONDO"}},
{"type":"Feature","geometry":{"type":"LineString","coordinates":[[-63.0825,-17.55181],[-63.08076,-17.55144]]},"properties":{"description":"Colindantes","styleUrl":"#line3","stroke-opacity":1,"stroke":"#000000","stroke-width":1,"name":"FONDO"}},
{"type":"Feature","geometry":{"type":"LineString","coordinates":[[-63.08076,-17.55144],[-63.08076,-17.55143],[-63.08075,-17.55143],[-63.08074,-17.55143],[-63.08074,-17.55142],[-63.08073,-17.55142],[-63.08072,-17.55141],[-63.08072,-17.5514],[-63.08071,-17.5514],[-63.08071,-17.55139],[-63.08071,-17.55138],[-63.08071,-17.55137],[-63.08071,-17.55136]]},"properties":{"description":"Colindantes","styleUrl":"#line3","stroke-opacity":1,"stroke":"#000000","stroke-width":1,"name":"FONDO"}},
{"type":"Feature","geometry":{"type":"LineString","coordinates":[[-63.08056,-17.552],[-63.08066,-17.5516]]},"properties":{"description":"Colindantes","styleUrl":"#line3","stroke-opacity":1,"stroke":"#000000","stroke-width":1,"name":"FONDO"}},
{"type":"Feature","geometry":{"type":"LineString","coordinates":[[-63.08066,-17.5516],[-63.08066,-17.55159],[-63.08066,-17.55158],[-63.08067,-17.55158],[-63.08067,-17.55157],[-63.08068,-17.55157],[-63.08068,-17.55156],[-63.08069,-17.55156],[-63.08069,-17.55155],[-63.0807,-17.55155],[-63.08071,-17.55155],[-63.08072,-17.55155],[-63.08073,-17.55155]]},"properties":{"description":"Colindantes","styleUrl":"#line3","stroke-opacity":1,"stroke":"#000000","stroke-width":1,"name":"FONDO"}},
{"type":"Feature","geometry":{"type":"LineString","coordinates":[[-63.08073,-17.55155],[-63.08248,-17.55192]]},"properties":{"description":"Colindantes","styleUrl":"#line3","stroke-opacity":1,"stroke":"#000000","stroke-width":1,"name":"FONDO"}},
{"type":"Feature","geometry":{"type":"LineString","coordinates":[[-63.08248,-17.55192],[-63.08249,-17.55192],[-63.08249,-17.55193],[-63.0825,-17.55193],[-63.0825,-17.55194],[-63.08251,-17.55194],[-63.08251,-17.55195],[-63.08252,-17.55195],[-63.08252,-17.55196],[-63.08253,-17.55196],[-63.08253,-17.55197],[-63.08253,-17.55198],[-63.08253,-17.55199],[-63.08253,-17.552]]},"properties":{"description":"Colindantes","styleUrl":"#line3","stroke-opacity":1,"stroke":"#000000","stroke-width":1,"name":"FONDO"}},
{"type":"Feature","geometry":{"type":"LineString","coordinates":[[-63.08253,-17.552],[-63.08243,-17.5524]]},"properties":{"description":"Colindantes","styleUrl":"#line3","stroke-opacity":1,"stroke":"#000000","stroke-width":1,"name":"FONDO"}},
{"type":"Feature","geometry":{"type":"LineString","coordinates":[[-63.08243,-17.5524],[-63.08243,-17.55241],[-63.08243,-17.55242],[-63.08242,-17.55242],[-63.08242,-17.55243],[-63.08241,-17.55244],[-63.0824,-17.55244],[-63.0824,-17.55245],[-63.08239,-17.55245],[-63.08238,-17.55245],[-63.08237,-17.55245],[-63.08236,-17.55245],[-63.08235,-17.55245]]},"properties":{"description":"Colindantes","styleUrl":"#line3","stroke-opacity":1,"stroke":"#000000","stroke-width":1,"name":"FONDO"}},
{"type":"Feature","geometry":{"type":"LineString","coordinates":[[-63.08235,-17.55245],[-63.08061,-17.55208]]},"properties":{"description":"Colindantes","styleUrl":"#line3","stroke-opacity":1,"stroke":"#000000","stroke-width":1,"name":"FONDO"}},
{"type":"Feature","geometry":{"type":"LineString","coordinates":[[-63.08061,-17.55208],[-63.0806,-17.55208],[-63.0806,-17.55207],[-63.08059,-17.55207],[-63.08058,-17.55207],[-63.08058,-17.55206],[-63.08057,-17.55206],[-63.08057,-17.55205],[-63.08057,-17.55204],[-63.08056,-17.55204],[-63.08056,-17.55203],[-63.08056,-17.55202],[-63.08056,-17.55201],[-63.08056,-17.552]]},"properties":{"description":"Colindantes","styleUrl":"#line3","stroke-opacity":1,"stroke":"#000000","stroke-width":1,"name":"FONDO"}},
{"type":"Feature","geometry":{"type":"LineString","coordinates":[[-63.08041,-17.55265],[-63.08051,-17.55224]]},"properties":{"description":"Colindantes","styleUrl":"#line3","stroke-opacity":1,"stroke":"#000000","stroke-width":1,"name":"FONDO"}},
{"type":"Feature","geometry":{"type":"LineString","coordinates":[[-63.08051,-17.55224],[-63.08051,-17.55223],[-63.08051,-17.55222],[-63.08052,-17.55222],[-63.08052,-17.55221],[-63.08053,-17.55221],[-63.08053,-17.5522],[-63.08054,-17.5522],[-63.08055,-17.5522],[-63.08055,-17.55219],[-63.08056,-17.55219],[-63.08057,-17.55219],[-63.08058,-17.55219]]},"properties":{"description":"Colindantes","styleUrl":"#line3","stroke-opacity":1,"stroke":"#000000","stroke-width":1,"name":"FONDO"}},
{"type":"Feature","geometry":{"type":"LineString","coordinates":[[-63.08058,-17.55219],[-63.08233,-17.55257]]},"properties":{"description":"Colindantes","styleUrl":"#line3","stroke-opacity":1,"stroke":"#000000","stroke-width":1,"name":"FONDO"}},
{"type":"Feature","geometry":{"type":"LineString","coordinates":[[-63.08233,-17.55257],[-63.08234,-17.55257],[-63.08235,-17.55257],[-63.08235,-17.55258],[-63.08236,-17.55258],[-63.08236,-17.55259],[-63.08237,-17.55259],[-63.08237,-17.5526],[-63.08237,-17.55261],[-63.08238,-17.55261],[-63.08238,-17.55262],[-63.08238,-17.55263],[-63.08238,-17.55264]]},"properties":{"description":"Colindantes","styleUrl":"#line3","stroke-opacity":1,"stroke":"#000000","stroke-width":1,"name":"FONDO"}},
{"type":"Feature","geometry":{"type":"LineString","coordinates":[[-63.08238,-17.55264],[-63.08228,-17.55305]]},"properties":{"description":"Colindantes","styleUrl":"#line3","stroke-opacity":1,"stroke":"#000000","stroke-width":1,"name":"FONDO"}},
{"type":"Feature","geometry":{"type":"LineString","coordinates":[[-63.08228,-17.55305],[-63.08228,-17.55306],[-63.08228,-17.55307],[-63.08227,-17.55307],[-63.08227,-17.55308],[-63.08226,-17.55308],[-63.08226,-17.55309],[-63.08225,-17.55309],[-63.08224,-17.55309],[-63.08224,-17.5531],[-63.08223,-17.5531],[-63.08222,-17.5531],[-63.08221,-17.5531],[-63.0822,-17.5531]]},"properties":{"description":"Colindantes","styleUrl":"#line3","stroke-opacity":1,"stroke":"#000000","stroke-width":1,"name":"FONDO"}},
{"type":"Feature","geometry":{"type":"LineString","coordinates":[[-63.0822,-17.5531],[-63.08046,-17.55272]]},"properties":{"description":"Colindantes","styleUrl":"#line3","stroke-opacity":1,"stroke":"#000000","stroke-width":1,"name":"FONDO"}},
{"type":"Feature","geometry":{"type":"LineString","coordinates":[[-63.08046,-17.55272],[-63.08045,-17.55272],[-63.08044,-17.55272],[-63.08044,-17.55271],[-63.08043,-17.55271],[-63.08043,-17.5527],[-63.08042,-17.5527],[-63.08042,-17.55269],[-63.08041,-17.55269],[-63.08041,-17.55268],[-63.08041,-17.55267],[-63.08041,-17.55266],[-63.08041,-17.55265]]},"properties":{"description":"Colindantes","styleUrl":"#line3","stroke-opacity":1,"stroke":"#000000","stroke-width":1,"name":"FONDO"}},
{"type":"Feature","geometry":{"type":"LineString","coordinates":[[-63.08131,-17.54878],[-63.0814,-17.5484]]},"properties":{"description":"Colindantes","styleUrl":"#line3","stroke-opacity":1,"stroke":"#000000","stroke-width":1,"name":"FONDO"}},
{"type":"Feature","geometry":{"type":"LineString","coordinates":[[-63.0814,-17.5484],[-63.0814,-17.54839],[-63.0814,-17.54838],[-63.08141,-17.54838],[-63.08141,-17.54837],[-63.08141,-17.54836],[-63.08142,-17.54836],[-63.08142,-17.54835],[-63.08143,-17.54835],[-63.08144,-17.54835],[-63.08144,-17.54834],[-63.08145,-17.54834],[-63.08146,-17.54834],[-63.08146,-17.54833],[-63.08147,-17.54833],[-63.08148,-17.54833],[-63.08149,-17.54833],[-63.0815,-17.54833]]},"properties":{"description":"Colindantes","styleUrl":"#line3","stroke-opacity":1,"stroke":"#000000","stroke-width":1,"name":"FONDO"}},
{"type":"Feature","geometry":{"type":"LineString","coordinates":[[-63.0815,-17.54833],[-63.08321,-17.5487]]},"properties":{"description":"Colindantes","styleUrl":"#line3","stroke-opacity":1,"stroke":"#000000","stroke-width":1,"name":"FONDO"}},
{"type":"Feature","geometry":{"type":"LineString","coordinates":[[-63.08321,-17.5487],[-63.08322,-17.5487],[-63.08323,-17.5487],[-63.08323,-17.54871],[-63.08324,-17.54871],[-63.08324,-17.54872],[-63.08325,-17.54872],[-63.08325,-17.54873],[-63.08326,-17.54873],[-63.08326,-17.54874],[-63.08327,-17.54875],[-63.08327,-17.54876],[-63.08327,-17.54877],[-63.08327,-17.54878],[-63.08327,-17.54879],[-63.08327,-17.5488]]},"properties":{"description":"Colindantes","styleUrl":"#line3","stroke-opacity":1,"stroke":"#000000","stroke-width":1,"name":"FONDO"}},
{"type":"Feature","geometry":{"type":"LineString","coordinates":[[-63.08327,-17.5488],[-63.08318,-17.54918]]},"properties":{"description":"Colindantes","styleUrl":"#line3","stroke-opacity":1,"stroke":"#000000","stroke-width":1,"name":"FONDO"}},
{"type":"Feature","geometry":{"type":"LineString","coordinates":[[-63.08318,-17.54918],[-63.08318,-17.54919],[-63.08318,-17.5492],[-63.08317,-17.5492],[-63.08317,-17.54921],[-63.08316,-17.54921],[-63.08316,-17.54922],[-63.08315,-17.54922],[-63.08315,-17.54923],[-63.08314,-17.54923],[-63.08313,-17.54923],[-63.08312,-17.54923],[-63.08311,-17.54923],[-63.0831,-17.54923]]},"properties":{"description":"Colindantes","styleUrl":"#line3","stroke-opacity":1,"stroke":"#000000","stroke-width":1,"name":"FONDO"}},
{"type":"Feature","geometry":{"type":"LineString","coordinates":[[-63.0831,-17.54923],[-63.08136,-17.54886]]},"properties":{"description":"Colindantes","styleUrl":"#line3","stroke-opacity":1,"stroke":"#000000","stroke-width":1,"name":"FONDO"}},
{"type":"Feature","geometry":{"type":"LineString","coordinates":[[-63.08136,-17.54886],[-63.08135,-17.54886],[-63.08134,-17.54885],[-63.08133,-17.54885],[-63.08133,-17.54884],[-63.08132,-17.54884],[-63.08132,-17.54883],[-63.08131,-17.54883],[-63.08131,-17.54882],[-63.08131,-17.54881],[-63.08131,-17.5488],[-63.08131,-17.54879],[-63.08131,-17.54878]]},"properties":{"description":"Colindantes","styleUrl":"#line3","stroke-opacity":1,"stroke":"#000000","stroke-width":1,"name":"FONDO"}},
{"type":"Feature","geometry":{"type":"LineString","coordinates":[[-63.08133,-17.54897],[-63.08307,-17.54935]]},"properties":{"description":"Colindantes","styleUrl":"#line3","stroke-opacity":1,"stroke":"#000000","stroke-width":1,"name":"FONDO"}},
{"type":"Feature","geometry":{"type":"LineString","coordinates":[[-63.08307,-17.54935],[-63.08308,-17.54935],[-63.08309,-17.54935],[-63.0831,-17.54935],[-63.0831,-17.54936],[-63.08311,-17.54936],[-63.08311,-17.54937],[-63.08312,-17.54937],[-63.08312,-17.54938],[-63.08312,-17.54939],[-63.08313,-17.54939],[-63.08313,-17.5494],[-63.08313,-17.54941],[-63.08313,-17.54942],[-63.08312,-17.54942]]},"properties":{"description":"Colindantes","styleUrl":"#line3","stroke-opacity":1,"stroke":"#000000","stroke-width":1,"name":"FONDO"}},
{"type":"Feature","geometry":{"type":"LineString","coordinates":[[-63.08312,-17.54942],[-63.08303,-17.54983]]},"properties":{"description":"Colindantes","styleUrl":"#line3","stroke-opacity":1,"stroke":"#000000","stroke-width":1,"name":"FONDO"}},
{"type":"Feature","geometry":{"type":"LineString","coordinates":[[-63.08303,-17.54983],[-63.08303,-17.54984],[-63.08302,-17.54984],[-63.08302,-17.54985],[-63.08302,-17.54986],[-63.08301,-17.54986],[-63.083,-17.54987],[-63.08299,-17.54987],[-63.08298,-17.54987],[-63.08298,-17.54988],[-63.08297,-17.54988],[-63.08296,-17.54988],[-63.08295,-17.54988]]},"properties":{"description":"Colindantes","styleUrl":"#line3","stroke-opacity":1,"stroke":"#000000","stroke-width":1,"name":"FONDO"}},
{"type":"Feature","geometry":{"type":"LineString","coordinates":[[-63.08295,-17.54988],[-63.08121,-17.5495]]},"properties":{"description":"Colindantes","styleUrl":"#line3","stroke-opacity":1,"stroke":"#000000","stroke-width":1,"name":"FONDO"}},
{"type":"Feature","geometry":{"type":"LineString","coordinates":[[-63.08121,-17.5495],[-63.0812,-17.5495],[-63.08119,-17.5495],[-63.08119,-17.54949],[-63.08118,-17.54949],[-63.08118,-17.54948],[-63.08117,-17.54948],[-63.08117,-17.54947],[-63.08116,-17.54947],[-63.08116,-17.54946],[-63.08116,-17.54945],[-63.08116,-17.54944],[-63.08116,-17.54943]]},"properties":{"description":"Colindantes","styleUrl":"#line3","stroke-opacity":1,"stroke":"#000000","stroke-width":1,"name":"FONDO"}},
{"type":"Feature","geometry":{"type":"LineString","coordinates":[[-63.08116,-17.54943],[-63.08125,-17.54902]]},"properties":{"description":"Colindantes","styleUrl":"#line3","stroke-opacity":1,"stroke":"#000000","stroke-width":1,"name":"FONDO"}},
{"type":"Feature","geometry":{"type":"LineString","coordinates":[[-63.08125,-17.54902],[-63.08126,-17.54902],[-63.08126,-17.54901],[-63.08126,-17.549],[-63.08127,-17.549],[-63.08127,-17.54899],[-63.08128,-17.54899],[-63.08128,-17.54898],[-63.08129,-17.54898],[-63.0813,-17.54898],[-63.0813,-17.54897],[-63.08131,-17.54897],[-63.08132,-17.54897],[-63.08133,-17.54897]]},"properties":{"description":"Colindantes","styleUrl":"#line3","stroke-opacity":1,"stroke":"#000000","stroke-width":1,"name":"FONDO"}},
{"type":"Feature","geometry":{"type":"LineString","coordinates":[[-63.08101,-17.55007],[-63.0811,-17.54967]]},"properties":{"description":"Colindantes","styleUrl":"#line3","stroke-opacity":1,"stroke":"#000000","stroke-width":1,"name":"FONDO"}},
{"type":"Feature","geometry":{"type":"LineString","coordinates":[[-63.0811,-17.54967],[-63.0811,-17.54966],[-63.08111,-17.54966],[-63.08111,-17.54965],[-63.08111,-17.54964],[-63.08112,-17.54964],[-63.08112,-17.54963],[-63.08113,-17.54963],[-63.08114,-17.54963],[-63.08114,-17.54962],[-63.08115,-17.54962],[-63.08116,-17.54962],[-63.08117,-17.54962],[-63.08118,-17.54962]]},"properties":{"description":"Colindantes","styleUrl":"#line3","stroke-opacity":1,"stroke":"#000000","stroke-width":1,"name":"FONDO"}},
{"type":"Feature","geometry":{"type":"LineString","coordinates":[[-63.08118,-17.54962],[-63.08293,-17.54999]]},"properties":{"description":"Colindantes","styleUrl":"#line3","stroke-opacity":1,"stroke":"#000000","stroke-width":1,"name":"FONDO"}},
{"type":"Feature","geometry":{"type":"LineString","coordinates":[[-63.08293,-17.54999],[-63.08294,-17.54999],[-63.08294,-17.55],[-63.08295,-17.55],[-63.08296,-17.55],[-63.08296,-17.55001],[-63.08296,-17.55002],[-63.08297,-17.55002],[-63.08297,-17.55003],[-63.08297,-17.55004],[-63.08298,-17.55004],[-63.08298,-17.55005],[-63.08298,-17.55006],[-63.08298,-17.55007]]},"properties":{"description":"Colindantes","styleUrl":"#line3","stroke-opacity":1,"stroke":"#000000","stroke-width":1,"name":"FONDO"}},
{"type":"Feature","geometry":{"type":"LineString","coordinates":[[-63.08298,-17.55007],[-63.08288,-17.55047]]},"properties":{"description":"Colindantes","styleUrl":"#line3","stroke-opacity":1,"stroke":"#000000","stroke-width":1,"name":"FONDO"}},
{"type":"Feature","geometry":{"type":"LineString","coordinates":[[-63.08288,-17.55047],[-63.08288,-17.55048],[-63.08288,-17.55049],[-63.08287,-17.55049],[-63.08287,-17.5505],[-63.08286,-17.5505],[-63.08286,-17.55051],[-63.08285,-17.55051],[-63.08285,-17.55052],[-63.08284,-17.55052],[-63.08283,-17.55052],[-63.08282,-17.55052],[-63.08281,-17.55052],[-63.0828,-17.55052]]},"properties":{"description":"Colindantes","styleUrl":"#line3","stroke-opacity":1,"stroke":"#000000","stroke-width":1,"name":"FONDO"}},
{"type":"Feature","geometry":{"type":"LineString","coordinates":[[-63.0828,-17.55052],[-63.08106,-17.55015]]},"properties":{"description":"Colindantes","styleUrl":"#line3","stroke-opacity":1,"stroke":"#000000","stroke-width":1,"name":"FONDO"}},
{"type":"Feature","geometry":{"type":"LineString","coordinates":[[-63.08106,-17.55015],[-63.08105,-17.55015],[-63.08105,-17.55014],[-63.08104,-17.55014],[-63.08103,-17.55014],[-63.08103,-17.55013],[-63.08102,-17.55013],[-63.08102,-17.55012],[-63.08102,-17.55011],[-63.08101,-17.55011],[-63.08101,-17.5501],[-63.08101,-17.55009],[-63.08101,-17.55008],[-63.08101,-17.55007]]},"properties":{"description":"Colindantes","styleUrl":"#line3","stroke-opacity":1,"stroke":"#000000","stroke-width":1,"name":"FONDO"}},
{"type":"Feature","geometry":{"type":"LineString","coordinates":[[-63.08066,-17.55533],[-63.08066,-17.55532],[-63.08065,-17.55532],[-63.08065,-17.55531],[-63.08064,-17.55531],[-63.08063,-17.5553],[-63.08062,-17.55529],[-63.08061,-17.55528],[-63.0806,-17.55527],[-63.08059,-17.55526],[-63.08058,-17.55525],[-63.08057,-17.55524],[-63.08056,-17.55523],[-63.08055,-17.55522],[-63.08054,-17.55521],[-63.08053,-17.5552],[-63.08052,-17.55519],[-63.08051,-17.55518],[-63.0805,-17.55517],[-63.0805,-17.55516],[-63.08049,-17.55516],[-63.08049,-17.55515],[-63.08048,-17.55515],[-63.08048,-17.55514],[-63.08047,-17.55514],[-63.08047,-17.55513],[-63.08046,-17.55512],[-63.08045,-17.55511],[-63.08045,-17.5551],[-63.08044,-17.5551],[-63.08044,-17.55509],[-63.08043,-17.55509],[-63.08043,-17.55508],[-63.08042,-17.55508],[-63.08042,-17.55507],[-63.08041,-17.55506],[-63.08041,-17.55505],[-63.0804,-17.55505],[-63.0804,-17.55504],[-63.08039,-17.55504],[-63.08039,-17.55503],[-63.08038,-17.55502],[-63.08038,-17.55501],[-63.08037,-17.55501],[-63.08037,-17.555],[-63.08036,-17.555],[-63.08036,-17.55499],[-63.08035,-17.55498],[-63.08035,-17.55497],[-63.08034,-17.55497],[-63.08034,-17.55496],[-63.08034,-17.55495],[-63.08033,-17.55495],[-63.08033,-17.55494],[-63.08032,-17.55494],[-63.08032,-17.55493],[-63.08031,-17.55492],[-63.08031,-17.55491],[-63.0803,-17.5549],[-63.0803,-17.55489],[-63.08029,-17.55489],[-63.08029,-17.55488],[-63.08028,-17.55487],[-63.08028,-17.55486],[-63.08027,-17.55485],[-63.08027,-17.55484],[-63.08026,-17.55484],[-63.08026,-17.55483],[-63.08025,-17.55482],[-63.08025,-17.55481],[-63.08024,-17.5548],[-63.08024,-17.55479],[-63.08023,-17.55478],[-63.08023,-17.55477],[-63.08022,-17.55476],[-63.08022,-17.55475],[-63.08021,-17.55474],[-63.08021,-17.55473],[-63.0802,-17.55472],[-63.0802,-17.55471],[-63.08019,-17.5547],[-63.08019,-17.55469],[-63.08019,-17.55468],[-63.08018,-17.55468],[-63.08018,-17.55467],[-63.08018,-17.55466],[-63.08017,-17.55466],[-63.08017,-17.55465],[-63.08017,-17.55464],[-63.08017,-17.55463],[-63.08016,-17.55463],[-63.08016,-17.55462],[-63.08016,-17.55461],[-63.08015,-17.5546],[-63.08015,-17.55459],[-63.08015,-17.55458],[-63.08014,-17.55458],[-63.08014,-17.55457],[-63.08014,-17.55456],[-63.08013,-17.55455],[-63.08013,-17.55454],[-63.08013,-17.55453],[-63.08012,-17.55452],[-63.08012,-17.55451],[-63.08012,-17.5545]]},"properties":{"description":"Colindantes","styleUrl":"#line3","stroke-opacity":1,"stroke":"#000000","stroke-width":1,"name":"FONDO"}},
{"type":"Feature","geometry":{"type":"LineString","coordinates":[[-63.08066,-17.55533],[-63.08141,-17.55598]]},"properties":{"description":"Colindantes","styleUrl":"#line3","stroke-opacity":1,"stroke":"#000000","stroke-width":1,"name":"FONDO"}},
{"type":"Feature","geometry":{"type":"LineString","coordinates":[[-63.08141,-17.55598],[-63.08141,-17.55599],[-63.08142,-17.55599],[-63.08142,-17.556],[-63.08143,-17.556],[-63.08143,-17.55601],[-63.08144,-17.55601],[-63.08144,-17.55602],[-63.08145,-17.55602],[-63.08145,-17.55603],[-63.08146,-17.55603],[-63.08146,-17.55604],[-63.08147,-17.55604],[-63.08147,-17.55605],[-63.08148,-17.55605],[-63.08148,-17.55606],[-63.08149,-17.55606],[-63.08149,-17.55607],[-63.0815,-17.55607],[-63.0815,-17.55608],[-63.08151,-17.55609],[-63.08151,-17.5561],[-63.08152,-17.5561],[-63.08152,-17.55611],[-63.08153,-17.55611],[-63.08153,-17.55612],[-63.08153,-17.55613],[-63.08154,-17.55613],[-63.08154,-17.55614],[-63.08155,-17.55614],[-63.08155,-17.55615],[-63.08155,-17.55616],[-63.08156,-17.55616],[-63.08156,-17.55617],[-63.08157,-17.55618],[-63.08157,-17.55619],[-63.08158,-17.5562],[-63.08158,-17.55621],[-63.08159,-17.55622],[-63.08159,-17.55623],[-63.0816,-17.55624],[-63.0816,-17.55625],[-63.0816,-17.55626],[-63.08161,-17.55626],[-63.08161,-17.55627],[-63.08161,-17.55628],[-63.08162,-17.55629],[-63.08162,-17.5563]]},"properties":{"description":"Colindantes","styleUrl":"#line3","stroke-opacity":1,"stroke":"#000000","stroke-width":1,"name":"FONDO"}},
{"type":"Feature","geometry":{"type":"LineString","coordinates":[[-63.08162,-17.5563],[-63.08162,-17.55631],[-63.08162,-17.55632],[-63.08162,-17.55633],[-63.08162,-17.55634],[-63.08162,-17.55635],[-63.08161,-17.55635],[-63.08161,-17.55636],[-63.0816,-17.55636],[-63.0816,-17.55637],[-63.08159,-17.55637],[-63.08159,-17.55638],[-63.08158,-17.55638],[-63.08157,-17.55638],[-63.08156,-17.55638]]},"properties":{"description":"Colindantes","styleUrl":"#line3","stroke-opacity":1,"stroke":"#000000","stroke-width":1,"name":"FONDO"}},
{"type":"Feature","geometry":{"type":"LineString","coordinates":[[-63.08156,-17.55638],[-63.08066,-17.55644]]},"properties":{"description":"Colindantes","styleUrl":"#line3","stroke-opacity":1,"stroke":"#000000","stroke-width":1,"name":"FONDO"}},
{"type":"Feature","geometry":{"type":"LineString","coordinates":[[-63.08066,-17.55644],[-63.08065,-17.55644],[-63.08064,-17.55644],[-63.08063,-17.55644],[-63.08063,-17.55643],[-63.08062,-17.55643],[-63.08061,-17.55643],[-63.08061,-17.55642],[-63.0806,-17.55642],[-63.0806,-17.55641],[-63.08059,-17.55641],[-63.08059,-17.5564]]},"properties":{"description":"Colindantes","styleUrl":"#line3","stroke-opacity":1,"stroke":"#000000","stroke-width":1,"name":"FONDO"}},
{"type":"Feature","geometry":{"type":"LineString","coordinates":[[-63.08054,-17.55629],[-63.08054,-17.5563],[-63.08055,-17.5563],[-63.08055,-17.55631],[-63.08055,-17.55632],[-63.08056,-17.55632],[-63.08056,-17.55633],[-63.08057,-17.55633],[-63.08057,-17.55634],[-63.08057,-17.55635],[-63.08058,-17.55636],[-63.08058,-17.55637],[-63.08058,-17.55638],[-63.08059,-17.55638],[-63.08059,-17.55639],[-63.08059,-17.5564]]},"properties":{"description":"Colindantes","styleUrl":"#line3","stroke-opacity":1,"stroke":"#000000","stroke-width":1,"name":"FONDO"}},
{"type":"Feature","geometry":{"type":"LineString","coordinates":[[-63.08054,-17.55629],[-63.08012,-17.55571]]},"properties":{"description":"Colindantes","styleUrl":"#line3","stroke-opacity":1,"stroke":"#000000","stroke-width":1,"name":"FONDO"}},
{"type":"Feature","geometry":{"type":"LineString","coordinates":[[-63.08012,-17.55074],[-63.08064,-17.55085]]},"properties":{"description":"Colindantes","styleUrl":"#line3","stroke-opacity":1,"stroke":"#000000","stroke-width":1,"name":"FONDO"}},
{"type":"Feature","geometry":{"type":"LineString","coordinates":[[-63.08064,-17.55085],[-63.08064,-17.55086],[-63.08065,-17.55086],[-63.08066,-17.55086],[-63.08066,-17.55087],[-63.08067,-17.55087],[-63.08067,-17.55088],[-63.08068,-17.55088],[-63.08068,-17.55089],[-63.08068,-17.5509],[-63.08069,-17.5509],[-63.08069,-17.55091],[-63.08069,-17.55092],[-63.08069,-17.55093]]},"properties":{"description":"Colindantes","styleUrl":"#line3","stroke-opacity":1,"stroke":"#000000","stroke-width":1,"name":"FONDO"}},
{"type":"Feature","geometry":{"type":"LineString","coordinates":[[-63.08069,-17.55093],[-63.08012,-17.55337]]},"properties":{"description":"Colindantes","styleUrl":"#line3","stroke-opacity":1,"stroke":"#000000","stroke-width":1,"name":"FONDO"}},
{"type":"Feature","geometry":{"type":"LineString","coordinates":[[-63.08012,-17.55008],[-63.08044,-17.5487]]},"properties":{"description":"Colindantes","styleUrl":"#line3","stroke-opacity":1,"stroke":"#000000","stroke-width":1,"name":"FONDO"}},
{"type":"Feature","geometry":{"type":"LineString","coordinates":[[-63.08044,-17.5487],[-63.08044,-17.54869],[-63.08044,-17.54868],[-63.08045,-17.54868],[-63.08045,-17.54867],[-63.08045,-17.54866],[-63.08046,-17.54866],[-63.08046,-17.54865],[-63.08047,-17.54864],[-63.08047,-17.54863],[-63.08048,-17.54863]]},"properties":{"description":"Colindantes","styleUrl":"#line3","stroke-opacity":1,"stroke":"#000000","stroke-width":1,"name":"FONDO"}},
{"type":"Feature","geometry":{"type":"LineString","coordinates":[[-63.08048,-17.54863],[-63.08098,-17.54818]]},"properties":{"description":"Colindantes","styleUrl":"#line3","stroke-opacity":1,"stroke":"#000000","stroke-width":1,"name":"FONDO"}},
{"type":"Feature","geometry":{"type":"LineString","coordinates":[[-63.08098,-17.54818],[-63.08099,-17.54818],[-63.08099,-17.54817],[-63.081,-17.54817],[-63.081,-17.54816],[-63.08101,-17.54816],[-63.08102,-17.54816],[-63.08102,-17.54815],[-63.08103,-17.54815],[-63.08104,-17.54815],[-63.08104,-17.54814],[-63.08105,-17.54814],[-63.08106,-17.54814],[-63.08107,-17.54814],[-63.08108,-17.54814],[-63.08109,-17.54814],[-63.0811,-17.54814],[-63.08111,-17.54814],[-63.08112,-17.54814],[-63.08113,-17.54814],[-63.08114,-17.54814],[-63.08115,-17.54814],[-63.08115,-17.54815],[-63.08116,-17.54815],[-63.08117,-17.54815],[-63.08118,-17.54815],[-63.08118,-17.54816],[-63.08119,-17.54816],[-63.0812,-17.54817],[-63.08121,-17.54817],[-63.08121,-17.54818],[-63.08122,-17.54818],[-63.08122,-17.54819]]},"properties":{"description":"Colindantes","styleUrl":"#line3","stroke-opacity":1,"stroke":"#000000","stroke-width":1,"name":"FONDO"}},
{"type":"Feature","geometry":{"type":"LineString","coordinates":[[-63.08122,-17.54819],[-63.08127,-17.54824]]},"properties":{"description":"Colindantes","styleUrl":"#line3","stroke-opacity":1,"stroke":"#000000","stroke-width":1,"name":"FONDO"}},
{"type":"Feature","geometry":{"type":"LineString","coordinates":[[-63.08127,-17.54824],[-63.08128,-17.54824],[-63.08128,-17.54825],[-63.08128,-17.54826],[-63.08129,-17.54826],[-63.08129,-17.54827],[-63.08129,-17.54828],[-63.08129,-17.54829],[-63.08129,-17.5483],[-63.08129,-17.54831]]},"properties":{"description":"Colindantes","styleUrl":"#line3","stroke-opacity":1,"stroke":"#000000","stroke-width":1,"name":"FONDO"}},
{"type":"Feature","geometry":{"type":"LineString","coordinates":[[-63.08129,-17.54831],[-63.08074,-17.55069]]},"properties":{"description":"Colindantes","styleUrl":"#line3","stroke-opacity":1,"stroke":"#000000","stroke-width":1,"name":"FONDO"}},
{"type":"Feature","geometry":{"type":"LineString","coordinates":[[-63.08074,-17.55069],[-63.08074,-17.5507],[-63.08074,-17.55071],[-63.08073,-17.55071],[-63.08073,-17.55072],[-63.08072,-17.55072],[-63.08072,-17.55073],[-63.08071,-17.55073],[-63.0807,-17.55073],[-63.0807,-17.55074],[-63.08069,-17.55074],[-63.08068,-17.55074],[-63.08067,-17.55074],[-63.08066,-17.55074]]},"properties":{"description":"Colindantes","styleUrl":"#line3","stroke-opacity":1,"stroke":"#000000","stroke-width":1,"name":"FONDO"}},
{"type":"Feature","geometry":{"type":"LineString","coordinates":[[-63.08066,-17.55074],[-63.08012,-17.55062]]},"properties":{"description":"Colindantes","styleUrl":"#line3","stroke-opacity":1,"stroke":"#000000","stroke-width":1,"name":"FONDO"}},
{"type":"Feature","geometry":{"type":"LineString","coordinates":[[-63.08018,-17.55685],[-63.08017,-17.55685],[-63.08017,-17.55686],[-63.08016,-17.55686],[-63.08015,-17.55686],[-63.08014,-17.55686],[-63.08013,-17.55686],[-63.08012,-17.55686],[-63.08012,-17.55685]]},"properties":{"description":"Colindantes","styleUrl":"#line3","stroke-opacity":1,"stroke":"#000000","stroke-width":1,"name":"FONDO"}},
{"type":"Feature","geometry":{"type":"LineString","coordinates":[[-63.08012,-17.55591],[-63.08043,-17.55635]]},"properties":{"description":"Colindantes","styleUrl":"#line3","stroke-opacity":1,"stroke":"#000000","stroke-width":1,"name":"FONDO"}},
{"type":"Feature","geometry":{"type":"LineString","coordinates":[[-63.08043,-17.55635],[-63.08044,-17.55636],[-63.08044,-17.55637],[-63.08045,-17.55637],[-63.08045,-17.55638],[-63.08045,-17.55639],[-63.08046,-17.55639],[-63.08046,-17.5564],[-63.08046,-17.55641],[-63.08047,-17.55641],[-63.08047,-17.55642],[-63.08047,-17.55643],[-63.08048,-17.55644],[-63.08048,-17.55645],[-63.08048,-17.55646],[-63.08048,-17.55647],[-63.08048,-17.55648],[-63.08048,-17.55649],[-63.08048,-17.5565],[-63.08048,-17.55651],[-63.08048,-17.55652],[-63.08048,-17.55653],[-63.08048,-17.55654],[-63.08048,-17.55655],[-63.08048,-17.55656],[-63.08048,-17.55657],[-63.08048,-17.55658],[-63.08047,-17.55658],[-63.08047,-17.55659],[-63.08047,-17.5566],[-63.08047,-17.55661],[-63.08046,-17.55661],[-63.08046,-17.55662],[-63.08046,-17.55663],[-63.08045,-17.55663],[-63.08045,-17.55664],[-63.08045,-17.55665],[-63.08044,-17.55665],[-63.08044,-17.55666],[-63.08043,-17.55666],[-63.08043,-17.55667],[-63.08042,-17.55668],[-63.08041,-17.55669],[-63.08041,-17.5567],[-63.0804,-17.5567],[-63.0804,-17.55671],[-63.08039,-17.55671],[-63.08038,-17.55671],[-63.08038,-17.55672],[-63.08037,-17.55672],[-63.08037,-17.55673],[-63.08036,-17.55673]]},"properties":{"description":"Colindantes","styleUrl":"#line3","stroke-opacity":1,"stroke":"#000000","stroke-width":1,"name":"FONDO"}},
{"type":"Feature","geometry":{"type":"LineString","coordinates":[[-63.08036,-17.55673],[-63.08018,-17.55685]]},"properties":{"description":"Colindantes","styleUrl":"#line3","stroke-opacity":1,"stroke":"#000000","stroke-width":1,"name":"FONDO"}},
{"type":"Feature","geometry":{"type":"LineString","coordinates":[[-63.08059,-17.55661],[-63.08059,-17.5566],[-63.0806,-17.5566],[-63.0806,-17.55659],[-63.0806,-17.55658],[-63.08061,-17.55658],[-63.08061,-17.55657],[-63.08062,-17.55657],[-63.08063,-17.55657],[-63.08063,-17.55656],[-63.08064,-17.55656],[-63.08065,-17.55656]]},"properties":{"description":"Colindantes","styleUrl":"#line3","stroke-opacity":1,"stroke":"#000000","stroke-width":1,"name":"FONDO"}},
{"type":"Feature","geometry":{"type":"LineString","coordinates":[[-63.08065,-17.55656],[-63.08158,-17.5565]]},"properties":{"description":"Colindantes","styleUrl":"#line3","stroke-opacity":1,"stroke":"#000000","stroke-width":1,"name":"FONDO"}},
{"type":"Feature","geometry":{"type":"LineString","coordinates":[[-63.08158,-17.5565],[-63.08159,-17.5565],[-63.0816,-17.5565],[-63.08161,-17.5565],[-63.08162,-17.5565],[-63.08162,-17.55651],[-63.08163,-17.55651],[-63.08163,-17.55652],[-63.08164,-17.55652],[-63.08164,-17.55653],[-63.08165,-17.55653],[-63.08165,-17.55654],[-63.08165,-17.55655],[-63.08165,-17.55656],[-63.08165,-17.55657]]},"properties":{"description":"Colindantes","styleUrl":"#line3","stroke-opacity":1,"stroke":"#000000","stroke-width":1,"name":"FONDO"}},
{"type":"Feature","geometry":{"type":"LineString","coordinates":[[-63.08165,-17.55657],[-63.08165,-17.55658],[-63.08165,-17.55659],[-63.08165,-17.5566],[-63.08165,-17.55661],[-63.08165,-17.55662],[-63.08165,-17.55663],[-63.08164,-17.55663],[-63.08164,-17.55664],[-63.08164,-17.55665],[-63.08164,-17.55666],[-63.08164,-17.55667],[-63.08164,-17.55668],[-63.08163,-17.55668],[-63.08163,-17.55669],[-63.08163,-17.5567],[-63.08163,-17.55671],[-63.08163,-17.55672],[-63.08162,-17.55672],[-63.08162,-17.55673],[-63.08162,-17.55674],[-63.08162,-17.55675],[-63.08161,-17.55675],[-63.08161,-17.55676],[-63.08161,-17.55677],[-63.0816,-17.55678],[-63.0816,-17.55679],[-63.0816,-17.5568],[-63.08159,-17.5568],[-63.08159,-17.55681],[-63.08159,-17.55682],[-63.08158,-17.55682],[-63.08158,-17.55683],[-63.08158,-17.55684],[-63.08157,-17.55684],[-63.08157,-17.55685],[-63.08157,-17.55686],[-63.08156,-17.55686],[-63.08156,-17.55687],[-63.08156,-17.55688],[-63.08155,-17.55688],[-63.08155,-17.55689],[-63.08154,-17.55689],[-63.08154,-17.5569],[-63.08154,-17.55691],[-63.08153,-17.55691],[-63.08153,-17.55692],[-63.08152,-17.55692],[-63.08152,-17.55693],[-63.08151,-17.55694],[-63.08151,-17.55695],[-63.0815,-17.55695],[-63.0815,-17.55696],[-63.08149,-17.55696],[-63.08149,-17.55697],[-63.08148,-17.55697],[-63.08148,-17.55698],[-63.08147,-17.55699],[-63.08146,-17.557],[-63.08146,-17.55701],[-63.08145,-17.55701],[-63.08145,-17.55702],[-63.08144,-17.55702],[-63.08144,-17.55703],[-63.08143,-17.55703],[-63.08143,-17.55704],[-63.08142,-17.55704],[-63.08141,-17.55705],[-63.0814,-17.55706],[-63.08139,-17.55706],[-63.08139,-17.55707],[-63.08138,-17.55707],[-63.08138,-17.55708],[-63.08137,-17.55708],[-63.08137,-17.55709],[-63.08136,-17.55709],[-63.08135,-17.5571],[-63.08134,-17.5571],[-63.08134,-17.55711],[-63.08133,-17.55711]]},"properties":{"description":"Colindantes","styleUrl":"#line3","stroke-opacity":1,"stroke":"#000000","stroke-width":1,"name":"FONDO"}},
{"type":"Feature","geometry":{"type":"LineString","coordinates":[[-63.08133,-17.55711],[-63.08012,-17.55791]]},"properties":{"description":"Colindantes","styleUrl":"#line3","stroke-opacity":1,"stroke":"#000000","stroke-width":1,"name":"FONDO"}},
{"type":"Feature","geometry":{"type":"LineString","coordinates":[[-63.08012,-17.55703],[-63.08043,-17.55683]]},"properties":{"description":"Colindantes","styleUrl":"#line3","stroke-opacity":1,"stroke":"#000000","stroke-width":1,"name":"FONDO"}},
{"type":"Feature","geometry":{"type":"LineString","coordinates":[[-63.08059,-17.55661],[-63.08059,-17.55662],[-63.08059,-17.55663],[-63.08058,-17.55664],[-63.08058,-17.55665],[-63.08058,-17.55666],[-63.08057,-17.55666],[-63.08057,-17.55667],[-63.08057,-17.55668],[-63.08056,-17.55668],[-63.08056,-17.55669],[-63.08056,-17.5567],[-63.08055,-17.5567],[-63.08055,-17.55671],[-63.08054,-17.55671],[-63.08054,-17.55672],[-63.08054,-17.55673],[-63.08053,-17.55673],[-63.08053,-17.55674],[-63.08052,-17.55674],[-63.08052,-17.55675],[-63.08051,-17.55675],[-63.08051,-17.55676],[-63.0805,-17.55677],[-63.0805,-17.55678],[-63.08049,-17.55678],[-63.08049,-17.55679],[-63.08048,-17.55679],[-63.08047,-17.55679],[-63.08047,-17.5568],[-63.08046,-17.5568],[-63.08046,-17.55681],[-63.08045,-17.55681],[-63.08045,-17.55682],[-63.08044,-17.55682],[-63.08043,-17.55683]]},"properties":{"description":"Colindantes","styleUrl":"#line3","stroke-opacity":1,"stroke":"#000000","stroke-width":1,"name":"FONDO"}},
{"type":"Feature","geometry":{"type":"LineString","coordinates":[[-63.08073,-17.55765],[-63.08074,-17.55765],[-63.08075,-17.55765],[-63.08075,-17.55764],[-63.08076,-17.55764],[-63.08077,-17.55764],[-63.08078,-17.55764]]},"properties":{"description":"Colindantes","styleUrl":"#line3","stroke-opacity":1,"stroke":"#000000","stroke-width":1,"name":"FONDO"}},
{"type":"Feature","geometry":{"type":"LineString","coordinates":[[-63.08078,-17.55764],[-63.08177,-17.55786]]},"properties":{"description":"Colindantes","styleUrl":"#line3","stroke-opacity":1,"stroke":"#000000","stroke-width":1,"name":"FONDO"}},
{"type":"Feature","geometry":{"type":"LineString","coordinates":[[-63.08177,-17.55786],[-63.08178,-17.55786],[-63.08179,-17.55786],[-63.08179,-17.55787],[-63.0818,-17.55787],[-63.08181,-17.55787],[-63.08181,-17.55788],[-63.08181,-17.55789],[-63.08182,-17.55789],[-63.08182,-17.5579],[-63.08182,-17.55791],[-63.08182,-17.55792],[-63.08182,-17.55793]]},"properties":{"description":"Colindantes","styleUrl":"#line3","stroke-opacity":1,"stroke":"#000000","stroke-width":1,"name":"FONDO"}},
{"type":"Feature","geometry":{"type":"LineString","coordinates":[[-63.08182,-17.55793],[-63.08172,-17.55834]]},"properties":{"description":"Colindantes","styleUrl":"#line3","stroke-opacity":1,"stroke":"#000000","stroke-width":1,"name":"FONDO"}},
{"type":"Feature","geometry":{"type":"LineString","coordinates":[[-63.08172,-17.55834],[-63.08172,-17.55835],[-63.08171,-17.55835],[-63.08171,-17.55836],[-63.08171,-17.55837],[-63.0817,-17.55837],[-63.08169,-17.55837],[-63.08169,-17.55838],[-63.08168,-17.55838],[-63.08167,-17.55838],[-63.08167,-17.55839],[-63.08166,-17.55839],[-63.08165,-17.55839],[-63.08165,-17.55838],[-63.08164,-17.55838]]},"properties":{"description":"Colindantes","styleUrl":"#line3","stroke-opacity":1,"stroke":"#000000","stroke-width":1,"name":"FONDO"}},
{"type":"Feature","geometry":{"type":"LineString","coordinates":[[-63.08164,-17.55838],[-63.08026,-17.55809]]},"properties":{"description":"Colindantes","styleUrl":"#line3","stroke-opacity":1,"stroke":"#000000","stroke-width":1,"name":"FONDO"}},
{"type":"Feature","geometry":{"type":"LineString","coordinates":[[-63.08026,-17.55809],[-63.08025,-17.55809],[-63.08025,-17.55808],[-63.08024,-17.55808],[-63.08023,-17.55808],[-63.08023,-17.55807],[-63.08022,-17.55807],[-63.08022,-17.55806],[-63.08022,-17.55805],[-63.08021,-17.55805],[-63.08021,-17.55804],[-63.08021,-17.55803],[-63.08021,-17.55802],[-63.08021,-17.55801],[-63.08022,-17.55801],[-63.08022,-17.558],[-63.08022,-17.55799],[-63.08023,-17.55799],[-63.08023,-17.55798],[-63.08024,-17.55798]]},"properties":{"description":"Colindantes","styleUrl":"#line3","stroke-opacity":1,"stroke":"#000000","stroke-width":1,"name":"FONDO"}},
{"type":"Feature","geometry":{"type":"LineString","coordinates":[[-63.08024,-17.55798],[-63.08073,-17.55765]]},"properties":{"description":"Colindantes","styleUrl":"#line3","stroke-opacity":1,"stroke":"#000000","stroke-width":1,"name":"FONDO"}},
{"type":"Feature","geometry":{"type":"LineString","coordinates":[[-63.08161,-17.5585],[-63.08162,-17.5585],[-63.08163,-17.5585],[-63.08163,-17.55851],[-63.08164,-17.55851],[-63.08164,-17.55852],[-63.08165,-17.55852],[-63.08165,-17.55853],[-63.08166,-17.55853],[-63.08166,-17.55854],[-63.08166,-17.55855],[-63.08166,-17.55856],[-63.08166,-17.55857]]},"properties":{"description":"Colindantes","styleUrl":"#line3","stroke-opacity":1,"stroke":"#000000","stroke-width":1,"name":"FONDO"}},
{"type":"Feature","geometry":{"type":"LineString","coordinates":[[-63.08166,-17.55857],[-63.08156,-17.55898]]},"properties":{"description":"Colindantes","styleUrl":"#line3","stroke-opacity":1,"stroke":"#000000","stroke-width":1,"name":"FONDO"}},
{"type":"Feature","geometry":{"type":"LineString","coordinates":[[-63.08156,-17.55898],[-63.08156,-17.55899],[-63.08155,-17.55899],[-63.08155,-17.559],[-63.08155,-17.55901],[-63.08154,-17.55901],[-63.08154,-17.55902],[-63.08153,-17.55902],[-63.08152,-17.55902],[-63.08152,-17.55903],[-63.08151,-17.55903],[-63.0815,-17.55903],[-63.08149,-17.55903],[-63.08148,-17.55903]]},"properties":{"description":"Colindantes","styleUrl":"#line3","stroke-opacity":1,"stroke":"#000000","stroke-width":1,"name":"FONDO"}},
{"type":"Feature","geometry":{"type":"LineString","coordinates":[[-63.08148,-17.55903],[-63.08042,-17.5588]]},"properties":{"description":"Colindantes","styleUrl":"#line3","stroke-opacity":1,"stroke":"#000000","stroke-width":1,"name":"FONDO"}},
{"type":"Feature","geometry":{"type":"LineString","coordinates":[[-63.08042,-17.5588],[-63.08041,-17.5588],[-63.08041,-17.55879],[-63.0804,-17.55879],[-63.08039,-17.55879],[-63.08039,-17.55878],[-63.08038,-17.55878],[-63.08038,-17.55877]]},"properties":{"description":"Colindantes","styleUrl":"#line3","stroke-opacity":1,"stroke":"#000000","stroke-width":1,"name":"FONDO"}},
{"type":"Feature","geometry":{"type":"LineString","coordinates":[[-63.08038,-17.55877],[-63.08009,-17.55828]]},"properties":{"description":"Colindantes","styleUrl":"#line3","stroke-opacity":1,"stroke":"#000000","stroke-width":1,"name":"FONDO"}},
{"type":"Feature","geometry":{"type":"LineString","coordinates":[[-63.08009,-17.55828],[-63.08009,-17.55827],[-63.08008,-17.55827],[-63.08008,-17.55826],[-63.08008,-17.55825],[-63.08008,-17.55824],[-63.08008,-17.55823],[-63.08009,-17.55823],[-63.08009,-17.55822],[-63.08009,-17.55821],[-63.0801,-17.55821],[-63.0801,-17.5582],[-63.08011,-17.5582],[-63.08011,-17.55819],[-63.08012,-17.55819],[-63.08013,-17.55819],[-63.08014,-17.55819],[-63.08015,-17.55819],[-63.08016,-17.55819]]},"properties":{"description":"Colindantes","styleUrl":"#line3","stroke-opacity":1,"stroke":"#000000","stroke-width":1,"name":"FONDO"}},
{"type":"Feature","geometry":{"type":"LineString","coordinates":[[-63.08016,-17.55819],[-63.08161,-17.5585]]},"properties":{"description":"Colindantes","styleUrl":"#line3","stroke-opacity":1,"stroke":"#000000","stroke-width":1,"name":"FONDO"}},
{"type":"Feature","geometry":{"type":"LineString","coordinates":[[-63.08113,-17.55557],[-63.08112,-17.55557],[-63.08112,-17.55556],[-63.08111,-17.55556],[-63.0811,-17.55556]]},"properties":{"description":"Colindantes","styleUrl":"#line3","stroke-opacity":1,"stroke":"#000000","stroke-width":1,"name":"FONDO"}},
{"type":"Feature","geometry":{"type":"LineString","coordinates":[[-63.0811,-17.55556],[-63.08075,-17.55524]]},"properties":{"description":"Colindantes","styleUrl":"#line3","stroke-opacity":1,"stroke":"#000000","stroke-width":1,"name":"FONDO"}},
{"type":"Feature","geometry":{"type":"LineString","coordinates":[[-63.08075,-17.55524],[-63.08074,-17.55524],[-63.08074,-17.55523],[-63.08073,-17.55523],[-63.08073,-17.55522],[-63.08072,-17.55522],[-63.08071,-17.55521],[-63.0807,-17.5552],[-63.08069,-17.5552],[-63.08069,-17.55519],[-63.08068,-17.55519],[-63.08068,-17.55518],[-63.08067,-17.55518],[-63.08067,-17.55517],[-63.08066,-17.55517],[-63.08066,-17.55516],[-63.08065,-17.55516],[-63.08065,-17.55515],[-63.08064,-17.55515],[-63.08064,-17.55514],[-63.08063,-17.55514],[-63.08063,-17.55513],[-63.08062,-17.55512],[-63.08061,-17.55511],[-63.08061,-17.5551],[-63.0806,-17.5551],[-63.0806,-17.55509],[-63.08059,-17.55509],[-63.08059,-17.55508],[-63.08058,-17.55508],[-63.08058,-17.55507],[-63.08057,-17.55507],[-63.08057,-17.55506],[-63.08056,-17.55506],[-63.08056,-17.55505],[-63.08055,-17.55505],[-63.08055,-17.55504],[-63.08054,-17.55503],[-63.08054,-17.55502],[-63.08053,-17.55502],[-63.08053,-17.55501],[-63.08052,-17.55501],[-63.08052,-17.555]]},"properties":{"description":"Colindantes","styleUrl":"#line3","stroke-opacity":1,"stroke":"#000000","stroke-width":1,"name":"FONDO"}},
{"type":"Feature","geometry":{"type":"LineString","coordinates":[[-63.08052,-17.555],[-63.08051,-17.555],[-63.08051,-17.55499],[-63.08051,-17.55498],[-63.0805,-17.55498],[-63.0805,-17.55497],[-63.0805,-17.55496],[-63.0805,-17.55495],[-63.0805,-17.55494],[-63.08051,-17.55494],[-63.08051,-17.55493],[-63.08051,-17.55492],[-63.08052,-17.55492],[-63.08052,-17.55491],[-63.08053,-17.55491],[-63.08054,-17.5549],[-63.08055,-17.5549],[-63.08056,-17.5549],[-63.08057,-17.5549],[-63.08058,-17.5549]]},"properties":{"description":"Colindantes","styleUrl":"#line3","stroke-opacity":1,"stroke":"#000000","stroke-width":1,"name":"FONDO"}},
{"type":"Feature","geometry":{"type":"LineString","coordinates":[[-63.08058,-17.5549],[-63.08173,-17.55514]]},"properties":{"description":"Colindantes","styleUrl":"#line3","stroke-opacity":1,"stroke":"#000000","stroke-width":1,"name":"FONDO"}},
{"type":"Feature","geometry":{"type":"LineString","coordinates":[[-63.08173,-17.55514],[-63.08174,-17.55514],[-63.08174,-17.55515],[-63.08175,-17.55515],[-63.08176,-17.55515],[-63.08176,-17.55516],[-63.08177,-17.55516],[-63.08177,-17.55517],[-63.08177,-17.55518],[-63.08178,-17.55518],[-63.08178,-17.55519],[-63.08178,-17.5552],[-63.08178,-17.55521],[-63.08178,-17.55522]]},"properties":{"description":"Colindantes","styleUrl":"#line3","stroke-opacity":1,"stroke":"#000000","stroke-width":1,"name":"FONDO"}},
{"type":"Feature","geometry":{"type":"LineString","coordinates":[[-63.08178,-17.55522],[-63.08169,-17.55562]]},"properties":{"description":"Colindantes","styleUrl":"#line3","stroke-opacity":1,"stroke":"#000000","stroke-width":1,"name":"FONDO"}},
{"type":"Feature","geometry":{"type":"LineString","coordinates":[[-63.08169,-17.55562],[-63.08169,-17.55563],[-63.08168,-17.55563],[-63.08168,-17.55564],[-63.08168,-17.55565],[-63.08167,-17.55565],[-63.08167,-17.55566],[-63.08166,-17.55566],[-63.08165,-17.55567],[-63.08164,-17.55567],[-63.08163,-17.55567],[-63.08162,-17.55567],[-63.08161,-17.55567]]},"properties":{"description":"Colindantes","styleUrl":"#line3","stroke-opacity":1,"stroke":"#000000","stroke-width":1,"name":"FONDO"}},
{"type":"Feature","geometry":{"type":"LineString","coordinates":[[-63.08161,-17.55567],[-63.08113,-17.55557]]},"properties":{"description":"Colindantes","styleUrl":"#line3","stroke-opacity":1,"stroke":"#000000","stroke-width":1,"name":"FONDO"}},
{"type":"Feature","geometry":{"type":"LineString","coordinates":[[-63.09163,-17.56423],[-63.09131,-17.56366]]},"properties":{"description":"Colindantes","styleUrl":"#line3","stroke-opacity":1,"stroke":"#000000","stroke-width":1,"name":"FONDO"}},
{"type":"Feature","geometry":{"type":"LineString","coordinates":[[-63.09131,-17.56366],[-63.09131,-17.56365],[-63.0913,-17.56365],[-63.0913,-17.56364],[-63.0913,-17.56363],[-63.0913,-17.56362],[-63.09129,-17.56362],[-63.09129,-17.56361],[-63.09129,-17.5636],[-63.09129,-17.56359],[-63.09129,-17.56358],[-63.0913,-17.56358],[-63.0913,-17.56357],[-63.0913,-17.56356],[-63.0913,-17.56355],[-63.0913,-17.56354],[-63.09131,-17.56354],[-63.09131,-17.56353],[-63.09132,-17.56353],[-63.09132,-17.56352],[-63.09132,-17.56351],[-63.09133,-17.56351]]},"properties":{"description":"Colindantes","styleUrl":"#line3","stroke-opacity":1,"stroke":"#000000","stroke-width":1,"name":"FONDO"}},
{"type":"Feature","geometry":{"type":"LineString","coordinates":[[-63.09133,-17.56351],[-63.09158,-17.56323]]},"properties":{"description":"Colindantes","styleUrl":"#line3","stroke-opacity":1,"stroke":"#000000","stroke-width":1,"name":"FONDO"}},
{"type":"Feature","geometry":{"type":"LineString","coordinates":[[-63.09158,-17.56323],[-63.09159,-17.56323],[-63.09159,-17.56322],[-63.0916,-17.56322],[-63.0916,-17.56321],[-63.09161,-17.56321],[-63.09161,-17.5632],[-63.09162,-17.5632],[-63.09163,-17.5632]]},"properties":{"description":"Colindantes","styleUrl":"#line3","stroke-opacity":1,"stroke":"#000000","stroke-width":1,"name":"FONDO"}},
{"type":"Feature","geometry":{"type":"LineString","coordinates":[[-63.0897,-17.56308],[-63.08969,-17.56308],[-63.08969,-17.56307],[-63.08969,-17.56306],[-63.08969,-17.56305],[-63.08969,-17.56304],[-63.0897,-17.56304],[-63.0897,-17.56303],[-63.0897,-17.56302],[-63.08971,-17.56302],[-63.08971,-17.56301]]},"properties":{"description":"Colindantes","styleUrl":"#line3","stroke-opacity":1,"stroke":"#000000","stroke-width":1,"name":"FONDO"}},
{"type":"Feature","geometry":{"type":"LineString","coordinates":[[-63.08971,-17.56301],[-63.09008,-17.56261]]},"properties":{"description":"Colindantes","styleUrl":"#line3","stroke-opacity":1,"stroke":"#000000","stroke-width":1,"name":"FONDO"}},
{"type":"Feature","geometry":{"type":"LineString","coordinates":[[-63.09008,-17.56261],[-63.09008,-17.5626],[-63.09009,-17.5626],[-63.0901,-17.5626],[-63.0901,-17.56259],[-63.09011,-17.56259],[-63.09011,-17.56258],[-63.09012,-17.56258],[-63.09013,-17.56258],[-63.09013,-17.56257],[-63.09014,-17.56257],[-63.09015,-17.56257],[-63.09016,-17.56257],[-63.09017,-17.56257],[-63.09018,-17.56257],[-63.09019,-17.56257],[-63.0902,-17.56257],[-63.09021,-17.56257],[-63.09022,-17.56257],[-63.09023,-17.56257],[-63.09024,-17.56258],[-63.09025,-17.56258],[-63.09026,-17.56258],[-63.09026,-17.56259],[-63.09027,-17.56259],[-63.09027,-17.5626],[-63.09028,-17.5626],[-63.09028,-17.56261],[-63.09029,-17.56261],[-63.09029,-17.56262],[-63.0903,-17.56262],[-63.0903,-17.56263],[-63.09031,-17.56263],[-63.09031,-17.56264]]},"properties":{"description":"Colindantes","styleUrl":"#line3","stroke-opacity":1,"stroke":"#000000","stroke-width":1,"name":"FONDO"}},
{"type":"Feature","geometry":{"type":"LineString","coordinates":[[-63.09031,-17.56264],[-63.09052,-17.56302]]},"properties":{"description":"Colindantes","styleUrl":"#line3","stroke-opacity":1,"stroke":"#000000","stroke-width":1,"name":"FONDO"}},
{"type":"Feature","geometry":{"type":"LineString","coordinates":[[-63.09052,-17.56302],[-63.09053,-17.56302],[-63.09053,-17.56303],[-63.09053,-17.56304],[-63.09054,-17.56305],[-63.09054,-17.56306],[-63.09054,-17.56307],[-63.09055,-17.56307],[-63.09055,-17.56308],[-63.09055,-17.56309],[-63.09055,-17.5631],[-63.09055,-17.56311],[-63.09055,-17.56312],[-63.09056,-17.56312],[-63.09056,-17.56313],[-63.09056,-17.56314],[-63.09056,-17.56315],[-63.09056,-17.56316],[-63.09056,-17.56317],[-63.09056,-17.56318],[-63.09055,-17.56318],[-63.09055,-17.56319],[-63.09055,-17.5632],[-63.09055,-17.56321],[-63.09055,-17.56322],[-63.09055,-17.56323],[-63.09054,-17.56323],[-63.09054,-17.56324],[-63.09054,-17.56325],[-63.09053,-17.56325],[-63.09053,-17.56326],[-63.09053,-17.56327],[-63.09052,-17.56328],[-63.09052,-17.56329],[-63.09051,-17.56329],[-63.09051,-17.5633],[-63.09051,-17.56331],[-63.0905,-17.56331],[-63.0905,-17.56332],[-63.09049,-17.56332],[-63.09049,-17.56333]]},"properties":{"description":"Colindantes","styleUrl":"#line3","stroke-opacity":1,"stroke":"#000000","stroke-width":1,"name":"FONDO"}},
{"type":"Feature","geometry":{"type":"LineString","coordinates":[[-63.09049,-17.56333],[-63.09011,-17.56373]]},"properties":{"description":"Colindantes","styleUrl":"#line3","stroke-opacity":1,"stroke":"#000000","stroke-width":1,"name":"FONDO"}},
{"type":"Feature","geometry":{"type":"LineString","coordinates":[[-63.09011,-17.56373],[-63.09011,-17.56374],[-63.0901,-17.56374],[-63.0901,-17.56375],[-63.09009,-17.56375],[-63.09009,-17.56376],[-63.09008,-17.56376],[-63.09007,-17.56376],[-63.09007,-17.56377],[-63.09006,-17.56377],[-63.09005,-17.56377],[-63.09004,-17.56377],[-63.09003,-17.56378],[-63.09002,-17.56378],[-63.09001,-17.56378],[-63.09,-17.56378],[-63.08999,-17.56378],[-63.08998,-17.56378],[-63.08998,-17.56377],[-63.08997,-17.56377],[-63.08996,-17.56377],[-63.08995,-17.56377],[-63.08995,-17.56376],[-63.08994,-17.56376],[-63.08993,-17.56376],[-63.08993,-17.56375],[-63.08992,-17.56375],[-63.08991,-17.56374],[-63.08991,-17.56373],[-63.0899,-17.56373],[-63.0899,-17.56372],[-63.08989,-17.56372],[-63.08989,-17.56371],[-63.08988,-17.56371],[-63.08988,-17.5637],[-63.08988,-17.56369],[-63.08987,-17.56369],[-63.08987,-17.56368]]},"properties":{"description":"Colindantes","styleUrl":"#line3","stroke-opacity":1,"stroke":"#000000","stroke-width":1,"name":"FONDO"}},
{"type":"Feature","geometry":{"type":"LineString","coordinates":[[-63.08987,-17.56368],[-63.0897,-17.56308]]},"properties":{"description":"Colindantes","styleUrl":"#line3","stroke-opacity":1,"stroke":"#000000","stroke-width":1,"name":"FONDO"}},
{"type":"Feature","geometry":{"type":"LineString","coordinates":[[-63.08893,-17.56386],[-63.08915,-17.56362]]},"properties":{"description":"Colindantes","styleUrl":"#line3","stroke-opacity":1,"stroke":"#000000","stroke-width":1,"name":"FONDO"}},
{"type":"Feature","geometry":{"type":"LineString","coordinates":[[-63.08915,-17.56362],[-63.08948,-17.56326]]},"properties":{"description":"Colindantes","styleUrl":"#line3","stroke-opacity":1,"stroke":"#000000","stroke-width":1,"name":"FONDO"}},
{"type":"Feature","geometry":{"type":"LineString","coordinates":[[-63.08948,-17.56326],[-63.08949,-17.56325],[-63.0895,-17.56325],[-63.0895,-17.56324],[-63.08951,-17.56324],[-63.08951,-17.56323],[-63.08952,-17.56323],[-63.08953,-17.56323],[-63.08954,-17.56323],[-63.08955,-17.56323],[-63.08956,-17.56323],[-63.08957,-17.56323],[-63.08958,-17.56323],[-63.08958,-17.56324],[-63.08959,-17.56324],[-63.0896,-17.56324],[-63.0896,-17.56325],[-63.08961,-17.56325],[-63.08961,-17.56326],[-63.08962,-17.56326],[-63.08962,-17.56327],[-63.08962,-17.56328],[-63.08963,-17.56328],[-63.08963,-17.56329]]},"properties":{"description":"Colindantes","styleUrl":"#line3","stroke-opacity":1,"stroke":"#000000","stroke-width":1,"name":"FONDO"}},
{"type":"Feature","geometry":{"type":"LineString","coordinates":[[-63.08963,-17.56329],[-63.08983,-17.56395]]},"properties":{"description":"Colindantes","styleUrl":"#line3","stroke-opacity":1,"stroke":"#000000","stroke-width":1,"name":"FONDO"}},
{"type":"Feature","geometry":{"type":"LineString","coordinates":[[-63.08983,-17.56395],[-63.08983,-17.56396],[-63.08983,-17.56397],[-63.08983,-17.56398],[-63.08983,-17.56399],[-63.08983,-17.564],[-63.08983,-17.56401],[-63.08983,-17.56402],[-63.08982,-17.56403],[-63.08982,-17.56404],[-63.08982,-17.56405],[-63.08981,-17.56405],[-63.08981,-17.56406],[-63.08981,-17.56407],[-63.0898,-17.56407],[-63.0898,-17.56408]]},"properties":{"description":"Colindantes","styleUrl":"#line3","stroke-opacity":1,"stroke":"#000000","stroke-width":1,"name":"FONDO"}},
{"type":"Feature","geometry":{"type":"LineString","coordinates":[[-63.0898,-17.56408],[-63.08922,-17.5647]]},"properties":{"description":"Colindantes","styleUrl":"#line3","stroke-opacity":1,"stroke":"#000000","stroke-width":1,"name":"FONDO"}},
{"type":"Feature","geometry":{"type":"LineString","coordinates":[[-63.08922,-17.5647],[-63.08917,-17.56478]]},"properties":{"description":"Colindantes","styleUrl":"#line3","stroke-opacity":1,"stroke":"#000000","stroke-width":1,"name":"FONDO"}},
{"type":"Feature","geometry":{"type":"LineString","coordinates":[[-63.08917,-17.56478],[-63.08917,-17.56479],[-63.08916,-17.56479],[-63.08916,-17.5648],[-63.08915,-17.5648],[-63.08915,-17.56481],[-63.08914,-17.56481],[-63.08914,-17.56482],[-63.08913,-17.56482],[-63.08912,-17.56482],[-63.08912,-17.56483],[-63.08911,-17.56483],[-63.0891,-17.56483],[-63.0891,-17.56484],[-63.08909,-17.56484],[-63.08908,-17.56484],[-63.08907,-17.56484],[-63.08906,-17.56484],[-63.08905,-17.56484],[-63.08904,-17.56484],[-63.08903,-17.56484],[-63.08902,-17.56484],[-63.08901,-17.56484],[-63.089,-17.56484],[-63.089,-17.56483],[-63.08899,-17.56483]]},"properties":{"description":"Colindantes","styleUrl":"#line3","stroke-opacity":1,"stroke":"#000000","stroke-width":1,"name":"FONDO"}},
{"type":"Feature","geometry":{"type":"LineString","coordinates":[[-63.08899,-17.56483],[-63.08842,-17.5646]]},"properties":{"description":"Colindantes","styleUrl":"#line3","stroke-opacity":1,"stroke":"#000000","stroke-width":1,"name":"FONDO"}},
{"type":"Feature","geometry":{"type":"LineString","coordinates":[[-63.08842,-17.5646],[-63.08841,-17.5646],[-63.08841,-17.56459],[-63.0884,-17.56459],[-63.0884,-17.56458],[-63.08839,-17.56458],[-63.08838,-17.56457],[-63.08838,-17.56456],[-63.08837,-17.56456],[-63.08837,-17.56455],[-63.08837,-17.56454],[-63.08837,-17.56453],[-63.08836,-17.56453],[-63.08836,-17.56452],[-63.08836,-17.56451],[-63.08837,-17.56451],[-63.08837,-17.5645],[-63.08837,-17.56449],[-63.08837,-17.56448],[-63.08838,-17.56448]]},"properties":{"description":"Colindantes","styleUrl":"#line3","stroke-opacity":1,"stroke":"#000000","stroke-width":1,"name":"FONDO"}},
{"type":"Feature","geometry":{"type":"LineString","coordinates":[[-63.08838,-17.56448],[-63.08843,-17.5644]]},"properties":{"description":"Colindantes","styleUrl":"#line3","stroke-opacity":1,"stroke":"#000000","stroke-width":1,"name":"FONDO"}},
{"type":"Feature","geometry":{"type":"LineString","coordinates":[[-63.08843,-17.5644],[-63.08893,-17.56386]]},"properties":{"description":"Colindantes","styleUrl":"#line3","stroke-opacity":1,"stroke":"#000000","stroke-width":1,"name":"FONDO"}},
{"type":"Feature","geometry":{"type":"LineString","coordinates":[[-63.08798,-17.56528],[-63.0883,-17.56541]]},"properties":{"description":"Colindantes","styleUrl":"#line3","stroke-opacity":1,"stroke":"#000000","stroke-width":1,"name":"FONDO"}},
{"type":"Feature","geometry":{"type":"LineString","coordinates":[[-63.08875,-17.56541],[-63.08895,-17.56511]]},"properties":{"description":"Colindantes","styleUrl":"#line3","stroke-opacity":1,"stroke":"#000000","stroke-width":1,"name":"FONDO"}},
{"type":"Feature","geometry":{"type":"LineString","coordinates":[[-63.08889,-17.56492],[-63.0889,-17.56492],[-63.0889,-17.56493],[-63.08891,-17.56493],[-63.08892,-17.56493],[-63.08892,-17.56494],[-63.08893,-17.56494],[-63.08893,-17.56495],[-63.08894,-17.56495],[-63.08894,-17.56496],[-63.08895,-17.56496],[-63.08895,-17.56497],[-63.08895,-17.56498],[-63.08896,-17.56498],[-63.08896,-17.56499],[-63.08896,-17.565],[-63.08897,-17.565],[-63.08897,-17.56501],[-63.08897,-17.56502],[-63.08897,-17.56503],[-63.08897,-17.56504],[-63.08897,-17.56505],[-63.08897,-17.56506],[-63.08897,-17.56507],[-63.08897,-17.56508],[-63.08896,-17.56508],[-63.08896,-17.56509],[-63.08896,-17.5651],[-63.08896,-17.56511],[-63.08895,-17.56511]]},"properties":{"description":"Colindantes","styleUrl":"#line3","stroke-opacity":1,"stroke":"#000000","stroke-width":1,"name":"FONDO"}},
{"type":"Feature","geometry":{"type":"LineString","coordinates":[[-63.08889,-17.56492],[-63.08833,-17.56469]]},"properties":{"description":"Colindantes","styleUrl":"#line3","stroke-opacity":1,"stroke":"#000000","stroke-width":1,"name":"FONDO"}},
{"type":"Feature","geometry":{"type":"LineString","coordinates":[[-63.08823,-17.56472],[-63.08823,-17.56471],[-63.08824,-17.56471],[-63.08824,-17.5647],[-63.08825,-17.5647],[-63.08825,-17.56469],[-63.08826,-17.56469],[-63.08827,-17.56469],[-63.08828,-17.56469],[-63.08828,-17.56468],[-63.08829,-17.56468],[-63.0883,-17.56468],[-63.08831,-17.56468],[-63.08832,-17.56468],[-63.08832,-17.56469],[-63.08833,-17.56469]]},"properties":{"description":"Colindantes","styleUrl":"#line3","stroke-opacity":1,"stroke":"#000000","stroke-width":1,"name":"FONDO"}},
{"type":"Feature","geometry":{"type":"LineString","coordinates":[[-63.08823,-17.56472],[-63.08794,-17.56516]]},"properties":{"description":"Colindantes","styleUrl":"#line3","stroke-opacity":1,"stroke":"#000000","stroke-width":1,"name":"FONDO"}},
{"type":"Feature","geometry":{"type":"LineString","coordinates":[[-63.08798,-17.56528],[-63.08797,-17.56528],[-63.08796,-17.56528],[-63.08796,-17.56527],[-63.08795,-17.56527],[-63.08795,-17.56526],[-63.08794,-17.56526],[-63.08794,-17.56525],[-63.08793,-17.56524],[-63.08793,-17.56523],[-63.08793,-17.56522],[-63.08793,-17.56521],[-63.08792,-17.56521],[-63.08792,-17.5652],[-63.08793,-17.5652],[-63.08793,-17.56519],[-63.08793,-17.56518],[-63.08793,-17.56517],[-63.08794,-17.56517],[-63.08794,-17.56516]]},"properties":{"description":"Colindantes","styleUrl":"#line3","stroke-opacity":1,"stroke":"#000000","stroke-width":1,"name":"FONDO"}},
{"type":"Feature","geometry":{"type":"LineString","coordinates":[[-63.08789,-17.56537],[-63.08798,-17.56541]]},"properties":{"description":"Colindantes","styleUrl":"#line3","stroke-opacity":1,"stroke":"#000000","stroke-width":1,"name":"FONDO"}},
{"type":"Feature","geometry":{"type":"LineString","coordinates":[[-63.08778,-17.56541],[-63.08778,-17.5654]]},"properties":{"description":"Colindantes","styleUrl":"#line3","stroke-opacity":1,"stroke":"#000000","stroke-width":1,"name":"FONDO"}},
{"type":"Feature","geometry":{"type":"LineString","coordinates":[[-63.08778,-17.5654],[-63.08779,-17.5654],[-63.08779,-17.56539],[-63.0878,-17.56539],[-63.0878,-17.56538],[-63.08781,-17.56538],[-63.08781,-17.56537],[-63.08782,-17.56537],[-63.08783,-17.56537],[-63.08784,-17.56537],[-63.08785,-17.56537],[-63.08786,-17.56537],[-63.08787,-17.56537],[-63.08788,-17.56537],[-63.08789,-17.56537]]},"properties":{"description":"Colindantes","styleUrl":"#line3","stroke-opacity":1,"stroke":"#000000","stroke-width":1,"name":"FONDO"}},
{"type":"Feature","geometry":{"type":"LineString","coordinates":[[-63.0908,-17.56541],[-63.09095,-17.56525]]},"properties":{"description":"Colindantes","styleUrl":"#line3","stroke-opacity":1,"stroke":"#000000","stroke-width":1,"name":"FONDO"}},
{"type":"Feature","geometry":{"type":"LineString","coordinates":[[-63.09095,-17.56525],[-63.09096,-17.56525],[-63.09096,-17.56524],[-63.09097,-17.56524],[-63.09098,-17.56524],[-63.09098,-17.56523],[-63.09099,-17.56523],[-63.091,-17.56523],[-63.09101,-17.56523],[-63.09101,-17.56524],[-63.09102,-17.56524],[-63.09103,-17.56524],[-63.09104,-17.56524],[-63.09104,-17.56525],[-63.09105,-17.56525],[-63.09105,-17.56526],[-63.09106,-17.56526],[-63.09106,-17.56527]]},"properties":{"description":"Colindantes","styleUrl":"#line3","stroke-opacity":1,"stroke":"#000000","stroke-width":1,"name":"FONDO"}},
{"type":"Feature","geometry":{"type":"LineString","coordinates":[[-63.09106,-17.56527],[-63.09114,-17.56541]]},"properties":{"description":"Colindantes","styleUrl":"#line3","stroke-opacity":1,"stroke":"#000000","stroke-width":1,"name":"FONDO"}},
{"type":"Feature","geometry":{"type":"LineString","coordinates":[[-63.09113,-17.56506],[-63.09133,-17.56484]]},"properties":{"description":"Colindantes","styleUrl":"#line3","stroke-opacity":1,"stroke":"#000000","stroke-width":1,"name":"FONDO"}},
{"type":"Feature","geometry":{"type":"LineString","coordinates":[[-63.09133,-17.56484],[-63.09134,-17.56484],[-63.09134,-17.56483],[-63.09135,-17.56483],[-63.09135,-17.56482],[-63.09136,-17.56482],[-63.09136,-17.56481],[-63.09137,-17.56481],[-63.09138,-17.56481],[-63.09139,-17.56481],[-63.09139,-17.5648],[-63.0914,-17.5648],[-63.09141,-17.5648],[-63.09142,-17.5648],[-63.09143,-17.5648],[-63.09144,-17.5648],[-63.09145,-17.5648],[-63.09146,-17.5648],[-63.09147,-17.5648],[-63.09148,-17.5648],[-63.09148,-17.56481],[-63.09149,-17.56481],[-63.0915,-17.56481],[-63.0915,-17.56482],[-63.09151,-17.56482],[-63.09152,-17.56482],[-63.09152,-17.56483],[-63.09153,-17.56483],[-63.09153,-17.56484],[-63.09154,-17.56484],[-63.09154,-17.56485],[-63.09155,-17.56485],[-63.09155,-17.56486],[-63.09156,-17.56486],[-63.09156,-17.56487]]},"properties":{"description":"Colindantes","styleUrl":"#line3","stroke-opacity":1,"stroke":"#000000","stroke-width":1,"name":"FONDO"}},
{"type":"Feature","geometry":{"type":"LineString","coordinates":[[-63.09156,-17.56487],[-63.09163,-17.56499]]},"properties":{"description":"Colindantes","styleUrl":"#line3","stroke-opacity":1,"stroke":"#000000","stroke-width":1,"name":"FONDO"}},
{"type":"Feature","geometry":{"type":"LineString","coordinates":[[-63.09163,-17.56516],[-63.09145,-17.56541]]},"properties":{"description":"Colindantes","styleUrl":"#line3","stroke-opacity":1,"stroke":"#000000","stroke-width":1,"name":"FONDO"}},
{"type":"Feature","geometry":{"type":"LineString","coordinates":[[-63.09128,-17.56541],[-63.09112,-17.56513]]},"properties":{"description":"Colindantes","styleUrl":"#line3","stroke-opacity":1,"stroke":"#000000","stroke-width":1,"name":"FONDO"}},
{"type":"Feature","geometry":{"type":"LineString","coordinates":[[-63.09112,-17.56513],[-63.09112,-17.56512],[-63.09111,-17.56512],[-63.09111,-17.56511],[-63.09111,-17.5651],[-63.09111,-17.56509],[-63.09111,-17.56508],[-63.09112,-17.56508],[-63.09112,-17.56507],[-63.09112,-17.56506],[-63.09113,-17.56506]]},"properties":{"description":"Colindantes","styleUrl":"#line3","stroke-opacity":1,"stroke":"#000000","stroke-width":1,"name":"FONDO"}},
{"type":"Feature","geometry":{"type":"LineString","coordinates":[[-63.09109,-17.56404],[-63.09135,-17.5645]]},"properties":{"description":"Colindantes","styleUrl":"#line3","stroke-opacity":1,"stroke":"#000000","stroke-width":1,"name":"FONDO"}},
{"type":"Feature","geometry":{"type":"LineString","coordinates":[[-63.09135,-17.5645],[-63.09136,-17.56451],[-63.09136,-17.56452],[-63.09136,-17.56453],[-63.09137,-17.56453],[-63.09137,-17.56454],[-63.09137,-17.56455],[-63.09137,-17.56456],[-63.09137,-17.56457],[-63.09137,-17.56458],[-63.09137,-17.56459],[-63.09137,-17.5646],[-63.09137,-17.56461],[-63.09136,-17.56461],[-63.09136,-17.56462],[-63.09136,-17.56463],[-63.09135,-17.56463],[-63.09135,-17.56464],[-63.09135,-17.56465],[-63.09134,-17.56465],[-63.09134,-17.56466]]},"properties":{"description":"Colindantes","styleUrl":"#line3","stroke-opacity":1,"stroke":"#000000","stroke-width":1,"name":"FONDO"}},
{"type":"Feature","geometry":{"type":"LineString","coordinates":[[-63.09134,-17.56466],[-63.09064,-17.56541]]},"properties":{"description":"Colindantes","styleUrl":"#line3","stroke-opacity":1,"stroke":"#000000","stroke-width":1,"name":"FONDO"}},
{"type":"Feature","geometry":{"type":"LineString","coordinates":[[-63.08964,-17.56541],[-63.08965,-17.5654]]},"properties":{"description":"Colindantes","styleUrl":"#line3","stroke-opacity":1,"stroke":"#000000","stroke-width":1,"name":"FONDO"}},
{"type":"Feature","geometry":{"type":"LineString","coordinates":[[-63.08965,-17.5654],[-63.08965,-17.56539],[-63.08965,-17.56538],[-63.08965,-17.56537],[-63.08965,-17.56536],[-63.08965,-17.56535],[-63.08966,-17.56535],[-63.08966,-17.56534],[-63.08966,-17.56533],[-63.08967,-17.56532],[-63.08967,-17.56531],[-63.08968,-17.56531],[-63.08968,-17.5653],[-63.08968,-17.56529],[-63.08969,-17.56529],[-63.08969,-17.56528],[-63.0897,-17.56528],[-63.0897,-17.56527]]},"properties":{"description":"Colindantes","styleUrl":"#line3","stroke-opacity":1,"stroke":"#000000","stroke-width":1,"name":"FONDO"}},
{"type":"Feature","geometry":{"type":"LineString","coordinates":[[-63.0897,-17.56527],[-63.09086,-17.56401]]},"properties":{"description":"Colindantes","styleUrl":"#line3","stroke-opacity":1,"stroke":"#000000","stroke-width":1,"name":"FONDO"}},
{"type":"Feature","geometry":{"type":"LineString","coordinates":[[-63.09086,-17.56401],[-63.09087,-17.56401],[-63.09087,-17.564],[-63.09088,-17.564],[-63.09088,-17.56399],[-63.09089,-17.56399],[-63.0909,-17.56399],[-63.0909,-17.56398],[-63.09091,-17.56398],[-63.09092,-17.56398],[-63.09092,-17.56397],[-63.09093,-17.56397],[-63.09094,-17.56397],[-63.09095,-17.56397],[-63.09096,-17.56397],[-63.09097,-17.56397],[-63.09098,-17.56397],[-63.09099,-17.56397],[-63.091,-17.56397],[-63.09101,-17.56397],[-63.09102,-17.56397],[-63.09102,-17.56398],[-63.09103,-17.56398],[-63.09104,-17.56398],[-63.09104,-17.56399],[-63.09105,-17.56399],[-63.09106,-17.564],[-63.09107,-17.564],[-63.09107,-17.56401],[-63.09108,-17.56401],[-63.09108,-17.56402],[-63.09109,-17.56402],[-63.09109,-17.56403],[-63.09109,-17.56404]]},"properties":{"description":"Colindantes","styleUrl":"#line3","stroke-opacity":1,"stroke":"#000000","stroke-width":1,"name":"FONDO"}},
{"type":"Feature","geometry":{"type":"LineString","coordinates":[[-63.08162,-17.55924],[-63.08134,-17.56037]]},"properties":{"description":"Colindantes","styleUrl":"#line3","stroke-opacity":1,"stroke":"#000000","stroke-width":1,"name":"FONDO"}},
{"type":"Feature","geometry":{"type":"LineString","coordinates":[[-63.08135,-17.56041],[-63.08134,-17.56041],[-63.08134,-17.5604],[-63.08134,-17.56039],[-63.08134,-17.56038],[-63.08134,-17.56037]]},"properties":{"description":"Colindantes","styleUrl":"#line3","stroke-opacity":1,"stroke":"#000000","stroke-width":1,"name":"FONDO"}},
{"type":"Feature","geometry":{"type":"LineString","coordinates":[[-63.08166,-17.56094],[-63.08135,-17.56041]]},"properties":{"description":"Colindantes","styleUrl":"#line3","stroke-opacity":1,"stroke":"#000000","stroke-width":1,"name":"FONDO"}},
{"type":"Feature","geometry":{"type":"LineString","coordinates":[[-63.08178,-17.56093],[-63.08178,-17.56094],[-63.08177,-17.56095],[-63.08177,-17.56096],[-63.08176,-17.56096],[-63.08175,-17.56097],[-63.08174,-17.56097],[-63.08173,-17.56097],[-63.08173,-17.56098],[-63.08172,-17.56098],[-63.08171,-17.56098],[-63.08171,-17.56097],[-63.0817,-17.56097],[-63.08169,-17.56097],[-63.08168,-17.56097],[-63.08168,-17.56096],[-63.08167,-17.56096],[-63.08167,-17.56095],[-63.08166,-17.56095],[-63.08166,-17.56094]]},"properties":{"description":"Colindantes","styleUrl":"#line3","stroke-opacity":1,"stroke":"#000000","stroke-width":1,"name":"FONDO"}},
{"type":"Feature","geometry":{"type":"LineString","coordinates":[[-63.08177,-17.55658],[-63.08177,-17.55659],[-63.08177,-17.5566],[-63.08177,-17.55661],[-63.08177,-17.55662],[-63.08177,-17.55663],[-63.08177,-17.55664],[-63.08177,-17.55665],[-63.08176,-17.55666],[-63.08176,-17.55667],[-63.08176,-17.55668],[-63.08176,-17.55669],[-63.08176,-17.5567],[-63.08175,-17.5567],[-63.08175,-17.55671],[-63.08175,-17.55672],[-63.08175,-17.55673],[-63.08175,-17.55674],[-63.08174,-17.55674],[-63.08174,-17.55675],[-63.08174,-17.55676],[-63.08174,-17.55677],[-63.08173,-17.55678],[-63.08173,-17.55679],[-63.08173,-17.5568],[-63.08172,-17.5568],[-63.08172,-17.55681],[-63.08172,-17.55682],[-63.08172,-17.55683],[-63.08171,-17.55683],[-63.08171,-17.55684],[-63.08171,-17.55685],[-63.0817,-17.55685],[-63.0817,-17.55686],[-63.0817,-17.55687],[-63.08169,-17.55687],[-63.08169,-17.55688],[-63.08169,-17.55689],[-63.08168,-17.55689],[-63.08168,-17.5569],[-63.08168,-17.55691],[-63.08167,-17.55691],[-63.08167,-17.55692],[-63.08167,-17.55693],[-63.08166,-17.55693],[-63.08166,-17.55694],[-63.08165,-17.55695]]},"properties":{"description":"Colindantes","styleUrl":"#line3","stroke-opacity":1,"stroke":"#000000","stroke-width":1,"name":"FONDO"}},
{"type":"Feature","geometry":{"type":"LineString","coordinates":[[-63.08177,-17.55658],[-63.08178,-17.55657],[-63.08178,-17.55656],[-63.08178,-17.55655],[-63.08179,-17.55655],[-63.08179,-17.55654],[-63.0818,-17.55654],[-63.0818,-17.55653],[-63.08181,-17.55653],[-63.08182,-17.55652],[-63.08183,-17.55652],[-63.08184,-17.55652],[-63.08185,-17.55652]]},"properties":{"description":"Colindantes","styleUrl":"#line3","stroke-opacity":1,"stroke":"#000000","stroke-width":1,"name":"FONDO"}},
{"type":"Feature","geometry":{"type":"LineString","coordinates":[[-63.08169,-17.55704],[-63.08168,-17.55704],[-63.08167,-17.55704],[-63.08167,-17.55703],[-63.08166,-17.55703],[-63.08166,-17.55702],[-63.08165,-17.55702],[-63.08165,-17.55701],[-63.08165,-17.557],[-63.08164,-17.557],[-63.08164,-17.55699],[-63.08164,-17.55698],[-63.08164,-17.55697],[-63.08165,-17.55697],[-63.08165,-17.55696],[-63.08165,-17.55695]]},"properties":{"description":"Colindantes","styleUrl":"#line3","stroke-opacity":1,"stroke":"#000000","stroke-width":1,"name":"FONDO"}},
{"type":"Feature","geometry":{"type":"LineString","coordinates":[[-63.08148,-17.55589],[-63.08149,-17.55589],[-63.08149,-17.5559],[-63.0815,-17.5559],[-63.0815,-17.55591],[-63.08151,-17.55591],[-63.08151,-17.55592],[-63.08152,-17.55592],[-63.08152,-17.55593],[-63.08153,-17.55593],[-63.08153,-17.55594],[-63.08154,-17.55594],[-63.08154,-17.55595],[-63.08155,-17.55595],[-63.08155,-17.55596],[-63.08156,-17.55596],[-63.08156,-17.55597],[-63.08157,-17.55597],[-63.08157,-17.55598],[-63.08158,-17.55598],[-63.08158,-17.55599],[-63.08159,-17.55599],[-63.08159,-17.556],[-63.0816,-17.55601],[-63.0816,-17.55602],[-63.08161,-17.55602],[-63.08161,-17.55603],[-63.08162,-17.55603],[-63.08162,-17.55604],[-63.08163,-17.55604],[-63.08163,-17.55605],[-63.08163,-17.55606],[-63.08164,-17.55606],[-63.08164,-17.55607],[-63.08165,-17.55607],[-63.08165,-17.55608],[-63.08165,-17.55609],[-63.08166,-17.55609],[-63.08166,-17.5561],[-63.08166,-17.55611],[-63.08167,-17.55611],[-63.08167,-17.55612],[-63.08168,-17.55612],[-63.08168,-17.55613],[-63.08168,-17.55614],[-63.08169,-17.55614],[-63.08169,-17.55615],[-63.08169,-17.55616],[-63.0817,-17.55616],[-63.0817,-17.55617],[-63.0817,-17.55618],[-63.08171,-17.55619],[-63.08171,-17.5562],[-63.08171,-17.55621],[-63.08172,-17.55621],[-63.08172,-17.55622],[-63.08172,-17.55623],[-63.08173,-17.55623],[-63.08173,-17.55624],[-63.08173,-17.55625],[-63.08173,-17.55626],[-63.08174,-17.55626],[-63.08174,-17.55627],[-63.08174,-17.55628],[-63.08174,-17.55629],[-63.08175,-17.55629],[-63.08175,-17.5563],[-63.08175,-17.55631],[-63.08175,-17.55632],[-63.08175,-17.55633],[-63.08176,-17.55633],[-63.08176,-17.55634]]},"properties":{"description":"Colindantes","styleUrl":"#line3","stroke-opacity":1,"stroke":"#000000","stroke-width":1,"name":"FONDO"}},
{"type":"Feature","geometry":{"type":"LineString","coordinates":[[-63.08148,-17.55589],[-63.08148,-17.55588],[-63.08147,-17.55588],[-63.08147,-17.55587],[-63.08146,-17.55587],[-63.08146,-17.55586],[-63.08146,-17.55585],[-63.08146,-17.55584],[-63.08146,-17.55583],[-63.08146,-17.55582],[-63.08146,-17.55581],[-63.08147,-17.55581],[-63.08147,-17.5558],[-63.08148,-17.5558],[-63.08148,-17.55579],[-63.08149,-17.55579],[-63.08149,-17.55578],[-63.0815,-17.55578],[-63.08151,-17.55578],[-63.08152,-17.55578],[-63.08153,-17.55578],[-63.08154,-17.55578]]},"properties":{"description":"Colindantes","styleUrl":"#line3","stroke-opacity":1,"stroke":"#000000","stroke-width":1,"name":"FONDO"}},
{"type":"Feature","geometry":{"type":"LineString","coordinates":[[-63.08181,-17.55639],[-63.0818,-17.55639],[-63.08179,-17.55639],[-63.08179,-17.55638],[-63.08178,-17.55638],[-63.08178,-17.55637],[-63.08177,-17.55637],[-63.08177,-17.55636],[-63.08176,-17.55636],[-63.08176,-17.55635],[-63.08176,-17.55634]]},"properties":{"description":"Colindantes","styleUrl":"#line3","stroke-opacity":1,"stroke":"#000000","stroke-width":1,"name":"FONDO"}},
{"type":"Feature","geometry":{"type":"LineString","coordinates":[[-63.08853,-17.56244],[-63.08844,-17.56278]]},"properties":{"description":"Colindantes","styleUrl":"#line3","stroke-opacity":1,"stroke":"#000000","stroke-width":1,"name":"FONDO"}},
{"type":"Feature","geometry":{"type":"LineString","coordinates":[[-63.0886,-17.56214],[-63.0886,-17.56215],[-63.0886,-17.56216],[-63.0886,-17.56217],[-63.0886,-17.56218],[-63.08859,-17.56218],[-63.08859,-17.56219],[-63.08859,-17.5622],[-63.08858,-17.5622],[-63.08858,-17.56221],[-63.08857,-17.56221],[-63.08857,-17.56222],[-63.08856,-17.56222],[-63.08855,-17.56223],[-63.08854,-17.56223],[-63.08853,-17.56223],[-63.08852,-17.56223],[-63.08851,-17.56223],[-63.0885,-17.56223]]},"properties":{"description":"Colindantes","styleUrl":"#line3","stroke-opacity":1,"stroke":"#000000","stroke-width":1,"name":"FONDO"}},
{"type":"Feature","geometry":{"type":"LineString","coordinates":[[-63.09053,-17.55529],[-63.09054,-17.55529]]},"properties":{"description":"Colindantes","styleUrl":"#line3","stroke-opacity":1,"stroke":"#000000","stroke-width":1,"name":"FONDO"}},
{"type":"Feature","geometry":{"type":"LineString","coordinates":[[-63.09054,-17.55529],[-63.09055,-17.55529],[-63.09055,-17.5553],[-63.09056,-17.5553],[-63.09057,-17.5553],[-63.09057,-17.55531],[-63.09058,-17.55531],[-63.09058,-17.55532],[-63.09059,-17.55532],[-63.09059,-17.55533],[-63.0906,-17.55533],[-63.0906,-17.55534],[-63.0906,-17.55535],[-63.09061,-17.55535],[-63.09061,-17.55536],[-63.09061,-17.55537],[-63.09061,-17.55538]]},"properties":{"description":"Colindantes","styleUrl":"#line3","stroke-opacity":1,"stroke":"#000000","stroke-width":1,"name":"FONDO"}},
{"type":"Feature","geometry":null,"properties":{"description":"Colindantes","styleUrl":"#line3","stroke-opacity":1,"stroke":"#000000","stroke-width":1,"name":"FONDO"}},
{"type":"Feature","geometry":{"type":"LineString","coordinates":[[-63.09061,-17.55538],[-63.0906,-17.55561]]},"properties":{"description":"Colindantes","styleUrl":"#line3","stroke-opacity":1,"stroke":"#000000","stroke-width":1,"name":"FONDO"}},
{"type":"Feature","geometry":{"type":"LineString","coordinates":[[-63.0906,-17.55561],[-63.0906,-17.55562]]},"properties":{"description":"Colindantes","styleUrl":"#line3","stroke-opacity":1,"stroke":"#000000","stroke-width":1,"name":"FONDO"}},
{"type":"Feature","geometry":null,"properties":{"description":"Colindantes","styleUrl":"#line3","stroke-opacity":1,"stroke":"#000000","stroke-width":1,"name":"FONDO"}},
{"type":"Feature","geometry":{"type":"LineString","coordinates":[[-63.0906,-17.55562],[-63.0906,-17.55563],[-63.0906,-17.55564],[-63.09059,-17.55564]]},"properties":{"description":"Colindantes","styleUrl":"#line3","stroke-opacity":1,"stroke":"#000000","stroke-width":1,"name":"FONDO"}},
{"type":"Feature","geometry":{"type":"LineString","coordinates":[[-63.09059,-17.55564],[-63.09047,-17.55585]]},"properties":{"description":"Colindantes","styleUrl":"#line3","stroke-opacity":1,"stroke":"#000000","stroke-width":1,"name":"FONDO"}},
{"type":"Feature","geometry":{"type":"LineString","coordinates":[[-63.09047,-17.55585],[-63.09047,-17.55586],[-63.09046,-17.55586],[-63.09046,-17.55587],[-63.09045,-17.55587],[-63.09045,-17.55588],[-63.09044,-17.55588],[-63.09043,-17.55588],[-63.09043,-17.55589],[-63.09042,-17.55589],[-63.09041,-17.55589],[-63.0904,-17.55589],[-63.09039,-17.55589],[-63.09038,-17.55589]]},"properties":{"description":"Colindantes","styleUrl":"#line3","stroke-opacity":1,"stroke":"#000000","stroke-width":1,"name":"FONDO"}},
{"type":"Feature","geometry":{"type":"LineString","coordinates":[[-63.08877,-17.55778],[-63.08876,-17.55778],[-63.08876,-17.55777],[-63.08875,-17.55777],[-63.08874,-17.55777],[-63.08874,-17.55776],[-63.08873,-17.55776],[-63.08873,-17.55775],[-63.08873,-17.55774],[-63.08872,-17.55774],[-63.08872,-17.55773],[-63.08872,-17.55772],[-63.08872,-17.55771],[-63.08872,-17.5577],[-63.08872,-17.55769],[-63.08873,-17.55769]]},"properties":{"description":"Colindantes","styleUrl":"#line3","stroke-opacity":1,"stroke":"#000000","stroke-width":1,"name":"FONDO"}},
{"type":"Feature","geometry":{"type":"LineString","coordinates":[[-63.08807,-17.55762],[-63.08806,-17.55762],[-63.08806,-17.55761],[-63.08805,-17.55761],[-63.08805,-17.5576],[-63.08804,-17.5576],[-63.08804,-17.55759],[-63.08803,-17.55759],[-63.08803,-17.55758],[-63.08803,-17.55757],[-63.08802,-17.55757],[-63.08802,-17.55756],[-63.08802,-17.55755],[-63.08802,-17.55754],[-63.08803,-17.55754],[-63.08803,-17.55753]]},"properties":{"description":"Colindantes","styleUrl":"#line3","stroke-opacity":1,"stroke":"#000000","stroke-width":1,"name":"FONDO"}},
{"type":"Feature","geometry":{"type":"LineString","coordinates":[[-63.09027,-17.55598],[-63.09027,-17.55599],[-63.09028,-17.55599],[-63.09029,-17.55599],[-63.0903,-17.55599],[-63.0903,-17.556],[-63.09031,-17.556],[-63.09031,-17.55601],[-63.09032,-17.55601],[-63.09032,-17.55602],[-63.09033,-17.55602],[-63.09033,-17.55603],[-63.09033,-17.55604],[-63.09033,-17.55605],[-63.09034,-17.55605],[-63.09034,-17.55606],[-63.09034,-17.55607]]},"properties":{"description":"Colindantes","styleUrl":"#line3","stroke-opacity":1,"stroke":"#000000","stroke-width":1,"name":"FONDO"}},
{"type":"Feature","geometry":{"type":"LineString","coordinates":[[-63.08975,-17.55591],[-63.08975,-17.5559],[-63.08976,-17.5559],[-63.08976,-17.55589],[-63.08977,-17.55589],[-63.08978,-17.55589],[-63.08978,-17.55588],[-63.08979,-17.55588],[-63.0898,-17.55588],[-63.08981,-17.55588],[-63.08982,-17.55588]]},"properties":{"description":"Colindantes","styleUrl":"#line3","stroke-opacity":1,"stroke":"#000000","stroke-width":1,"name":"FONDO"}},
{"type":"Feature","geometry":{"type":"LineString","coordinates":[[-63.08956,-17.55582],[-63.08957,-17.55582],[-63.08957,-17.55583],[-63.08958,-17.55583],[-63.08959,-17.55583],[-63.08959,-17.55584],[-63.0896,-17.55584],[-63.0896,-17.55585],[-63.08961,-17.55585],[-63.08961,-17.55586],[-63.08961,-17.55587],[-63.08961,-17.55588],[-63.08961,-17.55589],[-63.08961,-17.5559],[-63.08961,-17.55591]]},"properties":{"description":"Colindantes","styleUrl":"#line3","stroke-opacity":1,"stroke":"#000000","stroke-width":1,"name":"FONDO"}},
{"type":"Feature","geometry":{"type":"LineString","coordinates":[[-63.08905,-17.55575],[-63.08906,-17.55575],[-63.08906,-17.55574],[-63.08907,-17.55574],[-63.08907,-17.55573],[-63.08908,-17.55573],[-63.08909,-17.55573],[-63.08909,-17.55572],[-63.0891,-17.55572],[-63.08911,-17.55572],[-63.08912,-17.55572],[-63.08913,-17.55572]]},"properties":{"description":"Colindantes","styleUrl":"#line3","stroke-opacity":1,"stroke":"#000000","stroke-width":1,"name":"FONDO"}},
{"type":"Feature","geometry":{"type":"LineString","coordinates":[[-63.08846,-17.55921],[-63.08741,-17.55897]]},"properties":{"description":"Colindantes","styleUrl":"#line3","stroke-opacity":1,"stroke":"#000000","stroke-width":1,"name":"FONDO"}},
{"type":"Feature","geometry":{"type":"LineString","coordinates":[[-63.0874,-17.55909],[-63.08836,-17.55931]]},"properties":{"description":"Colindantes","styleUrl":"#line3","stroke-opacity":1,"stroke":"#000000","stroke-width":1,"name":"FONDO"}},
{"type":"Feature","geometry":{"type":"LineString","coordinates":[[-63.0882,-17.56066],[-63.08731,-17.56045]]},"properties":{"description":"Colindantes","styleUrl":"#line3","stroke-opacity":1,"stroke":"#000000","stroke-width":1,"name":"FONDO"}},
{"type":"Feature","geometry":{"type":"LineString","coordinates":[[-63.08735,-17.55983],[-63.08813,-17.56001]]},"properties":{"description":"Colindantes","styleUrl":"#line3","stroke-opacity":1,"stroke":"#000000","stroke-width":1,"name":"FONDO"}},
{"type":"Feature","geometry":{"type":"LineString","coordinates":[[-63.08809,-17.55988],[-63.08736,-17.55971]]},"properties":{"description":"Colindantes","styleUrl":"#line3","stroke-opacity":1,"stroke":"#000000","stroke-width":1,"name":"FONDO"}},
{"type":"Feature","geometry":{"type":"LineString","coordinates":[[-63.0873,-17.56057],[-63.08828,-17.5608]]},"properties":{"description":"Colindantes","styleUrl":"#line3","stroke-opacity":1,"stroke":"#000000","stroke-width":1,"name":"FONDO"}},
{"type":"Feature","geometry":{"type":"LineString","coordinates":[[-63.08828,-17.5608],[-63.08829,-17.5608],[-63.0883,-17.5608],[-63.0883,-17.56081],[-63.08831,-17.56081],[-63.08831,-17.56082],[-63.08832,-17.56082],[-63.08832,-17.56083],[-63.08833,-17.56083],[-63.08833,-17.56084],[-63.08834,-17.56084],[-63.08834,-17.56085],[-63.08834,-17.56086]]},"properties":{"description":"Colindantes","styleUrl":"#line3","stroke-opacity":1,"stroke":"#000000","stroke-width":1,"name":"FONDO"}},
{"type":"Feature","geometry":{"type":"LineString","coordinates":[[-63.08834,-17.56086],[-63.08844,-17.56138]]},"properties":{"description":"Colindantes","styleUrl":"#line3","stroke-opacity":1,"stroke":"#000000","stroke-width":1,"name":"FONDO"}},
{"type":"Feature","geometry":{"type":"LineString","coordinates":[[-63.08836,-17.56145],[-63.08748,-17.56125]]},"properties":{"description":"Colindantes","styleUrl":"#line3","stroke-opacity":1,"stroke":"#000000","stroke-width":1,"name":"FONDO"}},
{"type":"Feature","geometry":{"type":"LineString","coordinates":[[-63.08759,-17.56139],[-63.08845,-17.56159]]},"properties":{"description":"Colindantes","styleUrl":"#line3","stroke-opacity":1,"stroke":"#000000","stroke-width":1,"name":"FONDO"}},
{"type":"Feature","geometry":{"type":"LineString","coordinates":[[-63.08807,-17.55762],[-63.08806,-17.55762],[-63.08806,-17.55761],[-63.08805,-17.55761],[-63.08805,-17.5576],[-63.08804,-17.5576],[-63.08804,-17.55759],[-63.08803,-17.55759],[-63.08803,-17.55758],[-63.08803,-17.55757],[-63.08802,-17.55757],[-63.08802,-17.55756],[-63.08802,-17.55755],[-63.08802,-17.55754],[-63.08803,-17.55754],[-63.08803,-17.55753]]},"properties":{"description":"Colindantes","styleUrl":"#line3","stroke-opacity":1,"stroke":"#000000","stroke-width":1,"name":"FONDO"}},
{"type":"Feature","geometry":{"type":"LineString","coordinates":[[-63.08813,-17.55537],[-63.08812,-17.55537],[-63.08811,-17.55537],[-63.08811,-17.55536],[-63.0881,-17.55536],[-63.0881,-17.55535],[-63.08809,-17.55535],[-63.08809,-17.55534],[-63.08808,-17.55534],[-63.08808,-17.55533],[-63.08808,-17.55532],[-63.08808,-17.55531],[-63.08808,-17.5553]]},"properties":{"description":"Colindantes","styleUrl":"#line3","stroke-opacity":1,"stroke":"#000000","stroke-width":1,"name":"FONDO"}},
{"type":"Feature","geometry":{"type":"LineString","coordinates":[[-63.0882,-17.55482],[-63.0882,-17.55481],[-63.08821,-17.55481],[-63.08821,-17.5548],[-63.08821,-17.55479],[-63.08822,-17.55479],[-63.08822,-17.55478],[-63.08823,-17.55478],[-63.08824,-17.55478],[-63.08824,-17.55477],[-63.08825,-17.55477],[-63.08826,-17.55477],[-63.08827,-17.55477],[-63.08828,-17.55477]]},"properties":{"description":"Colindantes","styleUrl":"#line3","stroke-opacity":1,"stroke":"#000000","stroke-width":1,"name":"FONDO"}},
{"type":"Feature","geometry":{"type":"LineString","coordinates":[[-63.09054,-17.55529],[-63.09055,-17.55529],[-63.09055,-17.5553],[-63.09056,-17.5553],[-63.09057,-17.5553],[-63.09057,-17.55531],[-63.09058,-17.55531],[-63.09058,-17.55532],[-63.09059,-17.55532],[-63.09059,-17.55533],[-63.0906,-17.55533],[-63.0906,-17.55534],[-63.0906,-17.55535],[-63.09061,-17.55535],[-63.09061,-17.55536],[-63.09061,-17.55537],[-63.09061,-17.55538]]},"properties":{"description":"Colindantes","styleUrl":"#line3","stroke-opacity":1,"stroke":"#000000","stroke-width":1,"name":"FONDO"}},
{"type":"Feature","geometry":{"type":"LineString","coordinates":[[-63.09047,-17.55585],[-63.09047,-17.55586],[-63.09046,-17.55586],[-63.09046,-17.55587],[-63.09045,-17.55587],[-63.09045,-17.55588],[-63.09044,-17.55588],[-63.09043,-17.55588],[-63.09043,-17.55589],[-63.09042,-17.55589],[-63.09041,-17.55589],[-63.0904,-17.55589],[-63.09039,-17.55589],[-63.09038,-17.55589]]},"properties":{"description":"Colindantes","styleUrl":"#line3","stroke-opacity":1,"stroke":"#000000","stroke-width":1,"name":"FONDO"}},
{"type":"Feature","geometry":{"type":"LineString","coordinates":[[-63.09027,-17.55598],[-63.09027,-17.55599],[-63.09028,-17.55599],[-63.09029,-17.55599],[-63.0903,-17.55599],[-63.0903,-17.556],[-63.09031,-17.556],[-63.09031,-17.55601],[-63.09032,-17.55601],[-63.09032,-17.55602],[-63.09033,-17.55602],[-63.09033,-17.55603],[-63.09033,-17.55604],[-63.09033,-17.55605],[-63.09034,-17.55605],[-63.09034,-17.55606],[-63.09034,-17.55607],[-63.09034,-17.55608],[-63.09033,-17.55608],[-63.09033,-17.55609],[-63.09033,-17.5561]]},"properties":{"description":"Colindantes","styleUrl":"#line3","stroke-opacity":1,"stroke":"#000000","stroke-width":1,"name":"FONDO"}},
{"type":"Feature","geometry":{"type":"LineString","coordinates":[[-63.08887,-17.55566],[-63.08888,-17.55566],[-63.08888,-17.55567],[-63.08889,-17.55567],[-63.0889,-17.55567],[-63.0889,-17.55568],[-63.08891,-17.55568],[-63.08891,-17.55569],[-63.08891,-17.5557],[-63.08892,-17.5557],[-63.08892,-17.55571],[-63.08892,-17.55572],[-63.08892,-17.55573],[-63.08892,-17.55574],[-63.08892,-17.55575],[-63.08891,-17.55575],[-63.08891,-17.55576]]},"properties":{"description":"Colindantes","styleUrl":"#line3","stroke-opacity":1,"stroke":"#000000","stroke-width":1,"name":"FONDO"}},
{"type":"Feature","geometry":{"type":"LineString","coordinates":[[-63.08802,-17.55553],[-63.08802,-17.55552],[-63.08803,-17.55552],[-63.08803,-17.55551],[-63.08804,-17.55551],[-63.08804,-17.5555],[-63.08805,-17.5555],[-63.08805,-17.55549],[-63.08806,-17.55549],[-63.08807,-17.55549],[-63.08808,-17.55549],[-63.08808,-17.55548],[-63.08809,-17.55548],[-63.08809,-17.55549],[-63.0881,-17.55549]]},"properties":{"description":"Colindantes","styleUrl":"#line3","stroke-opacity":1,"stroke":"#000000","stroke-width":1,"name":"FONDO"}},
{"type":"Feature","geometry":{"type":"LineString","coordinates":[[-63.08877,-17.55778],[-63.08876,-17.55778],[-63.08876,-17.55777],[-63.08875,-17.55777],[-63.08874,-17.55777],[-63.08874,-17.55776],[-63.08873,-17.55776],[-63.08873,-17.55775],[-63.08873,-17.55774],[-63.08872,-17.55774],[-63.08872,-17.55773],[-63.08872,-17.55772],[-63.08872,-17.55771],[-63.08872,-17.5577],[-63.08872,-17.55769],[-63.08873,-17.55769]]},"properties":{"description":"Colindantes","styleUrl":"#line3","stroke-opacity":1,"stroke":"#000000","stroke-width":1,"name":"FONDO"}},
{"type":"Feature","geometry":{"type":"LineString","coordinates":[[-63.08858,-17.55769],[-63.08858,-17.5577],[-63.08857,-17.5577],[-63.08857,-17.55771],[-63.08856,-17.55771],[-63.08855,-17.55771],[-63.08855,-17.55772],[-63.08854,-17.55772],[-63.08853,-17.55772],[-63.08852,-17.55772],[-63.08851,-17.55772]]},"properties":{"description":"Colindantes","styleUrl":"#line3","stroke-opacity":1,"stroke":"#000000","stroke-width":1,"name":"FONDO"}},
{"type":"Feature","geometry":{"type":"LineString","coordinates":[[-63.08789,-17.55753],[-63.08789,-17.55754],[-63.08788,-17.55754],[-63.08788,-17.55755],[-63.08787,-17.55755],[-63.08786,-17.55755],[-63.08786,-17.55756],[-63.08785,-17.55756],[-63.08784,-17.55756],[-63.08783,-17.55756],[-63.08782,-17.55756]]},"properties":{"description":"Colindantes","styleUrl":"#line3","stroke-opacity":1,"stroke":"#000000","stroke-width":1,"name":"FONDO"}},
{"type":"Feature","geometry":{"type":"LineString","coordinates":[[-63.08932,-17.55784],[-63.08932,-17.55785],[-63.08932,-17.55786],[-63.08931,-17.55786],[-63.08931,-17.55787],[-63.0893,-17.55787],[-63.08929,-17.55787],[-63.08929,-17.55788],[-63.08928,-17.55788],[-63.08927,-17.55788],[-63.08926,-17.55788],[-63.08926,-17.55789],[-63.08925,-17.55789],[-63.08924,-17.55789],[-63.08924,-17.55788],[-63.08923,-17.55788]]},"properties":{"description":"Colindantes","styleUrl":"#line3","stroke-opacity":1,"stroke":"#000000","stroke-width":1,"name":"FONDO"}},
{"type":"Feature","geometry":{"type":"LineString","coordinates":[[-63.08912,-17.55798],[-63.08913,-17.55798],[-63.08914,-17.55798],[-63.08914,-17.55799],[-63.08915,-17.55799],[-63.08916,-17.55799],[-63.08916,-17.558],[-63.08917,-17.558],[-63.08917,-17.55801],[-63.08917,-17.55802],[-63.08918,-17.55802],[-63.08918,-17.55803],[-63.08918,-17.55804],[-63.08919,-17.55804],[-63.08919,-17.55805],[-63.08919,-17.55806],[-63.08919,-17.55807],[-63.08919,-17.55808],[-63.08918,-17.55808],[-63.08918,-17.55809],[-63.08918,-17.5581]]},"properties":{"description":"Colindantes","styleUrl":"#line3","stroke-opacity":1,"stroke":"#000000","stroke-width":1,"name":"FONDO"}},
{"type":"Feature","geometry":{"type":"LineString","coordinates":[[-63.08828,-17.5608],[-63.08829,-17.5608],[-63.0883,-17.5608],[-63.0883,-17.56081],[-63.08831,-17.56081],[-63.08831,-17.56082],[-63.08832,-17.56082],[-63.08832,-17.56083],[-63.08833,-17.56083],[-63.08833,-17.56084],[-63.08834,-17.56084],[-63.08834,-17.56085],[-63.08834,-17.56086]]},"properties":{"description":"Colindantes","styleUrl":"#line3","stroke-opacity":1,"stroke":"#000000","stroke-width":1,"name":"FONDO"}},
{"type":"Feature","geometry":{"type":"LineString","coordinates":[[-63.08975,-17.55591],[-63.08975,-17.5559],[-63.08976,-17.5559],[-63.08976,-17.55589],[-63.08977,-17.55589],[-63.08978,-17.55589],[-63.08978,-17.55588],[-63.08979,-17.55588],[-63.0898,-17.55588],[-63.08981,-17.55588],[-63.08982,-17.55588]]},"properties":{"description":"Colindantes","styleUrl":"#line3","stroke-opacity":1,"stroke":"#000000","stroke-width":1,"name":"FONDO"}},
{"type":"Feature","geometry":{"type":"LineString","coordinates":[[-63.08956,-17.55582],[-63.08957,-17.55582],[-63.08957,-17.55583],[-63.08958,-17.55583],[-63.08959,-17.55583],[-63.08959,-17.55584],[-63.0896,-17.55584],[-63.0896,-17.55585],[-63.08961,-17.55585],[-63.08961,-17.55586],[-63.08961,-17.55587],[-63.08961,-17.55588],[-63.08961,-17.55589],[-63.08961,-17.5559],[-63.08961,-17.55591]]},"properties":{"description":"Colindantes","styleUrl":"#line3","stroke-opacity":1,"stroke":"#000000","stroke-width":1,"name":"FONDO"}},
{"type":"Feature","geometry":{"type":"LineString","coordinates":[[-63.08749,-17.55761],[-63.08912,-17.55798]]},"properties":{"description":"Colindantes","styleUrl":"#line3","stroke-opacity":1,"stroke":"#000000","stroke-width":1,"name":"FONDO"}},
{"type":"Feature","geometry":{"type":"LineString","coordinates":[[-63.0875,-17.55749],[-63.08782,-17.55756]]},"properties":{"description":"Colindantes","styleUrl":"#line3","stroke-opacity":1,"stroke":"#000000","stroke-width":1,"name":"FONDO"}},
{"type":"Feature","geometry":{"type":"LineString","coordinates":[[-63.08802,-17.55553],[-63.08765,-17.55702]]},"properties":{"description":"Colindantes","styleUrl":"#line3","stroke-opacity":1,"stroke":"#000000","stroke-width":1,"name":"FONDO"}},
{"type":"Feature","geometry":{"type":"LineString","coordinates":[[-63.08813,-17.55537],[-63.09038,-17.55589]]},"properties":{"description":"Colindantes","styleUrl":"#line3","stroke-opacity":1,"stroke":"#000000","stroke-width":1,"name":"FONDO"}},
{"type":"Feature","geometry":{"type":"LineString","coordinates":[[-63.0906,-17.55561],[-63.09061,-17.55538]]},"properties":{"description":"Colindantes","styleUrl":"#line3","stroke-opacity":1,"stroke":"#000000","stroke-width":1,"name":"FONDO"}},
{"type":"Feature","geometry":{"type":"LineString","coordinates":[[-63.09059,-17.55564],[-63.09047,-17.55585]]},"properties":{"description":"Colindantes","styleUrl":"#line3","stroke-opacity":1,"stroke":"#000000","stroke-width":1,"name":"FONDO"}},
{"type":"Feature","geometry":{"type":"LineString","coordinates":[[-63.08877,-17.55778],[-63.08923,-17.55788]]},"properties":{"description":"Colindantes","styleUrl":"#line3","stroke-opacity":1,"stroke":"#000000","stroke-width":1,"name":"FONDO"}},
{"type":"Feature","geometry":{"type":"LineString","coordinates":[[-63.08807,-17.55762],[-63.08851,-17.55772]]},"properties":{"description":"Colindantes","styleUrl":"#line3","stroke-opacity":1,"stroke":"#000000","stroke-width":1,"name":"FONDO"}},
{"type":"Feature","geometry":{"type":"LineString","coordinates":[[-63.09033,-17.5561],[-63.08932,-17.55784]]},"properties":{"description":"Colindantes","styleUrl":"#line3","stroke-opacity":1,"stroke":"#000000","stroke-width":1,"name":"FONDO"}},
{"type":"Feature","geometry":{"type":"LineString","coordinates":[[-63.08918,-17.5581],[-63.08894,-17.55851]]},"properties":{"description":"Colindantes","styleUrl":"#line3","stroke-opacity":1,"stroke":"#000000","stroke-width":1,"name":"FONDO"}},
{"type":"Feature","geometry":{"type":"LineString","coordinates":[[-63.08982,-17.55588],[-63.09027,-17.55598]]},"properties":{"description":"Colindantes","styleUrl":"#line3","stroke-opacity":1,"stroke":"#000000","stroke-width":1,"name":"FONDO"}},
{"type":"Feature","geometry":{"type":"LineString","coordinates":[[-63.08913,-17.55572],[-63.08956,-17.55582]]},"properties":{"description":"Colindantes","styleUrl":"#line3","stroke-opacity":1,"stroke":"#000000","stroke-width":1,"name":"FONDO"}},
{"type":"Feature","geometry":{"type":"LineString","coordinates":[[-63.08905,-17.55575],[-63.08803,-17.55753]]},"properties":{"description":"Colindantes","styleUrl":"#line3","stroke-opacity":1,"stroke":"#000000","stroke-width":1,"name":"FONDO"}},
{"type":"Feature","geometry":{"type":"LineString","coordinates":[[-63.08975,-17.55591],[-63.08873,-17.55769]]},"properties":{"description":"Colindantes","styleUrl":"#line3","stroke-opacity":1,"stroke":"#000000","stroke-width":1,"name":"FONDO"}},
{"type":"Feature","geometry":{"type":"LineString","coordinates":[[-63.08961,-17.55591],[-63.08858,-17.55769]]},"properties":{"description":"Colindantes","styleUrl":"#line3","stroke-opacity":1,"stroke":"#000000","stroke-width":1,"name":"FONDO"}},
{"type":"Feature","geometry":{"type":"LineString","coordinates":[[-63.0881,-17.55549],[-63.08887,-17.55566]]},"properties":{"description":"Colindantes","styleUrl":"#line3","stroke-opacity":1,"stroke":"#000000","stroke-width":1,"name":"FONDO"}},
{"type":"Feature","geometry":{"type":"LineString","coordinates":[[-63.08828,-17.56059],[-63.08818,-17.56006]]},"properties":{"description":"Colindantes","styleUrl":"#line3","stroke-opacity":1,"stroke":"#000000","stroke-width":1,"name":"FONDO"}},
{"type":"Feature","geometry":{"type":"LineString","coordinates":[[-63.08745,-17.55835],[-63.08874,-17.55864]]},"properties":{"description":"Colindantes","styleUrl":"#line3","stroke-opacity":1,"stroke":"#000000","stroke-width":1,"name":"FONDO"}},
{"type":"Feature","geometry":{"type":"LineString","coordinates":[[-63.08745,-17.55823],[-63.08885,-17.55855]]},"properties":{"description":"Colindantes","styleUrl":"#line3","stroke-opacity":1,"stroke":"#000000","stroke-width":1,"name":"FONDO"}},
{"type":"Feature","geometry":{"type":"LineString","coordinates":[[-63.08879,-17.55876],[-63.08856,-17.55917]]},"properties":{"description":"Colindantes","styleUrl":"#line3","stroke-opacity":1,"stroke":"#000000","stroke-width":1,"name":"FONDO"}},
{"type":"Feature","geometry":{"type":"LineString","coordinates":[[-63.08841,-17.55943],[-63.08817,-17.55985]]},"properties":{"description":"Colindantes","styleUrl":"#line3","stroke-opacity":1,"stroke":"#000000","stroke-width":1,"name":"FONDO"}},
{"type":"Feature","geometry":{"type":"LineString","coordinates":[[-63.08891,-17.55576],[-63.08789,-17.55753]]},"properties":{"description":"Colindantes","styleUrl":"#line3","stroke-opacity":1,"stroke":"#000000","stroke-width":1,"name":"FONDO"}},
{"type":"Feature","geometry":{"type":"LineString","coordinates":[[-63.08828,-17.55477],[-63.09054,-17.55529]]},"properties":{"description":"Colindantes","styleUrl":"#line3","stroke-opacity":1,"stroke":"#000000","stroke-width":1,"name":"FONDO"}},
{"type":"Feature","geometry":{"type":"LineString","coordinates":[[-63.0882,-17.55482],[-63.08808,-17.5553]]},"properties":{"description":"Colindantes","styleUrl":"#line3","stroke-opacity":1,"stroke":"#000000","stroke-width":1,"name":"FONDO"}},
{"type":"Feature","geometry":{"type":"LineString","coordinates":[[-63.08885,-17.56005],[-63.08844,-17.55996]]},"properties":{"description":"Colindantes","styleUrl":"#line3","stroke-opacity":1,"stroke":"#000000","stroke-width":1,"name":"FONDO"}},
{"type":"Feature","geometry":{"type":"LineString","coordinates":[[-63.08844,-17.55996],[-63.08843,-17.55996],[-63.08842,-17.55995],[-63.08841,-17.55995],[-63.08841,-17.55994],[-63.0884,-17.55994],[-63.0884,-17.55993],[-63.08839,-17.55993],[-63.08839,-17.55992],[-63.08838,-17.55992],[-63.08838,-17.55991],[-63.08838,-17.5599],[-63.08838,-17.55989],[-63.08838,-17.55988],[-63.08838,-17.55987],[-63.08838,-17.55986],[-63.08838,-17.55985],[-63.08839,-17.55985],[-63.08839,-17.55984]]},"properties":{"description":"Colindantes","styleUrl":"#line3","stroke-opacity":1,"stroke":"#000000","stroke-width":1,"name":"FONDO"}},
{"type":"Feature","geometry":{"type":"LineString","coordinates":[[-63.08945,-17.55817],[-63.08978,-17.55835]]},"properties":{"description":"Colindantes","styleUrl":"#line3","stroke-opacity":1,"stroke":"#000000","stroke-width":1,"name":"FONDO"}},
{"type":"Feature","geometry":{"type":"LineString","coordinates":[[-63.08984,-17.55825],[-63.0895,-17.55807]]},"properties":{"description":"Colindantes","styleUrl":"#line3","stroke-opacity":1,"stroke":"#000000","stroke-width":1,"name":"FONDO"}},
{"type":"Feature","geometry":{"type":"LineString","coordinates":[[-63.0895,-17.55807],[-63.08949,-17.55807],[-63.08949,-17.55806],[-63.08948,-17.55806],[-63.08948,-17.55805],[-63.08947,-17.55805],[-63.08947,-17.55804],[-63.08947,-17.55803],[-63.08946,-17.55803],[-63.08946,-17.55802],[-63.08946,-17.55801],[-63.08946,-17.558],[-63.08946,-17.55799],[-63.08946,-17.55798],[-63.08947,-17.55798],[-63.08947,-17.55797],[-63.08947,-17.55796]]},"properties":{"description":"Colindantes","styleUrl":"#line3","stroke-opacity":1,"stroke":"#000000","stroke-width":1,"name":"FONDO"}},
{"type":"Feature","geometry":{"type":"LineString","coordinates":[[-63.09079,-17.55549],[-63.09079,-17.55548],[-63.0908,-17.55548],[-63.0908,-17.55547],[-63.0908,-17.55546],[-63.0908,-17.55545],[-63.09081,-17.55545],[-63.09081,-17.55544],[-63.09082,-17.55544],[-63.09082,-17.55543],[-63.09083,-17.55543],[-63.09083,-17.55542],[-63.09084,-17.55542],[-63.09085,-17.55542],[-63.09085,-17.55541],[-63.09086,-17.55541],[-63.09087,-17.55541],[-63.09088,-17.55541],[-63.09089,-17.55541],[-63.0909,-17.55541]]},"properties":{"description":"Colindantes","styleUrl":"#line3","stroke-opacity":1,"stroke":"#000000","stroke-width":1,"name":"FONDO"}},
{"type":"Feature","geometry":{"type":"LineString","coordinates":[[-63.0909,-17.55541],[-63.09127,-17.5555]]},"properties":{"description":"Colindantes","styleUrl":"#line3","stroke-opacity":1,"stroke":"#000000","stroke-width":1,"name":"FONDO"}},
{"type":"Feature","geometry":{"type":"LineString","coordinates":[[-63.09079,-17.55565],[-63.09079,-17.55549]]},"properties":{"description":"Colindantes","styleUrl":"#line3","stroke-opacity":1,"stroke":"#000000","stroke-width":1,"name":"FONDO"}},
{"type":"Feature","geometry":{"type":"LineString","coordinates":[[-63.09079,-17.55549],[-63.09079,-17.55548],[-63.0908,-17.55548],[-63.0908,-17.55547],[-63.0908,-17.55546],[-63.0908,-17.55545],[-63.09081,-17.55545],[-63.09081,-17.55544],[-63.09082,-17.55544],[-63.09082,-17.55543],[-63.09083,-17.55543],[-63.09083,-17.55542],[-63.09084,-17.55542],[-63.09085,-17.55542],[-63.09085,-17.55541],[-63.09086,-17.55541],[-63.09087,-17.55541],[-63.09088,-17.55541],[-63.09089,-17.55541],[-63.0909,-17.55541]]},"properties":{"description":"Colindantes","styleUrl":"#line3","stroke-opacity":1,"stroke":"#000000","stroke-width":1,"name":"FONDO"}},
{"type":"Feature","geometry":{"type":"LineString","coordinates":[[-63.09079,-17.55565],[-63.09079,-17.55566],[-63.09079,-17.55567],[-63.09079,-17.55568],[-63.09078,-17.55568],[-63.09078,-17.55569]]},"properties":{"description":"Colindantes","styleUrl":"#line3","stroke-opacity":1,"stroke":"#000000","stroke-width":1,"name":"FONDO"}},
{"type":"Feature","geometry":{"type":"LineString","coordinates":[[-63.0895,-17.55807],[-63.08949,-17.55807],[-63.08949,-17.55806],[-63.08948,-17.55806],[-63.08948,-17.55805],[-63.08947,-17.55805],[-63.08947,-17.55804],[-63.08947,-17.55803],[-63.08946,-17.55803],[-63.08946,-17.55802],[-63.08946,-17.55801],[-63.08946,-17.558],[-63.08946,-17.55799],[-63.08946,-17.55798],[-63.08947,-17.55798],[-63.08947,-17.55797],[-63.08947,-17.55796]]},"properties":{"description":"Colindantes","styleUrl":"#line3","stroke-opacity":1,"stroke":"#000000","stroke-width":1,"name":"FONDO"}},
{"type":"Feature","geometry":{"type":"LineString","coordinates":[[-63.08933,-17.55821],[-63.08933,-17.5582],[-63.08934,-17.5582],[-63.08934,-17.55819],[-63.08935,-17.55819],[-63.08935,-17.55818],[-63.08936,-17.55818],[-63.08936,-17.55817],[-63.08937,-17.55817],[-63.08938,-17.55817],[-63.08939,-17.55817],[-63.0894,-17.55817],[-63.0894,-17.55816],[-63.08941,-17.55816],[-63.08941,-17.55817],[-63.08942,-17.55817],[-63.08943,-17.55817],[-63.08944,-17.55817],[-63.08945,-17.55817]]},"properties":{"description":"Colindantes","styleUrl":"#line3","stroke-opacity":1,"stroke":"#000000","stroke-width":1,"name":"FONDO"}},
{"type":"Feature","geometry":{"type":"LineString","coordinates":[[-63.08844,-17.55996],[-63.08843,-17.55996],[-63.08842,-17.55995],[-63.08841,-17.55995],[-63.08841,-17.55994],[-63.0884,-17.55994],[-63.0884,-17.55993],[-63.08839,-17.55993],[-63.08839,-17.55992],[-63.08838,-17.55992],[-63.08838,-17.55991],[-63.08838,-17.5599],[-63.08838,-17.55989],[-63.08838,-17.55988],[-63.08838,-17.55987],[-63.08838,-17.55986],[-63.08838,-17.55985],[-63.08839,-17.55985],[-63.08839,-17.55984]]},"properties":{"description":"Colindantes","styleUrl":"#line3","stroke-opacity":1,"stroke":"#000000","stroke-width":1,"name":"FONDO"}},
{"type":"Feature","geometry":{"type":"LineString","coordinates":[[-63.09079,-17.55565],[-63.09079,-17.55549]]},"properties":{"description":"Colindantes","styleUrl":"#line3","stroke-opacity":1,"stroke":"#000000","stroke-width":1,"name":"FONDO"}},
{"type":"Feature","geometry":{"type":"LineString","coordinates":[[-63.0909,-17.55541],[-63.09127,-17.5555]]},"properties":{"description":"Colindantes","styleUrl":"#line3","stroke-opacity":1,"stroke":"#000000","stroke-width":1,"name":"FONDO"}},
{"type":"Feature","geometry":{"type":"LineString","coordinates":[[-63.09078,-17.55569],[-63.08947,-17.55796]]},"properties":{"description":"Colindantes","styleUrl":"#line3","stroke-opacity":1,"stroke":"#000000","stroke-width":1,"name":"FONDO"}},
{"type":"Feature","geometry":{"type":"LineString","coordinates":[[-63.08844,-17.55996],[-63.08885,-17.56005]]},"properties":{"description":"Colindantes","styleUrl":"#line3","stroke-opacity":1,"stroke":"#000000","stroke-width":1,"name":"FONDO"}},
{"type":"Feature","geometry":{"type":"LineString","coordinates":[[-63.08933,-17.55821],[-63.08839,-17.55984]]},"properties":{"description":"Colindantes","styleUrl":"#line3","stroke-opacity":1,"stroke":"#000000","stroke-width":1,"name":"FONDO"}},
{"type":"Feature","geometry":{"type":"LineString","coordinates":[[-63.08978,-17.55835],[-63.08945,-17.55817]]},"properties":{"description":"Colindantes","styleUrl":"#line3","stroke-opacity":1,"stroke":"#000000","stroke-width":1,"name":"FONDO"}},
{"type":"Feature","geometry":{"type":"LineString","coordinates":[[-63.08984,-17.55825],[-63.0895,-17.55807]]},"properties":{"description":"Colindantes","styleUrl":"#line3","stroke-opacity":1,"stroke":"#000000","stroke-width":1,"name":"FONDO"}},
{"type":"Feature","geometry":{"type":"LineString","coordinates":[[-63.08845,-17.56159],[-63.08846,-17.56159],[-63.08847,-17.56159],[-63.08847,-17.5616],[-63.08848,-17.5616],[-63.08848,-17.56161],[-63.08849,-17.56161],[-63.08849,-17.56162],[-63.08849,-17.56163],[-63.0885,-17.56163],[-63.0885,-17.56164]]},"properties":{"description":"Colindantes","styleUrl":"#line3","stroke-opacity":1,"stroke":"#000000","stroke-width":1,"name":"FONDO"}},
{"type":"Feature","geometry":{"type":"LineString","coordinates":[[-63.08844,-17.56138],[-63.08845,-17.56138],[-63.08845,-17.56139],[-63.08845,-17.5614],[-63.08844,-17.5614],[-63.08844,-17.56141],[-63.08844,-17.56142],[-63.08843,-17.56142],[-63.08843,-17.56143],[-63.08842,-17.56143],[-63.08842,-17.56144],[-63.08841,-17.56144],[-63.08841,-17.56145],[-63.0884,-17.56145],[-63.08839,-17.56145],[-63.08838,-17.56145],[-63.08837,-17.56145],[-63.08836,-17.56145]]},"properties":{"description":"Colindantes","styleUrl":"#line3","stroke-opacity":1,"stroke":"#000000","stroke-width":1,"name":"FONDO"}},
{"type":"Feature","geometry":{"type":"LineString","coordinates":[[-63.08828,-17.56059],[-63.08829,-17.56059],[-63.08829,-17.5606],[-63.08829,-17.56061],[-63.08828,-17.56061],[-63.08828,-17.56062],[-63.08828,-17.56063],[-63.08827,-17.56063],[-63.08827,-17.56064],[-63.08826,-17.56064],[-63.08826,-17.56065],[-63.08825,-17.56065],[-63.08825,-17.56066],[-63.08824,-17.56066],[-63.08823,-17.56066],[-63.08822,-17.56066],[-63.08821,-17.56066],[-63.0882,-17.56066]]},"properties":{"description":"Colindantes","styleUrl":"#line3","stroke-opacity":1,"stroke":"#000000","stroke-width":1,"name":"FONDO"}},
{"type":"Feature","geometry":{"type":"LineString","coordinates":[[-63.08813,-17.56001],[-63.08814,-17.56001],[-63.08814,-17.56002],[-63.08815,-17.56002],[-63.08816,-17.56002],[-63.08816,-17.56003],[-63.08817,-17.56003],[-63.08817,-17.56004],[-63.08817,-17.56005],[-63.08818,-17.56005],[-63.08818,-17.56006]]},"properties":{"description":"Colindantes","styleUrl":"#line3","stroke-opacity":1,"stroke":"#000000","stroke-width":1,"name":"FONDO"}},
{"type":"Feature","geometry":{"type":"LineString","coordinates":[[-63.08817,-17.55985],[-63.08817,-17.55986],[-63.08816,-17.55986],[-63.08816,-17.55987],[-63.08815,-17.55987],[-63.08814,-17.55987],[-63.08814,-17.55988],[-63.08813,-17.55988],[-63.08812,-17.55988],[-63.08811,-17.55988],[-63.0881,-17.55988],[-63.08809,-17.55988]]},"properties":{"description":"Colindantes","styleUrl":"#line3","stroke-opacity":1,"stroke":"#000000","stroke-width":1,"name":"FONDO"}},
{"type":"Feature","geometry":{"type":"LineString","coordinates":[[-63.08808,-17.55479],[-63.08756,-17.55688]]},"properties":{"description":"Colindantes","styleUrl":"#line3","stroke-opacity":1,"stroke":"#000000","stroke-width":1,"name":"FONDO"}},
{"type":"Feature","geometry":{"type":"LineString","coordinates":[[-63.08831,-17.55466],[-63.09127,-17.55534]]},"properties":{"description":"Colindantes","styleUrl":"#line3","stroke-opacity":1,"stroke":"#000000","stroke-width":1,"name":"FONDO"}},
{"type":"Feature","geometry":{"type":"LineString","coordinates":[[-63.08808,-17.55479],[-63.08808,-17.55478],[-63.08809,-17.55478],[-63.08809,-17.55477],[-63.08809,-17.55476],[-63.08809,-17.55475],[-63.0881,-17.55475],[-63.0881,-17.55474],[-63.08811,-17.55474],[-63.08811,-17.55473],[-63.08811,-17.55472],[-63.08812,-17.55472],[-63.08812,-17.55471],[-63.08813,-17.55471],[-63.08813,-17.5547],[-63.08814,-17.5547],[-63.08815,-17.55469],[-63.08816,-17.55469],[-63.08816,-17.55468],[-63.08817,-17.55468],[-63.08818,-17.55468],[-63.08818,-17.55467],[-63.08819,-17.55467],[-63.0882,-17.55467],[-63.0882,-17.55466],[-63.08821,-17.55466],[-63.08822,-17.55466],[-63.08823,-17.55466],[-63.08824,-17.55466],[-63.08825,-17.55466],[-63.08826,-17.55466],[-63.08827,-17.55466],[-63.08828,-17.55466],[-63.08829,-17.55466],[-63.0883,-17.55466],[-63.08831,-17.55466]]},"properties":{"description":"Colindantes","styleUrl":"#line3","stroke-opacity":1,"stroke":"#000000","stroke-width":1,"name":"FONDO"}},
{"type":"Feature","geometry":{"type":"LineString","coordinates":[[-63.08768,-17.56509],[-63.08758,-17.56504]]},"properties":{"description":"Colindantes","styleUrl":"#line3","stroke-opacity":1,"stroke":"#000000","stroke-width":1,"name":"FONDO"}},
{"type":"Feature","geometry":{"type":"LineString","coordinates":[[-63.08803,-17.56468],[-63.08779,-17.56505]]},"properties":{"description":"Colindantes","styleUrl":"#line3","stroke-opacity":1,"stroke":"#000000","stroke-width":1,"name":"FONDO"}},
{"type":"Feature","geometry":{"type":"LineString","coordinates":[[-63.08779,-17.56505],[-63.08779,-17.56506],[-63.08778,-17.56506],[-63.08778,-17.56507],[-63.08777,-17.56507],[-63.08777,-17.56508],[-63.08776,-17.56508],[-63.08775,-17.56508],[-63.08775,-17.56509],[-63.08774,-17.56509],[-63.08773,-17.56509],[-63.08772,-17.56509],[-63.08771,-17.56509],[-63.0877,-17.56509],[-63.08769,-17.56509],[-63.08768,-17.56509]]},"properties":{"description":"Colindantes","styleUrl":"#line3","stroke-opacity":1,"stroke":"#000000","stroke-width":1,"name":"FONDO"}},
{"type":"Feature","geometry":{"type":"LineString","coordinates":[[-63.08799,-17.56456],[-63.08799,-17.56457],[-63.088,-17.56457],[-63.08801,-17.56457],[-63.08801,-17.56458],[-63.08802,-17.56458],[-63.08802,-17.56459],[-63.08803,-17.56459],[-63.08803,-17.5646],[-63.08803,-17.56461],[-63.08804,-17.56461],[-63.08804,-17.56462],[-63.08804,-17.56463],[-63.08804,-17.56464],[-63.08804,-17.56465],[-63.08804,-17.56466],[-63.08804,-17.56467],[-63.08803,-17.56467],[-63.08803,-17.56468]]},"properties":{"description":"Colindantes","styleUrl":"#line3","stroke-opacity":1,"stroke":"#000000","stroke-width":1,"name":"FONDO"}},
{"type":"Feature","geometry":{"type":"LineString","coordinates":[[-63.08799,-17.56456],[-63.08797,-17.56456]]},"properties":{"description":"Colindantes","styleUrl":"#line3","stroke-opacity":1,"stroke":"#000000","stroke-width":1,"name":"FONDO"}},
{"type":"Feature","geometry":{"type":"LineString","coordinates":[[-63.08846,-17.56235],[-63.08847,-17.56235],[-63.08848,-17.56235],[-63.08849,-17.56235],[-63.08849,-17.56236],[-63.0885,-17.56236],[-63.0885,-17.56237],[-63.08851,-17.56237],[-63.08851,-17.56238],[-63.08852,-17.56238],[-63.08852,-17.56239],[-63.08852,-17.5624],[-63.08853,-17.5624],[-63.08853,-17.56241],[-63.08853,-17.56242],[-63.08853,-17.56243],[-63.08853,-17.56244]]},"properties":{"description":"Colindantes","styleUrl":"#line3","stroke-opacity":1,"stroke":"#000000","stroke-width":1,"name":"FONDO"}},
{"type":"Feature","geometry":{"type":"LineString","coordinates":[[-63.08894,-17.55851],[-63.08894,-17.55852],[-63.08893,-17.55852],[-63.08893,-17.55853],[-63.08892,-17.55853],[-63.08892,-17.55854],[-63.08891,-17.55854],[-63.0889,-17.55854],[-63.0889,-17.55855],[-63.08889,-17.55855],[-63.08888,-17.55855],[-63.08887,-17.55855],[-63.08886,-17.55855],[-63.08885,-17.55855]]},"properties":{"description":"Colindantes","styleUrl":"#line3","stroke-opacity":1,"stroke":"#000000","stroke-width":1,"name":"FONDO"}},
{"type":"Feature","geometry":{"type":"LineString","coordinates":[[-63.08874,-17.55864],[-63.08874,-17.55865],[-63.08875,-17.55865],[-63.08876,-17.55865],[-63.08877,-17.55865],[-63.08877,-17.55866],[-63.08878,-17.55866],[-63.08878,-17.55867],[-63.08879,-17.55867],[-63.08879,-17.55868],[-63.08879,-17.55869],[-63.0888,-17.55869],[-63.0888,-17.5587],[-63.0888,-17.55871],[-63.0888,-17.55872],[-63.08881,-17.55872],[-63.0888,-17.55873],[-63.0888,-17.55874],[-63.0888,-17.55875],[-63.0888,-17.55876],[-63.08879,-17.55876]]},"properties":{"description":"Colindantes","styleUrl":"#line3","stroke-opacity":1,"stroke":"#000000","stroke-width":1,"name":"FONDO"}},
{"type":"Feature","geometry":{"type":"LineString","coordinates":[[-63.08856,-17.55917],[-63.08856,-17.55918],[-63.08855,-17.55918],[-63.08855,-17.55919],[-63.08854,-17.55919],[-63.08854,-17.5592],[-63.08853,-17.5592],[-63.08852,-17.55921],[-63.08851,-17.55921],[-63.0885,-17.55921],[-63.08849,-17.55921],[-63.08849,-17.55922],[-63.08848,-17.55922],[-63.08848,-17.55921],[-63.08847,-17.55921],[-63.08846,-17.55921]]},"properties":{"description":"Colindantes","styleUrl":"#line3","stroke-opacity":1,"stroke":"#000000","stroke-width":1,"name":"FONDO"}},
{"type":"Feature","geometry":{"type":"LineString","coordinates":[[-63.08836,-17.55931],[-63.08837,-17.55931],[-63.08837,-17.55932],[-63.08838,-17.55932],[-63.08839,-17.55932],[-63.08839,-17.55933],[-63.0884,-17.55933],[-63.0884,-17.55934],[-63.08841,-17.55934],[-63.08841,-17.55935],[-63.08841,-17.55936],[-63.08842,-17.55936],[-63.08842,-17.55937],[-63.08842,-17.55938],[-63.08842,-17.55939],[-63.08842,-17.5594],[-63.08842,-17.55941],[-63.08842,-17.55942],[-63.08841,-17.55942],[-63.08841,-17.55943]]},"properties":{"description":"Colindantes","styleUrl":"#line3","stroke-opacity":1,"stroke":"#000000","stroke-width":1,"name":"FONDO"}},
{"type":"Feature","geometry":{"type":"LineString","coordinates":[[-63.0822,-17.56529],[-63.08219,-17.56528],[-63.08218,-17.56528],[-63.08218,-17.56527],[-63.08217,-17.56527],[-63.08217,-17.56526],[-63.08216,-17.56526],[-63.08216,-17.56525],[-63.08216,-17.56524],[-63.08215,-17.56524],[-63.08215,-17.56523],[-63.08215,-17.56522],[-63.08215,-17.56521],[-63.08215,-17.5652],[-63.08215,-17.56519],[-63.08216,-17.56519],[-63.08216,-17.56518]]},"properties":{"description":"Colindantes","styleUrl":"#line3","stroke-opacity":1,"stroke":"#000000","stroke-width":1,"name":"FONDO"}},
{"type":"Feature","geometry":{"type":"LineString","coordinates":[[-63.08852,-17.56296],[-63.0882,-17.56427]]},"properties":{"description":"Colindantes","styleUrl":"#line3","stroke-opacity":1,"stroke":"#000000","stroke-width":1,"name":"FONDO"}},
{"type":"Feature","geometry":{"type":"LineString","coordinates":[[-63.08184,-17.56126],[-63.08184,-17.56125],[-63.08184,-17.56124],[-63.08184,-17.56123],[-63.08184,-17.56122],[-63.08184,-17.56121]]},"properties":{"description":"Colindantes","styleUrl":"#line3","stroke-opacity":1,"stroke":"#000000","stroke-width":1,"name":"FONDO"}},
{"type":"Feature","geometry":{"type":"LineString","coordinates":[[-63.0819,-17.56135],[-63.08184,-17.56126]]},"properties":{"description":"Colindantes","styleUrl":"#line3","stroke-opacity":1,"stroke":"#000000","stroke-width":1,"name":"FONDO"}},
{"type":"Feature","geometry":{"type":"LineString","coordinates":[[-63.08229,-17.56214],[-63.08802,-17.5645]]},"properties":{"description":"Ejes","styleUrl":"#line4","stroke-opacity":1,"stroke":"#FF00FF","stroke-width":1,"name":"FONDO"}},
{"type":"Feature","geometry":{"type":"LineString","coordinates":[[-63.08417,-17.56374],[-63.08709,-17.55149]]},"properties":{"description":"Ejes","styleUrl":"#line4","stroke-opacity":1,"stroke":"#FF00FF","stroke-width":1,"name":"FONDO"}},
{"type":"Feature","geometry":{"type":"LineString","coordinates":[[-63.08556,-17.56431],[-63.08731,-17.55695]]},"properties":{"description":"Ejes","styleUrl":"#line4","stroke-opacity":1,"stroke":"#FF00FF","stroke-width":1,"name":"FONDO"}},
{"type":"Feature","geometry":{"type":"LineString","coordinates":[[-63.08509,-17.56329],[-63.08786,-17.55166]]},"properties":{"description":"Ejes","styleUrl":"#line4","stroke-opacity":1,"stroke":"#FF00FF","stroke-width":1,"name":"FONDO"}},
{"type":"Feature","geometry":{"type":"LineString","coordinates":[[-63.0836,-17.56268],[-63.08631,-17.55133]]},"properties":{"description":"Ejes","styleUrl":"#line4","stroke-opacity":1,"stroke":"#FF00FF","stroke-width":1,"name":"FONDO"}},
{"type":"Feature","geometry":{"type":"LineString","coordinates":[[-63.08296,-17.56241],[-63.08615,-17.54904]]},"properties":{"description":"Ejes","styleUrl":"#line4","stroke-opacity":1,"stroke":"#FF00FF","stroke-width":1,"name":"FONDO"}},
{"type":"Feature","geometry":{"type":"LineString","coordinates":[[-63.08211,-17.56289],[-63.08778,-17.56523]]},"properties":{"description":"Ejes","styleUrl":"#line4","stroke-opacity":1,"stroke":"#FF00FF","stroke-width":1,"name":"FONDO"}},
{"type":"Feature","geometry":{"type":"LineString","coordinates":[[-63.08211,-17.56289],[-63.08541,-17.54902]]},"properties":{"description":"Ejes","styleUrl":"#line4","stroke-opacity":1,"stroke":"#FF00FF","stroke-width":1,"name":"FONDO"}},
{"type":"Feature","geometry":{"type":"LineString","coordinates":[[-63.0885,-17.56292],[-63.08815,-17.56432]]},"properties":{"description":"Ejes","styleUrl":"#line4","stroke-opacity":1,"stroke":"#FF00FF","stroke-width":1,"name":"FONDO"}},
{"type":"Feature","geometry":{"type":"LineString","coordinates":[[-63.08818,-17.56222],[-63.08258,-17.56093]]},"properties":{"description":"Ejes","styleUrl":"#line4","stroke-opacity":1,"stroke":"#FF00FF","stroke-width":1,"name":"FONDO"}},
{"type":"Feature","geometry":{"type":"LineString","coordinates":[[-63.08606,-17.56219],[-63.08844,-17.56317]]},"properties":{"description":"Ejes","styleUrl":"#line4","stroke-opacity":1,"stroke":"#FF00FF","stroke-width":1,"name":"FONDO"}},
{"type":"Feature","geometry":{"type":"LineString","coordinates":[[-63.0859,-17.56284],[-63.08828,-17.56382]]},"properties":{"description":"Ejes","styleUrl":"#line4","stroke-opacity":1,"stroke":"#FF00FF","stroke-width":1,"name":"FONDO"}},
{"type":"Feature","geometry":{"type":"LineString","coordinates":[[-63.0831,-17.55875],[-63.0867,-17.55952]]},"properties":{"description":"Ejes","styleUrl":"#line4","stroke-opacity":1,"stroke":"#FF00FF","stroke-width":1,"name":"FONDO"}},
{"type":"Feature","geometry":{"type":"LineString","coordinates":[[-63.0865,-17.56033],[-63.08731,-17.56051]]},"properties":{"description":"Ejes","styleUrl":"#line4","stroke-opacity":1,"stroke":"#FF00FF","stroke-width":1,"name":"FONDO"}},
{"type":"Feature","geometry":{"type":"LineString","coordinates":[[-63.08753,-17.56132],[-63.08633,-17.56104]]},"properties":{"description":"Ejes","styleUrl":"#line4","stroke-opacity":1,"stroke":"#FF00FF","stroke-width":1,"name":"FONDO"}},
{"type":"Feature","geometry":{"type":"LineString","coordinates":[[-63.08667,-17.55962],[-63.08735,-17.55977]]},"properties":{"description":"Ejes","styleUrl":"#line4","stroke-opacity":1,"stroke":"#FF00FF","stroke-width":1,"name":"FONDO"}},
{"type":"Feature","geometry":{"type":"LineString","coordinates":[[-63.08684,-17.5589],[-63.0874,-17.55903]]},"properties":{"description":"Ejes","styleUrl":"#line4","stroke-opacity":1,"stroke":"#FF00FF","stroke-width":1,"name":"FONDO"}},
{"type":"Feature","geometry":{"type":"LineString","coordinates":[[-63.08701,-17.55819],[-63.08745,-17.55829]]},"properties":{"description":"Ejes","styleUrl":"#line4","stroke-opacity":1,"stroke":"#FF00FF","stroke-width":1,"name":"FONDO"}},
{"type":"Feature","geometry":{"type":"LineString","coordinates":[[-63.08718,-17.55747],[-63.0875,-17.55755]]},"properties":{"description":"Ejes","styleUrl":"#line4","stroke-opacity":1,"stroke":"#FF00FF","stroke-width":1,"name":"FONDO"}},
{"type":"Feature","geometry":{"type":"LineString","coordinates":[[-63.08371,-17.55618],[-63.08759,-17.55701]]},"properties":{"description":"Ejes","styleUrl":"#line4","stroke-opacity":1,"stroke":"#FF00FF","stroke-width":1,"name":"FONDO"}},
{"type":"Feature","geometry":{"type":"LineString","coordinates":[[-63.08796,-17.55422],[-63.08436,-17.55345]]},"properties":{"description":"Ejes","styleUrl":"#line4","stroke-opacity":1,"stroke":"#FF00FF","stroke-width":1,"name":"FONDO"}},
{"type":"Feature","geometry":{"type":"LineString","coordinates":[[-63.08796,-17.55422],[-63.08854,-17.5518]]},"properties":{"description":"Ejes","styleUrl":"#line4","stroke-opacity":1,"stroke":"#FF00FF","stroke-width":1,"name":"FONDO"}},
{"type":"Feature","geometry":{"type":"LineString","coordinates":[[-63.08493,-17.55104],[-63.08901,-17.55191]]},"properties":{"description":"Ejes","styleUrl":"#line4","stroke-opacity":1,"stroke":"#FF00FF","stroke-width":1,"name":"FONDO"}},
{"type":"Feature","geometry":{"type":"LineString","coordinates":[[-63.08852,-17.5518],[-63.08863,-17.5491]]},"properties":{"description":"Ejes","styleUrl":"#line4","stroke-opacity":1,"stroke":"#FF00FF","stroke-width":1,"name":"FONDO"}},
{"type":"Feature","geometry":{"type":"LineString","coordinates":[[-63.08863,-17.5491],[-63.08541,-17.54902]]},"properties":{"description":"Ejes","styleUrl":"#line4","stroke-opacity":1,"stroke":"#FF00FF","stroke-width":1,"name":"FONDO"}},
{"type":"Feature","geometry":{"type":"LineString","coordinates":[[-63.08788,-17.55166],[-63.08798,-17.54908]]},"properties":{"description":"Ejes","styleUrl":"#line4","stroke-opacity":1,"stroke":"#FF00FF","stroke-width":1,"name":"FONDO"}},
{"type":"Feature","geometry":{"type":"LineString","coordinates":[[-63.0863,-17.55133],[-63.08639,-17.54905]]},"properties":{"description":"Ejes","styleUrl":"#line4","stroke-opacity":1,"stroke":"#FF00FF","stroke-width":1,"name":"FONDO"}},
{"type":"Feature","geometry":{"type":"LineString","coordinates":[[-63.08709,-17.5515],[-63.08719,-17.54906]]},"properties":{"description":"Ejes","styleUrl":"#line4","stroke-opacity":1,"stroke":"#FF00FF","stroke-width":1,"name":"FONDO"}},
{"type":"Feature","geometry":{"type":"LineString","coordinates":[[-63.08244,-17.56215],[-63.08282,-17.56231]]},"properties":{"description":"Acera","styleUrl":"#line5","stroke-opacity":1,"stroke":"#FF7F00","stroke-width":1,"name":"FONDO"}},
{"type":"Feature","geometry":{"type":"LineString","coordinates":[[-63.08246,-17.56225],[-63.08421,-17.56297]]},"properties":{"description":"Acera","styleUrl":"#line5","stroke-opacity":1,"stroke":"#FF7F00","stroke-width":1,"name":"FONDO"}},
{"type":"Feature","geometry":{"type":"LineString","coordinates":[[-63.08424,-17.56361],[-63.08435,-17.56317]]},"properties":{"description":"Acera","styleUrl":"#line5","stroke-opacity":1,"stroke":"#FF7F00","stroke-width":1,"name":"FONDO"}},
{"type":"Feature","geometry":{"type":"LineString","coordinates":[[-63.08417,-17.56354],[-63.08428,-17.5631]]},"properties":{"description":"Acera","styleUrl":"#line5","stroke-opacity":1,"stroke":"#FF7F00","stroke-width":1,"name":"FONDO"}},
{"type":"Feature","geometry":{"type":"LineString","coordinates":[[-63.08449,-17.563],[-63.08495,-17.56319]]},"properties":{"description":"Acera","styleUrl":"#line5","stroke-opacity":1,"stroke":"#FF7F00","stroke-width":1,"name":"FONDO"}},
{"type":"Feature","geometry":{"type":"LineString","coordinates":[[-63.08435,-17.5628],[-63.08465,-17.56156]]},"properties":{"description":"Acera","styleUrl":"#line5","stroke-opacity":1,"stroke":"#FF7F00","stroke-width":1,"name":"FONDO"}},
{"type":"Feature","geometry":{"type":"LineString","coordinates":[[-63.08451,-17.5631],[-63.08561,-17.56355]]},"properties":{"description":"Acera","styleUrl":"#line5","stroke-opacity":1,"stroke":"#FF7F00","stroke-width":1,"name":"FONDO"}},
{"type":"Feature","geometry":{"type":"LineString","coordinates":[[-63.08442,-17.56287],[-63.08473,-17.56158]]},"properties":{"description":"Acera","styleUrl":"#line5","stroke-opacity":1,"stroke":"#FF7F00","stroke-width":1,"name":"FONDO"}},
{"type":"Feature","geometry":{"type":"LineString","coordinates":[[-63.08435,-17.56317],[-63.08435,-17.56316],[-63.08435,-17.56315],[-63.08436,-17.56315],[-63.08436,-17.56314],[-63.08437,-17.56313],[-63.08437,-17.56312],[-63.08438,-17.56312],[-63.08438,-17.56311],[-63.08439,-17.56311],[-63.0844,-17.56311],[-63.0844,-17.5631],[-63.08441,-17.5631],[-63.08442,-17.5631],[-63.08442,-17.56309],[-63.08443,-17.56309],[-63.08444,-17.56309],[-63.08445,-17.56309],[-63.08446,-17.56309],[-63.08447,-17.56309],[-63.08448,-17.56309],[-63.08449,-17.56309],[-63.0845,-17.56309],[-63.08451,-17.56309],[-63.08451,-17.5631]]},"properties":{"description":"Acera","styleUrl":"#line5","stroke-opacity":1,"stroke":"#FF7F00","stroke-width":1,"name":"FONDO"}},
{"type":"Feature","geometry":{"type":"LineString","coordinates":[[-63.08421,-17.56297],[-63.08422,-17.56297],[-63.08422,-17.56298],[-63.08423,-17.56298],[-63.08423,-17.56299],[-63.08424,-17.56299],[-63.08425,-17.563],[-63.08425,-17.56301],[-63.08426,-17.56301],[-63.08426,-17.56302],[-63.08427,-17.56302],[-63.08427,-17.56303],[-63.08427,-17.56304],[-63.08428,-17.56304],[-63.08428,-17.56305],[-63.08428,-17.56306],[-63.08428,-17.56307],[-63.08428,-17.56308],[-63.08428,-17.56309],[-63.08428,-17.5631]]},"properties":{"description":"Acera","styleUrl":"#line5","stroke-opacity":1,"stroke":"#FF7F00","stroke-width":1,"name":"FONDO"}},
{"type":"Feature","geometry":{"type":"LineString","coordinates":[[-63.08435,-17.5628],[-63.08435,-17.56281],[-63.08434,-17.56281],[-63.08434,-17.56282],[-63.08434,-17.56283],[-63.08433,-17.56283],[-63.08433,-17.56284],[-63.08432,-17.56285],[-63.08431,-17.56285],[-63.08431,-17.56286],[-63.0843,-17.56286],[-63.0843,-17.56287],[-63.08429,-17.56287],[-63.08428,-17.56287],[-63.08428,-17.56288],[-63.08427,-17.56288],[-63.08426,-17.56288],[-63.08425,-17.56288],[-63.08424,-17.56288],[-63.08423,-17.56288],[-63.08422,-17.56288],[-63.08421,-17.56288],[-63.0842,-17.56288],[-63.08419,-17.56288]]},"properties":{"description":"Acera","styleUrl":"#line5","stroke-opacity":1,"stroke":"#FF7F00","stroke-width":1,"name":"FONDO"}},
{"type":"Feature","geometry":{"type":"LineString","coordinates":[[-63.08449,-17.563],[-63.08448,-17.563],[-63.08448,-17.56299],[-63.08447,-17.56299],[-63.08446,-17.56299],[-63.08446,-17.56298],[-63.08445,-17.56298],[-63.08445,-17.56297],[-63.08444,-17.56297],[-63.08444,-17.56296],[-63.08443,-17.56295],[-63.08443,-17.56294],[-63.08442,-17.56294],[-63.08442,-17.56293],[-63.08442,-17.56292],[-63.08442,-17.56291],[-63.08442,-17.5629],[-63.08442,-17.56289],[-63.08442,-17.56288],[-63.08442,-17.56287]]},"properties":{"description":"Acera","styleUrl":"#line5","stroke-opacity":1,"stroke":"#FF7F00","stroke-width":1,"name":"FONDO"}},
{"type":"Feature","geometry":{"type":"LineString","coordinates":[[-63.08226,-17.5629],[-63.08401,-17.56362]]},"properties":{"description":"Acera","styleUrl":"#line5","stroke-opacity":1,"stroke":"#FF7F00","stroke-width":1,"name":"FONDO"}},
{"type":"Feature","geometry":{"type":"LineString","coordinates":[[-63.08231,-17.56303],[-63.08699,-17.56495]]},"properties":{"description":"Acera","styleUrl":"#line5","stroke-opacity":1,"stroke":"#FF7F00","stroke-width":1,"name":"FONDO"}},
{"type":"Feature","geometry":{"type":"LineString","coordinates":[[-63.08854,-17.563],[-63.08823,-17.56422]]},"properties":{"description":"Acera","styleUrl":"#line5","stroke-opacity":1,"stroke":"#FF7F00","stroke-width":1,"name":"FONDO"}},
{"type":"Feature","geometry":{"type":"LineString","coordinates":[[-63.08847,-17.56284],[-63.08843,-17.56299]]},"properties":{"description":"Acera","styleUrl":"#line5","stroke-opacity":1,"stroke":"#FF7F00","stroke-width":1,"name":"FONDO"}},
{"type":"Feature","geometry":{"type":"LineString","coordinates":[[-63.0881,-17.56434],[-63.0881,-17.56435],[-63.08809,-17.56435],[-63.08809,-17.56436],[-63.08809,-17.56437],[-63.08808,-17.56437],[-63.08808,-17.56438],[-63.08807,-17.56438],[-63.08807,-17.56439],[-63.08806,-17.56439],[-63.08806,-17.5644],[-63.08805,-17.5644],[-63.08805,-17.56441],[-63.08804,-17.56441],[-63.08804,-17.56442],[-63.08803,-17.56442],[-63.08802,-17.56442],[-63.08801,-17.56442],[-63.08801,-17.56443],[-63.088,-17.56443],[-63.08799,-17.56443],[-63.08798,-17.56443],[-63.08797,-17.56443],[-63.08796,-17.56443],[-63.08796,-17.56442],[-63.08795,-17.56442],[-63.08794,-17.56442]]},"properties":{"description":"Acera","styleUrl":"#line5","stroke-opacity":1,"stroke":"#FF7F00","stroke-width":1,"name":"FONDO"}},
{"type":"Feature","geometry":{"type":"LineString","coordinates":[[-63.08219,-17.56277],[-63.0823,-17.56233]]},"properties":{"description":"Acera","styleUrl":"#line5","stroke-opacity":1,"stroke":"#FF7F00","stroke-width":1,"name":"FONDO"}},
{"type":"Feature","geometry":{"type":"LineString","coordinates":[[-63.08211,-17.56265],[-63.08534,-17.54913]]},"properties":{"description":"Acera","styleUrl":"#line5","stroke-opacity":1,"stroke":"#FF7F00","stroke-width":1,"name":"FONDO"}},
{"type":"Feature","geometry":{"type":"LineString","coordinates":[[-63.08226,-17.5629],[-63.08226,-17.56289],[-63.08225,-17.56289],[-63.08224,-17.56289],[-63.08224,-17.56288],[-63.08223,-17.56288],[-63.08223,-17.56287],[-63.08222,-17.56287],[-63.08222,-17.56286],[-63.08221,-17.56286],[-63.08221,-17.56285],[-63.0822,-17.56285],[-63.0822,-17.56284],[-63.0822,-17.56283],[-63.08219,-17.56283],[-63.08219,-17.56282],[-63.08219,-17.56281],[-63.08219,-17.5628],[-63.08219,-17.56279],[-63.08219,-17.56278],[-63.08219,-17.56277]]},"properties":{"description":"Acera","styleUrl":"#line5","stroke-opacity":1,"stroke":"#FF7F00","stroke-width":1,"name":"FONDO"}},
{"type":"Feature","geometry":{"type":"LineString","coordinates":[[-63.08237,-17.56202],[-63.08259,-17.56108]]},"properties":{"description":"Acera","styleUrl":"#line5","stroke-opacity":1,"stroke":"#FF7F00","stroke-width":1,"name":"FONDO"}},
{"type":"Feature","geometry":{"type":"LineString","coordinates":[[-63.08244,-17.56215],[-63.08243,-17.56215],[-63.08242,-17.56215],[-63.08242,-17.56214],[-63.08241,-17.56214],[-63.08241,-17.56213],[-63.0824,-17.56213],[-63.0824,-17.56212],[-63.08239,-17.56212],[-63.08239,-17.56211],[-63.08238,-17.56211],[-63.08238,-17.5621],[-63.08238,-17.56209],[-63.08237,-17.56209],[-63.08237,-17.56208],[-63.08237,-17.56207],[-63.08237,-17.56206],[-63.08237,-17.56205],[-63.08237,-17.56204],[-63.08237,-17.56203],[-63.08237,-17.56202]]},"properties":{"description":"Acera","styleUrl":"#line5","stroke-opacity":1,"stroke":"#FF7F00","stroke-width":1,"name":"FONDO"}},
{"type":"Feature","geometry":{"type":"LineString","coordinates":[[-63.0823,-17.56233],[-63.0823,-17.56232],[-63.0823,-17.56231],[-63.08231,-17.56231],[-63.08231,-17.5623],[-63.08231,-17.56229],[-63.08232,-17.56229],[-63.08232,-17.56228],[-63.08233,-17.56228],[-63.08233,-17.56227],[-63.08234,-17.56227],[-63.08234,-17.56226],[-63.08235,-17.56226],[-63.08236,-17.56225],[-63.08237,-17.56225],[-63.08238,-17.56225],[-63.08238,-17.56224],[-63.08239,-17.56224],[-63.0824,-17.56224],[-63.08241,-17.56224],[-63.08242,-17.56224],[-63.08243,-17.56224],[-63.08244,-17.56224],[-63.08244,-17.56225],[-63.08245,-17.56225],[-63.08246,-17.56225]]},"properties":{"description":"Acera","styleUrl":"#line5","stroke-opacity":1,"stroke":"#FF7F00","stroke-width":1,"name":"FONDO"}},
{"type":"Feature","geometry":{"type":"LineString","coordinates":[[-63.08817,-17.56218],[-63.08629,-17.56175]]},"properties":{"description":"Acera","styleUrl":"#line5","stroke-opacity":1,"stroke":"#FF7F00","stroke-width":1,"name":"FONDO"}},
{"type":"Feature","geometry":{"type":"LineString","coordinates":[[-63.0882,-17.56226],[-63.08628,-17.56182]]},"properties":{"description":"Acera","styleUrl":"#line5","stroke-opacity":1,"stroke":"#FF7F00","stroke-width":1,"name":"FONDO"}},
{"type":"Feature","geometry":{"type":"LineString","coordinates":[[-63.08326,-17.55876],[-63.08368,-17.55885]]},"properties":{"description":"Acera","styleUrl":"#line5","stroke-opacity":1,"stroke":"#FF7F00","stroke-width":1,"name":"FONDO"}},
{"type":"Feature","geometry":{"type":"LineString","coordinates":[[-63.08325,-17.55882],[-63.08367,-17.55891]]},"properties":{"description":"Acera","styleUrl":"#line5","stroke-opacity":1,"stroke":"#FF7F00","stroke-width":1,"name":"FONDO"}},
{"type":"Feature","geometry":{"type":"LineString","coordinates":[[-63.08388,-17.55619],[-63.0843,-17.55627]]},"properties":{"description":"Acera","styleUrl":"#line5","stroke-opacity":1,"stroke":"#FF7F00","stroke-width":1,"name":"FONDO"}},
{"type":"Feature","geometry":{"type":"LineString","coordinates":[[-63.08386,-17.55625],[-63.08428,-17.55634]]},"properties":{"description":"Acera","styleUrl":"#line5","stroke-opacity":1,"stroke":"#FF7F00","stroke-width":1,"name":"FONDO"}},
{"type":"Feature","geometry":{"type":"LineString","coordinates":[[-63.08784,-17.55416],[-63.08742,-17.55407]]},"properties":{"description":"Acera","styleUrl":"#line5","stroke-opacity":1,"stroke":"#FF7F00","stroke-width":1,"name":"FONDO"}},
{"type":"Feature","geometry":{"type":"LineString","coordinates":[[-63.08783,-17.55422],[-63.0874,-17.55413]]},"properties":{"description":"Acera","styleUrl":"#line5","stroke-opacity":1,"stroke":"#FF7F00","stroke-width":1,"name":"FONDO"}},
{"type":"Feature","geometry":{"type":"LineString","coordinates":[[-63.08266,-17.56081],[-63.08311,-17.5589]]},"properties":{"description":"Acera","styleUrl":"#line5","stroke-opacity":1,"stroke":"#FF7F00","stroke-width":1,"name":"FONDO"}},
{"type":"Feature","geometry":{"type":"LineString","coordinates":[[-63.08259,-17.56108],[-63.0826,-17.56108],[-63.0826,-17.56107],[-63.0826,-17.56106],[-63.0826,-17.56105],[-63.08261,-17.56105],[-63.08261,-17.56104],[-63.08262,-17.56104],[-63.08262,-17.56103],[-63.08263,-17.56103],[-63.08263,-17.56102],[-63.08264,-17.56102],[-63.08264,-17.56101],[-63.08265,-17.56101],[-63.08266,-17.56101],[-63.08267,-17.561],[-63.08268,-17.561],[-63.08269,-17.561],[-63.0827,-17.561],[-63.08271,-17.561],[-63.08272,-17.561],[-63.08273,-17.561]]},"properties":{"description":"Acera","styleUrl":"#line5","stroke-opacity":1,"stroke":"#FF7F00","stroke-width":1,"name":"FONDO"}},
{"type":"Feature","geometry":{"type":"LineString","coordinates":[[-63.08274,-17.56094],[-63.08273,-17.56094],[-63.08273,-17.56093],[-63.08272,-17.56093],[-63.08271,-17.56093],[-63.08271,-17.56092],[-63.0827,-17.56092],[-63.08269,-17.56092],[-63.08269,-17.56091],[-63.08268,-17.56091],[-63.08268,-17.5609],[-63.08268,-17.56089],[-63.08267,-17.56089],[-63.08267,-17.56088],[-63.08266,-17.56088],[-63.08266,-17.56087],[-63.08266,-17.56086],[-63.08266,-17.56085],[-63.08266,-17.56084],[-63.08266,-17.56083],[-63.08266,-17.56082],[-63.08266,-17.56081]]},"properties":{"description":"Acera","styleUrl":"#line5","stroke-opacity":1,"stroke":"#FF7F00","stroke-width":1,"name":"FONDO"}},
{"type":"Feature","geometry":{"type":"LineString","coordinates":[[-63.08318,-17.55863],[-63.08373,-17.55633]]},"properties":{"description":"Acera","styleUrl":"#line5","stroke-opacity":1,"stroke":"#FF7F00","stroke-width":1,"name":"FONDO"}},
{"type":"Feature","geometry":{"type":"LineString","coordinates":[[-63.08379,-17.55605],[-63.08438,-17.5536]]},"properties":{"description":"Acera","styleUrl":"#line5","stroke-opacity":1,"stroke":"#FF7F00","stroke-width":1,"name":"FONDO"}},
{"type":"Feature","geometry":{"type":"LineString","coordinates":[[-63.08444,-17.55332],[-63.08495,-17.55118]]},"properties":{"description":"Acera","styleUrl":"#line5","stroke-opacity":1,"stroke":"#FF7F00","stroke-width":1,"name":"FONDO"}},
{"type":"Feature","geometry":{"type":"LineString","coordinates":[[-63.08453,-17.55345],[-63.08452,-17.55345],[-63.08451,-17.55345],[-63.0845,-17.55345],[-63.0845,-17.55344],[-63.08449,-17.55344],[-63.08449,-17.55343],[-63.08448,-17.55343],[-63.08447,-17.55343],[-63.08447,-17.55342],[-63.08446,-17.55342],[-63.08446,-17.55341],[-63.08446,-17.5534],[-63.08445,-17.5534],[-63.08445,-17.55339],[-63.08445,-17.55338],[-63.08444,-17.55338],[-63.08444,-17.55337],[-63.08444,-17.55336],[-63.08444,-17.55335],[-63.08444,-17.55334],[-63.08444,-17.55333],[-63.08444,-17.55332]]},"properties":{"description":"Acera","styleUrl":"#line5","stroke-opacity":1,"stroke":"#FF7F00","stroke-width":1,"name":"FONDO"}},
{"type":"Feature","geometry":{"type":"LineString","coordinates":[[-63.08438,-17.5536],[-63.08438,-17.55359],[-63.08438,-17.55358],[-63.08438,-17.55357],[-63.08439,-17.55357],[-63.08439,-17.55356],[-63.0844,-17.55356],[-63.0844,-17.55355],[-63.08441,-17.55355],[-63.08441,-17.55354],[-63.08442,-17.55354],[-63.08442,-17.55353],[-63.08443,-17.55353],[-63.08443,-17.55352],[-63.08444,-17.55352],[-63.08445,-17.55352],[-63.08446,-17.55352],[-63.08446,-17.55351],[-63.08447,-17.55351],[-63.08448,-17.55351],[-63.08449,-17.55351],[-63.0845,-17.55351],[-63.08451,-17.55351]]},"properties":{"description":"Acera","styleUrl":"#line5","stroke-opacity":1,"stroke":"#FF7F00","stroke-width":1,"name":"FONDO"}},
{"type":"Feature","geometry":{"type":"LineString","coordinates":[[-63.08388,-17.55619],[-63.08388,-17.55618],[-63.08387,-17.55618],[-63.08386,-17.55618],[-63.08385,-17.55618],[-63.08385,-17.55617],[-63.08384,-17.55617],[-63.08383,-17.55617],[-63.08383,-17.55616],[-63.08382,-17.55616],[-63.08382,-17.55615],[-63.08381,-17.55615],[-63.08381,-17.55614],[-63.0838,-17.55614],[-63.0838,-17.55613],[-63.0838,-17.55612],[-63.08379,-17.55611],[-63.08379,-17.5561],[-63.08379,-17.55609],[-63.08379,-17.55608],[-63.08379,-17.55607],[-63.08379,-17.55606],[-63.08379,-17.55605]]},"properties":{"description":"Acera","styleUrl":"#line5","stroke-opacity":1,"stroke":"#FF7F00","stroke-width":1,"name":"FONDO"}},
{"type":"Feature","geometry":{"type":"LineString","coordinates":[[-63.08373,-17.55633],[-63.08373,-17.55632],[-63.08373,-17.55631],[-63.08373,-17.5563],[-63.08374,-17.5563],[-63.08374,-17.55629],[-63.08375,-17.55629],[-63.08375,-17.55628],[-63.08376,-17.55628],[-63.08376,-17.55627],[-63.08377,-17.55627],[-63.08377,-17.55626],[-63.08378,-17.55626],[-63.08379,-17.55626],[-63.08379,-17.55625],[-63.0838,-17.55625],[-63.08381,-17.55625],[-63.08382,-17.55625],[-63.08382,-17.55624],[-63.08383,-17.55624],[-63.08384,-17.55624],[-63.08385,-17.55624],[-63.08385,-17.55625],[-63.08386,-17.55625]]},"properties":{"description":"Acera","styleUrl":"#line5","stroke-opacity":1,"stroke":"#FF7F00","stroke-width":1,"name":"FONDO"}},
{"type":"Feature","geometry":{"type":"LineString","coordinates":[[-63.08326,-17.55876],[-63.08325,-17.55876],[-63.08325,-17.55875],[-63.08324,-17.55875],[-63.08323,-17.55875],[-63.08323,-17.55874],[-63.08322,-17.55874],[-63.08322,-17.55873],[-63.08321,-17.55873],[-63.0832,-17.55872],[-63.0832,-17.55871],[-63.08319,-17.55871],[-63.08319,-17.5587],[-63.08318,-17.5587],[-63.08318,-17.55869],[-63.08318,-17.55868],[-63.08318,-17.55867],[-63.08318,-17.55866],[-63.08318,-17.55865],[-63.08318,-17.55864],[-63.08318,-17.55863]]},"properties":{"description":"Acera","styleUrl":"#line5","stroke-opacity":1,"stroke":"#FF7F00","stroke-width":1,"name":"FONDO"}},
{"type":"Feature","geometry":{"type":"LineString","coordinates":[[-63.08311,-17.5589],[-63.08311,-17.55889],[-63.08312,-17.55889],[-63.08312,-17.55888],[-63.08312,-17.55887],[-63.08313,-17.55887],[-63.08313,-17.55886],[-63.08314,-17.55886],[-63.08314,-17.55885],[-63.08315,-17.55885],[-63.08315,-17.55884],[-63.08316,-17.55884],[-63.08316,-17.55883],[-63.08317,-17.55883],[-63.08318,-17.55883],[-63.08318,-17.55882],[-63.08319,-17.55882],[-63.0832,-17.55882],[-63.08321,-17.55882],[-63.08322,-17.55882],[-63.08323,-17.55882],[-63.08324,-17.55882],[-63.08325,-17.55882]]},"properties":{"description":"Acera","styleUrl":"#line5","stroke-opacity":1,"stroke":"#FF7F00","stroke-width":1,"name":"FONDO"}},
{"type":"Feature","geometry":{"type":"LineString","coordinates":[[-63.08431,-17.56374],[-63.08541,-17.5642]]},"properties":{"description":"Acera","styleUrl":"#line5","stroke-opacity":1,"stroke":"#FF7F00","stroke-width":1,"name":"FONDO"}},
{"type":"Feature","geometry":{"type":"LineString","coordinates":[[-63.08562,-17.56418],[-63.08573,-17.56374]]},"properties":{"description":"Acera","styleUrl":"#line5","stroke-opacity":1,"stroke":"#FF7F00","stroke-width":1,"name":"FONDO"}},
{"type":"Feature","geometry":{"type":"LineString","coordinates":[[-63.08557,-17.56412],[-63.08567,-17.56367]]},"properties":{"description":"Acera","styleUrl":"#line5","stroke-opacity":1,"stroke":"#FF7F00","stroke-width":1,"name":"FONDO"}},
{"type":"Feature","geometry":{"type":"LineString","coordinates":[[-63.08568,-17.56431],[-63.08755,-17.56508]]},"properties":{"description":"Acera","styleUrl":"#line5","stroke-opacity":1,"stroke":"#FF7F00","stroke-width":1,"name":"FONDO"}},
{"type":"Feature","geometry":{"type":"LineString","coordinates":[[-63.08568,-17.56431],[-63.08568,-17.5643],[-63.08567,-17.5643],[-63.08566,-17.5643],[-63.08566,-17.56429],[-63.08565,-17.56429],[-63.08565,-17.56428],[-63.08564,-17.56428],[-63.08564,-17.56427],[-63.08563,-17.56427],[-63.08563,-17.56426],[-63.08563,-17.56425],[-63.08562,-17.56425],[-63.08562,-17.56424],[-63.08562,-17.56423],[-63.08562,-17.56422],[-63.08562,-17.56421],[-63.08562,-17.5642],[-63.08562,-17.56419],[-63.08562,-17.56418]]},"properties":{"description":"Acera","styleUrl":"#line5","stroke-opacity":1,"stroke":"#FF7F00","stroke-width":1,"name":"FONDO"}},
{"type":"Feature","geometry":{"type":"LineString","coordinates":[[-63.08557,-17.56412],[-63.08557,-17.56413],[-63.08556,-17.56413],[-63.08556,-17.56414],[-63.08556,-17.56415],[-63.08555,-17.56415],[-63.08555,-17.56416],[-63.08554,-17.56416],[-63.08554,-17.56417],[-63.08553,-17.56417],[-63.08553,-17.56418],[-63.08552,-17.56418],[-63.08552,-17.56419],[-63.08551,-17.56419],[-63.0855,-17.56419],[-63.0855,-17.5642],[-63.08549,-17.5642],[-63.08548,-17.5642],[-63.08547,-17.5642],[-63.08546,-17.5642],[-63.08545,-17.5642],[-63.08544,-17.5642],[-63.08543,-17.5642],[-63.08542,-17.5642],[-63.08541,-17.5642]]},"properties":{"description":"Acera","styleUrl":"#line5","stroke-opacity":1,"stroke":"#FF7F00","stroke-width":1,"name":"FONDO"}},
{"type":"Feature","geometry":{"type":"LineString","coordinates":[[-63.08431,-17.56374],[-63.0843,-17.56374],[-63.0843,-17.56373],[-63.08429,-17.56373],[-63.08428,-17.56373],[-63.08428,-17.56372],[-63.08427,-17.56372],[-63.08427,-17.56371],[-63.08426,-17.56371],[-63.08426,-17.5637],[-63.08426,-17.56369],[-63.08425,-17.56369],[-63.08425,-17.56368],[-63.08425,-17.56367],[-63.08424,-17.56367],[-63.08424,-17.56366],[-63.08424,-17.56365],[-63.08424,-17.56364],[-63.08424,-17.56363],[-63.08424,-17.56362],[-63.08424,-17.56361]]},"properties":{"description":"Acera","styleUrl":"#line5","stroke-opacity":1,"stroke":"#FF7F00","stroke-width":1,"name":"FONDO"}},
{"type":"Feature","geometry":{"type":"LineString","coordinates":[[-63.08417,-17.56354],[-63.08417,-17.56355],[-63.08417,-17.56356],[-63.08416,-17.56356],[-63.08416,-17.56357],[-63.08416,-17.56358],[-63.08415,-17.56358],[-63.08415,-17.56359],[-63.08414,-17.56359],[-63.08414,-17.5636],[-63.08413,-17.5636],[-63.08413,-17.56361],[-63.08412,-17.56361],[-63.08411,-17.56361],[-63.08411,-17.56362],[-63.0841,-17.56362],[-63.08409,-17.56362],[-63.08408,-17.56363],[-63.08407,-17.56363],[-63.08406,-17.56363],[-63.08405,-17.56363],[-63.08404,-17.56363],[-63.08403,-17.56363],[-63.08403,-17.56362],[-63.08402,-17.56362],[-63.08401,-17.56362]]},"properties":{"description":"Acera","styleUrl":"#line5","stroke-opacity":1,"stroke":"#FF7F00","stroke-width":1,"name":"FONDO"}},
{"type":"Feature","geometry":{"type":"LineString","coordinates":[[-63.08586,-17.56356],[-63.08794,-17.56442]]},"properties":{"description":"Acera","styleUrl":"#line5","stroke-opacity":1,"stroke":"#FF7F00","stroke-width":1,"name":"FONDO"}},
{"type":"Feature","geometry":{"type":"LineString","coordinates":[[-63.08574,-17.56338],[-63.0861,-17.56187]]},"properties":{"description":"Acera","styleUrl":"#line5","stroke-opacity":1,"stroke":"#FF7F00","stroke-width":1,"name":"FONDO"}},
{"type":"Feature","geometry":{"type":"LineString","coordinates":[[-63.08588,-17.56366],[-63.08799,-17.56453]]},"properties":{"description":"Acera","styleUrl":"#line5","stroke-opacity":1,"stroke":"#FF7F00","stroke-width":1,"name":"FONDO"}},
{"type":"Feature","geometry":{"type":"LineString","coordinates":[[-63.0858,-17.56344],[-63.0859,-17.56299]]},"properties":{"description":"Acera","styleUrl":"#line5","stroke-opacity":1,"stroke":"#FF7F00","stroke-width":1,"name":"FONDO"}},
{"type":"Feature","geometry":{"type":"LineString","coordinates":[[-63.08586,-17.56356],[-63.08585,-17.56356],[-63.08584,-17.56356],[-63.08584,-17.56355],[-63.08583,-17.56355],[-63.08583,-17.56354],[-63.08582,-17.56354],[-63.08582,-17.56353],[-63.08581,-17.56353],[-63.08581,-17.56352],[-63.08581,-17.56351],[-63.0858,-17.56351],[-63.0858,-17.5635],[-63.0858,-17.56349],[-63.0858,-17.56348],[-63.08579,-17.56348],[-63.08579,-17.56347],[-63.08579,-17.56346],[-63.08579,-17.56345],[-63.0858,-17.56345],[-63.0858,-17.56344]]},"properties":{"description":"Acera","styleUrl":"#line5","stroke-opacity":1,"stroke":"#FF7F00","stroke-width":1,"name":"FONDO"}},
{"type":"Feature","geometry":{"type":"LineString","coordinates":[[-63.08573,-17.56374],[-63.08573,-17.56373],[-63.08573,-17.56372],[-63.08573,-17.56371],[-63.08574,-17.56371],[-63.08574,-17.5637],[-63.08575,-17.5637],[-63.08575,-17.56369],[-63.08576,-17.56368],[-63.08577,-17.56368],[-63.08577,-17.56367],[-63.08578,-17.56367],[-63.08578,-17.56366],[-63.08579,-17.56366],[-63.0858,-17.56366],[-63.08581,-17.56366],[-63.08581,-17.56365],[-63.08582,-17.56365],[-63.08583,-17.56365],[-63.08584,-17.56365],[-63.08585,-17.56365],[-63.08586,-17.56365],[-63.08586,-17.56366],[-63.08587,-17.56366],[-63.08588,-17.56366]]},"properties":{"description":"Acera","styleUrl":"#line5","stroke-opacity":1,"stroke":"#FF7F00","stroke-width":1,"name":"FONDO"}},
{"type":"Feature","geometry":{"type":"LineString","coordinates":[[-63.08561,-17.56355],[-63.08562,-17.56355],[-63.08562,-17.56356],[-63.08563,-17.56356],[-63.08564,-17.56356],[-63.08564,-17.56357],[-63.08565,-17.56357],[-63.08565,-17.56358],[-63.08566,-17.56358],[-63.08566,-17.56359],[-63.08566,-17.5636],[-63.08567,-17.5636],[-63.08567,-17.56361],[-63.08567,-17.56362],[-63.08567,-17.56363],[-63.08568,-17.56363],[-63.08568,-17.56364],[-63.08568,-17.56365],[-63.08568,-17.56366],[-63.08568,-17.56367],[-63.08567,-17.56367]]},"properties":{"description":"Acera","styleUrl":"#line5","stroke-opacity":1,"stroke":"#FF7F00","stroke-width":1,"name":"FONDO"}},
{"type":"Feature","geometry":{"type":"LineString","coordinates":[[-63.08574,-17.56338],[-63.08574,-17.56339],[-63.08574,-17.5634],[-63.08573,-17.5634],[-63.08573,-17.56341],[-63.08573,-17.56342],[-63.08572,-17.56342],[-63.08572,-17.56343],[-63.08571,-17.56343],[-63.08571,-17.56344],[-63.0857,-17.56344],[-63.08569,-17.56344],[-63.08569,-17.56345],[-63.08568,-17.56345],[-63.08567,-17.56345],[-63.08567,-17.56346],[-63.08566,-17.56346],[-63.08565,-17.56346],[-63.08564,-17.56346],[-63.08563,-17.56346],[-63.08562,-17.56346],[-63.08561,-17.56346],[-63.0856,-17.56346],[-63.0856,-17.56345],[-63.08559,-17.56345]]},"properties":{"description":"Acera","styleUrl":"#line5","stroke-opacity":1,"stroke":"#FF7F00","stroke-width":1,"name":"FONDO"}},
{"type":"Feature","geometry":{"type":"LineString","coordinates":[[-63.08361,-17.5625],[-63.08389,-17.56136]]},"properties":{"description":"Acera","styleUrl":"#line5","stroke-opacity":1,"stroke":"#FF7F00","stroke-width":1,"name":"FONDO"}},
{"type":"Feature","geometry":{"type":"LineString","coordinates":[[-63.08367,-17.56256],[-63.08395,-17.56138]]},"properties":{"description":"Acera","styleUrl":"#line5","stroke-opacity":1,"stroke":"#FF7F00","stroke-width":1,"name":"FONDO"}},
{"type":"Feature","geometry":{"type":"LineString","coordinates":[[-63.08297,-17.56223],[-63.08322,-17.56121]]},"properties":{"description":"Acera","styleUrl":"#line5","stroke-opacity":1,"stroke":"#FF7F00","stroke-width":1,"name":"FONDO"}},
{"type":"Feature","geometry":{"type":"LineString","coordinates":[[-63.08302,-17.5623],[-63.08328,-17.56122]]},"properties":{"description":"Acera","styleUrl":"#line5","stroke-opacity":1,"stroke":"#FF7F00","stroke-width":1,"name":"FONDO"}},
{"type":"Feature","geometry":{"type":"LineString","coordinates":[[-63.08373,-17.56269],[-63.08419,-17.56288]]},"properties":{"description":"Acera","styleUrl":"#line5","stroke-opacity":1,"stroke":"#FF7F00","stroke-width":1,"name":"FONDO"}},
{"type":"Feature","geometry":{"type":"LineString","coordinates":[[-63.08309,-17.56242],[-63.08346,-17.56257]]},"properties":{"description":"Acera","styleUrl":"#line5","stroke-opacity":1,"stroke":"#FF7F00","stroke-width":1,"name":"FONDO"}},
{"type":"Feature","geometry":{"type":"LineString","coordinates":[[-63.08309,-17.56242],[-63.08308,-17.56242],[-63.08307,-17.56241],[-63.08306,-17.56241],[-63.08306,-17.5624],[-63.08305,-17.5624],[-63.08305,-17.56239],[-63.08304,-17.56239],[-63.08304,-17.56238],[-63.08303,-17.56237],[-63.08303,-17.56236],[-63.08303,-17.56235],[-63.08302,-17.56235],[-63.08302,-17.56234],[-63.08302,-17.56233],[-63.08302,-17.56232],[-63.08302,-17.56231],[-63.08302,-17.5623]]},"properties":{"description":"Acera","styleUrl":"#line5","stroke-opacity":1,"stroke":"#FF7F00","stroke-width":1,"name":"FONDO"}},
{"type":"Feature","geometry":{"type":"LineString","coordinates":[[-63.08297,-17.56223],[-63.08297,-17.56224],[-63.08297,-17.56225],[-63.08296,-17.56225],[-63.08296,-17.56226],[-63.08296,-17.56227],[-63.08295,-17.56227],[-63.08295,-17.56228],[-63.08294,-17.56228],[-63.08294,-17.56229],[-63.08293,-17.56229],[-63.08293,-17.5623],[-63.08292,-17.5623],[-63.08292,-17.56231],[-63.08291,-17.56231],[-63.0829,-17.56231],[-63.08289,-17.56231],[-63.08289,-17.56232],[-63.08288,-17.56232],[-63.08287,-17.56232],[-63.08286,-17.56232],[-63.08285,-17.56232],[-63.08284,-17.56232],[-63.08283,-17.56232],[-63.08283,-17.56231],[-63.08282,-17.56231]]},"properties":{"description":"Acera","styleUrl":"#line5","stroke-opacity":1,"stroke":"#FF7F00","stroke-width":1,"name":"FONDO"}},
{"type":"Feature","geometry":{"type":"LineString","coordinates":[[-63.08373,-17.56269],[-63.08373,-17.56268],[-63.08372,-17.56268],[-63.08371,-17.56268],[-63.08371,-17.56267],[-63.0837,-17.56267],[-63.0837,-17.56266],[-63.08369,-17.56266],[-63.08369,-17.56265],[-63.08368,-17.56265],[-63.08368,-17.56264],[-63.08367,-17.56263],[-63.08367,-17.56262],[-63.08367,-17.56261],[-63.08367,-17.5626],[-63.08366,-17.5626],[-63.08366,-17.56259],[-63.08366,-17.56258],[-63.08366,-17.56257],[-63.08367,-17.56257],[-63.08367,-17.56256]]},"properties":{"description":"Acera","styleUrl":"#line5","stroke-opacity":1,"stroke":"#FF7F00","stroke-width":1,"name":"FONDO"}},
{"type":"Feature","geometry":{"type":"LineString","coordinates":[[-63.08361,-17.5625],[-63.08361,-17.56251],[-63.08361,-17.56252],[-63.0836,-17.56252],[-63.0836,-17.56253],[-63.0836,-17.56254],[-63.08359,-17.56254],[-63.08359,-17.56255],[-63.08358,-17.56255],[-63.08358,-17.56256],[-63.08357,-17.56256],[-63.08357,-17.56257],[-63.08356,-17.56257],[-63.08355,-17.56257],[-63.08355,-17.56258],[-63.08354,-17.56258],[-63.08353,-17.56258],[-63.08352,-17.56258],[-63.08351,-17.56258],[-63.0835,-17.56258],[-63.08349,-17.56258],[-63.08348,-17.56258],[-63.08347,-17.56258],[-63.08346,-17.56258],[-63.08346,-17.56257]]},"properties":{"description":"Acera","styleUrl":"#line5","stroke-opacity":1,"stroke":"#FF7F00","stroke-width":1,"name":"FONDO"}},
{"type":"Feature","geometry":{"type":"LineString","coordinates":[[-63.08515,-17.56318],[-63.0855,-17.56173]]},"properties":{"description":"Acera","styleUrl":"#line5","stroke-opacity":1,"stroke":"#FF7F00","stroke-width":1,"name":"FONDO"}},
{"type":"Feature","geometry":{"type":"LineString","coordinates":[[-63.0851,-17.56311],[-63.08543,-17.56171]]},"properties":{"description":"Acera","styleUrl":"#line5","stroke-opacity":1,"stroke":"#FF7F00","stroke-width":1,"name":"FONDO"}},
{"type":"Feature","geometry":{"type":"LineString","coordinates":[[-63.08522,-17.5633],[-63.08559,-17.56345]]},"properties":{"description":"Acera","styleUrl":"#line5","stroke-opacity":1,"stroke":"#FF7F00","stroke-width":1,"name":"FONDO"}},
{"type":"Feature","geometry":{"type":"LineString","coordinates":[[-63.08522,-17.5633],[-63.08521,-17.5633],[-63.08521,-17.56329],[-63.0852,-17.56329],[-63.08519,-17.56329],[-63.08519,-17.56328],[-63.08518,-17.56328],[-63.08518,-17.56327],[-63.08517,-17.56327],[-63.08517,-17.56326],[-63.08517,-17.56325],[-63.08516,-17.56325],[-63.08516,-17.56324],[-63.08516,-17.56323],[-63.08515,-17.56323],[-63.08515,-17.56322],[-63.08515,-17.56321],[-63.08515,-17.5632],[-63.08515,-17.56319],[-63.08515,-17.56318]]},"properties":{"description":"Acera","styleUrl":"#line5","stroke-opacity":1,"stroke":"#FF7F00","stroke-width":1,"name":"FONDO"}},
{"type":"Feature","geometry":{"type":"LineString","coordinates":[[-63.0851,-17.56311],[-63.0851,-17.56312],[-63.0851,-17.56313],[-63.08509,-17.56313],[-63.08509,-17.56314],[-63.08509,-17.56315],[-63.08508,-17.56315],[-63.08508,-17.56316],[-63.08507,-17.56316],[-63.08507,-17.56317],[-63.08506,-17.56317],[-63.08506,-17.56318],[-63.08505,-17.56318],[-63.08504,-17.56318],[-63.08504,-17.56319],[-63.08503,-17.56319],[-63.08502,-17.56319],[-63.08501,-17.56319],[-63.08501,-17.5632],[-63.085,-17.5632],[-63.08499,-17.5632],[-63.08498,-17.5632],[-63.08497,-17.56319],[-63.08496,-17.56319],[-63.08495,-17.56319]]},"properties":{"description":"Acera","styleUrl":"#line5","stroke-opacity":1,"stroke":"#FF7F00","stroke-width":1,"name":"FONDO"}},
{"type":"Feature","geometry":{"type":"LineString","coordinates":[[-63.08316,-17.56103],[-63.08274,-17.56094]]},"properties":{"description":"Acera","styleUrl":"#line5","stroke-opacity":1,"stroke":"#FF7F00","stroke-width":1,"name":"FONDO"}},
{"type":"Feature","geometry":{"type":"LineString","coordinates":[[-63.08334,-17.56098],[-63.0838,-17.55903]]},"properties":{"description":"Acera","styleUrl":"#line5","stroke-opacity":1,"stroke":"#FF7F00","stroke-width":1,"name":"FONDO"}},
{"type":"Feature","geometry":{"type":"LineString","coordinates":[[-63.08315,-17.5611],[-63.08273,-17.561]]},"properties":{"description":"Acera","styleUrl":"#line5","stroke-opacity":1,"stroke":"#FF7F00","stroke-width":1,"name":"FONDO"}},
{"type":"Feature","geometry":{"type":"LineString","coordinates":[[-63.08327,-17.56097],[-63.08374,-17.55902]]},"properties":{"description":"Acera","styleUrl":"#line5","stroke-opacity":1,"stroke":"#FF7F00","stroke-width":1,"name":"FONDO"}},
{"type":"Feature","geometry":{"type":"LineString","coordinates":[[-63.08383,-17.56119],[-63.08341,-17.56109]]},"properties":{"description":"Acera","styleUrl":"#line5","stroke-opacity":1,"stroke":"#FF7F00","stroke-width":1,"name":"FONDO"}},
{"type":"Feature","geometry":{"type":"LineString","coordinates":[[-63.08394,-17.56112],[-63.08441,-17.55916]]},"properties":{"description":"Acera","styleUrl":"#line5","stroke-opacity":1,"stroke":"#FF7F00","stroke-width":1,"name":"FONDO"}},
{"type":"Feature","geometry":{"type":"LineString","coordinates":[[-63.08382,-17.56125],[-63.08339,-17.56115]]},"properties":{"description":"Acera","styleUrl":"#line5","stroke-opacity":1,"stroke":"#FF7F00","stroke-width":1,"name":"FONDO"}},
{"type":"Feature","geometry":{"type":"LineString","coordinates":[[-63.08401,-17.56114],[-63.08447,-17.55917]]},"properties":{"description":"Acera","styleUrl":"#line5","stroke-opacity":1,"stroke":"#FF7F00","stroke-width":1,"name":"FONDO"}},
{"type":"Feature","geometry":{"type":"LineString","coordinates":[[-63.08457,-17.56136],[-63.08408,-17.56125]]},"properties":{"description":"Acera","styleUrl":"#line5","stroke-opacity":1,"stroke":"#FF7F00","stroke-width":1,"name":"FONDO"}},
{"type":"Feature","geometry":{"type":"LineString","coordinates":[[-63.08479,-17.5613],[-63.08526,-17.55936]]},"properties":{"description":"Acera","styleUrl":"#line5","stroke-opacity":1,"stroke":"#FF7F00","stroke-width":1,"name":"FONDO"}},
{"type":"Feature","geometry":{"type":"LineString","coordinates":[[-63.08456,-17.56142],[-63.08406,-17.56131]]},"properties":{"description":"Acera","styleUrl":"#line5","stroke-opacity":1,"stroke":"#FF7F00","stroke-width":1,"name":"FONDO"}},
{"type":"Feature","geometry":{"type":"LineString","coordinates":[[-63.08471,-17.56127],[-63.08517,-17.55935]]},"properties":{"description":"Acera","styleUrl":"#line5","stroke-opacity":1,"stroke":"#FF7F00","stroke-width":1,"name":"FONDO"}},
{"type":"Feature","geometry":{"type":"LineString","coordinates":[[-63.08538,-17.56154],[-63.08488,-17.56143]]},"properties":{"description":"Acera","styleUrl":"#line5","stroke-opacity":1,"stroke":"#FF7F00","stroke-width":1,"name":"FONDO"}},
{"type":"Feature","geometry":{"type":"LineString","coordinates":[[-63.08549,-17.56148],[-63.08596,-17.55949]]},"properties":{"description":"Acera","styleUrl":"#line5","stroke-opacity":1,"stroke":"#FF7F00","stroke-width":1,"name":"FONDO"}},
{"type":"Feature","geometry":{"type":"LineString","coordinates":[[-63.08536,-17.56161],[-63.08487,-17.56149]]},"properties":{"description":"Acera","styleUrl":"#line5","stroke-opacity":1,"stroke":"#FF7F00","stroke-width":1,"name":"FONDO"}},
{"type":"Feature","geometry":{"type":"LineString","coordinates":[[-63.08556,-17.56149],[-63.08603,-17.55951]]},"properties":{"description":"Acera","styleUrl":"#line5","stroke-opacity":1,"stroke":"#FF7F00","stroke-width":1,"name":"FONDO"}},
{"type":"Feature","geometry":{"type":"LineString","coordinates":[[-63.08605,-17.5617],[-63.08562,-17.5616]]},"properties":{"description":"Acera","styleUrl":"#line5","stroke-opacity":1,"stroke":"#FF7F00","stroke-width":1,"name":"FONDO"}},
{"type":"Feature","geometry":{"type":"LineString","coordinates":[[-63.08622,-17.56165],[-63.08634,-17.56117]]},"properties":{"description":"Acera","styleUrl":"#line5","stroke-opacity":1,"stroke":"#FF7F00","stroke-width":1,"name":"FONDO"}},
{"type":"Feature","geometry":{"type":"LineString","coordinates":[[-63.08603,-17.56176],[-63.08561,-17.56166]]},"properties":{"description":"Acera","styleUrl":"#line5","stroke-opacity":1,"stroke":"#FF7F00","stroke-width":1,"name":"FONDO"}},
{"type":"Feature","geometry":{"type":"LineString","coordinates":[[-63.08616,-17.56163],[-63.08664,-17.55964]]},"properties":{"description":"Acera","styleUrl":"#line5","stroke-opacity":1,"stroke":"#FF7F00","stroke-width":1,"name":"FONDO"}},
{"type":"Feature","geometry":{"type":"LineString","coordinates":[[-63.08473,-17.56158],[-63.08473,-17.56157],[-63.08473,-17.56156],[-63.08474,-17.56156],[-63.08474,-17.56155],[-63.08474,-17.56154],[-63.08475,-17.56154],[-63.08475,-17.56153],[-63.08476,-17.56153],[-63.08476,-17.56152],[-63.08477,-17.56152],[-63.08477,-17.56151],[-63.08478,-17.56151],[-63.08478,-17.5615],[-63.08479,-17.5615],[-63.0848,-17.5615],[-63.08481,-17.5615],[-63.08481,-17.56149],[-63.08482,-17.56149],[-63.08483,-17.56149],[-63.08484,-17.56149],[-63.08485,-17.56149],[-63.08486,-17.56149],[-63.08487,-17.56149]]},"properties":{"description":"Acera","styleUrl":"#line5","stroke-opacity":1,"stroke":"#FF7F00","stroke-width":1,"name":"FONDO"}},
{"type":"Feature","geometry":{"type":"LineString","coordinates":[[-63.08488,-17.56143],[-63.08487,-17.56143],[-63.08486,-17.56142],[-63.08485,-17.56142],[-63.08484,-17.56141],[-63.08483,-17.56141],[-63.08483,-17.5614],[-63.08482,-17.5614],[-63.08482,-17.56139],[-63.08481,-17.56139],[-63.08481,-17.56138],[-63.08481,-17.56137],[-63.0848,-17.56137],[-63.0848,-17.56136],[-63.0848,-17.56135],[-63.08479,-17.56135],[-63.08479,-17.56134],[-63.08479,-17.56133],[-63.08479,-17.56132],[-63.08479,-17.56131],[-63.08479,-17.5613]]},"properties":{"description":"Acera","styleUrl":"#line5","stroke-opacity":1,"stroke":"#FF7F00","stroke-width":1,"name":"FONDO"}},
{"type":"Feature","geometry":{"type":"LineString","coordinates":[[-63.08471,-17.56127],[-63.08471,-17.56128],[-63.08471,-17.56129],[-63.08471,-17.5613],[-63.0847,-17.5613],[-63.0847,-17.56131],[-63.08469,-17.56131],[-63.08469,-17.56132],[-63.08468,-17.56133],[-63.08467,-17.56133],[-63.08467,-17.56134],[-63.08466,-17.56134],[-63.08466,-17.56135],[-63.08465,-17.56135],[-63.08464,-17.56135],[-63.08464,-17.56136],[-63.08463,-17.56136],[-63.08462,-17.56136],[-63.08461,-17.56136],[-63.0846,-17.56136],[-63.08459,-17.56136],[-63.08458,-17.56136],[-63.08457,-17.56136]]},"properties":{"description":"Acera","styleUrl":"#line5","stroke-opacity":1,"stroke":"#FF7F00","stroke-width":1,"name":"FONDO"}},
{"type":"Feature","geometry":{"type":"LineString","coordinates":[[-63.08456,-17.56142],[-63.08457,-17.56142],[-63.08457,-17.56143],[-63.08458,-17.56143],[-63.08459,-17.56143],[-63.08459,-17.56144],[-63.0846,-17.56144],[-63.08461,-17.56144],[-63.08461,-17.56145],[-63.08462,-17.56145],[-63.08462,-17.56146],[-63.08463,-17.56146],[-63.08463,-17.56147],[-63.08463,-17.56148],[-63.08464,-17.56148],[-63.08464,-17.56149],[-63.08464,-17.5615],[-63.08465,-17.5615],[-63.08465,-17.56151],[-63.08465,-17.56152],[-63.08465,-17.56153],[-63.08465,-17.56154],[-63.08465,-17.56155],[-63.08465,-17.56156]]},"properties":{"description":"Acera","styleUrl":"#line5","stroke-opacity":1,"stroke":"#FF7F00","stroke-width":1,"name":"FONDO"}},
{"type":"Feature","geometry":{"type":"LineString","coordinates":[[-63.08541,-17.55922],[-63.08591,-17.55932]]},"properties":{"description":"Acera","styleUrl":"#line5","stroke-opacity":1,"stroke":"#FF7F00","stroke-width":1,"name":"FONDO"}},
{"type":"Feature","geometry":{"type":"LineString","coordinates":[[-63.0854,-17.55928],[-63.08589,-17.55938]]},"properties":{"description":"Acera","styleUrl":"#line5","stroke-opacity":1,"stroke":"#FF7F00","stroke-width":1,"name":"FONDO"}},
{"type":"Feature","geometry":{"type":"LineString","coordinates":[[-63.08532,-17.55908],[-63.08587,-17.55679]]},"properties":{"description":"Acera","styleUrl":"#line5","stroke-opacity":1,"stroke":"#FF7F00","stroke-width":1,"name":"FONDO"}},
{"type":"Feature","geometry":{"type":"LineString","coordinates":[[-63.08524,-17.55906],[-63.08579,-17.55677]]},"properties":{"description":"Acera","styleUrl":"#line5","stroke-opacity":1,"stroke":"#FF7F00","stroke-width":1,"name":"FONDO"}},
{"type":"Feature","geometry":{"type":"LineString","coordinates":[[-63.08526,-17.55936],[-63.08526,-17.55935],[-63.08526,-17.55934],[-63.08527,-17.55934],[-63.08527,-17.55933],[-63.08527,-17.55932],[-63.08528,-17.55932],[-63.08528,-17.55931],[-63.08529,-17.55931],[-63.08529,-17.5593],[-63.0853,-17.5593],[-63.0853,-17.55929],[-63.08531,-17.55929],[-63.08532,-17.55929],[-63.08532,-17.55928],[-63.08533,-17.55928],[-63.08534,-17.55928],[-63.08535,-17.55928],[-63.08536,-17.55928],[-63.08537,-17.55928],[-63.08538,-17.55928],[-63.08539,-17.55928],[-63.0854,-17.55928]]},"properties":{"description":"Acera","styleUrl":"#line5","stroke-opacity":1,"stroke":"#FF7F00","stroke-width":1,"name":"FONDO"}},
{"type":"Feature","geometry":{"type":"LineString","coordinates":[[-63.08541,-17.55922],[-63.0854,-17.55922],[-63.0854,-17.55921],[-63.08539,-17.55921],[-63.08538,-17.55921],[-63.08538,-17.5592],[-63.08537,-17.5592],[-63.08536,-17.5592],[-63.08536,-17.55919],[-63.08535,-17.55919],[-63.08535,-17.55918],[-63.08534,-17.55918],[-63.08534,-17.55917],[-63.08534,-17.55916],[-63.08533,-17.55916],[-63.08533,-17.55915],[-63.08533,-17.55914],[-63.08532,-17.55914],[-63.08532,-17.55913],[-63.08532,-17.55912],[-63.08532,-17.55911],[-63.08532,-17.5591],[-63.08532,-17.55909],[-63.08532,-17.55908]]},"properties":{"description":"Acera","styleUrl":"#line5","stroke-opacity":1,"stroke":"#FF7F00","stroke-width":1,"name":"FONDO"}},
{"type":"Feature","geometry":{"type":"LineString","coordinates":[[-63.08524,-17.55906],[-63.08524,-17.55907],[-63.08524,-17.55908],[-63.08523,-17.55908],[-63.08523,-17.55909],[-63.08523,-17.5591],[-63.08522,-17.5591],[-63.08522,-17.55911],[-63.08521,-17.55911],[-63.08521,-17.55912],[-63.0852,-17.55912],[-63.0852,-17.55913],[-63.08519,-17.55913],[-63.08519,-17.55914],[-63.08518,-17.55914],[-63.08517,-17.55914],[-63.08517,-17.55915],[-63.08516,-17.55915],[-63.08515,-17.55915],[-63.08514,-17.55915],[-63.08513,-17.55915],[-63.08512,-17.55915],[-63.08511,-17.55915],[-63.0851,-17.55915]]},"properties":{"description":"Acera","styleUrl":"#line5","stroke-opacity":1,"stroke":"#FF7F00","stroke-width":1,"name":"FONDO"}},
{"type":"Feature","geometry":{"type":"LineString","coordinates":[[-63.08508,-17.55921],[-63.08509,-17.55921],[-63.0851,-17.55921],[-63.0851,-17.55922],[-63.08511,-17.55922],[-63.08512,-17.55922],[-63.08512,-17.55923],[-63.08513,-17.55923],[-63.08513,-17.55924],[-63.08514,-17.55924],[-63.08514,-17.55925],[-63.08515,-17.55925],[-63.08515,-17.55926],[-63.08516,-17.55926],[-63.08516,-17.55927],[-63.08517,-17.55928],[-63.08517,-17.55929],[-63.08517,-17.5593],[-63.08517,-17.55931],[-63.08517,-17.55932],[-63.08518,-17.55932],[-63.08518,-17.55933],[-63.08517,-17.55933],[-63.08517,-17.55934],[-63.08517,-17.55935]]},"properties":{"description":"Acera","styleUrl":"#line5","stroke-opacity":1,"stroke":"#FF7F00","stroke-width":1,"name":"FONDO"}},
{"type":"Feature","geometry":{"type":"LineString","coordinates":[[-63.08602,-17.55664],[-63.08652,-17.55675]]},"properties":{"description":"Acera","styleUrl":"#line5","stroke-opacity":1,"stroke":"#FF7F00","stroke-width":1,"name":"FONDO"}},
{"type":"Feature","geometry":{"type":"LineString","coordinates":[[-63.08585,-17.55649],[-63.08644,-17.55404]]},"properties":{"description":"Acera","styleUrl":"#line5","stroke-opacity":1,"stroke":"#FF7F00","stroke-width":1,"name":"FONDO"}},
{"type":"Feature","geometry":{"type":"LineString","coordinates":[[-63.08601,-17.55671],[-63.08651,-17.55681]]},"properties":{"description":"Acera","styleUrl":"#line5","stroke-opacity":1,"stroke":"#FF7F00","stroke-width":1,"name":"FONDO"}},
{"type":"Feature","geometry":{"type":"LineString","coordinates":[[-63.08594,-17.55651],[-63.08652,-17.55405]]},"properties":{"description":"Acera","styleUrl":"#line5","stroke-opacity":1,"stroke":"#FF7F00","stroke-width":1,"name":"FONDO"}},
{"type":"Feature","geometry":{"type":"LineString","coordinates":[[-63.08602,-17.55664],[-63.08601,-17.55664],[-63.086,-17.55664],[-63.086,-17.55663],[-63.08599,-17.55663],[-63.08598,-17.55663],[-63.08598,-17.55662],[-63.08597,-17.55662],[-63.08597,-17.55661],[-63.08596,-17.55661],[-63.08596,-17.5566],[-63.08595,-17.5566],[-63.08595,-17.55659],[-63.08595,-17.55658],[-63.08594,-17.55658],[-63.08594,-17.55657],[-63.08594,-17.55656],[-63.08593,-17.55656],[-63.08593,-17.55655],[-63.08593,-17.55654],[-63.08593,-17.55653],[-63.08593,-17.55652],[-63.08593,-17.55651],[-63.08594,-17.55651]]},"properties":{"description":"Acera","styleUrl":"#line5","stroke-opacity":1,"stroke":"#FF7F00","stroke-width":1,"name":"FONDO"}},
{"type":"Feature","geometry":{"type":"LineString","coordinates":[[-63.08585,-17.55649],[-63.08585,-17.5565],[-63.08585,-17.55651],[-63.08584,-17.55651],[-63.08584,-17.55652],[-63.08584,-17.55653],[-63.08583,-17.55653],[-63.08583,-17.55654],[-63.08582,-17.55654],[-63.08582,-17.55655],[-63.08581,-17.55655],[-63.08581,-17.55656],[-63.0858,-17.55656],[-63.08579,-17.55657],[-63.08578,-17.55657],[-63.08577,-17.55657],[-63.08577,-17.55658],[-63.08576,-17.55658],[-63.08575,-17.55658],[-63.08574,-17.55658],[-63.08573,-17.55658],[-63.08572,-17.55658],[-63.08571,-17.55658]]},"properties":{"description":"Acera","styleUrl":"#line5","stroke-opacity":1,"stroke":"#FF7F00","stroke-width":1,"name":"FONDO"}},
{"type":"Feature","geometry":{"type":"LineString","coordinates":[[-63.0857,-17.55664],[-63.08571,-17.55664],[-63.08572,-17.55664],[-63.08572,-17.55665],[-63.08573,-17.55665],[-63.08574,-17.55665],[-63.08574,-17.55666],[-63.08575,-17.55666],[-63.08575,-17.55667],[-63.08576,-17.55667],[-63.08576,-17.55668],[-63.08577,-17.55668],[-63.08577,-17.55669],[-63.08577,-17.5567],[-63.08578,-17.5567],[-63.08578,-17.55671],[-63.08578,-17.55672],[-63.08579,-17.55672],[-63.08579,-17.55673],[-63.08579,-17.55674],[-63.08579,-17.55675],[-63.08579,-17.55676],[-63.08579,-17.55677]]},"properties":{"description":"Acera","styleUrl":"#line5","stroke-opacity":1,"stroke":"#FF7F00","stroke-width":1,"name":"FONDO"}},
{"type":"Feature","geometry":{"type":"LineString","coordinates":[[-63.08587,-17.55679],[-63.08587,-17.55678],[-63.08587,-17.55677],[-63.08588,-17.55677],[-63.08588,-17.55676],[-63.08588,-17.55675],[-63.08589,-17.55675],[-63.08589,-17.55674],[-63.0859,-17.55674],[-63.0859,-17.55673],[-63.08591,-17.55673],[-63.08591,-17.55672],[-63.08592,-17.55672],[-63.08593,-17.55672],[-63.08593,-17.55671],[-63.08594,-17.55671],[-63.08595,-17.55671],[-63.08596,-17.55671],[-63.08596,-17.5567],[-63.08597,-17.5567],[-63.08598,-17.5567],[-63.08599,-17.5567],[-63.086,-17.5567],[-63.08601,-17.5567],[-63.08601,-17.55671]]},"properties":{"description":"Acera","styleUrl":"#line5","stroke-opacity":1,"stroke":"#FF7F00","stroke-width":1,"name":"FONDO"}},
{"type":"Feature","geometry":{"type":"LineString","coordinates":[[-63.08328,-17.56122],[-63.08328,-17.56121],[-63.08329,-17.56121],[-63.08329,-17.5612],[-63.08329,-17.56119],[-63.0833,-17.56119],[-63.0833,-17.56118],[-63.08331,-17.56118],[-63.08331,-17.56117],[-63.08332,-17.56117],[-63.08332,-17.56116],[-63.08333,-17.56116],[-63.08334,-17.56116],[-63.08335,-17.56116],[-63.08335,-17.56115],[-63.08336,-17.56115],[-63.08337,-17.56115],[-63.08338,-17.56115],[-63.08339,-17.56115]]},"properties":{"description":"Acera","styleUrl":"#line5","stroke-opacity":1,"stroke":"#FF7F00","stroke-width":1,"name":"FONDO"}},
{"type":"Feature","geometry":{"type":"LineString","coordinates":[[-63.08341,-17.56109],[-63.0834,-17.56109],[-63.08339,-17.56109],[-63.08339,-17.56108],[-63.08338,-17.56108],[-63.08337,-17.56108],[-63.08337,-17.56107],[-63.08336,-17.56107],[-63.08336,-17.56106],[-63.08335,-17.56106],[-63.08335,-17.56105],[-63.08335,-17.56104],[-63.08334,-17.56104],[-63.08334,-17.56103],[-63.08334,-17.56102],[-63.08334,-17.56101],[-63.08333,-17.56101],[-63.08333,-17.561],[-63.08334,-17.561],[-63.08334,-17.56099],[-63.08334,-17.56098]]},"properties":{"description":"Acera","styleUrl":"#line5","stroke-opacity":1,"stroke":"#FF7F00","stroke-width":1,"name":"FONDO"}},
{"type":"Feature","geometry":{"type":"LineString","coordinates":[[-63.08327,-17.56097],[-63.08327,-17.56098],[-63.08327,-17.56099],[-63.08326,-17.56099],[-63.08326,-17.561],[-63.08325,-17.561],[-63.08325,-17.56101],[-63.08324,-17.56101],[-63.08324,-17.56102],[-63.08323,-17.56102],[-63.08323,-17.56103],[-63.08322,-17.56103],[-63.08321,-17.56103],[-63.0832,-17.56103],[-63.0832,-17.56104],[-63.08319,-17.56104],[-63.08318,-17.56104],[-63.08317,-17.56104],[-63.08316,-17.56104],[-63.08316,-17.56103]]},"properties":{"description":"Acera","styleUrl":"#line5","stroke-opacity":1,"stroke":"#FF7F00","stroke-width":1,"name":"FONDO"}},
{"type":"Feature","geometry":{"type":"LineString","coordinates":[[-63.08315,-17.5611],[-63.08316,-17.5611],[-63.08317,-17.5611],[-63.08317,-17.56111],[-63.08318,-17.56111],[-63.08318,-17.56112],[-63.08319,-17.56112],[-63.0832,-17.56112],[-63.0832,-17.56113],[-63.0832,-17.56114],[-63.08321,-17.56114],[-63.08321,-17.56115],[-63.08321,-17.56116],[-63.08322,-17.56116],[-63.08322,-17.56117],[-63.08322,-17.56118],[-63.08322,-17.56119],[-63.08322,-17.5612],[-63.08322,-17.56121]]},"properties":{"description":"Acera","styleUrl":"#line5","stroke-opacity":1,"stroke":"#FF7F00","stroke-width":1,"name":"FONDO"}},
{"type":"Feature","geometry":{"type":"LineString","coordinates":[[-63.08395,-17.56138],[-63.08395,-17.56137],[-63.08395,-17.56136],[-63.08396,-17.56136],[-63.08396,-17.56135],[-63.08396,-17.56134],[-63.08397,-17.56134],[-63.08397,-17.56133],[-63.08398,-17.56133],[-63.08398,-17.56132],[-63.08399,-17.56132],[-63.084,-17.56132],[-63.084,-17.56131],[-63.08401,-17.56131],[-63.08402,-17.56131],[-63.08403,-17.56131],[-63.08404,-17.56131],[-63.08404,-17.5613],[-63.08405,-17.5613],[-63.08405,-17.56131],[-63.08406,-17.56131]]},"properties":{"description":"Acera","styleUrl":"#line5","stroke-opacity":1,"stroke":"#FF7F00","stroke-width":1,"name":"FONDO"}},
{"type":"Feature","geometry":{"type":"LineString","coordinates":[[-63.08408,-17.56125],[-63.08407,-17.56124],[-63.08406,-17.56124],[-63.08405,-17.56124],[-63.08405,-17.56123],[-63.08404,-17.56123],[-63.08404,-17.56122],[-63.08403,-17.56122],[-63.08403,-17.56121],[-63.08402,-17.56121],[-63.08402,-17.5612],[-63.08401,-17.5612],[-63.08401,-17.56119],[-63.08401,-17.56118],[-63.08401,-17.56117],[-63.084,-17.56117],[-63.084,-17.56116],[-63.084,-17.56115],[-63.084,-17.56114],[-63.08401,-17.56114]]},"properties":{"description":"Acera","styleUrl":"#line5","stroke-opacity":1,"stroke":"#FF7F00","stroke-width":1,"name":"FONDO"}},
{"type":"Feature","geometry":{"type":"LineString","coordinates":[[-63.08394,-17.56112],[-63.08394,-17.56113],[-63.08394,-17.56114],[-63.08393,-17.56114],[-63.08393,-17.56115],[-63.08393,-17.56116],[-63.08392,-17.56116],[-63.08392,-17.56117],[-63.08391,-17.56117],[-63.0839,-17.56117],[-63.0839,-17.56118],[-63.08389,-17.56118],[-63.08388,-17.56118],[-63.08388,-17.56119],[-63.08387,-17.56119],[-63.08386,-17.56119],[-63.08385,-17.56119],[-63.08384,-17.56119],[-63.08383,-17.56119]]},"properties":{"description":"Acera","styleUrl":"#line5","stroke-opacity":1,"stroke":"#FF7F00","stroke-width":1,"name":"FONDO"}},
{"type":"Feature","geometry":{"type":"LineString","coordinates":[[-63.08382,-17.56125],[-63.08383,-17.56125],[-63.08383,-17.56126],[-63.08384,-17.56126],[-63.08385,-17.56126],[-63.08385,-17.56127],[-63.08386,-17.56127],[-63.08386,-17.56128],[-63.08387,-17.56128],[-63.08387,-17.56129],[-63.08388,-17.56129],[-63.08388,-17.5613],[-63.08388,-17.56131],[-63.08389,-17.56132],[-63.08389,-17.56133],[-63.08389,-17.56134],[-63.08389,-17.56135],[-63.08389,-17.56136]]},"properties":{"description":"Acera","styleUrl":"#line5","stroke-opacity":1,"stroke":"#FF7F00","stroke-width":1,"name":"FONDO"}},
{"type":"Feature","geometry":{"type":"LineString","coordinates":[[-63.0855,-17.56173],[-63.0855,-17.56172],[-63.0855,-17.56171],[-63.08551,-17.56171],[-63.08551,-17.5617],[-63.08552,-17.5617],[-63.08552,-17.56169],[-63.08553,-17.56169],[-63.08553,-17.56168],[-63.08554,-17.56168],[-63.08554,-17.56167],[-63.08555,-17.56167],[-63.08556,-17.56167],[-63.08556,-17.56166],[-63.08557,-17.56166],[-63.08558,-17.56166],[-63.08559,-17.56166],[-63.0856,-17.56166],[-63.08561,-17.56166]]},"properties":{"description":"Acera","styleUrl":"#line5","stroke-opacity":1,"stroke":"#FF7F00","stroke-width":1,"name":"FONDO"}},
{"type":"Feature","geometry":{"type":"LineString","coordinates":[[-63.08562,-17.5616],[-63.08561,-17.5616],[-63.08561,-17.56159],[-63.0856,-17.56159],[-63.08559,-17.56159],[-63.08559,-17.56158],[-63.08558,-17.56158],[-63.08558,-17.56157],[-63.08557,-17.56157],[-63.08557,-17.56156],[-63.08556,-17.56156],[-63.08556,-17.56155],[-63.08556,-17.56154],[-63.08556,-17.56153],[-63.08555,-17.56153],[-63.08555,-17.56152],[-63.08555,-17.56151],[-63.08555,-17.5615],[-63.08555,-17.56149],[-63.08556,-17.56149]]},"properties":{"description":"Acera","styleUrl":"#line5","stroke-opacity":1,"stroke":"#FF7F00","stroke-width":1,"name":"FONDO"}},
{"type":"Feature","geometry":{"type":"LineString","coordinates":[[-63.08549,-17.56148],[-63.08549,-17.56149],[-63.08548,-17.56149],[-63.08548,-17.5615],[-63.08548,-17.56151],[-63.08547,-17.56151],[-63.08547,-17.56152],[-63.08546,-17.56152],[-63.08546,-17.56153],[-63.08545,-17.56153],[-63.08545,-17.56154],[-63.08544,-17.56154],[-63.08543,-17.56154],[-63.08542,-17.56154],[-63.08542,-17.56155],[-63.08541,-17.56155],[-63.0854,-17.56155],[-63.08539,-17.56155],[-63.08538,-17.56155],[-63.08538,-17.56154]]},"properties":{"description":"Acera","styleUrl":"#line5","stroke-opacity":1,"stroke":"#FF7F00","stroke-width":1,"name":"FONDO"}},
{"type":"Feature","geometry":{"type":"LineString","coordinates":[[-63.08536,-17.56161],[-63.08537,-17.56161],[-63.08538,-17.56161],[-63.08539,-17.56161],[-63.08539,-17.56162],[-63.0854,-17.56162],[-63.0854,-17.56163],[-63.08541,-17.56163],[-63.08541,-17.56164],[-63.08542,-17.56164],[-63.08542,-17.56165],[-63.08543,-17.56165],[-63.08543,-17.56166],[-63.08543,-17.56167],[-63.08543,-17.56168],[-63.08544,-17.56168],[-63.08544,-17.56169],[-63.08544,-17.5617],[-63.08544,-17.56171],[-63.08543,-17.56171]]},"properties":{"description":"Acera","styleUrl":"#line5","stroke-opacity":1,"stroke":"#FF7F00","stroke-width":1,"name":"FONDO"}},
{"type":"Feature","geometry":{"type":"LineString","coordinates":[[-63.08617,-17.56188],[-63.08617,-17.56187],[-63.08617,-17.56186],[-63.08618,-17.56186],[-63.08618,-17.56185],[-63.08619,-17.56185],[-63.08619,-17.56184],[-63.0862,-17.56184],[-63.0862,-17.56183],[-63.08621,-17.56183],[-63.08621,-17.56182],[-63.08622,-17.56182],[-63.08623,-17.56182],[-63.08624,-17.56182],[-63.08625,-17.56181],[-63.08626,-17.56181],[-63.08627,-17.56181],[-63.08627,-17.56182],[-63.08628,-17.56182]]},"properties":{"description":"Acera","styleUrl":"#line5","stroke-opacity":1,"stroke":"#FF7F00","stroke-width":1,"name":"FONDO"}},
{"type":"Feature","geometry":{"type":"LineString","coordinates":[[-63.08629,-17.56175],[-63.08628,-17.56175],[-63.08627,-17.56175],[-63.08627,-17.56174],[-63.08626,-17.56174],[-63.08625,-17.56174],[-63.08625,-17.56173],[-63.08624,-17.56173],[-63.08624,-17.56172],[-63.08624,-17.56171],[-63.08623,-17.56171],[-63.08623,-17.5617],[-63.08623,-17.56169],[-63.08622,-17.56169],[-63.08622,-17.56168],[-63.08622,-17.56167],[-63.08622,-17.56166],[-63.08622,-17.56165]]},"properties":{"description":"Acera","styleUrl":"#line5","stroke-opacity":1,"stroke":"#FF7F00","stroke-width":1,"name":"FONDO"}},
{"type":"Feature","geometry":{"type":"LineString","coordinates":[[-63.08616,-17.56163],[-63.08616,-17.56164],[-63.08615,-17.56165],[-63.08615,-17.56166],[-63.08614,-17.56166],[-63.08614,-17.56167],[-63.08613,-17.56167],[-63.08613,-17.56168],[-63.08612,-17.56168],[-63.08612,-17.56169],[-63.08611,-17.56169],[-63.0861,-17.56169],[-63.0861,-17.5617],[-63.08609,-17.5617],[-63.08608,-17.5617],[-63.08607,-17.5617],[-63.08606,-17.5617],[-63.08605,-17.5617]]},"properties":{"description":"Acera","styleUrl":"#line5","stroke-opacity":1,"stroke":"#FF7F00","stroke-width":1,"name":"FONDO"}},
{"type":"Feature","geometry":{"type":"LineString","coordinates":[[-63.08603,-17.56176],[-63.08604,-17.56176],[-63.08605,-17.56176],[-63.08605,-17.56177],[-63.08606,-17.56177],[-63.08607,-17.56177],[-63.08607,-17.56178],[-63.08608,-17.56178],[-63.08608,-17.56179],[-63.08609,-17.56179],[-63.08609,-17.5618],[-63.0861,-17.56181],[-63.0861,-17.56182],[-63.0861,-17.56183],[-63.08611,-17.56183],[-63.08611,-17.56184],[-63.08611,-17.56185],[-63.08611,-17.56186],[-63.0861,-17.56186],[-63.0861,-17.56187]]},"properties":{"description":"Acera","styleUrl":"#line5","stroke-opacity":1,"stroke":"#FF7F00","stroke-width":1,"name":"FONDO"}},
{"type":"Feature","geometry":{"type":"LineString","coordinates":[[-63.08617,-17.5622],[-63.08828,-17.56307]]},"properties":{"description":"Acera","styleUrl":"#line5","stroke-opacity":1,"stroke":"#FF7F00","stroke-width":1,"name":"FONDO"}},
{"type":"Feature","geometry":{"type":"LineString","coordinates":[[-63.08619,-17.56228],[-63.0883,-17.56315]]},"properties":{"description":"Acera","styleUrl":"#line5","stroke-opacity":1,"stroke":"#FF7F00","stroke-width":1,"name":"FONDO"}},
{"type":"Feature","geometry":{"type":"LineString","coordinates":[[-63.08602,-17.56286],[-63.08812,-17.56372]]},"properties":{"description":"Acera","styleUrl":"#line5","stroke-opacity":1,"stroke":"#FF7F00","stroke-width":1,"name":"FONDO"}},
{"type":"Feature","geometry":{"type":"LineString","coordinates":[[-63.08603,-17.56293],[-63.08814,-17.5638]]},"properties":{"description":"Acera","styleUrl":"#line5","stroke-opacity":1,"stroke":"#FF7F00","stroke-width":1,"name":"FONDO"}},
{"type":"Feature","geometry":{"type":"LineString","coordinates":[[-63.08612,-17.5621],[-63.08617,-17.56188]]},"properties":{"description":"Acera","styleUrl":"#line5","stroke-opacity":1,"stroke":"#FF7F00","stroke-width":1,"name":"FONDO"}},
{"type":"Feature","geometry":{"type":"LineString","coordinates":[[-63.08596,-17.56275],[-63.08606,-17.56234]]},"properties":{"description":"Acera","styleUrl":"#line5","stroke-opacity":1,"stroke":"#FF7F00","stroke-width":1,"name":"FONDO"}},
{"type":"Feature","geometry":{"type":"LineString","coordinates":[[-63.0859,-17.56299],[-63.08591,-17.56299],[-63.08591,-17.56298],[-63.08591,-17.56297],[-63.08592,-17.56297],[-63.08592,-17.56296],[-63.08592,-17.56295],[-63.08593,-17.56295],[-63.08593,-17.56294],[-63.08594,-17.56294],[-63.08595,-17.56294],[-63.08595,-17.56293],[-63.08596,-17.56293],[-63.08597,-17.56293],[-63.08598,-17.56293],[-63.08598,-17.56292],[-63.08599,-17.56292],[-63.086,-17.56292],[-63.08601,-17.56292],[-63.08601,-17.56293],[-63.08602,-17.56293],[-63.08603,-17.56293]]},"properties":{"description":"Acera","styleUrl":"#line5","stroke-opacity":1,"stroke":"#FF7F00","stroke-width":1,"name":"FONDO"}},
{"type":"Feature","geometry":{"type":"LineString","coordinates":[[-63.08602,-17.56286],[-63.08601,-17.56286],[-63.08601,-17.56285],[-63.086,-17.56285],[-63.086,-17.56284],[-63.08599,-17.56284],[-63.08598,-17.56284],[-63.08598,-17.56283],[-63.08598,-17.56282],[-63.08597,-17.56282],[-63.08597,-17.56281],[-63.08596,-17.56281],[-63.08596,-17.5628],[-63.08596,-17.56279],[-63.08596,-17.56278],[-63.08596,-17.56277],[-63.08596,-17.56276],[-63.08596,-17.56275]]},"properties":{"description":"Acera","styleUrl":"#line5","stroke-opacity":1,"stroke":"#FF7F00","stroke-width":1,"name":"FONDO"}},
{"type":"Feature","geometry":{"type":"LineString","coordinates":[[-63.08606,-17.56234],[-63.08606,-17.56233],[-63.08606,-17.56232],[-63.08607,-17.56232],[-63.08607,-17.56231],[-63.08608,-17.56231],[-63.08608,-17.5623],[-63.08609,-17.5623],[-63.08609,-17.56229],[-63.0861,-17.56229],[-63.0861,-17.56228],[-63.08611,-17.56228],[-63.08612,-17.56228],[-63.08612,-17.56227],[-63.08613,-17.56227],[-63.08614,-17.56227],[-63.08615,-17.56227],[-63.08616,-17.56227],[-63.08617,-17.56227],[-63.08618,-17.56227],[-63.08618,-17.56228],[-63.08619,-17.56228]]},"properties":{"description":"Acera","styleUrl":"#line5","stroke-opacity":1,"stroke":"#FF7F00","stroke-width":1,"name":"FONDO"}},
{"type":"Feature","geometry":{"type":"LineString","coordinates":[[-63.08617,-17.5622],[-63.08616,-17.5622],[-63.08616,-17.56219],[-63.08615,-17.56219],[-63.08614,-17.56219],[-63.08614,-17.56218],[-63.08613,-17.56217],[-63.08613,-17.56216],[-63.08612,-17.56216],[-63.08612,-17.56215],[-63.08612,-17.56214],[-63.08612,-17.56213],[-63.08611,-17.56213],[-63.08611,-17.56212],[-63.08611,-17.56211],[-63.08612,-17.56211],[-63.08612,-17.5621]]},"properties":{"description":"Acera","styleUrl":"#line5","stroke-opacity":1,"stroke":"#FF7F00","stroke-width":1,"name":"FONDO"}},
{"type":"Feature","geometry":{"type":"LineString","coordinates":[[-63.08836,-17.56327],[-63.08827,-17.56365]]},"properties":{"description":"Acera","styleUrl":"#line5","stroke-opacity":1,"stroke":"#FF7F00","stroke-width":1,"name":"FONDO"}},
{"type":"Feature","geometry":{"type":"LineString","coordinates":[[-63.0882,-17.56392],[-63.0881,-17.56434]]},"properties":{"description":"Acera","styleUrl":"#line5","stroke-opacity":1,"stroke":"#FF7F00","stroke-width":1,"name":"FONDO"}},
{"type":"Feature","geometry":{"type":"LineString","coordinates":[[-63.08814,-17.5638],[-63.08815,-17.5638],[-63.08815,-17.56381],[-63.08816,-17.56381],[-63.08817,-17.56382],[-63.08818,-17.56383],[-63.08818,-17.56384],[-63.08819,-17.56384],[-63.08819,-17.56385],[-63.08819,-17.56386],[-63.0882,-17.56386],[-63.0882,-17.56387],[-63.0882,-17.56388],[-63.0882,-17.56389],[-63.0882,-17.5639],[-63.0882,-17.56391],[-63.0882,-17.56392]]},"properties":{"description":"Acera","styleUrl":"#line5","stroke-opacity":1,"stroke":"#FF7F00","stroke-width":1,"name":"FONDO"}},
{"type":"Feature","geometry":{"type":"LineString","coordinates":[[-63.08827,-17.56365],[-63.08827,-17.56366],[-63.08826,-17.56366],[-63.08826,-17.56367],[-63.08826,-17.56368],[-63.08825,-17.56368],[-63.08825,-17.56369],[-63.08824,-17.56369],[-63.08824,-17.5637],[-63.08823,-17.5637],[-63.08823,-17.56371],[-63.08822,-17.56371],[-63.08821,-17.56372],[-63.0882,-17.56372],[-63.08819,-17.56372],[-63.08819,-17.56373],[-63.08818,-17.56373],[-63.08817,-17.56373],[-63.08816,-17.56373],[-63.08815,-17.56373],[-63.08814,-17.56373],[-63.08813,-17.56373],[-63.08813,-17.56372],[-63.08812,-17.56372]]},"properties":{"description":"Acera","styleUrl":"#line5","stroke-opacity":1,"stroke":"#FF7F00","stroke-width":1,"name":"FONDO"}},
{"type":"Feature","geometry":{"type":"LineString","coordinates":[[-63.0883,-17.56315],[-63.08831,-17.56315],[-63.08831,-17.56316],[-63.08832,-17.56316],[-63.08833,-17.56316],[-63.08833,-17.56317],[-63.08834,-17.56317],[-63.08834,-17.56318],[-63.08835,-17.56318],[-63.08835,-17.56319],[-63.08835,-17.5632],[-63.08836,-17.5632],[-63.08836,-17.56321],[-63.08836,-17.56322],[-63.08836,-17.56323],[-63.08837,-17.56323],[-63.08837,-17.56324],[-63.08837,-17.56325],[-63.08837,-17.56326],[-63.08836,-17.56326],[-63.08836,-17.56327]]},"properties":{"description":"Acera","styleUrl":"#line5","stroke-opacity":1,"stroke":"#FF7F00","stroke-width":1,"name":"FONDO"}},
{"type":"Feature","geometry":{"type":"LineString","coordinates":[[-63.08843,-17.56299],[-63.08843,-17.563],[-63.08843,-17.56301],[-63.08842,-17.56301],[-63.08842,-17.56302],[-63.08842,-17.56303],[-63.08841,-17.56303],[-63.08841,-17.56304],[-63.0884,-17.56304],[-63.0884,-17.56305],[-63.08839,-17.56305],[-63.08839,-17.56306],[-63.08838,-17.56306],[-63.08838,-17.56307],[-63.08837,-17.56307],[-63.08836,-17.56307],[-63.08835,-17.56307],[-63.08835,-17.56308],[-63.08834,-17.56308],[-63.08833,-17.56308],[-63.08832,-17.56308],[-63.08831,-17.56308],[-63.0883,-17.56308],[-63.0883,-17.56307],[-63.08829,-17.56307],[-63.08828,-17.56307]]},"properties":{"description":"Acera","styleUrl":"#line5","stroke-opacity":1,"stroke":"#FF7F00","stroke-width":1,"name":"FONDO"}},
{"type":"Feature","geometry":{"type":"LineString","coordinates":[[-63.08751,-17.56128],[-63.08646,-17.56104]]},"properties":{"description":"Acera","styleUrl":"#line5","stroke-opacity":1,"stroke":"#FF7F00","stroke-width":1,"name":"FONDO"}},
{"type":"Feature","geometry":{"type":"LineString","coordinates":[[-63.08756,-17.56136],[-63.08645,-17.5611]]},"properties":{"description":"Acera","styleUrl":"#line5","stroke-opacity":1,"stroke":"#FF7F00","stroke-width":1,"name":"FONDO"}},
{"type":"Feature","geometry":{"type":"LineString","coordinates":[[-63.08663,-17.56033],[-63.08731,-17.56048]]},"properties":{"description":"Acera","styleUrl":"#line5","stroke-opacity":1,"stroke":"#FF7F00","stroke-width":1,"name":"FONDO"}},
{"type":"Feature","geometry":{"type":"LineString","coordinates":[[-63.08662,-17.56039],[-63.08731,-17.56055]]},"properties":{"description":"Acera","styleUrl":"#line5","stroke-opacity":1,"stroke":"#FF7F00","stroke-width":1,"name":"FONDO"}},
{"type":"Feature","geometry":{"type":"LineString","coordinates":[[-63.0868,-17.55961],[-63.08736,-17.55974]]},"properties":{"description":"Acera","styleUrl":"#line5","stroke-opacity":1,"stroke":"#FF7F00","stroke-width":1,"name":"FONDO"}},
{"type":"Feature","geometry":{"type":"LineString","coordinates":[[-63.08679,-17.55968],[-63.08735,-17.5598]]},"properties":{"description":"Acera","styleUrl":"#line5","stroke-opacity":1,"stroke":"#FF7F00","stroke-width":1,"name":"FONDO"}},
{"type":"Feature","geometry":{"type":"LineString","coordinates":[[-63.08696,-17.55896],[-63.0874,-17.55906]]},"properties":{"description":"Acera","styleUrl":"#line5","stroke-opacity":1,"stroke":"#FF7F00","stroke-width":1,"name":"FONDO"}},
{"type":"Feature","geometry":{"type":"LineString","coordinates":[[-63.08697,-17.5589],[-63.0874,-17.559]]},"properties":{"description":"Acera","styleUrl":"#line5","stroke-opacity":1,"stroke":"#FF7F00","stroke-width":1,"name":"FONDO"}},
{"type":"Feature","geometry":{"type":"LineString","coordinates":[[-63.08713,-17.55825],[-63.08745,-17.55832]]},"properties":{"description":"Acera","styleUrl":"#line5","stroke-opacity":1,"stroke":"#FF7F00","stroke-width":1,"name":"FONDO"}},
{"type":"Feature","geometry":{"type":"LineString","coordinates":[[-63.08714,-17.55819],[-63.08745,-17.55826]]},"properties":{"description":"Acera","styleUrl":"#line5","stroke-opacity":1,"stroke":"#FF7F00","stroke-width":1,"name":"FONDO"}},
{"type":"Feature","geometry":{"type":"LineString","coordinates":[[-63.0873,-17.55753],[-63.08749,-17.55758]]},"properties":{"description":"Acera","styleUrl":"#line5","stroke-opacity":1,"stroke":"#FF7F00","stroke-width":1,"name":"FONDO"}},
{"type":"Feature","geometry":{"type":"LineString","coordinates":[[-63.08673,-17.5595],[-63.08685,-17.55903]]},"properties":{"description":"Acera","styleUrl":"#line5","stroke-opacity":1,"stroke":"#FF7F00","stroke-width":1,"name":"FONDO"}},
{"type":"Feature","geometry":{"type":"LineString","coordinates":[[-63.08639,-17.56093],[-63.08651,-17.56046]]},"properties":{"description":"Acera","styleUrl":"#line5","stroke-opacity":1,"stroke":"#FF7F00","stroke-width":1,"name":"FONDO"}},
{"type":"Feature","geometry":{"type":"LineString","coordinates":[[-63.08634,-17.56117],[-63.08634,-17.56116],[-63.08634,-17.56115],[-63.08635,-17.56115],[-63.08635,-17.56114],[-63.08636,-17.56113],[-63.08636,-17.56112],[-63.08637,-17.56112],[-63.08638,-17.56112],[-63.08638,-17.56111],[-63.08639,-17.56111],[-63.0864,-17.56111],[-63.0864,-17.5611],[-63.08641,-17.5611],[-63.08642,-17.5611],[-63.08643,-17.5611],[-63.08644,-17.5611],[-63.08645,-17.5611]]},"properties":{"description":"Acera","styleUrl":"#line5","stroke-opacity":1,"stroke":"#FF7F00","stroke-width":1,"name":"FONDO"}},
{"type":"Feature","geometry":{"type":"LineString","coordinates":[[-63.08646,-17.56104],[-63.08645,-17.56104],[-63.08645,-17.56103],[-63.08644,-17.56103],[-63.08643,-17.56103],[-63.08643,-17.56102],[-63.08642,-17.56102],[-63.08642,-17.56101],[-63.08641,-17.56101],[-63.08641,-17.561],[-63.0864,-17.561],[-63.0864,-17.56099],[-63.0864,-17.56098],[-63.08639,-17.56098],[-63.08639,-17.56097],[-63.08639,-17.56096],[-63.08639,-17.56095],[-63.08639,-17.56094],[-63.08639,-17.56093]]},"properties":{"description":"Acera","styleUrl":"#line5","stroke-opacity":1,"stroke":"#FF7F00","stroke-width":1,"name":"FONDO"}},
{"type":"Feature","geometry":{"type":"LineString","coordinates":[[-63.08651,-17.56046],[-63.08651,-17.56045],[-63.08651,-17.56044],[-63.08652,-17.56044],[-63.08652,-17.56043],[-63.08652,-17.56042],[-63.08653,-17.56042],[-63.08653,-17.56041],[-63.08654,-17.56041],[-63.08654,-17.5604],[-63.08655,-17.5604],[-63.08656,-17.5604],[-63.08656,-17.56039],[-63.08657,-17.56039],[-63.08658,-17.56039],[-63.08659,-17.56039],[-63.0866,-17.56039],[-63.08661,-17.56039],[-63.08662,-17.56039]]},"properties":{"description":"Acera","styleUrl":"#line5","stroke-opacity":1,"stroke":"#FF7F00","stroke-width":1,"name":"FONDO"}},
{"type":"Feature","geometry":{"type":"LineString","coordinates":[[-63.08663,-17.56033],[-63.08663,-17.56032],[-63.08662,-17.56032],[-63.08661,-17.56032],[-63.0866,-17.56031],[-63.08659,-17.56031],[-63.08659,-17.5603],[-63.08658,-17.5603],[-63.08658,-17.56029],[-63.08657,-17.56028],[-63.08657,-17.56027],[-63.08657,-17.56026],[-63.08656,-17.56026],[-63.08656,-17.56025],[-63.08656,-17.56024],[-63.08656,-17.56023],[-63.08656,-17.56022]]},"properties":{"description":"Acera","styleUrl":"#line5","stroke-opacity":1,"stroke":"#FF7F00","stroke-width":1,"name":"FONDO"}},
{"type":"Feature","geometry":{"type":"LineString","coordinates":[[-63.0868,-17.55961],[-63.08679,-17.55961],[-63.08678,-17.55961],[-63.08678,-17.5596],[-63.08677,-17.5596],[-63.08677,-17.55959],[-63.08676,-17.55959],[-63.08676,-17.55958],[-63.08675,-17.55958],[-63.08675,-17.55957],[-63.08674,-17.55957],[-63.08674,-17.55956],[-63.08674,-17.55955],[-63.08673,-17.55955],[-63.08673,-17.55954],[-63.08673,-17.55953],[-63.08673,-17.55952],[-63.08673,-17.55951],[-63.08673,-17.5595]]},"properties":{"description":"Acera","styleUrl":"#line5","stroke-opacity":1,"stroke":"#FF7F00","stroke-width":1,"name":"FONDO"}},
{"type":"Feature","geometry":{"type":"LineString","coordinates":[[-63.08656,-17.56022],[-63.08668,-17.55974]]},"properties":{"description":"Acera","styleUrl":"#line5","stroke-opacity":1,"stroke":"#FF7F00","stroke-width":1,"name":"FONDO"}},
{"type":"Feature","geometry":{"type":"LineString","coordinates":[[-63.08668,-17.55974],[-63.08668,-17.55973],[-63.08668,-17.55972],[-63.08669,-17.55972],[-63.08669,-17.55971],[-63.0867,-17.55971],[-63.0867,-17.5597],[-63.08671,-17.5597],[-63.08671,-17.55969],[-63.08672,-17.55969],[-63.08672,-17.55968],[-63.08673,-17.55968],[-63.08674,-17.55968],[-63.08675,-17.55968],[-63.08675,-17.55967],[-63.08676,-17.55967],[-63.08677,-17.55967],[-63.08678,-17.55967],[-63.08679,-17.55967],[-63.08679,-17.55968]]},"properties":{"description":"Acera","styleUrl":"#line5","stroke-opacity":1,"stroke":"#FF7F00","stroke-width":1,"name":"FONDO"}},
{"type":"Feature","geometry":{"type":"LineString","coordinates":[[-63.08669,-17.5594],[-63.08725,-17.55706]]},"properties":{"description":"Acera","styleUrl":"#line5","stroke-opacity":1,"stroke":"#FF7F00","stroke-width":1,"name":"FONDO"}},
{"type":"Feature","geometry":{"type":"LineString","coordinates":[[-63.08656,-17.55953],[-63.08657,-17.55953],[-63.08658,-17.55953],[-63.08659,-17.55953],[-63.08659,-17.55954],[-63.0866,-17.55954],[-63.0866,-17.55955],[-63.08661,-17.55955],[-63.08661,-17.55956],[-63.08662,-17.55956],[-63.08662,-17.55957],[-63.08663,-17.55957],[-63.08663,-17.55958],[-63.08663,-17.55959],[-63.08664,-17.55959],[-63.08664,-17.5596],[-63.08664,-17.55961],[-63.08664,-17.55962],[-63.08664,-17.55963],[-63.08664,-17.55964]]},"properties":{"description":"Acera","styleUrl":"#line5","stroke-opacity":1,"stroke":"#FF7F00","stroke-width":1,"name":"FONDO"}},
{"type":"Feature","geometry":{"type":"LineString","coordinates":[[-63.08669,-17.5594],[-63.08669,-17.55941],[-63.08669,-17.55942],[-63.08668,-17.55942],[-63.08668,-17.55943],[-63.08667,-17.55943],[-63.08667,-17.55944],[-63.08666,-17.55944],[-63.08666,-17.55945],[-63.08665,-17.55945],[-63.08665,-17.55946],[-63.08664,-17.55946],[-63.08663,-17.55946],[-63.08663,-17.55947],[-63.08662,-17.55947],[-63.08661,-17.55947],[-63.0866,-17.55947],[-63.08659,-17.55947],[-63.08658,-17.55947]]},"properties":{"description":"Acera","styleUrl":"#line5","stroke-opacity":1,"stroke":"#FF7F00","stroke-width":1,"name":"FONDO"}},
{"type":"Feature","geometry":{"type":"LineString","coordinates":[[-63.08616,-17.55938],[-63.08658,-17.55947]]},"properties":{"description":"Acera","styleUrl":"#line5","stroke-opacity":1,"stroke":"#FF7F00","stroke-width":1,"name":"FONDO"}},
{"type":"Feature","geometry":{"type":"LineString","coordinates":[[-63.08614,-17.55944],[-63.08656,-17.55953]]},"properties":{"description":"Acera","styleUrl":"#line5","stroke-opacity":1,"stroke":"#FF7F00","stroke-width":1,"name":"FONDO"}},
{"type":"Feature","geometry":{"type":"LineString","coordinates":[[-63.08602,-17.55925],[-63.08658,-17.55692]]},"properties":{"description":"Acera","styleUrl":"#line5","stroke-opacity":1,"stroke":"#FF7F00","stroke-width":1,"name":"FONDO"}},
{"type":"Feature","geometry":{"type":"LineString","coordinates":[[-63.08609,-17.55927],[-63.08664,-17.55693]]},"properties":{"description":"Acera","styleUrl":"#line5","stroke-opacity":1,"stroke":"#FF7F00","stroke-width":1,"name":"FONDO"}},
{"type":"Feature","geometry":{"type":"LineString","coordinates":[[-63.08603,-17.55951],[-63.08603,-17.5595],[-63.08603,-17.55949],[-63.08604,-17.55949],[-63.08604,-17.55948],[-63.08604,-17.55947],[-63.08605,-17.55947],[-63.08605,-17.55946],[-63.08606,-17.55946],[-63.08606,-17.55945],[-63.08607,-17.55945],[-63.08608,-17.55945],[-63.08608,-17.55944],[-63.08609,-17.55944],[-63.0861,-17.55944],[-63.08611,-17.55944],[-63.08612,-17.55944],[-63.08613,-17.55944],[-63.08614,-17.55944]]},"properties":{"description":"Acera","styleUrl":"#line5","stroke-opacity":1,"stroke":"#FF7F00","stroke-width":1,"name":"FONDO"}},
{"type":"Feature","geometry":{"type":"LineString","coordinates":[[-63.08616,-17.55938],[-63.08615,-17.55938],[-63.08615,-17.55937],[-63.08614,-17.55937],[-63.08613,-17.55937],[-63.08613,-17.55936],[-63.08612,-17.55936],[-63.08611,-17.55936],[-63.08611,-17.55935],[-63.0861,-17.55935],[-63.0861,-17.55934],[-63.0861,-17.55933],[-63.08609,-17.55933],[-63.08609,-17.55932],[-63.08609,-17.55931],[-63.08608,-17.55931],[-63.08608,-17.5593],[-63.08608,-17.55929],[-63.08608,-17.55928],[-63.08608,-17.55927],[-63.08609,-17.55927]]},"properties":{"description":"Acera","styleUrl":"#line5","stroke-opacity":1,"stroke":"#FF7F00","stroke-width":1,"name":"FONDO"}},
{"type":"Feature","geometry":{"type":"LineString","coordinates":[[-63.08602,-17.55925],[-63.08602,-17.55926],[-63.08602,-17.55927],[-63.08601,-17.55927],[-63.08601,-17.55928],[-63.08601,-17.55929],[-63.086,-17.55929],[-63.086,-17.5593],[-63.08599,-17.5593],[-63.08599,-17.55931],[-63.08598,-17.55931],[-63.08597,-17.55931],[-63.08597,-17.55932],[-63.08596,-17.55932],[-63.08595,-17.55932],[-63.08594,-17.55932],[-63.08593,-17.55932],[-63.08592,-17.55932],[-63.08591,-17.55932]]},"properties":{"description":"Acera","styleUrl":"#line5","stroke-opacity":1,"stroke":"#FF7F00","stroke-width":1,"name":"FONDO"}},
{"type":"Feature","geometry":{"type":"LineString","coordinates":[[-63.08589,-17.55938],[-63.0859,-17.55938],[-63.0859,-17.55939],[-63.08591,-17.55939],[-63.08592,-17.55939],[-63.08592,-17.5594],[-63.08593,-17.5594],[-63.08593,-17.55941],[-63.08594,-17.55941],[-63.08595,-17.55942],[-63.08595,-17.55943],[-63.08596,-17.55943],[-63.08596,-17.55944],[-63.08596,-17.55945],[-63.08596,-17.55946],[-63.08597,-17.55946],[-63.08597,-17.55947],[-63.08597,-17.55948],[-63.08597,-17.55949],[-63.08596,-17.55949]]},"properties":{"description":"Acera","styleUrl":"#line5","stroke-opacity":1,"stroke":"#FF7F00","stroke-width":1,"name":"FONDO"}},
{"type":"Feature","geometry":{"type":"LineString","coordinates":[[-63.08707,-17.55808],[-63.08719,-17.5576]]},"properties":{"description":"Acera","styleUrl":"#line5","stroke-opacity":1,"stroke":"#FF7F00","stroke-width":1,"name":"FONDO"}},
{"type":"Feature","geometry":{"type":"LineString","coordinates":[[-63.0869,-17.55879],[-63.08702,-17.55832]]},"properties":{"description":"Acera","styleUrl":"#line5","stroke-opacity":1,"stroke":"#FF7F00","stroke-width":1,"name":"FONDO"}},
{"type":"Feature","geometry":{"type":"LineString","coordinates":[[-63.08685,-17.55903],[-63.08685,-17.55902],[-63.08685,-17.55901],[-63.08686,-17.55901],[-63.08686,-17.559],[-63.08686,-17.55899],[-63.08687,-17.55899],[-63.08687,-17.55898],[-63.08688,-17.55898],[-63.08689,-17.55898],[-63.08689,-17.55897],[-63.0869,-17.55897],[-63.08691,-17.55897],[-63.08691,-17.55896],[-63.08692,-17.55896],[-63.08693,-17.55896],[-63.08694,-17.55896],[-63.08695,-17.55896],[-63.08696,-17.55896]]},"properties":{"description":"Acera","styleUrl":"#line5","stroke-opacity":1,"stroke":"#FF7F00","stroke-width":1,"name":"FONDO"}},
{"type":"Feature","geometry":{"type":"LineString","coordinates":[[-63.08697,-17.5589],[-63.08696,-17.5589],[-63.08696,-17.55889],[-63.08695,-17.55889],[-63.08694,-17.55889],[-63.08694,-17.55888],[-63.08693,-17.55888],[-63.08693,-17.55887],[-63.08692,-17.55887],[-63.08692,-17.55886],[-63.08691,-17.55886],[-63.08691,-17.55885],[-63.08691,-17.55884],[-63.08691,-17.55883],[-63.0869,-17.55883],[-63.0869,-17.55882],[-63.0869,-17.55881],[-63.0869,-17.5588],[-63.0869,-17.55879]]},"properties":{"description":"Acera","styleUrl":"#line5","stroke-opacity":1,"stroke":"#FF7F00","stroke-width":1,"name":"FONDO"}},
{"type":"Feature","geometry":{"type":"LineString","coordinates":[[-63.08702,-17.55832],[-63.08702,-17.55831],[-63.08702,-17.5583],[-63.08703,-17.55829],[-63.08703,-17.55828],[-63.08704,-17.55828],[-63.08704,-17.55827],[-63.08705,-17.55827],[-63.08705,-17.55826],[-63.08706,-17.55826],[-63.08707,-17.55826],[-63.08707,-17.55825],[-63.08708,-17.55825],[-63.08709,-17.55825],[-63.0871,-17.55825],[-63.08711,-17.55825],[-63.08711,-17.55824],[-63.08711,-17.55825],[-63.08712,-17.55825],[-63.08713,-17.55825]]},"properties":{"description":"Acera","styleUrl":"#line5","stroke-opacity":1,"stroke":"#FF7F00","stroke-width":1,"name":"FONDO"}},
{"type":"Feature","geometry":{"type":"LineString","coordinates":[[-63.08714,-17.55819],[-63.08714,-17.55818],[-63.08713,-17.55818],[-63.08712,-17.55818],[-63.08712,-17.55817],[-63.08711,-17.55817],[-63.0871,-17.55817],[-63.0871,-17.55816],[-63.08709,-17.55816],[-63.08709,-17.55815],[-63.08709,-17.55814],[-63.08708,-17.55814],[-63.08708,-17.55813],[-63.08708,-17.55812],[-63.08707,-17.55812],[-63.08707,-17.55811],[-63.08707,-17.5581],[-63.08707,-17.55809],[-63.08707,-17.55808]]},"properties":{"description":"Acera","styleUrl":"#line5","stroke-opacity":1,"stroke":"#FF7F00","stroke-width":1,"name":"FONDO"}},
{"type":"Feature","geometry":{"type":"LineString","coordinates":[[-63.08719,-17.5576],[-63.08719,-17.55759],[-63.08719,-17.55758],[-63.0872,-17.55758],[-63.0872,-17.55757],[-63.08721,-17.55757],[-63.08721,-17.55756],[-63.08722,-17.55756],[-63.08722,-17.55755],[-63.08723,-17.55755],[-63.08723,-17.55754],[-63.08724,-17.55754],[-63.08725,-17.55754],[-63.08725,-17.55753],[-63.08726,-17.55753],[-63.08727,-17.55753],[-63.08728,-17.55753],[-63.08729,-17.55753],[-63.0873,-17.55753]]},"properties":{"description":"Acera","styleUrl":"#line5","stroke-opacity":1,"stroke":"#FF7F00","stroke-width":1,"name":"FONDO"}},
{"type":"Feature","geometry":{"type":"LineString","coordinates":[[-63.08718,-17.55695],[-63.08718,-17.55696],[-63.08719,-17.55696],[-63.0872,-17.55696],[-63.0872,-17.55697],[-63.08721,-17.55697],[-63.08722,-17.55697],[-63.08722,-17.55698],[-63.08723,-17.55698],[-63.08723,-17.55699],[-63.08724,-17.55699],[-63.08724,-17.557],[-63.08724,-17.55701],[-63.08725,-17.55701],[-63.08725,-17.55702],[-63.08725,-17.55703],[-63.08725,-17.55704],[-63.08725,-17.55705],[-63.08725,-17.55706]]},"properties":{"description":"Acera","styleUrl":"#line5","stroke-opacity":1,"stroke":"#FF7F00","stroke-width":1,"name":"FONDO"}},
{"type":"Feature","geometry":{"type":"LineString","coordinates":[[-63.08675,-17.55686],[-63.08718,-17.55695]]},"properties":{"description":"Acera","styleUrl":"#line5","stroke-opacity":1,"stroke":"#FF7F00","stroke-width":1,"name":"FONDO"}},
{"type":"Feature","geometry":{"type":"LineString","coordinates":[[-63.08663,-17.55668],[-63.08723,-17.55419]]},"properties":{"description":"Acera","styleUrl":"#line5","stroke-opacity":1,"stroke":"#FF7F00","stroke-width":1,"name":"FONDO"}},
{"type":"Feature","geometry":{"type":"LineString","coordinates":[[-63.08677,-17.5568],[-63.0875,-17.55696]]},"properties":{"description":"Acera","styleUrl":"#line5","stroke-opacity":1,"stroke":"#FF7F00","stroke-width":1,"name":"FONDO"}},
{"type":"Feature","geometry":{"type":"LineString","coordinates":[[-63.0867,-17.55669],[-63.08729,-17.5542]]},"properties":{"description":"Acera","styleUrl":"#line5","stroke-opacity":1,"stroke":"#FF7F00","stroke-width":1,"name":"FONDO"}},
{"type":"Feature","geometry":{"type":"LineString","coordinates":[[-63.08522,-17.55647],[-63.08571,-17.55658]]},"properties":{"description":"Acera","styleUrl":"#line5","stroke-opacity":1,"stroke":"#FF7F00","stroke-width":1,"name":"FONDO"}},
{"type":"Feature","geometry":{"type":"LineString","coordinates":[[-63.08508,-17.55635],[-63.08567,-17.55386]]},"properties":{"description":"Acera","styleUrl":"#line5","stroke-opacity":1,"stroke":"#FF7F00","stroke-width":1,"name":"FONDO"}},
{"type":"Feature","geometry":{"type":"LineString","coordinates":[[-63.0852,-17.55653],[-63.0857,-17.55664]]},"properties":{"description":"Acera","styleUrl":"#line5","stroke-opacity":1,"stroke":"#FF7F00","stroke-width":1,"name":"FONDO"}},
{"type":"Feature","geometry":{"type":"LineString","coordinates":[[-63.08514,-17.55636],[-63.08574,-17.55387]]},"properties":{"description":"Acera","styleUrl":"#line5","stroke-opacity":1,"stroke":"#FF7F00","stroke-width":1,"name":"FONDO"}},
{"type":"Feature","geometry":{"type":"LineString","coordinates":[[-63.08454,-17.55633],[-63.08497,-17.55642]]},"properties":{"description":"Acera","styleUrl":"#line5","stroke-opacity":1,"stroke":"#FF7F00","stroke-width":1,"name":"FONDO"}},
{"type":"Feature","geometry":{"type":"LineString","coordinates":[[-63.08447,-17.55622],[-63.08507,-17.55373]]},"properties":{"description":"Acera","styleUrl":"#line5","stroke-opacity":1,"stroke":"#FF7F00","stroke-width":1,"name":"FONDO"}},
{"type":"Feature","geometry":{"type":"LineString","coordinates":[[-63.08453,-17.55639],[-63.08495,-17.55648]]},"properties":{"description":"Acera","styleUrl":"#line5","stroke-opacity":1,"stroke":"#FF7F00","stroke-width":1,"name":"FONDO"}},
{"type":"Feature","geometry":{"type":"LineString","coordinates":[[-63.08441,-17.55621],[-63.085,-17.55371]]},"properties":{"description":"Acera","styleUrl":"#line5","stroke-opacity":1,"stroke":"#FF7F00","stroke-width":1,"name":"FONDO"}},
{"type":"Feature","geometry":{"type":"LineString","coordinates":[[-63.08442,-17.55646],[-63.08442,-17.55645],[-63.08442,-17.55644],[-63.08442,-17.55643],[-63.08443,-17.55643],[-63.08443,-17.55642],[-63.08444,-17.55642],[-63.08444,-17.55641],[-63.08445,-17.55641],[-63.08445,-17.5564],[-63.08446,-17.5564],[-63.08447,-17.5564],[-63.08447,-17.55639],[-63.08448,-17.55639],[-63.08449,-17.55639],[-63.0845,-17.55639],[-63.08451,-17.55639],[-63.08452,-17.55639],[-63.08453,-17.55639]]},"properties":{"description":"Acera","styleUrl":"#line5","stroke-opacity":1,"stroke":"#FF7F00","stroke-width":1,"name":"FONDO"}},
{"type":"Feature","geometry":{"type":"LineString","coordinates":[[-63.08454,-17.55633],[-63.08453,-17.55632],[-63.08452,-17.55632],[-63.08451,-17.55632],[-63.08451,-17.55631],[-63.0845,-17.55631],[-63.0845,-17.5563],[-63.08449,-17.5563],[-63.08449,-17.55629],[-63.08448,-17.55629],[-63.08448,-17.55628],[-63.08448,-17.55627],[-63.08447,-17.55627],[-63.08447,-17.55626],[-63.08447,-17.55625],[-63.08447,-17.55624],[-63.08447,-17.55623],[-63.08447,-17.55622]]},"properties":{"description":"Acera","styleUrl":"#line5","stroke-opacity":1,"stroke":"#FF7F00","stroke-width":1,"name":"FONDO"}},
{"type":"Feature","geometry":{"type":"LineString","coordinates":[[-63.08441,-17.55621],[-63.08441,-17.55622],[-63.0844,-17.55622],[-63.0844,-17.55623],[-63.0844,-17.55624],[-63.08439,-17.55624],[-63.08439,-17.55625],[-63.08438,-17.55625],[-63.08438,-17.55626],[-63.08437,-17.55626],[-63.08436,-17.55626],[-63.08436,-17.55627],[-63.08435,-17.55627],[-63.08434,-17.55627],[-63.08433,-17.55627],[-63.08433,-17.55628],[-63.08432,-17.55628],[-63.08431,-17.55628],[-63.0843,-17.55628],[-63.0843,-17.55627]]},"properties":{"description":"Acera","styleUrl":"#line5","stroke-opacity":1,"stroke":"#FF7F00","stroke-width":1,"name":"FONDO"}},
{"type":"Feature","geometry":{"type":"LineString","coordinates":[[-63.08428,-17.55634],[-63.08429,-17.55634],[-63.0843,-17.55634],[-63.08431,-17.55635],[-63.08432,-17.55635],[-63.08432,-17.55636],[-63.08433,-17.55636],[-63.08433,-17.55637],[-63.08434,-17.55637],[-63.08434,-17.55638],[-63.08434,-17.55639],[-63.08435,-17.55639],[-63.08435,-17.5564],[-63.08435,-17.55641],[-63.08435,-17.55642],[-63.08435,-17.55643],[-63.08435,-17.55644]]},"properties":{"description":"Acera","styleUrl":"#line5","stroke-opacity":1,"stroke":"#FF7F00","stroke-width":1,"name":"FONDO"}},
{"type":"Feature","geometry":{"type":"LineString","coordinates":[[-63.08495,-17.55648],[-63.08496,-17.55648],[-63.08497,-17.55648],[-63.08497,-17.55649],[-63.08498,-17.55649],[-63.08499,-17.55649],[-63.08499,-17.5565],[-63.085,-17.5565],[-63.085,-17.55651],[-63.08501,-17.55651],[-63.08501,-17.55652],[-63.08501,-17.55653],[-63.08502,-17.55653],[-63.08502,-17.55654],[-63.08502,-17.55655],[-63.08502,-17.55656],[-63.08502,-17.55657],[-63.08502,-17.55658],[-63.08502,-17.55659]]},"properties":{"description":"Acera","styleUrl":"#line5","stroke-opacity":1,"stroke":"#FF7F00","stroke-width":1,"name":"FONDO"}},
{"type":"Feature","geometry":{"type":"LineString","coordinates":[[-63.08508,-17.55635],[-63.08508,-17.55636],[-63.08507,-17.55636],[-63.08507,-17.55637],[-63.08507,-17.55638],[-63.08506,-17.55638],[-63.08506,-17.55639],[-63.08505,-17.55639],[-63.08505,-17.5564],[-63.08504,-17.5564],[-63.08504,-17.55641],[-63.08503,-17.55641],[-63.08502,-17.55641],[-63.08502,-17.55642],[-63.08501,-17.55642],[-63.085,-17.55642],[-63.08499,-17.55642],[-63.08498,-17.55642],[-63.08497,-17.55642]]},"properties":{"description":"Acera","styleUrl":"#line5","stroke-opacity":1,"stroke":"#FF7F00","stroke-width":1,"name":"FONDO"}},
{"type":"Feature","geometry":{"type":"LineString","coordinates":[[-63.08522,-17.55647],[-63.08521,-17.55647],[-63.0852,-17.55647],[-63.0852,-17.55646],[-63.08519,-17.55646],[-63.08518,-17.55646],[-63.08518,-17.55645],[-63.08517,-17.55645],[-63.08517,-17.55644],[-63.08516,-17.55644],[-63.08516,-17.55643],[-63.08515,-17.55643],[-63.08515,-17.55642],[-63.08515,-17.55641],[-63.08514,-17.55641],[-63.08514,-17.5564],[-63.08514,-17.55639],[-63.08514,-17.55638],[-63.08514,-17.55637],[-63.08514,-17.55636]]},"properties":{"description":"Acera","styleUrl":"#line5","stroke-opacity":1,"stroke":"#FF7F00","stroke-width":1,"name":"FONDO"}},
{"type":"Feature","geometry":{"type":"LineString","coordinates":[[-63.08509,-17.5566],[-63.08509,-17.55659],[-63.08509,-17.55658],[-63.0851,-17.55658],[-63.0851,-17.55657],[-63.0851,-17.55656],[-63.08511,-17.55656],[-63.08511,-17.55655],[-63.08512,-17.55655],[-63.08513,-17.55655],[-63.08513,-17.55654],[-63.08514,-17.55654],[-63.08515,-17.55654],[-63.08515,-17.55653],[-63.08516,-17.55653],[-63.08517,-17.55653],[-63.08518,-17.55653],[-63.08519,-17.55653],[-63.0852,-17.55653]]},"properties":{"description":"Acera","styleUrl":"#line5","stroke-opacity":1,"stroke":"#FF7F00","stroke-width":1,"name":"FONDO"}},
{"type":"Feature","geometry":{"type":"LineString","coordinates":[[-63.08664,-17.55693],[-63.08664,-17.55692],[-63.08665,-17.55692],[-63.08665,-17.55691],[-63.08665,-17.5569],[-63.08666,-17.5569],[-63.08666,-17.55689],[-63.08667,-17.55689],[-63.08667,-17.55688],[-63.08668,-17.55688],[-63.08668,-17.55687],[-63.08669,-17.55687],[-63.0867,-17.55687],[-63.08671,-17.55687],[-63.08671,-17.55686],[-63.08672,-17.55686],[-63.08673,-17.55686],[-63.08674,-17.55686],[-63.08675,-17.55686]]},"properties":{"description":"Acera","styleUrl":"#line5","stroke-opacity":1,"stroke":"#FF7F00","stroke-width":1,"name":"FONDO"}},
{"type":"Feature","geometry":{"type":"LineString","coordinates":[[-63.08677,-17.5568],[-63.08676,-17.5568],[-63.08675,-17.5568],[-63.08675,-17.55679],[-63.08674,-17.55679],[-63.08673,-17.55679],[-63.08673,-17.55678],[-63.08672,-17.55678],[-63.08672,-17.55677],[-63.08671,-17.55677],[-63.08671,-17.55676],[-63.08671,-17.55675],[-63.0867,-17.55675],[-63.0867,-17.55674],[-63.0867,-17.55673],[-63.0867,-17.55672],[-63.0867,-17.55671],[-63.0867,-17.5567],[-63.0867,-17.55669]]},"properties":{"description":"Acera","styleUrl":"#line5","stroke-opacity":1,"stroke":"#FF7F00","stroke-width":1,"name":"FONDO"}},
{"type":"Feature","geometry":{"type":"LineString","coordinates":[[-63.08663,-17.55668],[-63.08663,-17.55669],[-63.08663,-17.5567],[-63.08662,-17.5567],[-63.08662,-17.55671],[-63.08662,-17.55672],[-63.08661,-17.55672],[-63.08661,-17.55673],[-63.0866,-17.55673],[-63.0866,-17.55674],[-63.08659,-17.55674],[-63.08658,-17.55674],[-63.08658,-17.55675],[-63.08657,-17.55675],[-63.08656,-17.55675],[-63.08655,-17.55675],[-63.08654,-17.55675],[-63.08653,-17.55675],[-63.08652,-17.55675]]},"properties":{"description":"Acera","styleUrl":"#line5","stroke-opacity":1,"stroke":"#FF7F00","stroke-width":1,"name":"FONDO"}},
{"type":"Feature","geometry":{"type":"LineString","coordinates":[[-63.08651,-17.55681],[-63.08652,-17.55681],[-63.08652,-17.55682],[-63.08653,-17.55682],[-63.08654,-17.55682],[-63.08654,-17.55683],[-63.08655,-17.55683],[-63.08655,-17.55684],[-63.08656,-17.55684],[-63.08656,-17.55685],[-63.08657,-17.55685],[-63.08657,-17.55686],[-63.08657,-17.55687],[-63.08658,-17.55687],[-63.08658,-17.55688],[-63.08658,-17.55689],[-63.08658,-17.5569],[-63.08658,-17.55691],[-63.08658,-17.55692]]},"properties":{"description":"Acera","styleUrl":"#line5","stroke-opacity":1,"stroke":"#FF7F00","stroke-width":1,"name":"FONDO"}},
{"type":"Feature","geometry":{"type":"LineString","coordinates":[[-63.08391,-17.55896],[-63.08434,-17.55905]]},"properties":{"description":"Acera","styleUrl":"#line5","stroke-opacity":1,"stroke":"#FF7F00","stroke-width":1,"name":"FONDO"}},
{"type":"Feature","geometry":{"type":"LineString","coordinates":[[-63.08379,-17.55878],[-63.08435,-17.55644]]},"properties":{"description":"Acera","styleUrl":"#line5","stroke-opacity":1,"stroke":"#FF7F00","stroke-width":1,"name":"FONDO"}},
{"type":"Feature","geometry":{"type":"LineString","coordinates":[[-63.08393,-17.5589],[-63.08435,-17.55899]]},"properties":{"description":"Acera","styleUrl":"#line5","stroke-opacity":1,"stroke":"#FF7F00","stroke-width":1,"name":"FONDO"}},
{"type":"Feature","geometry":{"type":"LineString","coordinates":[[-63.08386,-17.55879],[-63.08442,-17.55646]]},"properties":{"description":"Acera","styleUrl":"#line5","stroke-opacity":1,"stroke":"#FF7F00","stroke-width":1,"name":"FONDO"}},
{"type":"Feature","geometry":{"type":"LineString","coordinates":[[-63.08459,-17.55911],[-63.08508,-17.55921]]},"properties":{"description":"Acera","styleUrl":"#line5","stroke-opacity":1,"stroke":"#FF7F00","stroke-width":1,"name":"FONDO"}},
{"type":"Feature","geometry":{"type":"LineString","coordinates":[[-63.08447,-17.55892],[-63.08502,-17.55659]]},"properties":{"description":"Acera","styleUrl":"#line5","stroke-opacity":1,"stroke":"#FF7F00","stroke-width":1,"name":"FONDO"}},
{"type":"Feature","geometry":{"type":"LineString","coordinates":[[-63.0846,-17.55904],[-63.0851,-17.55915]]},"properties":{"description":"Acera","styleUrl":"#line5","stroke-opacity":1,"stroke":"#FF7F00","stroke-width":1,"name":"FONDO"}},
{"type":"Feature","geometry":{"type":"LineString","coordinates":[[-63.08453,-17.55894],[-63.08509,-17.5566]]},"properties":{"description":"Acera","styleUrl":"#line5","stroke-opacity":1,"stroke":"#FF7F00","stroke-width":1,"name":"FONDO"}},
{"type":"Feature","geometry":{"type":"LineString","coordinates":[[-63.08447,-17.55917],[-63.08448,-17.55917],[-63.08448,-17.55916],[-63.08448,-17.55915],[-63.08449,-17.55915],[-63.08449,-17.55914],[-63.08449,-17.55913],[-63.0845,-17.55913],[-63.0845,-17.55912],[-63.08451,-17.55912],[-63.08452,-17.55912],[-63.08452,-17.55911],[-63.08453,-17.55911],[-63.08454,-17.55911],[-63.08455,-17.55911],[-63.08455,-17.5591],[-63.08456,-17.5591],[-63.08457,-17.5591],[-63.08458,-17.5591],[-63.08459,-17.55911]]},"properties":{"description":"Acera","styleUrl":"#line5","stroke-opacity":1,"stroke":"#FF7F00","stroke-width":1,"name":"FONDO"}},
{"type":"Feature","geometry":{"type":"LineString","coordinates":[[-63.0846,-17.55904],[-63.08459,-17.55904],[-63.08458,-17.55904],[-63.08458,-17.55903],[-63.08457,-17.55903],[-63.08456,-17.55903],[-63.08456,-17.55902],[-63.08455,-17.55902],[-63.08455,-17.55901],[-63.08454,-17.55901],[-63.08454,-17.559],[-63.08454,-17.55899],[-63.08453,-17.55899],[-63.08453,-17.55898],[-63.08453,-17.55897],[-63.08453,-17.55896],[-63.08453,-17.55895],[-63.08453,-17.55894]]},"properties":{"description":"Acera","styleUrl":"#line5","stroke-opacity":1,"stroke":"#FF7F00","stroke-width":1,"name":"FONDO"}},
{"type":"Feature","geometry":{"type":"LineString","coordinates":[[-63.08447,-17.55892],[-63.08447,-17.55893],[-63.08446,-17.55893],[-63.08446,-17.55894],[-63.08446,-17.55895],[-63.08445,-17.55895],[-63.08445,-17.55896],[-63.08444,-17.55896],[-63.08444,-17.55897],[-63.08443,-17.55897],[-63.08443,-17.55898],[-63.08442,-17.55898],[-63.08441,-17.55898],[-63.08441,-17.55899],[-63.0844,-17.55899],[-63.08439,-17.55899],[-63.08438,-17.55899],[-63.08437,-17.55899],[-63.08436,-17.55899],[-63.08435,-17.55899]]},"properties":{"description":"Acera","styleUrl":"#line5","stroke-opacity":1,"stroke":"#FF7F00","stroke-width":1,"name":"FONDO"}},
{"type":"Feature","geometry":{"type":"LineString","coordinates":[[-63.08434,-17.55905],[-63.08435,-17.55905],[-63.08435,-17.55906],[-63.08436,-17.55906],[-63.08437,-17.55906],[-63.08437,-17.55907],[-63.08438,-17.55907],[-63.08438,-17.55908],[-63.08439,-17.55908],[-63.08439,-17.55909],[-63.0844,-17.55909],[-63.0844,-17.5591],[-63.0844,-17.55911],[-63.08441,-17.55911],[-63.08441,-17.55912],[-63.08441,-17.55913],[-63.08441,-17.55914],[-63.08441,-17.55915],[-63.08441,-17.55916]]},"properties":{"description":"Acera","styleUrl":"#line5","stroke-opacity":1,"stroke":"#FF7F00","stroke-width":1,"name":"FONDO"}},
{"type":"Feature","geometry":{"type":"LineString","coordinates":[[-63.0838,-17.55903],[-63.0838,-17.55902],[-63.08381,-17.55902],[-63.08381,-17.55901],[-63.08381,-17.559],[-63.08382,-17.559],[-63.08382,-17.55899],[-63.08383,-17.55899],[-63.08383,-17.55898],[-63.08384,-17.55898],[-63.08384,-17.55897],[-63.08385,-17.55897],[-63.08386,-17.55897],[-63.08386,-17.55896],[-63.08387,-17.55896],[-63.08388,-17.55896],[-63.08389,-17.55896],[-63.0839,-17.55896],[-63.08391,-17.55896]]},"properties":{"description":"Acera","styleUrl":"#line5","stroke-opacity":1,"stroke":"#FF7F00","stroke-width":1,"name":"FONDO"}},
{"type":"Feature","geometry":{"type":"LineString","coordinates":[[-63.08393,-17.5589],[-63.08392,-17.5589],[-63.08391,-17.5589],[-63.08391,-17.55889],[-63.0839,-17.55889],[-63.08389,-17.55888],[-63.08388,-17.55888],[-63.08388,-17.55887],[-63.08387,-17.55886],[-63.08387,-17.55885],[-63.08386,-17.55885],[-63.08386,-17.55884],[-63.08386,-17.55883],[-63.08386,-17.55882],[-63.08386,-17.55881],[-63.08386,-17.5588],[-63.08386,-17.55879]]},"properties":{"description":"Acera","styleUrl":"#line5","stroke-opacity":1,"stroke":"#FF7F00","stroke-width":1,"name":"FONDO"}},
{"type":"Feature","geometry":{"type":"LineString","coordinates":[[-63.08379,-17.55878],[-63.08379,-17.55879],[-63.08379,-17.5588],[-63.08378,-17.5588],[-63.08378,-17.55881],[-63.08378,-17.55882],[-63.08377,-17.55882],[-63.08377,-17.55883],[-63.08376,-17.55883],[-63.08375,-17.55883],[-63.08375,-17.55884],[-63.08374,-17.55884],[-63.08373,-17.55884],[-63.08373,-17.55885],[-63.08372,-17.55885],[-63.08371,-17.55885],[-63.0837,-17.55885],[-63.08369,-17.55885],[-63.08368,-17.55885]]},"properties":{"description":"Acera","styleUrl":"#line5","stroke-opacity":1,"stroke":"#FF7F00","stroke-width":1,"name":"FONDO"}},
{"type":"Feature","geometry":{"type":"LineString","coordinates":[[-63.08367,-17.55891],[-63.08368,-17.55891],[-63.08369,-17.55891],[-63.08369,-17.55892],[-63.0837,-17.55892],[-63.0837,-17.55893],[-63.08371,-17.55893],[-63.08371,-17.55894],[-63.08372,-17.55894],[-63.08372,-17.55895],[-63.08373,-17.55895],[-63.08373,-17.55896],[-63.08373,-17.55897],[-63.08374,-17.55897],[-63.08374,-17.55898],[-63.08374,-17.55899],[-63.08374,-17.559],[-63.08374,-17.55901],[-63.08374,-17.55902]]},"properties":{"description":"Acera","styleUrl":"#line5","stroke-opacity":1,"stroke":"#FF7F00","stroke-width":1,"name":"FONDO"}},
{"type":"Feature","geometry":{"type":"LineString","coordinates":[[-63.08495,-17.55354],[-63.08453,-17.55345]]},"properties":{"description":"Acera","styleUrl":"#line5","stroke-opacity":1,"stroke":"#FF7F00","stroke-width":1,"name":"FONDO"}},
{"type":"Feature","geometry":{"type":"LineString","coordinates":[[-63.08493,-17.5536],[-63.08451,-17.55351]]},"properties":{"description":"Acera","styleUrl":"#line5","stroke-opacity":1,"stroke":"#FF7F00","stroke-width":1,"name":"FONDO"}},
{"type":"Feature","geometry":{"type":"LineString","coordinates":[[-63.08562,-17.55369],[-63.08519,-17.5536]]},"properties":{"description":"Acera","styleUrl":"#line5","stroke-opacity":1,"stroke":"#FF7F00","stroke-width":1,"name":"FONDO"}},
{"type":"Feature","geometry":{"type":"LineString","coordinates":[[-63.08573,-17.55362],[-63.08625,-17.55144]]},"properties":{"description":"Acera","styleUrl":"#line5","stroke-opacity":1,"stroke":"#FF7F00","stroke-width":1,"name":"FONDO"}},
{"type":"Feature","geometry":{"type":"LineString","coordinates":[[-63.0856,-17.55375],[-63.08518,-17.55366]]},"properties":{"description":"Acera","styleUrl":"#line5","stroke-opacity":1,"stroke":"#FF7F00","stroke-width":1,"name":"FONDO"}},
{"type":"Feature","geometry":{"type":"LineString","coordinates":[[-63.08579,-17.55363],[-63.08631,-17.55145]]},"properties":{"description":"Acera","styleUrl":"#line5","stroke-opacity":1,"stroke":"#FF7F00","stroke-width":1,"name":"FONDO"}},
{"type":"Feature","geometry":{"type":"LineString","coordinates":[[-63.08637,-17.55385],[-63.08587,-17.55374]]},"properties":{"description":"Acera","styleUrl":"#line5","stroke-opacity":1,"stroke":"#FF7F00","stroke-width":1,"name":"FONDO"}},
{"type":"Feature","geometry":{"type":"LineString","coordinates":[[-63.0865,-17.55376],[-63.08701,-17.55162]]},"properties":{"description":"Acera","styleUrl":"#line5","stroke-opacity":1,"stroke":"#FF7F00","stroke-width":1,"name":"FONDO"}},
{"type":"Feature","geometry":{"type":"LineString","coordinates":[[-63.08635,-17.55391],[-63.08585,-17.5538]]},"properties":{"description":"Acera","styleUrl":"#line5","stroke-opacity":1,"stroke":"#FF7F00","stroke-width":1,"name":"FONDO"}},
{"type":"Feature","geometry":{"type":"LineString","coordinates":[[-63.08659,-17.55378],[-63.0871,-17.55164]]},"properties":{"description":"Acera","styleUrl":"#line5","stroke-opacity":1,"stroke":"#FF7F00","stroke-width":1,"name":"FONDO"}},
{"type":"Feature","geometry":{"type":"LineString","coordinates":[[-63.08717,-17.55402],[-63.08667,-17.55391]]},"properties":{"description":"Acera","styleUrl":"#line5","stroke-opacity":1,"stroke":"#FF7F00","stroke-width":1,"name":"FONDO"}},
{"type":"Feature","geometry":{"type":"LineString","coordinates":[[-63.08728,-17.55395],[-63.0878,-17.55177]]},"properties":{"description":"Acera","styleUrl":"#line5","stroke-opacity":1,"stroke":"#FF7F00","stroke-width":1,"name":"FONDO"}},
{"type":"Feature","geometry":{"type":"LineString","coordinates":[[-63.08716,-17.55408],[-63.08666,-17.55397]]},"properties":{"description":"Acera","styleUrl":"#line5","stroke-opacity":1,"stroke":"#FF7F00","stroke-width":1,"name":"FONDO"}},
{"type":"Feature","geometry":{"type":"LineString","coordinates":[[-63.08735,-17.55396],[-63.08787,-17.55179]]},"properties":{"description":"Acera","styleUrl":"#line5","stroke-opacity":1,"stroke":"#FF7F00","stroke-width":1,"name":"FONDO"}},
{"type":"Feature","geometry":{"type":"LineString","coordinates":[[-63.08802,-17.55411],[-63.08854,-17.55193]]},"properties":{"description":"Acera","styleUrl":"#line5","stroke-opacity":1,"stroke":"#FF7F00","stroke-width":1,"name":"FONDO"}},
{"type":"Feature","geometry":{"type":"LineString","coordinates":[[-63.08796,-17.55409],[-63.08847,-17.55192]]},"properties":{"description":"Acera","styleUrl":"#line5","stroke-opacity":1,"stroke":"#FF7F00","stroke-width":1,"name":"FONDO"}},
{"type":"Feature","geometry":{"type":"LineString","coordinates":[[-63.08796,-17.55409],[-63.08796,-17.5541],[-63.08795,-17.5541],[-63.08795,-17.55411],[-63.08795,-17.55412],[-63.08794,-17.55412],[-63.08794,-17.55413],[-63.08793,-17.55413],[-63.08793,-17.55414],[-63.08792,-17.55414],[-63.08792,-17.55415],[-63.08791,-17.55415],[-63.0879,-17.55415],[-63.0879,-17.55416],[-63.08789,-17.55416],[-63.08788,-17.55416],[-63.08787,-17.55416],[-63.08786,-17.55416],[-63.08785,-17.55416],[-63.08784,-17.55416]]},"properties":{"description":"Acera","styleUrl":"#line5","stroke-opacity":1,"stroke":"#FF7F00","stroke-width":1,"name":"FONDO"}},
{"type":"Feature","geometry":{"type":"LineString","coordinates":[[-63.08802,-17.55411],[-63.08802,-17.55412],[-63.08801,-17.55413],[-63.08801,-17.55414],[-63.08801,-17.55415],[-63.088,-17.55415],[-63.088,-17.55416],[-63.08799,-17.55416],[-63.08799,-17.55417],[-63.08798,-17.55417],[-63.08798,-17.55418],[-63.08797,-17.55418],[-63.08797,-17.55419],[-63.08796,-17.55419],[-63.08796,-17.5542],[-63.08795,-17.5542],[-63.08795,-17.55421],[-63.08794,-17.55421],[-63.08793,-17.55421],[-63.08793,-17.55422],[-63.08792,-17.55422],[-63.08791,-17.55422],[-63.0879,-17.55422],[-63.08789,-17.55422],[-63.08789,-17.55423],[-63.08788,-17.55423],[-63.08787,-17.55423],[-63.08786,-17.55423],[-63.08785,-17.55423],[-63.08784,-17.55423],[-63.08784,-17.55422],[-63.08783,-17.55422]]},"properties":{"description":"Acera","styleUrl":"#line5","stroke-opacity":1,"stroke":"#FF7F00","stroke-width":1,"name":"FONDO"}},
{"type":"Feature","geometry":{"type":"LineString","coordinates":[[-63.08729,-17.5542],[-63.08729,-17.55419],[-63.0873,-17.55419],[-63.0873,-17.55418],[-63.0873,-17.55417],[-63.08731,-17.55417],[-63.08731,-17.55416],[-63.08732,-17.55416],[-63.08732,-17.55415],[-63.08733,-17.55415],[-63.08733,-17.55414],[-63.08734,-17.55414],[-63.08735,-17.55414],[-63.08735,-17.55413],[-63.08736,-17.55413],[-63.08737,-17.55413],[-63.08738,-17.55413],[-63.08739,-17.55413],[-63.0874,-17.55413]]},"properties":{"description":"Acera","styleUrl":"#line5","stroke-opacity":1,"stroke":"#FF7F00","stroke-width":1,"name":"FONDO"}},
{"type":"Feature","geometry":{"type":"LineString","coordinates":[[-63.08742,-17.55407],[-63.08741,-17.55407],[-63.0874,-17.55407],[-63.0874,-17.55406],[-63.08739,-17.55406],[-63.08738,-17.55406],[-63.08738,-17.55405],[-63.08737,-17.55405],[-63.08737,-17.55404],[-63.08736,-17.55404],[-63.08736,-17.55403],[-63.08736,-17.55402],[-63.08735,-17.55402],[-63.08735,-17.55401],[-63.08735,-17.554],[-63.08735,-17.55399],[-63.08735,-17.55398],[-63.08735,-17.55397],[-63.08735,-17.55396]]},"properties":{"description":"Acera","styleUrl":"#line5","stroke-opacity":1,"stroke":"#FF7F00","stroke-width":1,"name":"FONDO"}},
{"type":"Feature","geometry":{"type":"LineString","coordinates":[[-63.08728,-17.55395],[-63.08728,-17.55396],[-63.08728,-17.55397],[-63.08727,-17.55397],[-63.08727,-17.55398],[-63.08727,-17.55399],[-63.08726,-17.55399],[-63.08726,-17.554],[-63.08725,-17.554],[-63.08724,-17.55401],[-63.08723,-17.55401],[-63.08722,-17.55401],[-63.08722,-17.55402],[-63.08721,-17.55402],[-63.0872,-17.55402],[-63.08719,-17.55402],[-63.08718,-17.55402],[-63.08717,-17.55402]]},"properties":{"description":"Acera","styleUrl":"#line5","stroke-opacity":1,"stroke":"#FF7F00","stroke-width":1,"name":"FONDO"}},
{"type":"Feature","geometry":{"type":"LineString","coordinates":[[-63.08716,-17.55408],[-63.08717,-17.55408],[-63.08717,-17.55409],[-63.08718,-17.55409],[-63.08719,-17.55409],[-63.08719,-17.5541],[-63.0872,-17.5541],[-63.0872,-17.55411],[-63.08721,-17.55411],[-63.08721,-17.55412],[-63.08722,-17.55412],[-63.08722,-17.55413],[-63.08722,-17.55414],[-63.08723,-17.55414],[-63.08723,-17.55415],[-63.08723,-17.55416],[-63.08723,-17.55417],[-63.08723,-17.55418],[-63.08723,-17.55419]]},"properties":{"description":"Acera","styleUrl":"#line5","stroke-opacity":1,"stroke":"#FF7F00","stroke-width":1,"name":"FONDO"}},
{"type":"Feature","geometry":{"type":"LineString","coordinates":[[-63.08574,-17.55387],[-63.08574,-17.55386],[-63.08574,-17.55385],[-63.08575,-17.55385],[-63.08575,-17.55384],[-63.08575,-17.55383],[-63.08576,-17.55383],[-63.08576,-17.55382],[-63.08577,-17.55382],[-63.08578,-17.55382],[-63.08578,-17.55381],[-63.08579,-17.55381],[-63.08579,-17.5538],[-63.0858,-17.5538],[-63.08581,-17.5538],[-63.08582,-17.5538],[-63.08583,-17.5538],[-63.08584,-17.5538],[-63.08585,-17.5538]]},"properties":{"description":"Acera","styleUrl":"#line5","stroke-opacity":1,"stroke":"#FF7F00","stroke-width":1,"name":"FONDO"}},
{"type":"Feature","geometry":{"type":"LineString","coordinates":[[-63.08587,-17.55374],[-63.08586,-17.55374],[-63.08585,-17.55374],[-63.08585,-17.55373],[-63.08584,-17.55373],[-63.08583,-17.55373],[-63.08583,-17.55372],[-63.08582,-17.55372],[-63.08582,-17.55371],[-63.08581,-17.55371],[-63.08581,-17.5537],[-63.0858,-17.5537],[-63.0858,-17.55369],[-63.0858,-17.55368],[-63.0858,-17.55367],[-63.08579,-17.55367],[-63.08579,-17.55366],[-63.08579,-17.55365],[-63.08579,-17.55364],[-63.08579,-17.55363]]},"properties":{"description":"Acera","styleUrl":"#line5","stroke-opacity":1,"stroke":"#FF7F00","stroke-width":1,"name":"FONDO"}},
{"type":"Feature","geometry":{"type":"LineString","coordinates":[[-63.08573,-17.55362],[-63.08573,-17.55363],[-63.08572,-17.55363],[-63.08572,-17.55364],[-63.08572,-17.55365],[-63.08571,-17.55365],[-63.08571,-17.55366],[-63.0857,-17.55366],[-63.0857,-17.55367],[-63.08569,-17.55367],[-63.08569,-17.55368],[-63.08568,-17.55368],[-63.08567,-17.55368],[-63.08566,-17.55368],[-63.08566,-17.55369],[-63.08565,-17.55369],[-63.08564,-17.55369],[-63.08563,-17.55369],[-63.08562,-17.55369]]},"properties":{"description":"Acera","styleUrl":"#line5","stroke-opacity":1,"stroke":"#FF7F00","stroke-width":1,"name":"FONDO"}},
{"type":"Feature","geometry":{"type":"LineString","coordinates":[[-63.0856,-17.55375],[-63.08561,-17.55375],[-63.08562,-17.55375],[-63.08562,-17.55376],[-63.08563,-17.55376],[-63.08564,-17.55376],[-63.08564,-17.55377],[-63.08565,-17.55377],[-63.08565,-17.55378],[-63.08566,-17.55378],[-63.08566,-17.55379],[-63.08567,-17.55379],[-63.08567,-17.5538],[-63.08567,-17.55381],[-63.08567,-17.55382],[-63.08568,-17.55382],[-63.08568,-17.55383],[-63.08568,-17.55384],[-63.08568,-17.55385],[-63.08567,-17.55385],[-63.08567,-17.55386]]},"properties":{"description":"Acera","styleUrl":"#line5","stroke-opacity":1,"stroke":"#FF7F00","stroke-width":1,"name":"FONDO"}},
{"type":"Feature","geometry":{"type":"LineString","coordinates":[[-63.08493,-17.5536],[-63.08493,-17.55361],[-63.08494,-17.55361],[-63.08495,-17.55361],[-63.08496,-17.55361],[-63.08496,-17.55362],[-63.08497,-17.55362],[-63.08497,-17.55363],[-63.08498,-17.55363],[-63.08498,-17.55364],[-63.08499,-17.55364],[-63.08499,-17.55365],[-63.085,-17.55365],[-63.085,-17.55366],[-63.085,-17.55367],[-63.085,-17.55368],[-63.085,-17.55369],[-63.085,-17.5537],[-63.085,-17.55371]]},"properties":{"description":"Acera","styleUrl":"#line5","stroke-opacity":1,"stroke":"#FF7F00","stroke-width":1,"name":"FONDO"}},
{"type":"Feature","geometry":{"type":"LineString","coordinates":[[-63.08506,-17.55347],[-63.08506,-17.55348],[-63.08506,-17.55349],[-63.08505,-17.55349],[-63.08505,-17.5535],[-63.08504,-17.55351],[-63.08504,-17.55352],[-63.08503,-17.55352],[-63.08503,-17.55353],[-63.08502,-17.55353],[-63.08501,-17.55353],[-63.08501,-17.55354],[-63.085,-17.55354],[-63.08499,-17.55354],[-63.08498,-17.55354],[-63.08497,-17.55354],[-63.08496,-17.55354],[-63.08495,-17.55354]]},"properties":{"description":"Acera","styleUrl":"#line5","stroke-opacity":1,"stroke":"#FF7F00","stroke-width":1,"name":"FONDO"}},
{"type":"Feature","geometry":{"type":"LineString","coordinates":[[-63.08519,-17.5536],[-63.08519,-17.55359],[-63.08518,-17.55359],[-63.08517,-17.55359],[-63.08517,-17.55358],[-63.08516,-17.55358],[-63.08515,-17.55358],[-63.08515,-17.55357],[-63.08514,-17.55357],[-63.08514,-17.55356],[-63.08513,-17.55355],[-63.08513,-17.55354],[-63.08513,-17.55353],[-63.08512,-17.55353],[-63.08512,-17.55352],[-63.08512,-17.55351],[-63.08512,-17.5535],[-63.08512,-17.55349]]},"properties":{"description":"Acera","styleUrl":"#line5","stroke-opacity":1,"stroke":"#FF7F00","stroke-width":1,"name":"FONDO"}},
{"type":"Feature","geometry":{"type":"LineString","coordinates":[[-63.08507,-17.55373],[-63.08507,-17.55372],[-63.08507,-17.55371],[-63.08507,-17.5537],[-63.08508,-17.5537],[-63.08508,-17.55369],[-63.08509,-17.55369],[-63.08509,-17.55368],[-63.0851,-17.55368],[-63.0851,-17.55367],[-63.08511,-17.55367],[-63.08512,-17.55366],[-63.08513,-17.55366],[-63.08514,-17.55366],[-63.08515,-17.55366],[-63.08516,-17.55366],[-63.08516,-17.55365],[-63.08516,-17.55366],[-63.08517,-17.55366],[-63.08518,-17.55366]]},"properties":{"description":"Acera","styleUrl":"#line5","stroke-opacity":1,"stroke":"#FF7F00","stroke-width":1,"name":"FONDO"}},
{"type":"Feature","geometry":{"type":"LineString","coordinates":[[-63.08652,-17.55405],[-63.08652,-17.55404],[-63.08653,-17.55404],[-63.08653,-17.55403],[-63.08653,-17.55402],[-63.08654,-17.55402],[-63.08654,-17.55401],[-63.08655,-17.55401],[-63.08655,-17.554],[-63.08656,-17.554],[-63.08656,-17.55399],[-63.08657,-17.55399],[-63.08657,-17.55398],[-63.08658,-17.55398],[-63.08659,-17.55398],[-63.0866,-17.55398],[-63.0866,-17.55397],[-63.08661,-17.55397],[-63.08662,-17.55397],[-63.08663,-17.55397],[-63.08664,-17.55397],[-63.08665,-17.55397],[-63.08666,-17.55397]]},"properties":{"description":"Acera","styleUrl":"#line5","stroke-opacity":1,"stroke":"#FF7F00","stroke-width":1,"name":"FONDO"}},
{"type":"Feature","geometry":{"type":"LineString","coordinates":[[-63.08667,-17.55391],[-63.08666,-17.55391],[-63.08665,-17.55391],[-63.08665,-17.5539],[-63.08664,-17.5539],[-63.08663,-17.5539],[-63.08663,-17.55389],[-63.08662,-17.55389],[-63.08662,-17.55388],[-63.08661,-17.55388],[-63.08661,-17.55387],[-63.0866,-17.55387],[-63.0866,-17.55386],[-63.08659,-17.55385],[-63.08659,-17.55384],[-63.08659,-17.55383],[-63.08658,-17.55383],[-63.08658,-17.55382],[-63.08658,-17.55381],[-63.08658,-17.5538],[-63.08658,-17.55379],[-63.08658,-17.55378],[-63.08659,-17.55378]]},"properties":{"description":"Acera","styleUrl":"#line5","stroke-opacity":1,"stroke":"#FF7F00","stroke-width":1,"name":"FONDO"}},
{"type":"Feature","geometry":{"type":"LineString","coordinates":[[-63.0865,-17.55376],[-63.0865,-17.55377],[-63.0865,-17.55378],[-63.0865,-17.55379],[-63.08649,-17.55379],[-63.08649,-17.5538],[-63.08648,-17.5538],[-63.08648,-17.55381],[-63.08647,-17.55381],[-63.08647,-17.55382],[-63.08646,-17.55382],[-63.08646,-17.55383],[-63.08645,-17.55383],[-63.08645,-17.55384],[-63.08644,-17.55384],[-63.08643,-17.55384],[-63.08642,-17.55384],[-63.08642,-17.55385],[-63.08641,-17.55385],[-63.0864,-17.55385],[-63.08639,-17.55385],[-63.08638,-17.55385],[-63.08637,-17.55385]]},"properties":{"description":"Acera","styleUrl":"#line5","stroke-opacity":1,"stroke":"#FF7F00","stroke-width":1,"name":"FONDO"}},
{"type":"Feature","geometry":{"type":"LineString","coordinates":[[-63.08635,-17.55391],[-63.08636,-17.55391],[-63.08637,-17.55391],[-63.08638,-17.55392],[-63.08639,-17.55392],[-63.08639,-17.55393],[-63.0864,-17.55393],[-63.08641,-17.55394],[-63.08641,-17.55395],[-63.08642,-17.55395],[-63.08642,-17.55396],[-63.08643,-17.55396],[-63.08643,-17.55397],[-63.08643,-17.55398],[-63.08644,-17.55398],[-63.08644,-17.55399],[-63.08644,-17.554],[-63.08644,-17.55401],[-63.08644,-17.55402],[-63.08644,-17.55403],[-63.08644,-17.55404]]},"properties":{"description":"Acera","styleUrl":"#line5","stroke-opacity":1,"stroke":"#FF7F00","stroke-width":1,"name":"FONDO"}},
{"type":"Feature","geometry":{"type":"LineString","coordinates":[[-63.0851,-17.55104],[-63.08552,-17.55113]]},"properties":{"description":"Acera","styleUrl":"#line5","stroke-opacity":1,"stroke":"#FF7F00","stroke-width":1,"name":"FONDO"}},
{"type":"Feature","geometry":{"type":"LineString","coordinates":[[-63.08509,-17.5511],[-63.08551,-17.55119]]},"properties":{"description":"Acera","styleUrl":"#line5","stroke-opacity":1,"stroke":"#FF7F00","stroke-width":1,"name":"FONDO"}},
{"type":"Feature","geometry":{"type":"LineString","coordinates":[[-63.08856,-17.5517],[-63.08866,-17.54922]]},"properties":{"description":"Acera","styleUrl":"#line5","stroke-opacity":1,"stroke":"#FF7F00","stroke-width":1,"name":"FONDO"}},
{"type":"Feature","geometry":{"type":"LineString","coordinates":[[-63.0885,-17.55165],[-63.0886,-17.54922]]},"properties":{"description":"Acera","styleUrl":"#line5","stroke-opacity":1,"stroke":"#FF7F00","stroke-width":1,"name":"FONDO"}},
{"type":"Feature","geometry":{"type":"LineString","coordinates":[[-63.08506,-17.55347],[-63.08558,-17.5513]]},"properties":{"description":"Acera","styleUrl":"#line5","stroke-opacity":1,"stroke":"#FF7F00","stroke-width":1,"name":"FONDO"}},
{"type":"Feature","geometry":{"type":"LineString","coordinates":[[-63.08512,-17.55349],[-63.08564,-17.55131]]},"properties":{"description":"Acera","styleUrl":"#line5","stroke-opacity":1,"stroke":"#FF7F00","stroke-width":1,"name":"FONDO"}},
{"type":"Feature","geometry":{"type":"LineString","coordinates":[[-63.08851,-17.54906],[-63.08551,-17.54899]]},"properties":{"description":"Acera","styleUrl":"#line5","stroke-opacity":1,"stroke":"#FF7F00","stroke-width":1,"name":"FONDO"}},
{"type":"Feature","geometry":{"type":"LineString","coordinates":[[-63.0885,-17.54912],[-63.08811,-17.54912]]},"properties":{"description":"Acera","styleUrl":"#line5","stroke-opacity":1,"stroke":"#FF7F00","stroke-width":1,"name":"FONDO"}},
{"type":"Feature","geometry":{"type":"LineString","coordinates":[[-63.08799,-17.55166],[-63.08838,-17.55174]]},"properties":{"description":"Acera","styleUrl":"#line5","stroke-opacity":1,"stroke":"#FF7F00","stroke-width":1,"name":"FONDO"}},
{"type":"Feature","geometry":{"type":"LineString","coordinates":[[-63.08798,-17.55172],[-63.0884,-17.55181]]},"properties":{"description":"Acera","styleUrl":"#line5","stroke-opacity":1,"stroke":"#FF7F00","stroke-width":1,"name":"FONDO"}},
{"type":"Feature","geometry":{"type":"LineString","coordinates":[[-63.08723,-17.55156],[-63.08773,-17.55166]]},"properties":{"description":"Acera","styleUrl":"#line5","stroke-opacity":1,"stroke":"#FF7F00","stroke-width":1,"name":"FONDO"}},
{"type":"Feature","geometry":{"type":"LineString","coordinates":[[-63.08722,-17.55149],[-63.08774,-17.5516]]},"properties":{"description":"Acera","styleUrl":"#line5","stroke-opacity":1,"stroke":"#FF7F00","stroke-width":1,"name":"FONDO"}},
{"type":"Feature","geometry":{"type":"LineString","coordinates":[[-63.08641,-17.55132],[-63.08692,-17.55143]]},"properties":{"description":"Acera","styleUrl":"#line5","stroke-opacity":1,"stroke":"#FF7F00","stroke-width":1,"name":"FONDO"}},
{"type":"Feature","geometry":{"type":"LineString","coordinates":[[-63.08643,-17.55139],[-63.08693,-17.55149]]},"properties":{"description":"Acera","styleUrl":"#line5","stroke-opacity":1,"stroke":"#FF7F00","stroke-width":1,"name":"FONDO"}},
{"type":"Feature","geometry":{"type":"LineString","coordinates":[[-63.08551,-17.55119],[-63.08552,-17.55119],[-63.08552,-17.5512],[-63.08553,-17.5512],[-63.08554,-17.5512],[-63.08554,-17.55121],[-63.08555,-17.55121],[-63.08555,-17.55122],[-63.08556,-17.55122],[-63.08556,-17.55123],[-63.08557,-17.55123],[-63.08557,-17.55124],[-63.08557,-17.55125],[-63.08558,-17.55125],[-63.08558,-17.55126],[-63.08558,-17.55127],[-63.08558,-17.55128],[-63.08558,-17.55129],[-63.08558,-17.5513]]},"properties":{"description":"Acera","styleUrl":"#line5","stroke-opacity":1,"stroke":"#FF7F00","stroke-width":1,"name":"FONDO"}},
{"type":"Feature","geometry":{"type":"LineString","coordinates":[[-63.08575,-17.55124],[-63.08618,-17.55133]]},"properties":{"description":"Acera","styleUrl":"#line5","stroke-opacity":1,"stroke":"#FF7F00","stroke-width":1,"name":"FONDO"}},
{"type":"Feature","geometry":{"type":"LineString","coordinates":[[-63.08564,-17.55131],[-63.08564,-17.5513],[-63.08565,-17.5513],[-63.08565,-17.55129],[-63.08565,-17.55128],[-63.08566,-17.55128],[-63.08566,-17.55127],[-63.08567,-17.55127],[-63.08567,-17.55126],[-63.08568,-17.55126],[-63.08568,-17.55125],[-63.08569,-17.55125],[-63.0857,-17.55125],[-63.0857,-17.55124],[-63.08571,-17.55124],[-63.08572,-17.55124],[-63.08573,-17.55124],[-63.08574,-17.55124],[-63.08575,-17.55124]]},"properties":{"description":"Acera","styleUrl":"#line5","stroke-opacity":1,"stroke":"#FF7F00","stroke-width":1,"name":"FONDO"}},
{"type":"Feature","geometry":{"type":"LineString","coordinates":[[-63.08502,-17.55091],[-63.08544,-17.54914]]},"properties":{"description":"Acera","styleUrl":"#line5","stroke-opacity":1,"stroke":"#FF7F00","stroke-width":1,"name":"FONDO"}},
{"type":"Feature","geometry":{"type":"LineString","coordinates":[[-63.08495,-17.55118],[-63.08495,-17.55117],[-63.08496,-17.55117],[-63.08496,-17.55116],[-63.08496,-17.55115],[-63.08497,-17.55115],[-63.08497,-17.55114],[-63.08498,-17.55114],[-63.08498,-17.55113],[-63.08499,-17.55113],[-63.08499,-17.55112],[-63.085,-17.55112],[-63.085,-17.55111],[-63.08501,-17.55111],[-63.08502,-17.55111],[-63.08502,-17.5511],[-63.08503,-17.5511],[-63.08504,-17.5511],[-63.08505,-17.5511],[-63.08506,-17.5511],[-63.08507,-17.5511],[-63.08508,-17.5511],[-63.08509,-17.5511]]},"properties":{"description":"Acera","styleUrl":"#line5","stroke-opacity":1,"stroke":"#FF7F00","stroke-width":1,"name":"FONDO"}},
{"type":"Feature","geometry":{"type":"LineString","coordinates":[[-63.0851,-17.55104],[-63.08509,-17.55104],[-63.08509,-17.55103],[-63.08508,-17.55103],[-63.08507,-17.55103],[-63.08507,-17.55102],[-63.08506,-17.55102],[-63.08505,-17.55102],[-63.08505,-17.55101],[-63.08504,-17.55101],[-63.08504,-17.551],[-63.08503,-17.55099],[-63.08503,-17.55098],[-63.08502,-17.55098],[-63.08502,-17.55097],[-63.08502,-17.55096],[-63.08502,-17.55095],[-63.08502,-17.55094],[-63.08501,-17.55094],[-63.08501,-17.55093],[-63.08502,-17.55093],[-63.08502,-17.55092],[-63.08502,-17.55091]]},"properties":{"description":"Acera","styleUrl":"#line5","stroke-opacity":1,"stroke":"#FF7F00","stroke-width":1,"name":"FONDO"}},
{"type":"Feature","geometry":{"type":"LineString","coordinates":[[-63.08544,-17.54914],[-63.08544,-17.54913],[-63.08544,-17.54912],[-63.08545,-17.54912],[-63.08545,-17.54911],[-63.08546,-17.54911],[-63.08546,-17.5491],[-63.08546,-17.54909],[-63.08547,-17.54909],[-63.08547,-17.54908],[-63.08548,-17.54908],[-63.08549,-17.54908],[-63.08549,-17.54907],[-63.0855,-17.54907],[-63.08551,-17.54907],[-63.08551,-17.54906],[-63.08552,-17.54906],[-63.08553,-17.54906],[-63.08554,-17.54906],[-63.08555,-17.54906]]},"properties":{"description":"Acera","styleUrl":"#line5","stroke-opacity":1,"stroke":"#FF7F00","stroke-width":1,"name":"FONDO"}},
{"type":"Feature","geometry":{"type":"LineString","coordinates":[[-63.08534,-17.54913],[-63.08534,-17.54912],[-63.08534,-17.54911],[-63.08534,-17.5491],[-63.08535,-17.5491],[-63.08535,-17.54909],[-63.08535,-17.54908],[-63.08536,-17.54908],[-63.08536,-17.54907],[-63.08537,-17.54906],[-63.08537,-17.54905],[-63.08538,-17.54905],[-63.08538,-17.54904],[-63.08539,-17.54904],[-63.0854,-17.54903],[-63.08541,-17.54903],[-63.08541,-17.54902],[-63.08542,-17.54902],[-63.08543,-17.54901],[-63.08544,-17.54901],[-63.08545,-17.54901],[-63.08545,-17.549],[-63.08546,-17.549],[-63.08547,-17.549],[-63.08548,-17.549],[-63.08549,-17.549],[-63.0855,-17.54899],[-63.08551,-17.54899]]},"properties":{"description":"Acera","styleUrl":"#line5","stroke-opacity":1,"stroke":"#FF7F00","stroke-width":1,"name":"FONDO"}},
{"type":"Feature","geometry":{"type":"LineString","coordinates":[[-63.08787,-17.55179],[-63.08787,-17.55178],[-63.08787,-17.55177],[-63.08788,-17.55177],[-63.08788,-17.55176],[-63.08788,-17.55175],[-63.08789,-17.55175],[-63.08789,-17.55174],[-63.0879,-17.55174],[-63.0879,-17.55173],[-63.08791,-17.55173],[-63.08792,-17.55173],[-63.08792,-17.55172],[-63.08793,-17.55172],[-63.08794,-17.55172],[-63.08795,-17.55172],[-63.08796,-17.55172],[-63.08797,-17.55172],[-63.08798,-17.55172]]},"properties":{"description":"Acera","styleUrl":"#line5","stroke-opacity":1,"stroke":"#FF7F00","stroke-width":1,"name":"FONDO"}},
{"type":"Feature","geometry":{"type":"LineString","coordinates":[[-63.08773,-17.55166],[-63.08773,-17.55167],[-63.08774,-17.55167],[-63.08775,-17.55167],[-63.08776,-17.55167],[-63.08776,-17.55168],[-63.08777,-17.55168],[-63.08777,-17.55169],[-63.08778,-17.55169],[-63.08778,-17.5517],[-63.08779,-17.5517],[-63.08779,-17.55171],[-63.0878,-17.55171],[-63.0878,-17.55172],[-63.0878,-17.55173],[-63.0878,-17.55174],[-63.08781,-17.55174],[-63.08781,-17.55175],[-63.08781,-17.55176],[-63.0878,-17.55176],[-63.0878,-17.55177]]},"properties":{"description":"Acera","styleUrl":"#line5","stroke-opacity":1,"stroke":"#FF7F00","stroke-width":1,"name":"FONDO"}},
{"type":"Feature","geometry":{"type":"LineString","coordinates":[[-63.08631,-17.55145],[-63.08632,-17.55145],[-63.08632,-17.55144],[-63.08632,-17.55143],[-63.08633,-17.55143],[-63.08633,-17.55142],[-63.08633,-17.55141],[-63.08634,-17.55141],[-63.08635,-17.5514],[-63.08636,-17.5514],[-63.08636,-17.55139],[-63.08637,-17.55139],[-63.08638,-17.55139],[-63.08639,-17.55139],[-63.08639,-17.55138],[-63.0864,-17.55138],[-63.08641,-17.55138],[-63.08642,-17.55138],[-63.08642,-17.55139],[-63.08643,-17.55139]]},"properties":{"description":"Acera","styleUrl":"#line5","stroke-opacity":1,"stroke":"#FF7F00","stroke-width":1,"name":"FONDO"}},
{"type":"Feature","geometry":{"type":"LineString","coordinates":[[-63.08618,-17.55133],[-63.08619,-17.55134],[-63.0862,-17.55134],[-63.08621,-17.55134],[-63.08621,-17.55135],[-63.08622,-17.55135],[-63.08622,-17.55136],[-63.08623,-17.55136],[-63.08623,-17.55137],[-63.08624,-17.55137],[-63.08624,-17.55138],[-63.08624,-17.55139],[-63.08625,-17.55139],[-63.08625,-17.5514],[-63.08625,-17.55141],[-63.08625,-17.55142],[-63.08625,-17.55143],[-63.08625,-17.55144]]},"properties":{"description":"Acera","styleUrl":"#line5","stroke-opacity":1,"stroke":"#FF7F00","stroke-width":1,"name":"FONDO"}},
{"type":"Feature","geometry":{"type":"LineString","coordinates":[[-63.08865,-17.55186],[-63.08888,-17.55191]]},"properties":{"description":"Acera","styleUrl":"#line5","stroke-opacity":1,"stroke":"#FF7F00","stroke-width":1,"name":"FONDO"}},
{"type":"Feature","geometry":{"type":"LineString","coordinates":[[-63.08854,-17.55193],[-63.08854,-17.55192],[-63.08854,-17.55191],[-63.08855,-17.55191],[-63.08855,-17.5519],[-63.08856,-17.5519],[-63.08856,-17.55189],[-63.08857,-17.55188],[-63.08858,-17.55188],[-63.08858,-17.55187],[-63.08859,-17.55187],[-63.0886,-17.55187],[-63.0886,-17.55186],[-63.08861,-17.55186],[-63.08862,-17.55186],[-63.08863,-17.55186],[-63.08864,-17.55186],[-63.08865,-17.55186]]},"properties":{"description":"Acera","styleUrl":"#line5","stroke-opacity":1,"stroke":"#FF7F00","stroke-width":1,"name":"FONDO"}},
{"type":"Feature","geometry":{"type":"LineString","coordinates":[[-63.0884,-17.55181],[-63.08841,-17.55181],[-63.08842,-17.55181],[-63.08842,-17.55182],[-63.08843,-17.55182],[-63.08844,-17.55182],[-63.08844,-17.55183],[-63.08845,-17.55183],[-63.08845,-17.55184],[-63.08846,-17.55184],[-63.08846,-17.55185],[-63.08847,-17.55185],[-63.08847,-17.55186],[-63.08847,-17.55187],[-63.08847,-17.55188],[-63.08848,-17.55188],[-63.08848,-17.55189],[-63.08848,-17.5519],[-63.08848,-17.55191],[-63.08847,-17.55192]]},"properties":{"description":"Acera","styleUrl":"#line5","stroke-opacity":1,"stroke":"#FF7F00","stroke-width":1,"name":"FONDO"}},
{"type":"Feature","geometry":{"type":"LineString","coordinates":[[-63.0871,-17.55164],[-63.0871,-17.55163],[-63.0871,-17.55162],[-63.0871,-17.55161],[-63.08711,-17.55161],[-63.08711,-17.5516],[-63.08712,-17.5516],[-63.08712,-17.55159],[-63.08713,-17.55159],[-63.08713,-17.55158],[-63.08714,-17.55158],[-63.08714,-17.55157],[-63.08715,-17.55157],[-63.08716,-17.55157],[-63.08716,-17.55156],[-63.08717,-17.55156],[-63.08718,-17.55156],[-63.08719,-17.55156],[-63.0872,-17.55156],[-63.08721,-17.55156],[-63.08722,-17.55156],[-63.08723,-17.55156]]},"properties":{"description":"Acera","styleUrl":"#line5","stroke-opacity":1,"stroke":"#FF7F00","stroke-width":1,"name":"FONDO"}},
{"type":"Feature","geometry":{"type":"LineString","coordinates":[[-63.08693,-17.55149],[-63.08693,-17.5515],[-63.08694,-17.5515],[-63.08695,-17.5515],[-63.08696,-17.5515],[-63.08696,-17.55151],[-63.08697,-17.55151],[-63.08697,-17.55152],[-63.08698,-17.55152],[-63.08699,-17.55153],[-63.08699,-17.55154],[-63.087,-17.55154],[-63.087,-17.55155],[-63.08701,-17.55155],[-63.08701,-17.55156],[-63.08701,-17.55157],[-63.08701,-17.55158],[-63.08701,-17.55159],[-63.08702,-17.55159],[-63.08702,-17.5516],[-63.08702,-17.55161],[-63.08701,-17.55161],[-63.08701,-17.55162]]},"properties":{"description":"Acera","styleUrl":"#line5","stroke-opacity":1,"stroke":"#FF7F00","stroke-width":1,"name":"FONDO"}},
{"type":"Feature","geometry":{"type":"LineString","coordinates":[[-63.08785,-17.55152],[-63.08795,-17.5492]]},"properties":{"description":"Acera","styleUrl":"#line5","stroke-opacity":1,"stroke":"#FF7F00","stroke-width":1,"name":"FONDO"}},
{"type":"Feature","geometry":{"type":"LineString","coordinates":[[-63.08792,-17.55156],[-63.08801,-17.5492]]},"properties":{"description":"Acera","styleUrl":"#line5","stroke-opacity":1,"stroke":"#FF7F00","stroke-width":1,"name":"FONDO"}},
{"type":"Feature","geometry":{"type":"LineString","coordinates":[[-63.08634,-17.55123],[-63.08642,-17.54917]]},"properties":{"description":"Acera","styleUrl":"#line5","stroke-opacity":1,"stroke":"#FF7F00","stroke-width":1,"name":"FONDO"}},
{"type":"Feature","geometry":{"type":"LineString","coordinates":[[-63.08627,-17.55118],[-63.08635,-17.54932]]},"properties":{"description":"Acera","styleUrl":"#line5","stroke-opacity":1,"stroke":"#FF7F00","stroke-width":1,"name":"FONDO"}},
{"type":"Feature","geometry":{"type":"LineString","coordinates":[[-63.08563,-17.55106],[-63.08608,-17.54918]]},"properties":{"description":"Acera","styleUrl":"#line5","stroke-opacity":1,"stroke":"#FF7F00","stroke-width":1,"name":"FONDO"}},
{"type":"Feature","geometry":{"type":"LineString","coordinates":[[-63.0857,-17.55107],[-63.08612,-17.54929]]},"properties":{"description":"Acera","styleUrl":"#line5","stroke-opacity":1,"stroke":"#FF7F00","stroke-width":1,"name":"FONDO"}},
{"type":"Feature","geometry":{"type":"LineString","coordinates":[[-63.08705,-17.55132],[-63.08714,-17.5492]]},"properties":{"description":"Acera","styleUrl":"#line5","stroke-opacity":1,"stroke":"#FF7F00","stroke-width":1,"name":"FONDO"}},
{"type":"Feature","geometry":{"type":"LineString","coordinates":[[-63.08714,-17.55138],[-63.08722,-17.5492]]},"properties":{"description":"Acera","styleUrl":"#line5","stroke-opacity":1,"stroke":"#FF7F00","stroke-width":1,"name":"FONDO"}},
{"type":"Feature","geometry":{"type":"LineString","coordinates":[[-63.08785,-17.54911],[-63.08734,-17.5491]]},"properties":{"description":"Acera","styleUrl":"#line5","stroke-opacity":1,"stroke":"#FF7F00","stroke-width":1,"name":"FONDO"}},
{"type":"Feature","geometry":{"type":"LineString","coordinates":[[-63.08703,-17.54909],[-63.08652,-17.54908]]},"properties":{"description":"Acera","styleUrl":"#line5","stroke-opacity":1,"stroke":"#FF7F00","stroke-width":1,"name":"FONDO"}},
{"type":"Feature","geometry":{"type":"LineString","coordinates":[[-63.08599,-17.54907],[-63.08555,-17.54906]]},"properties":{"description":"Acera","styleUrl":"#line5","stroke-opacity":1,"stroke":"#FF7F00","stroke-width":1,"name":"FONDO"}},
{"type":"Feature","geometry":{"type":"LineString","coordinates":[[-63.08642,-17.54917],[-63.08642,-17.54916],[-63.08642,-17.54915],[-63.08642,-17.54914],[-63.08643,-17.54914],[-63.08643,-17.54913],[-63.08643,-17.54912],[-63.08644,-17.54912],[-63.08644,-17.54911],[-63.08645,-17.54911],[-63.08645,-17.5491],[-63.08646,-17.5491],[-63.08646,-17.54909],[-63.08647,-17.54909],[-63.08648,-17.54909],[-63.08648,-17.54908],[-63.08649,-17.54908],[-63.0865,-17.54908],[-63.08651,-17.54908],[-63.08652,-17.54908]]},"properties":{"description":"Acera","styleUrl":"#line5","stroke-opacity":1,"stroke":"#FF7F00","stroke-width":1,"name":"FONDO"}},
{"type":"Feature","geometry":{"type":"LineString","coordinates":[[-63.08599,-17.54907],[-63.086,-17.54907],[-63.08601,-17.54907],[-63.08602,-17.54907],[-63.08603,-17.54907],[-63.08603,-17.54908],[-63.08604,-17.54908],[-63.08604,-17.54909],[-63.08605,-17.54909],[-63.08606,-17.54909],[-63.08606,-17.5491],[-63.08607,-17.5491],[-63.08607,-17.54911],[-63.08607,-17.54912],[-63.08608,-17.54912],[-63.08608,-17.54913],[-63.08608,-17.54914],[-63.08608,-17.54915],[-63.08608,-17.54916],[-63.08608,-17.54917],[-63.08608,-17.54918]]},"properties":{"description":"Acera","styleUrl":"#line5","stroke-opacity":1,"stroke":"#FF7F00","stroke-width":1,"name":"FONDO"}},
{"type":"Feature","geometry":{"type":"LineString","coordinates":[[-63.08785,-17.54911],[-63.08786,-17.54911],[-63.08787,-17.54911],[-63.08788,-17.54911],[-63.08788,-17.54912],[-63.08789,-17.54912],[-63.0879,-17.54912],[-63.0879,-17.54913],[-63.08791,-17.54913],[-63.08792,-17.54913],[-63.08792,-17.54914],[-63.08793,-17.54914],[-63.08793,-17.54915],[-63.08793,-17.54916],[-63.08794,-17.54916],[-63.08794,-17.54917],[-63.08794,-17.54918],[-63.08794,-17.54919],[-63.08795,-17.54919],[-63.08795,-17.5492]]},"properties":{"description":"Acera","styleUrl":"#line5","stroke-opacity":1,"stroke":"#FF7F00","stroke-width":1,"name":"FONDO"}},
{"type":"Feature","geometry":{"type":"LineString","coordinates":[[-63.08801,-17.5492],[-63.08801,-17.54919],[-63.08801,-17.54918],[-63.08802,-17.54918],[-63.08802,-17.54917],[-63.08802,-17.54916],[-63.08803,-17.54916],[-63.08803,-17.54915],[-63.08804,-17.54915],[-63.08804,-17.54914],[-63.08805,-17.54914],[-63.08805,-17.54913],[-63.08806,-17.54913],[-63.08806,-17.54912],[-63.08807,-17.54912],[-63.08808,-17.54912],[-63.08809,-17.54912],[-63.0881,-17.54912],[-63.08811,-17.54912]]},"properties":{"description":"Acera","styleUrl":"#line5","stroke-opacity":1,"stroke":"#FF7F00","stroke-width":1,"name":"FONDO"}},
{"type":"Feature","geometry":{"type":"LineString","coordinates":[[-63.0885,-17.54912],[-63.0885,-17.54913],[-63.08851,-17.54913],[-63.08852,-17.54913],[-63.08853,-17.54913],[-63.08854,-17.54913],[-63.08855,-17.54914],[-63.08856,-17.54914],[-63.08856,-17.54915],[-63.08857,-17.54915],[-63.08857,-17.54916],[-63.08858,-17.54916],[-63.08858,-17.54917],[-63.08859,-17.54917],[-63.08859,-17.54918],[-63.08859,-17.54919],[-63.08859,-17.5492],[-63.08859,-17.54921],[-63.0886,-17.54921],[-63.0886,-17.54922]]},"properties":{"description":"Acera","styleUrl":"#line5","stroke-opacity":1,"stroke":"#FF7F00","stroke-width":1,"name":"FONDO"}},
{"type":"Feature","geometry":{"type":"LineString","coordinates":[[-63.08851,-17.54906],[-63.08852,-17.54906],[-63.08853,-17.54906],[-63.08853,-17.54907],[-63.08854,-17.54907],[-63.08855,-17.54907],[-63.08856,-17.54907],[-63.08857,-17.54907],[-63.08857,-17.54908],[-63.08858,-17.54908],[-63.08859,-17.54908],[-63.08859,-17.54909],[-63.0886,-17.54909],[-63.0886,-17.5491],[-63.08861,-17.5491],[-63.08861,-17.54911],[-63.08862,-17.54911],[-63.08862,-17.54912],[-63.08863,-17.54912],[-63.08863,-17.54913],[-63.08864,-17.54913],[-63.08864,-17.54914],[-63.08864,-17.54915],[-63.08865,-17.54915],[-63.08865,-17.54916],[-63.08865,-17.54917],[-63.08866,-17.54917],[-63.08866,-17.54918],[-63.08866,-17.54919],[-63.08866,-17.5492],[-63.08866,-17.54921],[-63.08866,-17.54922]]},"properties":{"description":"Acera","styleUrl":"#line5","stroke-opacity":1,"stroke":"#FF7F00","stroke-width":1,"name":"FONDO"}},
{"type":"Feature","geometry":{"type":"LineString","coordinates":[[-63.08863,-17.55179],[-63.08889,-17.55185]]},"properties":{"description":"Acera","styleUrl":"#line5","stroke-opacity":1,"stroke":"#FF7F00","stroke-width":1,"name":"FONDO"}},
{"type":"Feature","geometry":{"type":"LineString","coordinates":[[-63.08863,-17.55179],[-63.08862,-17.55179],[-63.08861,-17.55179],[-63.08861,-17.55178],[-63.0886,-17.55178],[-63.0886,-17.55177],[-63.08859,-17.55177],[-63.08858,-17.55176],[-63.08858,-17.55175],[-63.08857,-17.55175],[-63.08857,-17.55174],[-63.08857,-17.55173],[-63.08856,-17.55173],[-63.08856,-17.55172],[-63.08856,-17.55171],[-63.08856,-17.5517]]},"properties":{"description":"Acera","styleUrl":"#line5","stroke-opacity":1,"stroke":"#FF7F00","stroke-width":1,"name":"FONDO"}},
{"type":"Feature","geometry":{"type":"LineString","coordinates":[[-63.0885,-17.55165],[-63.0885,-17.55166],[-63.0885,-17.55167],[-63.08849,-17.55167],[-63.08849,-17.55168],[-63.08849,-17.55169],[-63.08848,-17.55169],[-63.08848,-17.5517],[-63.08848,-17.55171],[-63.08847,-17.55171],[-63.08847,-17.55172],[-63.08846,-17.55172],[-63.08846,-17.55173],[-63.08845,-17.55173],[-63.08844,-17.55173],[-63.08844,-17.55174],[-63.08843,-17.55174],[-63.08842,-17.55174],[-63.08841,-17.55174],[-63.0884,-17.55174],[-63.08839,-17.55174],[-63.08838,-17.55174]]},"properties":{"description":"Acera","styleUrl":"#line5","stroke-opacity":1,"stroke":"#FF7F00","stroke-width":1,"name":"FONDO"}},
{"type":"Feature","geometry":{"type":"LineString","coordinates":[[-63.08799,-17.55166],[-63.08799,-17.55165],[-63.08798,-17.55165],[-63.08797,-17.55165],[-63.08796,-17.55165],[-63.08796,-17.55164],[-63.08795,-17.55164],[-63.08795,-17.55163],[-63.08794,-17.55163],[-63.08794,-17.55162],[-63.08793,-17.55162],[-63.08793,-17.55161],[-63.08792,-17.55161],[-63.08792,-17.5516],[-63.08792,-17.55159],[-63.08792,-17.55158],[-63.08792,-17.55157],[-63.08792,-17.55156]]},"properties":{"description":"Acera","styleUrl":"#line5","stroke-opacity":1,"stroke":"#FF7F00","stroke-width":1,"name":"FONDO"}},
{"type":"Feature","geometry":{"type":"LineString","coordinates":[[-63.08785,-17.55152],[-63.08785,-17.55153],[-63.08785,-17.55154],[-63.08785,-17.55155],[-63.08784,-17.55155],[-63.08784,-17.55156],[-63.08783,-17.55156],[-63.08783,-17.55157],[-63.08783,-17.55158],[-63.08782,-17.55158],[-63.08781,-17.55158],[-63.08781,-17.55159],[-63.0878,-17.55159],[-63.0878,-17.5516],[-63.08779,-17.5516],[-63.08778,-17.5516],[-63.08777,-17.5516],[-63.08776,-17.5516],[-63.08775,-17.5516],[-63.08774,-17.5516]]},"properties":{"description":"Acera","styleUrl":"#line5","stroke-opacity":1,"stroke":"#FF7F00","stroke-width":1,"name":"FONDO"}},
{"type":"Feature","geometry":{"type":"LineString","coordinates":[[-63.08641,-17.55132],[-63.0864,-17.55132],[-63.0864,-17.55131],[-63.08639,-17.55131],[-63.08638,-17.55131],[-63.08638,-17.5513],[-63.08637,-17.5513],[-63.08636,-17.55129],[-63.08636,-17.55128],[-63.08635,-17.55128],[-63.08635,-17.55127],[-63.08634,-17.55127],[-63.08634,-17.55126],[-63.08634,-17.55125],[-63.08634,-17.55124],[-63.08634,-17.55123]]},"properties":{"description":"Acera","styleUrl":"#line5","stroke-opacity":1,"stroke":"#FF7F00","stroke-width":1,"name":"FONDO"}},
{"type":"Feature","geometry":{"type":"LineString","coordinates":[[-63.08627,-17.55118],[-63.08627,-17.55119],[-63.08627,-17.5512],[-63.08627,-17.55121],[-63.08626,-17.55121],[-63.08626,-17.55122],[-63.08626,-17.55123],[-63.08625,-17.55123],[-63.08625,-17.55124],[-63.08624,-17.55124],[-63.08624,-17.55125],[-63.08623,-17.55125],[-63.08622,-17.55125],[-63.08622,-17.55126],[-63.08621,-17.55126],[-63.0862,-17.55126],[-63.08619,-17.55126],[-63.08619,-17.55127],[-63.08618,-17.55127],[-63.08617,-17.55127],[-63.08616,-17.55127],[-63.08616,-17.55126]]},"properties":{"description":"Acera","styleUrl":"#line5","stroke-opacity":1,"stroke":"#FF7F00","stroke-width":1,"name":"FONDO"}},
{"type":"Feature","geometry":{"type":"LineString","coordinates":[[-63.08577,-17.55118],[-63.08616,-17.55126]]},"properties":{"description":"Acera","styleUrl":"#line5","stroke-opacity":1,"stroke":"#FF7F00","stroke-width":1,"name":"FONDO"}},
{"type":"Feature","geometry":{"type":"LineString","coordinates":[[-63.08577,-17.55118],[-63.08576,-17.55118],[-63.08575,-17.55118],[-63.08575,-17.55117],[-63.08574,-17.55117],[-63.08573,-17.55117],[-63.08573,-17.55116],[-63.08572,-17.55116],[-63.08572,-17.55115],[-63.08571,-17.55115],[-63.08571,-17.55114],[-63.08571,-17.55113],[-63.0857,-17.55113],[-63.0857,-17.55112],[-63.0857,-17.55111],[-63.0857,-17.5511],[-63.0857,-17.55109],[-63.0857,-17.55108],[-63.0857,-17.55107]]},"properties":{"description":"Acera","styleUrl":"#line5","stroke-opacity":1,"stroke":"#FF7F00","stroke-width":1,"name":"FONDO"}},
{"type":"Feature","geometry":{"type":"LineString","coordinates":[[-63.08563,-17.55106],[-63.08563,-17.55107],[-63.08563,-17.55108],[-63.08562,-17.55108],[-63.08562,-17.55109],[-63.08562,-17.5511],[-63.08561,-17.5511],[-63.08561,-17.55111],[-63.0856,-17.55111],[-63.08559,-17.55111],[-63.08559,-17.55112],[-63.08558,-17.55112],[-63.08557,-17.55112],[-63.08557,-17.55113],[-63.08556,-17.55113],[-63.08555,-17.55113],[-63.08554,-17.55113],[-63.08553,-17.55113],[-63.08552,-17.55113]]},"properties":{"description":"Acera","styleUrl":"#line5","stroke-opacity":1,"stroke":"#FF7F00","stroke-width":1,"name":"FONDO"}},
{"type":"Feature","geometry":{"type":"LineString","coordinates":[[-63.08722,-17.55149],[-63.08721,-17.55149],[-63.0872,-17.55149],[-63.0872,-17.55148],[-63.08719,-17.55148],[-63.08718,-17.55148],[-63.08718,-17.55147],[-63.08717,-17.55147],[-63.08717,-17.55146],[-63.08716,-17.55146],[-63.08716,-17.55145],[-63.08715,-17.55145],[-63.08715,-17.55144],[-63.08715,-17.55143],[-63.08714,-17.55143],[-63.08714,-17.55142],[-63.08714,-17.55141],[-63.08714,-17.5514],[-63.08714,-17.55139],[-63.08714,-17.55138]]},"properties":{"description":"Acera","styleUrl":"#line5","stroke-opacity":1,"stroke":"#FF7F00","stroke-width":1,"name":"FONDO"}},
{"type":"Feature","geometry":{"type":"LineString","coordinates":[[-63.08705,-17.55132],[-63.08705,-17.55133],[-63.08705,-17.55134],[-63.08705,-17.55135],[-63.08705,-17.55136],[-63.08704,-17.55136],[-63.08704,-17.55137],[-63.08704,-17.55138],[-63.08703,-17.55138],[-63.08703,-17.55139],[-63.08702,-17.55139],[-63.08702,-17.5514],[-63.08701,-17.5514],[-63.08701,-17.55141],[-63.087,-17.55141],[-63.08699,-17.55141],[-63.08699,-17.55142],[-63.08698,-17.55142],[-63.08697,-17.55142],[-63.08697,-17.55143],[-63.08696,-17.55143],[-63.08695,-17.55143],[-63.08694,-17.55143],[-63.08693,-17.55143],[-63.08692,-17.55143]]},"properties":{"description":"Acera","styleUrl":"#line5","stroke-opacity":1,"stroke":"#FF7F00","stroke-width":1,"name":"FONDO"}},
{"type":"Feature","geometry":{"type":"LineString","coordinates":[[-63.08722,-17.5492],[-63.08722,-17.54919],[-63.08723,-17.54919],[-63.08723,-17.54918],[-63.08723,-17.54917],[-63.08723,-17.54916],[-63.08724,-17.54916],[-63.08724,-17.54915],[-63.08724,-17.54914],[-63.08725,-17.54914],[-63.08725,-17.54913],[-63.08726,-17.54913],[-63.08726,-17.54912],[-63.08727,-17.54912],[-63.08728,-17.54912],[-63.08728,-17.54911],[-63.08729,-17.54911],[-63.0873,-17.54911],[-63.0873,-17.5491],[-63.08731,-17.5491],[-63.08732,-17.5491],[-63.08733,-17.5491],[-63.08734,-17.5491]]},"properties":{"description":"Acera","styleUrl":"#line5","stroke-opacity":1,"stroke":"#FF7F00","stroke-width":1,"name":"FONDO"}},
{"type":"Feature","geometry":{"type":"LineString","coordinates":[[-63.08703,-17.54909],[-63.08704,-17.54909],[-63.08705,-17.54909],[-63.08705,-17.5491],[-63.08706,-17.5491],[-63.08707,-17.5491],[-63.08708,-17.5491],[-63.08708,-17.54911],[-63.08709,-17.54911],[-63.0871,-17.54911],[-63.0871,-17.54912],[-63.08711,-17.54912],[-63.08711,-17.54913],[-63.08712,-17.54913],[-63.08712,-17.54914],[-63.08712,-17.54915],[-63.08713,-17.54915],[-63.08713,-17.54916],[-63.08713,-17.54917],[-63.08714,-17.54917],[-63.08714,-17.54918],[-63.08714,-17.54919],[-63.08714,-17.5492]]},"properties":{"description":"Acera","styleUrl":"#line5","stroke-opacity":1,"stroke":"#FF7F00","stroke-width":1,"name":"FONDO"}},
{"type":"Feature","geometry":{"type":"LineString","coordinates":[[-63.08612,-17.54929],[-63.08612,-17.54928],[-63.08613,-17.54928],[-63.08613,-17.54927],[-63.08613,-17.54926],[-63.08614,-17.54926],[-63.08614,-17.54925],[-63.08615,-17.54924],[-63.08615,-17.54923],[-63.08616,-17.54923],[-63.08617,-17.54923],[-63.08617,-17.54922],[-63.08618,-17.54922],[-63.08618,-17.54921],[-63.08619,-17.54921],[-63.0862,-17.54921],[-63.08621,-17.54921],[-63.08621,-17.5492],[-63.08622,-17.5492],[-63.08623,-17.5492],[-63.08624,-17.5492],[-63.08625,-17.5492],[-63.08626,-17.5492],[-63.08626,-17.54921],[-63.08627,-17.54921],[-63.08628,-17.54921],[-63.08629,-17.54921],[-63.08629,-17.54922],[-63.0863,-17.54922],[-63.0863,-17.54923],[-63.08631,-17.54923],[-63.08632,-17.54924],[-63.08632,-17.54925],[-63.08633,-17.54925],[-63.08633,-17.54926],[-63.08634,-17.54926],[-63.08634,-17.54927],[-63.08634,-17.54928],[-63.08634,-17.54929],[-63.08635,-17.54929],[-63.08635,-17.5493],[-63.08635,-17.54931],[-63.08635,-17.54932]]},"properties":{"description":"Acera","styleUrl":"#line5","stroke-opacity":1,"stroke":"#FF7F00","stroke-width":1,"name":"FONDO"}},
{"type":"Feature","geometry":{"type":"LineString","coordinates":[[-63.08895,-17.55184],[-63.08895,-17.55183],[-63.08896,-17.55183],[-63.08897,-17.55183],[-63.08897,-17.55182],[-63.08898,-17.55182],[-63.08899,-17.55182],[-63.089,-17.55182],[-63.08901,-17.55182],[-63.08902,-17.55182],[-63.08903,-17.55182],[-63.08904,-17.55182],[-63.08905,-17.55182],[-63.08905,-17.55183],[-63.08906,-17.55183],[-63.08907,-17.55183],[-63.08907,-17.55184],[-63.08908,-17.55184],[-63.08908,-17.55185],[-63.08909,-17.55185],[-63.08909,-17.55186],[-63.08909,-17.55187],[-63.0891,-17.55187],[-63.0891,-17.55188],[-63.0891,-17.55189],[-63.0891,-17.5519],[-63.0891,-17.55191],[-63.0891,-17.55192],[-63.0891,-17.55193],[-63.0891,-17.55194],[-63.08909,-17.55195],[-63.08909,-17.55196],[-63.08908,-17.55196],[-63.08908,-17.55197],[-63.08907,-17.55197],[-63.08907,-17.55198],[-63.08906,-17.55198],[-63.08905,-17.55199],[-63.08904,-17.55199],[-63.08903,-17.55199],[-63.08902,-17.55199],[-63.08902,-17.552],[-63.08901,-17.552],[-63.089,-17.552],[-63.089,-17.55199],[-63.08899,-17.55199],[-63.08898,-17.55199],[-63.08897,-17.55199],[-63.08896,-17.55198],[-63.08895,-17.55198],[-63.08895,-17.55197],[-63.08894,-17.55197],[-63.08894,-17.55196],[-63.08893,-17.55196],[-63.08893,-17.55195],[-63.08892,-17.55194]]},"properties":{"description":"Acera","styleUrl":"#line5","stroke-opacity":1,"stroke":"#FF7F00","stroke-width":1,"name":"FONDO"}},
{"type":"Feature","geometry":{"type":"LineString","coordinates":[[-63.08888,-17.55191],[-63.08889,-17.55191],[-63.08889,-17.55192],[-63.0889,-17.55192],[-63.08891,-17.55192],[-63.08891,-17.55193],[-63.08892,-17.55193],[-63.08892,-17.55194]]},"properties":{"description":"Acera","styleUrl":"#line5","stroke-opacity":1,"stroke":"#FF7F00","stroke-width":1,"name":"FONDO"}},
{"type":"Feature","geometry":{"type":"LineString","coordinates":[[-63.08895,-17.55184],[-63.08894,-17.55184],[-63.08893,-17.55184],[-63.08893,-17.55185],[-63.08892,-17.55185],[-63.08891,-17.55185],[-63.0889,-17.55185],[-63.08889,-17.55185]]},"properties":{"description":"Acera","styleUrl":"#line5","stroke-opacity":1,"stroke":"#FF7F00","stroke-width":1,"name":"FONDO"}},
{"type":"Feature","geometry":{"type":"LineString","coordinates":[[-63.08724,-17.55736],[-63.08731,-17.55708]]},"properties":{"description":"Acera","styleUrl":"#line5","stroke-opacity":1,"stroke":"#FF7F00","stroke-width":1,"name":"FONDO"}},
{"type":"Feature","geometry":{"type":"LineString","coordinates":[[-63.08731,-17.55747],[-63.0873,-17.55747],[-63.0873,-17.55746],[-63.08729,-17.55746],[-63.08728,-17.55746],[-63.08728,-17.55745],[-63.08727,-17.55745],[-63.08727,-17.55744],[-63.08726,-17.55744],[-63.08726,-17.55743],[-63.08725,-17.55743],[-63.08725,-17.55742],[-63.08725,-17.55741],[-63.08724,-17.55741],[-63.08724,-17.5574],[-63.08724,-17.55739],[-63.08724,-17.55738],[-63.08724,-17.55737],[-63.08724,-17.55736]]},"properties":{"description":"Acera","styleUrl":"#line5","stroke-opacity":1,"stroke":"#FF7F00","stroke-width":1,"name":"FONDO"}},
{"type":"Feature","geometry":{"type":"LineString","coordinates":[[-63.08734,-17.55748],[-63.08731,-17.55747]]},"properties":{"description":"Acera","styleUrl":"#line5","stroke-opacity":1,"stroke":"#FF7F00","stroke-width":1,"name":"FONDO"}},
{"type":"Feature","geometry":{"type":"LineString","coordinates":[[-63.08743,-17.55701],[-63.08752,-17.55703]]},"properties":{"description":"Acera","styleUrl":"#line5","stroke-opacity":1,"stroke":"#FF7F00","stroke-width":1,"name":"FONDO"}},
{"type":"Feature","geometry":{"type":"LineString","coordinates":[[-63.08731,-17.55708],[-63.08731,-17.55707],[-63.08732,-17.55707],[-63.08732,-17.55706],[-63.08732,-17.55705],[-63.08733,-17.55705],[-63.08733,-17.55704],[-63.08734,-17.55703],[-63.08735,-17.55703],[-63.08735,-17.55702],[-63.08736,-17.55702],[-63.08736,-17.55701],[-63.08737,-17.55701],[-63.08738,-17.55701],[-63.08739,-17.55701],[-63.0874,-17.55701],[-63.08741,-17.55701],[-63.08742,-17.55701],[-63.08743,-17.55701]]},"properties":{"description":"Acera","styleUrl":"#line5","stroke-opacity":1,"stroke":"#FF7F00","stroke-width":1,"name":"FONDO"}},
{"type":"Feature","geometry":{"type":"LineString","coordinates":[[-63.08587,-17.56369],[-63.08578,-17.56365],[-63.08575,-17.56375]]},"properties":{"description":"Radios","styleUrl":"#line6","stroke-opacity":1,"stroke":"#000000","stroke-width":1,"name":"FONDO"}},
{"type":"Feature","geometry":{"type":"LineString","coordinates":[[-63.0856,-17.56358],[-63.08566,-17.5636],[-63.08565,-17.56367]]},"properties":{"description":"Radios","styleUrl":"#line6","stroke-opacity":1,"stroke":"#000000","stroke-width":1,"name":"FONDO"}},
{"type":"Feature","geometry":{"type":"LineString","coordinates":[[-63.08554,-17.5641],[-63.08552,-17.5642],[-63.08543,-17.56416]]},"properties":{"description":"Radios","styleUrl":"#line6","stroke-opacity":1,"stroke":"#000000","stroke-width":1,"name":"FONDO"}},
{"type":"Feature","geometry":{"type":"LineString","coordinates":[[-63.0857,-17.56427],[-63.08563,-17.56424],[-63.08565,-17.56418]]},"properties":{"description":"Radios","styleUrl":"#line6","stroke-opacity":1,"stroke":"#000000","stroke-width":1,"name":"FONDO"}},
{"type":"Feature","geometry":{"type":"LineString","coordinates":[[-63.08228,-17.56286],[-63.08222,-17.56284],[-63.08223,-17.56277]]},"properties":{"description":"Radios","styleUrl":"#line6","stroke-opacity":1,"stroke":"#000000","stroke-width":1,"name":"FONDO"}},
{"type":"Feature","geometry":{"type":"LineString","coordinates":[[-63.08245,-17.56228],[-63.08236,-17.56224],[-63.08234,-17.56234]]},"properties":{"description":"Radios","styleUrl":"#line6","stroke-opacity":1,"stroke":"#000000","stroke-width":1,"name":"FONDO"}},
{"type":"Feature","geometry":{"type":"LineString","coordinates":[[-63.08425,-17.56309],[-63.08426,-17.56303],[-63.0842,-17.563]]},"properties":{"description":"Radios","styleUrl":"#line6","stroke-opacity":1,"stroke":"#000000","stroke-width":1,"name":"FONDO"}},
{"type":"Feature","geometry":{"type":"LineString","coordinates":[[-63.08414,-17.56352],[-63.08412,-17.56362],[-63.08403,-17.56358]]},"properties":{"description":"Radios","styleUrl":"#line6","stroke-opacity":1,"stroke":"#000000","stroke-width":1,"name":"FONDO"}},
{"type":"Feature","geometry":{"type":"LineString","coordinates":[[-63.08433,-17.5637],[-63.08426,-17.56368],[-63.08428,-17.56361]]},"properties":{"description":"Radios","styleUrl":"#line6","stroke-opacity":1,"stroke":"#000000","stroke-width":1,"name":"FONDO"}},
{"type":"Feature","geometry":{"type":"LineString","coordinates":[[-63.0845,-17.56312],[-63.0844,-17.56309],[-63.08438,-17.56318]]},"properties":{"description":"Radios","styleUrl":"#line6","stroke-opacity":1,"stroke":"#000000","stroke-width":1,"name":"FONDO"}},
{"type":"Feature","geometry":{"type":"LineString","coordinates":[[-63.08572,-17.56337],[-63.08569,-17.56346],[-63.0856,-17.56342]]},"properties":{"description":"Radios","styleUrl":"#line6","stroke-opacity":1,"stroke":"#000000","stroke-width":1,"name":"FONDO"}},
{"type":"Feature","geometry":{"type":"LineString","coordinates":[[-63.08522,-17.56326],[-63.08517,-17.56324],[-63.08518,-17.56319]]},"properties":{"description":"Radios","styleUrl":"#line6","stroke-opacity":1,"stroke":"#000000","stroke-width":1,"name":"FONDO"}},
{"type":"Feature","geometry":{"type":"LineString","coordinates":[[-63.08507,-17.56312],[-63.08505,-17.5632],[-63.08498,-17.56317]]},"properties":{"description":"Radios","styleUrl":"#line6","stroke-opacity":1,"stroke":"#000000","stroke-width":1,"name":"FONDO"}},
{"type":"Feature","geometry":{"type":"LineString","coordinates":[[-63.08445,-17.56288],[-63.08444,-17.56294],[-63.0845,-17.56297]]},"properties":{"description":"Radios","styleUrl":"#line6","stroke-opacity":1,"stroke":"#000000","stroke-width":1,"name":"FONDO"}},
{"type":"Feature","geometry":{"type":"LineString","coordinates":[[-63.08432,-17.56279],[-63.0843,-17.56288],[-63.0842,-17.56285]]},"properties":{"description":"Radios","styleUrl":"#line6","stroke-opacity":1,"stroke":"#000000","stroke-width":1,"name":"FONDO"}},
{"type":"Feature","geometry":{"type":"LineString","coordinates":[[-63.08373,-17.56265],[-63.08368,-17.56263],[-63.08369,-17.56258]]},"properties":{"description":"Radios","styleUrl":"#line6","stroke-opacity":1,"stroke":"#000000","stroke-width":1,"name":"FONDO"}},
{"type":"Feature","geometry":{"type":"LineString","coordinates":[[-63.08358,-17.56251],[-63.08356,-17.56258],[-63.08349,-17.56255]]},"properties":{"description":"Radios","styleUrl":"#line6","stroke-opacity":1,"stroke":"#000000","stroke-width":1,"name":"FONDO"}},
{"type":"Feature","geometry":{"type":"LineString","coordinates":[[-63.08305,-17.56231],[-63.08304,-17.56237],[-63.08309,-17.56239]]},"properties":{"description":"Radios","styleUrl":"#line6","stroke-opacity":1,"stroke":"#000000","stroke-width":1,"name":"FONDO"}},
{"type":"Feature","geometry":{"type":"LineString","coordinates":[[-63.08294,-17.56224],[-63.08292,-17.56232],[-63.08285,-17.56229]]},"properties":{"description":"Radios","styleUrl":"#line6","stroke-opacity":1,"stroke":"#000000","stroke-width":1,"name":"FONDO"}},
{"type":"Feature","geometry":{"type":"LineString","coordinates":[[-63.08246,-17.56213],[-63.08239,-17.5621],[-63.08241,-17.56204]]},"properties":{"description":"Radios","styleUrl":"#line6","stroke-opacity":1,"stroke":"#000000","stroke-width":1,"name":"FONDO"}},
{"type":"Feature","geometry":{"type":"LineString","coordinates":[[-63.08274,-17.56103],[-63.08265,-17.56101],[-63.08263,-17.56109]]},"properties":{"description":"Radios","styleUrl":"#line6","stroke-opacity":1,"stroke":"#000000","stroke-width":1,"name":"FONDO"}},
{"type":"Feature","geometry":{"type":"LineString","coordinates":[[-63.08319,-17.5612],[-63.0832,-17.56114],[-63.08314,-17.56112]]},"properties":{"description":"Radios","styleUrl":"#line6","stroke-opacity":1,"stroke":"#000000","stroke-width":1,"name":"FONDO"}},
{"type":"Feature","geometry":{"type":"LineString","coordinates":[[-63.08339,-17.56118],[-63.08332,-17.56117],[-63.08331,-17.56123]]},"properties":{"description":"Radios","styleUrl":"#line6","stroke-opacity":1,"stroke":"#000000","stroke-width":1,"name":"FONDO"}},
{"type":"Feature","geometry":{"type":"LineString","coordinates":[[-63.08386,-17.56135],[-63.08387,-17.56129],[-63.08381,-17.56128]]},"properties":{"description":"Radios","styleUrl":"#line6","stroke-opacity":1,"stroke":"#000000","stroke-width":1,"name":"FONDO"}},
{"type":"Feature","geometry":{"type":"LineString","coordinates":[[-63.08406,-17.56133],[-63.08399,-17.56132],[-63.08398,-17.56138]]},"properties":{"description":"Radios","styleUrl":"#line6","stroke-opacity":1,"stroke":"#000000","stroke-width":1,"name":"FONDO"}},
{"type":"Feature","geometry":{"type":"LineString","coordinates":[[-63.08461,-17.56154],[-63.08463,-17.56147],[-63.08455,-17.56145]]},"properties":{"description":"Radios","styleUrl":"#line6","stroke-opacity":1,"stroke":"#000000","stroke-width":1,"name":"FONDO"}},
{"type":"Feature","geometry":{"type":"LineString","coordinates":[[-63.08486,-17.56152],[-63.08478,-17.5615],[-63.08476,-17.56158]]},"properties":{"description":"Radios","styleUrl":"#line6","stroke-opacity":1,"stroke":"#000000","stroke-width":1,"name":"FONDO"}},
{"type":"Feature","geometry":{"type":"LineString","coordinates":[[-63.0854,-17.56173],[-63.08542,-17.56165],[-63.08534,-17.56163]]},"properties":{"description":"Radios","styleUrl":"#line6","stroke-opacity":1,"stroke":"#000000","stroke-width":1,"name":"FONDO"}},
{"type":"Feature","geometry":{"type":"LineString","coordinates":[[-63.08552,-17.56175],[-63.08554,-17.56167],[-63.08562,-17.56169]]},"properties":{"description":"Radios","styleUrl":"#line6","stroke-opacity":1,"stroke":"#000000","stroke-width":1,"name":"FONDO"}},
{"type":"Feature","geometry":{"type":"LineString","coordinates":[[-63.08603,-17.56179],[-63.08609,-17.5618],[-63.08608,-17.56186]]},"properties":{"description":"Radios","styleUrl":"#line6","stroke-opacity":1,"stroke":"#000000","stroke-width":1,"name":"FONDO"}},
{"type":"Feature","geometry":{"type":"LineString","coordinates":[[-63.08806,-17.56433],[-63.08803,-17.56442],[-63.08794,-17.56439]]},"properties":{"description":"Radios","styleUrl":"#line6","stroke-opacity":1,"stroke":"#000000","stroke-width":1,"name":"FONDO"}},
{"type":"Feature","geometry":{"type":"LineString","coordinates":[[-63.08583,-17.56344],[-63.08581,-17.56351],[-63.08587,-17.56354]]},"properties":{"description":"Radios","styleUrl":"#line6","stroke-opacity":1,"stroke":"#000000","stroke-width":1,"name":"FONDO"}},
{"type":"Feature","geometry":{"type":"LineString","coordinates":[[-63.08593,-17.563],[-63.08595,-17.56293],[-63.08602,-17.56296]]},"properties":{"description":"Radios","styleUrl":"#line6","stroke-opacity":1,"stroke":"#000000","stroke-width":1,"name":"FONDO"}},
{"type":"Feature","geometry":{"type":"LineString","coordinates":[[-63.08599,-17.56276],[-63.08598,-17.56281],[-63.08603,-17.56283]]},"properties":{"description":"Radios","styleUrl":"#line6","stroke-opacity":1,"stroke":"#000000","stroke-width":1,"name":"FONDO"}},
{"type":"Feature","geometry":{"type":"LineString","coordinates":[[-63.08609,-17.56235],[-63.0861,-17.56227],[-63.08618,-17.5623]]},"properties":{"description":"Radios","styleUrl":"#line6","stroke-opacity":1,"stroke":"#000000","stroke-width":1,"name":"FONDO"}},
{"type":"Feature","geometry":{"type":"LineString","coordinates":[[-63.08614,-17.5621],[-63.08613,-17.56216],[-63.08618,-17.56218]]},"properties":{"description":"Radios","styleUrl":"#line6","stroke-opacity":1,"stroke":"#000000","stroke-width":1,"name":"FONDO"}},
{"type":"Feature","geometry":{"type":"LineString","coordinates":[[-63.08627,-17.56184],[-63.08621,-17.56183],[-63.08619,-17.56189]]},"properties":{"description":"Radios","styleUrl":"#line6","stroke-opacity":1,"stroke":"#000000","stroke-width":1,"name":"FONDO"}},
{"type":"Feature","geometry":{"type":"LineString","coordinates":[[-63.08839,-17.56298],[-63.08837,-17.56308],[-63.08828,-17.56304]]},"properties":{"description":"Radios","styleUrl":"#line6","stroke-opacity":1,"stroke":"#000000","stroke-width":1,"name":"FONDO"}},
{"type":"Feature","geometry":{"type":"LineString","coordinates":[[-63.08832,-17.56326],[-63.08834,-17.56319],[-63.08827,-17.56317]]},"properties":{"description":"Radios","styleUrl":"#line6","stroke-opacity":1,"stroke":"#000000","stroke-width":1,"name":"FONDO"}},
{"type":"Feature","geometry":{"type":"LineString","coordinates":[[-63.08823,-17.56363],[-63.08821,-17.56373],[-63.08811,-17.56369]]},"properties":{"description":"Radios","styleUrl":"#line6","stroke-opacity":1,"stroke":"#000000","stroke-width":1,"name":"FONDO"}},
{"type":"Feature","geometry":{"type":"LineString","coordinates":[[-63.08816,-17.56391],[-63.08818,-17.56384],[-63.08811,-17.56382]]},"properties":{"description":"Radios","styleUrl":"#line6","stroke-opacity":1,"stroke":"#000000","stroke-width":1,"name":"FONDO"}},
{"type":"Feature","geometry":{"type":"LineString","coordinates":[[-63.08322,-17.55864],[-63.0832,-17.55872],[-63.08328,-17.55873]]},"properties":{"description":"Radios","styleUrl":"#line6","stroke-opacity":1,"stroke":"#000000","stroke-width":1,"name":"FONDO"}},
{"type":"Feature","geometry":{"type":"LineString","coordinates":[[-63.08326,-17.55885],[-63.08317,-17.55883],[-63.08315,-17.55891]]},"properties":{"description":"Radios","styleUrl":"#line6","stroke-opacity":1,"stroke":"#000000","stroke-width":1,"name":"FONDO"}},
{"type":"Feature","geometry":{"type":"LineString","coordinates":[[-63.08389,-17.5588],[-63.08387,-17.55886],[-63.08394,-17.55887]]},"properties":{"description":"Radios","styleUrl":"#line6","stroke-opacity":1,"stroke":"#000000","stroke-width":1,"name":"FONDO"}},
{"type":"Feature","geometry":{"type":"LineString","coordinates":[[-63.08377,-17.55877],[-63.08375,-17.55883],[-63.08369,-17.55882]]},"properties":{"description":"Radios","styleUrl":"#line6","stroke-opacity":1,"stroke":"#000000","stroke-width":1,"name":"FONDO"}},
{"type":"Feature","geometry":{"type":"LineString","coordinates":[[-63.08371,-17.55901],[-63.08373,-17.55895],[-63.08366,-17.55894]]},"properties":{"description":"Radios","styleUrl":"#line6","stroke-opacity":1,"stroke":"#000000","stroke-width":1,"name":"FONDO"}},
{"type":"Feature","geometry":{"type":"LineString","coordinates":[[-63.08391,-17.55899],[-63.08384,-17.55897],[-63.08383,-17.55904]]},"properties":{"description":"Radios","styleUrl":"#line6","stroke-opacity":1,"stroke":"#000000","stroke-width":1,"name":"FONDO"}},
{"type":"Feature","geometry":{"type":"LineString","coordinates":[[-63.0827,-17.56082],[-63.08268,-17.5609],[-63.08276,-17.56092]]},"properties":{"description":"Radios","styleUrl":"#line6","stroke-opacity":1,"stroke":"#000000","stroke-width":1,"name":"FONDO"}},
{"type":"Feature","geometry":{"type":"LineString","coordinates":[[-63.08325,-17.56096],[-63.08323,-17.56102],[-63.08317,-17.56101]]},"properties":{"description":"Radios","styleUrl":"#line6","stroke-opacity":1,"stroke":"#000000","stroke-width":1,"name":"FONDO"}},
{"type":"Feature","geometry":{"type":"LineString","coordinates":[[-63.08341,-17.56107],[-63.08335,-17.56105],[-63.08336,-17.56099]]},"properties":{"description":"Radios","styleUrl":"#line6","stroke-opacity":1,"stroke":"#000000","stroke-width":1,"name":"FONDO"}},
{"type":"Feature","geometry":{"type":"LineString","coordinates":[[-63.08408,-17.56122],[-63.08402,-17.5612],[-63.08403,-17.56114]]},"properties":{"description":"Radios","styleUrl":"#line6","stroke-opacity":1,"stroke":"#000000","stroke-width":1,"name":"FONDO"}},
{"type":"Feature","geometry":{"type":"LineString","coordinates":[[-63.08391,-17.56111],[-63.0839,-17.56118],[-63.08384,-17.56116]]},"properties":{"description":"Radios","styleUrl":"#line6","stroke-opacity":1,"stroke":"#000000","stroke-width":1,"name":"FONDO"}},
{"type":"Feature","geometry":{"type":"LineString","coordinates":[[-63.08458,-17.55913],[-63.08452,-17.55912],[-63.0845,-17.55918]]},"properties":{"description":"Radios","styleUrl":"#line6","stroke-opacity":1,"stroke":"#000000","stroke-width":1,"name":"FONDO"}},
{"type":"Feature","geometry":{"type":"LineString","coordinates":[[-63.08438,-17.55915],[-63.0844,-17.55909],[-63.08433,-17.55908]]},"properties":{"description":"Radios","styleUrl":"#line6","stroke-opacity":1,"stroke":"#000000","stroke-width":1,"name":"FONDO"}},
{"type":"Feature","geometry":{"type":"LineString","coordinates":[[-63.08444,-17.55892],[-63.08442,-17.55898],[-63.08436,-17.55896]]},"properties":{"description":"Radios","styleUrl":"#line6","stroke-opacity":1,"stroke":"#000000","stroke-width":1,"name":"FONDO"}},
{"type":"Feature","geometry":{"type":"LineString","coordinates":[[-63.08456,-17.55894],[-63.08454,-17.559],[-63.08461,-17.55902]]},"properties":{"description":"Radios","styleUrl":"#line6","stroke-opacity":1,"stroke":"#000000","stroke-width":1,"name":"FONDO"}},
{"type":"Feature","geometry":{"type":"LineString","coordinates":[[-63.08542,-17.55919],[-63.08533,-17.55917],[-63.08535,-17.55909]]},"properties":{"description":"Radios","styleUrl":"#line6","stroke-opacity":1,"stroke":"#000000","stroke-width":1,"name":"FONDO"}},
{"type":"Feature","geometry":{"type":"LineString","coordinates":[[-63.08521,-17.55906],[-63.08519,-17.55914],[-63.08511,-17.55912]]},"properties":{"description":"Radios","styleUrl":"#line6","stroke-opacity":1,"stroke":"#000000","stroke-width":1,"name":"FONDO"}},
{"type":"Feature","geometry":{"type":"LineString","coordinates":[[-63.08514,-17.55934],[-63.08516,-17.55926],[-63.08508,-17.55924]]},"properties":{"description":"Radios","styleUrl":"#line6","stroke-opacity":1,"stroke":"#000000","stroke-width":1,"name":"FONDO"}},
{"type":"Feature","geometry":{"type":"LineString","coordinates":[[-63.08539,-17.5593],[-63.08531,-17.55929],[-63.08529,-17.55937]]},"properties":{"description":"Radios","styleUrl":"#line6","stroke-opacity":1,"stroke":"#000000","stroke-width":1,"name":"FONDO"}},
{"type":"Feature","geometry":{"type":"LineString","coordinates":[[-63.08489,-17.5614],[-63.08481,-17.56139],[-63.08483,-17.56131]]},"properties":{"description":"Radios","styleUrl":"#line6","stroke-opacity":1,"stroke":"#000000","stroke-width":1,"name":"FONDO"}},
{"type":"Feature","geometry":{"type":"LineString","coordinates":[[-63.08468,-17.56127],[-63.08466,-17.56135],[-63.08458,-17.56133]]},"properties":{"description":"Radios","styleUrl":"#line6","stroke-opacity":1,"stroke":"#000000","stroke-width":1,"name":"FONDO"}},
{"type":"Feature","geometry":{"type":"LineString","coordinates":[[-63.08565,-17.56158],[-63.08557,-17.56156],[-63.08559,-17.56148]]},"properties":{"description":"Radios","styleUrl":"#line6","stroke-opacity":1,"stroke":"#000000","stroke-width":1,"name":"FONDO"}},
{"type":"Feature","geometry":{"type":"LineString","coordinates":[[-63.08547,-17.56145],[-63.08545,-17.56153],[-63.08537,-17.56151]]},"properties":{"description":"Radios","styleUrl":"#line6","stroke-opacity":1,"stroke":"#000000","stroke-width":1,"name":"FONDO"}},
{"type":"Feature","geometry":{"type":"LineString","coordinates":[[-63.08594,-17.55949],[-63.08595,-17.55942],[-63.08589,-17.55941]]},"properties":{"description":"Radios","styleUrl":"#line6","stroke-opacity":1,"stroke":"#000000","stroke-width":1,"name":"FONDO"}},
{"type":"Feature","geometry":{"type":"LineString","coordinates":[[-63.08613,-17.55946],[-63.08607,-17.55945],[-63.08606,-17.55951]]},"properties":{"description":"Radios","styleUrl":"#line6","stroke-opacity":1,"stroke":"#000000","stroke-width":1,"name":"FONDO"}},
{"type":"Feature","geometry":{"type":"LineString","coordinates":[[-63.08611,-17.55927],[-63.0861,-17.55934],[-63.08616,-17.55935]]},"properties":{"description":"Radios","styleUrl":"#line6","stroke-opacity":1,"stroke":"#000000","stroke-width":1,"name":"FONDO"}},
{"type":"Feature","geometry":{"type":"LineString","coordinates":[[-63.08599,-17.55925],[-63.08598,-17.55931],[-63.08591,-17.5593]]},"properties":{"description":"Radios","styleUrl":"#line6","stroke-opacity":1,"stroke":"#000000","stroke-width":1,"name":"FONDO"}},
{"type":"Feature","geometry":{"type":"LineString","coordinates":[[-63.08666,-17.55939],[-63.08665,-17.55945],[-63.08659,-17.55944]]},"properties":{"description":"Radios","styleUrl":"#line6","stroke-opacity":1,"stroke":"#000000","stroke-width":1,"name":"FONDO"}},
{"type":"Feature","geometry":{"type":"LineString","coordinates":[[-63.08676,-17.55951],[-63.08675,-17.55957],[-63.08681,-17.55959]]},"properties":{"description":"Radios","styleUrl":"#line6","stroke-opacity":1,"stroke":"#000000","stroke-width":1,"name":"FONDO"}},
{"type":"Feature","geometry":{"type":"LineString","coordinates":[[-63.08678,-17.5597],[-63.08672,-17.55969],[-63.08671,-17.55975]]},"properties":{"description":"Radios","styleUrl":"#line6","stroke-opacity":1,"stroke":"#000000","stroke-width":1,"name":"FONDO"}},
{"type":"Feature","geometry":{"type":"LineString","coordinates":[[-63.08656,-17.55955],[-63.08662,-17.55957],[-63.08661,-17.55963]]},"properties":{"description":"Radios","styleUrl":"#line6","stroke-opacity":1,"stroke":"#000000","stroke-width":1,"name":"FONDO"}},
{"type":"Feature","geometry":{"type":"LineString","coordinates":[[-63.08659,-17.56022],[-63.08658,-17.56029],[-63.08664,-17.5603]]},"properties":{"description":"Radios","styleUrl":"#line6","stroke-opacity":1,"stroke":"#000000","stroke-width":1,"name":"FONDO"}},
{"type":"Feature","geometry":{"type":"LineString","coordinates":[[-63.08661,-17.56042],[-63.08655,-17.5604],[-63.08654,-17.56046]]},"properties":{"description":"Radios","styleUrl":"#line6","stroke-opacity":1,"stroke":"#000000","stroke-width":1,"name":"FONDO"}},
{"type":"Feature","geometry":{"type":"LineString","coordinates":[[-63.08647,-17.56101],[-63.08641,-17.561],[-63.08642,-17.56094]]},"properties":{"description":"Radios","styleUrl":"#line6","stroke-opacity":1,"stroke":"#000000","stroke-width":1,"name":"FONDO"}},
{"type":"Feature","geometry":{"type":"LineString","coordinates":[[-63.08644,-17.56113],[-63.08638,-17.56111],[-63.08637,-17.56118]]},"properties":{"description":"Radios","styleUrl":"#line6","stroke-opacity":1,"stroke":"#000000","stroke-width":1,"name":"FONDO"}},
{"type":"Feature","geometry":{"type":"LineString","coordinates":[[-63.08625,-17.56165],[-63.08624,-17.56171],[-63.0863,-17.56173]]},"properties":{"description":"Radios","styleUrl":"#line6","stroke-opacity":1,"stroke":"#000000","stroke-width":1,"name":"FONDO"}},
{"type":"Feature","geometry":{"type":"LineString","coordinates":[[-63.08613,-17.56162],[-63.08612,-17.56169],[-63.08605,-17.56167]]},"properties":{"description":"Radios","styleUrl":"#line6","stroke-opacity":1,"stroke":"#000000","stroke-width":1,"name":"FONDO"}},
{"type":"Feature","geometry":{"type":"LineString","coordinates":[[-63.0839,-17.55616],[-63.08381,-17.55614],[-63.08383,-17.55606]]},"properties":{"description":"Radios","styleUrl":"#line6","stroke-opacity":1,"stroke":"#000000","stroke-width":1,"name":"FONDO"}},
{"type":"Feature","geometry":{"type":"LineString","coordinates":[[-63.08387,-17.55628],[-63.08379,-17.55626],[-63.08377,-17.55634]]},"properties":{"description":"Radios","styleUrl":"#line6","stroke-opacity":1,"stroke":"#000000","stroke-width":1,"name":"FONDO"}},
{"type":"Feature","geometry":{"type":"LineString","coordinates":[[-63.08432,-17.55644],[-63.08434,-17.55638],[-63.08427,-17.55636]]},"properties":{"description":"Radios","styleUrl":"#line6","stroke-opacity":1,"stroke":"#000000","stroke-width":1,"name":"FONDO"}},
{"type":"Feature","geometry":{"type":"LineString","coordinates":[[-63.08438,-17.5562],[-63.08437,-17.55626],[-63.0843,-17.55625]]},"properties":{"description":"Radios","styleUrl":"#line6","stroke-opacity":1,"stroke":"#000000","stroke-width":1,"name":"FONDO"}},
{"type":"Feature","geometry":{"type":"LineString","coordinates":[[-63.0845,-17.55623],[-63.08449,-17.55629],[-63.08455,-17.5563]]},"properties":{"description":"Radios","styleUrl":"#line6","stroke-opacity":1,"stroke":"#000000","stroke-width":1,"name":"FONDO"}},
{"type":"Feature","geometry":{"type":"LineString","coordinates":[[-63.08452,-17.55642],[-63.08446,-17.5564],[-63.08444,-17.55646]]},"properties":{"description":"Radios","styleUrl":"#line6","stroke-opacity":1,"stroke":"#000000","stroke-width":1,"name":"FONDO"}},
{"type":"Feature","geometry":{"type":"LineString","coordinates":[[-63.085,-17.55658],[-63.08501,-17.55652],[-63.08495,-17.55651]]},"properties":{"description":"Radios","styleUrl":"#line6","stroke-opacity":1,"stroke":"#000000","stroke-width":1,"name":"FONDO"}},
{"type":"Feature","geometry":{"type":"LineString","coordinates":[[-63.08505,-17.55634],[-63.08504,-17.5564],[-63.08497,-17.55639]]},"properties":{"description":"Radios","styleUrl":"#line6","stroke-opacity":1,"stroke":"#000000","stroke-width":1,"name":"FONDO"}},
{"type":"Feature","geometry":{"type":"LineString","coordinates":[[-63.08517,-17.55637],[-63.08516,-17.55643],[-63.08522,-17.55644]]},"properties":{"description":"Radios","styleUrl":"#line6","stroke-opacity":1,"stroke":"#000000","stroke-width":1,"name":"FONDO"}},
{"type":"Feature","geometry":{"type":"LineString","coordinates":[[-63.08519,-17.55656],[-63.08513,-17.55655],[-63.08511,-17.55661]]},"properties":{"description":"Radios","styleUrl":"#line6","stroke-opacity":1,"stroke":"#000000","stroke-width":1,"name":"FONDO"}},
{"type":"Feature","geometry":{"type":"LineString","coordinates":[[-63.08575,-17.55676],[-63.08577,-17.55668],[-63.08569,-17.55666]]},"properties":{"description":"Radios","styleUrl":"#line6","stroke-opacity":1,"stroke":"#000000","stroke-width":1,"name":"FONDO"}},
{"type":"Feature","geometry":{"type":"LineString","coordinates":[[-63.086,-17.55673],[-63.08592,-17.55671],[-63.0859,-17.55679]]},"properties":{"description":"Radios","styleUrl":"#line6","stroke-opacity":1,"stroke":"#000000","stroke-width":1,"name":"FONDO"}},
{"type":"Feature","geometry":{"type":"LineString","coordinates":[[-63.08597,-17.55652],[-63.08595,-17.5566],[-63.08603,-17.55662]]},"properties":{"description":"Radios","styleUrl":"#line6","stroke-opacity":1,"stroke":"#000000","stroke-width":1,"name":"FONDO"}},
{"type":"Feature","geometry":{"type":"LineString","coordinates":[[-63.08582,-17.55649],[-63.0858,-17.55657],[-63.08572,-17.55655]]},"properties":{"description":"Radios","styleUrl":"#line6","stroke-opacity":1,"stroke":"#000000","stroke-width":1,"name":"FONDO"}},
{"type":"Feature","geometry":{"type":"LineString","coordinates":[[-63.08661,-17.55668],[-63.08659,-17.55674],[-63.08653,-17.55672]]},"properties":{"description":"Radios","styleUrl":"#line6","stroke-opacity":1,"stroke":"#000000","stroke-width":1,"name":"FONDO"}},
{"type":"Feature","geometry":{"type":"LineString","coordinates":[[-63.08673,-17.5567],[-63.08671,-17.55676],[-63.08678,-17.55678]]},"properties":{"description":"Radios","styleUrl":"#line6","stroke-opacity":1,"stroke":"#000000","stroke-width":1,"name":"FONDO"}},
{"type":"Feature","geometry":{"type":"LineString","coordinates":[[-63.08675,-17.55689],[-63.08668,-17.55688],[-63.08667,-17.55694]]},"properties":{"description":"Radios","styleUrl":"#line6","stroke-opacity":1,"stroke":"#000000","stroke-width":1,"name":"FONDO"}},
{"type":"Feature","geometry":{"type":"LineString","coordinates":[[-63.0865,-17.55684],[-63.08656,-17.55685],[-63.08655,-17.55691]]},"properties":{"description":"Radios","styleUrl":"#line6","stroke-opacity":1,"stroke":"#000000","stroke-width":1,"name":"FONDO"}},
{"type":"Feature","geometry":{"type":"LineString","coordinates":[[-63.08717,-17.55698],[-63.08724,-17.55699],[-63.08722,-17.55706]]},"properties":{"description":"Radios","styleUrl":"#line6","stroke-opacity":1,"stroke":"#000000","stroke-width":1,"name":"FONDO"}},
{"type":"Feature","geometry":{"type":"LineString","coordinates":[[-63.0873,-17.55756],[-63.08723,-17.55755],[-63.08722,-17.55761]]},"properties":{"description":"Radios","styleUrl":"#line6","stroke-opacity":1,"stroke":"#000000","stroke-width":1,"name":"FONDO"}},
{"type":"Feature","geometry":{"type":"LineString","coordinates":[[-63.08705,-17.55832],[-63.08706,-17.55826],[-63.08712,-17.55827]]},"properties":{"description":"Radios","styleUrl":"#line6","stroke-opacity":1,"stroke":"#000000","stroke-width":1,"name":"FONDO"}},
{"type":"Feature","geometry":{"type":"LineString","coordinates":[[-63.0871,-17.55808],[-63.08709,-17.55814],[-63.08715,-17.55816]]},"properties":{"description":"Radios","styleUrl":"#line6","stroke-opacity":1,"stroke":"#000000","stroke-width":1,"name":"FONDO"}},
{"type":"Feature","geometry":{"type":"LineString","coordinates":[[-63.08698,-17.55887],[-63.08692,-17.55886],[-63.08693,-17.5588]]},"properties":{"description":"Radios","styleUrl":"#line6","stroke-opacity":1,"stroke":"#000000","stroke-width":1,"name":"FONDO"}},
{"type":"Feature","geometry":{"type":"LineString","coordinates":[[-63.08695,-17.55899],[-63.08689,-17.55897],[-63.08688,-17.55904]]},"properties":{"description":"Radios","styleUrl":"#line6","stroke-opacity":1,"stroke":"#000000","stroke-width":1,"name":"FONDO"}},
{"type":"Feature","geometry":{"type":"LineString","coordinates":[[-63.08756,-17.55688],[-63.08754,-17.55694],[-63.08748,-17.55693]]},"properties":{"description":"Radios","styleUrl":"#line6","stroke-opacity":1,"stroke":"#000000","stroke-width":1,"name":"FONDO"}},
{"type":"Feature","geometry":{"type":"LineString","coordinates":[[-63.08448,-17.55333],[-63.08446,-17.55341],[-63.08455,-17.55343]]},"properties":{"description":"Radios","styleUrl":"#line6","stroke-opacity":1,"stroke":"#000000","stroke-width":1,"name":"FONDO"}},
{"type":"Feature","geometry":{"type":"LineString","coordinates":[[-63.08452,-17.55354],[-63.08444,-17.55353],[-63.08442,-17.55361]]},"properties":{"description":"Radios","styleUrl":"#line6","stroke-opacity":1,"stroke":"#000000","stroke-width":1,"name":"FONDO"}},
{"type":"Feature","geometry":{"type":"LineString","coordinates":[[-63.08497,-17.55371],[-63.08499,-17.55364],[-63.08492,-17.55363]]},"properties":{"description":"Radios","styleUrl":"#line6","stroke-opacity":1,"stroke":"#000000","stroke-width":1,"name":"FONDO"}},
{"type":"Feature","geometry":{"type":"LineString","coordinates":[[-63.08517,-17.55368],[-63.08511,-17.55367],[-63.08509,-17.55373]]},"properties":{"description":"Radios","styleUrl":"#line6","stroke-opacity":1,"stroke":"#000000","stroke-width":1,"name":"FONDO"}},
{"type":"Feature","geometry":{"type":"LineString","coordinates":[[-63.08515,-17.55349],[-63.08514,-17.55356],[-63.0852,-17.55357]]},"properties":{"description":"Radios","styleUrl":"#line6","stroke-opacity":1,"stroke":"#000000","stroke-width":1,"name":"FONDO"}},
{"type":"Feature","geometry":{"type":"LineString","coordinates":[[-63.08503,-17.55347],[-63.08502,-17.55353],[-63.08495,-17.55352]]},"properties":{"description":"Radios","styleUrl":"#line6","stroke-opacity":1,"stroke":"#000000","stroke-width":1,"name":"FONDO"}},
{"type":"Feature","geometry":{"type":"LineString","coordinates":[[-63.08582,-17.55364],[-63.08581,-17.5537],[-63.08587,-17.55371]]},"properties":{"description":"Radios","styleUrl":"#line6","stroke-opacity":1,"stroke":"#000000","stroke-width":1,"name":"FONDO"}},
{"type":"Feature","geometry":{"type":"LineString","coordinates":[[-63.0857,-17.55361],[-63.08569,-17.55367],[-63.08562,-17.55366]]},"properties":{"description":"Radios","styleUrl":"#line6","stroke-opacity":1,"stroke":"#000000","stroke-width":1,"name":"FONDO"}},
{"type":"Feature","geometry":{"type":"LineString","coordinates":[[-63.08565,-17.55385],[-63.08566,-17.55379],[-63.0856,-17.55377]]},"properties":{"description":"Radios","styleUrl":"#line6","stroke-opacity":1,"stroke":"#000000","stroke-width":1,"name":"FONDO"}},
{"type":"Feature","geometry":{"type":"LineString","coordinates":[[-63.08584,-17.55383],[-63.08578,-17.55381],[-63.08577,-17.55387]]},"properties":{"description":"Radios","styleUrl":"#line6","stroke-opacity":1,"stroke":"#000000","stroke-width":1,"name":"FONDO"}},
{"type":"Feature","geometry":{"type":"LineString","coordinates":[[-63.08641,-17.55403],[-63.08642,-17.55395],[-63.08634,-17.55393]]},"properties":{"description":"Radios","styleUrl":"#line6","stroke-opacity":1,"stroke":"#000000","stroke-width":1,"name":"FONDO"}},
{"type":"Feature","geometry":{"type":"LineString","coordinates":[[-63.08647,-17.55376],[-63.08645,-17.55384],[-63.08637,-17.55382]]},"properties":{"description":"Radios","styleUrl":"#line6","stroke-opacity":1,"stroke":"#000000","stroke-width":1,"name":"FONDO"}},
{"type":"Feature","geometry":{"type":"LineString","coordinates":[[-63.08668,-17.55389],[-63.0866,-17.55387],[-63.08662,-17.55379]]},"properties":{"description":"Radios","styleUrl":"#line6","stroke-opacity":1,"stroke":"#000000","stroke-width":1,"name":"FONDO"}},
{"type":"Feature","geometry":{"type":"LineString","coordinates":[[-63.08665,-17.554],[-63.08657,-17.55398],[-63.08655,-17.55406]]},"properties":{"description":"Radios","styleUrl":"#line6","stroke-opacity":1,"stroke":"#000000","stroke-width":1,"name":"FONDO"}},
{"type":"Feature","geometry":{"type":"LineString","coordinates":[[-63.08743,-17.55404],[-63.08736,-17.55403],[-63.08738,-17.55397]]},"properties":{"description":"Radios","styleUrl":"#line6","stroke-opacity":1,"stroke":"#000000","stroke-width":1,"name":"FONDO"}},
{"type":"Feature","geometry":{"type":"LineString","coordinates":[[-63.08726,-17.55394],[-63.08724,-17.55401],[-63.08718,-17.55399]]},"properties":{"description":"Radios","styleUrl":"#line6","stroke-opacity":1,"stroke":"#000000","stroke-width":1,"name":"FONDO"}},
{"type":"Feature","geometry":{"type":"LineString","coordinates":[[-63.08793,-17.55409],[-63.08791,-17.55415],[-63.08785,-17.55413]]},"properties":{"description":"Radios","styleUrl":"#line6","stroke-opacity":1,"stroke":"#000000","stroke-width":1,"name":"FONDO"}},
{"type":"Feature","geometry":{"type":"LineString","coordinates":[[-63.08857,-17.54922],[-63.08857,-17.54915],[-63.0885,-17.54915]]},"properties":{"description":"Radios","styleUrl":"#line6","stroke-opacity":1,"stroke":"#000000","stroke-width":1,"name":"FONDO"}},
{"type":"Feature","geometry":{"type":"LineString","coordinates":[[-63.08605,-17.54917],[-63.08607,-17.5491],[-63.08599,-17.5491]]},"properties":{"description":"Radios","styleUrl":"#line6","stroke-opacity":1,"stroke":"#000000","stroke-width":1,"name":"FONDO"}},
{"type":"Feature","geometry":{"type":"LineString","coordinates":[[-63.08557,-17.54909],[-63.0855,-17.54908],[-63.08548,-17.54915]]},"properties":{"description":"Radios","styleUrl":"#line6","stroke-opacity":1,"stroke":"#000000","stroke-width":1,"name":"FONDO"}},
{"type":"Feature","geometry":{"type":"LineString","coordinates":[[-63.08506,-17.55092],[-63.08504,-17.551],[-63.08512,-17.55102]]},"properties":{"description":"Radios","styleUrl":"#line6","stroke-opacity":1,"stroke":"#000000","stroke-width":1,"name":"FONDO"}},
{"type":"Feature","geometry":{"type":"LineString","coordinates":[[-63.08509,-17.55113],[-63.08501,-17.55111],[-63.08499,-17.55119]]},"properties":{"description":"Radios","styleUrl":"#line6","stroke-opacity":1,"stroke":"#000000","stroke-width":1,"name":"FONDO"}},
{"type":"Feature","geometry":{"type":"LineString","coordinates":[[-63.08555,-17.55129],[-63.08556,-17.55123],[-63.0855,-17.55122]]},"properties":{"description":"Radios","styleUrl":"#line6","stroke-opacity":1,"stroke":"#000000","stroke-width":1,"name":"FONDO"}},
{"type":"Feature","geometry":{"type":"LineString","coordinates":[[-63.08561,-17.55105],[-63.08559,-17.55112],[-63.08553,-17.5511]]},"properties":{"description":"Radios","styleUrl":"#line6","stroke-opacity":1,"stroke":"#000000","stroke-width":1,"name":"FONDO"}},
{"type":"Feature","geometry":{"type":"LineString","coordinates":[[-63.08573,-17.55108],[-63.08571,-17.55114],[-63.08578,-17.55115]]},"properties":{"description":"Radios","styleUrl":"#line6","stroke-opacity":1,"stroke":"#000000","stroke-width":1,"name":"FONDO"}},
{"type":"Feature","geometry":{"type":"LineString","coordinates":[[-63.08567,-17.55132],[-63.08568,-17.55126],[-63.08575,-17.55127]]},"properties":{"description":"Radios","styleUrl":"#line6","stroke-opacity":1,"stroke":"#000000","stroke-width":1,"name":"FONDO"}},
{"type":"Feature","geometry":{"type":"LineString","coordinates":[[-63.08622,-17.55144],[-63.08624,-17.55137],[-63.08617,-17.55136]]},"properties":{"description":"Radios","styleUrl":"#line6","stroke-opacity":1,"stroke":"#000000","stroke-width":1,"name":"FONDO"}},
{"type":"Feature","geometry":{"type":"LineString","coordinates":[[-63.08642,-17.55141],[-63.08636,-17.5514],[-63.08634,-17.55146]]},"properties":{"description":"Radios","styleUrl":"#line6","stroke-opacity":1,"stroke":"#000000","stroke-width":1,"name":"FONDO"}},
{"type":"Feature","geometry":{"type":"LineString","coordinates":[[-63.08713,-17.55165],[-63.08715,-17.55157],[-63.08723,-17.55159]]},"properties":{"description":"Radios","styleUrl":"#line6","stroke-opacity":1,"stroke":"#000000","stroke-width":1,"name":"FONDO"}},
{"type":"Feature","geometry":{"type":"LineString","coordinates":[[-63.08698,-17.55162],[-63.087,-17.55154],[-63.08692,-17.55152]]},"properties":{"description":"Radios","styleUrl":"#line6","stroke-opacity":1,"stroke":"#000000","stroke-width":1,"name":"FONDO"}},
{"type":"Feature","geometry":{"type":"LineString","coordinates":[[-63.0879,-17.55179],[-63.08791,-17.55173],[-63.08797,-17.55174]]},"properties":{"description":"Radios","styleUrl":"#line6","stroke-opacity":1,"stroke":"#000000","stroke-width":1,"name":"FONDO"}},
{"type":"Feature","geometry":{"type":"LineString","coordinates":[[-63.08778,-17.55177],[-63.08779,-17.55171],[-63.08773,-17.55169]]},"properties":{"description":"Radios","styleUrl":"#line6","stroke-opacity":1,"stroke":"#000000","stroke-width":1,"name":"FONDO"}},
{"type":"Feature","geometry":{"type":"LineString","coordinates":[[-63.0884,-17.55183],[-63.08846,-17.55185],[-63.08845,-17.55191]]},"properties":{"description":"Radios","styleUrl":"#line6","stroke-opacity":1,"stroke":"#000000","stroke-width":1,"name":"FONDO"}},
{"type":"Feature","geometry":{"type":"LineString","coordinates":[[-63.08865,-17.55189],[-63.08858,-17.55187],[-63.08857,-17.55194]]},"properties":{"description":"Radios","styleUrl":"#line6","stroke-opacity":1,"stroke":"#000000","stroke-width":1,"name":"FONDO"}},
{"type":"Feature","geometry":{"type":"LineString","coordinates":[[-63.08859,-17.5517],[-63.08859,-17.55175],[-63.08864,-17.55177]]},"properties":{"description":"Radios","styleUrl":"#line6","stroke-opacity":1,"stroke":"#000000","stroke-width":1,"name":"FONDO"}},
{"type":"Feature","geometry":{"type":"LineString","coordinates":[[-63.08839,-17.55171],[-63.08847,-17.55173],[-63.08847,-17.55165]]},"properties":{"description":"Radios","styleUrl":"#line6","stroke-opacity":1,"stroke":"#000000","stroke-width":1,"name":"FONDO"}},
{"type":"Feature","geometry":{"type":"LineString","coordinates":[[-63.08888,-17.552],[-63.08889,-17.55194],[-63.08883,-17.55193]]},"properties":{"description":"Radios","styleUrl":"#line6","stroke-opacity":1,"stroke":"#000000","stroke-width":1,"name":"FONDO"}},
{"type":"Feature","geometry":{"type":"LineString","coordinates":[[-63.08652,-17.54911],[-63.08645,-17.54911],[-63.08645,-17.54917]]},"properties":{"description":"Radios","styleUrl":"#line6","stroke-opacity":1,"stroke":"#000000","stroke-width":1,"name":"FONDO"}},
{"type":"Feature","geometry":{"type":"LineString","coordinates":[[-63.08702,-17.54912],[-63.08711,-17.54912],[-63.08711,-17.5492]]},"properties":{"description":"Radios","styleUrl":"#line6","stroke-opacity":1,"stroke":"#000000","stroke-width":1,"name":"FONDO"}},
{"type":"Feature","geometry":{"type":"LineString","coordinates":[[-63.08734,-17.54913],[-63.08726,-17.54912],[-63.08726,-17.5492]]},"properties":{"description":"Radios","styleUrl":"#line6","stroke-opacity":1,"stroke":"#000000","stroke-width":1,"name":"FONDO"}},
{"type":"Feature","geometry":{"type":"LineString","coordinates":[[-63.08792,-17.5492],[-63.08792,-17.54914],[-63.08785,-17.54914]]},"properties":{"description":"Radios","styleUrl":"#line6","stroke-opacity":1,"stroke":"#000000","stroke-width":1,"name":"FONDO"}},
{"type":"Feature","geometry":{"type":"LineString","coordinates":[[-63.08811,-17.54914],[-63.08804,-17.54914],[-63.08804,-17.5492]]},"properties":{"description":"Radios","styleUrl":"#line6","stroke-opacity":1,"stroke":"#000000","stroke-width":1,"name":"FONDO"}},
{"type":"Feature","geometry":{"type":"LineString","coordinates":[[-63.08794,-17.55156],[-63.08794,-17.55162],[-63.088,-17.55163]]},"properties":{"description":"Radios","styleUrl":"#line6","stroke-opacity":1,"stroke":"#000000","stroke-width":1,"name":"FONDO"}},
{"type":"Feature","geometry":{"type":"LineString","coordinates":[[-63.08774,-17.55157],[-63.08782,-17.55159],[-63.08782,-17.55152]]},"properties":{"description":"Radios","styleUrl":"#line6","stroke-opacity":1,"stroke":"#000000","stroke-width":1,"name":"FONDO"}},
{"type":"Feature","geometry":{"type":"LineString","coordinates":[[-63.08724,-17.55147],[-63.08717,-17.55145],[-63.08717,-17.55138]]},"properties":{"description":"Radios","styleUrl":"#line6","stroke-opacity":1,"stroke":"#000000","stroke-width":1,"name":"FONDO"}},
{"type":"Feature","geometry":{"type":"LineString","coordinates":[[-63.08702,-17.55132],[-63.08702,-17.55142],[-63.08692,-17.5514]]},"properties":{"description":"Radios","styleUrl":"#line6","stroke-opacity":1,"stroke":"#000000","stroke-width":1,"name":"FONDO"}},
{"type":"Feature","geometry":{"type":"LineString","coordinates":[[-63.08636,-17.55123],[-63.08636,-17.55128],[-63.08642,-17.55129]]},"properties":{"description":"Radios","styleUrl":"#line6","stroke-opacity":1,"stroke":"#000000","stroke-width":1,"name":"FONDO"}},
{"type":"Feature","geometry":{"type":"LineString","coordinates":[[-63.08616,-17.55124],[-63.08624,-17.55125],[-63.08624,-17.55118]]},"properties":{"description":"Radios","styleUrl":"#line6","stroke-opacity":1,"stroke":"#000000","stroke-width":1,"name":"FONDO"}},
{"type":"Feature","geometry":{"type":"LineString","coordinates":[[-63.08888,-17.55174],[-63.08888,-17.55182],[-63.0888,-17.5518]]},"properties":{"description":"Radios","styleUrl":"#line6","stroke-opacity":1,"stroke":"#000000","stroke-width":1,"name":"FONDO"}},
{"type":"Feature","geometry":{"type":"LineString","coordinates":[[-63.08742,-17.55703],[-63.08736,-17.55702],[-63.08734,-17.55708]]},"properties":{"description":"Radios","styleUrl":"#line6","stroke-opacity":1,"stroke":"#000000","stroke-width":1,"name":"FONDO"}},
{"type":"Feature","geometry":{"type":"LineString","coordinates":[[-63.08727,-17.55737],[-63.08726,-17.55743],[-63.08732,-17.55745]]},"properties":{"description":"Radios","styleUrl":"#line6","stroke-opacity":1,"stroke":"#000000","stroke-width":1,"name":"FONDO"}}
]}