{"type":"FeatureCollection", "features": [
{"type":"Feature","geometry":{"type":"Point","coordinates":[-63.1946,-17.42539,0]},"properties":{"name":"CARRETERA MONTERO - WARNES","description":"0","styleUrl":"#point1","icon":"kml_ext_files/kml_symbol_no symbol_0.png"}},
{"type":"Feature","geometry":{"type":"Point","coordinates":[-63.18247,-17.4224,0]},"properties":{"name":"AVENIDA S/N (VIA FERREA)","description":"NOMBRE DE CALLES","styleUrl":"#point2","icon":"kml_ext_files/kml_symbol_no symbol_0.png"}},
{"type":"Feature","geometry":{"type":"Point","coordinates":[-63.19378,-17.42593,0]},"properties":{"name":"M-1","description":"NUMERO MANZANO","styleUrl":"#point3","label-opacity":1,"label-color":"#00ff00","icon":"kml_ext_files/kml_symbol_no symbol_0.png"}},
{"type":"Feature","geometry":{"type":"Point","coordinates":[-63.19395,-17.42489,0]},"properties":{"name":"M-2","description":"NUMERO MANZANO","styleUrl":"#point4","label-opacity":1,"label-color":"#00ff00","icon":"kml_ext_files/kml_symbol_no symbol_0.png"}},
{"type":"Feature","geometry":{"type":"Point","coordinates":[-63.19266,-17.42445,0]},"properties":{"name":"M-4","description":"NUMERO MANZANO","styleUrl":"#point5","label-opacity":1,"label-color":"#00ff00","icon":"kml_ext_files/kml_symbol_no symbol_0.png"}},
{"type":"Feature","geometry":{"type":"Point","coordinates":[-63.19226,-17.42514,0]},"properties":{"name":"M-5","description":"NUMERO MANZANO","styleUrl":"#point6","label-opacity":1,"label-color":"#00ff00","icon":"kml_ext_files/kml_symbol_no symbol_0.png"}},
{"type":"Feature","geometry":{"type":"Point","coordinates":[-63.19071,-17.42434,0]},"properties":{"name":"M-6","description":"NUMERO MANZANO","styleUrl":"#point7","label-opacity":1,"label-color":"#00ff00","icon":"kml_ext_files/kml_symbol_no symbol_0.png"}},
{"type":"Feature","geometry":{"type":"Point","coordinates":[-63.19095,-17.42355,0]},"properties":{"name":"M-7","description":"NUMERO MANZANO","styleUrl":"#point8","label-opacity":1,"label-color":"#00ff00","icon":"kml_ext_files/kml_symbol_no symbol_0.png"}},
{"type":"Feature","geometry":{"type":"Point","coordinates":[-63.19086,-17.42265,0]},"properties":{"name":"M-8","description":"NUMERO MANZANO","styleUrl":"#point9","label-opacity":1,"label-color":"#00ff00","icon":"kml_ext_files/kml_symbol_no symbol_0.png"}},
{"type":"Feature","geometry":{"type":"Point","coordinates":[-63.18876,-17.42152,0]},"properties":{"name":"M-9","description":"NUMERO MANZANO","styleUrl":"#point10","label-opacity":1,"label-color":"#00ff00","icon":"kml_ext_files/kml_symbol_no symbol_0.png"}},
{"type":"Feature","geometry":{"type":"Point","coordinates":[-63.18874,-17.42222,0]},"properties":{"name":"M-10","description":"NUMERO MANZANO","styleUrl":"#point11","label-opacity":1,"label-color":"#00ff00","icon":"kml_ext_files/kml_symbol_no symbol_0.png"}},
{"type":"Feature","geometry":{"type":"Point","coordinates":[-63.18862,-17.42277,0]},"properties":{"name":"M-11","description":"NUMERO MANZANO","styleUrl":"#point12","label-opacity":1,"label-color":"#00ff00","icon":"kml_ext_files/kml_symbol_no symbol_0.png"}},
{"type":"Feature","geometry":{"type":"Point","coordinates":[-63.18855,-17.42362,0]},"properties":{"name":"M-12","description":"NUMERO MANZANO","styleUrl":"#point13","label-opacity":1,"label-color":"#00ff00","icon":"kml_ext_files/kml_symbol_no symbol_0.png"}},
{"type":"Feature","geometry":{"type":"Point","coordinates":[-63.18604,-17.42167,0]},"properties":{"name":"M-21","description":"NUMERO MANZANO","styleUrl":"#point14","label-opacity":1,"label-color":"#00ff00","icon":"kml_ext_files/kml_symbol_no symbol_0.png"}},
{"type":"Feature","geometry":{"type":"Point","coordinates":[-63.18583,-17.42223,0]},"properties":{"name":"M-20","description":"NUMERO MANZANO","styleUrl":"#point15","label-opacity":1,"label-color":"#00ff00","icon":"kml_ext_files/kml_symbol_no symbol_0.png"}},
{"type":"Feature","geometry":{"type":"Point","coordinates":[-63.18429,-17.42291,0]},"properties":{"name":"M-19A","description":"NUMERO MANZANO","styleUrl":"#point16","label-opacity":1,"label-color":"#00ff00","icon":"kml_ext_files/kml_symbol_no symbol_0.png"}},
{"type":"Feature","geometry":{"type":"Point","coordinates":[-63.18413,-17.42392,0]},"properties":{"name":"M-17","description":"NUMERO MANZANO","styleUrl":"#point17","label-opacity":1,"label-color":"#00ff00","icon":"kml_ext_files/kml_symbol_no symbol_0.png"}},
{"type":"Feature","geometry":{"type":"Point","coordinates":[-63.18518,-17.42355,0]},"properties":{"name":"M-18","description":"NUMERO MANZANO","styleUrl":"#point18","label-opacity":1,"label-color":"#00ff00","icon":"kml_ext_files/kml_symbol_no symbol_0.png"}},
{"type":"Feature","geometry":{"type":"Point","coordinates":[-63.18353,-17.42435,0]},"properties":{"name":"M-16","description":"NUMERO MANZANO","styleUrl":"#point19","label-opacity":1,"label-color":"#00ff00","icon":"kml_ext_files/kml_symbol_no symbol_0.png"}},
{"type":"Feature","geometry":{"type":"Point","coordinates":[-63.18447,-17.42162,0]},"properties":{"name":"M-23","description":"NUMERO MANZANO","styleUrl":"#point20","label-opacity":1,"label-color":"#00ff00","icon":"kml_ext_files/kml_symbol_no symbol_0.png"}},
{"type":"Feature","geometry":{"type":"Point","coordinates":[-63.18636,-17.42103,0]},"properties":{"name":"M-22","description":"NUMERO MANZANO","styleUrl":"#point21","label-opacity":1,"label-color":"#00ff00","icon":"kml_ext_files/kml_symbol_no symbol_0.png"}},
{"type":"Feature","geometry":{"type":"Point","coordinates":[-63.1809,-17.42283,0]},"properties":{"name":"M-25","description":"NUMERO MANZANO","styleUrl":"#point22","label-opacity":1,"label-color":"#00ff00","icon":"kml_ext_files/kml_symbol_no symbol_0.png"}},
{"type":"Feature","geometry":{"type":"Point","coordinates":[-63.18323,-17.4233,0]},"properties":{"name":"M-24","description":"NUMERO MANZANO","styleUrl":"#point23","label-opacity":1,"label-color":"#00ff00","icon":"kml_ext_files/kml_symbol_no symbol_0.png"}},
{"type":"Feature","geometry":{"type":"Point","coordinates":[-63.17761,-17.42038,0]},"properties":{"name":"M-37","description":"NUMERO MANZANO","styleUrl":"#point24","label-opacity":1,"label-color":"#00ff00","icon":"kml_ext_files/kml_symbol_no symbol_0.png"}},
{"type":"Feature","geometry":{"type":"Point","coordinates":[-63.1798,-17.42177,0]},"properties":{"name":"M-30","description":"NUMERO MANZANO","styleUrl":"#point25","label-opacity":1,"label-color":"#00ff00","icon":"kml_ext_files/kml_symbol_no symbol_0.png"}},
{"type":"Feature","geometry":{"type":"Point","coordinates":[-63.18019,-17.421,0]},"properties":{"name":"M-29","description":"NUMERO MANZANO","styleUrl":"#point26","label-opacity":1,"label-color":"#00ff00","icon":"kml_ext_files/kml_symbol_no symbol_0.png"}},
{"type":"Feature","geometry":{"type":"Point","coordinates":[-63.18043,-17.42045,0]},"properties":{"name":"M-28","description":"NUMERO MANZANO","styleUrl":"#point27","label-opacity":1,"label-color":"#00ff00","icon":"kml_ext_files/kml_symbol_no symbol_0.png"}},
{"type":"Feature","geometry":{"type":"Point","coordinates":[-63.1806,-17.41985,0]},"properties":{"name":"M-27","description":"NUMERO MANZANO","styleUrl":"#point28","label-opacity":1,"label-color":"#00ff00","icon":"kml_ext_files/kml_symbol_no symbol_0.png"}},
{"type":"Feature","geometry":{"type":"Point","coordinates":[-63.18213,-17.4211,0]},"properties":{"name":"M-26","description":"NUMERO MANZANO","styleUrl":"#point29","label-opacity":1,"label-color":"#00ff00","icon":"kml_ext_files/kml_symbol_no symbol_0.png"}},
{"type":"Feature","geometry":{"type":"Point","coordinates":[-63.17784,-17.41984,0]},"properties":{"name":"M-38","description":"NUMERO MANZANO","styleUrl":"#point30","label-opacity":1,"label-color":"#00ff00","icon":"kml_ext_files/kml_symbol_no symbol_0.png"}},
{"type":"Feature","geometry":{"type":"Point","coordinates":[-63.1776,-17.42113,0]},"properties":{"name":"M-36","description":"NUMERO MANZANO","styleUrl":"#point31","label-opacity":1,"label-color":"#00ff00","icon":"kml_ext_files/kml_symbol_no symbol_0.png"}},
{"type":"Feature","geometry":{"type":"Point","coordinates":[-63.17717,-17.42173,0]},"properties":{"name":"M-35","description":"NUMERO MANZANO","styleUrl":"#point32","label-opacity":1,"label-color":"#00ff00","icon":"kml_ext_files/kml_symbol_no symbol_0.png"}},
{"type":"Feature","geometry":{"type":"Point","coordinates":[-63.17735,-17.42219,0]},"properties":{"name":"M-34","description":"NUMERO MANZANO","styleUrl":"#point33","label-opacity":1,"label-color":"#00ff00","icon":"kml_ext_files/kml_symbol_no symbol_0.png"}},
{"type":"Feature","geometry":{"type":"Point","coordinates":[-63.17787,-17.42301,0]},"properties":{"name":"M-33","description":"NUMERO MANZANO","styleUrl":"#point34","label-opacity":1,"label-color":"#00ff00","icon":"kml_ext_files/kml_symbol_no symbol_0.png"}},
{"type":"Feature","geometry":{"type":"Point","coordinates":[-63.19105,-17.42275,0]},"properties":{"name":"AREA VERDE","description":"NUMERO MANZANO","styleUrl":"#point35","icon":"kml_ext_files/kml_symbol_no symbol_0.png"}},
{"type":"Feature","geometry":{"type":"Point","coordinates":[-63.17935,-17.42284,0]},"properties":{"name":"M-32","description":"NUMERO MANZANO","styleUrl":"#point36","label-opacity":1,"label-color":"#00ff00","icon":"kml_ext_files/kml_symbol_no symbol_0.png"}},
{"type":"Feature","geometry":{"type":"Point","coordinates":[-63.178,-17.41922,0]},"properties":{"name":"M-39","description":"NUMERO MANZANO","styleUrl":"#point37","label-opacity":1,"label-color":"#00ff00","icon":"kml_ext_files/kml_symbol_no symbol_0.png"}},
{"type":"Feature","geometry":{"type":"Point","coordinates":[-63.19268,-17.42491,0]},"properties":{"name":"AVENIDA S/N","description":"NOMBRE DE CALLES","styleUrl":"#point38","icon":"kml_ext_files/kml_symbol_no symbol_0.png"}},
{"type":"Feature","geometry":{"type":"Point","coordinates":[-63.18919,-17.42323,0]},"properties":{"name":"AVENIDA S/N","description":"NOMBRE DE CALLES","styleUrl":"#point39","icon":"kml_ext_files/kml_symbol_no symbol_0.png"}},
{"type":"Feature","geometry":{"type":"Point","coordinates":[-63.18597,-17.4226,0]},"properties":{"name":"AVENIDA S/N","description":"NOMBRE DE CALLES","styleUrl":"#point40","icon":"kml_ext_files/kml_symbol_no symbol_0.png"}},
{"type":"Feature","geometry":{"type":"Point","coordinates":[-63.18046,-17.42142,0]},"properties":{"name":"AVENIDA S/N","description":"NOMBRE DE CALLES","styleUrl":"#point41","icon":"kml_ext_files/kml_symbol_no symbol_0.png"}},
{"type":"Feature","geometry":{"type":"Point","coordinates":[-63.18711,-17.42174,0]},"properties":{"name":"AVENIDA S/N","description":"NOMBRE DE CALLES","styleUrl":"#point42","icon":"kml_ext_files/kml_symbol_no symbol_0.png"}},
{"type":"Feature","geometry":{"type":"Point","coordinates":[-63.18682,-17.4231,0]},"properties":{"name":"AVENIDA S/N","description":"NOMBRE DE CALLES","styleUrl":"#point43","icon":"kml_ext_files/kml_symbol_no symbol_0.png"}},
{"type":"Feature","geometry":{"type":"Point","coordinates":[-63.18373,-17.42063,0]},"properties":{"name":"AVENIDA S/N (VIA FERREA)","description":"NOMBRE DE CALLES","styleUrl":"#point44","icon":"kml_ext_files/kml_symbol_no symbol_0.png"}},
{"type":"Feature","geometry":{"type":"Point","coordinates":[-63.18326,-17.4245,0]},"properties":{"name":"AVENIDA S/N","description":"NOMBRE DE CALLES","styleUrl":"#point45","icon":"kml_ext_files/kml_symbol_no symbol_0.png"}},
{"type":"Feature","geometry":{"type":"Point","coordinates":[-63.17888,-17.42351,0]},"properties":{"name":"AVENIDA S/N","description":"NOMBRE DE CALLES","styleUrl":"#point46","icon":"kml_ext_files/kml_symbol_no symbol_0.png"}},
{"type":"Feature","geometry":{"type":"Point","coordinates":[-63.19288,-17.42374,0]},"properties":{"name":"M-3","description":"NUMERO MANZANO","styleUrl":"#point47","label-opacity":1,"label-color":"#00ff00","icon":"kml_ext_files/kml_symbol_no symbol_0.png"}},
{"type":"Feature","geometry":{"type":"Point","coordinates":[-63.18831,-17.42426,0]},"properties":{"name":"M-13","description":"NUMERO MANZANO","styleUrl":"#point48","label-opacity":1,"label-color":"#00ff00","icon":"kml_ext_files/kml_symbol_no symbol_0.png"}},
{"type":"Feature","geometry":{"type":"Point","coordinates":[-63.17569,-17.42113,0]},"properties":{"name":"M-41","description":"NUMERO MANZANO","styleUrl":"#point49","label-opacity":1,"label-color":"#00ff00","icon":"kml_ext_files/kml_symbol_no symbol_0.png"}},
{"type":"Feature","geometry":{"type":"Point","coordinates":[-63.1759,-17.41983,0]},"properties":{"name":"M-40","description":"NUMERO MANZANO","styleUrl":"#point50","label-opacity":1,"label-color":"#00ff00","icon":"kml_ext_files/kml_symbol_no symbol_0.png"}},
{"type":"Feature","geometry":{"type":"Point","coordinates":[-63.18824,-17.42467,0]},"properties":{"name":"M-14","description":"NUMERO MANZANO","styleUrl":"#point51","label-opacity":1,"label-color":"#00ff00","icon":"kml_ext_files/kml_symbol_no symbol_0.png"}},
{"type":"Feature","geometry":{"type":"Point","coordinates":[-63.18809,-17.42525,0]},"properties":{"name":"M-15","description":"NUMERO MANZANO","styleUrl":"#point52","label-opacity":1,"label-color":"#00ff00","icon":"kml_ext_files/kml_symbol_no symbol_0.png"}},
{"type":"Feature","geometry":{"type":"Point","coordinates":[-63.1893,-17.42254,0]},"properties":{"name":"CALLE S/N","description":"NOMBRE DE CALLES","styleUrl":"#point53","icon":"kml_ext_files/kml_symbol_no symbol_0.png"}},
{"type":"Feature","geometry":{"type":"Point","coordinates":[-63.18939,-17.42202,0]},"properties":{"name":"AVENIDA S/N","description":"NOMBRE DE CALLES","styleUrl":"#point54","icon":"kml_ext_files/kml_symbol_no symbol_0.png"}},
{"type":"Feature","geometry":{"type":"Point","coordinates":[-63.17918,-17.42334,0]},"properties":{"name":"M-32A","description":"NUMERO MANZANO","styleUrl":"#point55","label-opacity":1,"label-color":"#00ff00","icon":"kml_ext_files/kml_symbol_no symbol_0.png"}},
{"type":"Feature","geometry":{"type":"Point","coordinates":[-63.18444,-17.423,0]},"properties":{"name":"EQUIPAMIENTO","description":"NUMERO MANZANO","styleUrl":"#point56","icon":"kml_ext_files/kml_symbol_no symbol_0.png"}},
{"type":"Feature","geometry":{"type":"Point","coordinates":[-63.18438,-17.42309,0]},"properties":{"name":"(MERCADO)","description":"NUMERO MANZANO","styleUrl":"#point57","icon":"kml_ext_files/kml_symbol_no symbol_0.png"}},
{"type":"Feature","geometry":{"type":"Point","coordinates":[-63.18568,-17.42294,0]},"properties":{"name":"M-19","description":"NUMERO MANZANO","styleUrl":"#point58","label-opacity":1,"label-color":"#00ff00","icon":"kml_ext_files/kml_symbol_no symbol_0.png"}},
{"type":"Feature","geometry":{"type":"Point","coordinates":[-63.19087,-17.42391,0]},"properties":{"name":"ALAMEDA","description":"NOMBRE DE CALLES","styleUrl":"#point59","icon":"kml_ext_files/kml_symbol_no symbol_0.png"}},
{"type":"Feature","geometry":{"type":"Point","coordinates":[-63.18542,-17.42245,0]},"properties":{"name":"ALAMEDA","description":"NOMBRE DE CALLES","styleUrl":"#point60","icon":"kml_ext_files/kml_symbol_no symbol_0.png"}},
{"type":"Feature","geometry":{"type":"Point","coordinates":[-63.17733,-17.42062,0]},"properties":{"name":"ALAMEDA","description":"NOMBRE DE CALLES","styleUrl":"#point61","icon":"kml_ext_files/kml_symbol_no symbol_0.png"}},
{"type":"Feature","geometry":{"type":"Point","coordinates":[-63.1848,-17.42072,0]},"properties":{"name":"M-22'","description":"NUMERO MANZANO","styleUrl":"#point62","label-opacity":1,"label-color":"#00ff00","icon":"kml_ext_files/kml_symbol_no symbol_0.png"}},
{"type":"Feature","geometry":{"type":"Point","coordinates":[-63.1847,-17.42107,0]},"properties":{"name":"AVENIDA S/N","description":"NOMBRE DE CALLES","styleUrl":"#point63","icon":"kml_ext_files/kml_symbol_no symbol_0.png"}},
{"type":"Feature","geometry":{"type":"Point","coordinates":[-63.17897,-17.42203,0]},"properties":{"name":"M-31","description":"NUMERO MANZANO","styleUrl":"#point64","label-opacity":1,"label-color":"#00ff00","icon":"kml_ext_files/kml_symbol_no symbol_0.png"}},
{"type":"Feature","geometry":{"type":"Point","coordinates":[-63.17915,-17.42213,0]},"properties":{"name":"EQUIPAMIENTO","description":"NUMERO MANZANO","styleUrl":"#point65","icon":"kml_ext_files/kml_symbol_no symbol_0.png"}},
{"type":"Feature","geometry":{"type":"Point","coordinates":[-63.17906,-17.42224,0]},"properties":{"name":"(COLEGIO)","description":"NUMERO MANZANO","styleUrl":"#point66","icon":"kml_ext_files/kml_symbol_no symbol_0.png"}},
{"type":"Feature","geometry":{"type":"Point","coordinates":[-63.17954,-17.42212,0]},"properties":{"name":"(POLICIA)","description":"NUMERO MANZANO","styleUrl":"#point67","icon":"kml_ext_files/kml_symbol_no symbol_0.png"}},
{"type":"Feature","geometry":{"type":"Point","coordinates":[-63.17816,-17.42195,0]},"properties":{"name":"VERDE","description":"NUMERO MANZANO","styleUrl":"#point68","icon":"kml_ext_files/kml_symbol_no symbol_0.png"}},
{"type":"Feature","geometry":{"type":"Point","coordinates":[-63.17814,-17.42187,0]},"properties":{"name":"AREA","description":"NUMERO MANZANO","styleUrl":"#point69","icon":"kml_ext_files/kml_symbol_no symbol_0.png"}},
{"type":"Feature","geometry":{"type":"Point","coordinates":[-63.17595,-17.41999,0]},"properties":{"name":"VERDE","description":"NUMERO MANZANO","styleUrl":"#point70","icon":"kml_ext_files/kml_symbol_no symbol_0.png"}},
{"type":"Feature","geometry":{"type":"Point","coordinates":[-63.17592,-17.41991,0]},"properties":{"name":"AREA","description":"NUMERO MANZANO","styleUrl":"#point71","icon":"kml_ext_files/kml_symbol_no symbol_0.png"}},
{"type":"Feature","geometry":{"type":"Point","coordinates":[-63.18383,-17.4215,0]},"properties":{"name":"M-23A","description":"NUMERO MANZANO","styleUrl":"#point72","label-opacity":1,"label-color":"#00ff00","icon":"kml_ext_files/kml_symbol_no symbol_0.png"}},
{"type":"Feature","geometry":{"type":"Point","coordinates":[-63.1826,-17.42321,0]},"properties":{"name":"M-24A","description":"NUMERO MANZANO","styleUrl":"#point73","label-opacity":1,"label-color":"#00ff00","icon":"kml_ext_files/kml_symbol_no symbol_0.png"}},
{"type":"Feature","geometry":{"type":"Point","coordinates":[-63.18149,-17.42297,0]},"properties":{"name":"M-25A","description":"NUMERO MANZANO","styleUrl":"#point74","label-opacity":1,"label-color":"#00ff00","icon":"kml_ext_files/kml_symbol_no symbol_0.png"}},
{"type":"Feature","geometry":{"type":"Point","coordinates":[-63.18261,-17.42121,0]},"properties":{"name":"M-26A","description":"NUMERO MANZANO","styleUrl":"#point75","label-opacity":1,"label-color":"#00ff00","icon":"kml_ext_files/kml_symbol_no symbol_0.png"}},
{"type":"Feature","geometry":{"type":"Point","coordinates":[-63.1794,-17.42209,0]},"properties":{"name":"(POSTA)","description":"NUMERO MANZANO","styleUrl":"#point76","icon":"kml_ext_files/kml_symbol_no symbol_0.png"}},
{"type":"Feature","geometry":{"type":"Point","coordinates":[-63.18175,-17.41864,0]},"properties":{"name":"N","description":"0","styleUrl":"#point77","icon":"kml_ext_files/kml_symbol_no symbol_0.png"}},
{"type":"Feature","geometry":{"type":"Polygon","coordinates":[[[-63.17735,-17.41933],[-63.18332,-17.42075],[-63.181,-17.42402],[-63.17871,-17.4235],[-63.17655,-17.42195],[-63.17505,-17.42149],[-63.17527,-17.42054],[-63.17553,-17.41957],[-63.17735,-17.41933]]]},"properties":{"description":"PERIMETRO","styleUrl":"#area1","fill-opacity":0,"fill":"#000000","stroke-opacity":1,"stroke":"#FF0000","stroke-width":1}},
{"type":"Feature","geometry":{"type":"Polygon","coordinates":[[[-63.19145,-17.42328],[-63.19208,-17.42362],[-63.19289,-17.4241],[-63.19456,-17.42486],[-63.19428,-17.42629],[-63.18985,-17.42399],[-63.18963,-17.42448],[-63.18925,-17.42441],[-63.18864,-17.42428],[-63.18766,-17.42388],[-63.18705,-17.42353],[-63.18649,-17.42321],[-63.18639,-17.42324],[-63.18636,-17.42326],[-63.18356,-17.42455],[-63.18348,-17.42457],[-63.1814,-17.4241],[-63.1837,-17.42083],[-63.19142,-17.42233],[-63.19145,-17.42328]]]},"properties":{"description":"PERIMETRO","styleUrl":"#area1","fill-opacity":0,"fill":"#000000","stroke-opacity":1,"stroke":"#FF0000","stroke-width":1}},
{"type":"Feature","geometry":{"type":"Polygon","coordinates":[[[-63.19327,-17.42523],[-63.19327,-17.42522],[-63.19328,-17.42522],[-63.19328,-17.42523],[-63.19327,-17.42523]]]},"properties":{"description":"EJES","styleUrl":"#area2","fill-opacity":0,"fill":"#000000","stroke-opacity":1,"stroke":"#000000","stroke-width":1}},
{"type":"Feature","geometry":{"type":"Polygon","coordinates":[[[-63.19428,-17.42576],[-63.19428,-17.42575],[-63.19429,-17.42575],[-63.19429,-17.42576],[-63.19428,-17.42576]]]},"properties":{"description":"EJES","styleUrl":"#area2","fill-opacity":0,"fill":"#000000","stroke-opacity":1,"stroke":"#000000","stroke-width":1}},
{"type":"Feature","geometry":null,"properties":{"description":"EJES","styleUrl":"#area2","fill-opacity":0,"fill":"#000000","stroke-opacity":1,"stroke":"#000000","stroke-width":1}},
{"type":"Feature","geometry":{"type":"Polygon","coordinates":[[[-63.19419,-17.42625],[-63.19419,-17.42624],[-63.1942,-17.42624],[-63.1942,-17.42625],[-63.19419,-17.42625]]]},"properties":{"description":"EJES","styleUrl":"#area2","fill-opacity":0,"fill":"#000000","stroke-opacity":1,"stroke":"#000000","stroke-width":1}},
{"type":"Feature","geometry":{"type":"Polygon","coordinates":[[[-63.19343,-17.42439],[-63.19343,-17.42438],[-63.19344,-17.42438],[-63.19344,-17.42439],[-63.19343,-17.42439]]]},"properties":{"description":"EJES","styleUrl":"#area2","fill-opacity":0,"fill":"#000000","stroke-opacity":1,"stroke":"#000000","stroke-width":1}},
{"type":"Feature","geometry":{"type":"Polygon","coordinates":[[[-63.19161,-17.42436],[-63.19162,-17.42436],[-63.19162,-17.42437],[-63.19161,-17.42437],[-63.19161,-17.42436]]]},"properties":{"description":"EJES","styleUrl":"#area2","fill-opacity":0,"fill":"#000000","stroke-opacity":1,"stroke":"#000000","stroke-width":1}},
{"type":"Feature","geometry":null,"properties":{"description":"EJES","styleUrl":"#area2","fill-opacity":0,"fill":"#000000","stroke-opacity":1,"stroke":"#000000","stroke-width":1}},
{"type":"Feature","geometry":{"type":"Polygon","coordinates":[[[-63.18961,-17.42332],[-63.18962,-17.42332],[-63.18962,-17.42333],[-63.18961,-17.42333],[-63.18961,-17.42332]]]},"properties":{"description":"EJES","styleUrl":"#area2","fill-opacity":0,"fill":"#000000","stroke-opacity":1,"stroke":"#000000","stroke-width":1}},
{"type":"Feature","geometry":{"type":"Polygon","coordinates":[[[-63.18693,-17.4228],[-63.18694,-17.4228],[-63.18694,-17.42281],[-63.18693,-17.42281],[-63.18693,-17.4228]]]},"properties":{"description":"EJES","styleUrl":"#area2","fill-opacity":0,"fill":"#000000","stroke-opacity":1,"stroke":"#000000","stroke-width":1}},
{"type":"Feature","geometry":{"type":"Polygon","coordinates":[[[-63.18708,-17.4221],[-63.18709,-17.4221],[-63.18709,-17.42211],[-63.18708,-17.42211],[-63.18708,-17.4221]]]},"properties":{"description":"EJES","styleUrl":"#area2","fill-opacity":0,"fill":"#000000","stroke-opacity":1,"stroke":"#000000","stroke-width":1}},
{"type":"Feature","geometry":{"type":"Polygon","coordinates":[[[-63.1872,-17.42153],[-63.18721,-17.42153],[-63.18721,-17.42154],[-63.1872,-17.42154],[-63.1872,-17.42153]]]},"properties":{"description":"EJES","styleUrl":"#area2","fill-opacity":0,"fill":"#000000","stroke-opacity":1,"stroke":"#000000","stroke-width":1}},
{"type":"Feature","geometry":null,"properties":{"description":"EJES","styleUrl":"#area2","fill-opacity":0,"fill":"#000000","stroke-opacity":1,"stroke":"#000000","stroke-width":1}},
{"type":"Feature","geometry":{"type":"Polygon","coordinates":[[[-63.18469,-17.42164],[-63.18469,-17.42163],[-63.1847,-17.42163],[-63.1847,-17.42164],[-63.18469,-17.42164]]]},"properties":{"description":"EJES","styleUrl":"#area2","fill-opacity":0,"fill":"#000000","stroke-opacity":1,"stroke":"#000000","stroke-width":1}},
{"type":"Feature","geometry":{"type":"Polygon","coordinates":[[[-63.18424,-17.42228],[-63.18424,-17.42227],[-63.18425,-17.42227],[-63.18425,-17.42228],[-63.18424,-17.42228]]]},"properties":{"description":"EJES","styleUrl":"#area2","fill-opacity":0,"fill":"#000000","stroke-opacity":1,"stroke":"#000000","stroke-width":1}},
{"type":"Feature","geometry":{"type":"Polygon","coordinates":[[[-63.18457,-17.42307],[-63.18458,-17.42307],[-63.18458,-17.42308],[-63.18457,-17.42308],[-63.18457,-17.42307]]]},"properties":{"description":"EJES","styleUrl":"#area2","fill-opacity":0,"fill":"#000000","stroke-opacity":1,"stroke":"#000000","stroke-width":1}},
{"type":"Feature","geometry":null,"properties":{"description":"EJES","styleUrl":"#area2","fill-opacity":0,"fill":"#000000","stroke-opacity":1,"stroke":"#000000","stroke-width":1}},
{"type":"Feature","geometry":{"type":"Polygon","coordinates":[[[-63.18273,-17.4244],[-63.18274,-17.4244],[-63.18274,-17.42441],[-63.18273,-17.42441],[-63.18273,-17.4244]]]},"properties":{"description":"EJES","styleUrl":"#area2","fill-opacity":0,"fill":"#000000","stroke-opacity":1,"stroke":"#000000","stroke-width":1}},
{"type":"Feature","geometry":null,"properties":{"description":"EJES","styleUrl":"#area2","fill-opacity":0,"fill":"#000000","stroke-opacity":1,"stroke":"#000000","stroke-width":1}},
{"type":"Feature","geometry":{"type":"Polygon","coordinates":[[[-63.18267,-17.42197],[-63.18268,-17.42197],[-63.18268,-17.42198],[-63.18267,-17.42198],[-63.18267,-17.42197]]]},"properties":{"description":"EJES","styleUrl":"#area2","fill-opacity":0,"fill":"#000000","stroke-opacity":1,"stroke":"#000000","stroke-width":1}},
{"type":"Feature","geometry":{"type":"Polygon","coordinates":[[[-63.18268,-17.42196],[-63.18268,-17.42195],[-63.18269,-17.42195],[-63.18269,-17.42196],[-63.18268,-17.42196]]]},"properties":{"description":"EJES","styleUrl":"#area2","fill-opacity":0,"fill":"#000000","stroke-opacity":1,"stroke":"#000000","stroke-width":1}},
{"type":"Feature","geometry":{"type":"Polygon","coordinates":[[[-63.18352,-17.42077],[-63.18353,-17.42077],[-63.18353,-17.42078],[-63.18352,-17.42078],[-63.18352,-17.42077]]]},"properties":{"description":"EJES","styleUrl":"#area2","fill-opacity":0,"fill":"#000000","stroke-opacity":1,"stroke":"#000000","stroke-width":1}},
{"type":"Feature","geometry":{"type":"Polygon","coordinates":[[[-63.18196,-17.42046],[-63.18197,-17.42046],[-63.18197,-17.42047],[-63.18196,-17.42047],[-63.18196,-17.42046]]]},"properties":{"description":"EJES","styleUrl":"#area2","fill-opacity":0,"fill":"#000000","stroke-opacity":1,"stroke":"#000000","stroke-width":1}},
{"type":"Feature","geometry":null,"properties":{"description":"EJES","styleUrl":"#area2","fill-opacity":0,"fill":"#000000","stroke-opacity":1,"stroke":"#000000","stroke-width":1}},
{"type":"Feature","geometry":{"type":"Polygon","coordinates":[[[-63.18116,-17.42159],[-63.18117,-17.42159],[-63.18117,-17.4216],[-63.18116,-17.4216],[-63.18116,-17.42159]]]},"properties":{"description":"EJES","styleUrl":"#area2","fill-opacity":0,"fill":"#000000","stroke-opacity":1,"stroke":"#000000","stroke-width":1}},
{"type":"Feature","geometry":{"type":"Polygon","coordinates":[[[-63.18071,-17.42222],[-63.18072,-17.42222],[-63.18072,-17.42223],[-63.18071,-17.42223],[-63.18071,-17.42222]]]},"properties":{"description":"EJES","styleUrl":"#area2","fill-opacity":0,"fill":"#000000","stroke-opacity":1,"stroke":"#000000","stroke-width":1}},
{"type":"Feature","geometry":{"type":"Polygon","coordinates":[[[-63.17967,-17.42369],[-63.17968,-17.42369],[-63.17968,-17.4237],[-63.17967,-17.4237],[-63.17967,-17.42369]]]},"properties":{"description":"EJES","styleUrl":"#area2","fill-opacity":0,"fill":"#000000","stroke-opacity":1,"stroke":"#000000","stroke-width":1}},
{"type":"Feature","geometry":{"type":"Polygon","coordinates":[[[-63.17843,-17.42227],[-63.17843,-17.42226],[-63.17844,-17.42226],[-63.17844,-17.42227],[-63.17843,-17.42227]]]},"properties":{"description":"EJES","styleUrl":"#area2","fill-opacity":0,"fill":"#000000","stroke-opacity":1,"stroke":"#000000","stroke-width":1}},
{"type":"Feature","geometry":null,"properties":{"description":"EJES","styleUrl":"#area2","fill-opacity":0,"fill":"#000000","stroke-opacity":1,"stroke":"#000000","stroke-width":1}},
{"type":"Feature","geometry":{"type":"Polygon","coordinates":[[[-63.17874,-17.42102],[-63.17874,-17.42101],[-63.17875,-17.42101],[-63.17875,-17.42102],[-63.17874,-17.42102]]]},"properties":{"description":"EJES","styleUrl":"#area2","fill-opacity":0,"fill":"#000000","stroke-opacity":1,"stroke":"#000000","stroke-width":1}},
{"type":"Feature","geometry":{"type":"Polygon","coordinates":[[[-63.17891,-17.42032],[-63.17892,-17.42032],[-63.17892,-17.42033],[-63.17891,-17.42033],[-63.17891,-17.42032]]]},"properties":{"description":"EJES","styleUrl":"#area2","fill-opacity":0,"fill":"#000000","stroke-opacity":1,"stroke":"#000000","stroke-width":1}},
{"type":"Feature","geometry":null,"properties":{"description":"EJES","styleUrl":"#area2","fill-opacity":0,"fill":"#000000","stroke-opacity":1,"stroke":"#000000","stroke-width":1}},
{"type":"Feature","geometry":{"type":"Polygon","coordinates":[[[-63.17575,-17.42163],[-63.17575,-17.42162],[-63.17576,-17.42162],[-63.17576,-17.42163],[-63.17575,-17.42163]]]},"properties":{"description":"EJES","styleUrl":"#area2","fill-opacity":0,"fill":"#000000","stroke-opacity":1,"stroke":"#000000","stroke-width":1}},
{"type":"Feature","geometry":{"type":"Polygon","coordinates":[[[-63.17589,-17.42108],[-63.17589,-17.42107],[-63.1759,-17.42107],[-63.1759,-17.42108],[-63.17589,-17.42108]]]},"properties":{"description":"EJES","styleUrl":"#area2","fill-opacity":0,"fill":"#000000","stroke-opacity":1,"stroke":"#000000","stroke-width":1}},
{"type":"Feature","geometry":{"type":"Polygon","coordinates":[[[-63.17606,-17.42038],[-63.17607,-17.42038],[-63.17607,-17.42039],[-63.17606,-17.42039],[-63.17606,-17.42038]]]},"properties":{"description":"EJES","styleUrl":"#area2","fill-opacity":0,"fill":"#000000","stroke-opacity":1,"stroke":"#000000","stroke-width":1}},
{"type":"Feature","geometry":null,"properties":{"description":"EJES","styleUrl":"#area2","fill-opacity":0,"fill":"#000000","stroke-opacity":1,"stroke":"#000000","stroke-width":1}},
{"type":"Feature","geometry":{"type":"Polygon","coordinates":[[[-63.17624,-17.41969],[-63.17624,-17.41968],[-63.17625,-17.41968],[-63.17625,-17.41969],[-63.17624,-17.41969]]]},"properties":{"description":"EJES","styleUrl":"#area2","fill-opacity":0,"fill":"#000000","stroke-opacity":1,"stroke":"#000000","stroke-width":1}},
{"type":"Feature","geometry":null,"properties":{"description":"EJES","styleUrl":"#area2","fill-opacity":0,"fill":"#000000","stroke-opacity":1,"stroke":"#000000","stroke-width":1}},
{"type":"Feature","geometry":null,"properties":{"description":"EJES","styleUrl":"#area2","fill-opacity":0,"fill":"#000000","stroke-opacity":1,"stroke":"#000000","stroke-width":1}},
{"type":"Feature","geometry":{"type":"Polygon","coordinates":[[[-63.18036,-17.42272],[-63.18037,-17.42272],[-63.18037,-17.42273],[-63.18036,-17.42273],[-63.18036,-17.42272]]]},"properties":{"description":"EJES","styleUrl":"#area2","fill-opacity":0,"fill":"#000000","stroke-opacity":1,"stroke":"#000000","stroke-width":1}},
{"type":"Feature","geometry":null,"properties":{"description":"EJES","styleUrl":"#area2","fill-opacity":0,"fill":"#000000","stroke-opacity":1,"stroke":"#000000","stroke-width":1}},
{"type":"Feature","geometry":{"type":"Polygon","coordinates":[[[-63.18,-17.42323],[-63.18,-17.42322],[-63.18001,-17.42322],[-63.18001,-17.42323],[-63.18,-17.42323]]]},"properties":{"description":"EJES","styleUrl":"#area2","fill-opacity":0,"fill":"#000000","stroke-opacity":1,"stroke":"#000000","stroke-width":1}},
{"type":"Feature","geometry":null,"properties":{"description":"EJES","styleUrl":"#area2","fill-opacity":0,"fill":"#000000","stroke-opacity":1,"stroke":"#000000","stroke-width":1}},
{"type":"Feature","geometry":{"type":"Polygon","coordinates":[[[-63.18421,-17.42358],[-63.18422,-17.42358],[-63.18422,-17.42359],[-63.18421,-17.42359],[-63.18421,-17.42358]]]},"properties":{"description":"EJES","styleUrl":"#area2","fill-opacity":0,"fill":"#000000","stroke-opacity":1,"stroke":"#000000","stroke-width":1}},
{"type":"Feature","geometry":{"type":"Polygon","coordinates":[[[-63.19012,-17.42266],[-63.19013,-17.42266],[-63.19013,-17.42267],[-63.19012,-17.42267],[-63.19012,-17.42266]]]},"properties":{"description":"EJES","styleUrl":"#area2","fill-opacity":0,"fill":"#000000","stroke-opacity":1,"stroke":"#000000","stroke-width":1}},
{"type":"Feature","geometry":null,"properties":{"description":"EJES","styleUrl":"#area2","fill-opacity":0,"fill":"#000000","stroke-opacity":1,"stroke":"#000000","stroke-width":1}},
{"type":"Feature","geometry":null,"properties":{"description":"EJES","styleUrl":"#area2","fill-opacity":0,"fill":"#000000","stroke-opacity":1,"stroke":"#000000","stroke-width":1}},
{"type":"Feature","geometry":{"type":"Polygon","coordinates":[[[-63.18995,-17.4235],[-63.18995,-17.42349],[-63.18996,-17.42349],[-63.18996,-17.4235],[-63.18995,-17.4235]]]},"properties":{"description":"EJES","styleUrl":"#area2","fill-opacity":0,"fill":"#000000","stroke-opacity":1,"stroke":"#000000","stroke-width":1}},
{"type":"Feature","geometry":null,"properties":{"description":"EJES","styleUrl":"#area2","fill-opacity":0,"fill":"#000000","stroke-opacity":1,"stroke":"#000000","stroke-width":1}},
{"type":"Feature","geometry":{"type":"Polygon","coordinates":[[[-63.18351,-17.42214],[-63.18351,-17.42213],[-63.18352,-17.42213],[-63.18352,-17.42214],[-63.18351,-17.42214]]]},"properties":{"description":"EJES","styleUrl":"#area2","fill-opacity":0,"fill":"#000000","stroke-opacity":1,"stroke":"#000000","stroke-width":1}},
{"type":"Feature","geometry":{"type":"Polygon","coordinates":[[[-63.18436,-17.42094],[-63.18436,-17.42093],[-63.18437,-17.42093],[-63.18437,-17.42094],[-63.18436,-17.42094]]]},"properties":{"description":"EJES","styleUrl":"#area2","fill-opacity":0,"fill":"#000000","stroke-opacity":1,"stroke":"#000000","stroke-width":1}},
{"type":"Feature","geometry":null,"properties":{"description":"EJES","styleUrl":"#area2","fill-opacity":0,"fill":"#000000","stroke-opacity":1,"stroke":"#000000","stroke-width":1}},
{"type":"Feature","geometry":{"type":"Polygon","coordinates":[[[-63.1816,-17.41885],[-63.1816,-17.41884],[-63.1816,-17.41883],[-63.1816,-17.41882],[-63.18161,-17.41882],[-63.18161,-17.41881],[-63.18161,-17.4188],[-63.18161,-17.41879],[-63.18162,-17.41879],[-63.18162,-17.41878],[-63.18163,-17.41878],[-63.18163,-17.41877],[-63.18164,-17.41876],[-63.18165,-17.41875],[-63.18166,-17.41875],[-63.18166,-17.41874],[-63.18167,-17.41874],[-63.18168,-17.41874],[-63.18168,-17.41873],[-63.18169,-17.41873],[-63.1817,-17.41873],[-63.18171,-17.41873],[-63.18172,-17.41873],[-63.18173,-17.41873],[-63.18174,-17.41873],[-63.18175,-17.41873],[-63.18176,-17.41873],[-63.18177,-17.41873],[-63.18177,-17.41874],[-63.18178,-17.41874],[-63.18179,-17.41874],[-63.18179,-17.41875],[-63.1818,-17.41875],[-63.18181,-17.41876],[-63.18182,-17.41876],[-63.18182,-17.41877],[-63.18183,-17.41878],[-63.18183,-17.41879],[-63.18184,-17.41879],[-63.18184,-17.4188],[-63.18184,-17.41881],[-63.18184,-17.41882],[-63.18185,-17.41882],[-63.18185,-17.41883],[-63.18185,-17.41884],[-63.18185,-17.41885],[-63.18185,-17.41886],[-63.18185,-17.41887],[-63.18184,-17.41888],[-63.18184,-17.41889],[-63.18184,-17.4189],[-63.18183,-17.4189],[-63.18183,-17.41891],[-63.18182,-17.41892],[-63.18182,-17.41893],[-63.18181,-17.41893],[-63.18181,-17.41894],[-63.1818,-17.41894],[-63.18179,-17.41895],[-63.18178,-17.41895],[-63.18177,-17.41896],[-63.18176,-17.41896],[-63.18175,-17.41896],[-63.18174,-17.41896],[-63.18173,-17.41896],[-63.18172,-17.41896],[-63.18171,-17.41896],[-63.1817,-17.41896],[-63.18169,-17.41896],[-63.18168,-17.41896],[-63.18168,-17.41895],[-63.18167,-17.41895],[-63.18166,-17.41895],[-63.18166,-17.41894],[-63.18165,-17.41894],[-63.18164,-17.41893],[-63.18163,-17.41893],[-63.18163,-17.41892],[-63.18162,-17.41891],[-63.18162,-17.4189],[-63.18161,-17.4189],[-63.18161,-17.41889],[-63.18161,-17.41888],[-63.1816,-17.41887],[-63.1816,-17.41886],[-63.1816,-17.41885]]]},"properties":{"description":"0","styleUrl":"#area3","fill-opacity":0,"fill":"#000000","stroke-opacity":1,"stroke":"#000000","stroke-width":1}},
{"type":"Feature","geometry":{"type":"Polygon","coordinates":[[[-63.18161,-17.41885],[-63.18161,-17.41884],[-63.18161,-17.41883],[-63.18161,-17.41882],[-63.18161,-17.41881],[-63.18162,-17.41881],[-63.18162,-17.4188],[-63.18162,-17.41879],[-63.18163,-17.41879],[-63.18163,-17.41878],[-63.18164,-17.41877],[-63.18165,-17.41876],[-63.18166,-17.41876],[-63.18166,-17.41875],[-63.18167,-17.41875],[-63.18168,-17.41874],[-63.18169,-17.41874],[-63.1817,-17.41874],[-63.18171,-17.41874],[-63.18171,-17.41873],[-63.18172,-17.41873],[-63.18173,-17.41873],[-63.18174,-17.41873],[-63.18174,-17.41874],[-63.18175,-17.41874],[-63.18176,-17.41874],[-63.18177,-17.41874],[-63.18178,-17.41875],[-63.18179,-17.41875],[-63.1818,-17.41876],[-63.18181,-17.41877],[-63.18182,-17.41878],[-63.18183,-17.41879],[-63.18183,-17.4188],[-63.18183,-17.41881],[-63.18184,-17.41881],[-63.18184,-17.41882],[-63.18184,-17.41883],[-63.18184,-17.41884],[-63.18184,-17.41885],[-63.18184,-17.41886],[-63.18184,-17.41887],[-63.18184,-17.41888],[-63.18183,-17.41889],[-63.18183,-17.4189],[-63.18182,-17.41891],[-63.18182,-17.41892],[-63.18181,-17.41892],[-63.18181,-17.41893],[-63.1818,-17.41893],[-63.1818,-17.41894],[-63.18179,-17.41894],[-63.18178,-17.41894],[-63.18178,-17.41895],[-63.18177,-17.41895],[-63.18176,-17.41895],[-63.18175,-17.41896],[-63.18174,-17.41896],[-63.18173,-17.41896],[-63.18172,-17.41896],[-63.18171,-17.41896],[-63.1817,-17.41896],[-63.18169,-17.41895],[-63.18168,-17.41895],[-63.18167,-17.41895],[-63.18167,-17.41894],[-63.18166,-17.41894],[-63.18165,-17.41893],[-63.18164,-17.41893],[-63.18164,-17.41892],[-63.18163,-17.41892],[-63.18163,-17.41891],[-63.18162,-17.4189],[-63.18162,-17.41889],[-63.18162,-17.41888],[-63.18161,-17.41888],[-63.18161,-17.41887],[-63.18161,-17.41886],[-63.18161,-17.41885]]]},"properties":{"description":"0","styleUrl":"#area3","fill-opacity":0,"fill":"#000000","stroke-opacity":1,"stroke":"#000000","stroke-width":1}},
{"type":"Feature","geometry":{"type":"Polygon","coordinates":[[[-63.18161,-17.41885],[-63.18161,-17.41884],[-63.18161,-17.41883],[-63.18161,-17.41882],[-63.18161,-17.41881],[-63.18162,-17.41881],[-63.18162,-17.4188],[-63.18162,-17.41879],[-63.18163,-17.41879],[-63.18163,-17.41878],[-63.18164,-17.41877],[-63.18165,-17.41876],[-63.18166,-17.41876],[-63.18166,-17.41875],[-63.18167,-17.41875],[-63.18168,-17.41874],[-63.18169,-17.41874],[-63.1817,-17.41874],[-63.18171,-17.41874],[-63.18171,-17.41873],[-63.18172,-17.41873],[-63.18173,-17.41873],[-63.18174,-17.41873],[-63.18174,-17.41874],[-63.18175,-17.41874],[-63.18176,-17.41874],[-63.18177,-17.41874],[-63.18178,-17.41875],[-63.18179,-17.41875],[-63.1818,-17.41876],[-63.18181,-17.41877],[-63.18182,-17.41878],[-63.18183,-17.41879],[-63.18183,-17.4188],[-63.18183,-17.41881],[-63.18184,-17.41881],[-63.18184,-17.41882],[-63.18184,-17.41883],[-63.18184,-17.41884],[-63.18184,-17.41885],[-63.18184,-17.41886],[-63.18184,-17.41887],[-63.18184,-17.41888],[-63.18183,-17.41889],[-63.18183,-17.4189],[-63.18182,-17.41891],[-63.18182,-17.41892],[-63.18181,-17.41892],[-63.18181,-17.41893],[-63.1818,-17.41893],[-63.1818,-17.41894],[-63.18179,-17.41894],[-63.18178,-17.41894],[-63.18178,-17.41895],[-63.18177,-17.41895],[-63.18176,-17.41895],[-63.18175,-17.41896],[-63.18174,-17.41896],[-63.18173,-17.41896],[-63.18172,-17.41896],[-63.18171,-17.41896],[-63.1817,-17.41896],[-63.18169,-17.41895],[-63.18168,-17.41895],[-63.18167,-17.41895],[-63.18167,-17.41894],[-63.18166,-17.41894],[-63.18165,-17.41893],[-63.18164,-17.41893],[-63.18164,-17.41892],[-63.18163,-17.41892],[-63.18163,-17.41891],[-63.18162,-17.4189],[-63.18162,-17.41889],[-63.18162,-17.41888],[-63.18161,-17.41888],[-63.18161,-17.41887],[-63.18161,-17.41886],[-63.18161,-17.41885]]]},"properties":{"description":"0","styleUrl":"#area3","fill-opacity":0,"fill":"#000000","stroke-opacity":1,"stroke":"#000000","stroke-width":1}},
{"type":"Feature","geometry":{"type":"Polygon","coordinates":[[[-63.18171,-17.41883],[-63.18173,-17.41873],[-63.18173,-17.41885],[-63.18171,-17.41883]]]},"properties":{"description":"0","styleUrl":"#area4","fill-opacity":0.7490196078431373,"fill":"#000000","stroke-opacity":1,"stroke":"#000000","stroke-width":1}},
{"type":"Feature","geometry":{"type":"Polygon","coordinates":[[[-63.18173,-17.41885],[-63.18171,-17.41883],[-63.18173,-17.41873],[-63.18173,-17.41885],[-63.18161,-17.41885],[-63.18171,-17.41886],[-63.18174,-17.41883],[-63.18184,-17.41885],[-63.18173,-17.41885],[-63.18174,-17.41886],[-63.18173,-17.41896],[-63.18173,-17.41885]]]},"properties":{"description":"0","styleUrl":"#area4","fill-opacity":0.7490196078431373,"fill":"#000000","stroke-opacity":1,"stroke":"#000000","stroke-width":1}},
{"type":"Feature","geometry":{"type":"Polygon","coordinates":[[[-63.18173,-17.41885],[-63.18171,-17.41883],[-63.18173,-17.41873],[-63.18173,-17.41885],[-63.18161,-17.41885],[-63.18171,-17.41886],[-63.18174,-17.41883],[-63.18184,-17.41885],[-63.18173,-17.41885],[-63.18174,-17.41886],[-63.18173,-17.41896],[-63.18173,-17.41885]]]},"properties":{"description":"0","styleUrl":"#area4","fill-opacity":0.7490196078431373,"fill":"#000000","stroke-opacity":1,"stroke":"#000000","stroke-width":1}},
{"type":"Feature","geometry":{"type":"Polygon","coordinates":[[[-63.18161,-17.41885],[-63.18161,-17.41884],[-63.18161,-17.41883],[-63.18161,-17.41882],[-63.18161,-17.41881],[-63.18162,-17.41881],[-63.18162,-17.4188],[-63.18162,-17.41879],[-63.18163,-17.41879],[-63.18163,-17.41878],[-63.18164,-17.41877],[-63.18165,-17.41876],[-63.18166,-17.41876],[-63.18166,-17.41875],[-63.18167,-17.41875],[-63.18168,-17.41874],[-63.18169,-17.41874],[-63.1817,-17.41874],[-63.18171,-17.41874],[-63.18171,-17.41873],[-63.18172,-17.41873],[-63.18173,-17.41873],[-63.18174,-17.41873],[-63.18174,-17.41874],[-63.18175,-17.41874],[-63.18176,-17.41874],[-63.18177,-17.41874],[-63.18178,-17.41875],[-63.18179,-17.41875],[-63.1818,-17.41876],[-63.18181,-17.41877],[-63.18182,-17.41878],[-63.18183,-17.41879],[-63.18183,-17.4188],[-63.18183,-17.41881],[-63.18184,-17.41881],[-63.18184,-17.41882],[-63.18184,-17.41883],[-63.18184,-17.41884],[-63.18184,-17.41885],[-63.18184,-17.41886],[-63.18184,-17.41887],[-63.18184,-17.41888],[-63.18183,-17.41889],[-63.18183,-17.4189],[-63.18182,-17.41891],[-63.18182,-17.41892],[-63.18181,-17.41892],[-63.18181,-17.41893],[-63.1818,-17.41893],[-63.1818,-17.41894],[-63.18179,-17.41894],[-63.18178,-17.41894],[-63.18178,-17.41895],[-63.18177,-17.41895],[-63.18176,-17.41895],[-63.18175,-17.41896],[-63.18174,-17.41896],[-63.18173,-17.41896],[-63.18172,-17.41896],[-63.18171,-17.41896],[-63.1817,-17.41896],[-63.18169,-17.41895],[-63.18168,-17.41895],[-63.18167,-17.41895],[-63.18167,-17.41894],[-63.18166,-17.41894],[-63.18165,-17.41893],[-63.18164,-17.41893],[-63.18164,-17.41892],[-63.18163,-17.41892],[-63.18163,-17.41891],[-63.18162,-17.4189],[-63.18162,-17.41889],[-63.18162,-17.41888],[-63.18161,-17.41888],[-63.18161,-17.41887],[-63.18161,-17.41886],[-63.18161,-17.41885]]]},"properties":{"description":"0","styleUrl":"#area3","fill-opacity":0,"fill":"#000000","stroke-opacity":1,"stroke":"#000000","stroke-width":1}},
{"type":"Feature","geometry":{"type":"Polygon","coordinates":[[[-63.19145,-17.42328],[-63.19024,-17.42265],[-63.19023,-17.42265],[-63.19022,-17.42264],[-63.19022,-17.42263],[-63.19021,-17.42263],[-63.19021,-17.42262],[-63.1902,-17.42261],[-63.1902,-17.4226],[-63.19021,-17.42259],[-63.1903,-17.42211],[-63.19106,-17.42226],[-63.19143,-17.42246],[-63.19145,-17.42328]]]},"properties":{"description":"Unknown Area Type","styleUrl":"#area5","fill-opacity":0.7490196078431373,"fill":"#008000","stroke-opacity":1,"stroke":"#000000","stroke-width":1}},
{"type":"Feature","geometry":{"type":"Polygon","coordinates":[[[-63.18477,-17.4225],[-63.18479,-17.4225],[-63.1848,-17.42251],[-63.18481,-17.42252],[-63.18483,-17.42254],[-63.18483,-17.42255],[-63.18484,-17.42258],[-63.18483,-17.4226],[-63.18483,-17.42261],[-63.18424,-17.42345],[-63.18422,-17.42347],[-63.18421,-17.42349],[-63.1842,-17.4235],[-63.18419,-17.4235],[-63.18418,-17.42351],[-63.18417,-17.42351],[-63.18415,-17.42351],[-63.18414,-17.42351],[-63.18365,-17.42341],[-63.18363,-17.42341],[-63.18362,-17.42341],[-63.18361,-17.4234],[-63.1836,-17.4234],[-63.18359,-17.42339],[-63.18358,-17.42338],[-63.18358,-17.42337],[-63.18357,-17.42335],[-63.18357,-17.42334],[-63.18358,-17.42332],[-63.18359,-17.42331],[-63.1842,-17.42244],[-63.18421,-17.42242],[-63.18422,-17.42242],[-63.18424,-17.42241],[-63.18425,-17.4224],[-63.18427,-17.4224],[-63.18428,-17.4224],[-63.1843,-17.4224],[-63.18477,-17.4225]]]},"properties":{"description":"Unknown Area Type","styleUrl":"#area6","fill-opacity":0.7490196078431373,"fill":"#FFFF80","stroke-opacity":1,"stroke":"#000000","stroke-width":1}},
{"type":"Feature","geometry":{"type":"Polygon","coordinates":[[[-63.17962,-17.42202],[-63.17951,-17.42246],[-63.17858,-17.42224],[-63.17856,-17.42223],[-63.17855,-17.42223],[-63.17854,-17.42222],[-63.17853,-17.42221],[-63.17852,-17.42219],[-63.17852,-17.42218],[-63.17852,-17.42217],[-63.1786,-17.42186],[-63.1786,-17.42184],[-63.17861,-17.42183],[-63.17861,-17.42182],[-63.17863,-17.42181],[-63.17865,-17.4218],[-63.17866,-17.4218],[-63.17868,-17.4218],[-63.17962,-17.42202]]]},"properties":{"description":"Unknown Area Type","styleUrl":"#area6","fill-opacity":0.7490196078431373,"fill":"#FFFF80","stroke-opacity":1,"stroke":"#000000","stroke-width":1}},
{"type":"Feature","geometry":{"type":"Polygon","coordinates":[[[-63.17774,-17.42158],[-63.17841,-17.42173],[-63.17843,-17.42174],[-63.17845,-17.42175],[-63.17846,-17.42175],[-63.17847,-17.42176],[-63.17848,-17.42177],[-63.17848,-17.42179],[-63.17848,-17.4218],[-63.17848,-17.42182],[-63.17841,-17.42212],[-63.1784,-17.42213],[-63.1784,-17.42215],[-63.17839,-17.42215],[-63.17838,-17.42217],[-63.17837,-17.42217],[-63.17835,-17.42218],[-63.17834,-17.42218],[-63.17833,-17.42218],[-63.17832,-17.42218],[-63.17763,-17.42201],[-63.17774,-17.42158]]]},"properties":{"description":"Unknown Area Type","styleUrl":"#area5","fill-opacity":0.7490196078431373,"fill":"#008000","stroke-opacity":1,"stroke":"#000000","stroke-width":1}},
{"type":"Feature","geometry":{"type":"Polygon","coordinates":[[[-63.17623,-17.41948],[-63.17606,-17.42015],[-63.17605,-17.42019],[-63.17604,-17.4202],[-63.17603,-17.42022],[-63.17601,-17.42023],[-63.176,-17.42024],[-63.17598,-17.42024],[-63.17596,-17.42024],[-63.17559,-17.42015],[-63.17557,-17.42015],[-63.17555,-17.42014],[-63.17554,-17.42013],[-63.17553,-17.42012],[-63.17552,-17.42011],[-63.17551,-17.4201],[-63.1755,-17.42007],[-63.1755,-17.42006],[-63.17551,-17.42004],[-63.17563,-17.41956],[-63.17623,-17.41948]]]},"properties":{"description":"Unknown Area Type","styleUrl":"#area5","fill-opacity":0.7490196078431373,"fill":"#008000","stroke-opacity":1,"stroke":"#000000","stroke-width":1}},
{"type":"Feature","geometry":{"type":"LineString","coordinates":[[-63.19349,-17.42378],[-63.19341,-17.42421]]},"properties":{"description":"MANZANOS","styleUrl":"#line1","stroke-opacity":1,"stroke":"#000000","stroke-width":1,"name":"FONDO"}},
{"type":"Feature","geometry":{"type":"LineString","coordinates":[[-63.19331,-17.42426],[-63.19216,-17.42366]]},"properties":{"description":"MANZANOS","styleUrl":"#line1","stroke-opacity":1,"stroke":"#000000","stroke-width":1,"name":"FONDO"}},
{"type":"Feature","geometry":{"type":"LineString","coordinates":[[-63.19346,-17.42371],[-63.19243,-17.42318]]},"properties":{"description":"MANZANOS","styleUrl":"#line1","stroke-opacity":1,"stroke":"#000000","stroke-width":1,"name":"FONDO"}},
{"type":"Feature","geometry":{"type":"LineString","coordinates":[[-63.19346,-17.42371],[-63.19346,-17.42372],[-63.19347,-17.42372],[-63.19347,-17.42373],[-63.19348,-17.42373],[-63.19348,-17.42374],[-63.19349,-17.42374],[-63.19349,-17.42375],[-63.19349,-17.42376],[-63.19349,-17.42377],[-63.19349,-17.42378]]},"properties":{"description":"MANZANOS","styleUrl":"#line1","stroke-opacity":1,"stroke":"#000000","stroke-width":1,"name":"FONDO"}},
{"type":"Feature","geometry":{"type":"LineString","coordinates":[[-63.19341,-17.42421],[-63.19341,-17.42422],[-63.1934,-17.42422],[-63.1934,-17.42423],[-63.1934,-17.42424],[-63.19339,-17.42424],[-63.19339,-17.42425],[-63.19338,-17.42425],[-63.19337,-17.42425],[-63.19337,-17.42426],[-63.19336,-17.42426],[-63.19335,-17.42426],[-63.19334,-17.42426],[-63.19333,-17.42426],[-63.19332,-17.42426],[-63.19331,-17.42426]]},"properties":{"description":"MANZANOS","styleUrl":"#line1","stroke-opacity":1,"stroke":"#000000","stroke-width":1,"name":"FONDO"}},
{"type":"Feature","geometry":{"type":"LineString","coordinates":[[-63.19214,-17.42357],[-63.19234,-17.4232]]},"properties":{"description":"MANZANOS","styleUrl":"#line1","stroke-opacity":1,"stroke":"#000000","stroke-width":1,"name":"FONDO"}},
{"type":"Feature","geometry":{"type":"LineString","coordinates":[[-63.19234,-17.4232],[-63.19235,-17.4232],[-63.19235,-17.42319],[-63.19236,-17.42319],[-63.19236,-17.42318],[-63.19237,-17.42318],[-63.19238,-17.42318],[-63.19238,-17.42317],[-63.19239,-17.42317],[-63.1924,-17.42317],[-63.19241,-17.42317],[-63.19242,-17.42317],[-63.19242,-17.42318],[-63.19243,-17.42318]]},"properties":{"description":"MANZANOS","styleUrl":"#line1","stroke-opacity":1,"stroke":"#000000","stroke-width":1,"name":"FONDO"}},
{"type":"Feature","geometry":{"type":"LineString","coordinates":[[-63.19216,-17.42366],[-63.19216,-17.42365],[-63.19215,-17.42365],[-63.19215,-17.42364],[-63.19214,-17.42364],[-63.19214,-17.42363],[-63.19213,-17.42363],[-63.19213,-17.42362],[-63.19213,-17.42361],[-63.19213,-17.4236],[-63.19213,-17.42359],[-63.19213,-17.42358],[-63.19213,-17.42357],[-63.19214,-17.42357]]},"properties":{"description":"MANZANOS","styleUrl":"#line1","stroke-opacity":1,"stroke":"#000000","stroke-width":1,"name":"FONDO"}},
{"type":"Feature","geometry":{"type":"LineString","coordinates":[[-63.18681,-17.42396],[-63.18688,-17.42364]]},"properties":{"description":"MANZANOS","styleUrl":"#line1","stroke-opacity":1,"stroke":"#000000","stroke-width":1,"name":"FONDO"}},
{"type":"Feature","geometry":{"type":"LineString","coordinates":[[-63.19203,-17.42351],[-63.19232,-17.42299]]},"properties":{"description":"MANZANOS","styleUrl":"#line1","stroke-opacity":1,"stroke":"#000000","stroke-width":1,"name":"FONDO"}},
{"type":"Feature","geometry":{"type":"LineString","coordinates":[[-63.18189,-17.42038],[-63.1792,-17.41974]]},"properties":{"description":"MANZANOS","styleUrl":"#line1","stroke-opacity":1,"stroke":"#000000","stroke-width":1,"name":"FONDO"}},
{"type":"Feature","geometry":{"type":"LineString","coordinates":[[-63.18222,-17.41999],[-63.18196,-17.42036]]},"properties":{"description":"MANZANOS","styleUrl":"#line1","stroke-opacity":1,"stroke":"#000000","stroke-width":1,"name":"FONDO"}},
{"type":"Feature","geometry":{"type":"LineString","coordinates":[[-63.18196,-17.42036],[-63.18196,-17.42037],[-63.18195,-17.42037],[-63.18195,-17.42038],[-63.18194,-17.42038],[-63.18193,-17.42038],[-63.18192,-17.42038],[-63.18191,-17.42038],[-63.18191,-17.42039],[-63.1819,-17.42038],[-63.18189,-17.42038]]},"properties":{"description":"MANZANOS","styleUrl":"#line1","stroke-opacity":1,"stroke":"#000000","stroke-width":1,"name":"FONDO"}},
{"type":"Feature","geometry":{"type":"LineString","coordinates":[[-63.17562,-17.41908],[-63.17539,-17.42002]]},"properties":{"description":"MANZANOS","styleUrl":"#line1","stroke-opacity":1,"stroke":"#000000","stroke-width":1,"name":"FONDO"}},
{"type":"Feature","geometry":{"type":"LineString","coordinates":[[-63.1923,-17.4229],[-63.1923,-17.42291],[-63.19231,-17.42291],[-63.19231,-17.42292],[-63.19232,-17.42292],[-63.19232,-17.42293],[-63.19233,-17.42293],[-63.19233,-17.42294],[-63.19233,-17.42295],[-63.19233,-17.42296],[-63.19233,-17.42297],[-63.19233,-17.42298],[-63.19233,-17.42299],[-63.19232,-17.42299]]},"properties":{"description":"MANZANOS","styleUrl":"#line1","stroke-opacity":1,"stroke":"#000000","stroke-width":1,"name":"FONDO"}},
{"type":"Feature","geometry":{"type":"LineString","coordinates":[[-63.19024,-17.42152],[-63.18751,-17.42099]]},"properties":{"description":"MANZANOS","styleUrl":"#line1","stroke-opacity":1,"stroke":"#000000","stroke-width":1,"name":"FONDO"}},
{"type":"Feature","geometry":{"type":"LineString","coordinates":[[-63.18736,-17.42137],[-63.18743,-17.42104]]},"properties":{"description":"MANZANOS","styleUrl":"#line1","stroke-opacity":1,"stroke":"#000000","stroke-width":1,"name":"FONDO"}},
{"type":"Feature","geometry":{"type":"LineString","coordinates":[[-63.18725,-17.4213],[-63.18731,-17.42102]]},"properties":{"description":"MANZANOS","styleUrl":"#line1","stroke-opacity":1,"stroke":"#000000","stroke-width":1,"name":"FONDO"}},
{"type":"Feature","geometry":{"type":"LineString","coordinates":[[-63.18726,-17.42094],[-63.18555,-17.42061]]},"properties":{"description":"MANZANOS","styleUrl":"#line1","stroke-opacity":1,"stroke":"#000000","stroke-width":1,"name":"FONDO"}},
{"type":"Feature","geometry":{"type":"LineString","coordinates":[[-63.18528,-17.42056],[-63.18428,-17.42036]]},"properties":{"description":"MANZANOS","styleUrl":"#line1","stroke-opacity":1,"stroke":"#000000","stroke-width":1,"name":"FONDO"}},
{"type":"Feature","geometry":{"type":"LineString","coordinates":[[-63.18528,-17.42056],[-63.18529,-17.42056],[-63.1853,-17.42056],[-63.1853,-17.42057],[-63.18531,-17.42057],[-63.18531,-17.42058],[-63.18532,-17.42058],[-63.18532,-17.42059],[-63.18532,-17.4206],[-63.18533,-17.4206],[-63.18533,-17.42061],[-63.18533,-17.42062],[-63.18533,-17.42063],[-63.18533,-17.42064],[-63.18532,-17.42064],[-63.18532,-17.42065]]},"properties":{"description":"MANZANOS","styleUrl":"#line1","stroke-opacity":1,"stroke":"#000000","stroke-width":1,"name":"FONDO"}},
{"type":"Feature","geometry":{"type":"LineString","coordinates":[[-63.19033,-17.42197],[-63.19034,-17.42197],[-63.19034,-17.42196],[-63.19034,-17.42195],[-63.19035,-17.42195],[-63.19035,-17.42194],[-63.19036,-17.42194],[-63.19036,-17.42193],[-63.19037,-17.42193],[-63.19038,-17.42193],[-63.19038,-17.42192],[-63.19039,-17.42192],[-63.1904,-17.42192],[-63.19041,-17.42192],[-63.19041,-17.42193],[-63.19042,-17.42193],[-63.19043,-17.42193]]},"properties":{"description":"MANZANOS","styleUrl":"#line1","stroke-opacity":1,"stroke":"#000000","stroke-width":1,"name":"FONDO"}},
{"type":"Feature","geometry":{"type":"LineString","coordinates":[[-63.18271,-17.42454],[-63.1825,-17.42484]]},"properties":{"description":"MANZANOS","styleUrl":"#line1","stroke-opacity":1,"stroke":"#000000","stroke-width":1,"name":"FONDO"}},
{"type":"Feature","geometry":{"type":"LineString","coordinates":[[-63.18255,-17.42457],[-63.18237,-17.42481]]},"properties":{"description":"MANZANOS","styleUrl":"#line1","stroke-opacity":1,"stroke":"#000000","stroke-width":1,"name":"FONDO"}},
{"type":"Feature","geometry":{"type":"LineString","coordinates":[[-63.17568,-17.42168],[-63.17545,-17.42257]]},"properties":{"description":"MANZANOS","styleUrl":"#line1","stroke-opacity":1,"stroke":"#000000","stroke-width":1,"name":"FONDO"}},
{"type":"Feature","geometry":{"type":"LineString","coordinates":[[-63.17641,-17.41927],[-63.17641,-17.41926],[-63.17641,-17.41925],[-63.17642,-17.41925],[-63.17642,-17.41924],[-63.17643,-17.41924],[-63.17643,-17.41923],[-63.17644,-17.41923],[-63.17644,-17.41922],[-63.17645,-17.41922],[-63.17646,-17.41922],[-63.17647,-17.41922],[-63.17648,-17.41922],[-63.17649,-17.41922]]},"properties":{"description":"MANZANOS","styleUrl":"#line1","stroke-opacity":1,"stroke":"#000000","stroke-width":1,"name":"FONDO"}},
{"type":"Feature","geometry":{"type":"LineString","coordinates":[[-63.17624,-17.41916],[-63.17582,-17.41906]]},"properties":{"description":"MANZANOS","styleUrl":"#line1","stroke-opacity":1,"stroke":"#000000","stroke-width":1,"name":"FONDO"}},
{"type":"Feature","geometry":{"type":"LineString","coordinates":[[-63.17624,-17.41916],[-63.17625,-17.41916],[-63.17625,-17.41917],[-63.17626,-17.41917],[-63.17627,-17.41917],[-63.17627,-17.41918],[-63.17628,-17.41918],[-63.17628,-17.41919],[-63.17629,-17.41919],[-63.17629,-17.4192],[-63.17629,-17.41921],[-63.17629,-17.41922],[-63.17629,-17.41923],[-63.17629,-17.41924]]},"properties":{"description":"MANZANOS","styleUrl":"#line1","stroke-opacity":1,"stroke":"#000000","stroke-width":1,"name":"FONDO"}},
{"type":"Feature","geometry":{"type":"LineString","coordinates":[[-63.17574,-17.41911],[-63.17574,-17.4191],[-63.17575,-17.4191],[-63.17575,-17.41909],[-63.17575,-17.41908],[-63.17576,-17.41908],[-63.17576,-17.41907],[-63.17577,-17.41907],[-63.17578,-17.41907],[-63.17578,-17.41906],[-63.17579,-17.41906],[-63.1758,-17.41906],[-63.17581,-17.41906],[-63.17582,-17.41906]]},"properties":{"description":"MANZANOS","styleUrl":"#line1","stroke-opacity":1,"stroke":"#000000","stroke-width":1,"name":"FONDO"}},
{"type":"Feature","geometry":{"type":"LineString","coordinates":[[-63.17804,-17.42323],[-63.17564,-17.42269]]},"properties":{"description":"MANZANOS","styleUrl":"#line1","stroke-opacity":1,"stroke":"#000000","stroke-width":1,"name":"FONDO"}},
{"type":"Feature","geometry":{"type":"LineString","coordinates":[[-63.17578,-17.42176],[-63.1757,-17.42208]]},"properties":{"description":"MANZANOS","styleUrl":"#line1","stroke-opacity":1,"stroke":"#000000","stroke-width":1,"name":"FONDO"}},
{"type":"Feature","geometry":{"type":"LineString","coordinates":[[-63.17535,-17.42263],[-63.17497,-17.42254]]},"properties":{"description":"MANZANOS","styleUrl":"#line1","stroke-opacity":1,"stroke":"#000000","stroke-width":1,"name":"FONDO"}},
{"type":"Feature","geometry":{"type":"LineString","coordinates":[[-63.17514,-17.42152],[-63.1749,-17.42244]]},"properties":{"description":"MANZANOS","styleUrl":"#line1","stroke-opacity":1,"stroke":"#000000","stroke-width":1,"name":"FONDO"}},
{"type":"Feature","geometry":{"type":"LineString","coordinates":[[-63.17558,-17.419],[-63.17516,-17.4189]]},"properties":{"description":"MANZANOS","styleUrl":"#line1","stroke-opacity":1,"stroke":"#000000","stroke-width":1,"name":"FONDO"}},
{"type":"Feature","geometry":{"type":"LineString","coordinates":[[-63.17529,-17.4204],[-63.17479,-17.42239]]},"properties":{"description":"MANZANOS","styleUrl":"#line1","stroke-opacity":1,"stroke":"#000000","stroke-width":1,"name":"FONDO"}},
{"type":"Feature","geometry":{"type":"LineString","coordinates":[[-63.17558,-17.419],[-63.17558,-17.41901],[-63.17559,-17.41901],[-63.1756,-17.41901],[-63.1756,-17.41902],[-63.17561,-17.41902],[-63.17561,-17.41903],[-63.17562,-17.41903],[-63.17562,-17.41904],[-63.17562,-17.41905],[-63.17563,-17.41905],[-63.17563,-17.41906],[-63.17563,-17.41907],[-63.17562,-17.41907],[-63.17562,-17.41908]]},"properties":{"description":"MANZANOS","styleUrl":"#line1","stroke-opacity":1,"stroke":"#000000","stroke-width":1,"name":"FONDO"}},
{"type":"Feature","geometry":{"type":"LineString","coordinates":[[-63.18219,-17.41989],[-63.17933,-17.41921]]},"properties":{"description":"MANZANOS","styleUrl":"#line1","stroke-opacity":1,"stroke":"#000000","stroke-width":1,"name":"FONDO"}},
{"type":"Feature","geometry":{"type":"LineString","coordinates":[[-63.17913,-17.41923],[-63.17903,-17.41964]]},"properties":{"description":"MANZANOS","styleUrl":"#line1","stroke-opacity":1,"stroke":"#000000","stroke-width":1,"name":"FONDO"}},
{"type":"Feature","geometry":{"type":"LineString","coordinates":[[-63.17925,-17.41926],[-63.17915,-17.41967]]},"properties":{"description":"MANZANOS","styleUrl":"#line1","stroke-opacity":1,"stroke":"#000000","stroke-width":1,"name":"FONDO"}},
{"type":"Feature","geometry":{"type":"LineString","coordinates":[[-63.17895,-17.41968],[-63.17652,-17.41911]]},"properties":{"description":"MANZANOS","styleUrl":"#line1","stroke-opacity":1,"stroke":"#000000","stroke-width":1,"name":"FONDO"}},
{"type":"Feature","geometry":{"type":"LineString","coordinates":[[-63.17908,-17.41916],[-63.17779,-17.41885]]},"properties":{"description":"MANZANOS","styleUrl":"#line1","stroke-opacity":1,"stroke":"#000000","stroke-width":1,"name":"FONDO"}},
{"type":"Feature","geometry":{"type":"LineString","coordinates":[[-63.1792,-17.41974],[-63.17919,-17.41974],[-63.17918,-17.41974],[-63.17918,-17.41973],[-63.17917,-17.41973],[-63.17916,-17.41973],[-63.17916,-17.41972],[-63.17916,-17.41971],[-63.17915,-17.41971],[-63.17915,-17.4197],[-63.17915,-17.41969],[-63.17915,-17.41968],[-63.17915,-17.41967]]},"properties":{"description":"MANZANOS","styleUrl":"#line1","stroke-opacity":1,"stroke":"#000000","stroke-width":1,"name":"FONDO"}},
{"type":"Feature","geometry":{"type":"LineString","coordinates":[[-63.17903,-17.41964],[-63.17903,-17.41965],[-63.17902,-17.41965],[-63.17902,-17.41966],[-63.17901,-17.41966],[-63.17901,-17.41967],[-63.179,-17.41967],[-63.179,-17.41968],[-63.17899,-17.41968],[-63.17898,-17.41968],[-63.17897,-17.41968],[-63.17897,-17.41969],[-63.17896,-17.41969],[-63.17896,-17.41968],[-63.17895,-17.41968]]},"properties":{"description":"MANZANOS","styleUrl":"#line1","stroke-opacity":1,"stroke":"#000000","stroke-width":1,"name":"FONDO"}},
{"type":"Feature","geometry":{"type":"LineString","coordinates":[[-63.17908,-17.41916],[-63.17909,-17.41916],[-63.1791,-17.41916],[-63.1791,-17.41917],[-63.17911,-17.41917],[-63.17912,-17.41918],[-63.17912,-17.41919],[-63.17913,-17.41919],[-63.17913,-17.4192],[-63.17913,-17.41921],[-63.17913,-17.41922],[-63.17913,-17.41923]]},"properties":{"description":"MANZANOS","styleUrl":"#line1","stroke-opacity":1,"stroke":"#000000","stroke-width":1,"name":"FONDO"}},
{"type":"Feature","geometry":{"type":"LineString","coordinates":[[-63.17925,-17.41926],[-63.17925,-17.41925],[-63.17926,-17.41925],[-63.17926,-17.41924],[-63.17926,-17.41923],[-63.17927,-17.41923],[-63.17927,-17.41922],[-63.17928,-17.41922],[-63.17929,-17.41922],[-63.1793,-17.41922],[-63.1793,-17.41921],[-63.17931,-17.41921],[-63.17932,-17.41921],[-63.17933,-17.41921]]},"properties":{"description":"MANZANOS","styleUrl":"#line1","stroke-opacity":1,"stroke":"#000000","stroke-width":1,"name":"FONDO"}},
{"type":"Feature","geometry":{"type":"LineString","coordinates":[[-63.18219,-17.41989],[-63.18219,-17.4199],[-63.1822,-17.4199],[-63.18221,-17.4199],[-63.18221,-17.41991],[-63.18222,-17.41991],[-63.18222,-17.41992],[-63.18223,-17.41992],[-63.18223,-17.41993],[-63.18223,-17.41994],[-63.18223,-17.41995],[-63.18224,-17.41995],[-63.18224,-17.41996],[-63.18223,-17.41996],[-63.18223,-17.41997],[-63.18223,-17.41998],[-63.18223,-17.41999],[-63.18222,-17.41999]]},"properties":{"description":"MANZANOS","styleUrl":"#line1","stroke-opacity":1,"stroke":"#000000","stroke-width":1,"name":"FONDO"}},
{"type":"Feature","geometry":{"type":"LineString","coordinates":[[-63.18338,-17.42016],[-63.18317,-17.42011]]},"properties":{"description":"MANZANOS","styleUrl":"#line1","stroke-opacity":1,"stroke":"#000000","stroke-width":1,"name":"FONDO"}},
{"type":"Feature","geometry":{"type":"LineString","coordinates":[[-63.18238,-17.41998],[-63.18238,-17.41997],[-63.18239,-17.41997],[-63.18239,-17.41996],[-63.1824,-17.41996],[-63.18241,-17.41996],[-63.18241,-17.41995],[-63.18242,-17.41995],[-63.18243,-17.41995],[-63.18244,-17.41995],[-63.18245,-17.41995]]},"properties":{"description":"MANZANOS","styleUrl":"#line1","stroke-opacity":1,"stroke":"#000000","stroke-width":1,"name":"FONDO"}},
{"type":"Feature","geometry":{"type":"LineString","coordinates":[[-63.17651,-17.41885],[-63.17647,-17.41903]]},"properties":{"description":"MANZANOS","styleUrl":"#line1","stroke-opacity":1,"stroke":"#000000","stroke-width":1,"name":"FONDO"}},
{"type":"Feature","geometry":{"type":"LineString","coordinates":[[-63.17652,-17.41911],[-63.17652,-17.4191],[-63.17651,-17.4191],[-63.1765,-17.4191],[-63.17649,-17.4191],[-63.17649,-17.41909],[-63.17648,-17.41909],[-63.17648,-17.41908],[-63.17648,-17.41907],[-63.17647,-17.41907],[-63.17647,-17.41906],[-63.17647,-17.41905],[-63.17647,-17.41904],[-63.17647,-17.41903]]},"properties":{"description":"MANZANOS","styleUrl":"#line1","stroke-opacity":1,"stroke":"#000000","stroke-width":1,"name":"FONDO"}},
{"type":"Feature","geometry":{"type":"LineString","coordinates":[[-63.17627,-17.41905],[-63.17545,-17.41885]]},"properties":{"description":"MANZANOS","styleUrl":"#line1","stroke-opacity":1,"stroke":"#000000","stroke-width":1,"name":"FONDO"}},
{"type":"Feature","geometry":{"type":"LineString","coordinates":[[-63.17639,-17.41885],[-63.17635,-17.419]]},"properties":{"description":"MANZANOS","styleUrl":"#line1","stroke-opacity":1,"stroke":"#000000","stroke-width":1,"name":"FONDO"}},
{"type":"Feature","geometry":{"type":"LineString","coordinates":[[-63.17635,-17.419],[-63.17635,-17.41901],[-63.17634,-17.41902],[-63.17634,-17.41903],[-63.17633,-17.41903],[-63.17633,-17.41904],[-63.17632,-17.41904],[-63.17631,-17.41904],[-63.17631,-17.41905],[-63.1763,-17.41905],[-63.17629,-17.41905],[-63.17628,-17.41905],[-63.17627,-17.41905]]},"properties":{"description":"MANZANOS","styleUrl":"#line1","stroke-opacity":1,"stroke":"#000000","stroke-width":1,"name":"FONDO"}},
{"type":"Feature","geometry":{"type":"LineString","coordinates":[[-63.17508,-17.41895],[-63.17488,-17.41972]]},"properties":{"description":"MANZANOS","styleUrl":"#line1","stroke-opacity":1,"stroke":"#000000","stroke-width":1,"name":"FONDO"}},
{"type":"Feature","geometry":{"type":"LineString","coordinates":[[-63.17508,-17.41895],[-63.17508,-17.41894],[-63.17508,-17.41893],[-63.17509,-17.41893],[-63.17509,-17.41892],[-63.1751,-17.41892],[-63.1751,-17.41891],[-63.17511,-17.41891],[-63.17512,-17.41891],[-63.17512,-17.4189],[-63.17513,-17.4189],[-63.17514,-17.4189],[-63.17515,-17.4189],[-63.17516,-17.4189]]},"properties":{"description":"MANZANOS","styleUrl":"#line1","stroke-opacity":1,"stroke":"#000000","stroke-width":1,"name":"FONDO"}},
{"type":"Feature","geometry":{"type":"LineString","coordinates":[[-63.17965,-17.42383],[-63.17935,-17.42427]]},"properties":{"description":"MANZANOS","styleUrl":"#line1","stroke-opacity":1,"stroke":"#000000","stroke-width":1,"name":"FONDO"}},
{"type":"Feature","geometry":{"type":"LineString","coordinates":[[-63.17949,-17.42386],[-63.17922,-17.42424]]},"properties":{"description":"MANZANOS","styleUrl":"#line1","stroke-opacity":1,"stroke":"#000000","stroke-width":1,"name":"FONDO"}},
{"type":"Feature","geometry":{"type":"LineString","coordinates":[[-63.17818,-17.42353],[-63.17806,-17.42398]]},"properties":{"description":"MANZANOS","styleUrl":"#line1","stroke-opacity":1,"stroke":"#000000","stroke-width":1,"name":"FONDO"}},
{"type":"Feature","geometry":{"type":"LineString","coordinates":[[-63.17806,-17.4235],[-63.17794,-17.42395]]},"properties":{"description":"MANZANOS","styleUrl":"#line1","stroke-opacity":1,"stroke":"#000000","stroke-width":1,"name":"FONDO"}},
{"type":"Feature","geometry":{"type":"LineString","coordinates":[[-63.17549,-17.42293],[-63.17538,-17.42337]]},"properties":{"description":"MANZANOS","styleUrl":"#line1","stroke-opacity":1,"stroke":"#000000","stroke-width":1,"name":"FONDO"}},
{"type":"Feature","geometry":{"type":"LineString","coordinates":[[-63.19142,-17.42245],[-63.1923,-17.4229]]},"properties":{"description":"MANZANOS","styleUrl":"#line1","stroke-opacity":1,"stroke":"#000000","stroke-width":1,"name":"FONDO"}},
{"type":"Feature","geometry":{"type":"LineString","coordinates":[[-63.18061,-17.424],[-63.17974,-17.4238]]},"properties":{"description":"MANZANOS","styleUrl":"#line1","stroke-opacity":1,"stroke":"#000000","stroke-width":1,"name":"FONDO"}},
{"type":"Feature","geometry":{"type":"LineString","coordinates":[[-63.17944,-17.42373],[-63.17828,-17.42347]]},"properties":{"description":"MANZANOS","styleUrl":"#line1","stroke-opacity":1,"stroke":"#000000","stroke-width":1,"name":"FONDO"}},
{"type":"Feature","geometry":{"type":"LineString","coordinates":[[-63.17799,-17.42341],[-63.17559,-17.42287]]},"properties":{"description":"MANZANOS","styleUrl":"#line1","stroke-opacity":1,"stroke":"#000000","stroke-width":1,"name":"FONDO"}},
{"type":"Feature","geometry":{"type":"LineString","coordinates":[[-63.18532,-17.42065],[-63.18512,-17.42093]]},"properties":{"description":"MANZANOS","styleUrl":"#line1","stroke-opacity":1,"stroke":"#000000","stroke-width":1,"name":"FONDO"}},
{"type":"Feature","geometry":{"type":"LineString","coordinates":[[-63.18238,-17.41998],[-63.18205,-17.42045]]},"properties":{"description":"MANZANOS","styleUrl":"#line1","stroke-opacity":1,"stroke":"#000000","stroke-width":1,"name":"FONDO"}},
{"type":"Feature","geometry":{"type":"LineString","coordinates":[[-63.17848,-17.42333],[-63.17832,-17.4233]]},"properties":{"description":"MANZANOS","styleUrl":"#line1","stroke-opacity":1,"stroke":"#000000","stroke-width":1,"name":"FONDO"}},
{"type":"Feature","geometry":{"type":"LineString","coordinates":[[-63.17814,-17.42317],[-63.17816,-17.4231]]},"properties":{"description":"MANZANOS","styleUrl":"#line1","stroke-opacity":1,"stroke":"#000000","stroke-width":1,"name":"FONDO"}},
{"type":"Feature","geometry":{"type":"LineString","coordinates":[[-63.17629,-17.41924],[-63.17623,-17.41948]]},"properties":{"description":"MANZANOS","styleUrl":"#line1","stroke-opacity":1,"stroke":"#000000","stroke-width":1,"name":"FONDO"}},
{"type":"Feature","geometry":{"type":"LineString","coordinates":[[-63.17563,-17.41956],[-63.17574,-17.41911]]},"properties":{"description":"MANZANOS","styleUrl":"#line1","stroke-opacity":1,"stroke":"#000000","stroke-width":1,"name":"FONDO"}},
{"type":"Feature","geometry":{"type":"LineString","coordinates":[[-63.17641,-17.41927],[-63.17636,-17.41946]]},"properties":{"description":"MANZANOS","styleUrl":"#line1","stroke-opacity":1,"stroke":"#000000","stroke-width":1,"name":"FONDO"}},
{"type":"Feature","geometry":{"type":"LineString","coordinates":[[-63.1771,-17.41937],[-63.17649,-17.41922]]},"properties":{"description":"MANZANOS","styleUrl":"#line1","stroke-opacity":1,"stroke":"#000000","stroke-width":1,"name":"FONDO"}},
{"type":"Feature","geometry":{"type":"LineString","coordinates":[[-63.19033,-17.42197],[-63.1903,-17.42211]]},"properties":{"description":"MANZANOS","styleUrl":"#line1","stroke-opacity":1,"stroke":"#000000","stroke-width":1,"name":"FONDO"}},
{"type":"Feature","geometry":{"type":"LineString","coordinates":[[-63.19107,-17.42226],[-63.19043,-17.42193]]},"properties":{"description":"MANZANOS","styleUrl":"#line1","stroke-opacity":1,"stroke":"#000000","stroke-width":1,"name":"FONDO"}},
{"type":"Feature","geometry":null,"properties":{"description":"MANZANOS","styleUrl":"#line1","stroke-opacity":1,"stroke":"#000000","stroke-width":1,"name":"FONDO"}},
{"type":"Feature","geometry":{"type":"LineString","coordinates":[[-63.18676,-17.4242],[-63.18669,-17.42452]]},"properties":{"description":"MANZANOS","styleUrl":"#line1","stroke-opacity":1,"stroke":"#000000","stroke-width":1,"name":"FONDO"}},
{"type":"Feature","geometry":{"type":"LineString","coordinates":[[-63.17965,-17.42383],[-63.17966,-17.42383],[-63.17966,-17.42382],[-63.17967,-17.42382],[-63.17967,-17.42381],[-63.17968,-17.42381],[-63.17969,-17.42381],[-63.17969,-17.4238],[-63.1797,-17.4238],[-63.17971,-17.4238],[-63.17972,-17.4238],[-63.17973,-17.4238],[-63.17974,-17.4238]]},"properties":{"description":"MANZANOS","styleUrl":"#line1","stroke-opacity":1,"stroke":"#000000","stroke-width":1,"name":"FONDO"}},
{"type":"Feature","geometry":{"type":"LineString","coordinates":[[-63.17944,-17.42373],[-63.17945,-17.42373],[-63.17945,-17.42374],[-63.17946,-17.42374],[-63.17947,-17.42374],[-63.17947,-17.42375],[-63.17948,-17.42375],[-63.17948,-17.42376],[-63.17949,-17.42376],[-63.17949,-17.42377],[-63.17949,-17.42378],[-63.1795,-17.42378],[-63.1795,-17.42379],[-63.1795,-17.4238],[-63.1795,-17.42381],[-63.1795,-17.42382],[-63.1795,-17.42383],[-63.1795,-17.42384],[-63.17949,-17.42384],[-63.17949,-17.42385],[-63.17949,-17.42386]]},"properties":{"description":"MANZANOS","styleUrl":"#line1","stroke-opacity":1,"stroke":"#000000","stroke-width":1,"name":"FONDO"}},
{"type":"Feature","geometry":{"type":"LineString","coordinates":[[-63.17818,-17.42353],[-63.17818,-17.42352],[-63.17818,-17.42351],[-63.17819,-17.42351],[-63.17819,-17.4235],[-63.1782,-17.4235],[-63.1782,-17.42349],[-63.17821,-17.42349],[-63.17821,-17.42348],[-63.17822,-17.42348],[-63.17823,-17.42347],[-63.17824,-17.42347],[-63.17825,-17.42347],[-63.17826,-17.42347],[-63.17827,-17.42347],[-63.17828,-17.42347]]},"properties":{"description":"MANZANOS","styleUrl":"#line1","stroke-opacity":1,"stroke":"#000000","stroke-width":1,"name":"FONDO"}},
{"type":"Feature","geometry":{"type":"LineString","coordinates":[[-63.17799,-17.42341],[-63.178,-17.42341],[-63.17801,-17.42341],[-63.17802,-17.42341],[-63.17802,-17.42342],[-63.17803,-17.42342],[-63.17803,-17.42343],[-63.17804,-17.42343],[-63.17804,-17.42344],[-63.17805,-17.42344],[-63.17805,-17.42345],[-63.17805,-17.42346],[-63.17806,-17.42346],[-63.17806,-17.42347],[-63.17806,-17.42348],[-63.17806,-17.42349],[-63.17806,-17.4235]]},"properties":{"description":"MANZANOS","styleUrl":"#line1","stroke-opacity":1,"stroke":"#000000","stroke-width":1,"name":"FONDO"}},
{"type":"Feature","geometry":{"type":"LineString","coordinates":[[-63.17814,-17.42317],[-63.17814,-17.42318],[-63.17814,-17.42319],[-63.17813,-17.42319],[-63.17813,-17.4232],[-63.17812,-17.4232],[-63.17812,-17.42321],[-63.17811,-17.42321],[-63.17811,-17.42322],[-63.1781,-17.42322],[-63.17809,-17.42323],[-63.17808,-17.42323],[-63.17807,-17.42323],[-63.17806,-17.42323],[-63.17805,-17.42323],[-63.17804,-17.42323]]},"properties":{"description":"MANZANOS","styleUrl":"#line1","stroke-opacity":1,"stroke":"#000000","stroke-width":1,"name":"FONDO"}},
{"type":"Feature","geometry":{"type":"LineString","coordinates":[[-63.17832,-17.4233],[-63.17832,-17.42329],[-63.17831,-17.42329],[-63.1783,-17.42329],[-63.1783,-17.42328],[-63.17829,-17.42328],[-63.17828,-17.42328],[-63.17828,-17.42327],[-63.17827,-17.42327],[-63.17827,-17.42326],[-63.17827,-17.42325],[-63.17826,-17.42325],[-63.17826,-17.42324],[-63.17826,-17.42323],[-63.17826,-17.42322],[-63.17826,-17.42321],[-63.17826,-17.4232]]},"properties":{"description":"MANZANOS","styleUrl":"#line1","stroke-opacity":1,"stroke":"#000000","stroke-width":1,"name":"FONDO"}},
{"type":"Feature","geometry":{"type":"LineString","coordinates":[[-63.17549,-17.42293],[-63.17549,-17.42292],[-63.17549,-17.42291],[-63.1755,-17.42291],[-63.1755,-17.4229],[-63.17551,-17.42289],[-63.17551,-17.42288],[-63.17552,-17.42288],[-63.17553,-17.42288],[-63.17553,-17.42287],[-63.17554,-17.42287],[-63.17555,-17.42287],[-63.17555,-17.42286],[-63.17556,-17.42286],[-63.17557,-17.42286],[-63.17558,-17.42286],[-63.17559,-17.42286],[-63.17559,-17.42287]]},"properties":{"description":"MANZANOS","styleUrl":"#line1","stroke-opacity":1,"stroke":"#000000","stroke-width":1,"name":"FONDO"}},
{"type":"Feature","geometry":{"type":"LineString","coordinates":[[-63.17545,-17.42257],[-63.17545,-17.42258],[-63.17545,-17.42259],[-63.17544,-17.42259],[-63.17544,-17.4226],[-63.17543,-17.4226],[-63.17543,-17.42261],[-63.17542,-17.42261],[-63.17542,-17.42262],[-63.17541,-17.42262],[-63.1754,-17.42262],[-63.17539,-17.42262],[-63.17539,-17.42263],[-63.17538,-17.42263],[-63.17537,-17.42263],[-63.17536,-17.42263],[-63.17535,-17.42263]]},"properties":{"description":"MANZANOS","styleUrl":"#line1","stroke-opacity":1,"stroke":"#000000","stroke-width":1,"name":"FONDO"}},
{"type":"Feature","geometry":{"type":"LineString","coordinates":[[-63.17564,-17.42269],[-63.17563,-17.42269],[-63.17562,-17.42269],[-63.17562,-17.42268],[-63.17561,-17.42268],[-63.1756,-17.42267],[-63.17559,-17.42267],[-63.17559,-17.42266],[-63.17559,-17.42265],[-63.17558,-17.42265],[-63.17558,-17.42264],[-63.17558,-17.42263],[-63.17557,-17.42263],[-63.17557,-17.42262],[-63.17557,-17.42261],[-63.17557,-17.4226],[-63.17557,-17.42259]]},"properties":{"description":"MANZANOS","styleUrl":"#line1","stroke-opacity":1,"stroke":"#000000","stroke-width":1,"name":"FONDO"}},
{"type":"Feature","geometry":{"type":"LineString","coordinates":[[-63.17497,-17.42254],[-63.17496,-17.42254],[-63.17495,-17.42253],[-63.17494,-17.42253],[-63.17494,-17.42252],[-63.17493,-17.42252],[-63.17493,-17.42251],[-63.17492,-17.42251],[-63.17492,-17.4225],[-63.17491,-17.4225],[-63.17491,-17.42249],[-63.17491,-17.42248],[-63.1749,-17.42248],[-63.1749,-17.42247],[-63.1749,-17.42246],[-63.1749,-17.42245],[-63.1749,-17.42244]]},"properties":{"description":"MANZANOS","styleUrl":"#line1","stroke-opacity":1,"stroke":"#000000","stroke-width":1,"name":"FONDO"}},
{"type":"Feature","geometry":{"type":"LineString","coordinates":[[-63.19411,-17.4262],[-63.19402,-17.42666]]},"properties":{"description":"MANZANOS","styleUrl":"#line1","stroke-opacity":1,"stroke":"#000000","stroke-width":1,"name":"FONDO"}},
{"type":"Feature","geometry":{"type":"LineString","coordinates":[[-63.19307,-17.42661],[-63.19324,-17.42575]]},"properties":{"description":"MANZANOS","styleUrl":"#line1","stroke-opacity":1,"stroke":"#000000","stroke-width":1,"name":"FONDO"}},
{"type":"Feature","geometry":{"type":"LineString","coordinates":[[-63.18688,-17.42364],[-63.18688,-17.42363],[-63.18689,-17.42363],[-63.18689,-17.42362],[-63.18689,-17.42361],[-63.1869,-17.42361],[-63.18691,-17.4236],[-63.18692,-17.4236],[-63.18693,-17.4236],[-63.18693,-17.42359],[-63.18694,-17.42359],[-63.18695,-17.42359],[-63.18696,-17.42359]]},"properties":{"description":"MANZANOS","styleUrl":"#line1","stroke-opacity":1,"stroke":"#000000","stroke-width":1,"name":"FONDO"}},
{"type":"Feature","geometry":{"type":"LineString","coordinates":[[-63.18957,-17.42468],[-63.18684,-17.42415]]},"properties":{"description":"MANZANOS","styleUrl":"#line1","stroke-opacity":1,"stroke":"#000000","stroke-width":1,"name":"FONDO"}},
{"type":"Feature","geometry":{"type":"LineString","coordinates":[[-63.18686,-17.42404],[-63.18686,-17.42403],[-63.18685,-17.42403],[-63.18684,-17.42403],[-63.18684,-17.42402],[-63.18683,-17.42402],[-63.18683,-17.42401],[-63.18682,-17.42401],[-63.18682,-17.424],[-63.18681,-17.424],[-63.18681,-17.42399],[-63.18681,-17.42398],[-63.18681,-17.42397],[-63.18681,-17.42396]]},"properties":{"description":"MANZANOS","styleUrl":"#line1","stroke-opacity":1,"stroke":"#000000","stroke-width":1,"name":"FONDO"}},
{"type":"Feature","geometry":{"type":"LineString","coordinates":[[-63.18676,-17.4242],[-63.18676,-17.42419],[-63.18677,-17.42419],[-63.18677,-17.42418],[-63.18677,-17.42417],[-63.18678,-17.42417],[-63.18679,-17.42416],[-63.1868,-17.42416],[-63.1868,-17.42415],[-63.18681,-17.42415],[-63.18682,-17.42415],[-63.18683,-17.42415],[-63.18684,-17.42415]]},"properties":{"description":"MANZANOS","styleUrl":"#line1","stroke-opacity":1,"stroke":"#000000","stroke-width":1,"name":"FONDO"}},
{"type":"Feature","geometry":{"type":"LineString","coordinates":[[-63.18743,-17.42104],[-63.18743,-17.42103],[-63.18743,-17.42102],[-63.18744,-17.42102],[-63.18744,-17.42101],[-63.18745,-17.42101],[-63.18745,-17.421],[-63.18746,-17.421],[-63.18746,-17.42099],[-63.18747,-17.42099],[-63.18748,-17.42099],[-63.18749,-17.42099],[-63.1875,-17.42099],[-63.18751,-17.42099]]},"properties":{"description":"MANZANOS","styleUrl":"#line1","stroke-opacity":1,"stroke":"#000000","stroke-width":1,"name":"FONDO"}},
{"type":"Feature","geometry":{"type":"LineString","coordinates":[[-63.18726,-17.42094],[-63.18727,-17.42094],[-63.18727,-17.42095],[-63.18728,-17.42095],[-63.18729,-17.42095],[-63.18729,-17.42096],[-63.1873,-17.42096],[-63.1873,-17.42097],[-63.1873,-17.42098],[-63.18731,-17.42098],[-63.18731,-17.42099],[-63.18731,-17.421],[-63.18731,-17.42101],[-63.18731,-17.42102]]},"properties":{"description":"MANZANOS","styleUrl":"#line1","stroke-opacity":1,"stroke":"#000000","stroke-width":1,"name":"FONDO"}},
{"type":"Feature","geometry":{"type":"LineString","coordinates":[[-63.18948,-17.42513],[-63.18675,-17.4246]]},"properties":{"description":"MANZANOS","styleUrl":"#line1","stroke-opacity":1,"stroke":"#000000","stroke-width":1,"name":"FONDO"}},
{"type":"Feature","geometry":{"type":"LineString","coordinates":[[-63.18945,-17.42524],[-63.18672,-17.42471]]},"properties":{"description":"MANZANOS","styleUrl":"#line1","stroke-opacity":1,"stroke":"#000000","stroke-width":1,"name":"FONDO"}},
{"type":"Feature","geometry":{"type":"LineString","coordinates":[[-63.18664,-17.42476],[-63.18657,-17.42509]]},"properties":{"description":"MANZANOS","styleUrl":"#line1","stroke-opacity":1,"stroke":"#000000","stroke-width":1,"name":"FONDO"}},
{"type":"Feature","geometry":{"type":"LineString","coordinates":[[-63.18675,-17.4246],[-63.18674,-17.4246],[-63.18674,-17.42459],[-63.18673,-17.42459],[-63.18672,-17.42459],[-63.18672,-17.42458],[-63.18671,-17.42458],[-63.18671,-17.42457],[-63.1867,-17.42457],[-63.1867,-17.42456],[-63.1867,-17.42455],[-63.18669,-17.42455],[-63.18669,-17.42454],[-63.18669,-17.42453],[-63.18669,-17.42452]]},"properties":{"description":"MANZANOS","styleUrl":"#line1","stroke-opacity":1,"stroke":"#000000","stroke-width":1,"name":"FONDO"}},
{"type":"Feature","geometry":{"type":"LineString","coordinates":[[-63.18664,-17.42476],[-63.18665,-17.42475],[-63.18665,-17.42474],[-63.18666,-17.42474],[-63.18666,-17.42473],[-63.18666,-17.42472],[-63.18667,-17.42472],[-63.18668,-17.42472],[-63.18668,-17.42471],[-63.18669,-17.42471],[-63.1867,-17.42471],[-63.18671,-17.42471],[-63.18672,-17.42471]]},"properties":{"description":"MANZANOS","styleUrl":"#line1","stroke-opacity":1,"stroke":"#000000","stroke-width":1,"name":"FONDO"}},
{"type":"Feature","geometry":{"type":"LineString","coordinates":[[-63.17564,-17.42232],[-63.17557,-17.42259]]},"properties":{"description":"MANZANOS","styleUrl":"#line1","stroke-opacity":1,"stroke":"#000000","stroke-width":1,"name":"FONDO"}},
{"type":"Feature","geometry":{"type":"LineString","coordinates":[[-63.17564,-17.42232],[-63.17564,-17.42231],[-63.17565,-17.42231],[-63.17565,-17.4223],[-63.17565,-17.42229],[-63.17566,-17.42229],[-63.17566,-17.42228],[-63.17567,-17.42228],[-63.17568,-17.42227],[-63.17569,-17.42227],[-63.1757,-17.42227],[-63.17571,-17.42227],[-63.17572,-17.42227]]},"properties":{"description":"MANZANOS","styleUrl":"#line1","stroke-opacity":1,"stroke":"#000000","stroke-width":1,"name":"FONDO"}},
{"type":"Feature","geometry":{"type":"LineString","coordinates":[[-63.1931,-17.42584],[-63.19312,-17.42569]]},"properties":{"description":"MANZANOS","styleUrl":"#line1","stroke-opacity":1,"stroke":"#000000","stroke-width":1,"name":"FONDO"}},
{"type":"Feature","geometry":{"type":"LineString","coordinates":[[-63.19143,-17.42481],[-63.19135,-17.42495]]},"properties":{"description":"MANZANOS","styleUrl":"#line1","stroke-opacity":1,"stroke":"#000000","stroke-width":1,"name":"FONDO"}},
{"type":"Feature","geometry":{"type":"LineString","coordinates":[[-63.193,-17.42588],[-63.19138,-17.42504]]},"properties":{"description":"MANZANOS","styleUrl":"#line1","stroke-opacity":1,"stroke":"#000000","stroke-width":1,"name":"FONDO"}},
{"type":"Feature","geometry":{"type":"LineString","coordinates":[[-63.19138,-17.42504],[-63.19137,-17.42504],[-63.19137,-17.42503],[-63.19136,-17.42503],[-63.19136,-17.42502],[-63.19135,-17.42502],[-63.19135,-17.42501],[-63.19135,-17.425],[-63.19135,-17.42499],[-63.19135,-17.42498],[-63.19135,-17.42497],[-63.19135,-17.42496],[-63.19135,-17.42495]]},"properties":{"description":"MANZANOS","styleUrl":"#line1","stroke-opacity":1,"stroke":"#000000","stroke-width":1,"name":"FONDO"}},
{"type":"Feature","geometry":{"type":"LineString","coordinates":[[-63.1931,-17.42584],[-63.19309,-17.42584],[-63.19309,-17.42585],[-63.19309,-17.42586],[-63.19308,-17.42586],[-63.19308,-17.42587],[-63.19307,-17.42587],[-63.19307,-17.42588],[-63.19306,-17.42588],[-63.19306,-17.42589],[-63.19305,-17.42589],[-63.19304,-17.42589],[-63.19303,-17.42589],[-63.19302,-17.42589],[-63.19301,-17.42589],[-63.193,-17.42588]]},"properties":{"description":"MANZANOS","styleUrl":"#line1","stroke-opacity":1,"stroke":"#000000","stroke-width":1,"name":"FONDO"}},
{"type":"Feature","geometry":{"type":"LineString","coordinates":[[-63.19116,-17.42492],[-63.1899,-17.42427]]},"properties":{"description":"MANZANOS","styleUrl":"#line1","stroke-opacity":1,"stroke":"#000000","stroke-width":1,"name":"FONDO"}},
{"type":"Feature","geometry":{"type":"LineString","coordinates":[[-63.19125,-17.4249],[-63.19124,-17.4249],[-63.19124,-17.42491],[-63.19123,-17.42491],[-63.19123,-17.42492],[-63.19122,-17.42492],[-63.19121,-17.42492],[-63.19121,-17.42493],[-63.1912,-17.42493],[-63.19119,-17.42493],[-63.19118,-17.42493],[-63.19117,-17.42493],[-63.19116,-17.42493],[-63.19116,-17.42492]]},"properties":{"description":"MANZANOS","styleUrl":"#line1","stroke-opacity":1,"stroke":"#000000","stroke-width":1,"name":"FONDO"}},
{"type":"Feature","geometry":{"type":"LineString","coordinates":[[-63.1899,-17.42427],[-63.1899,-17.42426],[-63.18989,-17.42426],[-63.18988,-17.42426],[-63.18988,-17.42425],[-63.18987,-17.42425],[-63.18987,-17.42424],[-63.18987,-17.42423],[-63.18987,-17.42422],[-63.18986,-17.42422],[-63.18986,-17.42421],[-63.18986,-17.4242],[-63.18987,-17.4242]]},"properties":{"description":"MANZANOS","styleUrl":"#line1","stroke-opacity":1,"stroke":"#000000","stroke-width":1,"name":"FONDO"}},
{"type":"Feature","geometry":{"type":"LineString","coordinates":[[-63.18987,-17.4242],[-63.1899,-17.42401]]},"properties":{"description":"MANZANOS","styleUrl":"#line1","stroke-opacity":1,"stroke":"#000000","stroke-width":1,"name":"FONDO"}},
{"type":"Feature","geometry":{"type":"LineString","coordinates":[[-63.19133,-17.42475],[-63.19125,-17.4249]]},"properties":{"description":"MANZANOS","styleUrl":"#line1","stroke-opacity":1,"stroke":"#000000","stroke-width":1,"name":"FONDO"}},
{"type":"Feature","geometry":{"type":"LineString","coordinates":[[-63.18696,-17.42359],[-63.18726,-17.42365]]},"properties":{"description":"MANZANOS","styleUrl":"#line1","stroke-opacity":1,"stroke":"#000000","stroke-width":1,"name":"FONDO"}},
{"type":"Feature","geometry":{"type":"LineString","coordinates":[[-63.18636,-17.42464],[-63.18426,-17.42423]]},"properties":{"description":"MANZANOS","styleUrl":"#line1","stroke-opacity":1,"stroke":"#000000","stroke-width":1,"name":"FONDO"}},
{"type":"Feature","geometry":{"type":"LineString","coordinates":[[-63.18444,-17.42415],[-63.18639,-17.42453]]},"properties":{"description":"MANZANOS","styleUrl":"#line1","stroke-opacity":1,"stroke":"#000000","stroke-width":1,"name":"FONDO"}},
{"type":"Feature","geometry":{"type":"LineString","coordinates":[[-63.18648,-17.42408],[-63.18514,-17.42382]]},"properties":{"description":"MANZANOS","styleUrl":"#line1","stroke-opacity":1,"stroke":"#000000","stroke-width":1,"name":"FONDO"}},
{"type":"Feature","geometry":{"type":"LineString","coordinates":[[-63.18533,-17.42374],[-63.1865,-17.42397]]},"properties":{"description":"MANZANOS","styleUrl":"#line1","stroke-opacity":1,"stroke":"#000000","stroke-width":1,"name":"FONDO"}},
{"type":"Feature","geometry":{"type":"LineString","coordinates":[[-63.18626,-17.4251],[-63.18364,-17.42451]]},"properties":{"description":"MANZANOS","styleUrl":"#line1","stroke-opacity":1,"stroke":"#000000","stroke-width":1,"name":"FONDO"}},
{"type":"Feature","geometry":{"type":"LineString","coordinates":[[-63.18933,-17.4258],[-63.18664,-17.42519]]},"properties":{"description":"MANZANOS","styleUrl":"#line1","stroke-opacity":1,"stroke":"#000000","stroke-width":1,"name":"FONDO"}},
{"type":"Feature","geometry":{"type":"LineString","coordinates":[[-63.18664,-17.42519],[-63.18663,-17.42519],[-63.18663,-17.42518],[-63.18662,-17.42518],[-63.18661,-17.42518],[-63.18661,-17.42517],[-63.1866,-17.42517],[-63.18659,-17.42516],[-63.18659,-17.42515],[-63.18658,-17.42515],[-63.18658,-17.42514],[-63.18658,-17.42513],[-63.18657,-17.42513],[-63.18657,-17.42512],[-63.18657,-17.42511],[-63.18657,-17.4251],[-63.18657,-17.42509]]},"properties":{"description":"MANZANOS","styleUrl":"#line1","stroke-opacity":1,"stroke":"#000000","stroke-width":1,"name":"FONDO"}},
{"type":"Feature","geometry":{"type":"LineString","coordinates":[[-63.18623,-17.42528],[-63.1828,-17.42451]]},"properties":{"description":"MANZANOS","styleUrl":"#line1","stroke-opacity":1,"stroke":"#000000","stroke-width":1,"name":"FONDO"}},
{"type":"Feature","geometry":{"type":"LineString","coordinates":[[-63.18271,-17.42454],[-63.18272,-17.42454],[-63.18272,-17.42453],[-63.18273,-17.42453],[-63.18273,-17.42452],[-63.18274,-17.42452],[-63.18275,-17.42452],[-63.18275,-17.42451],[-63.18276,-17.42451],[-63.18277,-17.42451],[-63.18278,-17.42451],[-63.18279,-17.42451],[-63.1828,-17.42451]]},"properties":{"description":"MANZANOS","styleUrl":"#line1","stroke-opacity":1,"stroke":"#000000","stroke-width":1,"name":"FONDO"}},
{"type":"Feature","geometry":{"type":"LineString","coordinates":[[-63.1825,-17.42444],[-63.18158,-17.42424]]},"properties":{"description":"MANZANOS","styleUrl":"#line1","stroke-opacity":1,"stroke":"#000000","stroke-width":1,"name":"FONDO"}},
{"type":"Feature","geometry":{"type":"LineString","coordinates":[[-63.1825,-17.42444],[-63.18251,-17.42444],[-63.18251,-17.42445],[-63.18252,-17.42445],[-63.18253,-17.42445],[-63.18253,-17.42446],[-63.18254,-17.42446],[-63.18254,-17.42447],[-63.18255,-17.42447],[-63.18255,-17.42448],[-63.18255,-17.42449],[-63.18256,-17.42449],[-63.18256,-17.4245],[-63.18256,-17.42451],[-63.18256,-17.42452],[-63.18256,-17.42453],[-63.18256,-17.42454],[-63.18256,-17.42455],[-63.18255,-17.42456],[-63.18255,-17.42457]]},"properties":{"description":"MANZANOS","styleUrl":"#line1","stroke-opacity":1,"stroke":"#000000","stroke-width":1,"name":"FONDO"}},
{"type":"Feature","geometry":{"type":"LineString","coordinates":[[-63.1866,-17.42352],[-63.18603,-17.42341]]},"properties":{"description":"MANZANOS","styleUrl":"#line1","stroke-opacity":1,"stroke":"#000000","stroke-width":1,"name":"FONDO"}},
{"type":"Feature","geometry":{"type":"LineString","coordinates":[[-63.18662,-17.42341],[-63.18621,-17.42333]]},"properties":{"description":"MANZANOS","styleUrl":"#line1","stroke-opacity":1,"stroke":"#000000","stroke-width":1,"name":"FONDO"}},
{"type":"Feature","geometry":{"type":"LineString","coordinates":[[-63.17762,-17.42272],[-63.17572,-17.42227]]},"properties":{"description":"MANZANOS","styleUrl":"#line1","stroke-opacity":1,"stroke":"#000000","stroke-width":1,"name":"FONDO"}},
{"type":"Feature","geometry":{"type":"LineString","coordinates":[[-63.17575,-17.42215],[-63.17574,-17.42215],[-63.17573,-17.42215],[-63.17573,-17.42214],[-63.17572,-17.42214],[-63.17572,-17.42213],[-63.17571,-17.42213],[-63.17571,-17.42212],[-63.17571,-17.42211],[-63.1757,-17.42211],[-63.1757,-17.4221],[-63.1757,-17.42209],[-63.1757,-17.42208]]},"properties":{"description":"MANZANOS","styleUrl":"#line1","stroke-opacity":1,"stroke":"#000000","stroke-width":1,"name":"FONDO"}},
{"type":"Feature","geometry":{"type":"LineString","coordinates":[[-63.17737,-17.42254],[-63.17575,-17.42215]]},"properties":{"description":"MANZANOS","styleUrl":"#line1","stroke-opacity":1,"stroke":"#000000","stroke-width":1,"name":"FONDO"}},
{"type":"Feature","geometry":{"type":"LineString","coordinates":[[-63.17523,-17.4203],[-63.17485,-17.42021]]},"properties":{"description":"MANZANOS","styleUrl":"#line1","stroke-opacity":1,"stroke":"#000000","stroke-width":1,"name":"FONDO"}},
{"type":"Feature","geometry":{"type":"LineString","coordinates":[[-63.17528,-17.42008],[-63.1749,-17.41999]]},"properties":{"description":"MANZANOS","styleUrl":"#line1","stroke-opacity":1,"stroke":"#000000","stroke-width":1,"name":"FONDO"}},
{"type":"Feature","geometry":{"type":"LineString","coordinates":[[-63.17539,-17.42002],[-63.17539,-17.42003],[-63.17538,-17.42003],[-63.17538,-17.42004],[-63.17538,-17.42005],[-63.17537,-17.42005],[-63.17537,-17.42006],[-63.17536,-17.42006],[-63.17536,-17.42007],[-63.17535,-17.42007],[-63.17534,-17.42007],[-63.17534,-17.42008],[-63.17533,-17.42008],[-63.17532,-17.42008],[-63.17531,-17.42008],[-63.1753,-17.42008],[-63.17529,-17.42008],[-63.17528,-17.42008]]},"properties":{"description":"MANZANOS","styleUrl":"#line1","stroke-opacity":1,"stroke":"#000000","stroke-width":1,"name":"FONDO"}},
{"type":"Feature","geometry":{"type":"LineString","coordinates":[[-63.17523,-17.4203],[-63.17524,-17.4203],[-63.17525,-17.4203],[-63.17525,-17.42031],[-63.17526,-17.42031],[-63.17526,-17.42032],[-63.17527,-17.42032],[-63.17528,-17.42033],[-63.17528,-17.42034],[-63.17529,-17.42034],[-63.17529,-17.42035],[-63.17529,-17.42036],[-63.17529,-17.42037],[-63.17529,-17.42038],[-63.17529,-17.42039],[-63.17529,-17.4204]]},"properties":{"description":"MANZANOS","styleUrl":"#line1","stroke-opacity":1,"stroke":"#000000","stroke-width":1,"name":"FONDO"}},
{"type":"Feature","geometry":{"type":"LineString","coordinates":[[-63.1749,-17.41999],[-63.17489,-17.41999],[-63.17489,-17.41998],[-63.17488,-17.41998],[-63.17487,-17.41998],[-63.17487,-17.41997],[-63.17486,-17.41997],[-63.17486,-17.41996],[-63.17485,-17.41996],[-63.17485,-17.41995],[-63.17485,-17.41994],[-63.17484,-17.41994],[-63.17484,-17.41993],[-63.17484,-17.41992],[-63.17484,-17.41991],[-63.17484,-17.4199],[-63.17484,-17.41989]]},"properties":{"description":"MANZANOS","styleUrl":"#line1","stroke-opacity":1,"stroke":"#000000","stroke-width":1,"name":"FONDO"}},
{"type":"Feature","geometry":{"type":"LineString","coordinates":[[-63.17479,-17.42021],[-63.1748,-17.42021],[-63.17481,-17.42021],[-63.17482,-17.42021],[-63.17482,-17.4202],[-63.17483,-17.4202],[-63.17483,-17.42021],[-63.17484,-17.42021],[-63.17485,-17.42021]]},"properties":{"description":"MANZANOS","styleUrl":"#line1","stroke-opacity":1,"stroke":"#000000","stroke-width":1,"name":"FONDO"}},
{"type":"Feature","geometry":{"type":"LineString","coordinates":[[-63.18686,-17.42404],[-63.1896,-17.42457]]},"properties":{"description":"MANZANOS","styleUrl":"#line1","stroke-opacity":1,"stroke":"#000000","stroke-width":1,"name":"FONDO"}},
{"type":"Feature","geometry":{"type":"LineString","coordinates":[[-63.19014,-17.42199],[-63.18743,-17.42146]]},"properties":{"description":"MANZANOS","styleUrl":"#line1","stroke-opacity":1,"stroke":"#000000","stroke-width":1,"name":"FONDO"}},
{"type":"Feature","geometry":{"type":"LineString","coordinates":[[-63.18548,-17.42064],[-63.18528,-17.42091]]},"properties":{"description":"MANZANOS","styleUrl":"#line1","stroke-opacity":1,"stroke":"#000000","stroke-width":1,"name":"FONDO"}},
{"type":"Feature","geometry":{"type":"LineString","coordinates":[[-63.18548,-17.42064],[-63.18548,-17.42063],[-63.18549,-17.42063],[-63.18549,-17.42062],[-63.1855,-17.42062],[-63.1855,-17.42061],[-63.18551,-17.42061],[-63.18552,-17.42061],[-63.18553,-17.42061],[-63.18554,-17.42061],[-63.18555,-17.42061]]},"properties":{"description":"MANZANOS","styleUrl":"#line1","stroke-opacity":1,"stroke":"#000000","stroke-width":1,"name":"FONDO"}},
{"type":"Feature","geometry":{"type":"LineString","coordinates":[[-63.18967,-17.42452],[-63.18972,-17.42428]]},"properties":{"description":"MANZANOS","styleUrl":"#line1","stroke-opacity":1,"stroke":"#000000","stroke-width":1,"name":"FONDO"}},
{"type":"Feature","geometry":{"type":"LineString","coordinates":[[-63.19022,-17.42194],[-63.19029,-17.42159]]},"properties":{"description":"MANZANOS","styleUrl":"#line1","stroke-opacity":1,"stroke":"#000000","stroke-width":1,"name":"FONDO"}},
{"type":"Feature","geometry":{"type":"LineString","coordinates":[[-63.18967,-17.42452],[-63.18967,-17.42453],[-63.18967,-17.42454],[-63.18966,-17.42454],[-63.18966,-17.42455],[-63.18965,-17.42455],[-63.18965,-17.42456],[-63.18964,-17.42456],[-63.18963,-17.42456],[-63.18963,-17.42457],[-63.18962,-17.42457],[-63.18961,-17.42457],[-63.1896,-17.42457]]},"properties":{"description":"MANZANOS","styleUrl":"#line1","stroke-opacity":1,"stroke":"#000000","stroke-width":1,"name":"FONDO"}},
{"type":"Feature","geometry":{"type":"LineString","coordinates":[[-63.18956,-17.42508],[-63.18962,-17.42476]]},"properties":{"description":"MANZANOS","styleUrl":"#line1","stroke-opacity":1,"stroke":"#000000","stroke-width":1,"name":"FONDO"}},
{"type":"Feature","geometry":{"type":"LineString","coordinates":[[-63.18956,-17.42508],[-63.18955,-17.42508],[-63.18955,-17.42509],[-63.18955,-17.4251],[-63.18954,-17.4251],[-63.18954,-17.42511],[-63.18953,-17.42511],[-63.18953,-17.42512],[-63.18952,-17.42512],[-63.18951,-17.42512],[-63.18951,-17.42513],[-63.1895,-17.42513],[-63.18949,-17.42513],[-63.18948,-17.42513]]},"properties":{"description":"MANZANOS","styleUrl":"#line1","stroke-opacity":1,"stroke":"#000000","stroke-width":1,"name":"FONDO"}},
{"type":"Feature","geometry":{"type":"LineString","coordinates":[[-63.18957,-17.42468],[-63.18958,-17.42468],[-63.18958,-17.42469],[-63.18959,-17.42469],[-63.1896,-17.42469],[-63.1896,-17.4247],[-63.18961,-17.4247],[-63.18961,-17.42471],[-63.18962,-17.42471],[-63.18962,-17.42472],[-63.18962,-17.42473],[-63.18962,-17.42474],[-63.18962,-17.42475],[-63.18962,-17.42476]]},"properties":{"description":"MANZANOS","styleUrl":"#line1","stroke-opacity":1,"stroke":"#000000","stroke-width":1,"name":"FONDO"}},
{"type":"Feature","geometry":{"type":"LineString","coordinates":[[-63.18941,-17.42575],[-63.1895,-17.42532]]},"properties":{"description":"MANZANOS","styleUrl":"#line1","stroke-opacity":1,"stroke":"#000000","stroke-width":1,"name":"FONDO"}},
{"type":"Feature","geometry":{"type":"LineString","coordinates":[[-63.18941,-17.42575],[-63.18941,-17.42576],[-63.18941,-17.42577],[-63.1894,-17.42577],[-63.1894,-17.42578],[-63.18939,-17.42578],[-63.18939,-17.42579],[-63.18938,-17.42579],[-63.18937,-17.42579],[-63.18937,-17.4258],[-63.18936,-17.4258],[-63.18935,-17.4258],[-63.18934,-17.4258],[-63.18933,-17.4258]]},"properties":{"description":"MANZANOS","styleUrl":"#line1","stroke-opacity":1,"stroke":"#000000","stroke-width":1,"name":"FONDO"}},
{"type":"Feature","geometry":{"type":"LineString","coordinates":[[-63.18945,-17.42524],[-63.18946,-17.42524],[-63.18947,-17.42524],[-63.18947,-17.42525],[-63.18948,-17.42525],[-63.18948,-17.42526],[-63.18949,-17.42526],[-63.18949,-17.42527],[-63.1895,-17.42527],[-63.1895,-17.42528],[-63.1895,-17.42529],[-63.18951,-17.42529],[-63.18951,-17.4253],[-63.18951,-17.42531],[-63.1895,-17.42531],[-63.1895,-17.42532]]},"properties":{"description":"MANZANOS","styleUrl":"#line1","stroke-opacity":1,"stroke":"#000000","stroke-width":1,"name":"FONDO"}},
{"type":"Feature","geometry":{"type":"LineString","coordinates":[[-63.19022,-17.42194],[-63.19022,-17.42195],[-63.19021,-17.42195],[-63.19021,-17.42196],[-63.19021,-17.42197],[-63.1902,-17.42197],[-63.1902,-17.42198],[-63.19019,-17.42198],[-63.19018,-17.42198],[-63.19018,-17.42199],[-63.19017,-17.42199],[-63.19016,-17.42199],[-63.19015,-17.42199],[-63.19014,-17.42199]]},"properties":{"description":"MANZANOS","styleUrl":"#line1","stroke-opacity":1,"stroke":"#000000","stroke-width":1,"name":"FONDO"}},
{"type":"Feature","geometry":{"type":"LineString","coordinates":[[-63.19024,-17.42152],[-63.19025,-17.42152],[-63.19025,-17.42153],[-63.19026,-17.42153],[-63.19027,-17.42153],[-63.19027,-17.42154],[-63.19028,-17.42154],[-63.19028,-17.42155],[-63.19028,-17.42156],[-63.19029,-17.42156],[-63.19029,-17.42157],[-63.19029,-17.42158],[-63.19029,-17.42159]]},"properties":{"description":"MANZANOS","styleUrl":"#line1","stroke-opacity":1,"stroke":"#000000","stroke-width":1,"name":"FONDO"}},
{"type":"Feature","geometry":{"type":"LineString","coordinates":[[-63.18658,-17.42392],[-63.18665,-17.4236]]},"properties":{"description":"MANZANOS","styleUrl":"#line1","stroke-opacity":1,"stroke":"#000000","stroke-width":1,"name":"FONDO"}},
{"type":"Feature","geometry":{"type":"LineString","coordinates":[[-63.18653,-17.42416],[-63.18646,-17.42448]]},"properties":{"description":"MANZANOS","styleUrl":"#line1","stroke-opacity":1,"stroke":"#000000","stroke-width":1,"name":"FONDO"}},
{"type":"Feature","geometry":{"type":"LineString","coordinates":[[-63.18641,-17.42472],[-63.18634,-17.42505]]},"properties":{"description":"MANZANOS","styleUrl":"#line1","stroke-opacity":1,"stroke":"#000000","stroke-width":1,"name":"FONDO"}},
{"type":"Feature","geometry":{"type":"LineString","coordinates":[[-63.18621,-17.42568],[-63.18628,-17.42536]]},"properties":{"description":"MANZANOS","styleUrl":"#line1","stroke-opacity":1,"stroke":"#000000","stroke-width":1,"name":"FONDO"}},
{"type":"Feature","geometry":{"type":"LineString","coordinates":[[-63.18623,-17.42528],[-63.18624,-17.42528],[-63.18624,-17.42529],[-63.18625,-17.42529],[-63.18626,-17.42529],[-63.18626,-17.4253],[-63.18627,-17.4253],[-63.18627,-17.42531],[-63.18627,-17.42532],[-63.18628,-17.42532],[-63.18628,-17.42533],[-63.18628,-17.42534],[-63.18628,-17.42535],[-63.18628,-17.42536]]},"properties":{"description":"MANZANOS","styleUrl":"#line1","stroke-opacity":1,"stroke":"#000000","stroke-width":1,"name":"FONDO"}},
{"type":"Feature","geometry":{"type":"LineString","coordinates":[[-63.18634,-17.42505],[-63.18634,-17.42506],[-63.18634,-17.42507],[-63.18633,-17.42507],[-63.18633,-17.42508],[-63.18633,-17.42509],[-63.18632,-17.42509],[-63.18631,-17.42509],[-63.18631,-17.4251],[-63.1863,-17.4251],[-63.18629,-17.4251],[-63.18628,-17.42511],[-63.18627,-17.42511],[-63.18627,-17.4251],[-63.18626,-17.4251]]},"properties":{"description":"MANZANOS","styleUrl":"#line1","stroke-opacity":1,"stroke":"#000000","stroke-width":1,"name":"FONDO"}},
{"type":"Feature","geometry":{"type":"LineString","coordinates":[[-63.18636,-17.42464],[-63.18637,-17.42464],[-63.18638,-17.42464],[-63.18638,-17.42465],[-63.18639,-17.42465],[-63.18639,-17.42466],[-63.1864,-17.42466],[-63.1864,-17.42467],[-63.18641,-17.42467],[-63.18641,-17.42468],[-63.18641,-17.42469],[-63.18641,-17.4247],[-63.18641,-17.42471],[-63.18641,-17.42472]]},"properties":{"description":"MANZANOS","styleUrl":"#line1","stroke-opacity":1,"stroke":"#000000","stroke-width":1,"name":"FONDO"}},
{"type":"Feature","geometry":{"type":"LineString","coordinates":[[-63.18648,-17.42408],[-63.18649,-17.42408],[-63.18649,-17.42409],[-63.1865,-17.42409],[-63.18651,-17.42409],[-63.18651,-17.4241],[-63.18652,-17.4241],[-63.18652,-17.42411],[-63.18652,-17.42412],[-63.18653,-17.42412],[-63.18653,-17.42413],[-63.18653,-17.42414],[-63.18653,-17.42415],[-63.18653,-17.42416]]},"properties":{"description":"MANZANOS","styleUrl":"#line1","stroke-opacity":1,"stroke":"#000000","stroke-width":1,"name":"FONDO"}},
{"type":"Feature","geometry":{"type":"LineString","coordinates":[[-63.18658,-17.42392],[-63.18658,-17.42393],[-63.18657,-17.42393],[-63.18657,-17.42394],[-63.18657,-17.42395],[-63.18656,-17.42395],[-63.18656,-17.42396],[-63.18655,-17.42396],[-63.18654,-17.42396],[-63.18654,-17.42397],[-63.18653,-17.42397],[-63.18652,-17.42397],[-63.18651,-17.42397],[-63.1865,-17.42397]]},"properties":{"description":"MANZANOS","styleUrl":"#line1","stroke-opacity":1,"stroke":"#000000","stroke-width":1,"name":"FONDO"}},
{"type":"Feature","geometry":{"type":"LineString","coordinates":[[-63.1867,-17.42336],[-63.1867,-17.42333]]},"properties":{"description":"MANZANOS","styleUrl":"#line1","stroke-opacity":1,"stroke":"#000000","stroke-width":1,"name":"FONDO"}},
{"type":"Feature","geometry":{"type":"LineString","coordinates":[[-63.1867,-17.42336],[-63.1867,-17.42337],[-63.18669,-17.42337],[-63.18669,-17.42338],[-63.18669,-17.42339],[-63.18668,-17.42339],[-63.18668,-17.4234],[-63.18667,-17.4234],[-63.18666,-17.4234],[-63.18666,-17.42341],[-63.18665,-17.42341],[-63.18664,-17.42341],[-63.18663,-17.42341],[-63.18662,-17.42341]]},"properties":{"description":"MANZANOS","styleUrl":"#line1","stroke-opacity":1,"stroke":"#000000","stroke-width":1,"name":"FONDO"}},
{"type":"Feature","geometry":{"type":"LineString","coordinates":[[-63.1866,-17.42352],[-63.1866,-17.42353],[-63.18661,-17.42353],[-63.18662,-17.42353],[-63.18662,-17.42354],[-63.18663,-17.42354],[-63.18663,-17.42355],[-63.18664,-17.42355],[-63.18664,-17.42356],[-63.18665,-17.42356],[-63.18665,-17.42357],[-63.18665,-17.42358],[-63.18665,-17.42359],[-63.18665,-17.4236]]},"properties":{"description":"MANZANOS","styleUrl":"#line1","stroke-opacity":1,"stroke":"#000000","stroke-width":1,"name":"FONDO"}},
{"type":"Feature","geometry":{"type":"LineString","coordinates":[[-63.17487,-17.41976],[-63.17484,-17.41989]]},"properties":{"description":"MANZANOS","styleUrl":"#line1","stroke-opacity":1,"stroke":"#000000","stroke-width":1,"name":"FONDO"}},
{"type":"Feature","geometry":{"type":"LineString","coordinates":[[-63.18715,-17.42136],[-63.18533,-17.42101]]},"properties":{"description":"MANZANOS","styleUrl":"#line1","stroke-opacity":1,"stroke":"#000000","stroke-width":1,"name":"FONDO"}},
{"type":"Feature","geometry":{"type":"LineString","coordinates":[[-63.18743,-17.42146],[-63.18742,-17.42146],[-63.18741,-17.42146],[-63.1874,-17.42146],[-63.1874,-17.42145],[-63.18739,-17.42145],[-63.18739,-17.42144],[-63.18738,-17.42144],[-63.18738,-17.42143],[-63.18737,-17.42143],[-63.18737,-17.42142],[-63.18736,-17.42142],[-63.18736,-17.42141],[-63.18736,-17.4214],[-63.18736,-17.42139],[-63.18736,-17.42138],[-63.18736,-17.42137]]},"properties":{"description":"MANZANOS","styleUrl":"#line1","stroke-opacity":1,"stroke":"#000000","stroke-width":1,"name":"FONDO"}},
{"type":"Feature","geometry":{"type":"LineString","coordinates":[[-63.18725,-17.4213],[-63.18725,-17.42131],[-63.18724,-17.42131],[-63.18724,-17.42132],[-63.18724,-17.42133],[-63.18723,-17.42133],[-63.18723,-17.42134],[-63.18722,-17.42134],[-63.18722,-17.42135],[-63.18721,-17.42135],[-63.1872,-17.42136],[-63.18719,-17.42136],[-63.18718,-17.42136],[-63.18717,-17.42136],[-63.18716,-17.42136],[-63.18715,-17.42136]]},"properties":{"description":"MANZANOS","styleUrl":"#line1","stroke-opacity":1,"stroke":"#000000","stroke-width":1,"name":"FONDO"}},
{"type":"Feature","geometry":{"type":"LineString","coordinates":[[-63.18506,-17.42096],[-63.18411,-17.42077]]},"properties":{"description":"MANZANOS","styleUrl":"#line1","stroke-opacity":1,"stroke":"#000000","stroke-width":1,"name":"FONDO"}},
{"type":"Feature","geometry":{"type":"LineString","coordinates":[[-63.18533,-17.42101],[-63.18532,-17.42101],[-63.18531,-17.42101],[-63.18531,-17.421],[-63.1853,-17.421],[-63.1853,-17.42099],[-63.18529,-17.42099],[-63.18529,-17.42098],[-63.18528,-17.42098],[-63.18528,-17.42097],[-63.18528,-17.42096],[-63.18527,-17.42096],[-63.18527,-17.42095],[-63.18527,-17.42094],[-63.18527,-17.42093],[-63.18528,-17.42093],[-63.18528,-17.42092],[-63.18528,-17.42091]]},"properties":{"description":"MANZANOS","styleUrl":"#line1","stroke-opacity":1,"stroke":"#000000","stroke-width":1,"name":"FONDO"}},
{"type":"Feature","geometry":{"type":"LineString","coordinates":[[-63.18512,-17.42093],[-63.18512,-17.42094],[-63.18511,-17.42094],[-63.18511,-17.42095],[-63.1851,-17.42095],[-63.18509,-17.42095],[-63.18509,-17.42096],[-63.18508,-17.42096],[-63.18507,-17.42096],[-63.18506,-17.42096]]},"properties":{"description":"MANZANOS","styleUrl":"#line1","stroke-opacity":1,"stroke":"#000000","stroke-width":1,"name":"FONDO"}},
{"type":"Feature","geometry":{"type":"LineString","coordinates":[[-63.18419,-17.4204],[-63.18404,-17.42061]]},"properties":{"description":"MANZANOS","styleUrl":"#line1","stroke-opacity":1,"stroke":"#000000","stroke-width":1,"name":"FONDO"}},
{"type":"Feature","geometry":{"type":"LineString","coordinates":[[-63.18411,-17.42077],[-63.1841,-17.42077],[-63.18409,-17.42077],[-63.18409,-17.42076],[-63.18408,-17.42076],[-63.18407,-17.42076],[-63.18407,-17.42075],[-63.18406,-17.42075],[-63.18406,-17.42074],[-63.18405,-17.42074],[-63.18405,-17.42073],[-63.18404,-17.42073],[-63.18404,-17.42072],[-63.18403,-17.42071],[-63.18403,-17.4207],[-63.18403,-17.42069],[-63.18402,-17.42069],[-63.18402,-17.42068],[-63.18402,-17.42067],[-63.18402,-17.42066],[-63.18402,-17.42065],[-63.18403,-17.42065],[-63.18403,-17.42064],[-63.18403,-17.42063],[-63.18403,-17.42062],[-63.18404,-17.42062],[-63.18404,-17.42061]]},"properties":{"description":"MANZANOS","styleUrl":"#line1","stroke-opacity":1,"stroke":"#000000","stroke-width":1,"name":"FONDO"}},
{"type":"Feature","geometry":{"type":"LineString","coordinates":[[-63.18419,-17.4204],[-63.18419,-17.42039],[-63.1842,-17.42039],[-63.1842,-17.42038],[-63.18421,-17.42038],[-63.18421,-17.42037],[-63.18422,-17.42037],[-63.18423,-17.42037],[-63.18423,-17.42036],[-63.18424,-17.42036],[-63.18425,-17.42036],[-63.18426,-17.42036],[-63.18427,-17.42036],[-63.18428,-17.42036]]},"properties":{"description":"MANZANOS","styleUrl":"#line1","stroke-opacity":1,"stroke":"#000000","stroke-width":1,"name":"FONDO"}},
{"type":"Feature","geometry":{"type":"LineString","coordinates":[[-63.18143,-17.42429],[-63.18119,-17.42463]]},"properties":{"description":"MANZANOS","styleUrl":"#line1","stroke-opacity":1,"stroke":"#000000","stroke-width":1,"name":"FONDO"}},
{"type":"Feature","geometry":{"type":"LineString","coordinates":[[-63.18143,-17.42429],[-63.18144,-17.42429],[-63.18144,-17.42428],[-63.18145,-17.42428],[-63.18145,-17.42427],[-63.18146,-17.42427],[-63.18146,-17.42426],[-63.18147,-17.42426],[-63.18147,-17.42425],[-63.18148,-17.42425],[-63.18149,-17.42425],[-63.18149,-17.42424],[-63.1815,-17.42424],[-63.18151,-17.42424],[-63.18152,-17.42424],[-63.18152,-17.42423],[-63.18153,-17.42423],[-63.18154,-17.42423],[-63.18155,-17.42423],[-63.18156,-17.42423],[-63.18157,-17.42423],[-63.18158,-17.42423],[-63.18158,-17.42424]]},"properties":{"description":"MANZANOS","styleUrl":"#line1","stroke-opacity":1,"stroke":"#000000","stroke-width":1,"name":"FONDO"}},
{"type":"Feature","geometry":{"type":"LineString","coordinates":[[-63.18344,-17.42032],[-63.18317,-17.42071]]},"properties":{"description":"MANZANOS","styleUrl":"#line1","stroke-opacity":1,"stroke":"#000000","stroke-width":1,"name":"FONDO"}},
{"type":"Feature","geometry":{"type":"LineString","coordinates":[[-63.18338,-17.42016],[-63.18339,-17.42016],[-63.1834,-17.42016],[-63.1834,-17.42017],[-63.18341,-17.42017],[-63.18342,-17.42017],[-63.18342,-17.42018],[-63.18343,-17.42018],[-63.18343,-17.42019],[-63.18344,-17.42019],[-63.18344,-17.4202],[-63.18345,-17.4202],[-63.18345,-17.42021],[-63.18345,-17.42022],[-63.18346,-17.42022],[-63.18346,-17.42023],[-63.18346,-17.42024],[-63.18346,-17.42025],[-63.18346,-17.42026],[-63.18346,-17.42027],[-63.18346,-17.42028],[-63.18346,-17.42029],[-63.18346,-17.4203],[-63.18346,-17.42031],[-63.18345,-17.42031],[-63.18345,-17.42032],[-63.18344,-17.42032]]},"properties":{"description":"MANZANOS","styleUrl":"#line1","stroke-opacity":1,"stroke":"#000000","stroke-width":1,"name":"FONDO"}},
{"type":"Feature","geometry":{"type":"LineString","coordinates":[[-63.1829,-17.42005],[-63.18245,-17.41995]]},"properties":{"description":"MANZANOS","styleUrl":"#line1","stroke-opacity":1,"stroke":"#000000","stroke-width":1,"name":"FONDO"}},
{"type":"Feature","geometry":{"type":"LineString","coordinates":[[-63.18276,-17.42062],[-63.1831,-17.42014]]},"properties":{"description":"MANZANOS","styleUrl":"#line1","stroke-opacity":1,"stroke":"#000000","stroke-width":1,"name":"FONDO"}},
{"type":"Feature","geometry":{"type":"LineString","coordinates":[[-63.18294,-17.42015],[-63.18263,-17.42059]]},"properties":{"description":"MANZANOS","styleUrl":"#line1","stroke-opacity":1,"stroke":"#000000","stroke-width":1,"name":"FONDO"}},
{"type":"Feature","geometry":{"type":"LineString","coordinates":[[-63.1829,-17.42005],[-63.18291,-17.42005],[-63.18291,-17.42006],[-63.18292,-17.42006],[-63.18293,-17.42006],[-63.18293,-17.42007],[-63.18294,-17.42007],[-63.18294,-17.42008],[-63.18295,-17.42008],[-63.18295,-17.42009],[-63.18295,-17.4201],[-63.18295,-17.42011],[-63.18295,-17.42012],[-63.18295,-17.42013],[-63.18295,-17.42014],[-63.18295,-17.42015],[-63.18294,-17.42015]]},"properties":{"description":"MANZANOS","styleUrl":"#line1","stroke-opacity":1,"stroke":"#000000","stroke-width":1,"name":"FONDO"}},
{"type":"Feature","geometry":{"type":"LineString","coordinates":[[-63.1831,-17.42014],[-63.1831,-17.42013],[-63.18311,-17.42013],[-63.18311,-17.42012],[-63.18312,-17.42012],[-63.18313,-17.42012],[-63.18313,-17.42011],[-63.18314,-17.42011],[-63.18315,-17.42011],[-63.18316,-17.42011],[-63.18317,-17.42011]]},"properties":{"description":"MANZANOS","styleUrl":"#line1","stroke-opacity":1,"stroke":"#000000","stroke-width":1,"name":"FONDO"}},
{"type":"Feature","geometry":{"type":"LineString","coordinates":[[-63.1807,-17.42421],[-63.1805,-17.42449]]},"properties":{"description":"MANZANOS","styleUrl":"#line1","stroke-opacity":1,"stroke":"#000000","stroke-width":1,"name":"FONDO"}},
{"type":"Feature","geometry":{"type":"LineString","coordinates":[[-63.18061,-17.424],[-63.18062,-17.424],[-63.18063,-17.424],[-63.18064,-17.424],[-63.18064,-17.42401],[-63.18065,-17.42401],[-63.18066,-17.42401],[-63.18066,-17.42402],[-63.18067,-17.42402],[-63.18067,-17.42403],[-63.18068,-17.42403],[-63.18068,-17.42404],[-63.18069,-17.42404],[-63.18069,-17.42405],[-63.1807,-17.42405],[-63.1807,-17.42406],[-63.18071,-17.42406],[-63.18071,-17.42407],[-63.18071,-17.42408],[-63.18072,-17.42409],[-63.18072,-17.4241],[-63.18072,-17.42411],[-63.18072,-17.42412],[-63.18072,-17.42413],[-63.18072,-17.42414],[-63.18072,-17.42415],[-63.18072,-17.42416],[-63.18072,-17.42417],[-63.18071,-17.42417],[-63.18071,-17.42418],[-63.18071,-17.42419],[-63.1807,-17.4242],[-63.1807,-17.42421]]},"properties":{"description":"MANZANOS","styleUrl":"#line1","stroke-opacity":1,"stroke":"#000000","stroke-width":1,"name":"FONDO"}},
{"type":"Feature","geometry":{"type":"LineString","coordinates":[[-63.18646,-17.42448],[-63.18646,-17.42449],[-63.18646,-17.4245],[-63.18645,-17.4245],[-63.18645,-17.42451],[-63.18644,-17.42451],[-63.18644,-17.42452],[-63.18643,-17.42452],[-63.18642,-17.42452],[-63.18641,-17.42452],[-63.18641,-17.42453],[-63.1864,-17.42453],[-63.18639,-17.42453]]},"properties":{"description":"MANZANOS","styleUrl":"#line1","stroke-opacity":1,"stroke":"#000000","stroke-width":1,"name":"FONDO"}},
{"type":"Feature","geometry":{"type":"LineString","coordinates":[[-63.19438,-17.42478],[-63.19446,-17.42434]]},"properties":{"description":"MANZANOS","styleUrl":"#line1","stroke-opacity":1,"stroke":"#000000","stroke-width":1,"name":"FONDO"}},
{"type":"Feature","geometry":{"type":"LineString","coordinates":[[-63.19439,-17.4242],[-63.1944,-17.4242],[-63.1944,-17.42421],[-63.19441,-17.42421],[-63.19441,-17.42422],[-63.19442,-17.42422],[-63.19442,-17.42423],[-63.19443,-17.42423],[-63.19443,-17.42424],[-63.19444,-17.42424],[-63.19444,-17.42425],[-63.19445,-17.42425],[-63.19445,-17.42426],[-63.19445,-17.42427],[-63.19446,-17.42427],[-63.19446,-17.42428],[-63.19446,-17.42429],[-63.19446,-17.4243],[-63.19446,-17.42431],[-63.19447,-17.42431],[-63.19447,-17.42432],[-63.19447,-17.42433],[-63.19446,-17.42433],[-63.19446,-17.42434]]},"properties":{"description":"MANZANOS","styleUrl":"#line1","stroke-opacity":1,"stroke":"#000000","stroke-width":1,"name":"FONDO"}},
{"type":"Feature","geometry":{"type":"LineString","coordinates":[[-63.19439,-17.4242],[-63.19369,-17.42384]]},"properties":{"description":"MANZANOS","styleUrl":"#line1","stroke-opacity":1,"stroke":"#000000","stroke-width":1,"name":"FONDO"}},
{"type":"Feature","geometry":{"type":"LineString","coordinates":[[-63.19359,-17.42388],[-63.1936,-17.42388],[-63.1936,-17.42387],[-63.1936,-17.42386],[-63.19361,-17.42386],[-63.19361,-17.42385],[-63.19362,-17.42384],[-63.19363,-17.42384],[-63.19363,-17.42383],[-63.19364,-17.42383],[-63.19365,-17.42383],[-63.19366,-17.42383],[-63.19367,-17.42383],[-63.19368,-17.42383],[-63.19369,-17.42383],[-63.19369,-17.42384]]},"properties":{"description":"MANZANOS","styleUrl":"#line1","stroke-opacity":1,"stroke":"#000000","stroke-width":1,"name":"FONDO"}},
{"type":"Feature","geometry":{"type":"LineString","coordinates":[[-63.19359,-17.42388],[-63.1935,-17.42438]]},"properties":{"description":"MANZANOS","styleUrl":"#line1","stroke-opacity":1,"stroke":"#000000","stroke-width":1,"name":"FONDO"}},
{"type":"Feature","geometry":{"type":"LineString","coordinates":[[-63.19438,-17.42478],[-63.19427,-17.42537]]},"properties":{"description":"MANZANOS","styleUrl":"#line2","stroke-opacity":1,"stroke":"#0000FF","stroke-width":1,"name":"FONDO"}},
{"type":"Feature","geometry":{"type":"LineString","coordinates":[[-63.19416,-17.42594],[-63.19411,-17.4262]]},"properties":{"description":"MANZANOS","styleUrl":"#line2","stroke-opacity":1,"stroke":"#0000FF","stroke-width":1,"name":"FONDO"}},
{"type":"Feature","geometry":{"type":"LineString","coordinates":[[-63.1935,-17.42438],[-63.19336,-17.42508]]},"properties":{"description":"MANZANOS","styleUrl":"#line2","stroke-opacity":1,"stroke":"#0000FF","stroke-width":1,"name":"FONDO"}},
{"type":"Feature","geometry":{"type":"LineString","coordinates":[[-63.19329,-17.42549],[-63.19324,-17.42575]]},"properties":{"description":"MANZANOS","styleUrl":"#line2","stroke-opacity":1,"stroke":"#0000FF","stroke-width":1,"name":"FONDO"}},
{"type":"Feature","geometry":{"type":"LineString","coordinates":[[-63.19336,-17.42446],[-63.19326,-17.42497]]},"properties":{"description":"MANZANOS","styleUrl":"#line2","stroke-opacity":1,"stroke":"#0000FF","stroke-width":1,"name":"FONDO"}},
{"type":"Feature","geometry":{"type":"LineString","coordinates":[[-63.19318,-17.42537],[-63.19312,-17.42569]]},"properties":{"description":"MANZANOS","styleUrl":"#line2","stroke-opacity":1,"stroke":"#0000FF","stroke-width":1,"name":"FONDO"}},
{"type":"Feature","geometry":{"type":"LineString","coordinates":[[-63.19333,-17.4244],[-63.1921,-17.42376]]},"properties":{"description":"MANZANOS","styleUrl":"#line2","stroke-opacity":1,"stroke":"#0000FF","stroke-width":1,"name":"FONDO"}},
{"type":"Feature","geometry":{"type":"LineString","coordinates":[[-63.19001,-17.42261],[-63.18728,-17.42208]]},"properties":{"description":"MANZANOS","styleUrl":"#line2","stroke-opacity":1,"stroke":"#0000FF","stroke-width":1,"name":"FONDO"}},
{"type":"Feature","geometry":{"type":"LineString","coordinates":[[-63.18998,-17.42273],[-63.18725,-17.42219]]},"properties":{"description":"MANZANOS","styleUrl":"#line2","stroke-opacity":1,"stroke":"#0000FF","stroke-width":1,"name":"FONDO"}},
{"type":"Feature","geometry":{"type":"LineString","coordinates":[[-63.19177,-17.42422],[-63.19201,-17.42378]]},"properties":{"description":"MANZANOS","styleUrl":"#line2","stroke-opacity":1,"stroke":"#0000FF","stroke-width":1,"name":"FONDO"}},
{"type":"Feature","geometry":{"type":"LineString","coordinates":[[-63.19166,-17.42417],[-63.19191,-17.42373]]},"properties":{"description":"MANZANOS","styleUrl":"#line2","stroke-opacity":1,"stroke":"#0000FF","stroke-width":1,"name":"FONDO"}},
{"type":"Feature","geometry":{"type":"LineString","coordinates":[[-63.19143,-17.42481],[-63.19157,-17.42456]]},"properties":{"description":"MANZANOS","styleUrl":"#line2","stroke-opacity":1,"stroke":"#0000FF","stroke-width":1,"name":"FONDO"}},
{"type":"Feature","geometry":{"type":"LineString","coordinates":[[-63.19133,-17.42475],[-63.19147,-17.42451]]},"properties":{"description":"MANZANOS","styleUrl":"#line2","stroke-opacity":1,"stroke":"#0000FF","stroke-width":1,"name":"FONDO"}},
{"type":"Feature","geometry":{"type":"LineString","coordinates":[[-63.19333,-17.4244],[-63.19334,-17.4244],[-63.19334,-17.42441],[-63.19335,-17.42441],[-63.19335,-17.42442],[-63.19335,-17.42443],[-63.19336,-17.42443],[-63.19336,-17.42444],[-63.19336,-17.42445],[-63.19336,-17.42446]]},"properties":{"description":"MANZANOS","styleUrl":"#line2","stroke-opacity":1,"stroke":"#0000FF","stroke-width":1,"name":"FONDO"}},
{"type":"Feature","geometry":{"type":"LineString","coordinates":[[-63.19201,-17.42378],[-63.19202,-17.42378],[-63.19202,-17.42377],[-63.19203,-17.42377],[-63.19203,-17.42376],[-63.19204,-17.42376],[-63.19205,-17.42376],[-63.19205,-17.42375],[-63.19206,-17.42375],[-63.19207,-17.42375],[-63.19208,-17.42375],[-63.19209,-17.42375],[-63.19209,-17.42376],[-63.1921,-17.42376]]},"properties":{"description":"MANZANOS","styleUrl":"#line2","stroke-opacity":1,"stroke":"#0000FF","stroke-width":1,"name":"FONDO"}},
{"type":"Feature","geometry":{"type":"LineString","coordinates":[[-63.18709,-17.42263],[-63.18717,-17.42224]]},"properties":{"description":"MANZANOS","styleUrl":"#line2","stroke-opacity":1,"stroke":"#0000FF","stroke-width":1,"name":"FONDO"}},
{"type":"Feature","geometry":{"type":"LineString","coordinates":[[-63.18689,-17.42212],[-63.18477,-17.42171]]},"properties":{"description":"MANZANOS","styleUrl":"#line2","stroke-opacity":1,"stroke":"#0000FF","stroke-width":1,"name":"FONDO"}},
{"type":"Feature","geometry":{"type":"LineString","coordinates":[[-63.18692,-17.42201],[-63.18489,-17.42162]]},"properties":{"description":"MANZANOS","styleUrl":"#line2","stroke-opacity":1,"stroke":"#0000FF","stroke-width":1,"name":"FONDO"}},
{"type":"Feature","geometry":{"type":"LineString","coordinates":[[-63.18722,-17.422],[-63.18728,-17.42175]]},"properties":{"description":"MANZANOS","styleUrl":"#line2","stroke-opacity":1,"stroke":"#0000FF","stroke-width":1,"name":"FONDO"}},
{"type":"Feature","geometry":{"type":"LineString","coordinates":[[-63.18717,-17.42224],[-63.18718,-17.42224],[-63.18718,-17.42223],[-63.18718,-17.42222],[-63.18719,-17.42222],[-63.18719,-17.42221],[-63.1872,-17.42221],[-63.1872,-17.4222],[-63.18721,-17.4222],[-63.18722,-17.4222],[-63.18722,-17.42219],[-63.18723,-17.42219],[-63.18724,-17.42219],[-63.18725,-17.42219]]},"properties":{"description":"MANZANOS","styleUrl":"#line2","stroke-opacity":1,"stroke":"#0000FF","stroke-width":1,"name":"FONDO"}},
{"type":"Feature","geometry":{"type":"LineString","coordinates":[[-63.18728,-17.42208],[-63.18727,-17.42208],[-63.18726,-17.42208],[-63.18726,-17.42207],[-63.18725,-17.42207],[-63.18725,-17.42206],[-63.18724,-17.42206],[-63.18724,-17.42205],[-63.18723,-17.42205],[-63.18723,-17.42204],[-63.18723,-17.42203],[-63.18722,-17.42203],[-63.18722,-17.42202],[-63.18722,-17.42201],[-63.18722,-17.422]]},"properties":{"description":"MANZANOS","styleUrl":"#line2","stroke-opacity":1,"stroke":"#0000FF","stroke-width":1,"name":"FONDO"}},
{"type":"Feature","geometry":{"type":"LineString","coordinates":[[-63.19188,-17.42364],[-63.19025,-17.42279]]},"properties":{"description":"MANZANOS","styleUrl":"#line2","stroke-opacity":1,"stroke":"#0000FF","stroke-width":1,"name":"FONDO"}},
{"type":"Feature","geometry":{"type":"LineString","coordinates":[[-63.19194,-17.42354],[-63.19024,-17.42265]]},"properties":{"description":"MANZANOS","styleUrl":"#line2","stroke-opacity":1,"stroke":"#0000FF","stroke-width":1,"name":"FONDO"}},
{"type":"Feature","geometry":{"type":"LineString","coordinates":[[-63.19188,-17.42364],[-63.19188,-17.42365],[-63.19189,-17.42365],[-63.1919,-17.42365],[-63.1919,-17.42366],[-63.1919,-17.42367],[-63.19191,-17.42367],[-63.19191,-17.42368],[-63.19191,-17.42369],[-63.19191,-17.4237],[-63.19191,-17.42371],[-63.19191,-17.42372],[-63.19191,-17.42373]]},"properties":{"description":"MANZANOS","styleUrl":"#line2","stroke-opacity":1,"stroke":"#0000FF","stroke-width":1,"name":"FONDO"}},
{"type":"Feature","geometry":{"type":"LineString","coordinates":[[-63.19203,-17.42351],[-63.19203,-17.42352],[-63.19202,-17.42352],[-63.19202,-17.42353],[-63.19201,-17.42353],[-63.19201,-17.42354],[-63.192,-17.42354],[-63.19199,-17.42354],[-63.19199,-17.42355],[-63.19198,-17.42355],[-63.19197,-17.42355],[-63.19196,-17.42355],[-63.19195,-17.42355],[-63.19195,-17.42354],[-63.19194,-17.42354]]},"properties":{"description":"MANZANOS","styleUrl":"#line2","stroke-opacity":1,"stroke":"#0000FF","stroke-width":1,"name":"FONDO"}},
{"type":"Feature","geometry":{"type":"LineString","coordinates":[[-63.18693,-17.4234],[-63.18701,-17.42301]]},"properties":{"description":"MANZANOS","styleUrl":"#line2","stroke-opacity":1,"stroke":"#0000FF","stroke-width":1,"name":"FONDO"}},
{"type":"Feature","geometry":{"type":"LineString","coordinates":[[-63.18177,-17.42048],[-63.17917,-17.41986]]},"properties":{"description":"MANZANOS","styleUrl":"#line2","stroke-opacity":1,"stroke":"#0000FF","stroke-width":1,"name":"FONDO"}},
{"type":"Feature","geometry":{"type":"LineString","coordinates":[[-63.18488,-17.42127],[-63.18428,-17.42212]]},"properties":{"description":"MANZANOS","styleUrl":"#line2","stroke-opacity":1,"stroke":"#0000FF","stroke-width":1,"name":"FONDO"}},
{"type":"Feature","geometry":{"type":"LineString","coordinates":[[-63.18403,-17.42247],[-63.18276,-17.42426]]},"properties":{"description":"MANZANOS","styleUrl":"#line2","stroke-opacity":1,"stroke":"#0000FF","stroke-width":1,"name":"FONDO"}},
{"type":"Feature","geometry":{"type":"LineString","coordinates":[[-63.18505,-17.42124],[-63.18485,-17.42152]]},"properties":{"description":"MANZANOS","styleUrl":"#line2","stroke-opacity":1,"stroke":"#0000FF","stroke-width":1,"name":"FONDO"}},
{"type":"Feature","geometry":{"type":"LineString","coordinates":[[-63.1842,-17.42244],[-63.18359,-17.42331]]},"properties":{"description":"MANZANOS","styleUrl":"#line2","stroke-opacity":1,"stroke":"#0000FF","stroke-width":1,"name":"FONDO"}},
{"type":"Feature","geometry":{"type":"LineString","coordinates":[[-63.18112,-17.42175],[-63.17987,-17.42353]]},"properties":{"description":"MANZANOS","styleUrl":"#line2","stroke-opacity":1,"stroke":"#0000FF","stroke-width":1,"name":"FONDO"}},
{"type":"Feature","geometry":{"type":"LineString","coordinates":[[-63.18205,-17.42045],[-63.18137,-17.42141]]},"properties":{"description":"MANZANOS","styleUrl":"#line2","stroke-opacity":1,"stroke":"#0000FF","stroke-width":1,"name":"FONDO"}},
{"type":"Feature","geometry":{"type":"LineString","coordinates":[[-63.18096,-17.42177],[-63.18072,-17.42212]]},"properties":{"description":"MANZANOS","styleUrl":"#line2","stroke-opacity":1,"stroke":"#0000FF","stroke-width":1,"name":"FONDO"}},
{"type":"Feature","geometry":{"type":"LineString","coordinates":[[-63.18181,-17.42057],[-63.18161,-17.42086]]},"properties":{"description":"MANZANOS","styleUrl":"#line2","stroke-opacity":1,"stroke":"#0000FF","stroke-width":1,"name":"FONDO"}},
{"type":"Feature","geometry":{"type":"LineString","coordinates":[[-63.1847,-17.42174],[-63.18445,-17.42209]]},"properties":{"description":"MANZANOS","styleUrl":"#line2","stroke-opacity":1,"stroke":"#0000FF","stroke-width":1,"name":"FONDO"}},
{"type":"Feature","geometry":{"type":"LineString","coordinates":[[-63.1847,-17.42174],[-63.1847,-17.42173],[-63.18471,-17.42173],[-63.18471,-17.42172],[-63.18472,-17.42172],[-63.18473,-17.42172],[-63.18473,-17.42171],[-63.18474,-17.42171],[-63.18475,-17.42171],[-63.18476,-17.42171],[-63.18477,-17.42171]]},"properties":{"description":"MANZANOS","styleUrl":"#line2","stroke-opacity":1,"stroke":"#0000FF","stroke-width":1,"name":"FONDO"}},
{"type":"Feature","geometry":{"type":"LineString","coordinates":[[-63.18489,-17.42162],[-63.18489,-17.42161],[-63.18488,-17.42161],[-63.18487,-17.42161],[-63.18487,-17.4216],[-63.18486,-17.4216],[-63.18486,-17.42159],[-63.18485,-17.42159],[-63.18485,-17.42158],[-63.18485,-17.42157],[-63.18484,-17.42157],[-63.18484,-17.42156],[-63.18484,-17.42155],[-63.18484,-17.42154],[-63.18485,-17.42154],[-63.18485,-17.42153],[-63.18485,-17.42152]]},"properties":{"description":"MANZANOS","styleUrl":"#line2","stroke-opacity":1,"stroke":"#0000FF","stroke-width":1,"name":"FONDO"}},
{"type":"Feature","geometry":{"type":"LineString","coordinates":[[-63.18343,-17.42353],[-63.18322,-17.42382]]},"properties":{"description":"MANZANOS","styleUrl":"#line2","stroke-opacity":1,"stroke":"#0000FF","stroke-width":1,"name":"FONDO"}},
{"type":"Feature","geometry":{"type":"LineString","coordinates":[[-63.18146,-17.42107],[-63.1812,-17.42143]]},"properties":{"description":"MANZANOS","styleUrl":"#line2","stroke-opacity":1,"stroke":"#0000FF","stroke-width":1,"name":"FONDO"}},
{"type":"Feature","geometry":{"type":"LineString","coordinates":[[-63.18057,-17.42233],[-63.18036,-17.42262]]},"properties":{"description":"MANZANOS","styleUrl":"#line2","stroke-opacity":1,"stroke":"#0000FF","stroke-width":1,"name":"FONDO"}},
{"type":"Feature","geometry":{"type":"LineString","coordinates":[[-63.18177,-17.42048],[-63.18178,-17.42048],[-63.18179,-17.42048],[-63.1818,-17.42049],[-63.18181,-17.42049],[-63.18181,-17.4205],[-63.18181,-17.42051],[-63.18182,-17.42051],[-63.18182,-17.42052],[-63.18182,-17.42053],[-63.18182,-17.42054],[-63.18182,-17.42055],[-63.18182,-17.42056],[-63.18182,-17.42057],[-63.18181,-17.42057]]},"properties":{"description":"MANZANOS","styleUrl":"#line2","stroke-opacity":1,"stroke":"#0000FF","stroke-width":1,"name":"FONDO"}},
{"type":"Feature","geometry":{"type":"LineString","coordinates":[[-63.17563,-17.41956],[-63.17551,-17.42005]]},"properties":{"description":"MANZANOS","styleUrl":"#line2","stroke-opacity":1,"stroke":"#0000FF","stroke-width":1,"name":"FONDO"}},
{"type":"Feature","geometry":{"type":"LineString","coordinates":[[-63.17909,-17.4199],[-63.17901,-17.42022]]},"properties":{"description":"MANZANOS","styleUrl":"#line2","stroke-opacity":1,"stroke":"#0000FF","stroke-width":1,"name":"FONDO"}},
{"type":"Feature","geometry":{"type":"LineString","coordinates":[[-63.17897,-17.41987],[-63.17889,-17.42019]]},"properties":{"description":"MANZANOS","styleUrl":"#line2","stroke-opacity":1,"stroke":"#0000FF","stroke-width":1,"name":"FONDO"}},
{"type":"Feature","geometry":{"type":"LineString","coordinates":[[-63.17892,-17.4198],[-63.1771,-17.41937]]},"properties":{"description":"MANZANOS","styleUrl":"#line2","stroke-opacity":1,"stroke":"#0000FF","stroke-width":1,"name":"FONDO"}},
{"type":"Feature","geometry":{"type":"LineString","coordinates":[[-63.17895,-17.42046],[-63.17885,-17.42084]]},"properties":{"description":"MANZANOS","styleUrl":"#line2","stroke-opacity":1,"stroke":"#0000FF","stroke-width":1,"name":"FONDO"}},
{"type":"Feature","geometry":{"type":"LineString","coordinates":[[-63.17883,-17.42043],[-63.17873,-17.42081]]},"properties":{"description":"MANZANOS","styleUrl":"#line2","stroke-opacity":1,"stroke":"#0000FF","stroke-width":1,"name":"FONDO"}},
{"type":"Feature","geometry":{"type":"LineString","coordinates":[[-63.17848,-17.42182],[-63.1784,-17.42213]]},"properties":{"description":"MANZANOS","styleUrl":"#line2","stroke-opacity":1,"stroke":"#0000FF","stroke-width":1,"name":"FONDO"}},
{"type":"Feature","geometry":{"type":"LineString","coordinates":[[-63.17876,-17.42122],[-63.17866,-17.42161]]},"properties":{"description":"MANZANOS","styleUrl":"#line2","stroke-opacity":1,"stroke":"#0000FF","stroke-width":1,"name":"FONDO"}},
{"type":"Feature","geometry":{"type":"LineString","coordinates":[[-63.17864,-17.42119],[-63.17854,-17.42158]]},"properties":{"description":"MANZANOS","styleUrl":"#line2","stroke-opacity":1,"stroke":"#0000FF","stroke-width":1,"name":"FONDO"}},
{"type":"Feature","geometry":{"type":"LineString","coordinates":[[-63.17834,-17.42237],[-63.17826,-17.42269]]},"properties":{"description":"MANZANOS","styleUrl":"#line2","stroke-opacity":1,"stroke":"#0000FF","stroke-width":1,"name":"FONDO"}},
{"type":"Feature","geometry":{"type":"LineString","coordinates":[[-63.1786,-17.42184],[-63.17852,-17.42216]]},"properties":{"description":"MANZANOS","styleUrl":"#line2","stroke-opacity":1,"stroke":"#0000FF","stroke-width":1,"name":"FONDO"}},
{"type":"Feature","geometry":{"type":"LineString","coordinates":[[-63.19142,-17.42245],[-63.19107,-17.42226]]},"properties":{"description":"MANZANOS","styleUrl":"#line2","stroke-opacity":1,"stroke":"#0000FF","stroke-width":1,"name":"FONDO"}},
{"type":"Feature","geometry":{"type":"LineString","coordinates":[[-63.19021,-17.42259],[-63.1903,-17.42211]]},"properties":{"description":"MANZANOS","styleUrl":"#line2","stroke-opacity":1,"stroke":"#0000FF","stroke-width":1,"name":"FONDO"}},
{"type":"Feature","geometry":{"type":"LineString","coordinates":[[-63.19004,-17.42335],[-63.19015,-17.42284]]},"properties":{"description":"MANZANOS","styleUrl":"#line2","stroke-opacity":1,"stroke":"#0000FF","stroke-width":1,"name":"FONDO"}},
{"type":"Feature","geometry":{"type":"LineString","coordinates":[[-63.1899,-17.42401],[-63.18996,-17.42375]]},"properties":{"description":"MANZANOS","styleUrl":"#line2","stroke-opacity":1,"stroke":"#0000FF","stroke-width":1,"name":"FONDO"}},
{"type":"Feature","geometry":{"type":"LineString","coordinates":[[-63.19015,-17.42284],[-63.19015,-17.42283],[-63.19016,-17.42283],[-63.19016,-17.42282],[-63.19016,-17.42281],[-63.19017,-17.42281],[-63.19017,-17.4228],[-63.19018,-17.4228],[-63.19018,-17.42279],[-63.19019,-17.42279],[-63.1902,-17.42279],[-63.19021,-17.42279],[-63.19022,-17.42279],[-63.19023,-17.42279],[-63.19024,-17.42279],[-63.19025,-17.42279]]},"properties":{"description":"MANZANOS","styleUrl":"#line2","stroke-opacity":1,"stroke":"#0000FF","stroke-width":1,"name":"FONDO"}},
{"type":"Feature","geometry":{"type":"LineString","coordinates":[[-63.19024,-17.42265],[-63.19023,-17.42265],[-63.19023,-17.42264],[-63.19022,-17.42264],[-63.19022,-17.42263],[-63.19021,-17.42263],[-63.19021,-17.42262],[-63.19021,-17.42261],[-63.1902,-17.42261],[-63.1902,-17.4226],[-63.1902,-17.42259],[-63.19021,-17.42259]]},"properties":{"description":"MANZANOS","styleUrl":"#line2","stroke-opacity":1,"stroke":"#0000FF","stroke-width":1,"name":"FONDO"}},
{"type":"Feature","geometry":{"type":"LineString","coordinates":[[-63.17623,-17.41948],[-63.17605,-17.42018]]},"properties":{"description":"MANZANOS","styleUrl":"#line2","stroke-opacity":1,"stroke":"#0000FF","stroke-width":1,"name":"FONDO"}},
{"type":"Feature","geometry":{"type":"LineString","coordinates":[[-63.17627,-17.41982],[-63.17617,-17.42021]]},"properties":{"description":"MANZANOS","styleUrl":"#line2","stroke-opacity":1,"stroke":"#0000FF","stroke-width":1,"name":"FONDO"}},
{"type":"Feature","geometry":{"type":"LineString","coordinates":[[-63.17961,-17.42359],[-63.17848,-17.42333]]},"properties":{"description":"MANZANOS","styleUrl":"#line2","stroke-opacity":1,"stroke":"#0000FF","stroke-width":1,"name":"FONDO"}},
{"type":"Feature","geometry":{"type":"LineString","coordinates":[[-63.17608,-17.42058],[-63.17598,-17.42097]]},"properties":{"description":"MANZANOS","styleUrl":"#line2","stroke-opacity":1,"stroke":"#0000FF","stroke-width":1,"name":"FONDO"}},
{"type":"Feature","geometry":{"type":"LineString","coordinates":[[-63.17592,-17.42121],[-63.17584,-17.42152]]},"properties":{"description":"MANZANOS","styleUrl":"#line2","stroke-opacity":1,"stroke":"#0000FF","stroke-width":1,"name":"FONDO"}},
{"type":"Feature","geometry":{"type":"LineString","coordinates":[[-63.17636,-17.41946],[-63.17633,-17.41958]]},"properties":{"description":"MANZANOS","styleUrl":"#line2","stroke-opacity":1,"stroke":"#0000FF","stroke-width":1,"name":"FONDO"}},
{"type":"Feature","geometry":{"type":"LineString","coordinates":[[-63.17909,-17.4199],[-63.17909,-17.41989],[-63.1791,-17.41989],[-63.1791,-17.41988],[-63.1791,-17.41987],[-63.17911,-17.41987],[-63.17912,-17.41987],[-63.17912,-17.41986],[-63.17913,-17.41986],[-63.17914,-17.41986],[-63.17914,-17.41985],[-63.17915,-17.41985],[-63.17916,-17.41985],[-63.17916,-17.41986],[-63.17917,-17.41986]]},"properties":{"description":"MANZANOS","styleUrl":"#line2","stroke-opacity":1,"stroke":"#0000FF","stroke-width":1,"name":"FONDO"}},
{"type":"Feature","geometry":{"type":"LineString","coordinates":[[-63.17892,-17.4198],[-63.17893,-17.4198],[-63.17894,-17.4198],[-63.17894,-17.41981],[-63.17895,-17.41981],[-63.17895,-17.41982],[-63.17896,-17.41982],[-63.17896,-17.41983],[-63.17897,-17.41983],[-63.17897,-17.41984],[-63.17897,-17.41985],[-63.17897,-17.41986],[-63.17897,-17.41987]]},"properties":{"description":"MANZANOS","styleUrl":"#line2","stroke-opacity":1,"stroke":"#0000FF","stroke-width":1,"name":"FONDO"}},
{"type":"Feature","geometry":{"type":"LineString","coordinates":[[-63.17541,-17.42043],[-63.17514,-17.42152]]},"properties":{"description":"MANZANOS","styleUrl":"#line2","stroke-opacity":1,"stroke":"#0000FF","stroke-width":1,"name":"FONDO"}},
{"type":"Feature","geometry":{"type":"LineString","coordinates":[[-63.17568,-17.42168],[-63.17596,-17.42056]]},"properties":{"description":"MANZANOS","styleUrl":"#line2","stroke-opacity":1,"stroke":"#0000FF","stroke-width":1,"name":"FONDO"}},
{"type":"Feature","geometry":{"type":"LineString","coordinates":[[-63.17992,-17.42365],[-63.17991,-17.42365],[-63.1799,-17.42365],[-63.17989,-17.42365],[-63.17989,-17.42364],[-63.17988,-17.42364],[-63.17988,-17.42363],[-63.17987,-17.42363],[-63.17987,-17.42362],[-63.17986,-17.42362],[-63.17986,-17.42361],[-63.17986,-17.4236],[-63.17985,-17.4236],[-63.17985,-17.42359],[-63.17985,-17.42358],[-63.17985,-17.42357],[-63.17985,-17.42356],[-63.17986,-17.42355],[-63.17986,-17.42354],[-63.17986,-17.42353],[-63.17987,-17.42353]]},"properties":{"description":"MANZANOS","styleUrl":"#line2","stroke-opacity":1,"stroke":"#0000FF","stroke-width":1,"name":"FONDO"}},
{"type":"Feature","geometry":{"type":"LineString","coordinates":[[-63.1797,-17.42355],[-63.1797,-17.42356],[-63.17969,-17.42356],[-63.17969,-17.42357],[-63.17968,-17.42357],[-63.17968,-17.42358],[-63.17967,-17.42358],[-63.17966,-17.42358],[-63.17966,-17.42359],[-63.17965,-17.42359],[-63.17964,-17.42359],[-63.17963,-17.42359],[-63.17962,-17.42359],[-63.17961,-17.42359]]},"properties":{"description":"MANZANOS","styleUrl":"#line2","stroke-opacity":1,"stroke":"#0000FF","stroke-width":1,"name":"FONDO"}},
{"type":"Feature","geometry":{"type":"LineString","coordinates":[[-63.18965,-17.42321],[-63.18716,-17.42273]]},"properties":{"description":"MANZANOS","styleUrl":"#line2","stroke-opacity":1,"stroke":"#0000FF","stroke-width":1,"name":"FONDO"}},
{"type":"Feature","geometry":{"type":"LineString","coordinates":[[-63.18956,-17.42343],[-63.18711,-17.42295]]},"properties":{"description":"MANZANOS","styleUrl":"#line2","stroke-opacity":1,"stroke":"#0000FF","stroke-width":1,"name":"FONDO"}},
{"type":"Feature","geometry":{"type":"LineString","coordinates":[[-63.18419,-17.42215],[-63.18377,-17.42207]]},"properties":{"description":"MANZANOS","styleUrl":"#line2","stroke-opacity":1,"stroke":"#0000FF","stroke-width":1,"name":"FONDO"}},
{"type":"Feature","geometry":{"type":"LineString","coordinates":[[-63.18398,-17.42234],[-63.18356,-17.42226]]},"properties":{"description":"MANZANOS","styleUrl":"#line2","stroke-opacity":1,"stroke":"#0000FF","stroke-width":1,"name":"FONDO"}},
{"type":"Feature","geometry":{"type":"LineString","coordinates":[[-63.18676,-17.42265],[-63.1845,-17.42221]]},"properties":{"description":"MANZANOS","styleUrl":"#line2","stroke-opacity":1,"stroke":"#0000FF","stroke-width":1,"name":"FONDO"}},
{"type":"Feature","geometry":{"type":"LineString","coordinates":[[-63.18671,-17.42287],[-63.18508,-17.42256]]},"properties":{"description":"MANZANOS","styleUrl":"#line2","stroke-opacity":1,"stroke":"#0000FF","stroke-width":1,"name":"FONDO"}},
{"type":"Feature","geometry":{"type":"LineString","coordinates":[[-63.18716,-17.42273],[-63.18715,-17.42273],[-63.18714,-17.42273],[-63.18714,-17.42272],[-63.18713,-17.42272],[-63.18712,-17.42272],[-63.18712,-17.42271],[-63.18711,-17.42271],[-63.18711,-17.4227],[-63.1871,-17.4227],[-63.1871,-17.42269],[-63.1871,-17.42268],[-63.18709,-17.42268],[-63.18709,-17.42267],[-63.18709,-17.42266],[-63.18709,-17.42265],[-63.18709,-17.42264],[-63.18709,-17.42263]]},"properties":{"description":"MANZANOS","styleUrl":"#line2","stroke-opacity":1,"stroke":"#0000FF","stroke-width":1,"name":"FONDO"}},
{"type":"Feature","geometry":{"type":"LineString","coordinates":[[-63.18701,-17.42301],[-63.18701,-17.423],[-63.18702,-17.423],[-63.18702,-17.42299],[-63.18703,-17.42298],[-63.18703,-17.42297],[-63.18704,-17.42297],[-63.18705,-17.42296],[-63.18706,-17.42296],[-63.18706,-17.42295],[-63.18707,-17.42295],[-63.18708,-17.42295],[-63.18709,-17.42295],[-63.1871,-17.42295],[-63.18711,-17.42295]]},"properties":{"description":"MANZANOS","styleUrl":"#line2","stroke-opacity":1,"stroke":"#0000FF","stroke-width":1,"name":"FONDO"}},
{"type":"Feature","geometry":{"type":"LineString","coordinates":[[-63.1845,-17.42221],[-63.18449,-17.42221],[-63.18448,-17.42221],[-63.18448,-17.4222],[-63.18447,-17.4222],[-63.18446,-17.4222],[-63.18446,-17.42219],[-63.18445,-17.42218],[-63.18445,-17.42217],[-63.18444,-17.42217],[-63.18444,-17.42216],[-63.18444,-17.42215],[-63.18444,-17.42214],[-63.18444,-17.42213],[-63.18444,-17.42212],[-63.18444,-17.42211],[-63.18444,-17.4221],[-63.18445,-17.4221],[-63.18445,-17.42209]]},"properties":{"description":"MANZANOS","styleUrl":"#line2","stroke-opacity":1,"stroke":"#0000FF","stroke-width":1,"name":"FONDO"}},
{"type":"Feature","geometry":{"type":"LineString","coordinates":[[-63.18428,-17.42212],[-63.18428,-17.42213],[-63.18427,-17.42213],[-63.18427,-17.42214],[-63.18426,-17.42214],[-63.18425,-17.42214],[-63.18425,-17.42215],[-63.18424,-17.42215],[-63.18423,-17.42215],[-63.18422,-17.42215],[-63.18421,-17.42215],[-63.18421,-17.42216],[-63.18421,-17.42215],[-63.1842,-17.42215],[-63.18419,-17.42215]]},"properties":{"description":"MANZANOS","styleUrl":"#line2","stroke-opacity":1,"stroke":"#0000FF","stroke-width":1,"name":"FONDO"}},
{"type":"Feature","geometry":{"type":"LineString","coordinates":[[-63.1842,-17.42244],[-63.18421,-17.42244],[-63.18421,-17.42243],[-63.18421,-17.42242],[-63.18422,-17.42242],[-63.18423,-17.42242],[-63.18423,-17.42241],[-63.18424,-17.42241],[-63.18425,-17.42241],[-63.18425,-17.4224],[-63.18426,-17.4224],[-63.18427,-17.4224],[-63.18428,-17.4224],[-63.18429,-17.4224]]},"properties":{"description":"MANZANOS","styleUrl":"#line2","stroke-opacity":1,"stroke":"#0000FF","stroke-width":1,"name":"FONDO"}},
{"type":"Feature","geometry":{"type":"LineString","coordinates":[[-63.18398,-17.42234],[-63.18399,-17.42234],[-63.18399,-17.42235],[-63.184,-17.42235],[-63.18401,-17.42235],[-63.18401,-17.42236],[-63.18402,-17.42236],[-63.18402,-17.42237],[-63.18403,-17.42237],[-63.18403,-17.42238],[-63.18404,-17.42238],[-63.18404,-17.42239],[-63.18404,-17.4224],[-63.18405,-17.4224],[-63.18405,-17.42241],[-63.18405,-17.42242],[-63.18405,-17.42243],[-63.18405,-17.42244],[-63.18404,-17.42245],[-63.18404,-17.42246],[-63.18404,-17.42247],[-63.18403,-17.42247]]},"properties":{"description":"MANZANOS","styleUrl":"#line2","stroke-opacity":1,"stroke":"#0000FF","stroke-width":1,"name":"FONDO"}},
{"type":"Feature","geometry":{"type":"LineString","coordinates":[[-63.18971,-17.42401],[-63.18698,-17.42348]]},"properties":{"description":"MANZANOS","styleUrl":"#line2","stroke-opacity":1,"stroke":"#0000FF","stroke-width":1,"name":"FONDO"}},
{"type":"Feature","geometry":{"type":"LineString","coordinates":[[-63.18621,-17.42333],[-63.18478,-17.42305]]},"properties":{"description":"MANZANOS","styleUrl":"#line2","stroke-opacity":1,"stroke":"#0000FF","stroke-width":1,"name":"FONDO"}},
{"type":"Feature","geometry":{"type":"LineString","coordinates":[[-63.18603,-17.42341],[-63.18465,-17.42315]]},"properties":{"description":"MANZANOS","styleUrl":"#line2","stroke-opacity":1,"stroke":"#0000FF","stroke-width":1,"name":"FONDO"}},
{"type":"Feature","geometry":{"type":"LineString","coordinates":[[-63.18969,-17.42412],[-63.18726,-17.42365]]},"properties":{"description":"MANZANOS","styleUrl":"#line2","stroke-opacity":1,"stroke":"#0000FF","stroke-width":1,"name":"FONDO"}},
{"type":"Feature","geometry":{"type":"LineString","coordinates":[[-63.18698,-17.42348],[-63.18697,-17.42348],[-63.18697,-17.42347],[-63.18696,-17.42347],[-63.18695,-17.42347],[-63.18695,-17.42346],[-63.18694,-17.42346],[-63.18694,-17.42345],[-63.18694,-17.42344],[-63.18693,-17.42344],[-63.18693,-17.42343],[-63.18693,-17.42342],[-63.18693,-17.42341],[-63.18693,-17.4234]]},"properties":{"description":"MANZANOS","styleUrl":"#line2","stroke-opacity":1,"stroke":"#0000FF","stroke-width":1,"name":"FONDO"}},
{"type":"Feature","geometry":{"type":"LineString","coordinates":[[-63.18533,-17.42374],[-63.18442,-17.42356]]},"properties":{"description":"MANZANOS","styleUrl":"#line2","stroke-opacity":1,"stroke":"#0000FF","stroke-width":1,"name":"FONDO"}},
{"type":"Feature","geometry":{"type":"LineString","coordinates":[[-63.18514,-17.42382],[-63.1835,-17.4235]]},"properties":{"description":"MANZANOS","styleUrl":"#line2","stroke-opacity":1,"stroke":"#0000FF","stroke-width":1,"name":"FONDO"}},
{"type":"Feature","geometry":{"type":"LineString","coordinates":[[-63.18343,-17.42353],[-63.18343,-17.42352],[-63.18344,-17.42352],[-63.18344,-17.42351],[-63.18345,-17.42351],[-63.18346,-17.42351],[-63.18346,-17.4235],[-63.18347,-17.4235],[-63.18348,-17.4235],[-63.18349,-17.4235],[-63.1835,-17.4235]]},"properties":{"description":"MANZANOS","styleUrl":"#line2","stroke-opacity":1,"stroke":"#0000FF","stroke-width":1,"name":"FONDO"}},
{"type":"Feature","geometry":{"type":"LineString","coordinates":[[-63.18154,-17.42089],[-63.17906,-17.4203]]},"properties":{"description":"MANZANOS","styleUrl":"#line2","stroke-opacity":1,"stroke":"#0000FF","stroke-width":1,"name":"FONDO"}},
{"type":"Feature","geometry":{"type":"LineString","coordinates":[[-63.17881,-17.42024],[-63.17638,-17.41966]]},"properties":{"description":"MANZANOS","styleUrl":"#line2","stroke-opacity":1,"stroke":"#0000FF","stroke-width":1,"name":"FONDO"}},
{"type":"Feature","geometry":{"type":"LineString","coordinates":[[-63.18142,-17.42098],[-63.17903,-17.42041]]},"properties":{"description":"MANZANOS","styleUrl":"#line2","stroke-opacity":1,"stroke":"#0000FF","stroke-width":1,"name":"FONDO"}},
{"type":"Feature","geometry":{"type":"LineString","coordinates":[[-63.17878,-17.42035],[-63.17635,-17.41977]]},"properties":{"description":"MANZANOS","styleUrl":"#line2","stroke-opacity":1,"stroke":"#0000FF","stroke-width":1,"name":"FONDO"}},
{"type":"Feature","geometry":{"type":"LineString","coordinates":[[-63.17906,-17.4203],[-63.17905,-17.4203],[-63.17905,-17.42029],[-63.17904,-17.42029],[-63.17903,-17.42029],[-63.17903,-17.42028],[-63.17902,-17.42028],[-63.17902,-17.42027],[-63.17901,-17.42027],[-63.17901,-17.42026],[-63.17901,-17.42025],[-63.17901,-17.42024],[-63.17901,-17.42023],[-63.17901,-17.42022]]},"properties":{"description":"MANZANOS","styleUrl":"#line2","stroke-opacity":1,"stroke":"#0000FF","stroke-width":1,"name":"FONDO"}},
{"type":"Feature","geometry":{"type":"LineString","coordinates":[[-63.17895,-17.42046],[-63.17895,-17.42045],[-63.17895,-17.42044],[-63.17896,-17.42044],[-63.17896,-17.42043],[-63.17897,-17.42043],[-63.17897,-17.42042],[-63.17898,-17.42042],[-63.17898,-17.42041],[-63.17899,-17.42041],[-63.179,-17.42041],[-63.17901,-17.42041],[-63.17902,-17.42041],[-63.17903,-17.42041]]},"properties":{"description":"MANZANOS","styleUrl":"#line2","stroke-opacity":1,"stroke":"#0000FF","stroke-width":1,"name":"FONDO"}},
{"type":"Feature","geometry":{"type":"LineString","coordinates":[[-63.17878,-17.42035],[-63.17879,-17.42035],[-63.17879,-17.42036],[-63.1788,-17.42036],[-63.17881,-17.42036],[-63.17881,-17.42037],[-63.17882,-17.42037],[-63.17882,-17.42038],[-63.17883,-17.42038],[-63.17883,-17.42039],[-63.17883,-17.4204],[-63.17883,-17.42041],[-63.17883,-17.42042],[-63.17883,-17.42043]]},"properties":{"description":"MANZANOS","styleUrl":"#line2","stroke-opacity":1,"stroke":"#0000FF","stroke-width":1,"name":"FONDO"}},
{"type":"Feature","geometry":{"type":"LineString","coordinates":[[-63.17889,-17.42019],[-63.17889,-17.4202],[-63.17888,-17.4202],[-63.17888,-17.42021],[-63.17888,-17.42022],[-63.17887,-17.42022],[-63.17887,-17.42023],[-63.17886,-17.42023],[-63.17885,-17.42023],[-63.17885,-17.42024],[-63.17884,-17.42024],[-63.17883,-17.42024],[-63.17882,-17.42024],[-63.17881,-17.42024]]},"properties":{"description":"MANZANOS","styleUrl":"#line2","stroke-opacity":1,"stroke":"#0000FF","stroke-width":1,"name":"FONDO"}},
{"type":"Feature","geometry":{"type":"LineString","coordinates":[[-63.18111,-17.42146],[-63.17891,-17.42094]]},"properties":{"description":"MANZANOS","styleUrl":"#line2","stroke-opacity":1,"stroke":"#0000FF","stroke-width":1,"name":"FONDO"}},
{"type":"Feature","geometry":{"type":"LineString","coordinates":[[-63.17863,-17.42087],[-63.17624,-17.4203]]},"properties":{"description":"MANZANOS","styleUrl":"#line2","stroke-opacity":1,"stroke":"#0000FF","stroke-width":1,"name":"FONDO"}},
{"type":"Feature","geometry":{"type":"LineString","coordinates":[[-63.17858,-17.42109],[-63.17618,-17.42052]]},"properties":{"description":"MANZANOS","styleUrl":"#line2","stroke-opacity":1,"stroke":"#0000FF","stroke-width":1,"name":"FONDO"}},
{"type":"Feature","geometry":{"type":"LineString","coordinates":[[-63.18091,-17.42165],[-63.17886,-17.42116]]},"properties":{"description":"MANZANOS","styleUrl":"#line2","stroke-opacity":1,"stroke":"#0000FF","stroke-width":1,"name":"FONDO"}},
{"type":"Feature","geometry":{"type":"LineString","coordinates":[[-63.17638,-17.41966],[-63.17637,-17.41966],[-63.17637,-17.41965],[-63.17636,-17.41965],[-63.17635,-17.41965],[-63.17635,-17.41964],[-63.17634,-17.41964],[-63.17634,-17.41963],[-63.17633,-17.41962],[-63.17633,-17.41961],[-63.17633,-17.4196],[-63.17633,-17.41959],[-63.17633,-17.41958]]},"properties":{"description":"MANZANOS","styleUrl":"#line2","stroke-opacity":1,"stroke":"#0000FF","stroke-width":1,"name":"FONDO"}},
{"type":"Feature","geometry":{"type":"LineString","coordinates":[[-63.17627,-17.41982],[-63.17627,-17.41981],[-63.17628,-17.41981],[-63.17628,-17.4198],[-63.17628,-17.41979],[-63.17629,-17.41979],[-63.17629,-17.41978],[-63.1763,-17.41978],[-63.17631,-17.41978],[-63.17631,-17.41977],[-63.17632,-17.41977],[-63.17633,-17.41977],[-63.17634,-17.41977],[-63.17635,-17.41977]]},"properties":{"description":"MANZANOS","styleUrl":"#line2","stroke-opacity":1,"stroke":"#0000FF","stroke-width":1,"name":"FONDO"}},
{"type":"Feature","geometry":{"type":"LineString","coordinates":[[-63.17624,-17.4203],[-63.17623,-17.4203],[-63.17622,-17.4203],[-63.17621,-17.4203],[-63.17621,-17.42029],[-63.1762,-17.42029],[-63.1762,-17.42028],[-63.17619,-17.42028],[-63.17619,-17.42027],[-63.17618,-17.42027],[-63.17618,-17.42026],[-63.17618,-17.42025],[-63.17617,-17.42025],[-63.17617,-17.42024],[-63.17617,-17.42023],[-63.17617,-17.42022],[-63.17617,-17.42021]]},"properties":{"description":"MANZANOS","styleUrl":"#line2","stroke-opacity":1,"stroke":"#0000FF","stroke-width":1,"name":"FONDO"}},
{"type":"Feature","geometry":{"type":"LineString","coordinates":[[-63.17608,-17.42058],[-63.17608,-17.42057],[-63.17609,-17.42057],[-63.17609,-17.42056],[-63.17609,-17.42055],[-63.1761,-17.42055],[-63.1761,-17.42054],[-63.17611,-17.42054],[-63.17612,-17.42053],[-63.17613,-17.42053],[-63.17614,-17.42053],[-63.17614,-17.42052],[-63.17615,-17.42052],[-63.17616,-17.42052],[-63.17617,-17.42052],[-63.17618,-17.42052]]},"properties":{"description":"MANZANOS","styleUrl":"#line2","stroke-opacity":1,"stroke":"#0000FF","stroke-width":1,"name":"FONDO"}},
{"type":"Feature","geometry":{"type":"LineString","coordinates":[[-63.17858,-17.42109],[-63.17858,-17.4211],[-63.17859,-17.4211],[-63.1786,-17.4211],[-63.1786,-17.42111],[-63.17861,-17.42111],[-63.17862,-17.42112],[-63.17862,-17.42113],[-63.17863,-17.42113],[-63.17863,-17.42114],[-63.17864,-17.42114],[-63.17864,-17.42115],[-63.17864,-17.42116],[-63.17864,-17.42117],[-63.17864,-17.42118],[-63.17864,-17.42119]]},"properties":{"description":"MANZANOS","styleUrl":"#line2","stroke-opacity":1,"stroke":"#0000FF","stroke-width":1,"name":"FONDO"}},
{"type":"Feature","geometry":{"type":"LineString","coordinates":[[-63.17876,-17.42122],[-63.17876,-17.42121],[-63.17876,-17.4212],[-63.17877,-17.4212],[-63.17877,-17.42119],[-63.17878,-17.42119],[-63.17878,-17.42118],[-63.17879,-17.42118],[-63.17879,-17.42117],[-63.1788,-17.42117],[-63.17881,-17.42117],[-63.17881,-17.42116],[-63.17882,-17.42116],[-63.17883,-17.42116],[-63.17884,-17.42116],[-63.17885,-17.42116],[-63.17886,-17.42116]]},"properties":{"description":"MANZANOS","styleUrl":"#line2","stroke-opacity":1,"stroke":"#0000FF","stroke-width":1,"name":"FONDO"}},
{"type":"Feature","geometry":{"type":"LineString","coordinates":[[-63.17891,-17.42094],[-63.1789,-17.42094],[-63.1789,-17.42093],[-63.17889,-17.42093],[-63.17888,-17.42093],[-63.17888,-17.42092],[-63.17887,-17.42092],[-63.17887,-17.42091],[-63.17886,-17.42091],[-63.17886,-17.4209],[-63.17886,-17.42089],[-63.17885,-17.42089],[-63.17885,-17.42088],[-63.17885,-17.42087],[-63.17885,-17.42086],[-63.17885,-17.42085],[-63.17885,-17.42084]]},"properties":{"description":"MANZANOS","styleUrl":"#line2","stroke-opacity":1,"stroke":"#0000FF","stroke-width":1,"name":"FONDO"}},
{"type":"Feature","geometry":{"type":"LineString","coordinates":[[-63.18091,-17.42165],[-63.18092,-17.42165],[-63.18093,-17.42165],[-63.18093,-17.42166],[-63.18094,-17.42166],[-63.18095,-17.42167],[-63.18096,-17.42167],[-63.18096,-17.42168],[-63.18096,-17.42169],[-63.18097,-17.42169],[-63.18097,-17.4217],[-63.18097,-17.42171],[-63.18098,-17.42171],[-63.18098,-17.42172],[-63.18098,-17.42173],[-63.18098,-17.42174],[-63.18097,-17.42174],[-63.18097,-17.42175],[-63.18097,-17.42176],[-63.18097,-17.42177],[-63.18096,-17.42177]]},"properties":{"description":"MANZANOS","styleUrl":"#line2","stroke-opacity":1,"stroke":"#0000FF","stroke-width":1,"name":"FONDO"}},
{"type":"Feature","geometry":{"type":"LineString","coordinates":[[-63.1812,-17.42143],[-63.1812,-17.42144],[-63.18119,-17.42144],[-63.18119,-17.42145],[-63.18118,-17.42145],[-63.18118,-17.42146],[-63.18117,-17.42146],[-63.18116,-17.42146],[-63.18115,-17.42146],[-63.18115,-17.42147],[-63.18114,-17.42147],[-63.18113,-17.42147],[-63.18112,-17.42147],[-63.18112,-17.42146],[-63.18111,-17.42146]]},"properties":{"description":"MANZANOS","styleUrl":"#line2","stroke-opacity":1,"stroke":"#0000FF","stroke-width":1,"name":"FONDO"}},
{"type":"Feature","geometry":{"type":"LineString","coordinates":[[-63.18142,-17.42098],[-63.18143,-17.42098],[-63.18144,-17.42098],[-63.18144,-17.42099],[-63.18145,-17.42099],[-63.18145,-17.421],[-63.18146,-17.421],[-63.18146,-17.42101],[-63.18146,-17.42102],[-63.18147,-17.42102],[-63.18147,-17.42103],[-63.18147,-17.42104],[-63.18147,-17.42105],[-63.18147,-17.42106],[-63.18146,-17.42106],[-63.18146,-17.42107]]},"properties":{"description":"MANZANOS","styleUrl":"#line2","stroke-opacity":1,"stroke":"#0000FF","stroke-width":1,"name":"FONDO"}},
{"type":"Feature","geometry":{"type":"LineString","coordinates":[[-63.18161,-17.42086],[-63.1816,-17.42086],[-63.1816,-17.42087],[-63.18159,-17.42087],[-63.18159,-17.42088],[-63.18158,-17.42088],[-63.18157,-17.42088],[-63.18157,-17.42089],[-63.18156,-17.42089],[-63.18155,-17.42089],[-63.18154,-17.42089]]},"properties":{"description":"MANZANOS","styleUrl":"#line2","stroke-opacity":1,"stroke":"#0000FF","stroke-width":1,"name":"FONDO"}},
{"type":"Feature","geometry":{"type":"LineString","coordinates":[[-63.17873,-17.42081],[-63.17873,-17.42082],[-63.17873,-17.42083],[-63.17872,-17.42083],[-63.17872,-17.42084],[-63.17872,-17.42085],[-63.17871,-17.42085],[-63.17871,-17.42086],[-63.1787,-17.42086],[-63.17869,-17.42086],[-63.17869,-17.42087],[-63.17868,-17.42087],[-63.17867,-17.42087],[-63.17866,-17.42088],[-63.17865,-17.42088],[-63.17864,-17.42088],[-63.17864,-17.42087],[-63.17863,-17.42087]]},"properties":{"description":"MANZANOS","styleUrl":"#line2","stroke-opacity":1,"stroke":"#0000FF","stroke-width":1,"name":"FONDO"}},
{"type":"Feature","geometry":{"type":"LineString","coordinates":[[-63.18208,-17.42193],[-63.18193,-17.42189]]},"properties":{"description":"MANZANOS","styleUrl":"#line2","stroke-opacity":1,"stroke":"#0000FF","stroke-width":1,"name":"FONDO"}},
{"type":"Feature","geometry":{"type":"LineString","coordinates":[[-63.18232,-17.42175],[-63.18213,-17.42171]]},"properties":{"description":"MANZANOS","styleUrl":"#line2","stroke-opacity":1,"stroke":"#0000FF","stroke-width":1,"name":"FONDO"}},
{"type":"Feature","geometry":{"type":"LineString","coordinates":[[-63.18112,-17.42175],[-63.18113,-17.42175],[-63.18113,-17.42174],[-63.18114,-17.42174],[-63.18114,-17.42173],[-63.18115,-17.42173],[-63.18116,-17.42173],[-63.18116,-17.42172],[-63.18117,-17.42172],[-63.18118,-17.42172],[-63.18119,-17.42172],[-63.1812,-17.42172],[-63.18121,-17.42172]]},"properties":{"description":"MANZANOS","styleUrl":"#line2","stroke-opacity":1,"stroke":"#0000FF","stroke-width":1,"name":"FONDO"}},
{"type":"Feature","geometry":{"type":"LineString","coordinates":[[-63.18142,-17.42154],[-63.18141,-17.42154],[-63.18141,-17.42153],[-63.1814,-17.42153],[-63.18139,-17.42153],[-63.18139,-17.42152],[-63.18138,-17.42152],[-63.18138,-17.42151],[-63.18137,-17.42151],[-63.18137,-17.4215],[-63.18136,-17.4215],[-63.18136,-17.42149],[-63.18136,-17.42148],[-63.18135,-17.42148],[-63.18135,-17.42147],[-63.18135,-17.42146],[-63.18135,-17.42145],[-63.18135,-17.42144],[-63.18136,-17.42143],[-63.18136,-17.42142],[-63.18136,-17.42141],[-63.18137,-17.42141]]},"properties":{"description":"MANZANOS","styleUrl":"#line2","stroke-opacity":1,"stroke":"#0000FF","stroke-width":1,"name":"FONDO"}},
{"type":"Feature","geometry":{"type":"LineString","coordinates":[[-63.17846,-17.42163],[-63.17603,-17.42105]]},"properties":{"description":"MANZANOS","styleUrl":"#line2","stroke-opacity":1,"stroke":"#0000FF","stroke-width":1,"name":"FONDO"}},
{"type":"Feature","geometry":{"type":"LineString","coordinates":[[-63.18065,-17.42214],[-63.17871,-17.42168]]},"properties":{"description":"MANZANOS","styleUrl":"#line2","stroke-opacity":1,"stroke":"#0000FF","stroke-width":1,"name":"FONDO"}},
{"type":"Feature","geometry":{"type":"LineString","coordinates":[[-63.18053,-17.42224],[-63.17868,-17.4218]]},"properties":{"description":"MANZANOS","styleUrl":"#line2","stroke-opacity":1,"stroke":"#0000FF","stroke-width":1,"name":"FONDO"}},
{"type":"Feature","geometry":{"type":"LineString","coordinates":[[-63.17843,-17.42174],[-63.176,-17.42116]]},"properties":{"description":"MANZANOS","styleUrl":"#line2","stroke-opacity":1,"stroke":"#0000FF","stroke-width":1,"name":"FONDO"}},
{"type":"Feature","geometry":{"type":"LineString","coordinates":[[-63.17871,-17.42168],[-63.1787,-17.42168],[-63.17869,-17.42168],[-63.17869,-17.42167],[-63.17868,-17.42167],[-63.17867,-17.42167],[-63.17867,-17.42166],[-63.17867,-17.42165],[-63.17866,-17.42165],[-63.17866,-17.42164],[-63.17866,-17.42163],[-63.17866,-17.42162],[-63.17866,-17.42161]]},"properties":{"description":"MANZANOS","styleUrl":"#line2","stroke-opacity":1,"stroke":"#0000FF","stroke-width":1,"name":"FONDO"}},
{"type":"Feature","geometry":{"type":"LineString","coordinates":[[-63.1786,-17.42184],[-63.1786,-17.42183],[-63.17861,-17.42183],[-63.17861,-17.42182],[-63.17862,-17.42182],[-63.17862,-17.42181],[-63.17863,-17.42181],[-63.17863,-17.4218],[-63.17864,-17.4218],[-63.17865,-17.4218],[-63.17866,-17.4218],[-63.17867,-17.4218],[-63.17868,-17.4218]]},"properties":{"description":"MANZANOS","styleUrl":"#line2","stroke-opacity":1,"stroke":"#0000FF","stroke-width":1,"name":"FONDO"}},
{"type":"Feature","geometry":{"type":"LineString","coordinates":[[-63.17843,-17.42174],[-63.17844,-17.42174],[-63.17845,-17.42174],[-63.17845,-17.42175],[-63.17846,-17.42175],[-63.17846,-17.42176],[-63.17847,-17.42176],[-63.17847,-17.42177],[-63.17848,-17.42177],[-63.17848,-17.42178],[-63.17848,-17.42179],[-63.17848,-17.4218],[-63.17848,-17.42181],[-63.17848,-17.42182]]},"properties":{"description":"MANZANOS","styleUrl":"#line2","stroke-opacity":1,"stroke":"#0000FF","stroke-width":1,"name":"FONDO"}},
{"type":"Feature","geometry":{"type":"LineString","coordinates":[[-63.17854,-17.42158],[-63.17854,-17.42159],[-63.17853,-17.42159],[-63.17853,-17.4216],[-63.17853,-17.42161],[-63.17852,-17.42161],[-63.17851,-17.42162],[-63.1785,-17.42162],[-63.17849,-17.42162],[-63.17849,-17.42163],[-63.17848,-17.42163],[-63.17847,-17.42163],[-63.17846,-17.42163]]},"properties":{"description":"MANZANOS","styleUrl":"#line2","stroke-opacity":1,"stroke":"#0000FF","stroke-width":1,"name":"FONDO"}},
{"type":"Feature","geometry":{"type":"LineString","coordinates":[[-63.17603,-17.42105],[-63.17602,-17.42105],[-63.17602,-17.42104],[-63.17601,-17.42104],[-63.176,-17.42104],[-63.176,-17.42103],[-63.17599,-17.42103],[-63.17599,-17.42102],[-63.17599,-17.42101],[-63.17598,-17.42101],[-63.17598,-17.421],[-63.17598,-17.42099],[-63.17598,-17.42098],[-63.17598,-17.42097]]},"properties":{"description":"MANZANOS","styleUrl":"#line2","stroke-opacity":1,"stroke":"#0000FF","stroke-width":1,"name":"FONDO"}},
{"type":"Feature","geometry":{"type":"LineString","coordinates":[[-63.17592,-17.42121],[-63.17592,-17.4212],[-63.17593,-17.4212],[-63.17593,-17.42119],[-63.17593,-17.42118],[-63.17594,-17.42118],[-63.17594,-17.42117],[-63.17595,-17.42117],[-63.17596,-17.42117],[-63.17596,-17.42116],[-63.17597,-17.42116],[-63.17598,-17.42116],[-63.17599,-17.42116],[-63.176,-17.42116]]},"properties":{"description":"MANZANOS","styleUrl":"#line2","stroke-opacity":1,"stroke":"#0000FF","stroke-width":1,"name":"FONDO"}},
{"type":"Feature","geometry":{"type":"LineString","coordinates":[[-63.18053,-17.42224],[-63.18054,-17.42224],[-63.18055,-17.42224],[-63.18055,-17.42225],[-63.18056,-17.42225],[-63.18056,-17.42226],[-63.18057,-17.42226],[-63.18057,-17.42227],[-63.18057,-17.42228],[-63.18058,-17.42229],[-63.18058,-17.4223],[-63.18058,-17.42231],[-63.18057,-17.42231],[-63.18057,-17.42232],[-63.18057,-17.42233]]},"properties":{"description":"MANZANOS","styleUrl":"#line2","stroke-opacity":1,"stroke":"#0000FF","stroke-width":1,"name":"FONDO"}},
{"type":"Feature","geometry":{"type":"LineString","coordinates":[[-63.18072,-17.42212],[-63.18071,-17.42212],[-63.18071,-17.42213],[-63.1807,-17.42213],[-63.1807,-17.42214],[-63.18069,-17.42214],[-63.18068,-17.42214],[-63.18068,-17.42215],[-63.18067,-17.42215],[-63.18066,-17.42215],[-63.18065,-17.42215],[-63.18065,-17.42214]]},"properties":{"description":"MANZANOS","styleUrl":"#line2","stroke-opacity":1,"stroke":"#0000FF","stroke-width":1,"name":"FONDO"}},
{"type":"Feature","geometry":{"type":"LineString","coordinates":[[-63.17832,-17.42218],[-63.17589,-17.4216]]},"properties":{"description":"MANZANOS","styleUrl":"#line2","stroke-opacity":1,"stroke":"#0000FF","stroke-width":1,"name":"FONDO"}},
{"type":"Feature","geometry":{"type":"LineString","coordinates":[[-63.17829,-17.42229],[-63.17586,-17.42172]]},"properties":{"description":"MANZANOS","styleUrl":"#line2","stroke-opacity":1,"stroke":"#0000FF","stroke-width":1,"name":"FONDO"}},
{"type":"Feature","geometry":{"type":"LineString","coordinates":[[-63.17829,-17.42229],[-63.1783,-17.42229],[-63.1783,-17.4223],[-63.17831,-17.4223],[-63.17832,-17.4223],[-63.17832,-17.42231],[-63.17833,-17.42231],[-63.17833,-17.42232],[-63.17834,-17.42232],[-63.17834,-17.42233],[-63.17834,-17.42234],[-63.17834,-17.42235],[-63.17834,-17.42236],[-63.17834,-17.42237]]},"properties":{"description":"MANZANOS","styleUrl":"#line2","stroke-opacity":1,"stroke":"#0000FF","stroke-width":1,"name":"FONDO"}},
{"type":"Feature","geometry":{"type":"LineString","coordinates":[[-63.1784,-17.42213],[-63.1784,-17.42214],[-63.1784,-17.42215],[-63.17839,-17.42215],[-63.17839,-17.42216],[-63.17838,-17.42216],[-63.17838,-17.42217],[-63.17837,-17.42217],[-63.17836,-17.42217],[-63.17836,-17.42218],[-63.17835,-17.42218],[-63.17834,-17.42218],[-63.17833,-17.42218],[-63.17832,-17.42218]]},"properties":{"description":"MANZANOS","styleUrl":"#line2","stroke-opacity":1,"stroke":"#0000FF","stroke-width":1,"name":"FONDO"}},
{"type":"Feature","geometry":{"type":"LineString","coordinates":[[-63.17589,-17.4216],[-63.17588,-17.4216],[-63.17587,-17.4216],[-63.17587,-17.42159],[-63.17586,-17.42159],[-63.17586,-17.42158],[-63.17585,-17.42158],[-63.17585,-17.42157],[-63.17585,-17.42156],[-63.17584,-17.42156],[-63.17584,-17.42155],[-63.17584,-17.42154],[-63.17584,-17.42153],[-63.17584,-17.42152]]},"properties":{"description":"MANZANOS","styleUrl":"#line2","stroke-opacity":1,"stroke":"#0000FF","stroke-width":1,"name":"FONDO"}},
{"type":"Feature","geometry":{"type":"LineString","coordinates":[[-63.17578,-17.42176],[-63.17578,-17.42175],[-63.17579,-17.42175],[-63.17579,-17.42174],[-63.1758,-17.42174],[-63.1758,-17.42173],[-63.17581,-17.42173]]},"properties":{"description":"MANZANOS","styleUrl":"#line2","stroke-opacity":1,"stroke":"#0000FF","stroke-width":1,"name":"FONDO"}},
{"type":"Feature","geometry":{"type":"LineString","coordinates":[[-63.17818,-17.42273],[-63.17737,-17.42254]]},"properties":{"description":"MANZANOS","styleUrl":"#line2","stroke-opacity":1,"stroke":"#0000FF","stroke-width":1,"name":"FONDO"}},
{"type":"Feature","geometry":{"type":"LineString","coordinates":[[-63.17815,-17.42285],[-63.17762,-17.42272]]},"properties":{"description":"MANZANOS","styleUrl":"#line2","stroke-opacity":1,"stroke":"#0000FF","stroke-width":1,"name":"FONDO"}},
{"type":"Feature","geometry":{"type":"LineString","coordinates":[[-63.1782,-17.42292],[-63.17816,-17.4231]]},"properties":{"description":"MANZANOS","styleUrl":"#line2","stroke-opacity":1,"stroke":"#0000FF","stroke-width":1,"name":"FONDO"}},
{"type":"Feature","geometry":{"type":"LineString","coordinates":[[-63.17815,-17.42285],[-63.17816,-17.42285],[-63.17817,-17.42285],[-63.17817,-17.42286],[-63.17818,-17.42286],[-63.17819,-17.42286],[-63.17819,-17.42287],[-63.17819,-17.42288],[-63.1782,-17.42288],[-63.1782,-17.42289],[-63.1782,-17.4229],[-63.1782,-17.42291],[-63.1782,-17.42292]]},"properties":{"description":"MANZANOS","styleUrl":"#line2","stroke-opacity":1,"stroke":"#0000FF","stroke-width":1,"name":"FONDO"}},
{"type":"Feature","geometry":{"type":"LineString","coordinates":[[-63.17826,-17.42269],[-63.17826,-17.4227],[-63.17825,-17.4227],[-63.17825,-17.42271],[-63.17825,-17.42272],[-63.17824,-17.42272],[-63.17823,-17.42272],[-63.17823,-17.42273],[-63.17822,-17.42273],[-63.17821,-17.42273],[-63.1782,-17.42273],[-63.17819,-17.42273],[-63.17818,-17.42273]]},"properties":{"description":"MANZANOS","styleUrl":"#line2","stroke-opacity":1,"stroke":"#0000FF","stroke-width":1,"name":"FONDO"}},
{"type":"Feature","geometry":{"type":"LineString","coordinates":[[-63.18444,-17.42415],[-63.18327,-17.42392]]},"properties":{"description":"MANZANOS","styleUrl":"#line2","stroke-opacity":1,"stroke":"#0000FF","stroke-width":1,"name":"FONDO"}},
{"type":"Feature","geometry":{"type":"LineString","coordinates":[[-63.18426,-17.42423],[-63.18314,-17.42401]]},"properties":{"description":"MANZANOS","styleUrl":"#line2","stroke-opacity":1,"stroke":"#0000FF","stroke-width":1,"name":"FONDO"}},
{"type":"Feature","geometry":{"type":"LineString","coordinates":[[-63.18307,-17.42404],[-63.18293,-17.42424]]},"properties":{"description":"MANZANOS","styleUrl":"#line2","stroke-opacity":1,"stroke":"#0000FF","stroke-width":1,"name":"FONDO"}},
{"type":"Feature","geometry":{"type":"LineString","coordinates":[[-63.18307,-17.42404],[-63.18307,-17.42403],[-63.18308,-17.42403],[-63.18308,-17.42402],[-63.18309,-17.42402],[-63.1831,-17.42402],[-63.18311,-17.42401],[-63.18312,-17.42401],[-63.18313,-17.42401],[-63.18314,-17.42401]]},"properties":{"description":"MANZANOS","styleUrl":"#line2","stroke-opacity":1,"stroke":"#0000FF","stroke-width":1,"name":"FONDO"}},
{"type":"Feature","geometry":{"type":"LineString","coordinates":[[-63.18327,-17.42392],[-63.18326,-17.42392],[-63.18325,-17.42392],[-63.18325,-17.42391],[-63.18324,-17.42391],[-63.18324,-17.4239],[-63.18323,-17.4239],[-63.18323,-17.42389],[-63.18322,-17.42389],[-63.18322,-17.42388],[-63.18321,-17.42387],[-63.18321,-17.42386],[-63.18321,-17.42385],[-63.18321,-17.42384],[-63.18322,-17.42384],[-63.18322,-17.42383],[-63.18322,-17.42382]]},"properties":{"description":"MANZANOS","styleUrl":"#line2","stroke-opacity":1,"stroke":"#0000FF","stroke-width":1,"name":"FONDO"}},
{"type":"Feature","geometry":{"type":"LineString","coordinates":[[-63.18364,-17.42451],[-63.18298,-17.42436]]},"properties":{"description":"MANZANOS","styleUrl":"#line2","stroke-opacity":1,"stroke":"#0000FF","stroke-width":1,"name":"FONDO"}},
{"type":"Feature","geometry":{"type":"LineString","coordinates":[[-63.18267,-17.4243],[-63.18226,-17.4242]]},"properties":{"description":"MANZANOS","styleUrl":"#line2","stroke-opacity":1,"stroke":"#0000FF","stroke-width":1,"name":"FONDO"}},
{"type":"Feature","geometry":{"type":"LineString","coordinates":[[-63.18298,-17.42436],[-63.18297,-17.42436],[-63.18296,-17.42436],[-63.18295,-17.42436],[-63.18295,-17.42435],[-63.18294,-17.42435],[-63.18294,-17.42434],[-63.18293,-17.42434],[-63.18293,-17.42433],[-63.18292,-17.42433],[-63.18292,-17.42432],[-63.18292,-17.42431],[-63.18292,-17.4243],[-63.18291,-17.4243],[-63.18291,-17.42429],[-63.18291,-17.42428],[-63.18291,-17.42427],[-63.18292,-17.42427],[-63.18292,-17.42426],[-63.18292,-17.42425],[-63.18292,-17.42424],[-63.18293,-17.42424]]},"properties":{"description":"MANZANOS","styleUrl":"#line2","stroke-opacity":1,"stroke":"#0000FF","stroke-width":1,"name":"FONDO"}},
{"type":"Feature","geometry":{"type":"LineString","coordinates":[[-63.18083,-17.42386],[-63.18063,-17.42382]]},"properties":{"description":"MANZANOS","styleUrl":"#line2","stroke-opacity":1,"stroke":"#0000FF","stroke-width":1,"name":"FONDO"}},
{"type":"Feature","geometry":{"type":"LineString","coordinates":[[-63.18276,-17.42426],[-63.18276,-17.42427],[-63.18275,-17.42427],[-63.18275,-17.42428],[-63.18274,-17.42428],[-63.18274,-17.42429],[-63.18273,-17.42429],[-63.18272,-17.42429],[-63.18272,-17.4243],[-63.18271,-17.4243],[-63.1827,-17.4243],[-63.18269,-17.4243],[-63.18268,-17.4243],[-63.18267,-17.4243]]},"properties":{"description":"MANZANOS","styleUrl":"#line2","stroke-opacity":1,"stroke":"#0000FF","stroke-width":1,"name":"FONDO"}},
{"type":"Feature","geometry":{"type":"LineString","coordinates":[[-63.19314,-17.42529],[-63.19169,-17.42453]]},"properties":{"description":"MANZANOS","styleUrl":"#line2","stroke-opacity":1,"stroke":"#0000FF","stroke-width":1,"name":"FONDO"}},
{"type":"Feature","geometry":{"type":"LineString","coordinates":[[-63.19314,-17.42503],[-63.1918,-17.42433]]},"properties":{"description":"MANZANOS","styleUrl":"#line2","stroke-opacity":1,"stroke":"#0000FF","stroke-width":1,"name":"FONDO"}},
{"type":"Feature","geometry":{"type":"LineString","coordinates":[[-63.19402,-17.42549],[-63.19341,-17.42517]]},"properties":{"description":"MANZANOS","styleUrl":"#line2","stroke-opacity":1,"stroke":"#0000FF","stroke-width":1,"name":"FONDO"}},
{"type":"Feature","geometry":{"type":"LineString","coordinates":[[-63.19407,-17.42577],[-63.19341,-17.42543]]},"properties":{"description":"MANZANOS","styleUrl":"#line2","stroke-opacity":1,"stroke":"#0000FF","stroke-width":1,"name":"FONDO"}},
{"type":"Feature","geometry":{"type":"LineString","coordinates":[[-63.19143,-17.4244],[-63.19008,-17.42369]]},"properties":{"description":"MANZANOS","styleUrl":"#line2","stroke-opacity":1,"stroke":"#0000FF","stroke-width":1,"name":"FONDO"}},
{"type":"Feature","geometry":{"type":"LineString","coordinates":[[-63.19407,-17.42577],[-63.19408,-17.42577],[-63.19408,-17.42578],[-63.19409,-17.42578],[-63.19409,-17.42579],[-63.1941,-17.42579],[-63.19411,-17.4258],[-63.19412,-17.42581],[-63.19412,-17.42582],[-63.19413,-17.42582],[-63.19413,-17.42583],[-63.19414,-17.42583],[-63.19414,-17.42584],[-63.19414,-17.42585],[-63.19415,-17.42585],[-63.19415,-17.42586],[-63.19415,-17.42587],[-63.19415,-17.42588],[-63.19416,-17.42588],[-63.19416,-17.42589],[-63.19416,-17.4259],[-63.19416,-17.42591],[-63.19416,-17.42592],[-63.19416,-17.42593],[-63.19416,-17.42594]]},"properties":{"description":"MANZANOS","styleUrl":"#line2","stroke-opacity":1,"stroke":"#0000FF","stroke-width":1,"name":"FONDO"}},
{"type":"Feature","geometry":{"type":"LineString","coordinates":[[-63.19427,-17.42537],[-63.19427,-17.42538],[-63.19426,-17.42538],[-63.19426,-17.42539],[-63.19426,-17.4254],[-63.19426,-17.42541],[-63.19425,-17.42541],[-63.19425,-17.42542],[-63.19425,-17.42543],[-63.19424,-17.42543],[-63.19424,-17.42544],[-63.19423,-17.42544],[-63.19423,-17.42545],[-63.19422,-17.42545],[-63.19422,-17.42546],[-63.19421,-17.42546],[-63.19421,-17.42547],[-63.1942,-17.42547],[-63.1942,-17.42548],[-63.19419,-17.42548],[-63.19418,-17.42549],[-63.19417,-17.42549],[-63.19416,-17.4255],[-63.19415,-17.4255],[-63.19414,-17.4255],[-63.19413,-17.4255],[-63.19413,-17.42551],[-63.19412,-17.42551],[-63.19411,-17.42551],[-63.1941,-17.42551],[-63.19409,-17.42551],[-63.19408,-17.42551],[-63.19407,-17.42551],[-63.19407,-17.4255],[-63.19406,-17.4255],[-63.19405,-17.4255],[-63.19404,-17.4255],[-63.19403,-17.4255],[-63.19403,-17.42549],[-63.19402,-17.42549]]},"properties":{"description":"MANZANOS","styleUrl":"#line2","stroke-opacity":1,"stroke":"#0000FF","stroke-width":1,"name":"FONDO"}},
{"type":"Feature","geometry":{"type":"LineString","coordinates":[[-63.19329,-17.42549],[-63.19329,-17.42548],[-63.19329,-17.42547],[-63.19329,-17.42546],[-63.1933,-17.42546],[-63.1933,-17.42545],[-63.19331,-17.42545],[-63.19331,-17.42544],[-63.19332,-17.42544],[-63.19332,-17.42543],[-63.19333,-17.42543],[-63.19334,-17.42543],[-63.19334,-17.42542],[-63.19335,-17.42542],[-63.19336,-17.42542],[-63.19337,-17.42542],[-63.19338,-17.42542],[-63.19339,-17.42542],[-63.1934,-17.42542],[-63.1934,-17.42543],[-63.19341,-17.42543]]},"properties":{"description":"MANZANOS","styleUrl":"#line2","stroke-opacity":1,"stroke":"#0000FF","stroke-width":1,"name":"FONDO"}},
{"type":"Feature","geometry":{"type":"LineString","coordinates":[[-63.19341,-17.42517],[-63.1934,-17.42517],[-63.1934,-17.42516],[-63.19339,-17.42516],[-63.19339,-17.42515],[-63.19338,-17.42515],[-63.19338,-17.42514],[-63.19337,-17.42514],[-63.19337,-17.42513],[-63.19337,-17.42512],[-63.19337,-17.42511],[-63.19336,-17.42511],[-63.19336,-17.4251],[-63.19336,-17.42509],[-63.19336,-17.42508]]},"properties":{"description":"MANZANOS","styleUrl":"#line2","stroke-opacity":1,"stroke":"#0000FF","stroke-width":1,"name":"FONDO"}},
{"type":"Feature","geometry":{"type":"LineString","coordinates":[[-63.19314,-17.42529],[-63.19315,-17.42529],[-63.19315,-17.4253],[-63.19316,-17.4253],[-63.19316,-17.42531],[-63.19317,-17.42531],[-63.19317,-17.42532],[-63.19318,-17.42532],[-63.19318,-17.42533],[-63.19318,-17.42534],[-63.19318,-17.42535],[-63.19319,-17.42535],[-63.19319,-17.42536],[-63.19319,-17.42537],[-63.19318,-17.42537]]},"properties":{"description":"MANZANOS","styleUrl":"#line2","stroke-opacity":1,"stroke":"#0000FF","stroke-width":1,"name":"FONDO"}},
{"type":"Feature","geometry":{"type":"LineString","coordinates":[[-63.19157,-17.42456],[-63.19158,-17.42456],[-63.19158,-17.42455],[-63.19159,-17.42455],[-63.19159,-17.42454],[-63.1916,-17.42454],[-63.1916,-17.42453],[-63.19161,-17.42453],[-63.19162,-17.42453],[-63.19162,-17.42452],[-63.19163,-17.42452],[-63.19164,-17.42452],[-63.19165,-17.42452],[-63.19166,-17.42452],[-63.19167,-17.42452],[-63.19168,-17.42453],[-63.19169,-17.42453]]},"properties":{"description":"MANZANOS","styleUrl":"#line2","stroke-opacity":1,"stroke":"#0000FF","stroke-width":1,"name":"FONDO"}},
{"type":"Feature","geometry":{"type":"LineString","coordinates":[[-63.1918,-17.42433],[-63.19179,-17.42433],[-63.19179,-17.42432],[-63.19178,-17.42432],[-63.19178,-17.42431],[-63.19177,-17.42431],[-63.19177,-17.4243],[-63.19176,-17.4243],[-63.19176,-17.42429],[-63.19176,-17.42428],[-63.19176,-17.42427],[-63.19176,-17.42426],[-63.19176,-17.42425],[-63.19176,-17.42424],[-63.19176,-17.42423],[-63.19176,-17.42422],[-63.19177,-17.42422]]},"properties":{"description":"MANZANOS","styleUrl":"#line2","stroke-opacity":1,"stroke":"#0000FF","stroke-width":1,"name":"FONDO"}},
{"type":"Feature","geometry":{"type":"LineString","coordinates":[[-63.19326,-17.42497],[-63.19326,-17.42498],[-63.19326,-17.42499],[-63.19325,-17.42499],[-63.19325,-17.425],[-63.19325,-17.42501],[-63.19324,-17.42501],[-63.19324,-17.42502],[-63.19323,-17.42502],[-63.19322,-17.42503],[-63.19321,-17.42503],[-63.1932,-17.42503],[-63.1932,-17.42504],[-63.19319,-17.42504],[-63.19318,-17.42504],[-63.19317,-17.42504],[-63.19316,-17.42504],[-63.19315,-17.42504],[-63.19315,-17.42503],[-63.19314,-17.42503]]},"properties":{"description":"MANZANOS","styleUrl":"#line2","stroke-opacity":1,"stroke":"#0000FF","stroke-width":1,"name":"FONDO"}},
{"type":"Feature","geometry":{"type":"LineString","coordinates":[[-63.19143,-17.4244],[-63.19144,-17.4244],[-63.19144,-17.42441],[-63.19145,-17.42441],[-63.19146,-17.42441],[-63.19146,-17.42442],[-63.19146,-17.42443],[-63.19147,-17.42443],[-63.19147,-17.42444],[-63.19147,-17.42445],[-63.19148,-17.42446],[-63.19148,-17.42447],[-63.19148,-17.42448],[-63.19147,-17.42448],[-63.19147,-17.42449],[-63.19147,-17.4245],[-63.19147,-17.42451]]},"properties":{"description":"MANZANOS","styleUrl":"#line2","stroke-opacity":1,"stroke":"#0000FF","stroke-width":1,"name":"FONDO"}},
{"type":"Feature","geometry":{"type":"LineString","coordinates":[[-63.19166,-17.42417],[-63.19165,-17.42417],[-63.19165,-17.42418],[-63.19164,-17.42418],[-63.19164,-17.42419],[-63.19163,-17.42419],[-63.19163,-17.4242],[-63.19162,-17.4242],[-63.19161,-17.4242],[-63.19161,-17.42421],[-63.1916,-17.42421],[-63.19159,-17.42421],[-63.19158,-17.42421],[-63.19157,-17.42421],[-63.19156,-17.42421],[-63.19156,-17.4242],[-63.19155,-17.4242],[-63.19154,-17.4242]]},"properties":{"description":"MANZANOS","styleUrl":"#line2","stroke-opacity":1,"stroke":"#0000FF","stroke-width":1,"name":"FONDO"}},
{"type":"Feature","geometry":{"type":"LineString","coordinates":[[-63.18996,-17.42375],[-63.18996,-17.42374],[-63.18996,-17.42373],[-63.18997,-17.42373],[-63.18997,-17.42372],[-63.18998,-17.42372],[-63.18998,-17.42371],[-63.18999,-17.42371],[-63.18999,-17.4237],[-63.19,-17.4237],[-63.19,-17.42369],[-63.19001,-17.42369],[-63.19002,-17.42369],[-63.19003,-17.42369],[-63.19003,-17.42368],[-63.19004,-17.42368],[-63.19005,-17.42368],[-63.19005,-17.42369],[-63.19006,-17.42369],[-63.19007,-17.42369],[-63.19008,-17.42369]]},"properties":{"description":"MANZANOS","styleUrl":"#line2","stroke-opacity":1,"stroke":"#0000FF","stroke-width":1,"name":"FONDO"}},
{"type":"Feature","geometry":{"type":"LineString","coordinates":[[-63.19009,-17.42344],[-63.19008,-17.42344],[-63.19008,-17.42343],[-63.19007,-17.42343],[-63.19007,-17.42342],[-63.19006,-17.42342],[-63.19006,-17.42341],[-63.19005,-17.42341],[-63.19005,-17.4234],[-63.19005,-17.42339],[-63.19004,-17.42339],[-63.19004,-17.42338],[-63.19004,-17.42337],[-63.19004,-17.42336],[-63.19004,-17.42335]]},"properties":{"description":"MANZANOS","styleUrl":"#line2","stroke-opacity":1,"stroke":"#0000FF","stroke-width":1,"name":"FONDO"}},
{"type":"Feature","geometry":{"type":"LineString","coordinates":[[-63.18982,-17.4233],[-63.18967,-17.42322]]},"properties":{"description":"MANZANOS","styleUrl":"#line2","stroke-opacity":1,"stroke":"#0000FF","stroke-width":1,"name":"FONDO"}},
{"type":"Feature","geometry":{"type":"LineString","coordinates":[[-63.18956,-17.42343],[-63.18957,-17.42343],[-63.18958,-17.42343],[-63.18959,-17.42343],[-63.18959,-17.42344]]},"properties":{"description":"MANZANOS","styleUrl":"#line2","stroke-opacity":1,"stroke":"#0000FF","stroke-width":1,"name":"FONDO"}},
{"type":"Feature","geometry":{"type":"LineString","coordinates":[[-63.18965,-17.42321],[-63.18965,-17.42322],[-63.18966,-17.42322],[-63.18967,-17.42322]]},"properties":{"description":"MANZANOS","styleUrl":"#line2","stroke-opacity":1,"stroke":"#0000FF","stroke-width":1,"name":"FONDO"}},
{"type":"Feature","geometry":{"type":"LineString","coordinates":[[-63.17581,-17.42173],[-63.17581,-17.42172],[-63.17582,-17.42172],[-63.17583,-17.42172],[-63.17583,-17.42171],[-63.17584,-17.42171],[-63.17585,-17.42171],[-63.17586,-17.42171],[-63.17586,-17.42172]]},"properties":{"description":"MANZANOS","styleUrl":"#line2","stroke-opacity":1,"stroke":"#0000FF","stroke-width":1,"name":"FONDO"}},
{"type":"Feature","geometry":{"type":"LineString","coordinates":[[-63.1759,-17.42046],[-63.17551,-17.42037]]},"properties":{"description":"MANZANOS","styleUrl":"#line2","stroke-opacity":1,"stroke":"#0000FF","stroke-width":1,"name":"FONDO"}},
{"type":"Feature","geometry":{"type":"LineString","coordinates":[[-63.17595,-17.42024],[-63.17557,-17.42015]]},"properties":{"description":"MANZANOS","styleUrl":"#line2","stroke-opacity":1,"stroke":"#0000FF","stroke-width":1,"name":"FONDO"}},
{"type":"Feature","geometry":{"type":"LineString","coordinates":[[-63.17557,-17.42015],[-63.17556,-17.42015],[-63.17556,-17.42014],[-63.17555,-17.42014],[-63.17554,-17.42014],[-63.17554,-17.42013],[-63.17553,-17.42013],[-63.17553,-17.42012],[-63.17552,-17.42012],[-63.17552,-17.42011],[-63.17551,-17.42011],[-63.17551,-17.4201],[-63.17551,-17.42009],[-63.17551,-17.42008],[-63.1755,-17.42008],[-63.1755,-17.42007],[-63.1755,-17.42006],[-63.1755,-17.42005],[-63.17551,-17.42005]]},"properties":{"description":"MANZANOS","styleUrl":"#line2","stroke-opacity":1,"stroke":"#0000FF","stroke-width":1,"name":"FONDO"}},
{"type":"Feature","geometry":{"type":"LineString","coordinates":[[-63.17605,-17.42018],[-63.17605,-17.42019],[-63.17605,-17.4202],[-63.17604,-17.4202],[-63.17604,-17.42021],[-63.17603,-17.42021],[-63.17603,-17.42022],[-63.17602,-17.42022],[-63.17602,-17.42023],[-63.17601,-17.42023],[-63.176,-17.42023],[-63.176,-17.42024],[-63.17599,-17.42024],[-63.17598,-17.42024],[-63.17597,-17.42024],[-63.17596,-17.42024],[-63.17595,-17.42024]]},"properties":{"description":"MANZANOS","styleUrl":"#line2","stroke-opacity":1,"stroke":"#0000FF","stroke-width":1,"name":"FONDO"}},
{"type":"Feature","geometry":{"type":"LineString","coordinates":[[-63.1759,-17.42046],[-63.17591,-17.42046],[-63.17592,-17.42046],[-63.17592,-17.42047],[-63.17593,-17.42047],[-63.17593,-17.42048],[-63.17594,-17.42048],[-63.17594,-17.42049],[-63.17595,-17.42049],[-63.17595,-17.4205],[-63.17596,-17.4205],[-63.17596,-17.42051],[-63.17596,-17.42052],[-63.17596,-17.42053],[-63.17596,-17.42054],[-63.17596,-17.42055],[-63.17596,-17.42056]]},"properties":{"description":"MANZANOS","styleUrl":"#line2","stroke-opacity":1,"stroke":"#0000FF","stroke-width":1,"name":"FONDO"}},
{"type":"Feature","geometry":{"type":"LineString","coordinates":[[-63.17541,-17.42043],[-63.17541,-17.42042],[-63.17541,-17.42041],[-63.17542,-17.42041],[-63.17542,-17.4204],[-63.17543,-17.4204],[-63.17543,-17.42039],[-63.17544,-17.42039],[-63.17544,-17.42038],[-63.17545,-17.42038],[-63.17545,-17.42037],[-63.17546,-17.42037],[-63.17547,-17.42037],[-63.17548,-17.42037],[-63.17548,-17.42036],[-63.17549,-17.42036],[-63.1755,-17.42036],[-63.17551,-17.42036],[-63.17551,-17.42037]]},"properties":{"description":"MANZANOS","styleUrl":"#line2","stroke-opacity":1,"stroke":"#0000FF","stroke-width":1,"name":"FONDO"}},
{"type":"Feature","geometry":{"type":"LineString","coordinates":[[-63.18029,-17.42265],[-63.17857,-17.42224]]},"properties":{"description":"MANZANOS","styleUrl":"#line2","stroke-opacity":1,"stroke":"#0000FF","stroke-width":1,"name":"FONDO"}},
{"type":"Feature","geometry":{"type":"LineString","coordinates":[[-63.18017,-17.42274],[-63.17854,-17.42235]]},"properties":{"description":"MANZANOS","styleUrl":"#line2","stroke-opacity":1,"stroke":"#0000FF","stroke-width":1,"name":"FONDO"}},
{"type":"Feature","geometry":{"type":"LineString","coordinates":[[-63.18021,-17.42284],[-63.18001,-17.42312]]},"properties":{"description":"MANZANOS","styleUrl":"#line2","stroke-opacity":1,"stroke":"#0000FF","stroke-width":1,"name":"FONDO"}},
{"type":"Feature","geometry":{"type":"LineString","coordinates":[[-63.17846,-17.4224],[-63.17838,-17.42271]]},"properties":{"description":"MANZANOS","styleUrl":"#line2","stroke-opacity":1,"stroke":"#0000FF","stroke-width":1,"name":"FONDO"}},
{"type":"Feature","geometry":{"type":"LineString","coordinates":[[-63.18017,-17.42274],[-63.18018,-17.42274],[-63.18019,-17.42274],[-63.18019,-17.42275],[-63.1802,-17.42275],[-63.1802,-17.42276],[-63.18021,-17.42276],[-63.18021,-17.42277],[-63.18022,-17.42277],[-63.18022,-17.42278],[-63.18022,-17.42279],[-63.18022,-17.4228],[-63.18022,-17.42281],[-63.18022,-17.42282],[-63.18022,-17.42283],[-63.18021,-17.42283],[-63.18021,-17.42284]]},"properties":{"description":"MANZANOS","styleUrl":"#line2","stroke-opacity":1,"stroke":"#0000FF","stroke-width":1,"name":"FONDO"}},
{"type":"Feature","geometry":{"type":"LineString","coordinates":[[-63.18036,-17.42262],[-63.18036,-17.42263],[-63.18035,-17.42263],[-63.18035,-17.42264],[-63.18034,-17.42264],[-63.18033,-17.42264],[-63.18033,-17.42265],[-63.18032,-17.42265],[-63.18031,-17.42265],[-63.1803,-17.42265],[-63.18029,-17.42265]]},"properties":{"description":"MANZANOS","styleUrl":"#line2","stroke-opacity":1,"stroke":"#0000FF","stroke-width":1,"name":"FONDO"}},
{"type":"Feature","geometry":{"type":"LineString","coordinates":[[-63.17846,-17.4224],[-63.17846,-17.42239],[-63.17847,-17.42239],[-63.17847,-17.42238],[-63.17847,-17.42237],[-63.17848,-17.42237],[-63.17848,-17.42236],[-63.17849,-17.42236],[-63.1785,-17.42236],[-63.1785,-17.42235],[-63.17851,-17.42235],[-63.17852,-17.42235],[-63.17853,-17.42235],[-63.17854,-17.42235]]},"properties":{"description":"MANZANOS","styleUrl":"#line2","stroke-opacity":1,"stroke":"#0000FF","stroke-width":1,"name":"FONDO"}},
{"type":"Feature","geometry":{"type":"LineString","coordinates":[[-63.17857,-17.42224],[-63.17856,-17.42224],[-63.17856,-17.42223],[-63.17855,-17.42223],[-63.17854,-17.42223],[-63.17854,-17.42222],[-63.17853,-17.42222],[-63.17853,-17.42221],[-63.17853,-17.4222],[-63.17852,-17.4222],[-63.17852,-17.42219],[-63.17852,-17.42218],[-63.17852,-17.42217],[-63.17852,-17.42216]]},"properties":{"description":"MANZANOS","styleUrl":"#line2","stroke-opacity":1,"stroke":"#0000FF","stroke-width":1,"name":"FONDO"}},
{"type":"Feature","geometry":{"type":"LineString","coordinates":[[-63.17994,-17.42315],[-63.17843,-17.42279]]},"properties":{"description":"MANZANOS","styleUrl":"#line2","stroke-opacity":1,"stroke":"#0000FF","stroke-width":1,"name":"FONDO"}},
{"type":"Feature","geometry":{"type":"LineString","coordinates":[[-63.17982,-17.42324],[-63.1784,-17.42291]]},"properties":{"description":"MANZANOS","styleUrl":"#line2","stroke-opacity":1,"stroke":"#0000FF","stroke-width":1,"name":"FONDO"}},
{"type":"Feature","geometry":{"type":"LineString","coordinates":[[-63.17832,-17.42295],[-63.17826,-17.4232]]},"properties":{"description":"MANZANOS","styleUrl":"#line2","stroke-opacity":1,"stroke":"#0000FF","stroke-width":1,"name":"FONDO"}},
{"type":"Feature","geometry":{"type":"LineString","coordinates":[[-63.17985,-17.42334],[-63.1797,-17.42355]]},"properties":{"description":"MANZANOS","styleUrl":"#line2","stroke-opacity":1,"stroke":"#0000FF","stroke-width":1,"name":"FONDO"}},
{"type":"Feature","geometry":{"type":"LineString","coordinates":[[-63.17982,-17.42324],[-63.17983,-17.42324],[-63.17983,-17.42325],[-63.17984,-17.42325],[-63.17984,-17.42326],[-63.17985,-17.42326],[-63.17985,-17.42327],[-63.17986,-17.42327],[-63.17986,-17.42328],[-63.17986,-17.42329],[-63.17987,-17.42329],[-63.17987,-17.4233],[-63.17987,-17.42331],[-63.17986,-17.42331],[-63.17986,-17.42332],[-63.17986,-17.42333],[-63.17986,-17.42334],[-63.17985,-17.42334]]},"properties":{"description":"MANZANOS","styleUrl":"#line2","stroke-opacity":1,"stroke":"#0000FF","stroke-width":1,"name":"FONDO"}},
{"type":"Feature","geometry":{"type":"LineString","coordinates":[[-63.18001,-17.42312],[-63.18001,-17.42313],[-63.18,-17.42313],[-63.18,-17.42314],[-63.17999,-17.42314],[-63.17998,-17.42314],[-63.17998,-17.42315],[-63.17997,-17.42315],[-63.17996,-17.42315],[-63.17995,-17.42315],[-63.17994,-17.42315]]},"properties":{"description":"MANZANOS","styleUrl":"#line2","stroke-opacity":1,"stroke":"#0000FF","stroke-width":1,"name":"FONDO"}},
{"type":"Feature","geometry":{"type":"LineString","coordinates":[[-63.17843,-17.42279],[-63.17842,-17.42279],[-63.17841,-17.42279],[-63.17841,-17.42278],[-63.1784,-17.42278],[-63.1784,-17.42277],[-63.17839,-17.42277],[-63.17839,-17.42276],[-63.17838,-17.42276],[-63.17838,-17.42275],[-63.17838,-17.42274],[-63.17838,-17.42273],[-63.17838,-17.42272],[-63.17838,-17.42271]]},"properties":{"description":"MANZANOS","styleUrl":"#line2","stroke-opacity":1,"stroke":"#0000FF","stroke-width":1,"name":"FONDO"}},
{"type":"Feature","geometry":{"type":"LineString","coordinates":[[-63.17832,-17.42295],[-63.17832,-17.42294],[-63.17833,-17.42294],[-63.17833,-17.42293],[-63.17834,-17.42293],[-63.17834,-17.42292],[-63.17835,-17.42292],[-63.17835,-17.42291],[-63.17836,-17.42291],[-63.17837,-17.42291],[-63.17837,-17.4229],[-63.17838,-17.4229],[-63.17839,-17.4229],[-63.1784,-17.4229],[-63.1784,-17.42291]]},"properties":{"description":"MANZANOS","styleUrl":"#line2","stroke-opacity":1,"stroke":"#0000FF","stroke-width":1,"name":"FONDO"}},
{"type":"Feature","geometry":{"type":"LineString","coordinates":[[-63.18415,-17.42351],[-63.18363,-17.42341]]},"properties":{"description":"MANZANOS","styleUrl":"#line2","stroke-opacity":1,"stroke":"#0000FF","stroke-width":1,"name":"FONDO"}},
{"type":"Feature","geometry":{"type":"LineString","coordinates":[[-63.18477,-17.4225],[-63.18429,-17.4224]]},"properties":{"description":"MANZANOS","styleUrl":"#line2","stroke-opacity":1,"stroke":"#0000FF","stroke-width":1,"name":"FONDO"}},
{"type":"Feature","geometry":{"type":"LineString","coordinates":[[-63.18499,-17.42259],[-63.18474,-17.42295]]},"properties":{"description":"MANZANOS","styleUrl":"#line2","stroke-opacity":1,"stroke":"#0000FF","stroke-width":1,"name":"FONDO"}},
{"type":"Feature","geometry":{"type":"LineString","coordinates":[[-63.18458,-17.42317],[-63.18437,-17.42346]]},"properties":{"description":"MANZANOS","styleUrl":"#line2","stroke-opacity":1,"stroke":"#0000FF","stroke-width":1,"name":"FONDO"}},
{"type":"Feature","geometry":{"type":"LineString","coordinates":[[-63.18442,-17.42356],[-63.18441,-17.42356],[-63.1844,-17.42356],[-63.1844,-17.42355],[-63.18439,-17.42355],[-63.18438,-17.42355],[-63.18438,-17.42354],[-63.18437,-17.42354],[-63.18437,-17.42353],[-63.18437,-17.42352],[-63.18436,-17.42352],[-63.18436,-17.42351],[-63.18436,-17.4235],[-63.18436,-17.42349],[-63.18436,-17.42348],[-63.18437,-17.42348],[-63.18437,-17.42347],[-63.18437,-17.42346]]},"properties":{"description":"MANZANOS","styleUrl":"#line2","stroke-opacity":1,"stroke":"#0000FF","stroke-width":1,"name":"FONDO"}},
{"type":"Feature","geometry":{"type":"LineString","coordinates":[[-63.18458,-17.42317],[-63.18459,-17.42317],[-63.18459,-17.42316],[-63.1846,-17.42316],[-63.1846,-17.42315],[-63.18461,-17.42315],[-63.18462,-17.42315],[-63.18463,-17.42315],[-63.18463,-17.42314],[-63.18464,-17.42314],[-63.18465,-17.42315]]},"properties":{"description":"MANZANOS","styleUrl":"#line2","stroke-opacity":1,"stroke":"#0000FF","stroke-width":1,"name":"FONDO"}},
{"type":"Feature","geometry":{"type":"LineString","coordinates":[[-63.18478,-17.42305],[-63.18477,-17.42305],[-63.18476,-17.42305],[-63.18476,-17.42304],[-63.18475,-17.42304],[-63.18474,-17.42303],[-63.18474,-17.42302],[-63.18473,-17.42302],[-63.18473,-17.42301],[-63.18473,-17.423],[-63.18472,-17.423],[-63.18472,-17.42299],[-63.18472,-17.42298],[-63.18473,-17.42298],[-63.18473,-17.42297],[-63.18473,-17.42296],[-63.18473,-17.42295],[-63.18474,-17.42295]]},"properties":{"description":"MANZANOS","styleUrl":"#line2","stroke-opacity":1,"stroke":"#0000FF","stroke-width":1,"name":"FONDO"}},
{"type":"Feature","geometry":{"type":"LineString","coordinates":[[-63.18499,-17.42259],[-63.185,-17.42259],[-63.185,-17.42258],[-63.18501,-17.42258],[-63.18501,-17.42257],[-63.18502,-17.42257],[-63.18502,-17.42256],[-63.18503,-17.42256],[-63.18504,-17.42256],[-63.18505,-17.42256],[-63.18505,-17.42255],[-63.18506,-17.42255],[-63.18507,-17.42255],[-63.18507,-17.42256],[-63.18508,-17.42256]]},"properties":{"description":"MANZANOS","styleUrl":"#line2","stroke-opacity":1,"stroke":"#0000FF","stroke-width":1,"name":"FONDO"}},
{"type":"Feature","geometry":{"type":"LineString","coordinates":[[-63.18482,-17.42262],[-63.18421,-17.42348]]},"properties":{"description":"MANZANOS","styleUrl":"#line2","stroke-opacity":1,"stroke":"#0000FF","stroke-width":1,"name":"FONDO"}},
{"type":"Feature","geometry":{"type":"LineString","coordinates":[[-63.18477,-17.4225],[-63.18478,-17.4225],[-63.18479,-17.4225],[-63.1848,-17.42251],[-63.18481,-17.42251],[-63.18481,-17.42252],[-63.18482,-17.42252],[-63.18482,-17.42253],[-63.18483,-17.42253],[-63.18483,-17.42254],[-63.18483,-17.42255],[-63.18483,-17.42256],[-63.18484,-17.42256],[-63.18484,-17.42257],[-63.18484,-17.42258],[-63.18484,-17.42259],[-63.18483,-17.42259],[-63.18483,-17.4226],[-63.18483,-17.42261],[-63.18483,-17.42262],[-63.18482,-17.42262]]},"properties":{"description":"MANZANOS","styleUrl":"#line2","stroke-opacity":1,"stroke":"#0000FF","stroke-width":1,"name":"FONDO"}},
{"type":"Feature","geometry":{"type":"LineString","coordinates":[[-63.18421,-17.42348],[-63.18421,-17.42349],[-63.1842,-17.42349],[-63.1842,-17.4235],[-63.18419,-17.4235],[-63.18418,-17.4235],[-63.18418,-17.42351],[-63.18417,-17.42351],[-63.18416,-17.42351],[-63.18415,-17.42351]]},"properties":{"description":"MANZANOS","styleUrl":"#line2","stroke-opacity":1,"stroke":"#0000FF","stroke-width":1,"name":"FONDO"}},
{"type":"Feature","geometry":{"type":"LineString","coordinates":[[-63.18363,-17.42341],[-63.18362,-17.42341],[-63.18361,-17.4234],[-63.1836,-17.4234],[-63.1836,-17.42339],[-63.18359,-17.42339],[-63.18359,-17.42338],[-63.18358,-17.42338],[-63.18358,-17.42337],[-63.18358,-17.42336],[-63.18357,-17.42336],[-63.18357,-17.42335],[-63.18357,-17.42334],[-63.18357,-17.42333],[-63.18358,-17.42333],[-63.18358,-17.42332],[-63.18358,-17.42331],[-63.18359,-17.42331]]},"properties":{"description":"MANZANOS","styleUrl":"#line2","stroke-opacity":1,"stroke":"#0000FF","stroke-width":1,"name":"FONDO"}},
{"type":"Feature","geometry":{"type":"LineString","coordinates":[[-63.18982,-17.42355],[-63.18959,-17.42344]]},"properties":{"description":"MANZANOS","styleUrl":"#line2","stroke-opacity":1,"stroke":"#0000FF","stroke-width":1,"name":"FONDO"}},
{"type":"Feature","geometry":{"type":"LineString","coordinates":[[-63.19009,-17.42221],[-63.18738,-17.42168]]},"properties":{"description":"MANZANOS","styleUrl":"#line2","stroke-opacity":1,"stroke":"#0000FF","stroke-width":1,"name":"FONDO"}},
{"type":"Feature","geometry":{"type":"LineString","coordinates":[[-63.18979,-17.42396],[-63.18986,-17.42364]]},"properties":{"description":"MANZANOS","styleUrl":"#line2","stroke-opacity":1,"stroke":"#0000FF","stroke-width":1,"name":"FONDO"}},
{"type":"Feature","geometry":{"type":"LineString","coordinates":[[-63.18994,-17.42324],[-63.19004,-17.4228]]},"properties":{"description":"MANZANOS","styleUrl":"#line2","stroke-opacity":1,"stroke":"#0000FF","stroke-width":1,"name":"FONDO"}},
{"type":"Feature","geometry":{"type":"LineString","coordinates":[[-63.19009,-17.42256],[-63.19008,-17.42256],[-63.19008,-17.42257],[-63.19008,-17.42258],[-63.19007,-17.42258],[-63.19007,-17.42259],[-63.19007,-17.4226],[-63.19006,-17.4226],[-63.19005,-17.4226],[-63.19005,-17.42261],[-63.19004,-17.42261],[-63.19003,-17.42261],[-63.19002,-17.42261],[-63.19001,-17.42261]]},"properties":{"description":"MANZANOS","styleUrl":"#line2","stroke-opacity":1,"stroke":"#0000FF","stroke-width":1,"name":"FONDO"}},
{"type":"Feature","geometry":{"type":"LineString","coordinates":[[-63.18998,-17.42273],[-63.18999,-17.42273],[-63.19,-17.42273],[-63.19001,-17.42273],[-63.19001,-17.42274],[-63.19002,-17.42274],[-63.19002,-17.42275],[-63.19003,-17.42275],[-63.19003,-17.42276],[-63.19003,-17.42277],[-63.19004,-17.42277],[-63.19004,-17.42278],[-63.19004,-17.42279],[-63.19004,-17.4228]]},"properties":{"description":"MANZANOS","styleUrl":"#line2","stroke-opacity":1,"stroke":"#0000FF","stroke-width":1,"name":"FONDO"}},
{"type":"Feature","geometry":{"type":"LineString","coordinates":[[-63.18979,-17.42396],[-63.18979,-17.42397],[-63.18979,-17.42398],[-63.18978,-17.42398],[-63.18978,-17.42399],[-63.18977,-17.42399],[-63.18977,-17.424],[-63.18976,-17.424],[-63.18975,-17.424],[-63.18975,-17.42401],[-63.18974,-17.42401],[-63.18973,-17.42401],[-63.18972,-17.42401],[-63.18971,-17.42401]]},"properties":{"description":"MANZANOS","styleUrl":"#line2","stroke-opacity":1,"stroke":"#0000FF","stroke-width":1,"name":"FONDO"}},
{"type":"Feature","geometry":{"type":"LineString","coordinates":[[-63.18969,-17.42412],[-63.18969,-17.42413],[-63.1897,-17.42413],[-63.18971,-17.42413],[-63.18971,-17.42414],[-63.18972,-17.42414],[-63.18972,-17.42415],[-63.18973,-17.42415],[-63.18973,-17.42416],[-63.18974,-17.42416],[-63.18974,-17.42417],[-63.18974,-17.42418],[-63.18974,-17.42419],[-63.18974,-17.4242]]},"properties":{"description":"MANZANOS","styleUrl":"#line2","stroke-opacity":1,"stroke":"#0000FF","stroke-width":1,"name":"FONDO"}},
{"type":"Feature","geometry":{"type":"LineString","coordinates":[[-63.18982,-17.42355],[-63.18982,-17.42356],[-63.18983,-17.42356],[-63.18983,-17.42357],[-63.18984,-17.42357],[-63.18984,-17.42358],[-63.18985,-17.42358],[-63.18985,-17.42359],[-63.18985,-17.4236],[-63.18986,-17.4236],[-63.18986,-17.42361],[-63.18986,-17.42362],[-63.18986,-17.42363],[-63.18986,-17.42364]]},"properties":{"description":"MANZANOS","styleUrl":"#line2","stroke-opacity":1,"stroke":"#0000FF","stroke-width":1,"name":"FONDO"}},
{"type":"Feature","geometry":{"type":"LineString","coordinates":[[-63.18994,-17.42324],[-63.18994,-17.42325],[-63.18994,-17.42326],[-63.18993,-17.42326],[-63.18993,-17.42327],[-63.18993,-17.42328],[-63.18992,-17.42328],[-63.18992,-17.42329],[-63.18991,-17.42329],[-63.1899,-17.4233],[-63.18989,-17.4233],[-63.18988,-17.4233],[-63.18988,-17.42331],[-63.18987,-17.42331],[-63.18986,-17.42331],[-63.18985,-17.42331],[-63.18984,-17.42331],[-63.18983,-17.42331],[-63.18983,-17.4233],[-63.18982,-17.4233]]},"properties":{"description":"MANZANOS","styleUrl":"#line2","stroke-opacity":1,"stroke":"#0000FF","stroke-width":1,"name":"FONDO"}},
{"type":"Feature","geometry":{"type":"LineString","coordinates":[[-63.18974,-17.4242],[-63.18972,-17.42428]]},"properties":{"description":"MANZANOS","styleUrl":"#line2","stroke-opacity":1,"stroke":"#0000FF","stroke-width":1,"name":"FONDO"}},
{"type":"Feature","geometry":{"type":"LineString","coordinates":[[-63.19014,-17.42229],[-63.19009,-17.42256]]},"properties":{"description":"MANZANOS","styleUrl":"#line2","stroke-opacity":1,"stroke":"#0000FF","stroke-width":1,"name":"FONDO"}},
{"type":"Feature","geometry":{"type":"LineString","coordinates":[[-63.19009,-17.42221],[-63.1901,-17.42221],[-63.1901,-17.42222],[-63.19011,-17.42222],[-63.19012,-17.42222],[-63.19012,-17.42223],[-63.19013,-17.42223],[-63.19013,-17.42224],[-63.19014,-17.42224],[-63.19014,-17.42225],[-63.19014,-17.42226],[-63.19014,-17.42227],[-63.19014,-17.42228],[-63.19014,-17.42229]]},"properties":{"description":"MANZANOS","styleUrl":"#line2","stroke-opacity":1,"stroke":"#0000FF","stroke-width":1,"name":"FONDO"}},
{"type":"Feature","geometry":{"type":"LineString","coordinates":[[-63.18686,-17.42259],[-63.18694,-17.4222]]},"properties":{"description":"MANZANOS","styleUrl":"#line2","stroke-opacity":1,"stroke":"#0000FF","stroke-width":1,"name":"FONDO"}},
{"type":"Feature","geometry":{"type":"LineString","coordinates":[[-63.18699,-17.42196],[-63.18706,-17.42166]]},"properties":{"description":"MANZANOS","styleUrl":"#line2","stroke-opacity":1,"stroke":"#0000FF","stroke-width":1,"name":"FONDO"}},
{"type":"Feature","geometry":{"type":"LineString","coordinates":[[-63.1867,-17.42333],[-63.18678,-17.42297]]},"properties":{"description":"MANZANOS","styleUrl":"#line2","stroke-opacity":1,"stroke":"#0000FF","stroke-width":1,"name":"FONDO"}},
{"type":"Feature","geometry":{"type":"LineString","coordinates":[[-63.18671,-17.42287],[-63.18672,-17.42287],[-63.18672,-17.42288],[-63.18673,-17.42288],[-63.18674,-17.42288],[-63.18674,-17.42289],[-63.18675,-17.42289],[-63.18676,-17.42289],[-63.18676,-17.4229],[-63.18677,-17.4229],[-63.18677,-17.42291],[-63.18677,-17.42292],[-63.18678,-17.42292],[-63.18678,-17.42293],[-63.18678,-17.42294],[-63.18678,-17.42295],[-63.18678,-17.42296],[-63.18678,-17.42297]]},"properties":{"description":"MANZANOS","styleUrl":"#line2","stroke-opacity":1,"stroke":"#0000FF","stroke-width":1,"name":"FONDO"}},
{"type":"Feature","geometry":{"type":"LineString","coordinates":[[-63.18686,-17.42259],[-63.18686,-17.4226],[-63.18686,-17.42261],[-63.18685,-17.42261],[-63.18685,-17.42262],[-63.18684,-17.42262],[-63.18684,-17.42263],[-63.18683,-17.42263],[-63.18683,-17.42264],[-63.18682,-17.42264],[-63.18682,-17.42265],[-63.18681,-17.42265],[-63.1868,-17.42265],[-63.18679,-17.42265],[-63.18678,-17.42265],[-63.18677,-17.42265],[-63.18676,-17.42265]]},"properties":{"description":"MANZANOS","styleUrl":"#line2","stroke-opacity":1,"stroke":"#0000FF","stroke-width":1,"name":"FONDO"}},
{"type":"Feature","geometry":{"type":"LineString","coordinates":[[-63.18689,-17.42212],[-63.18689,-17.42213],[-63.1869,-17.42213],[-63.18691,-17.42213],[-63.18692,-17.42213],[-63.18692,-17.42214],[-63.18693,-17.42214],[-63.18693,-17.42215],[-63.18694,-17.42215],[-63.18694,-17.42216],[-63.18694,-17.42217],[-63.18694,-17.42218],[-63.18694,-17.42219],[-63.18694,-17.4222]]},"properties":{"description":"MANZANOS","styleUrl":"#line2","stroke-opacity":1,"stroke":"#0000FF","stroke-width":1,"name":"FONDO"}},
{"type":"Feature","geometry":{"type":"LineString","coordinates":[[-63.18699,-17.42196],[-63.18699,-17.42197],[-63.18699,-17.42198],[-63.18698,-17.42198],[-63.18698,-17.42199],[-63.18697,-17.42199],[-63.18697,-17.422],[-63.18696,-17.422],[-63.18696,-17.42201],[-63.18695,-17.42201],[-63.18694,-17.42201],[-63.18693,-17.42201],[-63.18692,-17.42201]]},"properties":{"description":"MANZANOS","styleUrl":"#line2","stroke-opacity":1,"stroke":"#0000FF","stroke-width":1,"name":"FONDO"}},
{"type":"Feature","geometry":{"type":"LineString","coordinates":[[-63.18728,-17.42175],[-63.18728,-17.42174],[-63.18728,-17.42173],[-63.18729,-17.42173],[-63.18729,-17.42172],[-63.18729,-17.42171],[-63.1873,-17.42171],[-63.1873,-17.4217],[-63.18731,-17.4217],[-63.18732,-17.4217],[-63.18732,-17.42169],[-63.18733,-17.42169],[-63.18734,-17.42169],[-63.18734,-17.42168],[-63.18735,-17.42168],[-63.18736,-17.42168],[-63.18737,-17.42168],[-63.18738,-17.42168]]},"properties":{"description":"MANZANOS","styleUrl":"#line2","stroke-opacity":1,"stroke":"#0000FF","stroke-width":1,"name":"FONDO"}},
{"type":"Feature","geometry":{"type":"LineString","coordinates":[[-63.18699,-17.42156],[-63.18514,-17.4212]]},"properties":{"description":"MANZANOS","styleUrl":"#line2","stroke-opacity":1,"stroke":"#0000FF","stroke-width":1,"name":"FONDO"}},
{"type":"Feature","geometry":{"type":"LineString","coordinates":[[-63.18699,-17.42156],[-63.187,-17.42156],[-63.187,-17.42157],[-63.18701,-17.42157],[-63.18702,-17.42157],[-63.18702,-17.42158],[-63.18703,-17.42158],[-63.18703,-17.42159],[-63.18704,-17.42159],[-63.18704,-17.4216],[-63.18705,-17.4216],[-63.18705,-17.42161],[-63.18705,-17.42162],[-63.18706,-17.42162],[-63.18706,-17.42163],[-63.18706,-17.42164],[-63.18706,-17.42165],[-63.18706,-17.42166]]},"properties":{"description":"MANZANOS","styleUrl":"#line2","stroke-opacity":1,"stroke":"#0000FF","stroke-width":1,"name":"FONDO"}},
{"type":"Feature","geometry":{"type":"LineString","coordinates":[[-63.18483,-17.42114],[-63.18441,-17.42106]]},"properties":{"description":"MANZANOS","styleUrl":"#line2","stroke-opacity":1,"stroke":"#0000FF","stroke-width":1,"name":"FONDO"}},
{"type":"Feature","geometry":{"type":"LineString","coordinates":[[-63.18376,-17.421],[-63.18322,-17.42177]]},"properties":{"description":"MANZANOS","styleUrl":"#line2","stroke-opacity":1,"stroke":"#0000FF","stroke-width":1,"name":"FONDO"}},
{"type":"Feature","geometry":{"type":"LineString","coordinates":[[-63.18317,-17.42071],[-63.18247,-17.4217]]},"properties":{"description":"MANZANOS","styleUrl":"#line2","stroke-opacity":1,"stroke":"#0000FF","stroke-width":1,"name":"FONDO"}},
{"type":"Feature","geometry":{"type":"LineString","coordinates":[[-63.1829,-17.42222],[-63.18172,-17.42389]]},"properties":{"description":"MANZANOS","styleUrl":"#line2","stroke-opacity":1,"stroke":"#0000FF","stroke-width":1,"name":"FONDO"}},
{"type":"Feature","geometry":{"type":"LineString","coordinates":[[-63.1829,-17.42222],[-63.1829,-17.42221],[-63.18291,-17.42221],[-63.18291,-17.4222],[-63.18292,-17.4222],[-63.18292,-17.42219],[-63.18293,-17.42219],[-63.18293,-17.42218],[-63.18294,-17.42218],[-63.18295,-17.42218],[-63.18295,-17.42217],[-63.18296,-17.42217],[-63.18297,-17.42217],[-63.18298,-17.42216],[-63.18299,-17.42216],[-63.183,-17.42216],[-63.18301,-17.42216],[-63.18302,-17.42216],[-63.18303,-17.42216],[-63.18304,-17.42216],[-63.18305,-17.42216]]},"properties":{"description":"MANZANOS","styleUrl":"#line2","stroke-opacity":1,"stroke":"#0000FF","stroke-width":1,"name":"FONDO"}},
{"type":"Feature","geometry":{"type":"LineString","coordinates":[[-63.18331,-17.42198],[-63.1833,-17.42198],[-63.18329,-17.42198],[-63.18328,-17.42197],[-63.18327,-17.42197],[-63.18326,-17.42197],[-63.18326,-17.42196],[-63.18325,-17.42196],[-63.18325,-17.42195],[-63.18324,-17.42195],[-63.18323,-17.42194],[-63.18323,-17.42193],[-63.18322,-17.42193],[-63.18322,-17.42192],[-63.18321,-17.42192],[-63.18321,-17.42191],[-63.18321,-17.4219],[-63.1832,-17.4219],[-63.1832,-17.42189],[-63.1832,-17.42188],[-63.1832,-17.42187],[-63.18319,-17.42187],[-63.18319,-17.42186],[-63.18319,-17.42185],[-63.18319,-17.42184],[-63.18319,-17.42183],[-63.1832,-17.42182],[-63.1832,-17.42181],[-63.1832,-17.4218],[-63.1832,-17.42179],[-63.18321,-17.42179],[-63.18321,-17.42178],[-63.18322,-17.42177]]},"properties":{"description":"MANZANOS","styleUrl":"#line2","stroke-opacity":1,"stroke":"#0000FF","stroke-width":1,"name":"FONDO"}},
{"type":"Feature","geometry":{"type":"LineString","coordinates":[[-63.1818,-17.4241],[-63.18179,-17.4241],[-63.18178,-17.42409],[-63.18177,-17.42409],[-63.18176,-17.42409],[-63.18176,-17.42408],[-63.18175,-17.42408],[-63.18175,-17.42407],[-63.18174,-17.42407],[-63.18173,-17.42406],[-63.18172,-17.42405],[-63.18172,-17.42404],[-63.18171,-17.42404],[-63.18171,-17.42403],[-63.18171,-17.42402],[-63.1817,-17.42402],[-63.1817,-17.42401],[-63.1817,-17.424],[-63.1817,-17.42399],[-63.18169,-17.42399],[-63.18169,-17.42398],[-63.18169,-17.42397],[-63.18169,-17.42396],[-63.18169,-17.42395],[-63.18169,-17.42394],[-63.1817,-17.42394],[-63.1817,-17.42393],[-63.1817,-17.42392],[-63.1817,-17.42391],[-63.18171,-17.42391],[-63.18171,-17.4239],[-63.18172,-17.42389]]},"properties":{"description":"MANZANOS","styleUrl":"#line2","stroke-opacity":1,"stroke":"#0000FF","stroke-width":1,"name":"FONDO"}},
{"type":"Feature","geometry":{"type":"LineString","coordinates":[[-63.18347,-17.42229],[-63.18221,-17.42408]]},"properties":{"description":"MANZANOS","styleUrl":"#line2","stroke-opacity":1,"stroke":"#0000FF","stroke-width":1,"name":"FONDO"}},
{"type":"Feature","geometry":{"type":"LineString","coordinates":[[-63.1833,-17.42233],[-63.18205,-17.4241]]},"properties":{"description":"MANZANOS","styleUrl":"#line2","stroke-opacity":1,"stroke":"#0000FF","stroke-width":1,"name":"FONDO"}},
{"type":"Feature","geometry":{"type":"LineString","coordinates":[[-63.18325,-17.4222],[-63.18305,-17.42216]]},"properties":{"description":"MANZANOS","styleUrl":"#line2","stroke-opacity":1,"stroke":"#0000FF","stroke-width":1,"name":"FONDO"}},
{"type":"Feature","geometry":{"type":"LineString","coordinates":[[-63.18347,-17.42229],[-63.18348,-17.42229],[-63.18348,-17.42228],[-63.18349,-17.42228],[-63.18349,-17.42227],[-63.1835,-17.42227],[-63.18351,-17.42227],[-63.18351,-17.42226],[-63.18352,-17.42226],[-63.18353,-17.42226],[-63.18354,-17.42226],[-63.18355,-17.42226],[-63.18356,-17.42226]]},"properties":{"description":"MANZANOS","styleUrl":"#line2","stroke-opacity":1,"stroke":"#0000FF","stroke-width":1,"name":"FONDO"}},
{"type":"Feature","geometry":{"type":"LineString","coordinates":[[-63.18325,-17.4222],[-63.18326,-17.4222],[-63.18327,-17.4222],[-63.18327,-17.42221],[-63.18328,-17.42221],[-63.18328,-17.42222],[-63.18329,-17.42222],[-63.1833,-17.42223],[-63.1833,-17.42224],[-63.18331,-17.42224],[-63.18331,-17.42225],[-63.18331,-17.42226],[-63.18332,-17.42226],[-63.18332,-17.42227],[-63.18332,-17.42228],[-63.18332,-17.42229],[-63.18332,-17.4223],[-63.18331,-17.4223],[-63.18331,-17.42231],[-63.18331,-17.42232],[-63.1833,-17.42232],[-63.1833,-17.42233]]},"properties":{"description":"MANZANOS","styleUrl":"#line2","stroke-opacity":1,"stroke":"#0000FF","stroke-width":1,"name":"FONDO"}},
{"type":"Feature","geometry":{"type":"LineString","coordinates":[[-63.18196,-17.42413],[-63.1818,-17.4241]]},"properties":{"description":"MANZANOS","styleUrl":"#line2","stroke-opacity":1,"stroke":"#0000FF","stroke-width":1,"name":"FONDO"}},
{"type":"Feature","geometry":{"type":"LineString","coordinates":[[-63.18226,-17.4242],[-63.18225,-17.4242],[-63.18224,-17.4242],[-63.18224,-17.42419],[-63.18223,-17.42419],[-63.18222,-17.42418],[-63.18221,-17.42418],[-63.18221,-17.42417],[-63.18221,-17.42416],[-63.1822,-17.42416],[-63.1822,-17.42415],[-63.1822,-17.42414],[-63.1822,-17.42413],[-63.1822,-17.42412],[-63.1822,-17.42411],[-63.1822,-17.4241],[-63.1822,-17.42409],[-63.18221,-17.42409],[-63.18221,-17.42408]]},"properties":{"description":"MANZANOS","styleUrl":"#line2","stroke-opacity":1,"stroke":"#0000FF","stroke-width":1,"name":"FONDO"}},
{"type":"Feature","geometry":{"type":"LineString","coordinates":[[-63.18205,-17.4241],[-63.18204,-17.4241],[-63.18204,-17.42411],[-63.18203,-17.42411],[-63.18203,-17.42412],[-63.18202,-17.42412],[-63.18202,-17.42413],[-63.18201,-17.42413],[-63.182,-17.42413],[-63.18199,-17.42414],[-63.18198,-17.42414],[-63.18197,-17.42414],[-63.18196,-17.42414],[-63.18196,-17.42413]]},"properties":{"description":"MANZANOS","styleUrl":"#line2","stroke-opacity":1,"stroke":"#0000FF","stroke-width":1,"name":"FONDO"}},
{"type":"Feature","geometry":{"type":"LineString","coordinates":[[-63.18216,-17.42213],[-63.18098,-17.4238]]},"properties":{"description":"MANZANOS","styleUrl":"#line2","stroke-opacity":1,"stroke":"#0000FF","stroke-width":1,"name":"FONDO"}},
{"type":"Feature","geometry":{"type":"LineString","coordinates":[[-63.18208,-17.42193],[-63.18209,-17.42193],[-63.1821,-17.42193],[-63.18211,-17.42194],[-63.18212,-17.42194],[-63.18212,-17.42195],[-63.18213,-17.42195],[-63.18214,-17.42195],[-63.18214,-17.42196],[-63.18215,-17.42196],[-63.18215,-17.42197],[-63.18216,-17.42197],[-63.18216,-17.42198],[-63.18217,-17.42198],[-63.18217,-17.42199],[-63.18217,-17.422],[-63.18218,-17.422],[-63.18218,-17.42201],[-63.18218,-17.42202],[-63.18218,-17.42203],[-63.18219,-17.42203],[-63.18219,-17.42204],[-63.18219,-17.42205],[-63.18219,-17.42206],[-63.18219,-17.42207],[-63.18219,-17.42208],[-63.18219,-17.42209],[-63.18218,-17.42209],[-63.18218,-17.4221],[-63.18218,-17.42211],[-63.18217,-17.42212],[-63.18217,-17.42213],[-63.18216,-17.42213]]},"properties":{"description":"MANZANOS","styleUrl":"#line2","stroke-opacity":1,"stroke":"#0000FF","stroke-width":1,"name":"FONDO"}},
{"type":"Feature","geometry":{"type":"LineString","coordinates":[[-63.18247,-17.4217],[-63.18247,-17.42171],[-63.18246,-17.42171],[-63.18246,-17.42172],[-63.18245,-17.42172],[-63.18245,-17.42173],[-63.18244,-17.42173],[-63.18243,-17.42173],[-63.18243,-17.42174],[-63.18242,-17.42174],[-63.18241,-17.42174],[-63.18241,-17.42175],[-63.1824,-17.42175],[-63.18239,-17.42175],[-63.18238,-17.42175],[-63.18237,-17.42175],[-63.18237,-17.42176],[-63.18236,-17.42176],[-63.18235,-17.42176],[-63.18234,-17.42176],[-63.18234,-17.42175],[-63.18233,-17.42175],[-63.18232,-17.42175]]},"properties":{"description":"MANZANOS","styleUrl":"#line2","stroke-opacity":1,"stroke":"#0000FF","stroke-width":1,"name":"FONDO"}},
{"type":"Feature","geometry":{"type":"LineString","coordinates":[[-63.18432,-17.42109],[-63.18372,-17.42195]]},"properties":{"description":"MANZANOS","styleUrl":"#line2","stroke-opacity":1,"stroke":"#0000FF","stroke-width":1,"name":"FONDO"}},
{"type":"Feature","geometry":{"type":"LineString","coordinates":[[-63.18415,-17.42113],[-63.18355,-17.42198]]},"properties":{"description":"MANZANOS","styleUrl":"#line2","stroke-opacity":1,"stroke":"#0000FF","stroke-width":1,"name":"FONDO"}},
{"type":"Feature","geometry":{"type":"LineString","coordinates":[[-63.18346,-17.42201],[-63.18331,-17.42198]]},"properties":{"description":"MANZANOS","styleUrl":"#line2","stroke-opacity":1,"stroke":"#0000FF","stroke-width":1,"name":"FONDO"}},
{"type":"Feature","geometry":{"type":"LineString","coordinates":[[-63.18377,-17.42207],[-63.18376,-17.42207],[-63.18375,-17.42207],[-63.18375,-17.42206],[-63.18374,-17.42206],[-63.18374,-17.42205],[-63.18373,-17.42205],[-63.18373,-17.42204],[-63.18372,-17.42204],[-63.18372,-17.42203],[-63.18371,-17.42203],[-63.18371,-17.42202],[-63.18371,-17.42201],[-63.18371,-17.422],[-63.18371,-17.42199],[-63.18371,-17.42198],[-63.18371,-17.42197],[-63.18371,-17.42196],[-63.18371,-17.42195],[-63.18372,-17.42195]]},"properties":{"description":"MANZANOS","styleUrl":"#line2","stroke-opacity":1,"stroke":"#0000FF","stroke-width":1,"name":"FONDO"}},
{"type":"Feature","geometry":{"type":"LineString","coordinates":[[-63.18355,-17.42198],[-63.18354,-17.42198],[-63.18354,-17.42199],[-63.18353,-17.42199],[-63.18353,-17.422],[-63.18352,-17.422],[-63.18352,-17.42201],[-63.18351,-17.42201],[-63.1835,-17.42201],[-63.18349,-17.42201],[-63.18348,-17.42201],[-63.18347,-17.42201],[-63.18346,-17.42201]]},"properties":{"description":"MANZANOS","styleUrl":"#line2","stroke-opacity":1,"stroke":"#0000FF","stroke-width":1,"name":"FONDO"}},
{"type":"Feature","geometry":{"type":"LineString","coordinates":[[-63.1841,-17.421],[-63.18388,-17.42096]]},"properties":{"description":"MANZANOS","styleUrl":"#line2","stroke-opacity":1,"stroke":"#0000FF","stroke-width":1,"name":"FONDO"}},
{"type":"Feature","geometry":{"type":"LineString","coordinates":[[-63.18505,-17.42124],[-63.18505,-17.42123],[-63.18506,-17.42123],[-63.18506,-17.42122],[-63.18507,-17.42122],[-63.18508,-17.42122],[-63.18508,-17.42121],[-63.18509,-17.42121],[-63.1851,-17.42121],[-63.1851,-17.4212],[-63.18511,-17.4212],[-63.18512,-17.4212],[-63.18513,-17.4212],[-63.18514,-17.4212]]},"properties":{"description":"MANZANOS","styleUrl":"#line2","stroke-opacity":1,"stroke":"#0000FF","stroke-width":1,"name":"FONDO"}},
{"type":"Feature","geometry":{"type":"LineString","coordinates":[[-63.18483,-17.42114],[-63.18484,-17.42114],[-63.18484,-17.42115],[-63.18485,-17.42115],[-63.18486,-17.42115],[-63.18486,-17.42116],[-63.18487,-17.42116],[-63.18487,-17.42117],[-63.18488,-17.42117],[-63.18488,-17.42118],[-63.18489,-17.42118],[-63.18489,-17.42119],[-63.18489,-17.4212],[-63.1849,-17.4212],[-63.1849,-17.42121],[-63.1849,-17.42122],[-63.1849,-17.42123],[-63.1849,-17.42124],[-63.18489,-17.42124],[-63.18489,-17.42125],[-63.18489,-17.42126],[-63.18489,-17.42127],[-63.18488,-17.42127]]},"properties":{"description":"MANZANOS","styleUrl":"#line2","stroke-opacity":1,"stroke":"#0000FF","stroke-width":1,"name":"FONDO"}},
{"type":"Feature","geometry":{"type":"LineString","coordinates":[[-63.18432,-17.42109],[-63.18433,-17.42109],[-63.18433,-17.42108],[-63.18434,-17.42108],[-63.18434,-17.42107],[-63.18435,-17.42107],[-63.18436,-17.42107],[-63.18436,-17.42106],[-63.18437,-17.42106],[-63.18438,-17.42106],[-63.18439,-17.42106],[-63.1844,-17.42106],[-63.18441,-17.42106]]},"properties":{"description":"MANZANOS","styleUrl":"#line2","stroke-opacity":1,"stroke":"#0000FF","stroke-width":1,"name":"FONDO"}},
{"type":"Feature","geometry":{"type":"LineString","coordinates":[[-63.1841,-17.421],[-63.18411,-17.421],[-63.18411,-17.42101],[-63.18412,-17.42101],[-63.18413,-17.42101],[-63.18413,-17.42102],[-63.18414,-17.42102],[-63.18414,-17.42103],[-63.18415,-17.42103],[-63.18415,-17.42104],[-63.18416,-17.42104],[-63.18416,-17.42105],[-63.18416,-17.42106],[-63.18417,-17.42106],[-63.18417,-17.42107],[-63.18417,-17.42108],[-63.18417,-17.42109],[-63.18417,-17.4211],[-63.18416,-17.4211],[-63.18416,-17.42111],[-63.18416,-17.42112],[-63.18415,-17.42112],[-63.18415,-17.42113]]},"properties":{"description":"MANZANOS","styleUrl":"#line2","stroke-opacity":1,"stroke":"#0000FF","stroke-width":1,"name":"FONDO"}},
{"type":"Feature","geometry":{"type":"LineString","coordinates":[[-63.18376,-17.421],[-63.18377,-17.421],[-63.18377,-17.42099],[-63.18378,-17.42099],[-63.18378,-17.42098],[-63.18379,-17.42098],[-63.18379,-17.42097],[-63.1838,-17.42097],[-63.18381,-17.42097],[-63.18381,-17.42096],[-63.18382,-17.42096],[-63.18383,-17.42096],[-63.18384,-17.42096],[-63.18385,-17.42096],[-63.18386,-17.42096],[-63.18387,-17.42096],[-63.18388,-17.42096]]},"properties":{"description":"MANZANOS","styleUrl":"#line2","stroke-opacity":1,"stroke":"#0000FF","stroke-width":1,"name":"FONDO"}},
{"type":"Feature","geometry":{"type":"LineString","coordinates":[[-63.18167,-17.42194],[-63.18042,-17.42371]]},"properties":{"description":"MANZANOS","styleUrl":"#line2","stroke-opacity":1,"stroke":"#0000FF","stroke-width":1,"name":"FONDO"}},
{"type":"Feature","geometry":{"type":"LineString","coordinates":[[-63.18263,-17.42059],[-63.18192,-17.4216]]},"properties":{"description":"MANZANOS","styleUrl":"#line2","stroke-opacity":1,"stroke":"#0000FF","stroke-width":1,"name":"FONDO"}},
{"type":"Feature","geometry":{"type":"LineString","coordinates":[[-63.18276,-17.42062],[-63.18208,-17.42158]]},"properties":{"description":"MANZANOS","styleUrl":"#line2","stroke-opacity":1,"stroke":"#0000FF","stroke-width":1,"name":"FONDO"}},
{"type":"Feature","geometry":{"type":"LineString","coordinates":[[-63.18184,-17.42192],[-63.18058,-17.42369]]},"properties":{"description":"MANZANOS","styleUrl":"#line2","stroke-opacity":1,"stroke":"#0000FF","stroke-width":1,"name":"FONDO"}},
{"type":"Feature","geometry":{"type":"LineString","coordinates":[[-63.18162,-17.42182],[-63.18121,-17.42172]]},"properties":{"description":"MANZANOS","styleUrl":"#line2","stroke-opacity":1,"stroke":"#0000FF","stroke-width":1,"name":"FONDO"}},
{"type":"Feature","geometry":{"type":"LineString","coordinates":[[-63.18183,-17.42163],[-63.18142,-17.42154]]},"properties":{"description":"MANZANOS","styleUrl":"#line2","stroke-opacity":1,"stroke":"#0000FF","stroke-width":1,"name":"FONDO"}},
{"type":"Feature","geometry":{"type":"LineString","coordinates":[[-63.18184,-17.42192],[-63.18184,-17.42191],[-63.18185,-17.42191],[-63.18185,-17.4219],[-63.18186,-17.4219],[-63.18187,-17.4219],[-63.18187,-17.42189],[-63.18188,-17.42189],[-63.18189,-17.42189],[-63.1819,-17.42189],[-63.18191,-17.42189],[-63.18192,-17.42189],[-63.18193,-17.42189]]},"properties":{"description":"MANZANOS","styleUrl":"#line2","stroke-opacity":1,"stroke":"#0000FF","stroke-width":1,"name":"FONDO"}},
{"type":"Feature","geometry":{"type":"LineString","coordinates":[[-63.18162,-17.42182],[-63.18163,-17.42182],[-63.18164,-17.42182],[-63.18164,-17.42183],[-63.18165,-17.42183],[-63.18166,-17.42183],[-63.18166,-17.42184],[-63.18167,-17.42184],[-63.18167,-17.42185],[-63.18168,-17.42185],[-63.18168,-17.42186],[-63.18168,-17.42187],[-63.18168,-17.42188],[-63.18169,-17.42188],[-63.18169,-17.42189],[-63.18169,-17.4219],[-63.18169,-17.42191],[-63.18169,-17.42192],[-63.18168,-17.42192],[-63.18168,-17.42193],[-63.18168,-17.42194],[-63.18167,-17.42194]]},"properties":{"description":"MANZANOS","styleUrl":"#line2","stroke-opacity":1,"stroke":"#0000FF","stroke-width":1,"name":"FONDO"}},
{"type":"Feature","geometry":{"type":"LineString","coordinates":[[-63.18213,-17.42171],[-63.18213,-17.4217],[-63.18212,-17.4217],[-63.18211,-17.4217],[-63.1821,-17.4217],[-63.1821,-17.42169],[-63.18209,-17.42169],[-63.18209,-17.42168],[-63.18208,-17.42168],[-63.18208,-17.42167],[-63.18207,-17.42167],[-63.18207,-17.42166],[-63.18207,-17.42165],[-63.18207,-17.42164],[-63.18206,-17.42164],[-63.18206,-17.42163],[-63.18206,-17.42162],[-63.18206,-17.42161],[-63.18207,-17.42161],[-63.18207,-17.4216],[-63.18207,-17.42159],[-63.18207,-17.42158],[-63.18208,-17.42158]]},"properties":{"description":"MANZANOS","styleUrl":"#line2","stroke-opacity":1,"stroke":"#0000FF","stroke-width":1,"name":"FONDO"}},
{"type":"Feature","geometry":{"type":"LineString","coordinates":[[-63.18192,-17.4216],[-63.18191,-17.4216],[-63.18191,-17.42161],[-63.1819,-17.42161],[-63.1819,-17.42162],[-63.18189,-17.42162],[-63.18189,-17.42163],[-63.18188,-17.42163],[-63.18187,-17.42163],[-63.18186,-17.42163],[-63.18186,-17.42164],[-63.18185,-17.42164],[-63.18184,-17.42164],[-63.18183,-17.42164],[-63.18183,-17.42163]]},"properties":{"description":"MANZANOS","styleUrl":"#line2","stroke-opacity":1,"stroke":"#0000FF","stroke-width":1,"name":"FONDO"}},
{"type":"Feature","geometry":{"type":"LineString","coordinates":[[-63.18033,-17.42375],[-63.17992,-17.42365]]},"properties":{"description":"MANZANOS","styleUrl":"#line2","stroke-opacity":1,"stroke":"#0000FF","stroke-width":1,"name":"FONDO"}},
{"type":"Feature","geometry":{"type":"LineString","coordinates":[[-63.18063,-17.42382],[-63.18063,-17.42381],[-63.18062,-17.42381],[-63.18061,-17.42381],[-63.18061,-17.4238],[-63.1806,-17.4238],[-63.18059,-17.4238],[-63.18059,-17.42379],[-63.18059,-17.42378],[-63.18058,-17.42378],[-63.18058,-17.42377],[-63.18057,-17.42377],[-63.18057,-17.42376],[-63.18057,-17.42375],[-63.18057,-17.42374],[-63.18057,-17.42373],[-63.18057,-17.42372],[-63.18057,-17.42371],[-63.18058,-17.42371],[-63.18058,-17.4237],[-63.18058,-17.42369]]},"properties":{"description":"MANZANOS","styleUrl":"#line2","stroke-opacity":1,"stroke":"#0000FF","stroke-width":1,"name":"FONDO"}},
{"type":"Feature","geometry":{"type":"LineString","coordinates":[[-63.18042,-17.42371],[-63.18042,-17.42372],[-63.18041,-17.42372],[-63.18041,-17.42373],[-63.1804,-17.42373],[-63.1804,-17.42374],[-63.18039,-17.42374],[-63.18038,-17.42374],[-63.18038,-17.42375],[-63.18037,-17.42375],[-63.18036,-17.42375],[-63.18035,-17.42375],[-63.18034,-17.42375],[-63.18033,-17.42375]]},"properties":{"description":"MANZANOS","styleUrl":"#line2","stroke-opacity":1,"stroke":"#0000FF","stroke-width":1,"name":"FONDO"}},
{"type":"Feature","geometry":{"type":"LineString","coordinates":[[-63.18098,-17.4238],[-63.18098,-17.42381],[-63.18097,-17.42381],[-63.18097,-17.42382],[-63.18096,-17.42382],[-63.18096,-17.42383],[-63.18095,-17.42383],[-63.18095,-17.42384],[-63.18094,-17.42384],[-63.18094,-17.42385],[-63.18093,-17.42385],[-63.18092,-17.42385],[-63.18092,-17.42386],[-63.18091,-17.42386],[-63.1809,-17.42386],[-63.18089,-17.42386],[-63.18088,-17.42386],[-63.18087,-17.42386],[-63.18086,-17.42386],[-63.18085,-17.42386],[-63.18084,-17.42386],[-63.18083,-17.42386]]},"properties":{"description":"MANZANOS","styleUrl":"#line2","stroke-opacity":1,"stroke":"#0000FF","stroke-width":1,"name":"FONDO"}},
{"type":"Feature","geometry":{"type":"LineString","coordinates":[[-63.19154,-17.4242],[-63.19009,-17.42344]]},"properties":{"description":"MANZANOS","styleUrl":"#line2","stroke-opacity":1,"stroke":"#0000FF","stroke-width":1,"name":"FONDO"}},
{"type":"Feature","geometry":{"type":"LineString","coordinates":[[-63.18178,-17.41879],[-63.18167,-17.4189]]},"properties":{"description":"0","styleUrl":"#line3","stroke-opacity":1,"stroke":"#000000","stroke-width":1,"name":"FONDO"}},
{"type":"Feature","geometry":{"type":"LineString","coordinates":[[-63.18178,-17.4189],[-63.18167,-17.41879]]},"properties":{"description":"0","styleUrl":"#line3","stroke-opacity":1,"stroke":"#000000","stroke-width":1,"name":"FONDO"}},
{"type":"Feature","geometry":{"type":"LineString","coordinates":[[-63.18173,-17.41873],[-63.18173,-17.41872],[-63.18174,-17.41872],[-63.18174,-17.41871],[-63.18175,-17.41871],[-63.18175,-17.4187],[-63.18176,-17.4187],[-63.18177,-17.4187],[-63.18178,-17.4187],[-63.18179,-17.4187],[-63.18179,-17.41869],[-63.1818,-17.41869],[-63.1818,-17.4187],[-63.18181,-17.4187],[-63.18182,-17.4187],[-63.18183,-17.4187],[-63.18184,-17.4187],[-63.18184,-17.41871],[-63.18185,-17.41871],[-63.18185,-17.41872],[-63.18186,-17.41872],[-63.18186,-17.41873],[-63.18187,-17.41873],[-63.18187,-17.41874],[-63.18188,-17.41875],[-63.18188,-17.41876],[-63.18188,-17.41877],[-63.18188,-17.41878],[-63.18188,-17.41879],[-63.18188,-17.4188],[-63.18188,-17.41881],[-63.18187,-17.41882],[-63.18187,-17.41883],[-63.18186,-17.41883],[-63.18186,-17.41884],[-63.18185,-17.41884],[-63.18185,-17.41885]]},"properties":{"description":"0","styleUrl":"#line3","stroke-opacity":1,"stroke":"#000000","stroke-width":1,"name":"FONDO"}},
{"type":"Feature","geometry":{"type":"LineString","coordinates":[[-63.18173,-17.41896],[-63.18173,-17.41897],[-63.18174,-17.41897],[-63.18174,-17.41896],[-63.18175,-17.41896],[-63.18176,-17.41896],[-63.18177,-17.41896],[-63.18178,-17.41896],[-63.18179,-17.41896],[-63.18179,-17.41895],[-63.1818,-17.41895],[-63.18181,-17.41895],[-63.18181,-17.41894],[-63.18182,-17.41894],[-63.18182,-17.41893],[-63.18183,-17.41893],[-63.18183,-17.41892],[-63.18184,-17.41892],[-63.18184,-17.41891],[-63.18185,-17.41891],[-63.18185,-17.4189],[-63.18186,-17.4189],[-63.18186,-17.41889],[-63.18186,-17.41888],[-63.18186,-17.41887],[-63.18187,-17.41887],[-63.18187,-17.41886],[-63.18187,-17.41885],[-63.18187,-17.41884],[-63.18187,-17.41883],[-63.18187,-17.41882],[-63.18187,-17.41881],[-63.18187,-17.4188],[-63.18186,-17.4188],[-63.18186,-17.41879],[-63.18186,-17.41878],[-63.18185,-17.41878],[-63.18185,-17.41877],[-63.18185,-17.41876],[-63.18184,-17.41876],[-63.18184,-17.41875],[-63.18183,-17.41875],[-63.18183,-17.41874],[-63.18182,-17.41874],[-63.18182,-17.41873],[-63.18181,-17.41873],[-63.1818,-17.41872],[-63.18179,-17.41872],[-63.18178,-17.41871],[-63.18177,-17.41871],[-63.18176,-17.41871],[-63.18175,-17.41871],[-63.18174,-17.41871],[-63.18173,-17.41871],[-63.18172,-17.41871],[-63.18171,-17.41871],[-63.1817,-17.41871],[-63.18169,-17.41871],[-63.18169,-17.41872],[-63.18168,-17.41872],[-63.18167,-17.41872],[-63.18167,-17.41873],[-63.18166,-17.41873],[-63.18165,-17.41873],[-63.18165,-17.41874],[-63.18164,-17.41874],[-63.18164,-17.41875],[-63.18163,-17.41875],[-63.18163,-17.41876],[-63.18162,-17.41876],[-63.18162,-17.41877],[-63.18162,-17.41878],[-63.18161,-17.41878],[-63.18161,-17.41879],[-63.18161,-17.4188],[-63.1816,-17.41881],[-63.1816,-17.41882],[-63.1816,-17.41883],[-63.1816,-17.41884],[-63.1816,-17.41885]]},"properties":{"description":"0","styleUrl":"#line3","stroke-opacity":1,"stroke":"#000000","stroke-width":1,"name":"FONDO"}},
{"type":"Feature","geometry":{"type":"LineString","coordinates":[[-63.18171,-17.41886],[-63.18173,-17.41896]]},"properties":{"description":"0","styleUrl":"#line3","stroke-opacity":1,"stroke":"#000000","stroke-width":1,"name":"FONDO"}},
{"type":"Feature","geometry":{"type":"LineString","coordinates":[[-63.18171,-17.41883],[-63.18173,-17.41873],[-63.18173,-17.41885],[-63.18171,-17.41883]]},"properties":{"description":"0","styleUrl":"#line3","stroke-opacity":1,"stroke":"#000000","stroke-width":1,"name":"FONDO"}},
{"type":"Feature","geometry":{"type":"LineString","coordinates":[[-63.18173,-17.41885],[-63.18171,-17.41883],[-63.18173,-17.41873],[-63.18173,-17.41885],[-63.18161,-17.41885],[-63.18171,-17.41886],[-63.18174,-17.41883],[-63.18184,-17.41885],[-63.18173,-17.41885],[-63.18174,-17.41886],[-63.18173,-17.41896],[-63.18173,-17.41885]]},"properties":{"description":"0","styleUrl":"#line3","stroke-opacity":1,"stroke":"#000000","stroke-width":1,"name":"FONDO"}},
{"type":"Feature","geometry":{"type":"LineString","coordinates":[[-63.18184,-17.41885],[-63.18161,-17.41885]]},"properties":{"description":"0","styleUrl":"#line3","stroke-opacity":1,"stroke":"#000000","stroke-width":1,"name":"FONDO"}},
{"type":"Feature","geometry":{"type":"LineString","coordinates":[[-63.18174,-17.41882],[-63.18178,-17.41879],[-63.18175,-17.41883]]},"properties":{"description":"0","styleUrl":"#line3","stroke-opacity":1,"stroke":"#000000","stroke-width":1,"name":"FONDO"}},
{"type":"Feature","geometry":{"type":"LineString","coordinates":[[-63.18173,-17.41873],[-63.18174,-17.41883]]},"properties":{"description":"0","styleUrl":"#line3","stroke-opacity":1,"stroke":"#000000","stroke-width":1,"name":"FONDO"}},
{"type":"Feature","geometry":{"type":"LineString","coordinates":[[-63.18173,-17.41896],[-63.18173,-17.41873]]},"properties":{"description":"0","styleUrl":"#line3","stroke-opacity":1,"stroke":"#000000","stroke-width":1,"name":"FONDO"}},
{"type":"Feature","geometry":{"type":"LineString","coordinates":[[-63.18174,-17.41886],[-63.18184,-17.41885]]},"properties":{"description":"0","styleUrl":"#line3","stroke-opacity":1,"stroke":"#000000","stroke-width":1,"name":"FONDO"}},
{"type":"Feature","geometry":{"type":"LineString","coordinates":[[-63.18184,-17.41885],[-63.18187,-17.41885]]},"properties":{"description":"0","styleUrl":"#line3","stroke-opacity":1,"stroke":"#000000","stroke-width":1,"name":"FONDO"}},
{"type":"Feature","geometry":{"type":"LineString","coordinates":[[-63.18173,-17.41896],[-63.18173,-17.41899]]},"properties":{"description":"0","styleUrl":"#line3","stroke-opacity":1,"stroke":"#000000","stroke-width":1,"name":"FONDO"}},
{"type":"Feature","geometry":{"type":"LineString","coordinates":[[-63.18175,-17.41886],[-63.18178,-17.4189],[-63.18174,-17.41887]]},"properties":{"description":"0","styleUrl":"#line3","stroke-opacity":1,"stroke":"#000000","stroke-width":1,"name":"FONDO"}},
{"type":"Feature","geometry":{"type":"LineString","coordinates":[[-63.18173,-17.41873],[-63.18173,-17.41867]]},"properties":{"description":"0","styleUrl":"#line3","stroke-opacity":1,"stroke":"#000000","stroke-width":1,"name":"FONDO"}},
{"type":"Feature","geometry":{"type":"LineString","coordinates":[[-63.1817,-17.41883],[-63.18167,-17.41879],[-63.18171,-17.41882]]},"properties":{"description":"0","styleUrl":"#line3","stroke-opacity":1,"stroke":"#000000","stroke-width":1,"name":"FONDO"}},
{"type":"Feature","geometry":{"type":"LineString","coordinates":[[-63.18171,-17.41883],[-63.18161,-17.41885]]},"properties":{"description":"0","styleUrl":"#line3","stroke-opacity":1,"stroke":"#000000","stroke-width":1,"name":"FONDO"}},
{"type":"Feature","geometry":{"type":"LineString","coordinates":[[-63.1817,-17.41886],[-63.18167,-17.4189],[-63.18171,-17.41887]]},"properties":{"description":"0","styleUrl":"#line3","stroke-opacity":1,"stroke":"#000000","stroke-width":1,"name":"FONDO"}},
{"type":"Feature","geometry":{"type":"LineString","coordinates":[[-63.18161,-17.41885],[-63.18157,-17.41885]]},"properties":{"description":"0","styleUrl":"#line3","stroke-opacity":1,"stroke":"#000000","stroke-width":1,"name":"FONDO"}},
{"type":"Feature","geometry":{"type":"LineString","coordinates":[[-63.19414,-17.42603],[-63.19358,-17.42573]]},"properties":{"description":"LOTE","styleUrl":"#line3","stroke-opacity":1,"stroke":"#000000","stroke-width":1,"name":"FONDO"}},
{"type":"Feature","geometry":{"type":"LineString","coordinates":[[-63.19361,-17.42553],[-63.19354,-17.42591]]},"properties":{"description":"LOTE","styleUrl":"#line3","stroke-opacity":1,"stroke":"#000000","stroke-width":1,"name":"FONDO"}},
{"type":"Feature","geometry":{"type":"LineString","coordinates":[[-63.19338,-17.42582],[-63.19345,-17.42545]]},"properties":{"description":"LOTE","styleUrl":"#line3","stroke-opacity":1,"stroke":"#000000","stroke-width":1,"name":"FONDO"}},
{"type":"Feature","geometry":{"type":"LineString","coordinates":[[-63.19353,-17.42549],[-63.19346,-17.42586]]},"properties":{"description":"LOTE","styleUrl":"#line3","stroke-opacity":1,"stroke":"#000000","stroke-width":1,"name":"FONDO"}},
{"type":"Feature","geometry":{"type":"LineString","coordinates":[[-63.19431,-17.42513],[-63.19343,-17.42473]]},"properties":{"description":"LOTE","styleUrl":"#line3","stroke-opacity":1,"stroke":"#000000","stroke-width":1,"name":"FONDO"}},
{"type":"Feature","geometry":{"type":"LineString","coordinates":[[-63.19428,-17.42531],[-63.19371,-17.42505]]},"properties":{"description":"LOTE","styleUrl":"#line3","stroke-opacity":1,"stroke":"#000000","stroke-width":1,"name":"FONDO"}},
{"type":"Feature","geometry":{"type":"LineString","coordinates":[[-63.19435,-17.42496],[-63.19347,-17.42455]]},"properties":{"description":"LOTE","styleUrl":"#line3","stroke-opacity":1,"stroke":"#000000","stroke-width":1,"name":"FONDO"}},
{"type":"Feature","geometry":{"type":"LineString","coordinates":[[-63.19381,-17.42452],[-63.19366,-17.4253]]},"properties":{"description":"LOTE","styleUrl":"#line3","stroke-opacity":1,"stroke":"#000000","stroke-width":1,"name":"FONDO"}},
{"type":"Feature","geometry":{"type":"LineString","coordinates":[[-63.19379,-17.42461],[-63.19348,-17.42447]]},"properties":{"description":"LOTE","styleUrl":"#line3","stroke-opacity":1,"stroke":"#000000","stroke-width":1,"name":"FONDO"}},
{"type":"Feature","geometry":{"type":"LineString","coordinates":[[-63.19345,-17.42464],[-63.19376,-17.42478]]},"properties":{"description":"LOTE","styleUrl":"#line3","stroke-opacity":1,"stroke":"#000000","stroke-width":1,"name":"FONDO"}},
{"type":"Feature","geometry":{"type":"LineString","coordinates":[[-63.19355,-17.42488],[-63.19349,-17.42521]]},"properties":{"description":"LOTE","styleUrl":"#line3","stroke-opacity":1,"stroke":"#000000","stroke-width":1,"name":"FONDO"}},
{"type":"Feature","geometry":{"type":"LineString","coordinates":[[-63.19358,-17.42526],[-63.19364,-17.42492]]},"properties":{"description":"LOTE","styleUrl":"#line3","stroke-opacity":1,"stroke":"#000000","stroke-width":1,"name":"FONDO"}},
{"type":"Feature","geometry":{"type":"LineString","coordinates":[[-63.19157,-17.42488],[-63.19175,-17.42457]]},"properties":{"description":"LOTE","styleUrl":"#line3","stroke-opacity":1,"stroke":"#000000","stroke-width":1,"name":"FONDO"}},
{"type":"Feature","geometry":{"type":"LineString","coordinates":[[-63.19119,-17.42468],[-63.19137,-17.42436]]},"properties":{"description":"LOTE","styleUrl":"#line3","stroke-opacity":1,"stroke":"#000000","stroke-width":1,"name":"FONDO"}},
{"type":"Feature","geometry":{"type":"LineString","coordinates":[[-63.19187,-17.42437],[-63.19219,-17.4238]]},"properties":{"description":"LOTE","styleUrl":"#line3","stroke-opacity":1,"stroke":"#000000","stroke-width":1,"name":"FONDO"}},
{"type":"Feature","geometry":{"type":"LineString","coordinates":[[-63.19195,-17.42441],[-63.19227,-17.42385]]},"properties":{"description":"LOTE","styleUrl":"#line3","stroke-opacity":1,"stroke":"#000000","stroke-width":1,"name":"FONDO"}},
{"type":"Feature","geometry":{"type":"LineString","coordinates":[[-63.19203,-17.42445],[-63.19235,-17.42389]]},"properties":{"description":"LOTE","styleUrl":"#line3","stroke-opacity":1,"stroke":"#000000","stroke-width":1,"name":"FONDO"}},
{"type":"Feature","geometry":{"type":"LineString","coordinates":[[-63.19166,-17.42493],[-63.19184,-17.42461]]},"properties":{"description":"LOTE","styleUrl":"#line3","stroke-opacity":1,"stroke":"#000000","stroke-width":1,"name":"FONDO"}},
{"type":"Feature","geometry":{"type":"LineString","coordinates":[[-63.19212,-17.4245],[-63.19243,-17.42393]]},"properties":{"description":"LOTE","styleUrl":"#line3","stroke-opacity":1,"stroke":"#000000","stroke-width":1,"name":"FONDO"}},
{"type":"Feature","geometry":{"type":"LineString","coordinates":[[-63.1922,-17.42454],[-63.19252,-17.42397]]},"properties":{"description":"LOTE","styleUrl":"#line3","stroke-opacity":1,"stroke":"#000000","stroke-width":1,"name":"FONDO"}},
{"type":"Feature","geometry":{"type":"LineString","coordinates":[[-63.19228,-17.42458],[-63.1926,-17.42402]]},"properties":{"description":"LOTE","styleUrl":"#line3","stroke-opacity":1,"stroke":"#000000","stroke-width":1,"name":"FONDO"}},
{"type":"Feature","geometry":{"type":"LineString","coordinates":[[-63.19236,-17.42463],[-63.19268,-17.42406]]},"properties":{"description":"LOTE","styleUrl":"#line3","stroke-opacity":1,"stroke":"#000000","stroke-width":1,"name":"FONDO"}},
{"type":"Feature","geometry":{"type":"LineString","coordinates":[[-63.19245,-17.42467],[-63.19277,-17.4241]]},"properties":{"description":"LOTE","styleUrl":"#line3","stroke-opacity":1,"stroke":"#000000","stroke-width":1,"name":"FONDO"}},
{"type":"Feature","geometry":{"type":"LineString","coordinates":[[-63.19253,-17.42471],[-63.19285,-17.42415]]},"properties":{"description":"LOTE","styleUrl":"#line3","stroke-opacity":1,"stroke":"#000000","stroke-width":1,"name":"FONDO"}},
{"type":"Feature","geometry":{"type":"LineString","coordinates":[[-63.19261,-17.42475],[-63.19293,-17.42419]]},"properties":{"description":"LOTE","styleUrl":"#line3","stroke-opacity":1,"stroke":"#000000","stroke-width":1,"name":"FONDO"}},
{"type":"Feature","geometry":{"type":"LineString","coordinates":[[-63.19269,-17.4248],[-63.19301,-17.42423]]},"properties":{"description":"LOTE","styleUrl":"#line3","stroke-opacity":1,"stroke":"#000000","stroke-width":1,"name":"FONDO"}},
{"type":"Feature","geometry":{"type":"LineString","coordinates":[[-63.19278,-17.42484],[-63.1931,-17.42428]]},"properties":{"description":"LOTE","styleUrl":"#line3","stroke-opacity":1,"stroke":"#000000","stroke-width":1,"name":"FONDO"}},
{"type":"Feature","geometry":{"type":"LineString","coordinates":[[-63.19286,-17.42488],[-63.19318,-17.42432]]},"properties":{"description":"LOTE","styleUrl":"#line3","stroke-opacity":1,"stroke":"#000000","stroke-width":1,"name":"FONDO"}},
{"type":"Feature","geometry":{"type":"LineString","coordinates":[[-63.19294,-17.42493],[-63.19326,-17.42436]]},"properties":{"description":"LOTE","styleUrl":"#line3","stroke-opacity":1,"stroke":"#000000","stroke-width":1,"name":"FONDO"}},
{"type":"Feature","geometry":{"type":"LineString","coordinates":[[-63.19303,-17.42497],[-63.19321,-17.42465]]},"properties":{"description":"LOTE","styleUrl":"#line3","stroke-opacity":1,"stroke":"#000000","stroke-width":1,"name":"FONDO"}},
{"type":"Feature","geometry":{"type":"LineString","coordinates":[[-63.19148,-17.42416],[-63.1918,-17.4236]]},"properties":{"description":"LOTE","styleUrl":"#line3","stroke-opacity":1,"stroke":"#000000","stroke-width":1,"name":"FONDO"}},
{"type":"Feature","geometry":{"type":"LineString","coordinates":[[-63.1914,-17.42412],[-63.19171,-17.42356]]},"properties":{"description":"LOTE","styleUrl":"#line3","stroke-opacity":1,"stroke":"#000000","stroke-width":1,"name":"FONDO"}},
{"type":"Feature","geometry":{"type":"LineString","coordinates":[[-63.19131,-17.42408],[-63.19163,-17.42351]]},"properties":{"description":"LOTE","styleUrl":"#line3","stroke-opacity":1,"stroke":"#000000","stroke-width":1,"name":"FONDO"}},
{"type":"Feature","geometry":{"type":"LineString","coordinates":[[-63.19123,-17.42403],[-63.19155,-17.42347]]},"properties":{"description":"LOTE","styleUrl":"#line3","stroke-opacity":1,"stroke":"#000000","stroke-width":1,"name":"FONDO"}},
{"type":"Feature","geometry":{"type":"LineString","coordinates":[[-63.19115,-17.42399],[-63.19147,-17.42343]]},"properties":{"description":"LOTE","styleUrl":"#line3","stroke-opacity":1,"stroke":"#000000","stroke-width":1,"name":"FONDO"}},
{"type":"Feature","geometry":{"type":"LineString","coordinates":[[-63.19106,-17.42395],[-63.19138,-17.42338]]},"properties":{"description":"LOTE","styleUrl":"#line3","stroke-opacity":1,"stroke":"#000000","stroke-width":1,"name":"FONDO"}},
{"type":"Feature","geometry":{"type":"LineString","coordinates":[[-63.19098,-17.42391],[-63.1913,-17.42334]]},"properties":{"description":"LOTE","styleUrl":"#line3","stroke-opacity":1,"stroke":"#000000","stroke-width":1,"name":"FONDO"}},
{"type":"Feature","geometry":{"type":"LineString","coordinates":[[-63.1909,-17.42386],[-63.19122,-17.4233]]},"properties":{"description":"LOTE","styleUrl":"#line3","stroke-opacity":1,"stroke":"#000000","stroke-width":1,"name":"FONDO"}},
{"type":"Feature","geometry":{"type":"LineString","coordinates":[[-63.19082,-17.42382],[-63.19113,-17.42325]]},"properties":{"description":"LOTE","styleUrl":"#line3","stroke-opacity":1,"stroke":"#000000","stroke-width":1,"name":"FONDO"}},
{"type":"Feature","geometry":{"type":"LineString","coordinates":[[-63.19073,-17.42378],[-63.19105,-17.42321]]},"properties":{"description":"LOTE","styleUrl":"#line3","stroke-opacity":1,"stroke":"#000000","stroke-width":1,"name":"FONDO"}},
{"type":"Feature","geometry":{"type":"LineString","coordinates":[[-63.19065,-17.42373],[-63.19097,-17.42317]]},"properties":{"description":"LOTE","styleUrl":"#line3","stroke-opacity":1,"stroke":"#000000","stroke-width":1,"name":"FONDO"}},
{"type":"Feature","geometry":{"type":"LineString","coordinates":[[-63.19057,-17.42369],[-63.19089,-17.42313]]},"properties":{"description":"LOTE","styleUrl":"#line3","stroke-opacity":1,"stroke":"#000000","stroke-width":1,"name":"FONDO"}},
{"type":"Feature","geometry":{"type":"LineString","coordinates":[[-63.19048,-17.42365],[-63.1908,-17.42308]]},"properties":{"description":"LOTE","styleUrl":"#line3","stroke-opacity":1,"stroke":"#000000","stroke-width":1,"name":"FONDO"}},
{"type":"Feature","geometry":{"type":"LineString","coordinates":[[-63.1904,-17.4236],[-63.19072,-17.42304]]},"properties":{"description":"LOTE","styleUrl":"#line3","stroke-opacity":1,"stroke":"#000000","stroke-width":1,"name":"FONDO"}},
{"type":"Feature","geometry":{"type":"LineString","coordinates":[[-63.19032,-17.42356],[-63.19064,-17.423]]},"properties":{"description":"LOTE","styleUrl":"#line3","stroke-opacity":1,"stroke":"#000000","stroke-width":1,"name":"FONDO"}},
{"type":"Feature","geometry":{"type":"LineString","coordinates":[[-63.19024,-17.42352],[-63.19056,-17.42295]]},"properties":{"description":"LOTE","styleUrl":"#line3","stroke-opacity":1,"stroke":"#000000","stroke-width":1,"name":"FONDO"}},
{"type":"Feature","geometry":{"type":"LineString","coordinates":[[-63.19015,-17.42347],[-63.19047,-17.42291]]},"properties":{"description":"LOTE","styleUrl":"#line3","stroke-opacity":1,"stroke":"#000000","stroke-width":1,"name":"FONDO"}},
{"type":"Feature","geometry":{"type":"LineString","coordinates":[[-63.19025,-17.42311],[-63.19039,-17.42287]]},"properties":{"description":"LOTE","styleUrl":"#line3","stroke-opacity":1,"stroke":"#000000","stroke-width":1,"name":"FONDO"}},
{"type":"Feature","geometry":{"type":"LineString","coordinates":[[-63.18735,-17.42209],[-63.18743,-17.42169]]},"properties":{"description":"LOTE","styleUrl":"#line3","stroke-opacity":1,"stroke":"#000000","stroke-width":1,"name":"FONDO"}},
{"type":"Feature","geometry":{"type":"LineString","coordinates":[[-63.18672,-17.42265],[-63.18684,-17.42211]]},"properties":{"description":"LOTE","styleUrl":"#line3","stroke-opacity":1,"stroke":"#000000","stroke-width":1,"name":"FONDO"}},
{"type":"Feature","geometry":{"type":"LineString","coordinates":[[-63.18661,-17.42318],[-63.18668,-17.42287]]},"properties":{"description":"LOTE","styleUrl":"#line3","stroke-opacity":1,"stroke":"#000000","stroke-width":1,"name":"FONDO"}},
{"type":"Feature","geometry":{"type":"LineString","coordinates":[[-63.18652,-17.42316],[-63.18659,-17.42285]]},"properties":{"description":"LOTE","styleUrl":"#line3","stroke-opacity":1,"stroke":"#000000","stroke-width":1,"name":"FONDO"}},
{"type":"Feature","geometry":{"type":"LineString","coordinates":[[-63.18643,-17.42314],[-63.18649,-17.42283]]},"properties":{"description":"LOTE","styleUrl":"#line3","stroke-opacity":1,"stroke":"#000000","stroke-width":1,"name":"FONDO"}},
{"type":"Feature","geometry":{"type":"LineString","coordinates":[[-63.1863,-17.42329],[-63.1864,-17.42281]]},"properties":{"description":"LOTE","styleUrl":"#line3","stroke-opacity":1,"stroke":"#000000","stroke-width":1,"name":"FONDO"}},
{"type":"Feature","geometry":{"type":"LineString","coordinates":[[-63.18624,-17.42311],[-63.18631,-17.42279]]},"properties":{"description":"LOTE","styleUrl":"#line3","stroke-opacity":1,"stroke":"#000000","stroke-width":1,"name":"FONDO"}},
{"type":"Feature","geometry":{"type":"LineString","coordinates":[[-63.1861,-17.42331],[-63.18622,-17.42278]]},"properties":{"description":"LOTE","styleUrl":"#line3","stroke-opacity":1,"stroke":"#000000","stroke-width":1,"name":"FONDO"}},
{"type":"Feature","geometry":{"type":"LineString","coordinates":[[-63.18601,-17.42329],[-63.18612,-17.42276]]},"properties":{"description":"LOTE","styleUrl":"#line3","stroke-opacity":1,"stroke":"#000000","stroke-width":1,"name":"FONDO"}},
{"type":"Feature","geometry":{"type":"LineString","coordinates":[[-63.18592,-17.42327],[-63.18603,-17.42274]]},"properties":{"description":"LOTE","styleUrl":"#line3","stroke-opacity":1,"stroke":"#000000","stroke-width":1,"name":"FONDO"}},
{"type":"Feature","geometry":{"type":"LineString","coordinates":[[-63.18583,-17.42325],[-63.18594,-17.42272]]},"properties":{"description":"LOTE","styleUrl":"#line3","stroke-opacity":1,"stroke":"#000000","stroke-width":1,"name":"FONDO"}},
{"type":"Feature","geometry":{"type":"LineString","coordinates":[[-63.18574,-17.42324],[-63.18585,-17.42271]]},"properties":{"description":"LOTE","styleUrl":"#line3","stroke-opacity":1,"stroke":"#000000","stroke-width":1,"name":"FONDO"}},
{"type":"Feature","geometry":{"type":"LineString","coordinates":[[-63.18564,-17.42322],[-63.18575,-17.42269]]},"properties":{"description":"LOTE","styleUrl":"#line3","stroke-opacity":1,"stroke":"#000000","stroke-width":1,"name":"FONDO"}},
{"type":"Feature","geometry":{"type":"LineString","coordinates":[[-63.18555,-17.4232],[-63.18566,-17.42267]]},"properties":{"description":"LOTE","styleUrl":"#line3","stroke-opacity":1,"stroke":"#000000","stroke-width":1,"name":"FONDO"}},
{"type":"Feature","geometry":{"type":"LineString","coordinates":[[-63.18703,-17.4218],[-63.18494,-17.42139]]},"properties":{"description":"LOTE","styleUrl":"#line3","stroke-opacity":1,"stroke":"#000000","stroke-width":1,"name":"FONDO"}},
{"type":"Feature","geometry":{"type":"LineString","coordinates":[[-63.18281,-17.4242],[-63.18234,-17.42389]]},"properties":{"description":"LOTE","styleUrl":"#line3","stroke-opacity":1,"stroke":"#000000","stroke-width":1,"name":"FONDO"}},
{"type":"Feature","geometry":{"type":"LineString","coordinates":[[-63.18292,-17.42405],[-63.18245,-17.42374]]},"properties":{"description":"LOTE","styleUrl":"#line3","stroke-opacity":1,"stroke":"#000000","stroke-width":1,"name":"FONDO"}},
{"type":"Feature","geometry":{"type":"LineString","coordinates":[[-63.18302,-17.4239],[-63.18255,-17.42359]]},"properties":{"description":"LOTE","styleUrl":"#line3","stroke-opacity":1,"stroke":"#000000","stroke-width":1,"name":"FONDO"}},
{"type":"Feature","geometry":{"type":"LineString","coordinates":[[-63.18313,-17.42375],[-63.18266,-17.42344]]},"properties":{"description":"LOTE","styleUrl":"#line3","stroke-opacity":1,"stroke":"#000000","stroke-width":1,"name":"FONDO"}},
{"type":"Feature","geometry":{"type":"LineString","coordinates":[[-63.18323,-17.4236],[-63.18277,-17.42329]]},"properties":{"description":"LOTE","styleUrl":"#line3","stroke-opacity":1,"stroke":"#000000","stroke-width":1,"name":"FONDO"}},
{"type":"Feature","geometry":{"type":"LineString","coordinates":[[-63.18334,-17.42345],[-63.18287,-17.42314]]},"properties":{"description":"LOTE","styleUrl":"#line3","stroke-opacity":1,"stroke":"#000000","stroke-width":1,"name":"FONDO"}},
{"type":"Feature","geometry":{"type":"LineString","coordinates":[[-63.18345,-17.4233],[-63.18298,-17.42299]]},"properties":{"description":"LOTE","styleUrl":"#line3","stroke-opacity":1,"stroke":"#000000","stroke-width":1,"name":"FONDO"}},
{"type":"Feature","geometry":{"type":"LineString","coordinates":[[-63.18355,-17.42315],[-63.18308,-17.42285]]},"properties":{"description":"LOTE","styleUrl":"#line3","stroke-opacity":1,"stroke":"#000000","stroke-width":1,"name":"FONDO"}},
{"type":"Feature","geometry":{"type":"LineString","coordinates":[[-63.18366,-17.423],[-63.18319,-17.4227]]},"properties":{"description":"LOTE","styleUrl":"#line3","stroke-opacity":1,"stroke":"#000000","stroke-width":1,"name":"FONDO"}},
{"type":"Feature","geometry":{"type":"LineString","coordinates":[[-63.18376,-17.42285],[-63.1833,-17.42255]]},"properties":{"description":"LOTE","styleUrl":"#line3","stroke-opacity":1,"stroke":"#000000","stroke-width":1,"name":"FONDO"}},
{"type":"Feature","geometry":{"type":"LineString","coordinates":[[-63.18376,-17.4223],[-63.18301,-17.42335]]},"properties":{"description":"LOTE","styleUrl":"#line3","stroke-opacity":1,"stroke":"#000000","stroke-width":1,"name":"FONDO"}},
{"type":"Feature","geometry":{"type":"LineString","coordinates":[[-63.18305,-17.42337],[-63.18244,-17.42424]]},"properties":{"description":"LOTE","styleUrl":"#line3","stroke-opacity":1,"stroke":"#000000","stroke-width":1,"name":"FONDO"}},
{"type":"Feature","geometry":{"type":"LineString","coordinates":[[-63.18265,-17.4241],[-63.18253,-17.42426]]},"properties":{"description":"LOTE","styleUrl":"#line3","stroke-opacity":1,"stroke":"#000000","stroke-width":1,"name":"FONDO"}},
{"type":"Feature","geometry":{"type":"LineString","coordinates":[[-63.18286,-17.42412],[-63.1824,-17.42382]]},"properties":{"description":"LOTE","styleUrl":"#line3","stroke-opacity":1,"stroke":"#000000","stroke-width":1,"name":"FONDO"}},
{"type":"Feature","geometry":{"type":"LineString","coordinates":[[-63.18297,-17.42397],[-63.1825,-17.42367]]},"properties":{"description":"LOTE","styleUrl":"#line3","stroke-opacity":1,"stroke":"#000000","stroke-width":1,"name":"FONDO"}},
{"type":"Feature","geometry":{"type":"LineString","coordinates":[[-63.18307,-17.42382],[-63.18261,-17.42352]]},"properties":{"description":"LOTE","styleUrl":"#line3","stroke-opacity":1,"stroke":"#000000","stroke-width":1,"name":"FONDO"}},
{"type":"Feature","geometry":{"type":"LineString","coordinates":[[-63.18318,-17.42367],[-63.18271,-17.42337]]},"properties":{"description":"LOTE","styleUrl":"#line3","stroke-opacity":1,"stroke":"#000000","stroke-width":1,"name":"FONDO"}},
{"type":"Feature","geometry":{"type":"LineString","coordinates":[[-63.18329,-17.42352],[-63.18282,-17.42322]]},"properties":{"description":"LOTE","styleUrl":"#line3","stroke-opacity":1,"stroke":"#000000","stroke-width":1,"name":"FONDO"}},
{"type":"Feature","geometry":{"type":"LineString","coordinates":[[-63.18339,-17.42337],[-63.18292,-17.42307]]},"properties":{"description":"LOTE","styleUrl":"#line3","stroke-opacity":1,"stroke":"#000000","stroke-width":1,"name":"FONDO"}},
{"type":"Feature","geometry":{"type":"LineString","coordinates":[[-63.1835,-17.42322],[-63.18303,-17.42292]]},"properties":{"description":"LOTE","styleUrl":"#line3","stroke-opacity":1,"stroke":"#000000","stroke-width":1,"name":"FONDO"}},
{"type":"Feature","geometry":{"type":"LineString","coordinates":[[-63.1836,-17.42308],[-63.18314,-17.42277]]},"properties":{"description":"LOTE","styleUrl":"#line3","stroke-opacity":1,"stroke":"#000000","stroke-width":1,"name":"FONDO"}},
{"type":"Feature","geometry":{"type":"LineString","coordinates":[[-63.18371,-17.42293],[-63.18324,-17.42262]]},"properties":{"description":"LOTE","styleUrl":"#line3","stroke-opacity":1,"stroke":"#000000","stroke-width":1,"name":"FONDO"}},
{"type":"Feature","geometry":{"type":"LineString","coordinates":[[-63.18382,-17.42278],[-63.18335,-17.42247]]},"properties":{"description":"LOTE","styleUrl":"#line3","stroke-opacity":1,"stroke":"#000000","stroke-width":1,"name":"FONDO"}},
{"type":"Feature","geometry":{"type":"LineString","coordinates":[[-63.18386,-17.42232],[-63.18362,-17.42265]]},"properties":{"description":"LOTE","styleUrl":"#line3","stroke-opacity":1,"stroke":"#000000","stroke-width":1,"name":"FONDO"}},
{"type":"Feature","geometry":{"type":"LineString","coordinates":[[-63.18396,-17.42234],[-63.1837,-17.4227]]},"properties":{"description":"LOTE","styleUrl":"#line3","stroke-opacity":1,"stroke":"#000000","stroke-width":1,"name":"FONDO"}},
{"type":"Feature","geometry":{"type":"LineString","coordinates":[[-63.18471,-17.42151],[-63.18424,-17.42121]]},"properties":{"description":"LOTE","styleUrl":"#line3","stroke-opacity":1,"stroke":"#000000","stroke-width":1,"name":"FONDO"}},
{"type":"Feature","geometry":{"type":"LineString","coordinates":[[-63.1846,-17.42166],[-63.18414,-17.42136]]},"properties":{"description":"LOTE","styleUrl":"#line3","stroke-opacity":1,"stroke":"#000000","stroke-width":1,"name":"FONDO"}},
{"type":"Feature","geometry":{"type":"LineString","coordinates":[[-63.1845,-17.42181],[-63.18403,-17.42151]]},"properties":{"description":"LOTE","styleUrl":"#line3","stroke-opacity":1,"stroke":"#000000","stroke-width":1,"name":"FONDO"}},
{"type":"Feature","geometry":{"type":"LineString","coordinates":[[-63.18439,-17.42196],[-63.18393,-17.42166]]},"properties":{"description":"LOTE","styleUrl":"#line3","stroke-opacity":1,"stroke":"#000000","stroke-width":1,"name":"FONDO"}},
{"type":"Feature","geometry":{"type":"LineString","coordinates":[[-63.18482,-17.42136],[-63.18458,-17.42121]]},"properties":{"description":"LOTE","styleUrl":"#line3","stroke-opacity":1,"stroke":"#000000","stroke-width":1,"name":"FONDO"}},
{"type":"Feature","geometry":{"type":"LineString","coordinates":[[-63.18465,-17.42111],[-63.18416,-17.42181]]},"properties":{"description":"LOTE","styleUrl":"#line3","stroke-opacity":1,"stroke":"#000000","stroke-width":1,"name":"FONDO"}},
{"type":"Feature","geometry":{"type":"LineString","coordinates":[[-63.18412,-17.42178],[-63.1839,-17.4221]]},"properties":{"description":"LOTE","styleUrl":"#line3","stroke-opacity":1,"stroke":"#000000","stroke-width":1,"name":"FONDO"}},
{"type":"Feature","geometry":{"type":"LineString","coordinates":[[-63.1842,-17.42183],[-63.184,-17.42212]]},"properties":{"description":"LOTE","styleUrl":"#line3","stroke-opacity":1,"stroke":"#000000","stroke-width":1,"name":"FONDO"}},
{"type":"Feature","geometry":{"type":"LineString","coordinates":[[-63.18476,-17.42144],[-63.1843,-17.42113]]},"properties":{"description":"LOTE","styleUrl":"#line3","stroke-opacity":1,"stroke":"#000000","stroke-width":1,"name":"FONDO"}},
{"type":"Feature","geometry":{"type":"LineString","coordinates":[[-63.18466,-17.42159],[-63.18419,-17.42128]]},"properties":{"description":"LOTE","styleUrl":"#line3","stroke-opacity":1,"stroke":"#000000","stroke-width":1,"name":"FONDO"}},
{"type":"Feature","geometry":{"type":"LineString","coordinates":[[-63.18455,-17.42174],[-63.18408,-17.42143]]},"properties":{"description":"LOTE","styleUrl":"#line3","stroke-opacity":1,"stroke":"#000000","stroke-width":1,"name":"FONDO"}},
{"type":"Feature","geometry":{"type":"LineString","coordinates":[[-63.18445,-17.42189],[-63.18398,-17.42158]]},"properties":{"description":"LOTE","styleUrl":"#line3","stroke-opacity":1,"stroke":"#000000","stroke-width":1,"name":"FONDO"}},
{"type":"Feature","geometry":{"type":"LineString","coordinates":[[-63.18428,-17.42188],[-63.1841,-17.42213]]},"properties":{"description":"LOTE","styleUrl":"#line3","stroke-opacity":1,"stroke":"#000000","stroke-width":1,"name":"FONDO"}},
{"type":"Feature","geometry":{"type":"LineString","coordinates":[[-63.18008,-17.42323],[-63.18055,-17.42353]]},"properties":{"description":"LOTE","styleUrl":"#line3","stroke-opacity":1,"stroke":"#000000","stroke-width":1,"name":"FONDO"}},
{"type":"Feature","geometry":{"type":"LineString","coordinates":[[-63.18019,-17.42308],[-63.18065,-17.42338]]},"properties":{"description":"LOTE","styleUrl":"#line3","stroke-opacity":1,"stroke":"#000000","stroke-width":1,"name":"FONDO"}},
{"type":"Feature","geometry":{"type":"LineString","coordinates":[[-63.18029,-17.42293],[-63.18076,-17.42323]]},"properties":{"description":"LOTE","styleUrl":"#line3","stroke-opacity":1,"stroke":"#000000","stroke-width":1,"name":"FONDO"}},
{"type":"Feature","geometry":{"type":"LineString","coordinates":[[-63.1804,-17.42278],[-63.18086,-17.42308]]},"properties":{"description":"LOTE","styleUrl":"#line3","stroke-opacity":1,"stroke":"#000000","stroke-width":1,"name":"FONDO"}},
{"type":"Feature","geometry":{"type":"LineString","coordinates":[[-63.1805,-17.42263],[-63.18097,-17.42294]]},"properties":{"description":"LOTE","styleUrl":"#line3","stroke-opacity":1,"stroke":"#000000","stroke-width":1,"name":"FONDO"}},
{"type":"Feature","geometry":{"type":"LineString","coordinates":[[-63.18061,-17.42248],[-63.18108,-17.42279]]},"properties":{"description":"LOTE","styleUrl":"#line3","stroke-opacity":1,"stroke":"#000000","stroke-width":1,"name":"FONDO"}},
{"type":"Feature","geometry":{"type":"LineString","coordinates":[[-63.18072,-17.42233],[-63.18118,-17.42264]]},"properties":{"description":"LOTE","styleUrl":"#line3","stroke-opacity":1,"stroke":"#000000","stroke-width":1,"name":"FONDO"}},
{"type":"Feature","geometry":{"type":"LineString","coordinates":[[-63.18082,-17.42218],[-63.18129,-17.42249]]},"properties":{"description":"LOTE","styleUrl":"#line3","stroke-opacity":1,"stroke":"#000000","stroke-width":1,"name":"FONDO"}},
{"type":"Feature","geometry":{"type":"LineString","coordinates":[[-63.18093,-17.42203],[-63.18139,-17.42234]]},"properties":{"description":"LOTE","styleUrl":"#line3","stroke-opacity":1,"stroke":"#000000","stroke-width":1,"name":"FONDO"}},
{"type":"Feature","geometry":{"type":"LineString","coordinates":[[-63.18121,-17.42211],[-63.18009,-17.42369]]},"properties":{"description":"LOTE","styleUrl":"#line3","stroke-opacity":1,"stroke":"#000000","stroke-width":1,"name":"FONDO"}},
{"type":"Feature","geometry":{"type":"LineString","coordinates":[[-63.1814,-17.42177],[-63.18117,-17.42208]]},"properties":{"description":"LOTE","styleUrl":"#line3","stroke-opacity":1,"stroke":"#000000","stroke-width":1,"name":"FONDO"}},
{"type":"Feature","geometry":{"type":"LineString","coordinates":[[-63.1815,-17.42179],[-63.18125,-17.42214]]},"properties":{"description":"LOTE","styleUrl":"#line3","stroke-opacity":1,"stroke":"#000000","stroke-width":1,"name":"FONDO"}},
{"type":"Feature","geometry":{"type":"LineString","coordinates":[[-63.18003,-17.4233],[-63.18049,-17.42361]]},"properties":{"description":"LOTE","styleUrl":"#line3","stroke-opacity":1,"stroke":"#000000","stroke-width":1,"name":"FONDO"}},
{"type":"Feature","geometry":{"type":"LineString","coordinates":[[-63.17997,-17.42338],[-63.18044,-17.42368]]},"properties":{"description":"LOTE","styleUrl":"#line3","stroke-opacity":1,"stroke":"#000000","stroke-width":1,"name":"FONDO"}},
{"type":"Feature","geometry":{"type":"LineString","coordinates":[[-63.18013,-17.42315],[-63.1806,-17.42346]]},"properties":{"description":"LOTE","styleUrl":"#line3","stroke-opacity":1,"stroke":"#000000","stroke-width":1,"name":"FONDO"}},
{"type":"Feature","geometry":{"type":"LineString","coordinates":[[-63.18024,-17.423],[-63.18071,-17.42331]]},"properties":{"description":"LOTE","styleUrl":"#line3","stroke-opacity":1,"stroke":"#000000","stroke-width":1,"name":"FONDO"}},
{"type":"Feature","geometry":{"type":"LineString","coordinates":[[-63.18034,-17.42285],[-63.18081,-17.42316]]},"properties":{"description":"LOTE","styleUrl":"#line3","stroke-opacity":1,"stroke":"#000000","stroke-width":1,"name":"FONDO"}},
{"type":"Feature","geometry":{"type":"LineString","coordinates":[[-63.18045,-17.42271],[-63.18092,-17.42301]]},"properties":{"description":"LOTE","styleUrl":"#line3","stroke-opacity":1,"stroke":"#000000","stroke-width":1,"name":"FONDO"}},
{"type":"Feature","geometry":{"type":"LineString","coordinates":[[-63.18056,-17.42256],[-63.18102,-17.42286]]},"properties":{"description":"LOTE","styleUrl":"#line3","stroke-opacity":1,"stroke":"#000000","stroke-width":1,"name":"FONDO"}},
{"type":"Feature","geometry":{"type":"LineString","coordinates":[[-63.18066,-17.42241],[-63.18113,-17.42271]]},"properties":{"description":"LOTE","styleUrl":"#line3","stroke-opacity":1,"stroke":"#000000","stroke-width":1,"name":"FONDO"}},
{"type":"Feature","geometry":{"type":"LineString","coordinates":[[-63.18077,-17.42226],[-63.18124,-17.42256]]},"properties":{"description":"LOTE","styleUrl":"#line3","stroke-opacity":1,"stroke":"#000000","stroke-width":1,"name":"FONDO"}},
{"type":"Feature","geometry":{"type":"LineString","coordinates":[[-63.18087,-17.42211],[-63.18134,-17.42241]]},"properties":{"description":"LOTE","styleUrl":"#line3","stroke-opacity":1,"stroke":"#000000","stroke-width":1,"name":"FONDO"}},
{"type":"Feature","geometry":{"type":"LineString","coordinates":[[-63.1813,-17.42174],[-63.1811,-17.42203]]},"properties":{"description":"LOTE","styleUrl":"#line3","stroke-opacity":1,"stroke":"#000000","stroke-width":1,"name":"FONDO"}},
{"type":"Feature","geometry":{"type":"LineString","coordinates":[[-63.17992,-17.42345],[-63.18015,-17.42361]]},"properties":{"description":"LOTE","styleUrl":"#line3","stroke-opacity":1,"stroke":"#000000","stroke-width":1,"name":"FONDO"}},
{"type":"Feature","geometry":{"type":"LineString","coordinates":[[-63.182,-17.42052],[-63.18246,-17.42083]]},"properties":{"description":"LOTE","styleUrl":"#line3","stroke-opacity":1,"stroke":"#000000","stroke-width":1,"name":"FONDO"}},
{"type":"Feature","geometry":{"type":"LineString","coordinates":[[-63.18189,-17.42067],[-63.18236,-17.42098]]},"properties":{"description":"LOTE","styleUrl":"#line3","stroke-opacity":1,"stroke":"#000000","stroke-width":1,"name":"FONDO"}},
{"type":"Feature","geometry":{"type":"LineString","coordinates":[[-63.18178,-17.42082],[-63.18225,-17.42113]]},"properties":{"description":"LOTE","styleUrl":"#line3","stroke-opacity":1,"stroke":"#000000","stroke-width":1,"name":"FONDO"}},
{"type":"Feature","geometry":{"type":"LineString","coordinates":[[-63.18168,-17.42097],[-63.18215,-17.42128]]},"properties":{"description":"LOTE","styleUrl":"#line3","stroke-opacity":1,"stroke":"#000000","stroke-width":1,"name":"FONDO"}},
{"type":"Feature","geometry":{"type":"LineString","coordinates":[[-63.18157,-17.42112],[-63.18204,-17.42143]]},"properties":{"description":"LOTE","styleUrl":"#line3","stroke-opacity":1,"stroke":"#000000","stroke-width":1,"name":"FONDO"}},
{"type":"Feature","geometry":{"type":"LineString","coordinates":[[-63.18234,-17.42052],[-63.18181,-17.42127]]},"properties":{"description":"LOTE","styleUrl":"#line3","stroke-opacity":1,"stroke":"#000000","stroke-width":1,"name":"FONDO"}},
{"type":"Feature","geometry":{"type":"LineString","coordinates":[[-63.18177,-17.42125],[-63.18154,-17.42157]]},"properties":{"description":"LOTE","styleUrl":"#line3","stroke-opacity":1,"stroke":"#000000","stroke-width":1,"name":"FONDO"}},
{"type":"Feature","geometry":{"type":"LineString","coordinates":[[-63.18169,-17.4212],[-63.18144,-17.42154]]},"properties":{"description":"LOTE","styleUrl":"#line3","stroke-opacity":1,"stroke":"#000000","stroke-width":1,"name":"FONDO"}},
{"type":"Feature","geometry":{"type":"LineString","coordinates":[[-63.18184,-17.4213],[-63.18164,-17.42159]]},"properties":{"description":"LOTE","styleUrl":"#line3","stroke-opacity":1,"stroke":"#000000","stroke-width":1,"name":"FONDO"}},
{"type":"Feature","geometry":{"type":"LineString","coordinates":[[-63.18192,-17.42135],[-63.18174,-17.42161]]},"properties":{"description":"LOTE","styleUrl":"#line3","stroke-opacity":1,"stroke":"#000000","stroke-width":1,"name":"FONDO"}},
{"type":"Feature","geometry":{"type":"LineString","coordinates":[[-63.17924,-17.41987],[-63.17913,-17.42031]]},"properties":{"description":"LOTE","styleUrl":"#line3","stroke-opacity":1,"stroke":"#000000","stroke-width":1,"name":"FONDO"}},
{"type":"Feature","geometry":{"type":"LineString","coordinates":[[-63.1791,-17.42043],[-63.17897,-17.42095]]},"properties":{"description":"LOTE","styleUrl":"#line3","stroke-opacity":1,"stroke":"#000000","stroke-width":1,"name":"FONDO"}},
{"type":"Feature","geometry":{"type":"LineString","coordinates":[[-63.17891,-17.42117],[-63.17878,-17.4217]]},"properties":{"description":"LOTE","styleUrl":"#line3","stroke-opacity":1,"stroke":"#000000","stroke-width":1,"name":"FONDO"}},
{"type":"Feature","geometry":{"type":"LineString","coordinates":[[-63.17919,-17.42045],[-63.17906,-17.42098]]},"properties":{"description":"LOTE","styleUrl":"#line3","stroke-opacity":1,"stroke":"#000000","stroke-width":1,"name":"FONDO"}},
{"type":"Feature","geometry":{"type":"LineString","coordinates":[[-63.179,-17.4212],[-63.17887,-17.42172]]},"properties":{"description":"LOTE","styleUrl":"#line3","stroke-opacity":1,"stroke":"#000000","stroke-width":1,"name":"FONDO"}},
{"type":"Feature","geometry":{"type":"LineString","coordinates":[[-63.17852,-17.42108],[-63.17839,-17.42161]]},"properties":{"description":"LOTE","styleUrl":"#line3","stroke-opacity":1,"stroke":"#000000","stroke-width":1,"name":"FONDO"}},
{"type":"Feature","geometry":{"type":"LineString","coordinates":[[-63.17885,-17.41978],[-63.17874,-17.42022]]},"properties":{"description":"LOTE","styleUrl":"#line3","stroke-opacity":1,"stroke":"#000000","stroke-width":1,"name":"FONDO"}},
{"type":"Feature","geometry":{"type":"LineString","coordinates":[[-63.17876,-17.41976],[-63.17865,-17.4202]]},"properties":{"description":"LOTE","styleUrl":"#line3","stroke-opacity":1,"stroke":"#000000","stroke-width":1,"name":"FONDO"}},
{"type":"Feature","geometry":{"type":"LineString","coordinates":[[-63.17866,-17.41974],[-63.17855,-17.42018]]},"properties":{"description":"LOTE","styleUrl":"#line3","stroke-opacity":1,"stroke":"#000000","stroke-width":1,"name":"FONDO"}},
{"type":"Feature","geometry":{"type":"LineString","coordinates":[[-63.17857,-17.41972],[-63.17846,-17.42015]]},"properties":{"description":"LOTE","styleUrl":"#line3","stroke-opacity":1,"stroke":"#000000","stroke-width":1,"name":"FONDO"}},
{"type":"Feature","geometry":{"type":"LineString","coordinates":[[-63.17848,-17.41969],[-63.17837,-17.42013]]},"properties":{"description":"LOTE","styleUrl":"#line3","stroke-opacity":1,"stroke":"#000000","stroke-width":1,"name":"FONDO"}},
{"type":"Feature","geometry":{"type":"LineString","coordinates":[[-63.17839,-17.41967],[-63.17828,-17.42011]]},"properties":{"description":"LOTE","styleUrl":"#line3","stroke-opacity":1,"stroke":"#000000","stroke-width":1,"name":"FONDO"}},
{"type":"Feature","geometry":{"type":"LineString","coordinates":[[-63.1783,-17.41965],[-63.17819,-17.42009]]},"properties":{"description":"LOTE","styleUrl":"#line3","stroke-opacity":1,"stroke":"#000000","stroke-width":1,"name":"FONDO"}},
{"type":"Feature","geometry":{"type":"LineString","coordinates":[[-63.17821,-17.41963],[-63.1781,-17.42007]]},"properties":{"description":"LOTE","styleUrl":"#line3","stroke-opacity":1,"stroke":"#000000","stroke-width":1,"name":"FONDO"}},
{"type":"Feature","geometry":{"type":"LineString","coordinates":[[-63.17812,-17.41961],[-63.17801,-17.42005]]},"properties":{"description":"LOTE","styleUrl":"#line3","stroke-opacity":1,"stroke":"#000000","stroke-width":1,"name":"FONDO"}},
{"type":"Feature","geometry":{"type":"LineString","coordinates":[[-63.17802,-17.41958],[-63.17791,-17.42002]]},"properties":{"description":"LOTE","styleUrl":"#line3","stroke-opacity":1,"stroke":"#000000","stroke-width":1,"name":"FONDO"}},
{"type":"Feature","geometry":{"type":"LineString","coordinates":[[-63.17793,-17.41956],[-63.17782,-17.42]]},"properties":{"description":"LOTE","styleUrl":"#line3","stroke-opacity":1,"stroke":"#000000","stroke-width":1,"name":"FONDO"}},
{"type":"Feature","geometry":{"type":"LineString","coordinates":[[-63.17784,-17.41954],[-63.17773,-17.41998]]},"properties":{"description":"LOTE","styleUrl":"#line3","stroke-opacity":1,"stroke":"#000000","stroke-width":1,"name":"FONDO"}},
{"type":"Feature","geometry":{"type":"LineString","coordinates":[[-63.17775,-17.41952],[-63.17764,-17.41996]]},"properties":{"description":"LOTE","styleUrl":"#line3","stroke-opacity":1,"stroke":"#000000","stroke-width":1,"name":"FONDO"}},
{"type":"Feature","geometry":{"type":"LineString","coordinates":[[-63.17766,-17.4195],[-63.17755,-17.41994]]},"properties":{"description":"LOTE","styleUrl":"#line3","stroke-opacity":1,"stroke":"#000000","stroke-width":1,"name":"FONDO"}},
{"type":"Feature","geometry":{"type":"LineString","coordinates":[[-63.17757,-17.41948],[-63.17746,-17.41992]]},"properties":{"description":"LOTE","styleUrl":"#line3","stroke-opacity":1,"stroke":"#000000","stroke-width":1,"name":"FONDO"}},
{"type":"Feature","geometry":{"type":"LineString","coordinates":[[-63.17748,-17.41945],[-63.17737,-17.41989]]},"properties":{"description":"LOTE","styleUrl":"#line3","stroke-opacity":1,"stroke":"#000000","stroke-width":1,"name":"FONDO"}},
{"type":"Feature","geometry":{"type":"LineString","coordinates":[[-63.17739,-17.41943],[-63.17727,-17.41987]]},"properties":{"description":"LOTE","styleUrl":"#line3","stroke-opacity":1,"stroke":"#000000","stroke-width":1,"name":"FONDO"}},
{"type":"Feature","geometry":{"type":"LineString","coordinates":[[-63.17729,-17.41941],[-63.17718,-17.41985]]},"properties":{"description":"LOTE","styleUrl":"#line3","stroke-opacity":1,"stroke":"#000000","stroke-width":1,"name":"FONDO"}},
{"type":"Feature","geometry":{"type":"LineString","coordinates":[[-63.1772,-17.41939],[-63.17709,-17.41983]]},"properties":{"description":"LOTE","styleUrl":"#line3","stroke-opacity":1,"stroke":"#000000","stroke-width":1,"name":"FONDO"}},
{"type":"Feature","geometry":{"type":"LineString","coordinates":[[-63.17711,-17.41937],[-63.177,-17.41981]]},"properties":{"description":"LOTE","styleUrl":"#line3","stroke-opacity":1,"stroke":"#000000","stroke-width":1,"name":"FONDO"}},
{"type":"Feature","geometry":{"type":"LineString","coordinates":[[-63.17701,-17.41938],[-63.17691,-17.41979]]},"properties":{"description":"LOTE","styleUrl":"#line3","stroke-opacity":1,"stroke":"#000000","stroke-width":1,"name":"FONDO"}},
{"type":"Feature","geometry":{"type":"LineString","coordinates":[[-63.17691,-17.41939],[-63.17682,-17.41976]]},"properties":{"description":"LOTE","styleUrl":"#line3","stroke-opacity":1,"stroke":"#000000","stroke-width":1,"name":"FONDO"}},
{"type":"Feature","geometry":{"type":"LineString","coordinates":[[-63.17681,-17.4194],[-63.17673,-17.41974]]},"properties":{"description":"LOTE","styleUrl":"#line3","stroke-opacity":1,"stroke":"#000000","stroke-width":1,"name":"FONDO"}},
{"type":"Feature","geometry":{"type":"LineString","coordinates":[[-63.17671,-17.41942],[-63.17663,-17.41972]]},"properties":{"description":"LOTE","styleUrl":"#line3","stroke-opacity":1,"stroke":"#000000","stroke-width":1,"name":"FONDO"}},
{"type":"Feature","geometry":{"type":"LineString","coordinates":[[-63.17661,-17.41943],[-63.17654,-17.4197]]},"properties":{"description":"LOTE","styleUrl":"#line3","stroke-opacity":1,"stroke":"#000000","stroke-width":1,"name":"FONDO"}},
{"type":"Feature","geometry":{"type":"LineString","coordinates":[[-63.17651,-17.41944],[-63.17645,-17.41968]]},"properties":{"description":"LOTE","styleUrl":"#line3","stroke-opacity":1,"stroke":"#000000","stroke-width":1,"name":"FONDO"}},
{"type":"Feature","geometry":{"type":"LineString","coordinates":[[-63.18521,-17.423],[-63.18477,-17.42291]]},"properties":{"description":"LOTE","styleUrl":"#line3","stroke-opacity":1,"stroke":"#000000","stroke-width":1,"name":"FONDO"}},
{"type":"Feature","geometry":{"type":"LineString","coordinates":[[-63.18523,-17.42289],[-63.18483,-17.42281]]},"properties":{"description":"LOTE","styleUrl":"#line3","stroke-opacity":1,"stroke":"#000000","stroke-width":1,"name":"FONDO"}},
{"type":"Feature","geometry":{"type":"LineString","coordinates":[[-63.18525,-17.42278],[-63.1849,-17.42272]]},"properties":{"description":"LOTE","styleUrl":"#line3","stroke-opacity":1,"stroke":"#000000","stroke-width":1,"name":"FONDO"}},
{"type":"Feature","geometry":{"type":"LineString","coordinates":[[-63.18483,-17.4235],[-63.1844,-17.42342]]},"properties":{"description":"LOTE","styleUrl":"#line3","stroke-opacity":1,"stroke":"#000000","stroke-width":1,"name":"FONDO"}},
{"type":"Feature","geometry":{"type":"LineString","coordinates":[[-63.18487,-17.42333],[-63.18452,-17.42326]]},"properties":{"description":"LOTE","styleUrl":"#line3","stroke-opacity":1,"stroke":"#000000","stroke-width":1,"name":"FONDO"}},
{"type":"Feature","geometry":{"type":"LineString","coordinates":[[-63.18568,-17.42358],[-63.1848,-17.4234]]},"properties":{"description":"LOTE","styleUrl":"#line3","stroke-opacity":1,"stroke":"#000000","stroke-width":1,"name":"FONDO"}},
{"type":"Feature","geometry":{"type":"LineString","coordinates":[[-63.19341,-17.42482],[-63.19372,-17.42496]]},"properties":{"description":"LOTE","styleUrl":"#line3","stroke-opacity":1,"stroke":"#000000","stroke-width":1,"name":"FONDO"}},
{"type":"Feature","geometry":{"type":"LineString","coordinates":[[-63.19331,-17.42471],[-63.19191,-17.42398]]},"properties":{"description":"LOTE","styleUrl":"#line3","stroke-opacity":1,"stroke":"#000000","stroke-width":1,"name":"FONDO"}},
{"type":"Feature","geometry":{"type":"LineString","coordinates":[[-63.19174,-17.42497],[-63.19192,-17.42465]]},"properties":{"description":"LOTE","styleUrl":"#line3","stroke-opacity":1,"stroke":"#000000","stroke-width":1,"name":"FONDO"}},
{"type":"Feature","geometry":{"type":"LineString","coordinates":[[-63.19182,-17.42501],[-63.192,-17.42469]]},"properties":{"description":"LOTE","styleUrl":"#line3","stroke-opacity":1,"stroke":"#000000","stroke-width":1,"name":"FONDO"}},
{"type":"Feature","geometry":{"type":"LineString","coordinates":[[-63.19191,-17.42506],[-63.19209,-17.42474]]},"properties":{"description":"LOTE","styleUrl":"#line3","stroke-opacity":1,"stroke":"#000000","stroke-width":1,"name":"FONDO"}},
{"type":"Feature","geometry":{"type":"LineString","coordinates":[[-63.19199,-17.4251],[-63.19217,-17.42478]]},"properties":{"description":"LOTE","styleUrl":"#line3","stroke-opacity":1,"stroke":"#000000","stroke-width":1,"name":"FONDO"}},
{"type":"Feature","geometry":{"type":"LineString","coordinates":[[-63.19207,-17.42514],[-63.19225,-17.42482]]},"properties":{"description":"LOTE","styleUrl":"#line3","stroke-opacity":1,"stroke":"#000000","stroke-width":1,"name":"FONDO"}},
{"type":"Feature","geometry":{"type":"LineString","coordinates":[[-63.19215,-17.42518],[-63.19233,-17.42487]]},"properties":{"description":"LOTE","styleUrl":"#line3","stroke-opacity":1,"stroke":"#000000","stroke-width":1,"name":"FONDO"}},
{"type":"Feature","geometry":{"type":"LineString","coordinates":[[-63.19224,-17.42523],[-63.19242,-17.42491]]},"properties":{"description":"LOTE","styleUrl":"#line3","stroke-opacity":1,"stroke":"#000000","stroke-width":1,"name":"FONDO"}},
{"type":"Feature","geometry":{"type":"LineString","coordinates":[[-63.19232,-17.42527],[-63.1925,-17.42495]]},"properties":{"description":"LOTE","styleUrl":"#line3","stroke-opacity":1,"stroke":"#000000","stroke-width":1,"name":"FONDO"}},
{"type":"Feature","geometry":{"type":"LineString","coordinates":[[-63.1924,-17.42531],[-63.19258,-17.425]]},"properties":{"description":"LOTE","styleUrl":"#line3","stroke-opacity":1,"stroke":"#000000","stroke-width":1,"name":"FONDO"}},
{"type":"Feature","geometry":{"type":"LineString","coordinates":[[-63.19249,-17.42536],[-63.19266,-17.42504]]},"properties":{"description":"LOTE","styleUrl":"#line3","stroke-opacity":1,"stroke":"#000000","stroke-width":1,"name":"FONDO"}},
{"type":"Feature","geometry":{"type":"LineString","coordinates":[[-63.19257,-17.4254],[-63.19275,-17.42508]]},"properties":{"description":"LOTE","styleUrl":"#line3","stroke-opacity":1,"stroke":"#000000","stroke-width":1,"name":"FONDO"}},
{"type":"Feature","geometry":{"type":"LineString","coordinates":[[-63.19265,-17.42544],[-63.19283,-17.42513]]},"properties":{"description":"LOTE","styleUrl":"#line3","stroke-opacity":1,"stroke":"#000000","stroke-width":1,"name":"FONDO"}},
{"type":"Feature","geometry":{"type":"LineString","coordinates":[[-63.19273,-17.42549],[-63.19291,-17.42517]]},"properties":{"description":"LOTE","styleUrl":"#line3","stroke-opacity":1,"stroke":"#000000","stroke-width":1,"name":"FONDO"}},
{"type":"Feature","geometry":{"type":"LineString","coordinates":[[-63.19282,-17.42553],[-63.193,-17.42521]]},"properties":{"description":"LOTE","styleUrl":"#line3","stroke-opacity":1,"stroke":"#000000","stroke-width":1,"name":"FONDO"}},
{"type":"Feature","geometry":{"type":"LineString","coordinates":[[-63.1929,-17.42557],[-63.19308,-17.42526]]},"properties":{"description":"LOTE","styleUrl":"#line3","stroke-opacity":1,"stroke":"#000000","stroke-width":1,"name":"FONDO"}},
{"type":"Feature","geometry":{"type":"LineString","coordinates":[[-63.1918,-17.42392],[-63.19011,-17.42304]]},"properties":{"description":"LOTE","styleUrl":"#line3","stroke-opacity":1,"stroke":"#000000","stroke-width":1,"name":"FONDO"}},
{"type":"Feature","geometry":{"type":"LineString","coordinates":[[-63.1911,-17.42464],[-63.19128,-17.42432]]},"properties":{"description":"LOTE","styleUrl":"#line3","stroke-opacity":1,"stroke":"#000000","stroke-width":1,"name":"FONDO"}},
{"type":"Feature","geometry":{"type":"LineString","coordinates":[[-63.19102,-17.42459],[-63.1912,-17.42428]]},"properties":{"description":"LOTE","styleUrl":"#line3","stroke-opacity":1,"stroke":"#000000","stroke-width":1,"name":"FONDO"}},
{"type":"Feature","geometry":{"type":"LineString","coordinates":[[-63.19094,-17.42455],[-63.19112,-17.42423]]},"properties":{"description":"LOTE","styleUrl":"#line3","stroke-opacity":1,"stroke":"#000000","stroke-width":1,"name":"FONDO"}},
{"type":"Feature","geometry":{"type":"LineString","coordinates":[[-63.19085,-17.42451],[-63.19103,-17.42419]]},"properties":{"description":"LOTE","styleUrl":"#line3","stroke-opacity":1,"stroke":"#000000","stroke-width":1,"name":"FONDO"}},
{"type":"Feature","geometry":{"type":"LineString","coordinates":[[-63.19077,-17.42446],[-63.19095,-17.42415]]},"properties":{"description":"LOTE","styleUrl":"#line3","stroke-opacity":1,"stroke":"#000000","stroke-width":1,"name":"FONDO"}},
{"type":"Feature","geometry":{"type":"LineString","coordinates":[[-63.19069,-17.42442],[-63.19087,-17.4241]]},"properties":{"description":"LOTE","styleUrl":"#line3","stroke-opacity":1,"stroke":"#000000","stroke-width":1,"name":"FONDO"}},
{"type":"Feature","geometry":{"type":"LineString","coordinates":[[-63.19061,-17.42438],[-63.19079,-17.42406]]},"properties":{"description":"LOTE","styleUrl":"#line3","stroke-opacity":1,"stroke":"#000000","stroke-width":1,"name":"FONDO"}},
{"type":"Feature","geometry":{"type":"LineString","coordinates":[[-63.19052,-17.42434],[-63.1907,-17.42402]]},"properties":{"description":"LOTE","styleUrl":"#line3","stroke-opacity":1,"stroke":"#000000","stroke-width":1,"name":"FONDO"}},
{"type":"Feature","geometry":{"type":"LineString","coordinates":[[-63.19044,-17.42429],[-63.19062,-17.42397]]},"properties":{"description":"LOTE","styleUrl":"#line3","stroke-opacity":1,"stroke":"#000000","stroke-width":1,"name":"FONDO"}},
{"type":"Feature","geometry":{"type":"LineString","coordinates":[[-63.19036,-17.42425],[-63.19054,-17.42393]]},"properties":{"description":"LOTE","styleUrl":"#line3","stroke-opacity":1,"stroke":"#000000","stroke-width":1,"name":"FONDO"}},
{"type":"Feature","geometry":{"type":"LineString","coordinates":[[-63.19028,-17.42421],[-63.19046,-17.42389]]},"properties":{"description":"LOTE","styleUrl":"#line3","stroke-opacity":1,"stroke":"#000000","stroke-width":1,"name":"FONDO"}},
{"type":"Feature","geometry":{"type":"LineString","coordinates":[[-63.19019,-17.42416],[-63.19037,-17.42384]]},"properties":{"description":"LOTE","styleUrl":"#line3","stroke-opacity":1,"stroke":"#000000","stroke-width":1,"name":"FONDO"}},
{"type":"Feature","geometry":{"type":"LineString","coordinates":[[-63.19011,-17.42412],[-63.19029,-17.4238]]},"properties":{"description":"LOTE","styleUrl":"#line3","stroke-opacity":1,"stroke":"#000000","stroke-width":1,"name":"FONDO"}},
{"type":"Feature","geometry":{"type":"LineString","coordinates":[[-63.19003,-17.42408],[-63.19021,-17.42376]]},"properties":{"description":"LOTE","styleUrl":"#line3","stroke-opacity":1,"stroke":"#000000","stroke-width":1,"name":"FONDO"}},
{"type":"Feature","geometry":{"type":"LineString","coordinates":[[-63.18744,-17.42211],[-63.18753,-17.42171]]},"properties":{"description":"LOTE","styleUrl":"#line3","stroke-opacity":1,"stroke":"#000000","stroke-width":1,"name":"FONDO"}},
{"type":"Feature","geometry":{"type":"LineString","coordinates":[[-63.18753,-17.42213],[-63.18762,-17.42173]]},"properties":{"description":"LOTE","styleUrl":"#line3","stroke-opacity":1,"stroke":"#000000","stroke-width":1,"name":"FONDO"}},
{"type":"Feature","geometry":{"type":"LineString","coordinates":[[-63.18763,-17.42215],[-63.18771,-17.42175]]},"properties":{"description":"LOTE","styleUrl":"#line3","stroke-opacity":1,"stroke":"#000000","stroke-width":1,"name":"FONDO"}},
{"type":"Feature","geometry":{"type":"LineString","coordinates":[[-63.18772,-17.42217],[-63.1878,-17.42177]]},"properties":{"description":"LOTE","styleUrl":"#line3","stroke-opacity":1,"stroke":"#000000","stroke-width":1,"name":"FONDO"}},
{"type":"Feature","geometry":{"type":"LineString","coordinates":[[-63.18781,-17.42218],[-63.1879,-17.42178]]},"properties":{"description":"LOTE","styleUrl":"#line3","stroke-opacity":1,"stroke":"#000000","stroke-width":1,"name":"FONDO"}},
{"type":"Feature","geometry":{"type":"LineString","coordinates":[[-63.1879,-17.4222],[-63.18799,-17.4218]]},"properties":{"description":"LOTE","styleUrl":"#line3","stroke-opacity":1,"stroke":"#000000","stroke-width":1,"name":"FONDO"}},
{"type":"Feature","geometry":{"type":"LineString","coordinates":[[-63.188,-17.42222],[-63.18808,-17.42182]]},"properties":{"description":"LOTE","styleUrl":"#line3","stroke-opacity":1,"stroke":"#000000","stroke-width":1,"name":"FONDO"}},
{"type":"Feature","geometry":{"type":"LineString","coordinates":[[-63.18809,-17.42224],[-63.18817,-17.42184]]},"properties":{"description":"LOTE","styleUrl":"#line3","stroke-opacity":1,"stroke":"#000000","stroke-width":1,"name":"FONDO"}},
{"type":"Feature","geometry":{"type":"LineString","coordinates":[[-63.18818,-17.42225],[-63.18826,-17.42186]]},"properties":{"description":"LOTE","styleUrl":"#line3","stroke-opacity":1,"stroke":"#000000","stroke-width":1,"name":"FONDO"}},
{"type":"Feature","geometry":{"type":"LineString","coordinates":[[-63.18827,-17.42227],[-63.18836,-17.42187]]},"properties":{"description":"LOTE","styleUrl":"#line3","stroke-opacity":1,"stroke":"#000000","stroke-width":1,"name":"FONDO"}},
{"type":"Feature","geometry":{"type":"LineString","coordinates":[[-63.18837,-17.42229],[-63.18845,-17.42189]]},"properties":{"description":"LOTE","styleUrl":"#line3","stroke-opacity":1,"stroke":"#000000","stroke-width":1,"name":"FONDO"}},
{"type":"Feature","geometry":{"type":"LineString","coordinates":[[-63.18846,-17.42231],[-63.18854,-17.42191]]},"properties":{"description":"LOTE","styleUrl":"#line3","stroke-opacity":1,"stroke":"#000000","stroke-width":1,"name":"FONDO"}},
{"type":"Feature","geometry":{"type":"LineString","coordinates":[[-63.18855,-17.42233],[-63.18863,-17.42193]]},"properties":{"description":"LOTE","styleUrl":"#line3","stroke-opacity":1,"stroke":"#000000","stroke-width":1,"name":"FONDO"}},
{"type":"Feature","geometry":{"type":"LineString","coordinates":[[-63.18864,-17.42234],[-63.18873,-17.42195]]},"properties":{"description":"LOTE","styleUrl":"#line3","stroke-opacity":1,"stroke":"#000000","stroke-width":1,"name":"FONDO"}},
{"type":"Feature","geometry":{"type":"LineString","coordinates":[[-63.18873,-17.42236],[-63.18882,-17.42196]]},"properties":{"description":"LOTE","styleUrl":"#line3","stroke-opacity":1,"stroke":"#000000","stroke-width":1,"name":"FONDO"}},
{"type":"Feature","geometry":{"type":"LineString","coordinates":[[-63.18883,-17.42238],[-63.18891,-17.42198]]},"properties":{"description":"LOTE","styleUrl":"#line3","stroke-opacity":1,"stroke":"#000000","stroke-width":1,"name":"FONDO"}},
{"type":"Feature","geometry":{"type":"LineString","coordinates":[[-63.18892,-17.4224],[-63.189,-17.422]]},"properties":{"description":"LOTE","styleUrl":"#line3","stroke-opacity":1,"stroke":"#000000","stroke-width":1,"name":"FONDO"}},
{"type":"Feature","geometry":{"type":"LineString","coordinates":[[-63.18901,-17.42242],[-63.1891,-17.42202]]},"properties":{"description":"LOTE","styleUrl":"#line3","stroke-opacity":1,"stroke":"#000000","stroke-width":1,"name":"FONDO"}},
{"type":"Feature","geometry":{"type":"LineString","coordinates":[[-63.1891,-17.42243],[-63.18919,-17.42204]]},"properties":{"description":"LOTE","styleUrl":"#line3","stroke-opacity":1,"stroke":"#000000","stroke-width":1,"name":"FONDO"}},
{"type":"Feature","geometry":{"type":"LineString","coordinates":[[-63.1892,-17.42245],[-63.18928,-17.42205]]},"properties":{"description":"LOTE","styleUrl":"#line3","stroke-opacity":1,"stroke":"#000000","stroke-width":1,"name":"FONDO"}},
{"type":"Feature","geometry":{"type":"LineString","coordinates":[[-63.18929,-17.42247],[-63.18937,-17.42207]]},"properties":{"description":"LOTE","styleUrl":"#line3","stroke-opacity":1,"stroke":"#000000","stroke-width":1,"name":"FONDO"}},
{"type":"Feature","geometry":{"type":"LineString","coordinates":[[-63.18938,-17.42249],[-63.18946,-17.42209]]},"properties":{"description":"LOTE","styleUrl":"#line3","stroke-opacity":1,"stroke":"#000000","stroke-width":1,"name":"FONDO"}},
{"type":"Feature","geometry":{"type":"LineString","coordinates":[[-63.18947,-17.42251],[-63.18956,-17.42211]]},"properties":{"description":"LOTE","styleUrl":"#line3","stroke-opacity":1,"stroke":"#000000","stroke-width":1,"name":"FONDO"}},
{"type":"Feature","geometry":{"type":"LineString","coordinates":[[-63.18956,-17.42252],[-63.18965,-17.42213]]},"properties":{"description":"LOTE","styleUrl":"#line3","stroke-opacity":1,"stroke":"#000000","stroke-width":1,"name":"FONDO"}},
{"type":"Feature","geometry":{"type":"LineString","coordinates":[[-63.18966,-17.42254],[-63.18974,-17.42214]]},"properties":{"description":"LOTE","styleUrl":"#line3","stroke-opacity":1,"stroke":"#000000","stroke-width":1,"name":"FONDO"}},
{"type":"Feature","geometry":{"type":"LineString","coordinates":[[-63.18315,-17.4244],[-63.18323,-17.42403]]},"properties":{"description":"LOTE","styleUrl":"#line3","stroke-opacity":1,"stroke":"#000000","stroke-width":1,"name":"FONDO"}},
{"type":"Feature","geometry":{"type":"LineString","coordinates":[[-63.18325,-17.42442],[-63.18332,-17.42405]]},"properties":{"description":"LOTE","styleUrl":"#line3","stroke-opacity":1,"stroke":"#000000","stroke-width":1,"name":"FONDO"}},
{"type":"Feature","geometry":{"type":"LineString","coordinates":[[-63.18334,-17.42445],[-63.18342,-17.42407]]},"properties":{"description":"LOTE","styleUrl":"#line3","stroke-opacity":1,"stroke":"#000000","stroke-width":1,"name":"FONDO"}},
{"type":"Feature","geometry":{"type":"LineString","coordinates":[[-63.18352,-17.42449],[-63.1836,-17.4241]]},"properties":{"description":"LOTE","styleUrl":"#line3","stroke-opacity":1,"stroke":"#000000","stroke-width":1,"name":"FONDO"}},
{"type":"Feature","geometry":{"type":"LineString","coordinates":[[-63.18343,-17.42447],[-63.18351,-17.42409]]},"properties":{"description":"LOTE","styleUrl":"#line3","stroke-opacity":1,"stroke":"#000000","stroke-width":1,"name":"FONDO"}},
{"type":"Feature","geometry":{"type":"LineString","coordinates":[[-63.18382,-17.42443],[-63.18388,-17.42416]]},"properties":{"description":"LOTE","styleUrl":"#line3","stroke-opacity":1,"stroke":"#000000","stroke-width":1,"name":"FONDO"}},
{"type":"Feature","geometry":{"type":"LineString","coordinates":[[-63.18393,-17.42438],[-63.18397,-17.42418]]},"properties":{"description":"LOTE","styleUrl":"#line3","stroke-opacity":1,"stroke":"#000000","stroke-width":1,"name":"FONDO"}},
{"type":"Feature","geometry":{"type":"LineString","coordinates":[[-63.18371,-17.42448],[-63.18379,-17.42414]]},"properties":{"description":"LOTE","styleUrl":"#line3","stroke-opacity":1,"stroke":"#000000","stroke-width":1,"name":"FONDO"}},
{"type":"Feature","geometry":{"type":"LineString","coordinates":[[-63.18361,-17.42451],[-63.18369,-17.42412]]},"properties":{"description":"LOTE","styleUrl":"#line3","stroke-opacity":1,"stroke":"#000000","stroke-width":1,"name":"FONDO"}},
{"type":"Feature","geometry":{"type":"LineString","coordinates":[[-63.18365,-17.42431],[-63.18297,-17.42418]]},"properties":{"description":"LOTE","styleUrl":"#line3","stroke-opacity":1,"stroke":"#000000","stroke-width":1,"name":"FONDO"}},
{"type":"Feature","geometry":{"type":"LineString","coordinates":[[-63.18461,-17.42395],[-63.18331,-17.4237]]},"properties":{"description":"LOTE","styleUrl":"#line3","stroke-opacity":1,"stroke":"#000000","stroke-width":1,"name":"FONDO"}},
{"type":"Feature","geometry":{"type":"LineString","coordinates":[[-63.18401,-17.42406],[-63.1841,-17.42362]]},"properties":{"description":"LOTE","styleUrl":"#line3","stroke-opacity":1,"stroke":"#000000","stroke-width":1,"name":"FONDO"}},
{"type":"Feature","geometry":{"type":"LineString","coordinates":[[-63.18392,-17.42405],[-63.18401,-17.4236]]},"properties":{"description":"LOTE","styleUrl":"#line3","stroke-opacity":1,"stroke":"#000000","stroke-width":1,"name":"FONDO"}},
{"type":"Feature","geometry":{"type":"LineString","coordinates":[[-63.18383,-17.42403],[-63.18392,-17.42359]]},"properties":{"description":"LOTE","styleUrl":"#line3","stroke-opacity":1,"stroke":"#000000","stroke-width":1,"name":"FONDO"}},
{"type":"Feature","geometry":{"type":"LineString","coordinates":[[-63.18373,-17.42401],[-63.18383,-17.42357]]},"properties":{"description":"LOTE","styleUrl":"#line3","stroke-opacity":1,"stroke":"#000000","stroke-width":1,"name":"FONDO"}},
{"type":"Feature","geometry":{"type":"LineString","coordinates":[[-63.18364,-17.42399],[-63.18374,-17.42355]]},"properties":{"description":"LOTE","styleUrl":"#line3","stroke-opacity":1,"stroke":"#000000","stroke-width":1,"name":"FONDO"}},
{"type":"Feature","geometry":{"type":"LineString","coordinates":[[-63.18355,-17.42397],[-63.18364,-17.42353]]},"properties":{"description":"LOTE","styleUrl":"#line3","stroke-opacity":1,"stroke":"#000000","stroke-width":1,"name":"FONDO"}},
{"type":"Feature","geometry":{"type":"LineString","coordinates":[[-63.18346,-17.42396],[-63.18355,-17.42351]]},"properties":{"description":"LOTE","styleUrl":"#line3","stroke-opacity":1,"stroke":"#000000","stroke-width":1,"name":"FONDO"}},
{"type":"Feature","geometry":{"type":"LineString","coordinates":[[-63.18337,-17.42394],[-63.18341,-17.42372]]},"properties":{"description":"LOTE","styleUrl":"#line3","stroke-opacity":1,"stroke":"#000000","stroke-width":1,"name":"FONDO"}},
{"type":"Feature","geometry":{"type":"LineString","coordinates":[[-63.1841,-17.42408],[-63.1842,-17.42364]]},"properties":{"description":"LOTE","styleUrl":"#line3","stroke-opacity":1,"stroke":"#000000","stroke-width":1,"name":"FONDO"}},
{"type":"Feature","geometry":{"type":"LineString","coordinates":[[-63.1842,-17.4241],[-63.18429,-17.42366]]},"properties":{"description":"LOTE","styleUrl":"#line3","stroke-opacity":1,"stroke":"#000000","stroke-width":1,"name":"FONDO"}},
{"type":"Feature","geometry":{"type":"LineString","coordinates":[[-63.18429,-17.42412],[-63.18438,-17.42367]]},"properties":{"description":"LOTE","styleUrl":"#line3","stroke-opacity":1,"stroke":"#000000","stroke-width":1,"name":"FONDO"}},
{"type":"Feature","geometry":{"type":"LineString","coordinates":[[-63.18438,-17.42414],[-63.18447,-17.42369]]},"properties":{"description":"LOTE","styleUrl":"#line3","stroke-opacity":1,"stroke":"#000000","stroke-width":1,"name":"FONDO"}},
{"type":"Feature","geometry":{"type":"LineString","coordinates":[[-63.18691,-17.42236],[-63.18458,-17.42191]]},"properties":{"description":"LOTE","styleUrl":"#line3","stroke-opacity":1,"stroke":"#000000","stroke-width":1,"name":"FONDO"}},
{"type":"Feature","geometry":{"type":"LineString","coordinates":[[-63.18663,-17.42263],[-63.18674,-17.4221]]},"properties":{"description":"LOTE","styleUrl":"#line3","stroke-opacity":1,"stroke":"#000000","stroke-width":1,"name":"FONDO"}},
{"type":"Feature","geometry":{"type":"LineString","coordinates":[[-63.18654,-17.42261],[-63.18665,-17.42208]]},"properties":{"description":"LOTE","styleUrl":"#line3","stroke-opacity":1,"stroke":"#000000","stroke-width":1,"name":"FONDO"}},
{"type":"Feature","geometry":{"type":"LineString","coordinates":[[-63.18645,-17.42259],[-63.18656,-17.42206]]},"properties":{"description":"LOTE","styleUrl":"#line3","stroke-opacity":1,"stroke":"#000000","stroke-width":1,"name":"FONDO"}},
{"type":"Feature","geometry":{"type":"LineString","coordinates":[[-63.18636,-17.42257],[-63.18647,-17.42204]]},"properties":{"description":"LOTE","styleUrl":"#line3","stroke-opacity":1,"stroke":"#000000","stroke-width":1,"name":"FONDO"}},
{"type":"Feature","geometry":{"type":"LineString","coordinates":[[-63.18626,-17.42256],[-63.18638,-17.42202]]},"properties":{"description":"LOTE","styleUrl":"#line3","stroke-opacity":1,"stroke":"#000000","stroke-width":1,"name":"FONDO"}},
{"type":"Feature","geometry":{"type":"LineString","coordinates":[[-63.18617,-17.42254],[-63.18628,-17.42201]]},"properties":{"description":"LOTE","styleUrl":"#line3","stroke-opacity":1,"stroke":"#000000","stroke-width":1,"name":"FONDO"}},
{"type":"Feature","geometry":{"type":"LineString","coordinates":[[-63.18608,-17.42252],[-63.18619,-17.42199]]},"properties":{"description":"LOTE","styleUrl":"#line3","stroke-opacity":1,"stroke":"#000000","stroke-width":1,"name":"FONDO"}},
{"type":"Feature","geometry":{"type":"LineString","coordinates":[[-63.18599,-17.4225],[-63.1861,-17.42197]]},"properties":{"description":"LOTE","styleUrl":"#line3","stroke-opacity":1,"stroke":"#000000","stroke-width":1,"name":"FONDO"}},
{"type":"Feature","geometry":{"type":"LineString","coordinates":[[-63.18589,-17.42248],[-63.18601,-17.42195]]},"properties":{"description":"LOTE","styleUrl":"#line3","stroke-opacity":1,"stroke":"#000000","stroke-width":1,"name":"FONDO"}},
{"type":"Feature","geometry":{"type":"LineString","coordinates":[[-63.1858,-17.42247],[-63.18591,-17.42193]]},"properties":{"description":"LOTE","styleUrl":"#line3","stroke-opacity":1,"stroke":"#000000","stroke-width":1,"name":"FONDO"}},
{"type":"Feature","geometry":{"type":"LineString","coordinates":[[-63.18571,-17.42245],[-63.18582,-17.42192]]},"properties":{"description":"LOTE","styleUrl":"#line3","stroke-opacity":1,"stroke":"#000000","stroke-width":1,"name":"FONDO"}},
{"type":"Feature","geometry":{"type":"LineString","coordinates":[[-63.18562,-17.42243],[-63.18573,-17.4219]]},"properties":{"description":"LOTE","styleUrl":"#line3","stroke-opacity":1,"stroke":"#000000","stroke-width":1,"name":"FONDO"}},
{"type":"Feature","geometry":{"type":"LineString","coordinates":[[-63.18552,-17.42241],[-63.18564,-17.42188]]},"properties":{"description":"LOTE","styleUrl":"#line3","stroke-opacity":1,"stroke":"#000000","stroke-width":1,"name":"FONDO"}},
{"type":"Feature","geometry":{"type":"LineString","coordinates":[[-63.18543,-17.42239],[-63.18554,-17.42186]]},"properties":{"description":"LOTE","styleUrl":"#line3","stroke-opacity":1,"stroke":"#000000","stroke-width":1,"name":"FONDO"}},
{"type":"Feature","geometry":{"type":"LineString","coordinates":[[-63.18534,-17.42238],[-63.18545,-17.42184]]},"properties":{"description":"LOTE","styleUrl":"#line3","stroke-opacity":1,"stroke":"#000000","stroke-width":1,"name":"FONDO"}},
{"type":"Feature","geometry":{"type":"LineString","coordinates":[[-63.18525,-17.42236],[-63.18536,-17.42183]]},"properties":{"description":"LOTE","styleUrl":"#line3","stroke-opacity":1,"stroke":"#000000","stroke-width":1,"name":"FONDO"}},
{"type":"Feature","geometry":{"type":"LineString","coordinates":[[-63.18516,-17.42234],[-63.18527,-17.42181]]},"properties":{"description":"LOTE","styleUrl":"#line3","stroke-opacity":1,"stroke":"#000000","stroke-width":1,"name":"FONDO"}},
{"type":"Feature","geometry":{"type":"LineString","coordinates":[[-63.18506,-17.42232],[-63.18518,-17.42179]]},"properties":{"description":"LOTE","styleUrl":"#line3","stroke-opacity":1,"stroke":"#000000","stroke-width":1,"name":"FONDO"}},
{"type":"Feature","geometry":{"type":"LineString","coordinates":[[-63.18497,-17.4223],[-63.18508,-17.42177]]},"properties":{"description":"LOTE","styleUrl":"#line3","stroke-opacity":1,"stroke":"#000000","stroke-width":1,"name":"FONDO"}},
{"type":"Feature","geometry":{"type":"LineString","coordinates":[[-63.18488,-17.42229],[-63.18499,-17.42175]]},"properties":{"description":"LOTE","styleUrl":"#line3","stroke-opacity":1,"stroke":"#000000","stroke-width":1,"name":"FONDO"}},
{"type":"Feature","geometry":{"type":"LineString","coordinates":[[-63.18479,-17.42227],[-63.1849,-17.42174]]},"properties":{"description":"LOTE","styleUrl":"#line3","stroke-opacity":1,"stroke":"#000000","stroke-width":1,"name":"FONDO"}},
{"type":"Feature","geometry":{"type":"LineString","coordinates":[[-63.18469,-17.42225],[-63.18481,-17.42172]]},"properties":{"description":"LOTE","styleUrl":"#line3","stroke-opacity":1,"stroke":"#000000","stroke-width":1,"name":"FONDO"}},
{"type":"Feature","geometry":{"type":"LineString","coordinates":[[-63.1846,-17.42223],[-63.18467,-17.42192]]},"properties":{"description":"LOTE","styleUrl":"#line3","stroke-opacity":1,"stroke":"#000000","stroke-width":1,"name":"FONDO"}},
{"type":"Feature","geometry":{"type":"LineString","coordinates":[[-63.18686,-17.422],[-63.18695,-17.42156]]},"properties":{"description":"LOTE","styleUrl":"#line3","stroke-opacity":1,"stroke":"#000000","stroke-width":1,"name":"FONDO"}},
{"type":"Feature","geometry":{"type":"LineString","coordinates":[[-63.18677,-17.42198],[-63.18686,-17.42154]]},"properties":{"description":"LOTE","styleUrl":"#line3","stroke-opacity":1,"stroke":"#000000","stroke-width":1,"name":"FONDO"}},
{"type":"Feature","geometry":{"type":"LineString","coordinates":[[-63.18668,-17.42196],[-63.18677,-17.42152]]},"properties":{"description":"LOTE","styleUrl":"#line3","stroke-opacity":1,"stroke":"#000000","stroke-width":1,"name":"FONDO"}},
{"type":"Feature","geometry":{"type":"LineString","coordinates":[[-63.18658,-17.42194],[-63.18668,-17.4215]]},"properties":{"description":"LOTE","styleUrl":"#line3","stroke-opacity":1,"stroke":"#000000","stroke-width":1,"name":"FONDO"}},
{"type":"Feature","geometry":{"type":"LineString","coordinates":[[-63.18649,-17.42193],[-63.18659,-17.42148]]},"properties":{"description":"LOTE","styleUrl":"#line3","stroke-opacity":1,"stroke":"#000000","stroke-width":1,"name":"FONDO"}},
{"type":"Feature","geometry":{"type":"LineString","coordinates":[[-63.1864,-17.42191],[-63.18649,-17.42147]]},"properties":{"description":"LOTE","styleUrl":"#line3","stroke-opacity":1,"stroke":"#000000","stroke-width":1,"name":"FONDO"}},
{"type":"Feature","geometry":{"type":"LineString","coordinates":[[-63.18631,-17.42189],[-63.1864,-17.42145]]},"properties":{"description":"LOTE","styleUrl":"#line3","stroke-opacity":1,"stroke":"#000000","stroke-width":1,"name":"FONDO"}},
{"type":"Feature","geometry":{"type":"LineString","coordinates":[[-63.18621,-17.42187],[-63.18631,-17.42143]]},"properties":{"description":"LOTE","styleUrl":"#line3","stroke-opacity":1,"stroke":"#000000","stroke-width":1,"name":"FONDO"}},
{"type":"Feature","geometry":{"type":"LineString","coordinates":[[-63.18612,-17.42186],[-63.18622,-17.42141]]},"properties":{"description":"LOTE","styleUrl":"#line3","stroke-opacity":1,"stroke":"#000000","stroke-width":1,"name":"FONDO"}},
{"type":"Feature","geometry":{"type":"LineString","coordinates":[[-63.18603,-17.42184],[-63.18612,-17.42139]]},"properties":{"description":"LOTE","styleUrl":"#line3","stroke-opacity":1,"stroke":"#000000","stroke-width":1,"name":"FONDO"}},
{"type":"Feature","geometry":{"type":"LineString","coordinates":[[-63.18594,-17.42182],[-63.18603,-17.42138]]},"properties":{"description":"LOTE","styleUrl":"#line3","stroke-opacity":1,"stroke":"#000000","stroke-width":1,"name":"FONDO"}},
{"type":"Feature","geometry":{"type":"LineString","coordinates":[[-63.18585,-17.4218],[-63.18594,-17.42136]]},"properties":{"description":"LOTE","styleUrl":"#line3","stroke-opacity":1,"stroke":"#000000","stroke-width":1,"name":"FONDO"}},
{"type":"Feature","geometry":{"type":"LineString","coordinates":[[-63.18575,-17.42178],[-63.18585,-17.42134]]},"properties":{"description":"LOTE","styleUrl":"#line3","stroke-opacity":1,"stroke":"#000000","stroke-width":1,"name":"FONDO"}},
{"type":"Feature","geometry":{"type":"LineString","coordinates":[[-63.18566,-17.42177],[-63.18575,-17.42132]]},"properties":{"description":"LOTE","styleUrl":"#line3","stroke-opacity":1,"stroke":"#000000","stroke-width":1,"name":"FONDO"}},
{"type":"Feature","geometry":{"type":"LineString","coordinates":[[-63.18557,-17.42175],[-63.18566,-17.4213]]},"properties":{"description":"LOTE","styleUrl":"#line3","stroke-opacity":1,"stroke":"#000000","stroke-width":1,"name":"FONDO"}},
{"type":"Feature","geometry":{"type":"LineString","coordinates":[[-63.18548,-17.42173],[-63.18557,-17.42129]]},"properties":{"description":"LOTE","styleUrl":"#line3","stroke-opacity":1,"stroke":"#000000","stroke-width":1,"name":"FONDO"}},
{"type":"Feature","geometry":{"type":"LineString","coordinates":[[-63.18538,-17.42171],[-63.18548,-17.42127]]},"properties":{"description":"LOTE","styleUrl":"#line3","stroke-opacity":1,"stroke":"#000000","stroke-width":1,"name":"FONDO"}},
{"type":"Feature","geometry":{"type":"LineString","coordinates":[[-63.18529,-17.42169],[-63.18539,-17.42125]]},"properties":{"description":"LOTE","styleUrl":"#line3","stroke-opacity":1,"stroke":"#000000","stroke-width":1,"name":"FONDO"}},
{"type":"Feature","geometry":{"type":"LineString","coordinates":[[-63.1852,-17.42168],[-63.18529,-17.42123]]},"properties":{"description":"LOTE","styleUrl":"#line3","stroke-opacity":1,"stroke":"#000000","stroke-width":1,"name":"FONDO"}},
{"type":"Feature","geometry":{"type":"LineString","coordinates":[[-63.18511,-17.42166],[-63.1852,-17.42121]]},"properties":{"description":"LOTE","styleUrl":"#line3","stroke-opacity":1,"stroke":"#000000","stroke-width":1,"name":"FONDO"}},
{"type":"Feature","geometry":{"type":"LineString","coordinates":[[-63.18502,-17.42164],[-63.18506,-17.42142]]},"properties":{"description":"LOTE","styleUrl":"#line3","stroke-opacity":1,"stroke":"#000000","stroke-width":1,"name":"FONDO"}},
{"type":"Feature","geometry":{"type":"LineString","coordinates":[[-63.18098,-17.42196],[-63.18145,-17.42226]]},"properties":{"description":"LOTE","styleUrl":"#line3","stroke-opacity":1,"stroke":"#000000","stroke-width":1,"name":"FONDO"}},
{"type":"Feature","geometry":{"type":"LineString","coordinates":[[-63.18172,-17.4207],[-63.17905,-17.42006]]},"properties":{"description":"LOTE","styleUrl":"#line3","stroke-opacity":1,"stroke":"#000000","stroke-width":1,"name":"FONDO"}},
{"type":"Feature","geometry":{"type":"LineString","coordinates":[[-63.18137,-17.4212],[-63.17891,-17.42061]]},"properties":{"description":"LOTE","styleUrl":"#line3","stroke-opacity":1,"stroke":"#000000","stroke-width":1,"name":"FONDO"}},
{"type":"Feature","geometry":{"type":"LineString","coordinates":[[-63.17928,-17.42047],[-63.17915,-17.421]]},"properties":{"description":"LOTE","styleUrl":"#line3","stroke-opacity":1,"stroke":"#000000","stroke-width":1,"name":"FONDO"}},
{"type":"Feature","geometry":{"type":"LineString","coordinates":[[-63.17938,-17.42049],[-63.17924,-17.42102]]},"properties":{"description":"LOTE","styleUrl":"#line3","stroke-opacity":1,"stroke":"#000000","stroke-width":1,"name":"FONDO"}},
{"type":"Feature","geometry":{"type":"LineString","coordinates":[[-63.17947,-17.42051],[-63.17933,-17.42104]]},"properties":{"description":"LOTE","styleUrl":"#line3","stroke-opacity":1,"stroke":"#000000","stroke-width":1,"name":"FONDO"}},
{"type":"Feature","geometry":{"type":"LineString","coordinates":[[-63.17956,-17.42054],[-63.17943,-17.42106]]},"properties":{"description":"LOTE","styleUrl":"#line3","stroke-opacity":1,"stroke":"#000000","stroke-width":1,"name":"FONDO"}},
{"type":"Feature","geometry":{"type":"LineString","coordinates":[[-63.17965,-17.42056],[-63.17952,-17.42108]]},"properties":{"description":"LOTE","styleUrl":"#line3","stroke-opacity":1,"stroke":"#000000","stroke-width":1,"name":"FONDO"}},
{"type":"Feature","geometry":{"type":"LineString","coordinates":[[-63.17974,-17.42058],[-63.17961,-17.42111]]},"properties":{"description":"LOTE","styleUrl":"#line3","stroke-opacity":1,"stroke":"#000000","stroke-width":1,"name":"FONDO"}},
{"type":"Feature","geometry":{"type":"LineString","coordinates":[[-63.17983,-17.4206],[-63.1797,-17.42113]]},"properties":{"description":"LOTE","styleUrl":"#line3","stroke-opacity":1,"stroke":"#000000","stroke-width":1,"name":"FONDO"}},
{"type":"Feature","geometry":{"type":"LineString","coordinates":[[-63.17992,-17.42062],[-63.17979,-17.42115]]},"properties":{"description":"LOTE","styleUrl":"#line3","stroke-opacity":1,"stroke":"#000000","stroke-width":1,"name":"FONDO"}},
{"type":"Feature","geometry":{"type":"LineString","coordinates":[[-63.18002,-17.42064],[-63.17988,-17.42117]]},"properties":{"description":"LOTE","styleUrl":"#line3","stroke-opacity":1,"stroke":"#000000","stroke-width":1,"name":"FONDO"}},
{"type":"Feature","geometry":{"type":"LineString","coordinates":[[-63.18011,-17.42067],[-63.17997,-17.42119]]},"properties":{"description":"LOTE","styleUrl":"#line3","stroke-opacity":1,"stroke":"#000000","stroke-width":1,"name":"FONDO"}},
{"type":"Feature","geometry":{"type":"LineString","coordinates":[[-63.1802,-17.42069],[-63.18007,-17.42122]]},"properties":{"description":"LOTE","styleUrl":"#line3","stroke-opacity":1,"stroke":"#000000","stroke-width":1,"name":"FONDO"}},
{"type":"Feature","geometry":{"type":"LineString","coordinates":[[-63.18029,-17.42071],[-63.18016,-17.42124]]},"properties":{"description":"LOTE","styleUrl":"#line3","stroke-opacity":1,"stroke":"#000000","stroke-width":1,"name":"FONDO"}},
{"type":"Feature","geometry":{"type":"LineString","coordinates":[[-63.18038,-17.42073],[-63.18025,-17.42126]]},"properties":{"description":"LOTE","styleUrl":"#line3","stroke-opacity":1,"stroke":"#000000","stroke-width":1,"name":"FONDO"}},
{"type":"Feature","geometry":{"type":"LineString","coordinates":[[-63.18047,-17.42075],[-63.18034,-17.42128]]},"properties":{"description":"LOTE","styleUrl":"#line3","stroke-opacity":1,"stroke":"#000000","stroke-width":1,"name":"FONDO"}},
{"type":"Feature","geometry":{"type":"LineString","coordinates":[[-63.18056,-17.42077],[-63.18043,-17.4213]]},"properties":{"description":"LOTE","styleUrl":"#line3","stroke-opacity":1,"stroke":"#000000","stroke-width":1,"name":"FONDO"}},
{"type":"Feature","geometry":{"type":"LineString","coordinates":[[-63.18066,-17.4208],[-63.18052,-17.42132]]},"properties":{"description":"LOTE","styleUrl":"#line3","stroke-opacity":1,"stroke":"#000000","stroke-width":1,"name":"FONDO"}},
{"type":"Feature","geometry":{"type":"LineString","coordinates":[[-63.18075,-17.42082],[-63.18061,-17.42135]]},"properties":{"description":"LOTE","styleUrl":"#line3","stroke-opacity":1,"stroke":"#000000","stroke-width":1,"name":"FONDO"}},
{"type":"Feature","geometry":{"type":"LineString","coordinates":[[-63.18084,-17.42084],[-63.18071,-17.42137]]},"properties":{"description":"LOTE","styleUrl":"#line3","stroke-opacity":1,"stroke":"#000000","stroke-width":1,"name":"FONDO"}},
{"type":"Feature","geometry":{"type":"LineString","coordinates":[[-63.18093,-17.42086],[-63.1808,-17.42139]]},"properties":{"description":"LOTE","styleUrl":"#line3","stroke-opacity":1,"stroke":"#000000","stroke-width":1,"name":"FONDO"}},
{"type":"Feature","geometry":{"type":"LineString","coordinates":[[-63.18102,-17.42088],[-63.18089,-17.42141]]},"properties":{"description":"LOTE","styleUrl":"#line3","stroke-opacity":1,"stroke":"#000000","stroke-width":1,"name":"FONDO"}},
{"type":"Feature","geometry":{"type":"LineString","coordinates":[[-63.18111,-17.42091],[-63.18098,-17.42143]]},"properties":{"description":"LOTE","styleUrl":"#line3","stroke-opacity":1,"stroke":"#000000","stroke-width":1,"name":"FONDO"}},
{"type":"Feature","geometry":{"type":"LineString","coordinates":[[-63.1812,-17.42093],[-63.18107,-17.42145]]},"properties":{"description":"LOTE","styleUrl":"#line3","stroke-opacity":1,"stroke":"#000000","stroke-width":1,"name":"FONDO"}},
{"type":"Feature","geometry":{"type":"LineString","coordinates":[[-63.18129,-17.42095],[-63.18124,-17.42117]]},"properties":{"description":"LOTE","styleUrl":"#line3","stroke-opacity":1,"stroke":"#000000","stroke-width":1,"name":"FONDO"}},
{"type":"Feature","geometry":{"type":"LineString","coordinates":[[-63.18083,-17.42196],[-63.1787,-17.42145]]},"properties":{"description":"LOTE","styleUrl":"#line3","stroke-opacity":1,"stroke":"#000000","stroke-width":1,"name":"FONDO"}},
{"type":"Feature","geometry":{"type":"LineString","coordinates":[[-63.1791,-17.42122],[-63.17896,-17.42174]]},"properties":{"description":"LOTE","styleUrl":"#line3","stroke-opacity":1,"stroke":"#000000","stroke-width":1,"name":"FONDO"}},
{"type":"Feature","geometry":{"type":"LineString","coordinates":[[-63.17919,-17.42124],[-63.17906,-17.42177]]},"properties":{"description":"LOTE","styleUrl":"#line3","stroke-opacity":1,"stroke":"#000000","stroke-width":1,"name":"FONDO"}},
{"type":"Feature","geometry":{"type":"LineString","coordinates":[[-63.17928,-17.42126],[-63.17915,-17.42179]]},"properties":{"description":"LOTE","styleUrl":"#line3","stroke-opacity":1,"stroke":"#000000","stroke-width":1,"name":"FONDO"}},
{"type":"Feature","geometry":{"type":"LineString","coordinates":[[-63.17937,-17.42128],[-63.17924,-17.42181]]},"properties":{"description":"LOTE","styleUrl":"#line3","stroke-opacity":1,"stroke":"#000000","stroke-width":1,"name":"FONDO"}},
{"type":"Feature","geometry":{"type":"LineString","coordinates":[[-63.17946,-17.4213],[-63.17933,-17.42183]]},"properties":{"description":"LOTE","styleUrl":"#line3","stroke-opacity":1,"stroke":"#000000","stroke-width":1,"name":"FONDO"}},
{"type":"Feature","geometry":{"type":"LineString","coordinates":[[-63.17955,-17.42133],[-63.17942,-17.42185]]},"properties":{"description":"LOTE","styleUrl":"#line3","stroke-opacity":1,"stroke":"#000000","stroke-width":1,"name":"FONDO"}},
{"type":"Feature","geometry":{"type":"LineString","coordinates":[[-63.17964,-17.42135],[-63.17951,-17.42188]]},"properties":{"description":"LOTE","styleUrl":"#line3","stroke-opacity":1,"stroke":"#000000","stroke-width":1,"name":"FONDO"}},
{"type":"Feature","geometry":{"type":"LineString","coordinates":[[-63.17974,-17.42137],[-63.1796,-17.4219]]},"properties":{"description":"LOTE","styleUrl":"#line3","stroke-opacity":1,"stroke":"#000000","stroke-width":1,"name":"FONDO"}},
{"type":"Feature","geometry":{"type":"LineString","coordinates":[[-63.17983,-17.42139],[-63.17969,-17.42192]]},"properties":{"description":"LOTE","styleUrl":"#line3","stroke-opacity":1,"stroke":"#000000","stroke-width":1,"name":"FONDO"}},
{"type":"Feature","geometry":{"type":"LineString","coordinates":[[-63.17992,-17.42141],[-63.17979,-17.42194]]},"properties":{"description":"LOTE","styleUrl":"#line3","stroke-opacity":1,"stroke":"#000000","stroke-width":1,"name":"FONDO"}},
{"type":"Feature","geometry":{"type":"LineString","coordinates":[[-63.18001,-17.42143],[-63.17988,-17.42196]]},"properties":{"description":"LOTE","styleUrl":"#line3","stroke-opacity":1,"stroke":"#000000","stroke-width":1,"name":"FONDO"}},
{"type":"Feature","geometry":{"type":"LineString","coordinates":[[-63.1801,-17.42146],[-63.17997,-17.42198]]},"properties":{"description":"LOTE","styleUrl":"#line3","stroke-opacity":1,"stroke":"#000000","stroke-width":1,"name":"FONDO"}},
{"type":"Feature","geometry":{"type":"LineString","coordinates":[[-63.18019,-17.42148],[-63.18006,-17.42201]]},"properties":{"description":"LOTE","styleUrl":"#line3","stroke-opacity":1,"stroke":"#000000","stroke-width":1,"name":"FONDO"}},
{"type":"Feature","geometry":{"type":"LineString","coordinates":[[-63.18028,-17.4215],[-63.18015,-17.42203]]},"properties":{"description":"LOTE","styleUrl":"#line3","stroke-opacity":1,"stroke":"#000000","stroke-width":1,"name":"FONDO"}},
{"type":"Feature","geometry":{"type":"LineString","coordinates":[[-63.18038,-17.42152],[-63.18024,-17.42205]]},"properties":{"description":"LOTE","styleUrl":"#line3","stroke-opacity":1,"stroke":"#000000","stroke-width":1,"name":"FONDO"}},
{"type":"Feature","geometry":{"type":"LineString","coordinates":[[-63.18047,-17.42154],[-63.18033,-17.42207]]},"properties":{"description":"LOTE","styleUrl":"#line3","stroke-opacity":1,"stroke":"#000000","stroke-width":1,"name":"FONDO"}},
{"type":"Feature","geometry":{"type":"LineString","coordinates":[[-63.18056,-17.42157],[-63.18043,-17.42209]]},"properties":{"description":"LOTE","styleUrl":"#line3","stroke-opacity":1,"stroke":"#000000","stroke-width":1,"name":"FONDO"}},
{"type":"Feature","geometry":{"type":"LineString","coordinates":[[-63.18065,-17.42159],[-63.18052,-17.42211]]},"properties":{"description":"LOTE","styleUrl":"#line3","stroke-opacity":1,"stroke":"#000000","stroke-width":1,"name":"FONDO"}},
{"type":"Feature","geometry":{"type":"LineString","coordinates":[[-63.18074,-17.42161],[-63.18061,-17.42214]]},"properties":{"description":"LOTE","styleUrl":"#line3","stroke-opacity":1,"stroke":"#000000","stroke-width":1,"name":"FONDO"}},
{"type":"Feature","geometry":{"type":"LineString","coordinates":[[-63.18083,-17.42163],[-63.18076,-17.42194]]},"properties":{"description":"LOTE","styleUrl":"#line3","stroke-opacity":1,"stroke":"#000000","stroke-width":1,"name":"FONDO"}},
{"type":"Feature","geometry":{"type":"LineString","coordinates":[[-63.17822,-17.42228],[-63.17811,-17.42272]]},"properties":{"description":"LOTE","styleUrl":"#line3","stroke-opacity":1,"stroke":"#000000","stroke-width":1,"name":"FONDO"}},
{"type":"Feature","geometry":{"type":"LineString","coordinates":[[-63.17813,-17.42225],[-63.17802,-17.42269]]},"properties":{"description":"LOTE","styleUrl":"#line3","stroke-opacity":1,"stroke":"#000000","stroke-width":1,"name":"FONDO"}},
{"type":"Feature","geometry":{"type":"LineString","coordinates":[[-63.1783,-17.42253],[-63.17743,-17.42232]]},"properties":{"description":"LOTE","styleUrl":"#line3","stroke-opacity":1,"stroke":"#000000","stroke-width":1,"name":"FONDO"}},
{"type":"Feature","geometry":{"type":"LineString","coordinates":[[-63.17804,-17.42223],[-63.17793,-17.42267]]},"properties":{"description":"LOTE","styleUrl":"#line3","stroke-opacity":1,"stroke":"#000000","stroke-width":1,"name":"FONDO"}},
{"type":"Feature","geometry":{"type":"LineString","coordinates":[[-63.17795,-17.42221],[-63.17784,-17.42265]]},"properties":{"description":"LOTE","styleUrl":"#line3","stroke-opacity":1,"stroke":"#000000","stroke-width":1,"name":"FONDO"}},
{"type":"Feature","geometry":{"type":"LineString","coordinates":[[-63.17785,-17.42219],[-63.17774,-17.42263]]},"properties":{"description":"LOTE","styleUrl":"#line3","stroke-opacity":1,"stroke":"#000000","stroke-width":1,"name":"FONDO"}},
{"type":"Feature","geometry":{"type":"LineString","coordinates":[[-63.17776,-17.42217],[-63.17765,-17.42261]]},"properties":{"description":"LOTE","styleUrl":"#line3","stroke-opacity":1,"stroke":"#000000","stroke-width":1,"name":"FONDO"}},
{"type":"Feature","geometry":{"type":"LineString","coordinates":[[-63.17767,-17.42215],[-63.17756,-17.42258]]},"properties":{"description":"LOTE","styleUrl":"#line3","stroke-opacity":1,"stroke":"#000000","stroke-width":1,"name":"FONDO"}},
{"type":"Feature","geometry":{"type":"LineString","coordinates":[[-63.17758,-17.42212],[-63.17747,-17.42256]]},"properties":{"description":"LOTE","styleUrl":"#line3","stroke-opacity":1,"stroke":"#000000","stroke-width":1,"name":"FONDO"}},
{"type":"Feature","geometry":{"type":"LineString","coordinates":[[-63.17749,-17.4221],[-63.17738,-17.42254]]},"properties":{"description":"LOTE","styleUrl":"#line3","stroke-opacity":1,"stroke":"#000000","stroke-width":1,"name":"FONDO"}},
{"type":"Feature","geometry":{"type":"LineString","coordinates":[[-63.1774,-17.42208],[-63.1773,-17.42249]]},"properties":{"description":"LOTE","styleUrl":"#line3","stroke-opacity":1,"stroke":"#000000","stroke-width":1,"name":"FONDO"}},
{"type":"Feature","geometry":{"type":"LineString","coordinates":[[-63.17731,-17.42206],[-63.17721,-17.42243]]},"properties":{"description":"LOTE","styleUrl":"#line3","stroke-opacity":1,"stroke":"#000000","stroke-width":1,"name":"FONDO"}},
{"type":"Feature","geometry":{"type":"LineString","coordinates":[[-63.17721,-17.42204],[-63.17713,-17.42237]]},"properties":{"description":"LOTE","styleUrl":"#line3","stroke-opacity":1,"stroke":"#000000","stroke-width":1,"name":"FONDO"}},
{"type":"Feature","geometry":{"type":"LineString","coordinates":[[-63.17712,-17.42201],[-63.17705,-17.42231]]},"properties":{"description":"LOTE","styleUrl":"#line3","stroke-opacity":1,"stroke":"#000000","stroke-width":1,"name":"FONDO"}},
{"type":"Feature","geometry":{"type":"LineString","coordinates":[[-63.17703,-17.42199],[-63.17697,-17.42225]]},"properties":{"description":"LOTE","styleUrl":"#line3","stroke-opacity":1,"stroke":"#000000","stroke-width":1,"name":"FONDO"}},
{"type":"Feature","geometry":{"type":"LineString","coordinates":[[-63.17693,-17.42197],[-63.17688,-17.42219]]},"properties":{"description":"LOTE","styleUrl":"#line3","stroke-opacity":1,"stroke":"#000000","stroke-width":1,"name":"FONDO"}},
{"type":"Feature","geometry":{"type":"LineString","coordinates":[[-63.17676,-17.42193],[-63.17672,-17.42208]]},"properties":{"description":"LOTE","styleUrl":"#line3","stroke-opacity":1,"stroke":"#000000","stroke-width":1,"name":"FONDO"}},
{"type":"Feature","geometry":{"type":"LineString","coordinates":[[-63.17657,-17.42188],[-63.17655,-17.42195]]},"properties":{"description":"LOTE","styleUrl":"#line3","stroke-opacity":1,"stroke":"#000000","stroke-width":1,"name":"FONDO"}},
{"type":"Feature","geometry":{"type":"LineString","coordinates":[[-63.17843,-17.42106],[-63.1783,-17.42159]]},"properties":{"description":"LOTE","styleUrl":"#line3","stroke-opacity":1,"stroke":"#000000","stroke-width":1,"name":"FONDO"}},
{"type":"Feature","geometry":{"type":"LineString","coordinates":[[-63.17769,-17.42179],[-63.17588,-17.42137]]},"properties":{"description":"LOTE","styleUrl":"#line3","stroke-opacity":1,"stroke":"#000000","stroke-width":1,"name":"FONDO"}},
{"type":"Feature","geometry":{"type":"LineString","coordinates":[[-63.17858,-17.42142],[-63.17602,-17.42081]]},"properties":{"description":"LOTE","styleUrl":"#line3","stroke-opacity":1,"stroke":"#000000","stroke-width":1,"name":"FONDO"}},
{"type":"Feature","geometry":{"type":"LineString","coordinates":[[-63.17834,-17.42104],[-63.17821,-17.42156]]},"properties":{"description":"LOTE","styleUrl":"#line3","stroke-opacity":1,"stroke":"#000000","stroke-width":1,"name":"FONDO"}},
{"type":"Feature","geometry":{"type":"LineString","coordinates":[[-63.17825,-17.42102],[-63.17811,-17.42154]]},"properties":{"description":"LOTE","styleUrl":"#line3","stroke-opacity":1,"stroke":"#000000","stroke-width":1,"name":"FONDO"}},
{"type":"Feature","geometry":{"type":"LineString","coordinates":[[-63.17815,-17.42099],[-63.17802,-17.42152]]},"properties":{"description":"LOTE","styleUrl":"#line3","stroke-opacity":1,"stroke":"#000000","stroke-width":1,"name":"FONDO"}},
{"type":"Feature","geometry":{"type":"LineString","coordinates":[[-63.17806,-17.42097],[-63.17793,-17.4215]]},"properties":{"description":"LOTE","styleUrl":"#line3","stroke-opacity":1,"stroke":"#000000","stroke-width":1,"name":"FONDO"}},
{"type":"Feature","geometry":{"type":"LineString","coordinates":[[-63.17797,-17.42095],[-63.17784,-17.42148]]},"properties":{"description":"LOTE","styleUrl":"#line3","stroke-opacity":1,"stroke":"#000000","stroke-width":1,"name":"FONDO"}},
{"type":"Feature","geometry":{"type":"LineString","coordinates":[[-63.17774,-17.42158],[-63.17763,-17.42201]]},"properties":{"description":"LOTE","styleUrl":"#line3","stroke-opacity":1,"stroke":"#000000","stroke-width":1,"name":"FONDO"}},
{"type":"Feature","geometry":{"type":"LineString","coordinates":[[-63.17788,-17.42093],[-63.17775,-17.42146]]},"properties":{"description":"LOTE","styleUrl":"#line3","stroke-opacity":1,"stroke":"#000000","stroke-width":1,"name":"FONDO"}},
{"type":"Feature","geometry":{"type":"LineString","coordinates":[[-63.17763,-17.42155],[-63.17752,-17.42199]]},"properties":{"description":"LOTE","styleUrl":"#line3","stroke-opacity":1,"stroke":"#000000","stroke-width":1,"name":"FONDO"}},
{"type":"Feature","geometry":{"type":"LineString","coordinates":[[-63.17779,-17.42091],[-63.17766,-17.42143]]},"properties":{"description":"LOTE","styleUrl":"#line3","stroke-opacity":1,"stroke":"#000000","stroke-width":1,"name":"FONDO"}},
{"type":"Feature","geometry":{"type":"LineString","coordinates":[[-63.17754,-17.42153],[-63.17743,-17.42197]]},"properties":{"description":"LOTE","styleUrl":"#line3","stroke-opacity":1,"stroke":"#000000","stroke-width":1,"name":"FONDO"}},
{"type":"Feature","geometry":{"type":"LineString","coordinates":[[-63.1777,-17.42089],[-63.17757,-17.42141]]},"properties":{"description":"LOTE","styleUrl":"#line3","stroke-opacity":1,"stroke":"#000000","stroke-width":1,"name":"FONDO"}},
{"type":"Feature","geometry":{"type":"LineString","coordinates":[[-63.17745,-17.4215],[-63.17733,-17.42194]]},"properties":{"description":"LOTE","styleUrl":"#line3","stroke-opacity":1,"stroke":"#000000","stroke-width":1,"name":"FONDO"}},
{"type":"Feature","geometry":{"type":"LineString","coordinates":[[-63.17761,-17.42086],[-63.17747,-17.42139]]},"properties":{"description":"LOTE","styleUrl":"#line3","stroke-opacity":1,"stroke":"#000000","stroke-width":1,"name":"FONDO"}},
{"type":"Feature","geometry":{"type":"LineString","coordinates":[[-63.17735,-17.42148],[-63.17724,-17.42192]]},"properties":{"description":"LOTE","styleUrl":"#line3","stroke-opacity":1,"stroke":"#000000","stroke-width":1,"name":"FONDO"}},
{"type":"Feature","geometry":{"type":"LineString","coordinates":[[-63.17752,-17.42084],[-63.17738,-17.42137]]},"properties":{"description":"LOTE","styleUrl":"#line3","stroke-opacity":1,"stroke":"#000000","stroke-width":1,"name":"FONDO"}},
{"type":"Feature","geometry":{"type":"LineString","coordinates":[[-63.17726,-17.42146],[-63.17715,-17.4219]]},"properties":{"description":"LOTE","styleUrl":"#line3","stroke-opacity":1,"stroke":"#000000","stroke-width":1,"name":"FONDO"}},
{"type":"Feature","geometry":{"type":"LineString","coordinates":[[-63.17742,-17.42082],[-63.17729,-17.42135]]},"properties":{"description":"LOTE","styleUrl":"#line3","stroke-opacity":1,"stroke":"#000000","stroke-width":1,"name":"FONDO"}},
{"type":"Feature","geometry":{"type":"LineString","coordinates":[[-63.17717,-17.42144],[-63.17706,-17.42188]]},"properties":{"description":"LOTE","styleUrl":"#line3","stroke-opacity":1,"stroke":"#000000","stroke-width":1,"name":"FONDO"}},
{"type":"Feature","geometry":{"type":"LineString","coordinates":[[-63.17733,-17.4208],[-63.1772,-17.42133]]},"properties":{"description":"LOTE","styleUrl":"#line3","stroke-opacity":1,"stroke":"#000000","stroke-width":1,"name":"FONDO"}},
{"type":"Feature","geometry":{"type":"LineString","coordinates":[[-63.17708,-17.42142],[-63.17697,-17.42186]]},"properties":{"description":"LOTE","styleUrl":"#line3","stroke-opacity":1,"stroke":"#000000","stroke-width":1,"name":"FONDO"}},
{"type":"Feature","geometry":{"type":"LineString","coordinates":[[-63.17724,-17.42078],[-63.17711,-17.4213]]},"properties":{"description":"LOTE","styleUrl":"#line3","stroke-opacity":1,"stroke":"#000000","stroke-width":1,"name":"FONDO"}},
{"type":"Feature","geometry":{"type":"LineString","coordinates":[[-63.17699,-17.4214],[-63.17688,-17.42184]]},"properties":{"description":"LOTE","styleUrl":"#line3","stroke-opacity":1,"stroke":"#000000","stroke-width":1,"name":"FONDO"}},
{"type":"Feature","geometry":{"type":"LineString","coordinates":[[-63.17715,-17.42075],[-63.17702,-17.42128]]},"properties":{"description":"LOTE","styleUrl":"#line3","stroke-opacity":1,"stroke":"#000000","stroke-width":1,"name":"FONDO"}},
{"type":"Feature","geometry":{"type":"LineString","coordinates":[[-63.1769,-17.42137],[-63.17679,-17.42181]]},"properties":{"description":"LOTE","styleUrl":"#line3","stroke-opacity":1,"stroke":"#000000","stroke-width":1,"name":"FONDO"}},
{"type":"Feature","geometry":{"type":"LineString","coordinates":[[-63.17706,-17.42073],[-63.17693,-17.42126]]},"properties":{"description":"LOTE","styleUrl":"#line3","stroke-opacity":1,"stroke":"#000000","stroke-width":1,"name":"FONDO"}},
{"type":"Feature","geometry":{"type":"LineString","coordinates":[[-63.17681,-17.42135],[-63.1767,-17.42179]]},"properties":{"description":"LOTE","styleUrl":"#line3","stroke-opacity":1,"stroke":"#000000","stroke-width":1,"name":"FONDO"}},
{"type":"Feature","geometry":{"type":"LineString","coordinates":[[-63.17697,-17.42071],[-63.17683,-17.42124]]},"properties":{"description":"LOTE","styleUrl":"#line3","stroke-opacity":1,"stroke":"#000000","stroke-width":1,"name":"FONDO"}},
{"type":"Feature","geometry":{"type":"LineString","coordinates":[[-63.17671,-17.42133],[-63.1766,-17.42177]]},"properties":{"description":"LOTE","styleUrl":"#line3","stroke-opacity":1,"stroke":"#000000","stroke-width":1,"name":"FONDO"}},
{"type":"Feature","geometry":{"type":"LineString","coordinates":[[-63.17688,-17.42069],[-63.17674,-17.42122]]},"properties":{"description":"LOTE","styleUrl":"#line3","stroke-opacity":1,"stroke":"#000000","stroke-width":1,"name":"FONDO"}},
{"type":"Feature","geometry":{"type":"LineString","coordinates":[[-63.17662,-17.42131],[-63.17651,-17.42175]]},"properties":{"description":"LOTE","styleUrl":"#line3","stroke-opacity":1,"stroke":"#000000","stroke-width":1,"name":"FONDO"}},
{"type":"Feature","geometry":{"type":"LineString","coordinates":[[-63.17678,-17.42067],[-63.17665,-17.4212]]},"properties":{"description":"LOTE","styleUrl":"#line3","stroke-opacity":1,"stroke":"#000000","stroke-width":1,"name":"FONDO"}},
{"type":"Feature","geometry":{"type":"LineString","coordinates":[[-63.17653,-17.42129],[-63.17642,-17.42173]]},"properties":{"description":"LOTE","styleUrl":"#line3","stroke-opacity":1,"stroke":"#000000","stroke-width":1,"name":"FONDO"}},
{"type":"Feature","geometry":{"type":"LineString","coordinates":[[-63.17669,-17.42065],[-63.17656,-17.42117]]},"properties":{"description":"LOTE","styleUrl":"#line3","stroke-opacity":1,"stroke":"#000000","stroke-width":1,"name":"FONDO"}},
{"type":"Feature","geometry":{"type":"LineString","coordinates":[[-63.17644,-17.42127],[-63.17633,-17.42171]]},"properties":{"description":"LOTE","styleUrl":"#line3","stroke-opacity":1,"stroke":"#000000","stroke-width":1,"name":"FONDO"}},
{"type":"Feature","geometry":{"type":"LineString","coordinates":[[-63.1766,-17.42062],[-63.17647,-17.42115]]},"properties":{"description":"LOTE","styleUrl":"#line3","stroke-opacity":1,"stroke":"#000000","stroke-width":1,"name":"FONDO"}},
{"type":"Feature","geometry":{"type":"LineString","coordinates":[[-63.17635,-17.42124],[-63.17624,-17.42168]]},"properties":{"description":"LOTE","styleUrl":"#line3","stroke-opacity":1,"stroke":"#000000","stroke-width":1,"name":"FONDO"}},
{"type":"Feature","geometry":{"type":"LineString","coordinates":[[-63.17651,-17.4206],[-63.17638,-17.42113]]},"properties":{"description":"LOTE","styleUrl":"#line3","stroke-opacity":1,"stroke":"#000000","stroke-width":1,"name":"FONDO"}},
{"type":"Feature","geometry":{"type":"LineString","coordinates":[[-63.17626,-17.42122],[-63.17615,-17.42166]]},"properties":{"description":"LOTE","styleUrl":"#line3","stroke-opacity":1,"stroke":"#000000","stroke-width":1,"name":"FONDO"}},
{"type":"Feature","geometry":{"type":"LineString","coordinates":[[-63.17642,-17.42058],[-63.17629,-17.42111]]},"properties":{"description":"LOTE","styleUrl":"#line3","stroke-opacity":1,"stroke":"#000000","stroke-width":1,"name":"FONDO"}},
{"type":"Feature","geometry":{"type":"LineString","coordinates":[[-63.17617,-17.4212],[-63.17606,-17.42164]]},"properties":{"description":"LOTE","styleUrl":"#line3","stroke-opacity":1,"stroke":"#000000","stroke-width":1,"name":"FONDO"}},
{"type":"Feature","geometry":{"type":"LineString","coordinates":[[-63.17633,-17.42056],[-63.17619,-17.42109]]},"properties":{"description":"LOTE","styleUrl":"#line3","stroke-opacity":1,"stroke":"#000000","stroke-width":1,"name":"FONDO"}},
{"type":"Feature","geometry":{"type":"LineString","coordinates":[[-63.17607,-17.42118],[-63.17596,-17.42162]]},"properties":{"description":"LOTE","styleUrl":"#line3","stroke-opacity":1,"stroke":"#000000","stroke-width":1,"name":"FONDO"}},
{"type":"Feature","geometry":{"type":"LineString","coordinates":[[-63.17624,-17.42054],[-63.1761,-17.42106]]},"properties":{"description":"LOTE","styleUrl":"#line3","stroke-opacity":1,"stroke":"#000000","stroke-width":1,"name":"FONDO"}},
{"type":"Feature","geometry":{"type":"LineString","coordinates":[[-63.17893,-17.42003],[-63.17706,-17.41959]]},"properties":{"description":"LOTE","styleUrl":"#line3","stroke-opacity":1,"stroke":"#000000","stroke-width":1,"name":"FONDO"}},
{"type":"Feature","geometry":{"type":"LineString","coordinates":[[-63.17871,-17.42033],[-63.17858,-17.42086]]},"properties":{"description":"LOTE","styleUrl":"#line3","stroke-opacity":1,"stroke":"#000000","stroke-width":1,"name":"FONDO"}},
{"type":"Feature","geometry":{"type":"LineString","coordinates":[[-63.17862,-17.42031],[-63.17848,-17.42084]]},"properties":{"description":"LOTE","styleUrl":"#line3","stroke-opacity":1,"stroke":"#000000","stroke-width":1,"name":"FONDO"}},
{"type":"Feature","geometry":{"type":"LineString","coordinates":[[-63.17879,-17.42059],[-63.17623,-17.41998]]},"properties":{"description":"LOTE","styleUrl":"#line3","stroke-opacity":1,"stroke":"#000000","stroke-width":1,"name":"FONDO"}},
{"type":"Feature","geometry":{"type":"LineString","coordinates":[[-63.17853,-17.42029],[-63.17839,-17.42082]]},"properties":{"description":"LOTE","styleUrl":"#line3","stroke-opacity":1,"stroke":"#000000","stroke-width":1,"name":"FONDO"}},
{"type":"Feature","geometry":{"type":"LineString","coordinates":[[-63.17843,-17.42027],[-63.1783,-17.4208]]},"properties":{"description":"LOTE","styleUrl":"#line3","stroke-opacity":1,"stroke":"#000000","stroke-width":1,"name":"FONDO"}},
{"type":"Feature","geometry":{"type":"LineString","coordinates":[[-63.17834,-17.42025],[-63.17821,-17.42077]]},"properties":{"description":"LOTE","styleUrl":"#line3","stroke-opacity":1,"stroke":"#000000","stroke-width":1,"name":"FONDO"}},
{"type":"Feature","geometry":{"type":"LineString","coordinates":[[-63.17825,-17.42023],[-63.17812,-17.42075]]},"properties":{"description":"LOTE","styleUrl":"#line3","stroke-opacity":1,"stroke":"#000000","stroke-width":1,"name":"FONDO"}},
{"type":"Feature","geometry":{"type":"LineString","coordinates":[[-63.17816,-17.4202],[-63.17803,-17.42073]]},"properties":{"description":"LOTE","styleUrl":"#line3","stroke-opacity":1,"stroke":"#000000","stroke-width":1,"name":"FONDO"}},
{"type":"Feature","geometry":{"type":"LineString","coordinates":[[-63.17807,-17.42018],[-63.17794,-17.42071]]},"properties":{"description":"LOTE","styleUrl":"#line3","stroke-opacity":1,"stroke":"#000000","stroke-width":1,"name":"FONDO"}},
{"type":"Feature","geometry":{"type":"LineString","coordinates":[[-63.17798,-17.42016],[-63.17784,-17.42069]]},"properties":{"description":"LOTE","styleUrl":"#line3","stroke-opacity":1,"stroke":"#000000","stroke-width":1,"name":"FONDO"}},
{"type":"Feature","geometry":{"type":"LineString","coordinates":[[-63.17789,-17.42014],[-63.17775,-17.42067]]},"properties":{"description":"LOTE","styleUrl":"#line3","stroke-opacity":1,"stroke":"#000000","stroke-width":1,"name":"FONDO"}},
{"type":"Feature","geometry":{"type":"LineString","coordinates":[[-63.17779,-17.42012],[-63.17766,-17.42064]]},"properties":{"description":"LOTE","styleUrl":"#line3","stroke-opacity":1,"stroke":"#000000","stroke-width":1,"name":"FONDO"}},
{"type":"Feature","geometry":{"type":"LineString","coordinates":[[-63.1777,-17.42009],[-63.17757,-17.42062]]},"properties":{"description":"LOTE","styleUrl":"#line3","stroke-opacity":1,"stroke":"#000000","stroke-width":1,"name":"FONDO"}},
{"type":"Feature","geometry":{"type":"LineString","coordinates":[[-63.17761,-17.42007],[-63.17748,-17.4206]]},"properties":{"description":"LOTE","styleUrl":"#line3","stroke-opacity":1,"stroke":"#000000","stroke-width":1,"name":"FONDO"}},
{"type":"Feature","geometry":{"type":"LineString","coordinates":[[-63.17752,-17.42005],[-63.17739,-17.42058]]},"properties":{"description":"LOTE","styleUrl":"#line3","stroke-opacity":1,"stroke":"#000000","stroke-width":1,"name":"FONDO"}},
{"type":"Feature","geometry":{"type":"LineString","coordinates":[[-63.17743,-17.42003],[-63.1773,-17.42056]]},"properties":{"description":"LOTE","styleUrl":"#line3","stroke-opacity":1,"stroke":"#000000","stroke-width":1,"name":"FONDO"}},
{"type":"Feature","geometry":{"type":"LineString","coordinates":[[-63.17734,-17.42001],[-63.1772,-17.42054]]},"properties":{"description":"LOTE","styleUrl":"#line3","stroke-opacity":1,"stroke":"#000000","stroke-width":1,"name":"FONDO"}},
{"type":"Feature","geometry":{"type":"LineString","coordinates":[[-63.17725,-17.41999],[-63.17711,-17.42051]]},"properties":{"description":"LOTE","styleUrl":"#line3","stroke-opacity":1,"stroke":"#000000","stroke-width":1,"name":"FONDO"}},
{"type":"Feature","geometry":{"type":"LineString","coordinates":[[-63.17715,-17.41996],[-63.17702,-17.42049]]},"properties":{"description":"LOTE","styleUrl":"#line3","stroke-opacity":1,"stroke":"#000000","stroke-width":1,"name":"FONDO"}},
{"type":"Feature","geometry":{"type":"LineString","coordinates":[[-63.17706,-17.41994],[-63.17693,-17.42047]]},"properties":{"description":"LOTE","styleUrl":"#line3","stroke-opacity":1,"stroke":"#000000","stroke-width":1,"name":"FONDO"}},
{"type":"Feature","geometry":{"type":"LineString","coordinates":[[-63.17697,-17.41992],[-63.17684,-17.42045]]},"properties":{"description":"LOTE","styleUrl":"#line3","stroke-opacity":1,"stroke":"#000000","stroke-width":1,"name":"FONDO"}},
{"type":"Feature","geometry":{"type":"LineString","coordinates":[[-63.17688,-17.4199],[-63.17675,-17.42043]]},"properties":{"description":"LOTE","styleUrl":"#line3","stroke-opacity":1,"stroke":"#000000","stroke-width":1,"name":"FONDO"}},
{"type":"Feature","geometry":{"type":"LineString","coordinates":[[-63.17679,-17.41988],[-63.17666,-17.4204]]},"properties":{"description":"LOTE","styleUrl":"#line3","stroke-opacity":1,"stroke":"#000000","stroke-width":1,"name":"FONDO"}},
{"type":"Feature","geometry":{"type":"LineString","coordinates":[[-63.1767,-17.41986],[-63.17656,-17.42038]]},"properties":{"description":"LOTE","styleUrl":"#line3","stroke-opacity":1,"stroke":"#000000","stroke-width":1,"name":"FONDO"}},
{"type":"Feature","geometry":{"type":"LineString","coordinates":[[-63.17661,-17.41983],[-63.17647,-17.42036]]},"properties":{"description":"LOTE","styleUrl":"#line3","stroke-opacity":1,"stroke":"#000000","stroke-width":1,"name":"FONDO"}},
{"type":"Feature","geometry":{"type":"LineString","coordinates":[[-63.17651,-17.41981],[-63.17638,-17.42034]]},"properties":{"description":"LOTE","styleUrl":"#line3","stroke-opacity":1,"stroke":"#000000","stroke-width":1,"name":"FONDO"}},
{"type":"Feature","geometry":{"type":"LineString","coordinates":[[-63.17642,-17.41979],[-63.17629,-17.42032]]},"properties":{"description":"LOTE","styleUrl":"#line3","stroke-opacity":1,"stroke":"#000000","stroke-width":1,"name":"FONDO"}},
{"type":"Feature","geometry":{"type":"LineString","coordinates":[[-63.1759,-17.42078],[-63.17535,-17.42065]]},"properties":{"description":"LOTE","styleUrl":"#line3","stroke-opacity":1,"stroke":"#000000","stroke-width":1,"name":"FONDO"}},
{"type":"Feature","geometry":{"type":"LineString","coordinates":[[-63.17861,-17.42237],[-63.1785,-17.42281]]},"properties":{"description":"LOTE","styleUrl":"#line3","stroke-opacity":1,"stroke":"#000000","stroke-width":1,"name":"FONDO"}},
{"type":"Feature","geometry":{"type":"LineString","coordinates":[[-63.1787,-17.42239],[-63.17859,-17.42283]]},"properties":{"description":"LOTE","styleUrl":"#line3","stroke-opacity":1,"stroke":"#000000","stroke-width":1,"name":"FONDO"}},
{"type":"Feature","geometry":{"type":"LineString","coordinates":[[-63.1788,-17.42241],[-63.17869,-17.42285]]},"properties":{"description":"LOTE","styleUrl":"#line3","stroke-opacity":1,"stroke":"#000000","stroke-width":1,"name":"FONDO"}},
{"type":"Feature","geometry":{"type":"LineString","coordinates":[[-63.17889,-17.42243],[-63.17878,-17.42287]]},"properties":{"description":"LOTE","styleUrl":"#line3","stroke-opacity":1,"stroke":"#000000","stroke-width":1,"name":"FONDO"}},
{"type":"Feature","geometry":{"type":"LineString","coordinates":[[-63.17898,-17.42246],[-63.17887,-17.4229]]},"properties":{"description":"LOTE","styleUrl":"#line3","stroke-opacity":1,"stroke":"#000000","stroke-width":1,"name":"FONDO"}},
{"type":"Feature","geometry":{"type":"LineString","coordinates":[[-63.17907,-17.42248],[-63.17896,-17.42292]]},"properties":{"description":"LOTE","styleUrl":"#line3","stroke-opacity":1,"stroke":"#000000","stroke-width":1,"name":"FONDO"}},
{"type":"Feature","geometry":{"type":"LineString","coordinates":[[-63.17916,-17.4225],[-63.17905,-17.42294]]},"properties":{"description":"LOTE","styleUrl":"#line3","stroke-opacity":1,"stroke":"#000000","stroke-width":1,"name":"FONDO"}},
{"type":"Feature","geometry":{"type":"LineString","coordinates":[[-63.17925,-17.42252],[-63.17914,-17.42296]]},"properties":{"description":"LOTE","styleUrl":"#line3","stroke-opacity":1,"stroke":"#000000","stroke-width":1,"name":"FONDO"}},
{"type":"Feature","geometry":{"type":"LineString","coordinates":[[-63.17934,-17.42254],[-63.17923,-17.42298]]},"properties":{"description":"LOTE","styleUrl":"#line3","stroke-opacity":1,"stroke":"#000000","stroke-width":1,"name":"FONDO"}},
{"type":"Feature","geometry":{"type":"LineString","coordinates":[[-63.17944,-17.42256],[-63.17933,-17.423]]},"properties":{"description":"LOTE","styleUrl":"#line3","stroke-opacity":1,"stroke":"#000000","stroke-width":1,"name":"FONDO"}},
{"type":"Feature","geometry":{"type":"LineString","coordinates":[[-63.17953,-17.42259],[-63.17942,-17.42303]]},"properties":{"description":"LOTE","styleUrl":"#line3","stroke-opacity":1,"stroke":"#000000","stroke-width":1,"name":"FONDO"}},
{"type":"Feature","geometry":{"type":"LineString","coordinates":[[-63.17962,-17.42261],[-63.17951,-17.42305]]},"properties":{"description":"LOTE","styleUrl":"#line3","stroke-opacity":1,"stroke":"#000000","stroke-width":1,"name":"FONDO"}},
{"type":"Feature","geometry":{"type":"LineString","coordinates":[[-63.17971,-17.42263],[-63.1796,-17.42307]]},"properties":{"description":"LOTE","styleUrl":"#line3","stroke-opacity":1,"stroke":"#000000","stroke-width":1,"name":"FONDO"}},
{"type":"Feature","geometry":{"type":"LineString","coordinates":[[-63.1798,-17.42265],[-63.17969,-17.42309]]},"properties":{"description":"LOTE","styleUrl":"#line3","stroke-opacity":1,"stroke":"#000000","stroke-width":1,"name":"FONDO"}},
{"type":"Feature","geometry":{"type":"LineString","coordinates":[[-63.17989,-17.42267],[-63.17978,-17.42311]]},"properties":{"description":"LOTE","styleUrl":"#line3","stroke-opacity":1,"stroke":"#000000","stroke-width":1,"name":"FONDO"}},
{"type":"Feature","geometry":{"type":"LineString","coordinates":[[-63.17998,-17.4227],[-63.17987,-17.42313]]},"properties":{"description":"LOTE","styleUrl":"#line3","stroke-opacity":1,"stroke":"#000000","stroke-width":1,"name":"FONDO"}},
{"type":"Feature","geometry":{"type":"LineString","coordinates":[[-63.17979,-17.42342],[-63.17857,-17.42313]]},"properties":{"description":"LOTE","styleUrl":"#line3","stroke-opacity":1,"stroke":"#000000","stroke-width":1,"name":"FONDO"}},
{"type":"Feature","geometry":{"type":"LineString","coordinates":[[-63.18012,-17.42296],[-63.17842,-17.42256]]},"properties":{"description":"LOTE","styleUrl":"#line3","stroke-opacity":1,"stroke":"#000000","stroke-width":1,"name":"FONDO"}},
{"type":"Feature","geometry":{"type":"LineString","coordinates":[[-63.18972,-17.42428],[-63.18963,-17.42448]]},"properties":{"description":"LOTE","styleUrl":"#line3","stroke-opacity":1,"stroke":"#000000","stroke-width":1,"name":"FONDO"}},
{"type":"Feature","geometry":{"type":"LineString","coordinates":[[-63.18864,-17.42428],[-63.18766,-17.42388]]},"properties":{"description":"LOTE","styleUrl":"#line3","stroke-opacity":1,"stroke":"#000000","stroke-width":1,"name":"FONDO"}},
{"type":"Feature","geometry":{"type":"LineString","coordinates":[[-63.18766,-17.42388],[-63.18726,-17.42365]]},"properties":{"description":"LOTE","styleUrl":"#line3","stroke-opacity":1,"stroke":"#000000","stroke-width":1,"name":"FONDO"}},
{"type":"Feature","geometry":{"type":"LineString","coordinates":[[-63.18864,-17.42428],[-63.18925,-17.42441]]},"properties":{"description":"LOTE","styleUrl":"#line3","stroke-opacity":1,"stroke":"#000000","stroke-width":1,"name":"FONDO"}},
{"type":"Feature","geometry":{"type":"LineString","coordinates":[[-63.18925,-17.42441],[-63.18963,-17.42448]]},"properties":{"description":"LOTE","styleUrl":"#line3","stroke-opacity":1,"stroke":"#000000","stroke-width":1,"name":"FONDO"}},
{"type":"Feature","geometry":{"type":"LineString","coordinates":[[-63.18452,-17.42393],[-63.18457,-17.42371]]},"properties":{"description":"LOTE","styleUrl":"#line3","stroke-opacity":1,"stroke":"#000000","stroke-width":1,"name":"FONDO"}},
{"type":"Feature","geometry":{"type":"LineString","coordinates":[[-63.18458,-17.42408],[-63.18466,-17.42373]]},"properties":{"description":"LOTE","styleUrl":"#line3","stroke-opacity":1,"stroke":"#000000","stroke-width":1,"name":"FONDO"}},
{"type":"Feature","geometry":{"type":"LineString","coordinates":[[-63.18469,-17.42403],[-63.18475,-17.42375]]},"properties":{"description":"LOTE","styleUrl":"#line3","stroke-opacity":1,"stroke":"#000000","stroke-width":1,"name":"FONDO"}},
{"type":"Feature","geometry":{"type":"LineString","coordinates":[[-63.1848,-17.42398],[-63.18484,-17.42376]]},"properties":{"description":"LOTE","styleUrl":"#line3","stroke-opacity":1,"stroke":"#000000","stroke-width":1,"name":"FONDO"}},
{"type":"Feature","geometry":{"type":"LineString","coordinates":[[-63.18673,-17.4232],[-63.18523,-17.42291]]},"properties":{"description":"LOTE","styleUrl":"#line3","stroke-opacity":1,"stroke":"#000000","stroke-width":1,"name":"FONDO"}},
{"type":"Feature","geometry":{"type":"LineString","coordinates":[[-63.17805,-17.42282],[-63.17801,-17.423]]},"properties":{"description":"LOTE","styleUrl":"#line3","stroke-opacity":1,"stroke":"#000000","stroke-width":1,"name":"FONDO"}},
{"type":"Feature","geometry":{"type":"LineString","coordinates":[[-63.17588,-17.42086],[-63.17533,-17.42073]]},"properties":{"description":"LOTE","styleUrl":"#line3","stroke-opacity":1,"stroke":"#000000","stroke-width":1,"name":"FONDO"}},
{"type":"Feature","geometry":{"type":"LineString","coordinates":[[-63.17541,-17.4216],[-63.17563,-17.42072]]},"properties":{"description":"LOTE","styleUrl":"#line3","stroke-opacity":1,"stroke":"#000000","stroke-width":1,"name":"FONDO"}},
{"type":"Feature","geometry":{"type":"LineString","coordinates":[[-63.17558,-17.42071],[-63.17566,-17.4204]]},"properties":{"description":"LOTE","styleUrl":"#line3","stroke-opacity":1,"stroke":"#000000","stroke-width":1,"name":"FONDO"}},
{"type":"Feature","geometry":{"type":"LineString","coordinates":[[-63.17549,-17.42069],[-63.17557,-17.42038]]},"properties":{"description":"LOTE","styleUrl":"#line3","stroke-opacity":1,"stroke":"#000000","stroke-width":1,"name":"FONDO"}},
{"type":"Feature","geometry":{"type":"LineString","coordinates":[[-63.17567,-17.42073],[-63.17575,-17.42042]]},"properties":{"description":"LOTE","styleUrl":"#line3","stroke-opacity":1,"stroke":"#000000","stroke-width":1,"name":"FONDO"}},
{"type":"Feature","geometry":{"type":"LineString","coordinates":[[-63.17577,-17.42075],[-63.17584,-17.42044]]},"properties":{"description":"LOTE","styleUrl":"#line3","stroke-opacity":1,"stroke":"#000000","stroke-width":1,"name":"FONDO"}},
{"type":"Feature","geometry":{"type":"LineString","coordinates":[[-63.17586,-17.42094],[-63.17531,-17.42081]]},"properties":{"description":"LOTE","styleUrl":"#line3","stroke-opacity":1,"stroke":"#000000","stroke-width":1,"name":"FONDO"}},
{"type":"Feature","geometry":{"type":"LineString","coordinates":[[-63.17584,-17.42102],[-63.17529,-17.42089]]},"properties":{"description":"LOTE","styleUrl":"#line3","stroke-opacity":1,"stroke":"#000000","stroke-width":1,"name":"FONDO"}},
{"type":"Feature","geometry":{"type":"LineString","coordinates":[[-63.17582,-17.4211],[-63.17527,-17.42097]]},"properties":{"description":"LOTE","styleUrl":"#line3","stroke-opacity":1,"stroke":"#000000","stroke-width":1,"name":"FONDO"}},
{"type":"Feature","geometry":{"type":"LineString","coordinates":[[-63.1758,-17.42118],[-63.17525,-17.42105]]},"properties":{"description":"LOTE","styleUrl":"#line3","stroke-opacity":1,"stroke":"#000000","stroke-width":1,"name":"FONDO"}},
{"type":"Feature","geometry":{"type":"LineString","coordinates":[[-63.17578,-17.42126],[-63.17523,-17.42113]]},"properties":{"description":"LOTE","styleUrl":"#line3","stroke-opacity":1,"stroke":"#000000","stroke-width":1,"name":"FONDO"}},
{"type":"Feature","geometry":{"type":"LineString","coordinates":[[-63.17576,-17.42134],[-63.17521,-17.42121]]},"properties":{"description":"LOTE","styleUrl":"#line3","stroke-opacity":1,"stroke":"#000000","stroke-width":1,"name":"FONDO"}},
{"type":"Feature","geometry":{"type":"LineString","coordinates":[[-63.17574,-17.42142],[-63.17519,-17.42129]]},"properties":{"description":"LOTE","styleUrl":"#line3","stroke-opacity":1,"stroke":"#000000","stroke-width":1,"name":"FONDO"}},
{"type":"Feature","geometry":{"type":"LineString","coordinates":[[-63.17572,-17.4215],[-63.17517,-17.42137]]},"properties":{"description":"LOTE","styleUrl":"#line3","stroke-opacity":1,"stroke":"#000000","stroke-width":1,"name":"FONDO"}},
{"type":"Feature","geometry":{"type":"LineString","coordinates":[[-63.18008,-17.42272],[-63.18002,-17.42294]]},"properties":{"description":"LOTE","styleUrl":"#line3","stroke-opacity":1,"stroke":"#000000","stroke-width":1,"name":"FONDO"}},
{"type":"Feature","geometry":{"type":"LineString","coordinates":[[-63.18526,-17.42373],[-63.18536,-17.42328]]},"properties":{"description":"LOTE","styleUrl":"#line3","stroke-opacity":1,"stroke":"#000000","stroke-width":1,"name":"FONDO"}},
{"type":"Feature","geometry":{"type":"LineString","coordinates":[[-63.18518,-17.42313],[-63.18529,-17.4226]]},"properties":{"description":"LOTE","styleUrl":"#line3","stroke-opacity":1,"stroke":"#000000","stroke-width":1,"name":"FONDO"}},
{"type":"Feature","geometry":{"type":"LineString","coordinates":[[-63.18546,-17.42318],[-63.18557,-17.42265]]},"properties":{"description":"LOTE","styleUrl":"#line3","stroke-opacity":1,"stroke":"#000000","stroke-width":1,"name":"FONDO"}},
{"type":"Feature","geometry":{"type":"LineString","coordinates":[[-63.18537,-17.42317],[-63.18548,-17.42263]]},"properties":{"description":"LOTE","styleUrl":"#line3","stroke-opacity":1,"stroke":"#000000","stroke-width":1,"name":"FONDO"}},
{"type":"Feature","geometry":{"type":"LineString","coordinates":[[-63.18527,-17.42315],[-63.18539,-17.42262]]},"properties":{"description":"LOTE","styleUrl":"#line3","stroke-opacity":1,"stroke":"#000000","stroke-width":1,"name":"FONDO"}},
{"type":"Feature","geometry":{"type":"LineString","coordinates":[[-63.1848,-17.4234],[-63.18446,-17.42334]]},"properties":{"description":"LOTE","styleUrl":"#line3","stroke-opacity":1,"stroke":"#000000","stroke-width":1,"name":"FONDO"}},
{"type":"Feature","geometry":{"type":"LineString","coordinates":[[-63.18517,-17.42371],[-63.18526,-17.42327]]},"properties":{"description":"LOTE","styleUrl":"#line3","stroke-opacity":1,"stroke":"#000000","stroke-width":1,"name":"FONDO"}},
{"type":"Feature","geometry":{"type":"LineString","coordinates":[[-63.18508,-17.42369],[-63.18517,-17.42325]]},"properties":{"description":"LOTE","styleUrl":"#line3","stroke-opacity":1,"stroke":"#000000","stroke-width":1,"name":"FONDO"}},
{"type":"Feature","geometry":{"type":"LineString","coordinates":[[-63.18499,-17.42367],[-63.18508,-17.42323]]},"properties":{"description":"LOTE","styleUrl":"#line3","stroke-opacity":1,"stroke":"#000000","stroke-width":1,"name":"FONDO"}},
{"type":"Feature","geometry":{"type":"LineString","coordinates":[[-63.18489,-17.42365],[-63.18499,-17.42321]]},"properties":{"description":"LOTE","styleUrl":"#line3","stroke-opacity":1,"stroke":"#000000","stroke-width":1,"name":"FONDO"}},
{"type":"Feature","geometry":{"type":"LineString","coordinates":[[-63.1848,-17.42364],[-63.18489,-17.42319]]},"properties":{"description":"LOTE","styleUrl":"#line3","stroke-opacity":1,"stroke":"#000000","stroke-width":1,"name":"FONDO"}},
{"type":"Feature","geometry":{"type":"LineString","coordinates":[[-63.1854,-17.42352],[-63.18545,-17.4233]]},"properties":{"description":"LOTE","styleUrl":"#line3","stroke-opacity":1,"stroke":"#000000","stroke-width":1,"name":"FONDO"}},
{"type":"Feature","geometry":{"type":"LineString","coordinates":[[-63.18549,-17.42354],[-63.18554,-17.42332]]},"properties":{"description":"LOTE","styleUrl":"#line3","stroke-opacity":1,"stroke":"#000000","stroke-width":1,"name":"FONDO"}},
{"type":"Feature","geometry":{"type":"LineString","coordinates":[[-63.18559,-17.42356],[-63.18563,-17.42334]]},"properties":{"description":"LOTE","styleUrl":"#line3","stroke-opacity":1,"stroke":"#000000","stroke-width":1,"name":"FONDO"}},
{"type":"Feature","geometry":{"type":"LineString","coordinates":[[-63.18568,-17.42358],[-63.18573,-17.42335]]},"properties":{"description":"LOTE","styleUrl":"#line3","stroke-opacity":1,"stroke":"#000000","stroke-width":1,"name":"FONDO"}},
{"type":"Feature","geometry":{"type":"LineString","coordinates":[[-63.17861,-17.42296],[-63.17851,-17.42334]]},"properties":{"description":"LOTE","styleUrl":"#line3","stroke-opacity":1,"stroke":"#000000","stroke-width":1,"name":"FONDO"}},
{"type":"Feature","geometry":{"type":"LineString","coordinates":[[-63.17872,-17.42298],[-63.17862,-17.42336]]},"properties":{"description":"LOTE","styleUrl":"#line3","stroke-opacity":1,"stroke":"#000000","stroke-width":1,"name":"FONDO"}},
{"type":"Feature","geometry":{"type":"LineString","coordinates":[[-63.17883,-17.42301],[-63.17873,-17.42339]]},"properties":{"description":"LOTE","styleUrl":"#line3","stroke-opacity":1,"stroke":"#000000","stroke-width":1,"name":"FONDO"}},
{"type":"Feature","geometry":{"type":"LineString","coordinates":[[-63.17894,-17.42303],[-63.17884,-17.42341]]},"properties":{"description":"LOTE","styleUrl":"#line3","stroke-opacity":1,"stroke":"#000000","stroke-width":1,"name":"FONDO"}},
{"type":"Feature","geometry":{"type":"LineString","coordinates":[[-63.17905,-17.42306],[-63.17895,-17.42344]]},"properties":{"description":"LOTE","styleUrl":"#line3","stroke-opacity":1,"stroke":"#000000","stroke-width":1,"name":"FONDO"}},
{"type":"Feature","geometry":{"type":"LineString","coordinates":[[-63.17916,-17.42309],[-63.17906,-17.42346]]},"properties":{"description":"LOTE","styleUrl":"#line3","stroke-opacity":1,"stroke":"#000000","stroke-width":1,"name":"FONDO"}},
{"type":"Feature","geometry":{"type":"LineString","coordinates":[[-63.17927,-17.42311],[-63.17917,-17.42349]]},"properties":{"description":"LOTE","styleUrl":"#line3","stroke-opacity":1,"stroke":"#000000","stroke-width":1,"name":"FONDO"}},
{"type":"Feature","geometry":{"type":"LineString","coordinates":[[-63.17938,-17.42314],[-63.17928,-17.42351]]},"properties":{"description":"LOTE","styleUrl":"#line3","stroke-opacity":1,"stroke":"#000000","stroke-width":1,"name":"FONDO"}},
{"type":"Feature","geometry":{"type":"LineString","coordinates":[[-63.17949,-17.42316],[-63.17939,-17.42354]]},"properties":{"description":"LOTE","styleUrl":"#line3","stroke-opacity":1,"stroke":"#000000","stroke-width":1,"name":"FONDO"}},
{"type":"Feature","geometry":{"type":"LineString","coordinates":[[-63.1796,-17.42319],[-63.1795,-17.42356]]},"properties":{"description":"LOTE","styleUrl":"#line3","stroke-opacity":1,"stroke":"#000000","stroke-width":1,"name":"FONDO"}},
{"type":"Feature","geometry":{"type":"LineString","coordinates":[[-63.17971,-17.42322],[-63.17966,-17.42339]]},"properties":{"description":"LOTE","styleUrl":"#line3","stroke-opacity":1,"stroke":"#000000","stroke-width":1,"name":"FONDO"}},
{"type":"Feature","geometry":{"type":"LineString","coordinates":[[-63.17856,-17.42318],[-63.17828,-17.42311]]},"properties":{"description":"LOTE","styleUrl":"#line3","stroke-opacity":1,"stroke":"#000000","stroke-width":1,"name":"FONDO"}},
{"type":"Feature","geometry":{"type":"LineString","coordinates":[[-63.17858,-17.42309],[-63.1783,-17.42302]]},"properties":{"description":"LOTE","styleUrl":"#line3","stroke-opacity":1,"stroke":"#000000","stroke-width":1,"name":"FONDO"}},
{"type":"Feature","geometry":{"type":"LineString","coordinates":[[-63.18791,-17.42398],[-63.18795,-17.42379]]},"properties":{"description":"LOTE","styleUrl":"#line3","stroke-opacity":1,"stroke":"#000000","stroke-width":1,"name":"FONDO"}},
{"type":"Feature","geometry":{"type":"LineString","coordinates":[[-63.188,-17.42402],[-63.18805,-17.42381]]},"properties":{"description":"LOTE","styleUrl":"#line3","stroke-opacity":1,"stroke":"#000000","stroke-width":1,"name":"FONDO"}},
{"type":"Feature","geometry":{"type":"LineString","coordinates":[[-63.18809,-17.42406],[-63.18814,-17.42382]]},"properties":{"description":"LOTE","styleUrl":"#line3","stroke-opacity":1,"stroke":"#000000","stroke-width":1,"name":"FONDO"}},
{"type":"Feature","geometry":{"type":"LineString","coordinates":[[-63.18818,-17.42409],[-63.18823,-17.42384]]},"properties":{"description":"LOTE","styleUrl":"#line3","stroke-opacity":1,"stroke":"#000000","stroke-width":1,"name":"FONDO"}},
{"type":"Feature","geometry":{"type":"LineString","coordinates":[[-63.18827,-17.42413],[-63.18832,-17.42386]]},"properties":{"description":"LOTE","styleUrl":"#line3","stroke-opacity":1,"stroke":"#000000","stroke-width":1,"name":"FONDO"}},
{"type":"Feature","geometry":{"type":"LineString","coordinates":[[-63.18835,-17.42416],[-63.18841,-17.42388]]},"properties":{"description":"LOTE","styleUrl":"#line3","stroke-opacity":1,"stroke":"#000000","stroke-width":1,"name":"FONDO"}},
{"type":"Feature","geometry":{"type":"LineString","coordinates":[[-63.18844,-17.4242],[-63.18851,-17.4239]]},"properties":{"description":"LOTE","styleUrl":"#line3","stroke-opacity":1,"stroke":"#000000","stroke-width":1,"name":"FONDO"}},
{"type":"Feature","geometry":{"type":"LineString","coordinates":[[-63.18853,-17.42424],[-63.1886,-17.42391]]},"properties":{"description":"LOTE","styleUrl":"#line3","stroke-opacity":1,"stroke":"#000000","stroke-width":1,"name":"FONDO"}},
{"type":"Feature","geometry":{"type":"LineString","coordinates":[[-63.18862,-17.42427],[-63.18869,-17.42393]]},"properties":{"description":"LOTE","styleUrl":"#line3","stroke-opacity":1,"stroke":"#000000","stroke-width":1,"name":"FONDO"}},
{"type":"Feature","geometry":{"type":"LineString","coordinates":[[-63.18871,-17.42429],[-63.18878,-17.42395]]},"properties":{"description":"LOTE","styleUrl":"#line3","stroke-opacity":1,"stroke":"#000000","stroke-width":1,"name":"FONDO"}},
{"type":"Feature","geometry":{"type":"LineString","coordinates":[[-63.1888,-17.42431],[-63.18888,-17.42397]]},"properties":{"description":"LOTE","styleUrl":"#line3","stroke-opacity":1,"stroke":"#000000","stroke-width":1,"name":"FONDO"}},
{"type":"Feature","geometry":{"type":"LineString","coordinates":[[-63.1889,-17.42433],[-63.18897,-17.42399]]},"properties":{"description":"LOTE","styleUrl":"#line3","stroke-opacity":1,"stroke":"#000000","stroke-width":1,"name":"FONDO"}},
{"type":"Feature","geometry":{"type":"LineString","coordinates":[[-63.18899,-17.42435],[-63.18906,-17.424]]},"properties":{"description":"LOTE","styleUrl":"#line3","stroke-opacity":1,"stroke":"#000000","stroke-width":1,"name":"FONDO"}},
{"type":"Feature","geometry":{"type":"LineString","coordinates":[[-63.18908,-17.42437],[-63.18915,-17.42402]]},"properties":{"description":"LOTE","styleUrl":"#line3","stroke-opacity":1,"stroke":"#000000","stroke-width":1,"name":"FONDO"}},
{"type":"Feature","geometry":{"type":"LineString","coordinates":[[-63.18917,-17.42439],[-63.18925,-17.42404]]},"properties":{"description":"LOTE","styleUrl":"#line3","stroke-opacity":1,"stroke":"#000000","stroke-width":1,"name":"FONDO"}},
{"type":"Feature","geometry":{"type":"LineString","coordinates":[[-63.18926,-17.42441],[-63.18934,-17.42406]]},"properties":{"description":"LOTE","styleUrl":"#line3","stroke-opacity":1,"stroke":"#000000","stroke-width":1,"name":"FONDO"}},
{"type":"Feature","geometry":{"type":"LineString","coordinates":[[-63.18936,-17.42443],[-63.18943,-17.42407]]},"properties":{"description":"LOTE","styleUrl":"#line3","stroke-opacity":1,"stroke":"#000000","stroke-width":1,"name":"FONDO"}},
{"type":"Feature","geometry":{"type":"LineString","coordinates":[[-63.18954,-17.42447],[-63.18961,-17.42411]]},"properties":{"description":"LOTE","styleUrl":"#line3","stroke-opacity":1,"stroke":"#000000","stroke-width":1,"name":"FONDO"}},
{"type":"Feature","geometry":{"type":"LineString","coordinates":[[-63.18864,-17.42428],[-63.18925,-17.42441]]},"properties":{"description":"LOTE","styleUrl":"#line3","stroke-opacity":1,"stroke":"#000000","stroke-width":1,"name":"FONDO"}},
{"type":"Feature","geometry":{"type":"LineString","coordinates":[[-63.18782,-17.42394],[-63.18785,-17.42377]]},"properties":{"description":"LOTE","styleUrl":"#line3","stroke-opacity":1,"stroke":"#000000","stroke-width":1,"name":"FONDO"}},
{"type":"Feature","geometry":{"type":"LineString","coordinates":[[-63.18771,-17.4239],[-63.18774,-17.42375]]},"properties":{"description":"LOTE","styleUrl":"#line3","stroke-opacity":1,"stroke":"#000000","stroke-width":1,"name":"FONDO"}},
{"type":"Feature","geometry":{"type":"LineString","coordinates":[[-63.1876,-17.42384],[-63.18762,-17.42372]]},"properties":{"description":"LOTE","styleUrl":"#line3","stroke-opacity":1,"stroke":"#000000","stroke-width":1,"name":"FONDO"}},
{"type":"Feature","geometry":{"type":"LineString","coordinates":[[-63.1897,-17.42234],[-63.18725,-17.42187]]},"properties":{"description":"LOTE","styleUrl":"#line3","stroke-opacity":1,"stroke":"#000000","stroke-width":1,"name":"FONDO"}},
{"type":"Feature","geometry":{"type":"LineString","coordinates":[[-63.19013,-17.42237],[-63.18971,-17.42229]]},"properties":{"description":"LOTE","styleUrl":"#line3","stroke-opacity":1,"stroke":"#000000","stroke-width":1,"name":"FONDO"}},
{"type":"Feature","geometry":{"type":"LineString","coordinates":[[-63.1901,-17.42248],[-63.18969,-17.4224]]},"properties":{"description":"LOTE","styleUrl":"#line3","stroke-opacity":1,"stroke":"#000000","stroke-width":1,"name":"FONDO"}},
{"type":"Feature","geometry":{"type":"LineString","coordinates":[[-63.18979,-17.42328],[-63.18991,-17.42271]]},"properties":{"description":"LOTE","styleUrl":"#line3","stroke-opacity":1,"stroke":"#000000","stroke-width":1,"name":"FONDO"}},
{"type":"Feature","geometry":{"type":"LineString","coordinates":[[-63.18721,-17.42274],[-63.18733,-17.42221]]},"properties":{"description":"LOTE","styleUrl":"#line3","stroke-opacity":1,"stroke":"#000000","stroke-width":1,"name":"FONDO"}},
{"type":"Feature","geometry":{"type":"LineString","coordinates":[[-63.19,-17.42296],[-63.18714,-17.4224]]},"properties":{"description":"LOTE","styleUrl":"#line3","stroke-opacity":1,"stroke":"#000000","stroke-width":1,"name":"FONDO"}},
{"type":"Feature","geometry":{"type":"LineString","coordinates":[[-63.1897,-17.42324],[-63.18982,-17.42269]]},"properties":{"description":"LOTE","styleUrl":"#line3","stroke-opacity":1,"stroke":"#000000","stroke-width":1,"name":"FONDO"}},
{"type":"Feature","geometry":{"type":"LineString","coordinates":[[-63.18961,-17.42321],[-63.18973,-17.42267]]},"properties":{"description":"LOTE","styleUrl":"#line3","stroke-opacity":1,"stroke":"#000000","stroke-width":1,"name":"FONDO"}},
{"type":"Feature","geometry":{"type":"LineString","coordinates":[[-63.18952,-17.42319],[-63.18963,-17.42266]]},"properties":{"description":"LOTE","styleUrl":"#line3","stroke-opacity":1,"stroke":"#000000","stroke-width":1,"name":"FONDO"}},
{"type":"Feature","geometry":{"type":"LineString","coordinates":[[-63.18943,-17.42317],[-63.18954,-17.42264]]},"properties":{"description":"LOTE","styleUrl":"#line3","stroke-opacity":1,"stroke":"#000000","stroke-width":1,"name":"FONDO"}},
{"type":"Feature","geometry":{"type":"LineString","coordinates":[[-63.18915,-17.42312],[-63.18926,-17.42259]]},"properties":{"description":"LOTE","styleUrl":"#line3","stroke-opacity":1,"stroke":"#000000","stroke-width":1,"name":"FONDO"}},
{"type":"Feature","geometry":{"type":"LineString","coordinates":[[-63.18906,-17.4231],[-63.18917,-17.42257]]},"properties":{"description":"LOTE","styleUrl":"#line3","stroke-opacity":1,"stroke":"#000000","stroke-width":1,"name":"FONDO"}},
{"type":"Feature","geometry":{"type":"LineString","coordinates":[[-63.18897,-17.42308],[-63.18908,-17.42255]]},"properties":{"description":"LOTE","styleUrl":"#line3","stroke-opacity":1,"stroke":"#000000","stroke-width":1,"name":"FONDO"}},
{"type":"Feature","geometry":{"type":"LineString","coordinates":[[-63.18887,-17.42306],[-63.18899,-17.42253]]},"properties":{"description":"LOTE","styleUrl":"#line3","stroke-opacity":1,"stroke":"#000000","stroke-width":1,"name":"FONDO"}},
{"type":"Feature","geometry":{"type":"LineString","coordinates":[[-63.18878,-17.42305],[-63.18889,-17.42251]]},"properties":{"description":"LOTE","styleUrl":"#line3","stroke-opacity":1,"stroke":"#000000","stroke-width":1,"name":"FONDO"}},
{"type":"Feature","geometry":{"type":"LineString","coordinates":[[-63.18869,-17.42303],[-63.1888,-17.4225]]},"properties":{"description":"LOTE","styleUrl":"#line3","stroke-opacity":1,"stroke":"#000000","stroke-width":1,"name":"FONDO"}},
{"type":"Feature","geometry":{"type":"LineString","coordinates":[[-63.1886,-17.42301],[-63.18871,-17.42248]]},"properties":{"description":"LOTE","styleUrl":"#line3","stroke-opacity":1,"stroke":"#000000","stroke-width":1,"name":"FONDO"}},
{"type":"Feature","geometry":{"type":"LineString","coordinates":[[-63.18851,-17.42299],[-63.18862,-17.42246]]},"properties":{"description":"LOTE","styleUrl":"#line3","stroke-opacity":1,"stroke":"#000000","stroke-width":1,"name":"FONDO"}},
{"type":"Feature","geometry":{"type":"LineString","coordinates":[[-63.18841,-17.42297],[-63.18853,-17.42244]]},"properties":{"description":"LOTE","styleUrl":"#line3","stroke-opacity":1,"stroke":"#000000","stroke-width":1,"name":"FONDO"}},
{"type":"Feature","geometry":{"type":"LineString","coordinates":[[-63.18832,-17.42296],[-63.18843,-17.42242]]},"properties":{"description":"LOTE","styleUrl":"#line3","stroke-opacity":1,"stroke":"#000000","stroke-width":1,"name":"FONDO"}},
{"type":"Feature","geometry":{"type":"LineString","coordinates":[[-63.18823,-17.42294],[-63.18834,-17.42241]]},"properties":{"description":"LOTE","styleUrl":"#line3","stroke-opacity":1,"stroke":"#000000","stroke-width":1,"name":"FONDO"}},
{"type":"Feature","geometry":{"type":"LineString","coordinates":[[-63.18814,-17.42292],[-63.18825,-17.42239]]},"properties":{"description":"LOTE","styleUrl":"#line3","stroke-opacity":1,"stroke":"#000000","stroke-width":1,"name":"FONDO"}},
{"type":"Feature","geometry":{"type":"LineString","coordinates":[[-63.18804,-17.4229],[-63.18816,-17.42237]]},"properties":{"description":"LOTE","styleUrl":"#line3","stroke-opacity":1,"stroke":"#000000","stroke-width":1,"name":"FONDO"}},
{"type":"Feature","geometry":{"type":"LineString","coordinates":[[-63.18795,-17.42288],[-63.18806,-17.42235]]},"properties":{"description":"LOTE","styleUrl":"#line3","stroke-opacity":1,"stroke":"#000000","stroke-width":1,"name":"FONDO"}},
{"type":"Feature","geometry":{"type":"LineString","coordinates":[[-63.18786,-17.42287],[-63.18797,-17.42233]]},"properties":{"description":"LOTE","styleUrl":"#line3","stroke-opacity":1,"stroke":"#000000","stroke-width":1,"name":"FONDO"}},
{"type":"Feature","geometry":{"type":"LineString","coordinates":[[-63.18777,-17.42285],[-63.18788,-17.42232]]},"properties":{"description":"LOTE","styleUrl":"#line3","stroke-opacity":1,"stroke":"#000000","stroke-width":1,"name":"FONDO"}},
{"type":"Feature","geometry":{"type":"LineString","coordinates":[[-63.18768,-17.42283],[-63.18779,-17.4223]]},"properties":{"description":"LOTE","styleUrl":"#line3","stroke-opacity":1,"stroke":"#000000","stroke-width":1,"name":"FONDO"}},
{"type":"Feature","geometry":{"type":"LineString","coordinates":[[-63.18758,-17.42281],[-63.18769,-17.42228]]},"properties":{"description":"LOTE","styleUrl":"#line3","stroke-opacity":1,"stroke":"#000000","stroke-width":1,"name":"FONDO"}},
{"type":"Feature","geometry":{"type":"LineString","coordinates":[[-63.18749,-17.42279],[-63.1876,-17.42226]]},"properties":{"description":"LOTE","styleUrl":"#line3","stroke-opacity":1,"stroke":"#000000","stroke-width":1,"name":"FONDO"}},
{"type":"Feature","geometry":{"type":"LineString","coordinates":[[-63.1874,-17.42278],[-63.18751,-17.42224]]},"properties":{"description":"LOTE","styleUrl":"#line3","stroke-opacity":1,"stroke":"#000000","stroke-width":1,"name":"FONDO"}},
{"type":"Feature","geometry":{"type":"LineString","coordinates":[[-63.18731,-17.42276],[-63.18742,-17.42223]]},"properties":{"description":"LOTE","styleUrl":"#line3","stroke-opacity":1,"stroke":"#000000","stroke-width":1,"name":"FONDO"}},
{"type":"Feature","geometry":{"type":"LineString","coordinates":[[-63.18934,-17.42315],[-63.18945,-17.42262]]},"properties":{"description":"LOTE","styleUrl":"#line3","stroke-opacity":1,"stroke":"#000000","stroke-width":1,"name":"FONDO"}},
{"type":"Feature","geometry":{"type":"LineString","coordinates":[[-63.18924,-17.42313],[-63.18936,-17.4226]]},"properties":{"description":"LOTE","styleUrl":"#line3","stroke-opacity":1,"stroke":"#000000","stroke-width":1,"name":"FONDO"}},
{"type":"Feature","geometry":{"type":"LineString","coordinates":[[-63.18982,-17.4238],[-63.18696,-17.42324]]},"properties":{"description":"LOTE","styleUrl":"#line3","stroke-opacity":1,"stroke":"#000000","stroke-width":1,"name":"FONDO"}},
{"type":"Feature","geometry":{"type":"LineString","coordinates":[[-63.18761,-17.4236],[-63.18772,-17.42307]]},"properties":{"description":"LOTE","styleUrl":"#line3","stroke-opacity":1,"stroke":"#000000","stroke-width":1,"name":"FONDO"}},
{"type":"Feature","geometry":{"type":"LineString","coordinates":[[-63.1877,-17.42362],[-63.18781,-17.42309]]},"properties":{"description":"LOTE","styleUrl":"#line3","stroke-opacity":1,"stroke":"#000000","stroke-width":1,"name":"FONDO"}},
{"type":"Feature","geometry":{"type":"LineString","coordinates":[[-63.18779,-17.42364],[-63.18791,-17.42311]]},"properties":{"description":"LOTE","styleUrl":"#line3","stroke-opacity":1,"stroke":"#000000","stroke-width":1,"name":"FONDO"}},
{"type":"Feature","geometry":{"type":"LineString","coordinates":[[-63.18789,-17.42365],[-63.188,-17.42312]]},"properties":{"description":"LOTE","styleUrl":"#line3","stroke-opacity":1,"stroke":"#000000","stroke-width":1,"name":"FONDO"}},
{"type":"Feature","geometry":{"type":"LineString","coordinates":[[-63.18798,-17.42367],[-63.18809,-17.42314]]},"properties":{"description":"LOTE","styleUrl":"#line3","stroke-opacity":1,"stroke":"#000000","stroke-width":1,"name":"FONDO"}},
{"type":"Feature","geometry":{"type":"LineString","coordinates":[[-63.18807,-17.42369],[-63.18818,-17.42316]]},"properties":{"description":"LOTE","styleUrl":"#line3","stroke-opacity":1,"stroke":"#000000","stroke-width":1,"name":"FONDO"}},
{"type":"Feature","geometry":{"type":"LineString","coordinates":[[-63.18816,-17.42371],[-63.18827,-17.42318]]},"properties":{"description":"LOTE","styleUrl":"#line3","stroke-opacity":1,"stroke":"#000000","stroke-width":1,"name":"FONDO"}},
{"type":"Feature","geometry":{"type":"LineString","coordinates":[[-63.18825,-17.42373],[-63.18837,-17.42319]]},"properties":{"description":"LOTE","styleUrl":"#line3","stroke-opacity":1,"stroke":"#000000","stroke-width":1,"name":"FONDO"}},
{"type":"Feature","geometry":{"type":"LineString","coordinates":[[-63.18835,-17.42374],[-63.18846,-17.42321]]},"properties":{"description":"LOTE","styleUrl":"#line3","stroke-opacity":1,"stroke":"#000000","stroke-width":1,"name":"FONDO"}},
{"type":"Feature","geometry":{"type":"LineString","coordinates":[[-63.18844,-17.42376],[-63.18855,-17.42323]]},"properties":{"description":"LOTE","styleUrl":"#line3","stroke-opacity":1,"stroke":"#000000","stroke-width":1,"name":"FONDO"}},
{"type":"Feature","geometry":{"type":"LineString","coordinates":[[-63.18853,-17.42378],[-63.18864,-17.42325]]},"properties":{"description":"LOTE","styleUrl":"#line3","stroke-opacity":1,"stroke":"#000000","stroke-width":1,"name":"FONDO"}},
{"type":"Feature","geometry":{"type":"LineString","coordinates":[[-63.18862,-17.4238],[-63.18874,-17.42327]]},"properties":{"description":"LOTE","styleUrl":"#line3","stroke-opacity":1,"stroke":"#000000","stroke-width":1,"name":"FONDO"}},
{"type":"Feature","geometry":{"type":"LineString","coordinates":[[-63.18872,-17.42382],[-63.18883,-17.42328]]},"properties":{"description":"LOTE","styleUrl":"#line3","stroke-opacity":1,"stroke":"#000000","stroke-width":1,"name":"FONDO"}},
{"type":"Feature","geometry":{"type":"LineString","coordinates":[[-63.18881,-17.42383],[-63.18892,-17.4233]]},"properties":{"description":"LOTE","styleUrl":"#line3","stroke-opacity":1,"stroke":"#000000","stroke-width":1,"name":"FONDO"}},
{"type":"Feature","geometry":{"type":"LineString","coordinates":[[-63.1889,-17.42385],[-63.18901,-17.42332]]},"properties":{"description":"LOTE","styleUrl":"#line3","stroke-opacity":1,"stroke":"#000000","stroke-width":1,"name":"FONDO"}},
{"type":"Feature","geometry":{"type":"LineString","coordinates":[[-63.18899,-17.42387],[-63.18911,-17.42334]]},"properties":{"description":"LOTE","styleUrl":"#line3","stroke-opacity":1,"stroke":"#000000","stroke-width":1,"name":"FONDO"}},
{"type":"Feature","geometry":{"type":"LineString","coordinates":[[-63.18909,-17.42389],[-63.1892,-17.42336]]},"properties":{"description":"LOTE","styleUrl":"#line3","stroke-opacity":1,"stroke":"#000000","stroke-width":1,"name":"FONDO"}},
{"type":"Feature","geometry":{"type":"LineString","coordinates":[[-63.18918,-17.42391],[-63.18929,-17.42337]]},"properties":{"description":"LOTE","styleUrl":"#line3","stroke-opacity":1,"stroke":"#000000","stroke-width":1,"name":"FONDO"}},
{"type":"Feature","geometry":{"type":"LineString","coordinates":[[-63.18927,-17.42392],[-63.18938,-17.42339]]},"properties":{"description":"LOTE","styleUrl":"#line3","stroke-opacity":1,"stroke":"#000000","stroke-width":1,"name":"FONDO"}},
{"type":"Feature","geometry":{"type":"LineString","coordinates":[[-63.18936,-17.42394],[-63.18947,-17.42341]]},"properties":{"description":"LOTE","styleUrl":"#line3","stroke-opacity":1,"stroke":"#000000","stroke-width":1,"name":"FONDO"}},
{"type":"Feature","geometry":{"type":"LineString","coordinates":[[-63.18945,-17.42396],[-63.18957,-17.42343]]},"properties":{"description":"LOTE","styleUrl":"#line3","stroke-opacity":1,"stroke":"#000000","stroke-width":1,"name":"FONDO"}},
{"type":"Feature","geometry":{"type":"LineString","coordinates":[[-63.18955,-17.42398],[-63.18965,-17.42347]]},"properties":{"description":"LOTE","styleUrl":"#line3","stroke-opacity":1,"stroke":"#000000","stroke-width":1,"name":"FONDO"}},
{"type":"Feature","geometry":{"type":"LineString","coordinates":[[-63.18964,-17.424],[-63.18974,-17.42352]]},"properties":{"description":"LOTE","styleUrl":"#line3","stroke-opacity":1,"stroke":"#000000","stroke-width":1,"name":"FONDO"}},
{"type":"Feature","geometry":{"type":"LineString","coordinates":[[-63.18715,-17.42351],[-63.18726,-17.42298]]},"properties":{"description":"LOTE","styleUrl":"#line3","stroke-opacity":1,"stroke":"#000000","stroke-width":1,"name":"FONDO"}},
{"type":"Feature","geometry":{"type":"LineString","coordinates":[[-63.18705,-17.42349],[-63.18717,-17.42296]]},"properties":{"description":"LOTE","styleUrl":"#line3","stroke-opacity":1,"stroke":"#000000","stroke-width":1,"name":"FONDO"}},
{"type":"Feature","geometry":{"type":"LineString","coordinates":[[-63.18724,-17.42353],[-63.18735,-17.423]]},"properties":{"description":"LOTE","styleUrl":"#line3","stroke-opacity":1,"stroke":"#000000","stroke-width":1,"name":"FONDO"}},
{"type":"Feature","geometry":{"type":"LineString","coordinates":[[-63.18733,-17.42355],[-63.18744,-17.42302]]},"properties":{"description":"LOTE","styleUrl":"#line3","stroke-opacity":1,"stroke":"#000000","stroke-width":1,"name":"FONDO"}},
{"type":"Feature","geometry":{"type":"LineString","coordinates":[[-63.18742,-17.42357],[-63.18754,-17.42303]]},"properties":{"description":"LOTE","styleUrl":"#line3","stroke-opacity":1,"stroke":"#000000","stroke-width":1,"name":"FONDO"}},
{"type":"Feature","geometry":{"type":"LineString","coordinates":[[-63.18752,-17.42358],[-63.18763,-17.42305]]},"properties":{"description":"LOTE","styleUrl":"#line3","stroke-opacity":1,"stroke":"#000000","stroke-width":1,"name":"FONDO"}},
{"type":"Feature","geometry":{"type":"LineString","coordinates":[[-63.18048,-17.42246],[-63.17957,-17.42224]]},"properties":{"description":"LOTE","styleUrl":"#line3","stroke-opacity":1,"stroke":"#000000","stroke-width":1,"name":"FONDO"}},
{"type":"Feature","geometry":{"type":"LineString","coordinates":[[-63.17962,-17.42202],[-63.17951,-17.42246]]},"properties":{"description":"LOTE","styleUrl":"#line3","stroke-opacity":1,"stroke":"#000000","stroke-width":1,"name":"FONDO"}},
{"type":"Feature","geometry":{"type":"LineString","coordinates":[[-63.17971,-17.42204],[-63.1796,-17.42248]]},"properties":{"description":"LOTE","styleUrl":"#line3","stroke-opacity":1,"stroke":"#000000","stroke-width":1,"name":"FONDO"}},
{"type":"Feature","geometry":{"type":"LineString","coordinates":[[-63.1798,-17.42207],[-63.17969,-17.4225]]},"properties":{"description":"LOTE","styleUrl":"#line3","stroke-opacity":1,"stroke":"#000000","stroke-width":1,"name":"FONDO"}},
{"type":"Feature","geometry":{"type":"LineString","coordinates":[[-63.17989,-17.42209],[-63.17978,-17.42253]]},"properties":{"description":"LOTE","styleUrl":"#line3","stroke-opacity":1,"stroke":"#000000","stroke-width":1,"name":"FONDO"}},
{"type":"Feature","geometry":{"type":"LineString","coordinates":[[-63.17948,-17.42199],[-63.17937,-17.42243]]},"properties":{"description":"LOTE","styleUrl":"#line3","stroke-opacity":1,"stroke":"#000000","stroke-width":1,"name":"FONDO"}},
{"type":"Feature","geometry":{"type":"LineString","coordinates":[[-63.18952,-17.42409],[-63.18945,-17.42445]]},"properties":{"description":"LOTE","styleUrl":"#line3","stroke-opacity":1,"stroke":"#000000","stroke-width":1,"name":"FONDO"}},
{"type":"Feature","geometry":{"type":"LineString","coordinates":[[-63.17935,-17.42196],[-63.17924,-17.4224]]},"properties":{"description":"LOTE","styleUrl":"#line3","stroke-opacity":1,"stroke":"#000000","stroke-width":1,"name":"FONDO"}},
{"type":"Feature","geometry":{"type":"LineString","coordinates":[[-63.17999,-17.42211],[-63.17988,-17.42255]]},"properties":{"description":"LOTE","styleUrl":"#line3","stroke-opacity":1,"stroke":"#000000","stroke-width":1,"name":"FONDO"}},
{"type":"Feature","geometry":{"type":"LineString","coordinates":[[-63.18008,-17.42213],[-63.17997,-17.42257]]},"properties":{"description":"LOTE","styleUrl":"#line3","stroke-opacity":1,"stroke":"#000000","stroke-width":1,"name":"FONDO"}},
{"type":"Feature","geometry":{"type":"LineString","coordinates":[[-63.18017,-17.42215],[-63.18006,-17.42259]]},"properties":{"description":"LOTE","styleUrl":"#line3","stroke-opacity":1,"stroke":"#000000","stroke-width":1,"name":"FONDO"}},
{"type":"Feature","geometry":{"type":"LineString","coordinates":[[-63.18026,-17.42217],[-63.18015,-17.42261]]},"properties":{"description":"LOTE","styleUrl":"#line3","stroke-opacity":1,"stroke":"#000000","stroke-width":1,"name":"FONDO"}},
{"type":"Feature","geometry":{"type":"LineString","coordinates":[[-63.18035,-17.4222],[-63.18024,-17.42264]]},"properties":{"description":"LOTE","styleUrl":"#line3","stroke-opacity":1,"stroke":"#000000","stroke-width":1,"name":"FONDO"}},
{"type":"Feature","geometry":{"type":"LineString","coordinates":[[-63.18044,-17.42222],[-63.18039,-17.42244]]},"properties":{"description":"LOTE","styleUrl":"#line3","stroke-opacity":1,"stroke":"#000000","stroke-width":1,"name":"FONDO"}},
{"type":"Feature","geometry":{"type":"LineString","coordinates":[[-63.18252,-17.42412],[-63.18229,-17.42397]]},"properties":{"description":"LOTE","styleUrl":"#line3","stroke-opacity":1,"stroke":"#000000","stroke-width":1,"name":"FONDO"}},
{"type":"Feature","geometry":{"type":"LineString","coordinates":[[-63.18365,-17.42228],[-63.18347,-17.42255]]},"properties":{"description":"LOTE","styleUrl":"#line3","stroke-opacity":1,"stroke":"#000000","stroke-width":1,"name":"FONDO"}},
{"type":"Feature","geometry":{"type":"LineString","coordinates":[[-63.18317,-17.42251],[-63.18285,-17.4223]]},"properties":{"description":"LOTE","styleUrl":"#line3","stroke-opacity":1,"stroke":"#000000","stroke-width":1,"name":"FONDO"}},
{"type":"Feature","geometry":{"type":"LineString","coordinates":[[-63.18311,-17.4226],[-63.18278,-17.42239]]},"properties":{"description":"LOTE","styleUrl":"#line3","stroke-opacity":1,"stroke":"#000000","stroke-width":1,"name":"FONDO"}},
{"type":"Feature","geometry":{"type":"LineString","coordinates":[[-63.18305,-17.42269],[-63.18272,-17.42248]]},"properties":{"description":"LOTE","styleUrl":"#line3","stroke-opacity":1,"stroke":"#000000","stroke-width":1,"name":"FONDO"}},
{"type":"Feature","geometry":{"type":"LineString","coordinates":[[-63.18298,-17.42278],[-63.18266,-17.42257]]},"properties":{"description":"LOTE","styleUrl":"#line3","stroke-opacity":1,"stroke":"#000000","stroke-width":1,"name":"FONDO"}},
{"type":"Feature","geometry":{"type":"LineString","coordinates":[[-63.18292,-17.42287],[-63.18259,-17.42266]]},"properties":{"description":"LOTE","styleUrl":"#line3","stroke-opacity":1,"stroke":"#000000","stroke-width":1,"name":"FONDO"}},
{"type":"Feature","geometry":{"type":"LineString","coordinates":[[-63.18286,-17.42296],[-63.18253,-17.42275]]},"properties":{"description":"LOTE","styleUrl":"#line3","stroke-opacity":1,"stroke":"#000000","stroke-width":1,"name":"FONDO"}},
{"type":"Feature","geometry":{"type":"LineString","coordinates":[[-63.18279,-17.42305],[-63.18246,-17.42284]]},"properties":{"description":"LOTE","styleUrl":"#line3","stroke-opacity":1,"stroke":"#000000","stroke-width":1,"name":"FONDO"}},
{"type":"Feature","geometry":{"type":"LineString","coordinates":[[-63.18273,-17.42314],[-63.1824,-17.42292]]},"properties":{"description":"LOTE","styleUrl":"#line3","stroke-opacity":1,"stroke":"#000000","stroke-width":1,"name":"FONDO"}},
{"type":"Feature","geometry":{"type":"LineString","coordinates":[[-63.18266,-17.42323],[-63.18234,-17.42301]]},"properties":{"description":"LOTE","styleUrl":"#line3","stroke-opacity":1,"stroke":"#000000","stroke-width":1,"name":"FONDO"}},
{"type":"Feature","geometry":{"type":"LineString","coordinates":[[-63.1826,-17.42332],[-63.18227,-17.4231]]},"properties":{"description":"LOTE","styleUrl":"#line3","stroke-opacity":1,"stroke":"#000000","stroke-width":1,"name":"FONDO"}},
{"type":"Feature","geometry":{"type":"LineString","coordinates":[[-63.18254,-17.42341],[-63.18221,-17.42319]]},"properties":{"description":"LOTE","styleUrl":"#line3","stroke-opacity":1,"stroke":"#000000","stroke-width":1,"name":"FONDO"}},
{"type":"Feature","geometry":{"type":"LineString","coordinates":[[-63.18247,-17.4235],[-63.18215,-17.42328]]},"properties":{"description":"LOTE","styleUrl":"#line3","stroke-opacity":1,"stroke":"#000000","stroke-width":1,"name":"FONDO"}},
{"type":"Feature","geometry":{"type":"LineString","coordinates":[[-63.18241,-17.42359],[-63.18208,-17.42337]]},"properties":{"description":"LOTE","styleUrl":"#line3","stroke-opacity":1,"stroke":"#000000","stroke-width":1,"name":"FONDO"}},
{"type":"Feature","geometry":{"type":"LineString","coordinates":[[-63.18235,-17.42368],[-63.18202,-17.42346]]},"properties":{"description":"LOTE","styleUrl":"#line3","stroke-opacity":1,"stroke":"#000000","stroke-width":1,"name":"FONDO"}},
{"type":"Feature","geometry":{"type":"LineString","coordinates":[[-63.18228,-17.42377],[-63.18196,-17.42355]]},"properties":{"description":"LOTE","styleUrl":"#line3","stroke-opacity":1,"stroke":"#000000","stroke-width":1,"name":"FONDO"}},
{"type":"Feature","geometry":{"type":"LineString","coordinates":[[-63.18222,-17.42386],[-63.18189,-17.42364]]},"properties":{"description":"LOTE","styleUrl":"#line3","stroke-opacity":1,"stroke":"#000000","stroke-width":1,"name":"FONDO"}},
{"type":"Feature","geometry":{"type":"LineString","coordinates":[[-63.18216,-17.42395],[-63.18183,-17.42373]]},"properties":{"description":"LOTE","styleUrl":"#line3","stroke-opacity":1,"stroke":"#000000","stroke-width":1,"name":"FONDO"}},
{"type":"Feature","geometry":{"type":"LineString","coordinates":[[-63.18209,-17.42404],[-63.18177,-17.42382]]},"properties":{"description":"LOTE","styleUrl":"#line3","stroke-opacity":1,"stroke":"#000000","stroke-width":1,"name":"FONDO"}},
{"type":"Feature","geometry":{"type":"LineString","coordinates":[[-63.18404,-17.42173],[-63.1838,-17.42208]]},"properties":{"description":"LOTE","styleUrl":"#line3","stroke-opacity":1,"stroke":"#000000","stroke-width":1,"name":"FONDO"}},
{"type":"Feature","geometry":{"type":"LineString","coordinates":[[-63.18362,-17.42187],[-63.1833,-17.42166]]},"properties":{"description":"LOTE","styleUrl":"#line3","stroke-opacity":1,"stroke":"#000000","stroke-width":1,"name":"FONDO"}},
{"type":"Feature","geometry":{"type":"LineString","coordinates":[[-63.18369,-17.42178],[-63.18336,-17.42157]]},"properties":{"description":"LOTE","styleUrl":"#line3","stroke-opacity":1,"stroke":"#000000","stroke-width":1,"name":"FONDO"}},
{"type":"Feature","geometry":{"type":"LineString","coordinates":[[-63.18375,-17.42169],[-63.18342,-17.42148]]},"properties":{"description":"LOTE","styleUrl":"#line3","stroke-opacity":1,"stroke":"#000000","stroke-width":1,"name":"FONDO"}},
{"type":"Feature","geometry":{"type":"LineString","coordinates":[[-63.18381,-17.4216],[-63.18349,-17.42139]]},"properties":{"description":"LOTE","styleUrl":"#line3","stroke-opacity":1,"stroke":"#000000","stroke-width":1,"name":"FONDO"}},
{"type":"Feature","geometry":{"type":"LineString","coordinates":[[-63.18388,-17.42151],[-63.18355,-17.4213]]},"properties":{"description":"LOTE","styleUrl":"#line3","stroke-opacity":1,"stroke":"#000000","stroke-width":1,"name":"FONDO"}},
{"type":"Feature","geometry":{"type":"LineString","coordinates":[[-63.18394,-17.42142],[-63.18361,-17.42121]]},"properties":{"description":"LOTE","styleUrl":"#line3","stroke-opacity":1,"stroke":"#000000","stroke-width":1,"name":"FONDO"}},
{"type":"Feature","geometry":{"type":"LineString","coordinates":[[-63.18401,-17.42133],[-63.18368,-17.42112]]},"properties":{"description":"LOTE","styleUrl":"#line3","stroke-opacity":1,"stroke":"#000000","stroke-width":1,"name":"FONDO"}},
{"type":"Feature","geometry":{"type":"LineString","coordinates":[[-63.18407,-17.42124],[-63.18374,-17.42103]]},"properties":{"description":"LOTE","styleUrl":"#line3","stroke-opacity":1,"stroke":"#000000","stroke-width":1,"name":"FONDO"}},
{"type":"Feature","geometry":{"type":"LineString","coordinates":[[-63.1816,-17.42181],[-63.18133,-17.42219]]},"properties":{"description":"LOTE","styleUrl":"#line3","stroke-opacity":1,"stroke":"#000000","stroke-width":1,"name":"FONDO"}},
{"type":"Feature","geometry":{"type":"LineString","coordinates":[[-63.18228,-17.4206],[-63.18252,-17.42075]]},"properties":{"description":"LOTE","styleUrl":"#line3","stroke-opacity":1,"stroke":"#000000","stroke-width":1,"name":"FONDO"}},
{"type":"Feature","geometry":{"type":"LineString","coordinates":[[-63.18271,-17.42069],[-63.18303,-17.42091]]},"properties":{"description":"LOTE","styleUrl":"#line3","stroke-opacity":1,"stroke":"#000000","stroke-width":1,"name":"FONDO"}},
{"type":"Feature","geometry":{"type":"LineString","coordinates":[[-63.18264,-17.42078],[-63.18297,-17.42099]]},"properties":{"description":"LOTE","styleUrl":"#line3","stroke-opacity":1,"stroke":"#000000","stroke-width":1,"name":"FONDO"}},
{"type":"Feature","geometry":{"type":"LineString","coordinates":[[-63.18258,-17.42087],[-63.18291,-17.42108]]},"properties":{"description":"LOTE","styleUrl":"#line3","stroke-opacity":1,"stroke":"#000000","stroke-width":1,"name":"FONDO"}},
{"type":"Feature","geometry":{"type":"LineString","coordinates":[[-63.18252,-17.42096],[-63.18284,-17.42117]]},"properties":{"description":"LOTE","styleUrl":"#line3","stroke-opacity":1,"stroke":"#000000","stroke-width":1,"name":"FONDO"}},
{"type":"Feature","geometry":{"type":"LineString","coordinates":[[-63.18245,-17.42105],[-63.18278,-17.42126]]},"properties":{"description":"LOTE","styleUrl":"#line3","stroke-opacity":1,"stroke":"#000000","stroke-width":1,"name":"FONDO"}},
{"type":"Feature","geometry":{"type":"LineString","coordinates":[[-63.18239,-17.42114],[-63.18272,-17.42135]]},"properties":{"description":"LOTE","styleUrl":"#line3","stroke-opacity":1,"stroke":"#000000","stroke-width":1,"name":"FONDO"}},
{"type":"Feature","geometry":{"type":"LineString","coordinates":[[-63.18233,-17.42123],[-63.18265,-17.42144]]},"properties":{"description":"LOTE","styleUrl":"#line3","stroke-opacity":1,"stroke":"#000000","stroke-width":1,"name":"FONDO"}},
{"type":"Feature","geometry":{"type":"LineString","coordinates":[[-63.18226,-17.42132],[-63.18259,-17.42153]]},"properties":{"description":"LOTE","styleUrl":"#line3","stroke-opacity":1,"stroke":"#000000","stroke-width":1,"name":"FONDO"}},
{"type":"Feature","geometry":{"type":"LineString","coordinates":[[-63.1822,-17.42141],[-63.18253,-17.42162]]},"properties":{"description":"LOTE","styleUrl":"#line3","stroke-opacity":1,"stroke":"#000000","stroke-width":1,"name":"FONDO"}},
{"type":"Feature","geometry":{"type":"LineString","coordinates":[[-63.18247,-17.42419],[-63.18224,-17.42404]]},"properties":{"description":"LOTE","styleUrl":"#line3","stroke-opacity":1,"stroke":"#000000","stroke-width":1,"name":"FONDO"}},
{"type":"Feature","geometry":{"type":"LineString","coordinates":[[-63.1757,-17.42158],[-63.17516,-17.42144]]},"properties":{"description":"LOTE","styleUrl":"#line3","stroke-opacity":1,"stroke":"#000000","stroke-width":1,"name":"FONDO"}},
{"type":"Feature","geometry":{"type":"LineString","coordinates":[[-63.18099,-17.4238],[-63.18066,-17.42358]]},"properties":{"description":"LOTE","styleUrl":"#line3","stroke-opacity":1,"stroke":"#000000","stroke-width":1,"name":"FONDO"}},
{"type":"Feature","geometry":{"type":"LineString","coordinates":[[-63.18105,-17.42371],[-63.18072,-17.42349]]},"properties":{"description":"LOTE","styleUrl":"#line3","stroke-opacity":1,"stroke":"#000000","stroke-width":1,"name":"FONDO"}},
{"type":"Feature","geometry":{"type":"LineString","coordinates":[[-63.18111,-17.42362],[-63.18079,-17.4234]]},"properties":{"description":"LOTE","styleUrl":"#line3","stroke-opacity":1,"stroke":"#000000","stroke-width":1,"name":"FONDO"}},
{"type":"Feature","geometry":{"type":"LineString","coordinates":[[-63.18118,-17.42353],[-63.18085,-17.42331]]},"properties":{"description":"LOTE","styleUrl":"#line3","stroke-opacity":1,"stroke":"#000000","stroke-width":1,"name":"FONDO"}},
{"type":"Feature","geometry":{"type":"LineString","coordinates":[[-63.18124,-17.42344],[-63.18091,-17.42322]]},"properties":{"description":"LOTE","styleUrl":"#line3","stroke-opacity":1,"stroke":"#000000","stroke-width":1,"name":"FONDO"}},
{"type":"Feature","geometry":{"type":"LineString","coordinates":[[-63.18131,-17.42335],[-63.18098,-17.42313]]},"properties":{"description":"LOTE","styleUrl":"#line3","stroke-opacity":1,"stroke":"#000000","stroke-width":1,"name":"FONDO"}},
{"type":"Feature","geometry":{"type":"LineString","coordinates":[[-63.18137,-17.42326],[-63.18104,-17.42304]]},"properties":{"description":"LOTE","styleUrl":"#line3","stroke-opacity":1,"stroke":"#000000","stroke-width":1,"name":"FONDO"}},
{"type":"Feature","geometry":{"type":"LineString","coordinates":[[-63.18143,-17.42317],[-63.1811,-17.42295]]},"properties":{"description":"LOTE","styleUrl":"#line3","stroke-opacity":1,"stroke":"#000000","stroke-width":1,"name":"FONDO"}},
{"type":"Feature","geometry":{"type":"LineString","coordinates":[[-63.1815,-17.42308],[-63.18117,-17.42287]]},"properties":{"description":"LOTE","styleUrl":"#line3","stroke-opacity":1,"stroke":"#000000","stroke-width":1,"name":"FONDO"}},
{"type":"Feature","geometry":{"type":"LineString","coordinates":[[-63.18156,-17.42299],[-63.18123,-17.42278]]},"properties":{"description":"LOTE","styleUrl":"#line3","stroke-opacity":1,"stroke":"#000000","stroke-width":1,"name":"FONDO"}},
{"type":"Feature","geometry":{"type":"LineString","coordinates":[[-63.18162,-17.4229],[-63.1813,-17.42269]]},"properties":{"description":"LOTE","styleUrl":"#line3","stroke-opacity":1,"stroke":"#000000","stroke-width":1,"name":"FONDO"}},
{"type":"Feature","geometry":{"type":"LineString","coordinates":[[-63.18169,-17.42281],[-63.18136,-17.4226]]},"properties":{"description":"LOTE","styleUrl":"#line3","stroke-opacity":1,"stroke":"#000000","stroke-width":1,"name":"FONDO"}},
{"type":"Feature","geometry":{"type":"LineString","coordinates":[[-63.18175,-17.42272],[-63.18142,-17.42251]]},"properties":{"description":"LOTE","styleUrl":"#line3","stroke-opacity":1,"stroke":"#000000","stroke-width":1,"name":"FONDO"}},
{"type":"Feature","geometry":{"type":"LineString","coordinates":[[-63.18181,-17.42263],[-63.18149,-17.42242]]},"properties":{"description":"LOTE","styleUrl":"#line3","stroke-opacity":1,"stroke":"#000000","stroke-width":1,"name":"FONDO"}},
{"type":"Feature","geometry":{"type":"LineString","coordinates":[[-63.18188,-17.42254],[-63.18155,-17.42233]]},"properties":{"description":"LOTE","styleUrl":"#line3","stroke-opacity":1,"stroke":"#000000","stroke-width":1,"name":"FONDO"}},
{"type":"Feature","geometry":{"type":"LineString","coordinates":[[-63.18194,-17.42245],[-63.18161,-17.42224]]},"properties":{"description":"LOTE","styleUrl":"#line3","stroke-opacity":1,"stroke":"#000000","stroke-width":1,"name":"FONDO"}},
{"type":"Feature","geometry":{"type":"LineString","coordinates":[[-63.182,-17.42236],[-63.18168,-17.42215]]},"properties":{"description":"LOTE","styleUrl":"#line3","stroke-opacity":1,"stroke":"#000000","stroke-width":1,"name":"FONDO"}},
{"type":"Feature","geometry":{"type":"LineString","coordinates":[[-63.18207,-17.42227],[-63.18174,-17.42206]]},"properties":{"description":"LOTE","styleUrl":"#line3","stroke-opacity":1,"stroke":"#000000","stroke-width":1,"name":"FONDO"}},
{"type":"Feature","geometry":{"type":"LineString","coordinates":[[-63.18213,-17.42218],[-63.1818,-17.42197]]},"properties":{"description":"LOTE","styleUrl":"#line3","stroke-opacity":1,"stroke":"#000000","stroke-width":1,"name":"FONDO"}},
{"type":"Feature","geometry":{"type":"LineString","coordinates":[[-63.18194,-17.4206],[-63.18241,-17.4209]]},"properties":{"description":"DISTANCIAS","styleUrl":"#line3","stroke-opacity":1,"stroke":"#000000","stroke-width":1,"name":"FONDO"}},
{"type":"Feature","geometry":{"type":"LineString","coordinates":[[-63.18184,-17.42075],[-63.1823,-17.42105]]},"properties":{"description":"DISTANCIAS","styleUrl":"#line3","stroke-opacity":1,"stroke":"#000000","stroke-width":1,"name":"FONDO"}},
{"type":"Feature","geometry":{"type":"LineString","coordinates":[[-63.18173,-17.4209],[-63.1822,-17.4212]]},"properties":{"description":"DISTANCIAS","styleUrl":"#line3","stroke-opacity":1,"stroke":"#000000","stroke-width":1,"name":"FONDO"}},
{"type":"Feature","geometry":{"type":"LineString","coordinates":[[-63.18162,-17.42105],[-63.18209,-17.42135]]},"properties":{"description":"DISTANCIAS","styleUrl":"#line3","stroke-opacity":1,"stroke":"#000000","stroke-width":1,"name":"FONDO"}},
{"type":"Feature","geometry":{"type":"LineString","coordinates":[[-63.18141,-17.42086],[-63.18153,-17.42042]]},"properties":{"description":"DISTANCIAS","styleUrl":"#line3","stroke-opacity":1,"stroke":"#000000","stroke-width":1,"name":"FONDO"}},
{"type":"Feature","geometry":{"type":"LineString","coordinates":[[-63.17922,-17.42033],[-63.17933,-17.4199]]},"properties":{"description":"DISTANCIAS","styleUrl":"#line3","stroke-opacity":1,"stroke":"#000000","stroke-width":1,"name":"FONDO"}},
{"type":"Feature","geometry":{"type":"LineString","coordinates":[[-63.17931,-17.42036],[-63.17942,-17.41992]]},"properties":{"description":"DISTANCIAS","styleUrl":"#line3","stroke-opacity":1,"stroke":"#000000","stroke-width":1,"name":"FONDO"}},
{"type":"Feature","geometry":{"type":"LineString","coordinates":[[-63.1794,-17.42038],[-63.17951,-17.41994]]},"properties":{"description":"DISTANCIAS","styleUrl":"#line3","stroke-opacity":1,"stroke":"#000000","stroke-width":1,"name":"FONDO"}},
{"type":"Feature","geometry":{"type":"LineString","coordinates":[[-63.1795,-17.4204],[-63.17961,-17.41996]]},"properties":{"description":"DISTANCIAS","styleUrl":"#line3","stroke-opacity":1,"stroke":"#000000","stroke-width":1,"name":"FONDO"}},
{"type":"Feature","geometry":{"type":"LineString","coordinates":[[-63.17959,-17.42042],[-63.1797,-17.41998]]},"properties":{"description":"DISTANCIAS","styleUrl":"#line3","stroke-opacity":1,"stroke":"#000000","stroke-width":1,"name":"FONDO"}},
{"type":"Feature","geometry":{"type":"LineString","coordinates":[[-63.17968,-17.42044],[-63.17979,-17.42]]},"properties":{"description":"DISTANCIAS","styleUrl":"#line3","stroke-opacity":1,"stroke":"#000000","stroke-width":1,"name":"FONDO"}},
{"type":"Feature","geometry":{"type":"LineString","coordinates":[[-63.17977,-17.42047],[-63.17988,-17.42003]]},"properties":{"description":"DISTANCIAS","styleUrl":"#line3","stroke-opacity":1,"stroke":"#000000","stroke-width":1,"name":"FONDO"}},
{"type":"Feature","geometry":{"type":"LineString","coordinates":[[-63.17986,-17.42049],[-63.17997,-17.42005]]},"properties":{"description":"DISTANCIAS","styleUrl":"#line3","stroke-opacity":1,"stroke":"#000000","stroke-width":1,"name":"FONDO"}},
{"type":"Feature","geometry":{"type":"LineString","coordinates":[[-63.17995,-17.42051],[-63.18006,-17.42007]]},"properties":{"description":"DISTANCIAS","styleUrl":"#line3","stroke-opacity":1,"stroke":"#000000","stroke-width":1,"name":"FONDO"}},
{"type":"Feature","geometry":{"type":"LineString","coordinates":[[-63.18004,-17.42053],[-63.18015,-17.42009]]},"properties":{"description":"DISTANCIAS","styleUrl":"#line3","stroke-opacity":1,"stroke":"#000000","stroke-width":1,"name":"FONDO"}},
{"type":"Feature","geometry":{"type":"LineString","coordinates":[[-63.18014,-17.42055],[-63.18025,-17.42011]]},"properties":{"description":"DISTANCIAS","styleUrl":"#line3","stroke-opacity":1,"stroke":"#000000","stroke-width":1,"name":"FONDO"}},
{"type":"Feature","geometry":{"type":"LineString","coordinates":[[-63.18023,-17.42057],[-63.18034,-17.42013]]},"properties":{"description":"DISTANCIAS","styleUrl":"#line3","stroke-opacity":1,"stroke":"#000000","stroke-width":1,"name":"FONDO"}},
{"type":"Feature","geometry":{"type":"LineString","coordinates":[[-63.18032,-17.4206],[-63.18043,-17.42016]]},"properties":{"description":"DISTANCIAS","styleUrl":"#line3","stroke-opacity":1,"stroke":"#000000","stroke-width":1,"name":"FONDO"}},
{"type":"Feature","geometry":{"type":"LineString","coordinates":[[-63.18041,-17.42062],[-63.18052,-17.42018]]},"properties":{"description":"DISTANCIAS","styleUrl":"#line3","stroke-opacity":1,"stroke":"#000000","stroke-width":1,"name":"FONDO"}},
{"type":"Feature","geometry":{"type":"LineString","coordinates":[[-63.1805,-17.42064],[-63.18061,-17.4202]]},"properties":{"description":"DISTANCIAS","styleUrl":"#line3","stroke-opacity":1,"stroke":"#000000","stroke-width":1,"name":"FONDO"}},
{"type":"Feature","geometry":{"type":"LineString","coordinates":[[-63.18059,-17.42066],[-63.1807,-17.42022]]},"properties":{"description":"DISTANCIAS","styleUrl":"#line3","stroke-opacity":1,"stroke":"#000000","stroke-width":1,"name":"FONDO"}},
{"type":"Feature","geometry":{"type":"LineString","coordinates":[[-63.18068,-17.42068],[-63.18079,-17.42024]]},"properties":{"description":"DISTANCIAS","styleUrl":"#line3","stroke-opacity":1,"stroke":"#000000","stroke-width":1,"name":"FONDO"}},
{"type":"Feature","geometry":{"type":"LineString","coordinates":[[-63.18078,-17.4207],[-63.18089,-17.42026]]},"properties":{"description":"DISTANCIAS","styleUrl":"#line3","stroke-opacity":1,"stroke":"#000000","stroke-width":1,"name":"FONDO"}},
{"type":"Feature","geometry":{"type":"LineString","coordinates":[[-63.18087,-17.42073],[-63.18098,-17.42029]]},"properties":{"description":"DISTANCIAS","styleUrl":"#line3","stroke-opacity":1,"stroke":"#000000","stroke-width":1,"name":"FONDO"}},
{"type":"Feature","geometry":{"type":"LineString","coordinates":[[-63.18096,-17.42075],[-63.18107,-17.42031]]},"properties":{"description":"DISTANCIAS","styleUrl":"#line3","stroke-opacity":1,"stroke":"#000000","stroke-width":1,"name":"FONDO"}},
{"type":"Feature","geometry":{"type":"LineString","coordinates":[[-63.18105,-17.42077],[-63.18116,-17.42033]]},"properties":{"description":"DISTANCIAS","styleUrl":"#line3","stroke-opacity":1,"stroke":"#000000","stroke-width":1,"name":"FONDO"}},
{"type":"Feature","geometry":{"type":"LineString","coordinates":[[-63.18114,-17.42079],[-63.18125,-17.42035]]},"properties":{"description":"DISTANCIAS","styleUrl":"#line3","stroke-opacity":1,"stroke":"#000000","stroke-width":1,"name":"FONDO"}},
{"type":"Feature","geometry":{"type":"LineString","coordinates":[[-63.18123,-17.42081],[-63.18134,-17.42037]]},"properties":{"description":"DISTANCIAS","styleUrl":"#line3","stroke-opacity":1,"stroke":"#000000","stroke-width":1,"name":"FONDO"}},
{"type":"Feature","geometry":{"type":"LineString","coordinates":[[-63.18132,-17.42083],[-63.18143,-17.4204]]},"properties":{"description":"DISTANCIAS","styleUrl":"#line3","stroke-opacity":1,"stroke":"#000000","stroke-width":1,"name":"FONDO"}},
{"type":"Feature","geometry":{"type":"LineString","coordinates":[[-63.18151,-17.42088],[-63.18162,-17.42044]]},"properties":{"description":"DISTANCIAS","styleUrl":"#line3","stroke-opacity":1,"stroke":"#000000","stroke-width":1,"name":"FONDO"}},
{"type":"Feature","geometry":{"type":"LineString","coordinates":[[-63.18165,-17.42068],[-63.18171,-17.42046]]},"properties":{"description":"DISTANCIAS","styleUrl":"#line3","stroke-opacity":1,"stroke":"#000000","stroke-width":1,"name":"FONDO"}},
{"type":"Feature","geometry":{"type":"LineString","coordinates":[[-63.1831,-17.42014],[-63.18294,-17.42015]]},"properties":{"description":"DISTANCIAS","styleUrl":"#line3","stroke-opacity":1,"stroke":"#000000","stroke-width":1,"name":"FONDO"}},
{"type":"Feature","geometry":{"type":"LineString","coordinates":[[-63.19418,-17.42572],[-63.19334,-17.42528]]},"properties":{"description":"-Jardinera","styleUrl":"#line4","stroke-opacity":1,"stroke":"#33CC00","stroke-width":1,"name":"FONDO"}},
{"type":"Feature","geometry":{"type":"LineString","coordinates":[[-63.19419,-17.42569],[-63.19336,-17.42525]]},"properties":{"description":"-Jardinera","styleUrl":"#line4","stroke-opacity":1,"stroke":"#33CC00","stroke-width":1,"name":"FONDO"}},
{"type":"Feature","geometry":null,"properties":{"description":"-Jardinera","styleUrl":"#line4","stroke-opacity":1,"stroke":"#33CC00","stroke-width":1,"name":"FONDO"}},
{"type":"Feature","geometry":{"type":"LineString","coordinates":[[-63.19419,-17.42569],[-63.1942,-17.42569],[-63.1942,-17.4257],[-63.1942,-17.42571]]},"properties":{"description":"-Jardinera","styleUrl":"#line4","stroke-opacity":1,"stroke":"#33CC00","stroke-width":1,"name":"FONDO"}},
{"type":"Feature","geometry":{"type":"LineString","coordinates":[[-63.1942,-17.42571],[-63.1942,-17.42572],[-63.19419,-17.42572],[-63.19418,-17.42572]]},"properties":{"description":"-Jardinera","styleUrl":"#line4","stroke-opacity":1,"stroke":"#33CC00","stroke-width":1,"name":"FONDO"}},
{"type":"Feature","geometry":null,"properties":{"description":"-Jardinera","styleUrl":"#line4","stroke-opacity":1,"stroke":"#33CC00","stroke-width":1,"name":"FONDO"}},
{"type":"Feature","geometry":{"type":"LineString","coordinates":[[-63.19333,-17.42526],[-63.19333,-17.42525],[-63.19334,-17.42525],[-63.19335,-17.42525],[-63.19336,-17.42525]]},"properties":{"description":"-Jardinera","styleUrl":"#line4","stroke-opacity":1,"stroke":"#33CC00","stroke-width":1,"name":"FONDO"}},
{"type":"Feature","geometry":{"type":"LineString","coordinates":[[-63.19334,-17.42528],[-63.19333,-17.42528],[-63.19333,-17.42527],[-63.19333,-17.42526]]},"properties":{"description":"-Jardinera","styleUrl":"#line4","stroke-opacity":1,"stroke":"#33CC00","stroke-width":1,"name":"FONDO"}},
{"type":"Feature","geometry":{"type":"LineString","coordinates":[[-63.19312,-17.4251],[-63.19176,-17.4244]]},"properties":{"description":"-Jardinera","styleUrl":"#line4","stroke-opacity":1,"stroke":"#33CC00","stroke-width":1,"name":"FONDO"}},
{"type":"Feature","geometry":{"type":"LineString","coordinates":[[-63.19316,-17.42522],[-63.19172,-17.42447]]},"properties":{"description":"-Jardinera","styleUrl":"#line4","stroke-opacity":1,"stroke":"#33CC00","stroke-width":1,"name":"FONDO"}},
{"type":"Feature","geometry":{"type":"LineString","coordinates":[[-63.19312,-17.42505],[-63.19179,-17.42436]]},"properties":{"description":"-Jardinera","styleUrl":"#line4","stroke-opacity":1,"stroke":"#33CC00","stroke-width":1,"name":"FONDO"}},
{"type":"Feature","geometry":{"type":"LineString","coordinates":[[-63.19179,-17.42436],[-63.19179,-17.42435],[-63.19178,-17.42435],[-63.19177,-17.42435],[-63.19177,-17.42434],[-63.19176,-17.42434],[-63.19176,-17.42433],[-63.19175,-17.42433],[-63.19175,-17.42432],[-63.19174,-17.42432],[-63.19174,-17.42431],[-63.19174,-17.4243],[-63.19173,-17.4243],[-63.19173,-17.42429],[-63.19173,-17.42428],[-63.19173,-17.42427],[-63.19173,-17.42426],[-63.19173,-17.42425],[-63.19173,-17.42424],[-63.19173,-17.42423],[-63.19173,-17.42422],[-63.19174,-17.42422],[-63.19174,-17.42421]]},"properties":{"description":"-Jardinera","styleUrl":"#line4","stroke-opacity":1,"stroke":"#33CC00","stroke-width":1,"name":"FONDO"}},
{"type":"Feature","geometry":{"type":"LineString","coordinates":[[-63.19176,-17.4244],[-63.19176,-17.42439],[-63.19175,-17.42439],[-63.19175,-17.42438],[-63.19174,-17.42438],[-63.19174,-17.42437],[-63.19173,-17.42437],[-63.19173,-17.42436],[-63.19172,-17.42436],[-63.19172,-17.42435],[-63.19172,-17.42434],[-63.19171,-17.42434],[-63.19171,-17.42433],[-63.19171,-17.42432],[-63.19171,-17.42431],[-63.19171,-17.4243],[-63.19171,-17.42429],[-63.19171,-17.42428],[-63.19171,-17.42427],[-63.19171,-17.42426],[-63.19172,-17.42426],[-63.19172,-17.42425]]},"properties":{"description":"-Jardinera","styleUrl":"#line4","stroke-opacity":1,"stroke":"#33CC00","stroke-width":1,"name":"FONDO"}},
{"type":"Feature","geometry":{"type":"LineString","coordinates":[[-63.19316,-17.42526],[-63.1917,-17.42451]]},"properties":{"description":"-Jardinera","styleUrl":"#line4","stroke-opacity":1,"stroke":"#33CC00","stroke-width":1,"name":"FONDO"}},
{"type":"Feature","geometry":{"type":"LineString","coordinates":[[-63.19155,-17.42455],[-63.19155,-17.42454],[-63.19156,-17.42454],[-63.19156,-17.42453],[-63.19157,-17.42453],[-63.19157,-17.42452],[-63.19158,-17.42452],[-63.19158,-17.42451],[-63.19159,-17.42451],[-63.1916,-17.42451],[-63.1916,-17.4245],[-63.19161,-17.4245],[-63.19162,-17.4245],[-63.19163,-17.4245],[-63.19163,-17.42449],[-63.19164,-17.42449],[-63.19165,-17.42449],[-63.19166,-17.42449],[-63.19167,-17.42449],[-63.19167,-17.4245],[-63.19168,-17.4245],[-63.19169,-17.4245],[-63.1917,-17.4245],[-63.1917,-17.42451]]},"properties":{"description":"-Jardinera","styleUrl":"#line4","stroke-opacity":1,"stroke":"#33CC00","stroke-width":1,"name":"FONDO"}},
{"type":"Feature","geometry":{"type":"LineString","coordinates":[[-63.19157,-17.42451],[-63.19157,-17.4245],[-63.19158,-17.4245],[-63.19158,-17.42449],[-63.19159,-17.42449],[-63.19159,-17.42448],[-63.1916,-17.42448],[-63.1916,-17.42447],[-63.19161,-17.42447],[-63.19162,-17.42447],[-63.19162,-17.42446],[-63.19163,-17.42446],[-63.19164,-17.42446],[-63.19165,-17.42446],[-63.19166,-17.42445],[-63.19167,-17.42445],[-63.19168,-17.42445],[-63.19169,-17.42445],[-63.19169,-17.42446],[-63.1917,-17.42446],[-63.19171,-17.42446],[-63.19172,-17.42446],[-63.19172,-17.42447]]},"properties":{"description":"-Jardinera","styleUrl":"#line4","stroke-opacity":1,"stroke":"#33CC00","stroke-width":1,"name":"FONDO"}},
{"type":"Feature","geometry":{"type":"LineString","coordinates":[[-63.19316,-17.42526],[-63.19316,-17.42527],[-63.19317,-17.42527],[-63.19317,-17.42528],[-63.19318,-17.42528],[-63.19318,-17.42529],[-63.19319,-17.42529],[-63.19319,-17.4253],[-63.1932,-17.4253],[-63.1932,-17.42531],[-63.1932,-17.42532],[-63.19321,-17.42532],[-63.19321,-17.42533],[-63.19321,-17.42534],[-63.19321,-17.42535],[-63.19321,-17.42536],[-63.19321,-17.42537],[-63.19321,-17.42538]]},"properties":{"description":"-Jardinera","styleUrl":"#line4","stroke-opacity":1,"stroke":"#33CC00","stroke-width":1,"name":"FONDO"}},
{"type":"Feature","geometry":{"type":"LineString","coordinates":[[-63.19316,-17.42522],[-63.19317,-17.42522],[-63.19318,-17.42522],[-63.19318,-17.42523],[-63.19319,-17.42523],[-63.19319,-17.42524],[-63.1932,-17.42524],[-63.1932,-17.42525],[-63.19321,-17.42525],[-63.19321,-17.42526],[-63.19321,-17.42527],[-63.19322,-17.42527],[-63.19322,-17.42528],[-63.19322,-17.42529],[-63.19322,-17.4253],[-63.19322,-17.42531],[-63.19322,-17.42532],[-63.19322,-17.42533]]},"properties":{"description":"-Jardinera","styleUrl":"#line4","stroke-opacity":1,"stroke":"#33CC00","stroke-width":1,"name":"FONDO"}},
{"type":"Feature","geometry":{"type":"LineString","coordinates":[[-63.19329,-17.42498],[-63.19329,-17.42499],[-63.19328,-17.42499],[-63.19328,-17.425],[-63.19328,-17.42501],[-63.19327,-17.42501],[-63.19327,-17.42502],[-63.19327,-17.42503],[-63.19326,-17.42503],[-63.19326,-17.42504],[-63.19325,-17.42504],[-63.19324,-17.42504],[-63.19324,-17.42505],[-63.19323,-17.42505],[-63.19323,-17.42506],[-63.19322,-17.42506],[-63.19321,-17.42506],[-63.1932,-17.42506],[-63.19319,-17.42506],[-63.19319,-17.42507],[-63.19318,-17.42507],[-63.19317,-17.42507],[-63.19316,-17.42507],[-63.19316,-17.42506],[-63.19315,-17.42506],[-63.19314,-17.42506],[-63.19313,-17.42506],[-63.19313,-17.42505],[-63.19312,-17.42505]]},"properties":{"description":"-Jardinera","styleUrl":"#line4","stroke-opacity":1,"stroke":"#33CC00","stroke-width":1,"name":"FONDO"}},
{"type":"Feature","geometry":{"type":"LineString","coordinates":[[-63.19328,-17.42502],[-63.19328,-17.42503],[-63.19328,-17.42504],[-63.19327,-17.42504],[-63.19327,-17.42505],[-63.19327,-17.42506],[-63.19326,-17.42506],[-63.19326,-17.42507],[-63.19325,-17.42508],[-63.19324,-17.42509],[-63.19323,-17.42509],[-63.19323,-17.4251],[-63.19322,-17.4251],[-63.19321,-17.4251],[-63.19321,-17.42511],[-63.1932,-17.42511],[-63.19319,-17.42511],[-63.19318,-17.42511],[-63.19317,-17.42511],[-63.19316,-17.42511],[-63.19315,-17.42511],[-63.19314,-17.42511],[-63.19313,-17.42511],[-63.19313,-17.4251],[-63.19312,-17.4251]]},"properties":{"description":"-Jardinera","styleUrl":"#line4","stroke-opacity":1,"stroke":"#33CC00","stroke-width":1,"name":"FONDO"}},
{"type":"Feature","geometry":{"type":"LineString","coordinates":[[-63.19151,-17.42426],[-63.19006,-17.42351]]},"properties":{"description":"-Jardinera","styleUrl":"#line4","stroke-opacity":1,"stroke":"#33CC00","stroke-width":1,"name":"FONDO"}},
{"type":"Feature","geometry":{"type":"LineString","coordinates":[[-63.19147,-17.42433],[-63.19011,-17.42362]]},"properties":{"description":"-Jardinera","styleUrl":"#line4","stroke-opacity":1,"stroke":"#33CC00","stroke-width":1,"name":"FONDO"}},
{"type":"Feature","geometry":{"type":"LineString","coordinates":[[-63.19153,-17.42422],[-63.19007,-17.42346]]},"properties":{"description":"-Jardinera","styleUrl":"#line4","stroke-opacity":1,"stroke":"#33CC00","stroke-width":1,"name":"FONDO"}},
{"type":"Feature","geometry":{"type":"LineString","coordinates":[[-63.19145,-17.42437],[-63.19145,-17.42438],[-63.19146,-17.42438],[-63.19146,-17.42439],[-63.19147,-17.42439],[-63.19147,-17.4244],[-63.19148,-17.4244],[-63.19148,-17.42441],[-63.19149,-17.42441],[-63.19149,-17.42442],[-63.1915,-17.42443],[-63.1915,-17.42444],[-63.1915,-17.42445],[-63.1915,-17.42446],[-63.1915,-17.42447],[-63.1915,-17.42448],[-63.1915,-17.42449],[-63.1915,-17.4245],[-63.1915,-17.42451],[-63.19149,-17.42451],[-63.19149,-17.42452]]},"properties":{"description":"-Jardinera","styleUrl":"#line4","stroke-opacity":1,"stroke":"#33CC00","stroke-width":1,"name":"FONDO"}},
{"type":"Feature","geometry":{"type":"LineString","coordinates":[[-63.19147,-17.42433],[-63.19147,-17.42434],[-63.19148,-17.42434],[-63.19149,-17.42434],[-63.19149,-17.42435],[-63.1915,-17.42435],[-63.1915,-17.42436],[-63.19151,-17.42437],[-63.19151,-17.42438],[-63.19152,-17.42438],[-63.19152,-17.42439],[-63.19152,-17.4244],[-63.19152,-17.42441],[-63.19153,-17.42441],[-63.19153,-17.42442],[-63.19153,-17.42443],[-63.19153,-17.42444],[-63.19153,-17.42445],[-63.19152,-17.42445],[-63.19152,-17.42446],[-63.19152,-17.42447],[-63.19152,-17.42448],[-63.19151,-17.42448]]},"properties":{"description":"-Jardinera","styleUrl":"#line4","stroke-opacity":1,"stroke":"#33CC00","stroke-width":1,"name":"FONDO"}},
{"type":"Feature","geometry":{"type":"LineString","coordinates":[[-63.19168,-17.42418],[-63.19168,-17.42419],[-63.19167,-17.42419],[-63.19167,-17.4242],[-63.19166,-17.4242],[-63.19166,-17.42421],[-63.19165,-17.42421],[-63.19165,-17.42422],[-63.19164,-17.42422],[-63.19163,-17.42422],[-63.19163,-17.42423],[-63.19162,-17.42423],[-63.19161,-17.42423],[-63.1916,-17.42423],[-63.19159,-17.42423],[-63.19159,-17.42424],[-63.19158,-17.42424],[-63.19158,-17.42423],[-63.19157,-17.42423],[-63.19156,-17.42423],[-63.19155,-17.42423],[-63.19154,-17.42423],[-63.19154,-17.42422],[-63.19153,-17.42422]]},"properties":{"description":"-Jardinera","styleUrl":"#line4","stroke-opacity":1,"stroke":"#33CC00","stroke-width":1,"name":"FONDO"}},
{"type":"Feature","geometry":{"type":"LineString","coordinates":[[-63.19166,-17.42422],[-63.19166,-17.42423],[-63.19165,-17.42423],[-63.19165,-17.42424],[-63.19164,-17.42424],[-63.19164,-17.42425],[-63.19163,-17.42425],[-63.19163,-17.42426],[-63.19162,-17.42426],[-63.19161,-17.42426],[-63.19161,-17.42427],[-63.1916,-17.42427],[-63.19159,-17.42427],[-63.19158,-17.42427],[-63.19157,-17.42427],[-63.19156,-17.42427],[-63.19155,-17.42427],[-63.19154,-17.42427],[-63.19153,-17.42427],[-63.19152,-17.42427],[-63.19151,-17.42426]]},"properties":{"description":"-Jardinera","styleUrl":"#line4","stroke-opacity":1,"stroke":"#33CC00","stroke-width":1,"name":"FONDO"}},
{"type":"Feature","geometry":{"type":"LineString","coordinates":[[-63.18994,-17.4237],[-63.18994,-17.42369],[-63.18995,-17.42369],[-63.18995,-17.42368],[-63.18995,-17.42367],[-63.18996,-17.42366],[-63.18996,-17.42365],[-63.18997,-17.42365],[-63.18997,-17.42364],[-63.18998,-17.42364],[-63.18998,-17.42363],[-63.18999,-17.42363],[-63.19,-17.42363],[-63.19,-17.42362],[-63.19001,-17.42362],[-63.19002,-17.42362],[-63.19002,-17.42361],[-63.19003,-17.42361],[-63.19004,-17.42361],[-63.19005,-17.42361],[-63.19006,-17.42361],[-63.19007,-17.42361],[-63.19008,-17.42361],[-63.19008,-17.42362],[-63.19009,-17.42362],[-63.1901,-17.42362],[-63.19011,-17.42362]]},"properties":{"description":"-Jardinera","styleUrl":"#line4","stroke-opacity":1,"stroke":"#33CC00","stroke-width":1,"name":"FONDO"}},
{"type":"Feature","geometry":{"type":"LineString","coordinates":[[-63.19007,-17.42346],[-63.19006,-17.42346],[-63.19006,-17.42345],[-63.19005,-17.42345],[-63.19005,-17.42344],[-63.19004,-17.42344],[-63.19004,-17.42343],[-63.19003,-17.42343],[-63.19003,-17.42342],[-63.19003,-17.42341],[-63.19002,-17.42341],[-63.19002,-17.4234],[-63.19002,-17.42339],[-63.19002,-17.42338],[-63.19001,-17.42338],[-63.19001,-17.42337],[-63.19001,-17.42336],[-63.19001,-17.42335],[-63.19002,-17.42335]]},"properties":{"description":"-Jardinera","styleUrl":"#line4","stroke-opacity":1,"stroke":"#33CC00","stroke-width":1,"name":"FONDO"}},
{"type":"Feature","geometry":{"type":"LineString","coordinates":[[-63.19006,-17.42351],[-63.19006,-17.4235],[-63.19005,-17.4235],[-63.19004,-17.4235],[-63.19004,-17.42349],[-63.19003,-17.42349],[-63.19003,-17.42348],[-63.19002,-17.42348],[-63.19002,-17.42347],[-63.19002,-17.42346],[-63.19001,-17.42346],[-63.19001,-17.42345],[-63.19001,-17.42344],[-63.19001,-17.42343],[-63.19,-17.42343],[-63.19,-17.42342],[-63.19,-17.42341],[-63.19,-17.4234],[-63.19001,-17.4234],[-63.19001,-17.42339]]},"properties":{"description":"-Jardinera","styleUrl":"#line4","stroke-opacity":1,"stroke":"#33CC00","stroke-width":1,"name":"FONDO"}},
{"type":"Feature","geometry":{"type":"LineString","coordinates":[[-63.1898,-17.42332],[-63.18966,-17.42325]]},"properties":{"description":"-Jardinera","styleUrl":"#line4","stroke-opacity":1,"stroke":"#33CC00","stroke-width":1,"name":"FONDO"}},
{"type":"Feature","geometry":{"type":"LineString","coordinates":[[-63.18963,-17.42324],[-63.18715,-17.42276]]},"properties":{"description":"-Jardinera","styleUrl":"#line4","stroke-opacity":1,"stroke":"#33CC00","stroke-width":1,"name":"FONDO"}},
{"type":"Feature","geometry":{"type":"LineString","coordinates":[[-63.18983,-17.42353],[-63.1896,-17.42341]]},"properties":{"description":"-Jardinera","styleUrl":"#line4","stroke-opacity":1,"stroke":"#33CC00","stroke-width":1,"name":"FONDO"}},
{"type":"Feature","geometry":{"type":"LineString","coordinates":[[-63.18957,-17.4234],[-63.18712,-17.42292]]},"properties":{"description":"-Jardinera","styleUrl":"#line4","stroke-opacity":1,"stroke":"#33CC00","stroke-width":1,"name":"FONDO"}},
{"type":"Feature","geometry":{"type":"LineString","coordinates":[[-63.18958,-17.42336],[-63.18713,-17.42288]]},"properties":{"description":"-Jardinera","styleUrl":"#line4","stroke-opacity":1,"stroke":"#33CC00","stroke-width":1,"name":"FONDO"}},
{"type":"Feature","geometry":{"type":"LineString","coordinates":[[-63.18984,-17.42348],[-63.18962,-17.42337]]},"properties":{"description":"-Jardinera","styleUrl":"#line4","stroke-opacity":1,"stroke":"#33CC00","stroke-width":1,"name":"FONDO"}},
{"type":"Feature","geometry":{"type":"LineString","coordinates":[[-63.18961,-17.42328],[-63.18714,-17.4228]]},"properties":{"description":"-Jardinera","styleUrl":"#line4","stroke-opacity":1,"stroke":"#33CC00","stroke-width":1,"name":"FONDO"}},
{"type":"Feature","geometry":{"type":"LineString","coordinates":[[-63.18979,-17.42337],[-63.18965,-17.42329]]},"properties":{"description":"-Jardinera","styleUrl":"#line4","stroke-opacity":1,"stroke":"#33CC00","stroke-width":1,"name":"FONDO"}},
{"type":"Feature","geometry":{"type":"LineString","coordinates":[[-63.18957,-17.4234],[-63.18958,-17.4234],[-63.18959,-17.42341],[-63.1896,-17.42341]]},"properties":{"description":"-Jardinera","styleUrl":"#line4","stroke-opacity":1,"stroke":"#33CC00","stroke-width":1,"name":"FONDO"}},
{"type":"Feature","geometry":{"type":"LineString","coordinates":[[-63.18963,-17.42324],[-63.18964,-17.42324],[-63.18965,-17.42324],[-63.18966,-17.42324],[-63.18966,-17.42325]]},"properties":{"description":"-Jardinera","styleUrl":"#line4","stroke-opacity":1,"stroke":"#33CC00","stroke-width":1,"name":"FONDO"}},
{"type":"Feature","geometry":{"type":"LineString","coordinates":[[-63.18958,-17.42336],[-63.18959,-17.42336],[-63.1896,-17.42336],[-63.18961,-17.42336],[-63.18961,-17.42337],[-63.18962,-17.42337]]},"properties":{"description":"-Jardinera","styleUrl":"#line4","stroke-opacity":1,"stroke":"#33CC00","stroke-width":1,"name":"FONDO"}},
{"type":"Feature","geometry":{"type":"LineString","coordinates":[[-63.18961,-17.42328],[-63.18962,-17.42328],[-63.18963,-17.42328],[-63.18963,-17.42329],[-63.18964,-17.42329],[-63.18965,-17.42329]]},"properties":{"description":"-Jardinera","styleUrl":"#line4","stroke-opacity":1,"stroke":"#33CC00","stroke-width":1,"name":"FONDO"}},
{"type":"Feature","geometry":{"type":"LineString","coordinates":[[-63.18715,-17.42276],[-63.18715,-17.42275],[-63.18714,-17.42275],[-63.18713,-17.42275],[-63.18712,-17.42275],[-63.18712,-17.42274],[-63.18711,-17.42274],[-63.1871,-17.42273],[-63.18709,-17.42273],[-63.18709,-17.42272],[-63.18708,-17.42271],[-63.18708,-17.4227],[-63.18707,-17.4227],[-63.18707,-17.42269],[-63.18707,-17.42268],[-63.18707,-17.42267],[-63.18706,-17.42267],[-63.18706,-17.42266],[-63.18706,-17.42265],[-63.18706,-17.42264],[-63.18706,-17.42263]]},"properties":{"description":"-Jardinera","styleUrl":"#line4","stroke-opacity":1,"stroke":"#33CC00","stroke-width":1,"name":"FONDO"}},
{"type":"Feature","geometry":{"type":"LineString","coordinates":[[-63.18714,-17.4228],[-63.18713,-17.4228],[-63.18712,-17.4228],[-63.18712,-17.42279],[-63.18711,-17.42279],[-63.1871,-17.42279],[-63.1871,-17.42278],[-63.18709,-17.42278],[-63.18709,-17.42277],[-63.18708,-17.42277],[-63.18708,-17.42276],[-63.18707,-17.42276],[-63.18707,-17.42275],[-63.18707,-17.42274],[-63.18706,-17.42274],[-63.18706,-17.42273],[-63.18706,-17.42272],[-63.18705,-17.42272],[-63.18705,-17.42271],[-63.18705,-17.4227],[-63.18705,-17.42269],[-63.18705,-17.42268],[-63.18705,-17.42267],[-63.18706,-17.42267]]},"properties":{"description":"-Jardinera","styleUrl":"#line4","stroke-opacity":1,"stroke":"#33CC00","stroke-width":1,"name":"FONDO"}},
{"type":"Feature","geometry":{"type":"LineString","coordinates":[[-63.18698,-17.42301],[-63.18699,-17.423],[-63.18699,-17.42299],[-63.18699,-17.42298],[-63.187,-17.42298],[-63.187,-17.42297],[-63.18701,-17.42296],[-63.18701,-17.42295],[-63.18702,-17.42295],[-63.18703,-17.42295],[-63.18703,-17.42294],[-63.18704,-17.42294],[-63.18704,-17.42293],[-63.18705,-17.42293],[-63.18706,-17.42293],[-63.18707,-17.42293],[-63.18707,-17.42292],[-63.18708,-17.42292],[-63.18709,-17.42292],[-63.1871,-17.42292],[-63.18711,-17.42292],[-63.18712,-17.42292]]},"properties":{"description":"-Jardinera","styleUrl":"#line4","stroke-opacity":1,"stroke":"#33CC00","stroke-width":1,"name":"FONDO"}},
{"type":"Feature","geometry":{"type":"LineString","coordinates":[[-63.18699,-17.42296],[-63.187,-17.42296],[-63.187,-17.42295],[-63.187,-17.42294],[-63.187,-17.42293],[-63.18701,-17.42293],[-63.18701,-17.42292],[-63.18702,-17.42292],[-63.18702,-17.42291],[-63.18703,-17.42291],[-63.18703,-17.4229],[-63.18704,-17.4229],[-63.18704,-17.42289],[-63.18705,-17.42289],[-63.18706,-17.42289],[-63.18706,-17.42288],[-63.18707,-17.42288],[-63.18708,-17.42288],[-63.18709,-17.42288],[-63.1871,-17.42288],[-63.18711,-17.42288],[-63.18712,-17.42288],[-63.18713,-17.42288]]},"properties":{"description":"-Jardinera","styleUrl":"#line4","stroke-opacity":1,"stroke":"#33CC00","stroke-width":1,"name":"FONDO"}},
{"type":"Feature","geometry":{"type":"LineString","coordinates":[[-63.18419,-17.42218],[-63.18377,-17.4221]]},"properties":{"description":"-Jardinera","styleUrl":"#line4","stroke-opacity":1,"stroke":"#33CC00","stroke-width":1,"name":"FONDO"}},
{"type":"Feature","geometry":{"type":"LineString","coordinates":[[-63.18399,-17.42232],[-63.18357,-17.42223]]},"properties":{"description":"-Jardinera","styleUrl":"#line4","stroke-opacity":1,"stroke":"#33CC00","stroke-width":1,"name":"FONDO"}},
{"type":"Feature","geometry":{"type":"LineString","coordinates":[[-63.18477,-17.42247],[-63.1843,-17.42238]]},"properties":{"description":"-Jardinera","styleUrl":"#line4","stroke-opacity":1,"stroke":"#33CC00","stroke-width":1,"name":"FONDO"}},
{"type":"Feature","geometry":{"type":"LineString","coordinates":[[-63.18676,-17.42268],[-63.1845,-17.42224]]},"properties":{"description":"-Jardinera","styleUrl":"#line4","stroke-opacity":1,"stroke":"#33CC00","stroke-width":1,"name":"FONDO"}},
{"type":"Feature","geometry":{"type":"LineString","coordinates":[[-63.18672,-17.42285],[-63.18509,-17.42253]]},"properties":{"description":"-Jardinera","styleUrl":"#line4","stroke-opacity":1,"stroke":"#33CC00","stroke-width":1,"name":"FONDO"}},
{"type":"Feature","geometry":{"type":"LineString","coordinates":[[-63.18673,-17.4228],[-63.18511,-17.42249]]},"properties":{"description":"-Jardinera","styleUrl":"#line4","stroke-opacity":1,"stroke":"#33CC00","stroke-width":1,"name":"FONDO"}},
{"type":"Feature","geometry":{"type":"LineString","coordinates":[[-63.18675,-17.42272],[-63.18447,-17.42228]]},"properties":{"description":"-Jardinera","styleUrl":"#line4","stroke-opacity":1,"stroke":"#33CC00","stroke-width":1,"name":"FONDO"}},
{"type":"Feature","geometry":{"type":"LineString","coordinates":[[-63.1848,-17.42243],[-63.18432,-17.42234]]},"properties":{"description":"-Jardinera","styleUrl":"#line4","stroke-opacity":1,"stroke":"#33CC00","stroke-width":1,"name":"FONDO"}},
{"type":"Feature","geometry":{"type":"LineString","coordinates":[[-63.18401,-17.42228],[-63.18359,-17.42219]]},"properties":{"description":"-Jardinera","styleUrl":"#line4","stroke-opacity":1,"stroke":"#33CC00","stroke-width":1,"name":"FONDO"}},
{"type":"Feature","geometry":{"type":"LineString","coordinates":[[-63.18416,-17.42222],[-63.18374,-17.42214]]},"properties":{"description":"-Jardinera","styleUrl":"#line4","stroke-opacity":1,"stroke":"#33CC00","stroke-width":1,"name":"FONDO"}},
{"type":"Feature","geometry":{"type":"LineString","coordinates":[[-63.18497,-17.42257],[-63.18498,-17.42257],[-63.18498,-17.42256],[-63.18499,-17.42256],[-63.18499,-17.42255],[-63.185,-17.42255],[-63.185,-17.42254],[-63.18501,-17.42254],[-63.18502,-17.42254],[-63.18502,-17.42253],[-63.18503,-17.42253],[-63.18504,-17.42253],[-63.18505,-17.42253],[-63.18506,-17.42253],[-63.18507,-17.42253],[-63.18508,-17.42253],[-63.18509,-17.42253]]},"properties":{"description":"-Jardinera","styleUrl":"#line4","stroke-opacity":1,"stroke":"#33CC00","stroke-width":1,"name":"FONDO"}},
{"type":"Feature","geometry":{"type":"LineString","coordinates":[[-63.185,-17.42253],[-63.18501,-17.42253],[-63.18501,-17.42252],[-63.18502,-17.42252],[-63.18502,-17.42251],[-63.18503,-17.42251],[-63.18503,-17.4225],[-63.18504,-17.4225],[-63.18505,-17.4225],[-63.18505,-17.42249],[-63.18506,-17.42249],[-63.18507,-17.42249],[-63.18508,-17.42249],[-63.18509,-17.42249],[-63.1851,-17.42249],[-63.18511,-17.42249]]},"properties":{"description":"-Jardinera","styleUrl":"#line4","stroke-opacity":1,"stroke":"#33CC00","stroke-width":1,"name":"FONDO"}},
{"type":"Feature","geometry":{"type":"LineString","coordinates":[[-63.18477,-17.42247],[-63.18478,-17.42247],[-63.18479,-17.42247],[-63.1848,-17.42248],[-63.18481,-17.42248],[-63.18481,-17.42249],[-63.18482,-17.42249],[-63.18483,-17.42249],[-63.18483,-17.4225],[-63.18484,-17.4225],[-63.18484,-17.42251],[-63.18485,-17.42251],[-63.18485,-17.42252],[-63.18485,-17.42253],[-63.18486,-17.42253],[-63.18486,-17.42254],[-63.18486,-17.42255],[-63.18486,-17.42256],[-63.18486,-17.42257],[-63.18487,-17.42257],[-63.18487,-17.42258],[-63.18486,-17.42259],[-63.18486,-17.4226],[-63.18486,-17.42261],[-63.18486,-17.42262],[-63.18485,-17.42262],[-63.18485,-17.42263],[-63.18485,-17.42264]]},"properties":{"description":"-Jardinera","styleUrl":"#line4","stroke-opacity":1,"stroke":"#33CC00","stroke-width":1,"name":"FONDO"}},
{"type":"Feature","geometry":{"type":"LineString","coordinates":[[-63.1848,-17.42243],[-63.18481,-17.42243],[-63.18482,-17.42243],[-63.18482,-17.42244],[-63.18483,-17.42244],[-63.18484,-17.42244],[-63.18484,-17.42245],[-63.18485,-17.42245],[-63.18486,-17.42245],[-63.18486,-17.42246],[-63.18487,-17.42246],[-63.18487,-17.42247],[-63.18488,-17.42247],[-63.18488,-17.42248],[-63.18488,-17.42249],[-63.18489,-17.42249],[-63.18489,-17.4225],[-63.18489,-17.42251],[-63.18489,-17.42252],[-63.18489,-17.42253],[-63.18489,-17.42254],[-63.18489,-17.42255],[-63.18489,-17.42256],[-63.18489,-17.42257],[-63.18489,-17.42258],[-63.18488,-17.42258],[-63.18488,-17.42259],[-63.18487,-17.4226]]},"properties":{"description":"-Jardinera","styleUrl":"#line4","stroke-opacity":1,"stroke":"#33CC00","stroke-width":1,"name":"FONDO"}},
{"type":"Feature","geometry":{"type":"LineString","coordinates":[[-63.1845,-17.42224],[-63.18449,-17.42224],[-63.18448,-17.42224],[-63.18448,-17.42223],[-63.18447,-17.42223],[-63.18446,-17.42223],[-63.18446,-17.42222],[-63.18445,-17.42222],[-63.18445,-17.42221],[-63.18444,-17.42221],[-63.18444,-17.4222],[-63.18443,-17.4222],[-63.18443,-17.42219],[-63.18442,-17.42219],[-63.18442,-17.42218],[-63.18442,-17.42217],[-63.18441,-17.42217],[-63.18441,-17.42216],[-63.18441,-17.42215],[-63.18441,-17.42214],[-63.18441,-17.42213],[-63.18441,-17.42212],[-63.18441,-17.42211],[-63.18441,-17.4221],[-63.18442,-17.4221],[-63.18442,-17.42209],[-63.18442,-17.42208],[-63.18443,-17.42208],[-63.18443,-17.42207]]},"properties":{"description":"-Jardinera","styleUrl":"#line4","stroke-opacity":1,"stroke":"#33CC00","stroke-width":1,"name":"FONDO"}},
{"type":"Feature","geometry":{"type":"LineString","coordinates":[[-63.18447,-17.42228],[-63.18446,-17.42228],[-63.18445,-17.42228],[-63.18445,-17.42227],[-63.18444,-17.42227],[-63.18443,-17.42227],[-63.18443,-17.42226],[-63.18442,-17.42226],[-63.18442,-17.42225],[-63.18441,-17.42225],[-63.18441,-17.42224],[-63.1844,-17.42224],[-63.1844,-17.42223],[-63.18439,-17.42223],[-63.18439,-17.42222],[-63.18439,-17.42221],[-63.18438,-17.42221],[-63.18438,-17.4222],[-63.18438,-17.42219],[-63.18438,-17.42218],[-63.18438,-17.42217],[-63.18438,-17.42216],[-63.18438,-17.42215],[-63.18438,-17.42214],[-63.18439,-17.42214],[-63.18439,-17.42213],[-63.18439,-17.42212],[-63.1844,-17.42212],[-63.1844,-17.42211]]},"properties":{"description":"-Jardinera","styleUrl":"#line4","stroke-opacity":1,"stroke":"#33CC00","stroke-width":1,"name":"FONDO"}},
{"type":"Feature","geometry":{"type":"LineString","coordinates":[[-63.18418,-17.42242],[-63.18419,-17.42242],[-63.18419,-17.42241],[-63.1842,-17.4224],[-63.18421,-17.4224],[-63.18421,-17.42239],[-63.18422,-17.42239],[-63.18422,-17.42238],[-63.18423,-17.42238],[-63.18424,-17.42238],[-63.18425,-17.42238],[-63.18426,-17.42238],[-63.18426,-17.42237],[-63.18427,-17.42237],[-63.18428,-17.42237],[-63.18429,-17.42237],[-63.18429,-17.42238],[-63.1843,-17.42238]]},"properties":{"description":"-Jardinera","styleUrl":"#line4","stroke-opacity":1,"stroke":"#33CC00","stroke-width":1,"name":"FONDO"}},
{"type":"Feature","geometry":{"type":"LineString","coordinates":[[-63.18421,-17.42238],[-63.18421,-17.42237],[-63.18422,-17.42237],[-63.18422,-17.42236],[-63.18423,-17.42236],[-63.18424,-17.42235],[-63.18425,-17.42235],[-63.18425,-17.42234],[-63.18426,-17.42234],[-63.18427,-17.42234],[-63.18428,-17.42234],[-63.18428,-17.42233],[-63.18429,-17.42233],[-63.1843,-17.42233],[-63.18431,-17.42233],[-63.18432,-17.42233],[-63.18432,-17.42234]]},"properties":{"description":"-Jardinera","styleUrl":"#line4","stroke-opacity":1,"stroke":"#33CC00","stroke-width":1,"name":"FONDO"}},
{"type":"Feature","geometry":{"type":"LineString","coordinates":[[-63.18399,-17.42232],[-63.184,-17.42232],[-63.18401,-17.42232],[-63.18401,-17.42233],[-63.18402,-17.42233],[-63.18403,-17.42233],[-63.18403,-17.42234],[-63.18404,-17.42234],[-63.18404,-17.42235],[-63.18405,-17.42235],[-63.18405,-17.42236],[-63.18406,-17.42236],[-63.18406,-17.42237],[-63.18407,-17.42238],[-63.18407,-17.42239],[-63.18407,-17.4224],[-63.18408,-17.4224],[-63.18408,-17.42241],[-63.18408,-17.42242],[-63.18408,-17.42243],[-63.18408,-17.42244],[-63.18407,-17.42244],[-63.18407,-17.42245],[-63.18407,-17.42246],[-63.18407,-17.42247],[-63.18406,-17.42247],[-63.18406,-17.42248]]},"properties":{"description":"-Jardinera","styleUrl":"#line4","stroke-opacity":1,"stroke":"#33CC00","stroke-width":1,"name":"FONDO"}},
{"type":"Feature","geometry":{"type":"LineString","coordinates":[[-63.18401,-17.42228],[-63.18402,-17.42228],[-63.18403,-17.42228],[-63.18404,-17.42228],[-63.18404,-17.42229],[-63.18405,-17.42229],[-63.18406,-17.42229],[-63.18406,-17.4223],[-63.18407,-17.4223],[-63.18407,-17.42231],[-63.18408,-17.42231],[-63.18408,-17.42232],[-63.18409,-17.42232],[-63.18409,-17.42233],[-63.18409,-17.42234],[-63.1841,-17.42234],[-63.1841,-17.42235],[-63.1841,-17.42236],[-63.1841,-17.42237],[-63.18411,-17.42237],[-63.18411,-17.42238],[-63.18411,-17.42239],[-63.1841,-17.42239],[-63.1841,-17.4224],[-63.1841,-17.42241],[-63.1841,-17.42242],[-63.1841,-17.42243],[-63.18409,-17.42243],[-63.18409,-17.42244]]},"properties":{"description":"-Jardinera","styleUrl":"#line4","stroke-opacity":1,"stroke":"#33CC00","stroke-width":1,"name":"FONDO"}},
{"type":"Feature","geometry":{"type":"LineString","coordinates":[[-63.1843,-17.42213],[-63.1843,-17.42214],[-63.1843,-17.42215],[-63.18429,-17.42215],[-63.18428,-17.42216],[-63.18427,-17.42216],[-63.18427,-17.42217],[-63.18426,-17.42217],[-63.18425,-17.42217],[-63.18425,-17.42218],[-63.18424,-17.42218],[-63.18423,-17.42218],[-63.18422,-17.42218],[-63.18421,-17.42218],[-63.1842,-17.42218],[-63.18419,-17.42218]]},"properties":{"description":"-Jardinera","styleUrl":"#line4","stroke-opacity":1,"stroke":"#33CC00","stroke-width":1,"name":"FONDO"}},
{"type":"Feature","geometry":{"type":"LineString","coordinates":[[-63.18428,-17.42218],[-63.18427,-17.42218],[-63.18427,-17.42219],[-63.18426,-17.42219],[-63.18426,-17.4222],[-63.18425,-17.4222],[-63.18424,-17.4222],[-63.18424,-17.42221],[-63.18423,-17.42221],[-63.18422,-17.42221],[-63.18422,-17.42222],[-63.18421,-17.42222],[-63.1842,-17.42222],[-63.18419,-17.42222],[-63.18418,-17.42222],[-63.18417,-17.42222],[-63.18416,-17.42222]]},"properties":{"description":"-Jardinera","styleUrl":"#line4","stroke-opacity":1,"stroke":"#33CC00","stroke-width":1,"name":"FONDO"}},
{"type":"Feature","geometry":{"type":"LineString","coordinates":[[-63.18179,-17.4217],[-63.18138,-17.4216]]},"properties":{"description":"-Jardinera","styleUrl":"#line4","stroke-opacity":1,"stroke":"#33CC00","stroke-width":1,"name":"FONDO"}},
{"type":"Feature","geometry":{"type":"LineString","coordinates":[[-63.18214,-17.42187],[-63.18196,-17.42182]]},"properties":{"description":"-Jardinera","styleUrl":"#line4","stroke-opacity":1,"stroke":"#33CC00","stroke-width":1,"name":"FONDO"}},
{"type":"Feature","geometry":{"type":"LineString","coordinates":[[-63.18108,-17.42153],[-63.1789,-17.42101]]},"properties":{"description":"-Jardinera","styleUrl":"#line4","stroke-opacity":1,"stroke":"#33CC00","stroke-width":1,"name":"FONDO"}},
{"type":"Feature","geometry":{"type":"LineString","coordinates":[[-63.18095,-17.42158],[-63.17888,-17.42109]]},"properties":{"description":"-Jardinera","styleUrl":"#line4","stroke-opacity":1,"stroke":"#33CC00","stroke-width":1,"name":"FONDO"}},
{"type":"Feature","geometry":{"type":"LineString","coordinates":[[-63.17861,-17.42094],[-63.17622,-17.42037]]},"properties":{"description":"-Jardinera","styleUrl":"#line4","stroke-opacity":1,"stroke":"#33CC00","stroke-width":1,"name":"FONDO"}},
{"type":"Feature","geometry":{"type":"LineString","coordinates":[[-63.17859,-17.42102],[-63.1762,-17.42045]]},"properties":{"description":"-Jardinera","styleUrl":"#line4","stroke-opacity":1,"stroke":"#33CC00","stroke-width":1,"name":"FONDO"}},
{"type":"Feature","geometry":{"type":"LineString","coordinates":[[-63.17593,-17.42031],[-63.17555,-17.42022]]},"properties":{"description":"-Jardinera","styleUrl":"#line4","stroke-opacity":1,"stroke":"#33CC00","stroke-width":1,"name":"FONDO"}},
{"type":"Feature","geometry":{"type":"LineString","coordinates":[[-63.17592,-17.42039],[-63.17553,-17.4203]]},"properties":{"description":"-Jardinera","styleUrl":"#line4","stroke-opacity":1,"stroke":"#33CC00","stroke-width":1,"name":"FONDO"}},
{"type":"Feature","geometry":{"type":"LineString","coordinates":[[-63.18234,-17.42178],[-63.18212,-17.42173]]},"properties":{"description":"-Jardinera","styleUrl":"#line4","stroke-opacity":1,"stroke":"#33CC00","stroke-width":1,"name":"FONDO"}},
{"type":"Feature","geometry":{"type":"LineString","coordinates":[[-63.18211,-17.42191],[-63.18193,-17.42186]]},"properties":{"description":"-Jardinera","styleUrl":"#line4","stroke-opacity":1,"stroke":"#33CC00","stroke-width":1,"name":"FONDO"}},
{"type":"Feature","geometry":{"type":"LineString","coordinates":[[-63.18092,-17.42162],[-63.17887,-17.42113]]},"properties":{"description":"-Jardinera","styleUrl":"#line4","stroke-opacity":1,"stroke":"#33CC00","stroke-width":1,"name":"FONDO"}},
{"type":"Feature","geometry":{"type":"LineString","coordinates":[[-63.18111,-17.42149],[-63.17891,-17.42097]]},"properties":{"description":"-Jardinera","styleUrl":"#line4","stroke-opacity":1,"stroke":"#33CC00","stroke-width":1,"name":"FONDO"}},
{"type":"Feature","geometry":{"type":"LineString","coordinates":[[-63.17595,-17.42026],[-63.17556,-17.42017]]},"properties":{"description":"-Jardinera","styleUrl":"#line4","stroke-opacity":1,"stroke":"#33CC00","stroke-width":1,"name":"FONDO"}},
{"type":"Feature","geometry":{"type":"LineString","coordinates":[[-63.1759,-17.42043],[-63.17552,-17.42034]]},"properties":{"description":"-Jardinera","styleUrl":"#line4","stroke-opacity":1,"stroke":"#33CC00","stroke-width":1,"name":"FONDO"}},
{"type":"Feature","geometry":{"type":"LineString","coordinates":[[-63.17862,-17.4209],[-63.17623,-17.42033]]},"properties":{"description":"-Jardinera","styleUrl":"#line4","stroke-opacity":1,"stroke":"#33CC00","stroke-width":1,"name":"FONDO"}},
{"type":"Feature","geometry":{"type":"LineString","coordinates":[[-63.17858,-17.42107],[-63.17619,-17.4205]]},"properties":{"description":"-Jardinera","styleUrl":"#line4","stroke-opacity":1,"stroke":"#33CC00","stroke-width":1,"name":"FONDO"}},
{"type":"Feature","geometry":{"type":"LineString","coordinates":[[-63.1811,-17.42174],[-63.1811,-17.42173],[-63.18111,-17.42173],[-63.18111,-17.42172],[-63.18112,-17.42172],[-63.18112,-17.42171],[-63.18113,-17.42171],[-63.18114,-17.42171],[-63.18114,-17.4217],[-63.18115,-17.4217],[-63.18116,-17.4217],[-63.18117,-17.42169],[-63.18118,-17.42169],[-63.18119,-17.42169],[-63.1812,-17.42169],[-63.18121,-17.42169],[-63.18122,-17.42169]]},"properties":{"description":"-Jardinera","styleUrl":"#line4","stroke-opacity":1,"stroke":"#33CC00","stroke-width":1,"name":"FONDO"}},
{"type":"Feature","geometry":{"type":"LineString","coordinates":[[-63.18113,-17.4217],[-63.18113,-17.42169],[-63.18114,-17.42169],[-63.18114,-17.42168],[-63.18115,-17.42168],[-63.18115,-17.42167],[-63.18116,-17.42167],[-63.18117,-17.42167],[-63.18117,-17.42166],[-63.18118,-17.42166],[-63.18119,-17.42166],[-63.18119,-17.42165],[-63.1812,-17.42165],[-63.18121,-17.42165],[-63.18122,-17.42165],[-63.18123,-17.42165],[-63.18124,-17.42165],[-63.18125,-17.42165]]},"properties":{"description":"-Jardinera","styleUrl":"#line4","stroke-opacity":1,"stroke":"#33CC00","stroke-width":1,"name":"FONDO"}},
{"type":"Feature","geometry":{"type":"LineString","coordinates":[[-63.18141,-17.42156],[-63.1814,-17.42156],[-63.18139,-17.42156],[-63.18139,-17.42155],[-63.18138,-17.42155],[-63.18137,-17.42155],[-63.18137,-17.42154],[-63.18136,-17.42154],[-63.18136,-17.42153],[-63.18135,-17.42153],[-63.18135,-17.42152],[-63.18134,-17.42152],[-63.18134,-17.42151],[-63.18133,-17.4215],[-63.18133,-17.42149],[-63.18133,-17.42148],[-63.18132,-17.42148],[-63.18132,-17.42147],[-63.18132,-17.42146],[-63.18132,-17.42145],[-63.18132,-17.42144],[-63.18133,-17.42144],[-63.18133,-17.42143],[-63.18133,-17.42142],[-63.18133,-17.42141],[-63.18134,-17.42141],[-63.18134,-17.4214]]},"properties":{"description":"-Jardinera","styleUrl":"#line4","stroke-opacity":1,"stroke":"#33CC00","stroke-width":1,"name":"FONDO"}},
{"type":"Feature","geometry":{"type":"LineString","coordinates":[[-63.18138,-17.4216],[-63.18137,-17.4216],[-63.18136,-17.4216],[-63.18136,-17.42159],[-63.18135,-17.42159],[-63.18134,-17.42159],[-63.18134,-17.42158],[-63.18133,-17.42158],[-63.18133,-17.42157],[-63.18132,-17.42157],[-63.18132,-17.42156],[-63.18131,-17.42156],[-63.18131,-17.42155],[-63.18131,-17.42154],[-63.1813,-17.42154],[-63.1813,-17.42153],[-63.1813,-17.42152],[-63.1813,-17.42151],[-63.1813,-17.4215],[-63.1813,-17.42149],[-63.1813,-17.42148],[-63.1813,-17.42147],[-63.1813,-17.42146],[-63.1813,-17.42145],[-63.18131,-17.42145],[-63.18131,-17.42144]]},"properties":{"description":"-Jardinera","styleUrl":"#line4","stroke-opacity":1,"stroke":"#33CC00","stroke-width":1,"name":"FONDO"}},
{"type":"Feature","geometry":{"type":"LineString","coordinates":[[-63.18123,-17.42145],[-63.18122,-17.42145],[-63.18122,-17.42146],[-63.18121,-17.42146],[-63.18121,-17.42147],[-63.1812,-17.42147],[-63.1812,-17.42148],[-63.18119,-17.42148],[-63.18118,-17.42148],[-63.18118,-17.42149],[-63.18117,-17.42149],[-63.18116,-17.42149],[-63.18115,-17.42149],[-63.18114,-17.42149],[-63.18113,-17.42149],[-63.18112,-17.42149],[-63.18111,-17.42149]]},"properties":{"description":"-Jardinera","styleUrl":"#line4","stroke-opacity":1,"stroke":"#33CC00","stroke-width":1,"name":"FONDO"}},
{"type":"Feature","geometry":{"type":"LineString","coordinates":[[-63.1812,-17.42149],[-63.18119,-17.42149],[-63.18119,-17.4215],[-63.18118,-17.4215],[-63.18118,-17.42151],[-63.18117,-17.42151],[-63.18117,-17.42152],[-63.18116,-17.42152],[-63.18115,-17.42152],[-63.18115,-17.42153],[-63.18114,-17.42153],[-63.18113,-17.42153],[-63.18112,-17.42153],[-63.18111,-17.42153],[-63.1811,-17.42153],[-63.18109,-17.42153],[-63.18108,-17.42153]]},"properties":{"description":"-Jardinera","styleUrl":"#line4","stroke-opacity":1,"stroke":"#33CC00","stroke-width":1,"name":"FONDO"}},
{"type":"Feature","geometry":{"type":"LineString","coordinates":[[-63.18092,-17.42162],[-63.18093,-17.42162],[-63.18093,-17.42163],[-63.18094,-17.42163],[-63.18095,-17.42163],[-63.18095,-17.42164],[-63.18096,-17.42164],[-63.18096,-17.42165],[-63.18097,-17.42165],[-63.18098,-17.42166],[-63.18098,-17.42167],[-63.18099,-17.42167],[-63.18099,-17.42168],[-63.181,-17.42168],[-63.181,-17.42169],[-63.181,-17.4217],[-63.181,-17.42171],[-63.181,-17.42172],[-63.181,-17.42173],[-63.181,-17.42174],[-63.181,-17.42175],[-63.181,-17.42176],[-63.181,-17.42177],[-63.18099,-17.42177],[-63.18099,-17.42178],[-63.18099,-17.42179]]},"properties":{"description":"-Jardinera","styleUrl":"#line4","stroke-opacity":1,"stroke":"#33CC00","stroke-width":1,"name":"FONDO"}},
{"type":"Feature","geometry":{"type":"LineString","coordinates":[[-63.18095,-17.42158],[-63.18096,-17.42159],[-63.18097,-17.42159],[-63.18098,-17.42159],[-63.18098,-17.4216],[-63.18099,-17.4216],[-63.18099,-17.42161],[-63.181,-17.42161],[-63.181,-17.42162],[-63.18101,-17.42162],[-63.18101,-17.42163],[-63.18102,-17.42163],[-63.18102,-17.42164],[-63.18102,-17.42165],[-63.18103,-17.42165],[-63.18103,-17.42166],[-63.18103,-17.42167],[-63.18103,-17.42168],[-63.18103,-17.42169],[-63.18103,-17.4217],[-63.18103,-17.42171],[-63.18103,-17.42172],[-63.18103,-17.42173],[-63.18102,-17.42173],[-63.18102,-17.42174],[-63.18102,-17.42175],[-63.18101,-17.42175]]},"properties":{"description":"-Jardinera","styleUrl":"#line4","stroke-opacity":1,"stroke":"#33CC00","stroke-width":1,"name":"FONDO"}},
{"type":"Feature","geometry":{"type":"LineString","coordinates":[[-63.17858,-17.42107],[-63.17859,-17.42107],[-63.1786,-17.42107],[-63.1786,-17.42108],[-63.17861,-17.42108],[-63.17862,-17.42108],[-63.17862,-17.42109],[-63.17863,-17.42109],[-63.17863,-17.4211],[-63.17864,-17.4211],[-63.17864,-17.42111],[-63.17865,-17.42111],[-63.17865,-17.42112],[-63.17866,-17.42112],[-63.17866,-17.42113],[-63.17866,-17.42114],[-63.17866,-17.42115],[-63.17867,-17.42115],[-63.17867,-17.42116],[-63.17867,-17.42117],[-63.17867,-17.42118],[-63.17867,-17.42119],[-63.17867,-17.4212]]},"properties":{"description":"-Jardinera","styleUrl":"#line4","stroke-opacity":1,"stroke":"#33CC00","stroke-width":1,"name":"FONDO"}},
{"type":"Feature","geometry":{"type":"LineString","coordinates":[[-63.17859,-17.42102],[-63.1786,-17.42102],[-63.1786,-17.42103],[-63.17861,-17.42103],[-63.17862,-17.42103],[-63.17862,-17.42104],[-63.17863,-17.42104],[-63.17864,-17.42104],[-63.17864,-17.42105],[-63.17865,-17.42105],[-63.17865,-17.42106],[-63.17866,-17.42106],[-63.17866,-17.42107],[-63.17866,-17.42108],[-63.17867,-17.42108],[-63.17867,-17.42109],[-63.17867,-17.4211],[-63.17868,-17.4211],[-63.17868,-17.42111],[-63.17868,-17.42112],[-63.17868,-17.42113],[-63.17868,-17.42114],[-63.17868,-17.42115]]},"properties":{"description":"-Jardinera","styleUrl":"#line4","stroke-opacity":1,"stroke":"#33CC00","stroke-width":1,"name":"FONDO"}},
{"type":"Feature","geometry":{"type":"LineString","coordinates":[[-63.17876,-17.42082],[-63.17876,-17.42083],[-63.17876,-17.42084],[-63.17875,-17.42084],[-63.17875,-17.42085],[-63.17874,-17.42085],[-63.17874,-17.42086],[-63.17874,-17.42087],[-63.17873,-17.42087],[-63.17873,-17.42088],[-63.17872,-17.42088],[-63.17871,-17.42088],[-63.17871,-17.42089],[-63.1787,-17.42089],[-63.17869,-17.42089],[-63.17869,-17.4209],[-63.17868,-17.4209],[-63.17867,-17.4209],[-63.17866,-17.4209],[-63.17865,-17.4209],[-63.17864,-17.4209],[-63.17863,-17.4209],[-63.17862,-17.4209]]},"properties":{"description":"-Jardinera","styleUrl":"#line4","stroke-opacity":1,"stroke":"#33CC00","stroke-width":1,"name":"FONDO"}},
{"type":"Feature","geometry":{"type":"LineString","coordinates":[[-63.17875,-17.42086],[-63.17875,-17.42087],[-63.17875,-17.42088],[-63.17874,-17.42088],[-63.17874,-17.42089],[-63.17874,-17.4209],[-63.17873,-17.4209],[-63.17873,-17.42091],[-63.17872,-17.42091],[-63.17872,-17.42092],[-63.17871,-17.42092],[-63.17871,-17.42093],[-63.1787,-17.42093],[-63.17869,-17.42093],[-63.17869,-17.42094],[-63.17868,-17.42094],[-63.17867,-17.42094],[-63.17866,-17.42094],[-63.17866,-17.42095],[-63.17865,-17.42095],[-63.17864,-17.42095],[-63.17863,-17.42095],[-63.17862,-17.42095],[-63.17862,-17.42094],[-63.17861,-17.42094]]},"properties":{"description":"-Jardinera","styleUrl":"#line4","stroke-opacity":1,"stroke":"#33CC00","stroke-width":1,"name":"FONDO"}},
{"type":"Feature","geometry":{"type":"LineString","coordinates":[[-63.17891,-17.42097],[-63.1789,-17.42097],[-63.1789,-17.42096],[-63.17889,-17.42096],[-63.17888,-17.42096],[-63.17887,-17.42095],[-63.17886,-17.42095],[-63.17886,-17.42094],[-63.17885,-17.42094],[-63.17885,-17.42093],[-63.17884,-17.42093],[-63.17884,-17.42092],[-63.17883,-17.42091],[-63.17883,-17.4209],[-63.17883,-17.42089],[-63.17882,-17.42089],[-63.17882,-17.42088],[-63.17882,-17.42087],[-63.17882,-17.42086],[-63.17882,-17.42085],[-63.17882,-17.42084]]},"properties":{"description":"-Jardinera","styleUrl":"#line4","stroke-opacity":1,"stroke":"#33CC00","stroke-width":1,"name":"FONDO"}},
{"type":"Feature","geometry":{"type":"LineString","coordinates":[[-63.1789,-17.42101],[-63.17889,-17.42101],[-63.17888,-17.42101],[-63.17888,-17.421],[-63.17887,-17.421],[-63.17886,-17.421],[-63.17886,-17.42099],[-63.17885,-17.42099],[-63.17885,-17.42098],[-63.17884,-17.42098],[-63.17883,-17.42097],[-63.17883,-17.42096],[-63.17882,-17.42096],[-63.17882,-17.42095],[-63.17882,-17.42094],[-63.17881,-17.42094],[-63.17881,-17.42093],[-63.17881,-17.42092],[-63.17881,-17.42091],[-63.17881,-17.4209],[-63.17881,-17.42089],[-63.17881,-17.42088]]},"properties":{"description":"-Jardinera","styleUrl":"#line4","stroke-opacity":1,"stroke":"#33CC00","stroke-width":1,"name":"FONDO"}},
{"type":"Feature","geometry":{"type":"LineString","coordinates":[[-63.17873,-17.42121],[-63.17873,-17.4212],[-63.17874,-17.4212],[-63.17874,-17.42119],[-63.17874,-17.42118],[-63.17875,-17.42118],[-63.17875,-17.42117],[-63.17876,-17.42117],[-63.17876,-17.42116],[-63.17877,-17.42116],[-63.17877,-17.42115],[-63.17878,-17.42115],[-63.17878,-17.42114],[-63.17879,-17.42114],[-63.1788,-17.42114],[-63.17881,-17.42114],[-63.17881,-17.42113],[-63.17882,-17.42113],[-63.17883,-17.42113],[-63.17884,-17.42113],[-63.17885,-17.42113],[-63.17886,-17.42113],[-63.17887,-17.42113]]},"properties":{"description":"-Jardinera","styleUrl":"#line4","stroke-opacity":1,"stroke":"#33CC00","stroke-width":1,"name":"FONDO"}},
{"type":"Feature","geometry":{"type":"LineString","coordinates":[[-63.17874,-17.42117],[-63.17874,-17.42116],[-63.17875,-17.42116],[-63.17875,-17.42115],[-63.17875,-17.42114],[-63.17876,-17.42114],[-63.17876,-17.42113],[-63.17876,-17.42112],[-63.17877,-17.42112],[-63.17878,-17.42111],[-63.17879,-17.42111],[-63.17879,-17.4211],[-63.1788,-17.4211],[-63.17881,-17.4211],[-63.17881,-17.42109],[-63.17882,-17.42109],[-63.17883,-17.42109],[-63.17884,-17.42109],[-63.17885,-17.42109],[-63.17886,-17.42109],[-63.17887,-17.42109],[-63.17888,-17.42109]]},"properties":{"description":"-Jardinera","styleUrl":"#line4","stroke-opacity":1,"stroke":"#33CC00","stroke-width":1,"name":"FONDO"}},
{"type":"Feature","geometry":{"type":"LineString","coordinates":[[-63.17623,-17.42033],[-63.17622,-17.42033],[-63.17621,-17.42033],[-63.17621,-17.42032],[-63.1762,-17.42032],[-63.17619,-17.42032],[-63.17619,-17.42031],[-63.17618,-17.42031],[-63.17618,-17.4203],[-63.17617,-17.4203],[-63.17617,-17.42029],[-63.17616,-17.42029],[-63.17616,-17.42028],[-63.17616,-17.42027],[-63.17615,-17.42027],[-63.17615,-17.42026],[-63.17615,-17.42025],[-63.17614,-17.42025],[-63.17614,-17.42024],[-63.17614,-17.42023],[-63.17614,-17.42022],[-63.17614,-17.42021],[-63.17614,-17.4202],[-63.17615,-17.4202]]},"properties":{"description":"-Jardinera","styleUrl":"#line4","stroke-opacity":1,"stroke":"#33CC00","stroke-width":1,"name":"FONDO"}},
{"type":"Feature","geometry":{"type":"LineString","coordinates":[[-63.17622,-17.42037],[-63.17621,-17.42037],[-63.1762,-17.42037],[-63.17619,-17.42037],[-63.17619,-17.42036],[-63.17618,-17.42036],[-63.17617,-17.42035],[-63.17616,-17.42035],[-63.17616,-17.42034],[-63.17615,-17.42033],[-63.17615,-17.42032],[-63.17614,-17.42032],[-63.17614,-17.42031],[-63.17614,-17.4203],[-63.17613,-17.42029],[-63.17613,-17.42028],[-63.17613,-17.42027],[-63.17613,-17.42026],[-63.17613,-17.42025],[-63.17613,-17.42024]]},"properties":{"description":"-Jardinera","styleUrl":"#line4","stroke-opacity":1,"stroke":"#33CC00","stroke-width":1,"name":"FONDO"}},
{"type":"Feature","geometry":{"type":"LineString","coordinates":[[-63.17608,-17.42018],[-63.17608,-17.42019],[-63.17608,-17.4202],[-63.17607,-17.4202],[-63.17607,-17.42021],[-63.17607,-17.42022],[-63.17606,-17.42022],[-63.17606,-17.42023],[-63.17605,-17.42023],[-63.17605,-17.42024],[-63.17604,-17.42024],[-63.17604,-17.42025],[-63.17603,-17.42025],[-63.17602,-17.42025],[-63.17602,-17.42026],[-63.17601,-17.42026],[-63.176,-17.42026],[-63.17599,-17.42026],[-63.17599,-17.42027],[-63.17598,-17.42027],[-63.17597,-17.42027],[-63.17596,-17.42027],[-63.17595,-17.42027],[-63.17595,-17.42026]]},"properties":{"description":"-Jardinera","styleUrl":"#line4","stroke-opacity":1,"stroke":"#33CC00","stroke-width":1,"name":"FONDO"}},
{"type":"Feature","geometry":{"type":"LineString","coordinates":[[-63.17607,-17.42023],[-63.17607,-17.42024],[-63.17606,-17.42025],[-63.17606,-17.42026],[-63.17605,-17.42026],[-63.17605,-17.42027],[-63.17604,-17.42028],[-63.17603,-17.42028],[-63.17603,-17.42029],[-63.17602,-17.42029],[-63.17602,-17.4203],[-63.17601,-17.4203],[-63.176,-17.4203],[-63.176,-17.42031],[-63.17599,-17.42031],[-63.17598,-17.42031],[-63.17597,-17.42031],[-63.17596,-17.42031],[-63.17595,-17.42031],[-63.17594,-17.42031],[-63.17593,-17.42031]]},"properties":{"description":"-Jardinera","styleUrl":"#line4","stroke-opacity":1,"stroke":"#33CC00","stroke-width":1,"name":"FONDO"}},
{"type":"Feature","geometry":{"type":"LineString","coordinates":[[-63.1759,-17.42043],[-63.17591,-17.42043],[-63.17592,-17.42043],[-63.17592,-17.42044],[-63.17593,-17.42044],[-63.17594,-17.42044],[-63.17594,-17.42045],[-63.17595,-17.42045],[-63.17595,-17.42046],[-63.17596,-17.42046],[-63.17596,-17.42047],[-63.17597,-17.42047],[-63.17597,-17.42048],[-63.17598,-17.42048],[-63.17598,-17.42049],[-63.17598,-17.4205],[-63.17599,-17.4205],[-63.17599,-17.42051],[-63.17599,-17.42052],[-63.17599,-17.42053],[-63.17599,-17.42054],[-63.17599,-17.42055],[-63.17599,-17.42056]]},"properties":{"description":"-Jardinera","styleUrl":"#line4","stroke-opacity":1,"stroke":"#33CC00","stroke-width":1,"name":"FONDO"}},
{"type":"Feature","geometry":{"type":"LineString","coordinates":[[-63.17592,-17.42039],[-63.17593,-17.42039],[-63.17594,-17.42039],[-63.17594,-17.4204],[-63.17595,-17.4204],[-63.17596,-17.42041],[-63.17597,-17.42041],[-63.17597,-17.42042],[-63.17598,-17.42042],[-63.17598,-17.42043],[-63.17598,-17.42044],[-63.17599,-17.42044],[-63.17599,-17.42045],[-63.17599,-17.42046],[-63.176,-17.42046],[-63.176,-17.42047],[-63.176,-17.42048],[-63.176,-17.42049],[-63.176,-17.4205],[-63.176,-17.42051],[-63.176,-17.42052]]},"properties":{"description":"-Jardinera","styleUrl":"#line4","stroke-opacity":1,"stroke":"#33CC00","stroke-width":1,"name":"FONDO"}},
{"type":"Feature","geometry":{"type":"LineString","coordinates":[[-63.17605,-17.42058],[-63.17605,-17.42057],[-63.17606,-17.42057],[-63.17606,-17.42056],[-63.17606,-17.42055],[-63.17607,-17.42055],[-63.17607,-17.42054],[-63.17607,-17.42053],[-63.17608,-17.42053],[-63.17608,-17.42052],[-63.17609,-17.42052],[-63.1761,-17.42052],[-63.1761,-17.42051],[-63.17611,-17.42051],[-63.17611,-17.4205],[-63.17612,-17.4205],[-63.17613,-17.4205],[-63.17614,-17.4205],[-63.17615,-17.4205],[-63.17616,-17.4205],[-63.17617,-17.4205],[-63.17618,-17.4205],[-63.17619,-17.4205]]},"properties":{"description":"-Jardinera","styleUrl":"#line4","stroke-opacity":1,"stroke":"#33CC00","stroke-width":1,"name":"FONDO"}},
{"type":"Feature","geometry":{"type":"LineString","coordinates":[[-63.17606,-17.42053],[-63.17606,-17.42052],[-63.17607,-17.42052],[-63.17607,-17.42051],[-63.17607,-17.4205],[-63.17608,-17.4205],[-63.17608,-17.42049],[-63.17609,-17.42049],[-63.17609,-17.42048],[-63.1761,-17.42048],[-63.1761,-17.42047],[-63.17611,-17.42047],[-63.17612,-17.42047],[-63.17612,-17.42046],[-63.17613,-17.42046],[-63.17614,-17.42046],[-63.17614,-17.42045],[-63.17615,-17.42045],[-63.17616,-17.42045],[-63.17617,-17.42045],[-63.17618,-17.42045],[-63.17619,-17.42045],[-63.1762,-17.42045]]},"properties":{"description":"-Jardinera","styleUrl":"#line4","stroke-opacity":1,"stroke":"#33CC00","stroke-width":1,"name":"FONDO"}},
{"type":"Feature","geometry":{"type":"LineString","coordinates":[[-63.17538,-17.42042],[-63.17538,-17.42041],[-63.17539,-17.42041],[-63.17539,-17.4204],[-63.17539,-17.42039],[-63.1754,-17.42039],[-63.1754,-17.42038],[-63.17541,-17.42038],[-63.17541,-17.42037],[-63.17542,-17.42037],[-63.17542,-17.42036],[-63.17543,-17.42036],[-63.17543,-17.42035],[-63.17544,-17.42035],[-63.17545,-17.42035],[-63.17545,-17.42034],[-63.17546,-17.42034],[-63.17547,-17.42034],[-63.17548,-17.42034],[-63.17549,-17.42034],[-63.1755,-17.42034],[-63.17551,-17.42034],[-63.17552,-17.42034]]},"properties":{"description":"-Jardinera","styleUrl":"#line4","stroke-opacity":1,"stroke":"#33CC00","stroke-width":1,"name":"FONDO"}},
{"type":"Feature","geometry":{"type":"LineString","coordinates":[[-63.17539,-17.42038],[-63.17539,-17.42037],[-63.1754,-17.42037],[-63.1754,-17.42036],[-63.1754,-17.42035],[-63.17541,-17.42035],[-63.17541,-17.42034],[-63.17542,-17.42033],[-63.17542,-17.42032],[-63.17543,-17.42032],[-63.17544,-17.42032],[-63.17544,-17.42031],[-63.17545,-17.42031],[-63.17545,-17.4203],[-63.17546,-17.4203],[-63.17547,-17.4203],[-63.17548,-17.4203],[-63.17548,-17.42029],[-63.17549,-17.42029],[-63.1755,-17.42029],[-63.17551,-17.42029],[-63.17552,-17.42029],[-63.17553,-17.42029],[-63.17553,-17.4203]]},"properties":{"description":"-Jardinera","styleUrl":"#line4","stroke-opacity":1,"stroke":"#33CC00","stroke-width":1,"name":"FONDO"}},
{"type":"Feature","geometry":{"type":"LineString","coordinates":[[-63.17556,-17.42017],[-63.17555,-17.42017],[-63.17554,-17.42017],[-63.17554,-17.42016],[-63.17553,-17.42016],[-63.17552,-17.42016],[-63.17552,-17.42015],[-63.17551,-17.42015],[-63.17551,-17.42014],[-63.1755,-17.42014],[-63.1755,-17.42013],[-63.17549,-17.42013],[-63.17549,-17.42012],[-63.17549,-17.42011],[-63.17548,-17.42011],[-63.17548,-17.4201],[-63.17548,-17.42009],[-63.17548,-17.42008],[-63.17548,-17.42007],[-63.17548,-17.42006],[-63.17548,-17.42005],[-63.17548,-17.42004]]},"properties":{"description":"-Jardinera","styleUrl":"#line4","stroke-opacity":1,"stroke":"#33CC00","stroke-width":1,"name":"FONDO"}},
{"type":"Feature","geometry":{"type":"LineString","coordinates":[[-63.17555,-17.42022],[-63.17554,-17.42021],[-63.17553,-17.42021],[-63.17552,-17.42021],[-63.17552,-17.4202],[-63.17551,-17.4202],[-63.17551,-17.42019],[-63.1755,-17.42019],[-63.17549,-17.42019],[-63.17549,-17.42018],[-63.17549,-17.42017],[-63.17548,-17.42017],[-63.17548,-17.42016],[-63.17547,-17.42016],[-63.17547,-17.42015],[-63.17547,-17.42014],[-63.17547,-17.42013],[-63.17547,-17.42012],[-63.17546,-17.42012],[-63.17546,-17.42011],[-63.17546,-17.4201],[-63.17547,-17.4201],[-63.17547,-17.42009]]},"properties":{"description":"-Jardinera","styleUrl":"#line4","stroke-opacity":1,"stroke":"#33CC00","stroke-width":1,"name":"FONDO"}},
{"type":"Feature","geometry":{"type":"LineString","coordinates":[[-63.18997,-17.42325],[-63.18997,-17.42326],[-63.18996,-17.42326],[-63.18996,-17.42327],[-63.18996,-17.42328],[-63.18995,-17.42328],[-63.18995,-17.42329],[-63.18995,-17.4233],[-63.18994,-17.4233],[-63.18994,-17.42331],[-63.18993,-17.42331],[-63.18992,-17.42332],[-63.18991,-17.42332],[-63.18991,-17.42333],[-63.1899,-17.42333],[-63.18989,-17.42333],[-63.18988,-17.42333],[-63.18987,-17.42333],[-63.18987,-17.42334],[-63.18986,-17.42334],[-63.18985,-17.42334],[-63.18984,-17.42333],[-63.18983,-17.42333],[-63.18982,-17.42333],[-63.18981,-17.42333],[-63.18981,-17.42332],[-63.1898,-17.42332]]},"properties":{"description":"-Jardinera","styleUrl":"#line4","stroke-opacity":1,"stroke":"#33CC00","stroke-width":1,"name":"FONDO"}},
{"type":"Feature","geometry":{"type":"LineString","coordinates":[[-63.18984,-17.42348],[-63.18984,-17.42349],[-63.18985,-17.42349],[-63.18986,-17.42349],[-63.18986,-17.4235],[-63.18987,-17.4235],[-63.18987,-17.42351],[-63.18988,-17.42351],[-63.18988,-17.42352],[-63.18988,-17.42353],[-63.18989,-17.42353],[-63.18989,-17.42354],[-63.18989,-17.42355],[-63.18989,-17.42356],[-63.1899,-17.42356],[-63.1899,-17.42357],[-63.1899,-17.42358],[-63.1899,-17.42359],[-63.1899,-17.4236]]},"properties":{"description":"-Jardinera","styleUrl":"#line4","stroke-opacity":1,"stroke":"#33CC00","stroke-width":1,"name":"FONDO"}},
{"type":"Feature","geometry":{"type":"LineString","coordinates":[[-63.18996,-17.4233],[-63.18996,-17.42331],[-63.18995,-17.42331],[-63.18995,-17.42332],[-63.18995,-17.42333],[-63.18994,-17.42333],[-63.18994,-17.42334],[-63.18993,-17.42334],[-63.18993,-17.42335],[-63.18992,-17.42335],[-63.18992,-17.42336],[-63.18991,-17.42336],[-63.18991,-17.42337],[-63.1899,-17.42337],[-63.18989,-17.42337],[-63.18989,-17.42338],[-63.18988,-17.42338],[-63.18987,-17.42338],[-63.18986,-17.42338],[-63.18985,-17.42338],[-63.18984,-17.42338],[-63.18983,-17.42338],[-63.18982,-17.42338],[-63.18981,-17.42338],[-63.18981,-17.42337],[-63.1898,-17.42337],[-63.18979,-17.42337]]},"properties":{"description":"-Jardinera","styleUrl":"#line4","stroke-opacity":1,"stroke":"#33CC00","stroke-width":1,"name":"FONDO"}},
{"type":"Feature","geometry":{"type":"LineString","coordinates":[[-63.18983,-17.42353],[-63.18984,-17.42353],[-63.18984,-17.42354],[-63.18985,-17.42354],[-63.18985,-17.42355],[-63.18986,-17.42355],[-63.18986,-17.42356],[-63.18987,-17.42356],[-63.18987,-17.42357],[-63.18987,-17.42358],[-63.18988,-17.42358],[-63.18988,-17.42359],[-63.18988,-17.4236],[-63.18989,-17.4236],[-63.18989,-17.42361],[-63.18989,-17.42362],[-63.18989,-17.42363],[-63.18989,-17.42364],[-63.18989,-17.42365]]},"properties":{"description":"-Jardinera","styleUrl":"#line4","stroke-opacity":1,"stroke":"#33CC00","stroke-width":1,"name":"FONDO"}},
{"type":"Feature","geometry":{"type":"LineString","coordinates":[[-63.18672,-17.42285],[-63.18673,-17.42285],[-63.18674,-17.42285],[-63.18675,-17.42286],[-63.18676,-17.42286],[-63.18676,-17.42287],[-63.18677,-17.42287],[-63.18678,-17.42287],[-63.18678,-17.42288],[-63.18679,-17.42288],[-63.18679,-17.42289],[-63.18679,-17.4229],[-63.1868,-17.4229],[-63.1868,-17.42291],[-63.1868,-17.42292],[-63.18681,-17.42292],[-63.18681,-17.42293],[-63.18681,-17.42294],[-63.18681,-17.42295],[-63.18681,-17.42296],[-63.18681,-17.42297],[-63.18681,-17.42298]]},"properties":{"description":"-Jardinera","styleUrl":"#line4","stroke-opacity":1,"stroke":"#33CC00","stroke-width":1,"name":"FONDO"}},
{"type":"Feature","geometry":{"type":"LineString","coordinates":[[-63.18673,-17.4228],[-63.18674,-17.4228],[-63.18674,-17.42281],[-63.18675,-17.42281],[-63.18676,-17.42281],[-63.18676,-17.42282],[-63.18677,-17.42282],[-63.18678,-17.42282],[-63.18678,-17.42283],[-63.18679,-17.42283],[-63.18679,-17.42284],[-63.1868,-17.42284],[-63.1868,-17.42285],[-63.18681,-17.42286],[-63.18681,-17.42287],[-63.18681,-17.42288],[-63.18682,-17.42288],[-63.18682,-17.42289],[-63.18682,-17.4229],[-63.18682,-17.42291],[-63.18682,-17.42292],[-63.18682,-17.42293]]},"properties":{"description":"-Jardinera","styleUrl":"#line4","stroke-opacity":1,"stroke":"#33CC00","stroke-width":1,"name":"FONDO"}},
{"type":"Feature","geometry":{"type":"LineString","coordinates":[[-63.18689,-17.42259],[-63.18689,-17.4226],[-63.18689,-17.42261],[-63.18688,-17.42261],[-63.18688,-17.42262],[-63.18688,-17.42263],[-63.18687,-17.42263],[-63.18687,-17.42264],[-63.18686,-17.42264],[-63.18686,-17.42265],[-63.18685,-17.42265],[-63.18685,-17.42266],[-63.18684,-17.42266],[-63.18684,-17.42267],[-63.18683,-17.42267],[-63.18682,-17.42267],[-63.18682,-17.42268],[-63.18681,-17.42268],[-63.1868,-17.42268],[-63.18679,-17.42268],[-63.18678,-17.42268],[-63.18677,-17.42268],[-63.18676,-17.42268]]},"properties":{"description":"-Jardinera","styleUrl":"#line4","stroke-opacity":1,"stroke":"#33CC00","stroke-width":1,"name":"FONDO"}},
{"type":"Feature","geometry":{"type":"LineString","coordinates":[[-63.18688,-17.42264],[-63.18688,-17.42265],[-63.18687,-17.42265],[-63.18687,-17.42266],[-63.18687,-17.42267],[-63.18686,-17.42267],[-63.18686,-17.42268],[-63.18686,-17.42269],[-63.18685,-17.42269],[-63.18685,-17.4227],[-63.18684,-17.4227],[-63.18683,-17.42271],[-63.18682,-17.42271],[-63.18682,-17.42272],[-63.18681,-17.42272],[-63.1868,-17.42272],[-63.18679,-17.42272],[-63.18678,-17.42272],[-63.18678,-17.42273],[-63.18677,-17.42273],[-63.18676,-17.42273],[-63.18676,-17.42272],[-63.18675,-17.42272]]},"properties":{"description":"-Jardinera","styleUrl":"#line4","stroke-opacity":1,"stroke":"#33CC00","stroke-width":1,"name":"FONDO"}},
{"type":"Feature","geometry":{"type":"LineString","coordinates":[[-63.18211,-17.42191],[-63.18212,-17.42191],[-63.18213,-17.42191],[-63.18214,-17.42191],[-63.18214,-17.42192],[-63.18215,-17.42192],[-63.18216,-17.42192],[-63.18216,-17.42193],[-63.18217,-17.42193],[-63.18217,-17.42194],[-63.18218,-17.42194],[-63.18218,-17.42195],[-63.18219,-17.42195],[-63.18219,-17.42196],[-63.1822,-17.42196],[-63.1822,-17.42197],[-63.18221,-17.42197],[-63.18221,-17.42198],[-63.18221,-17.42199],[-63.18222,-17.42199],[-63.18222,-17.422],[-63.18222,-17.42201],[-63.18223,-17.42201],[-63.18223,-17.42202],[-63.18223,-17.42203],[-63.18223,-17.42204],[-63.18223,-17.42205],[-63.18224,-17.42205],[-63.18224,-17.42206],[-63.18224,-17.42207],[-63.18224,-17.42208],[-63.18223,-17.42208],[-63.18223,-17.42209],[-63.18223,-17.4221],[-63.18223,-17.42211],[-63.18223,-17.42212],[-63.18222,-17.42212],[-63.18222,-17.42213],[-63.18222,-17.42214],[-63.18221,-17.42214],[-63.18221,-17.42215]]},"properties":{"description":"-Jardinera","styleUrl":"#line4","stroke-opacity":1,"stroke":"#33CC00","stroke-width":1,"name":"FONDO"}},
{"type":"Feature","geometry":{"type":"LineString","coordinates":[[-63.18252,-17.42172],[-63.18251,-17.42172],[-63.18251,-17.42173],[-63.1825,-17.42173],[-63.1825,-17.42174],[-63.18249,-17.42174],[-63.18249,-17.42175],[-63.18248,-17.42175],[-63.18248,-17.42176],[-63.18247,-17.42176],[-63.18246,-17.42176],[-63.18246,-17.42177],[-63.18245,-17.42177],[-63.18244,-17.42177],[-63.18244,-17.42178],[-63.18243,-17.42178],[-63.18242,-17.42178],[-63.18241,-17.42178],[-63.18241,-17.42179],[-63.1824,-17.42179],[-63.18239,-17.42179],[-63.18238,-17.42179],[-63.18237,-17.42179],[-63.18236,-17.42179],[-63.18235,-17.42179],[-63.18235,-17.42178],[-63.18234,-17.42178]]},"properties":{"description":"-Jardinera","styleUrl":"#line4","stroke-opacity":1,"stroke":"#33CC00","stroke-width":1,"name":"FONDO"}},
{"type":"Feature","geometry":{"type":"LineString","coordinates":[[-63.18214,-17.42187],[-63.18215,-17.42187],[-63.18216,-17.42187],[-63.18216,-17.42188],[-63.18217,-17.42188],[-63.18218,-17.42188],[-63.18218,-17.42189],[-63.18219,-17.42189],[-63.1822,-17.42189],[-63.1822,-17.4219],[-63.18221,-17.4219],[-63.18221,-17.42191],[-63.18222,-17.42191],[-63.18222,-17.42192],[-63.18223,-17.42192],[-63.18223,-17.42193],[-63.18224,-17.42193],[-63.18224,-17.42194],[-63.18224,-17.42195],[-63.18225,-17.42195],[-63.18225,-17.42196],[-63.18225,-17.42197],[-63.18226,-17.42197],[-63.18226,-17.42198],[-63.18226,-17.42199],[-63.18226,-17.422],[-63.18226,-17.42201],[-63.18226,-17.42202],[-63.18226,-17.42203],[-63.18226,-17.42204],[-63.18226,-17.42205],[-63.18226,-17.42206],[-63.18226,-17.42207],[-63.18225,-17.42208],[-63.18225,-17.42209],[-63.18225,-17.4221],[-63.18224,-17.4221],[-63.18224,-17.42211],[-63.18223,-17.42211]]},"properties":{"description":"-Jardinera","styleUrl":"#line4","stroke-opacity":1,"stroke":"#33CC00","stroke-width":1,"name":"FONDO"}},
{"type":"Feature","geometry":{"type":"LineString","coordinates":[[-63.18249,-17.42176],[-63.18248,-17.42176],[-63.18248,-17.42177],[-63.18247,-17.42177],[-63.18247,-17.42178],[-63.18246,-17.42178],[-63.18246,-17.42179],[-63.18245,-17.42179],[-63.18245,-17.4218],[-63.18244,-17.4218],[-63.18243,-17.4218],[-63.18243,-17.42181],[-63.18242,-17.42181],[-63.18241,-17.42181],[-63.18241,-17.42182],[-63.1824,-17.42182],[-63.18239,-17.42182],[-63.18238,-17.42182],[-63.18238,-17.42183],[-63.18237,-17.42183],[-63.18236,-17.42183],[-63.18235,-17.42183],[-63.18234,-17.42183],[-63.18233,-17.42183],[-63.18232,-17.42183],[-63.18232,-17.42182],[-63.18231,-17.42182]]},"properties":{"description":"-Jardinera","styleUrl":"#line4","stroke-opacity":1,"stroke":"#33CC00","stroke-width":1,"name":"FONDO"}},
{"type":"Feature","geometry":{"type":"LineString","coordinates":[[-63.18286,-17.4222],[-63.18286,-17.42219],[-63.18287,-17.42219],[-63.18287,-17.42218],[-63.18288,-17.42218],[-63.18288,-17.42217],[-63.18289,-17.42217],[-63.18289,-17.42216],[-63.1829,-17.42216],[-63.1829,-17.42215],[-63.18291,-17.42215],[-63.18292,-17.42215],[-63.18292,-17.42214],[-63.18293,-17.42214],[-63.18294,-17.42214],[-63.18295,-17.42214],[-63.18295,-17.42213],[-63.18296,-17.42213],[-63.18297,-17.42213],[-63.18298,-17.42213],[-63.18299,-17.42213],[-63.183,-17.42213],[-63.18301,-17.42213],[-63.18302,-17.42213],[-63.18303,-17.42213]]},"properties":{"description":"-Jardinera","styleUrl":"#line4","stroke-opacity":1,"stroke":"#33CC00","stroke-width":1,"name":"FONDO"}},
{"type":"Feature","geometry":{"type":"LineString","coordinates":[[-63.18289,-17.42216],[-63.18289,-17.42215],[-63.1829,-17.42215],[-63.1829,-17.42214],[-63.18291,-17.42214],[-63.18291,-17.42213],[-63.18292,-17.42213],[-63.18292,-17.42212],[-63.18293,-17.42212],[-63.18293,-17.42211],[-63.18294,-17.42211],[-63.18295,-17.42211],[-63.18295,-17.4221],[-63.18296,-17.4221],[-63.18297,-17.4221],[-63.18297,-17.42209],[-63.18298,-17.42209],[-63.18299,-17.42209],[-63.183,-17.42209],[-63.18301,-17.42209],[-63.18302,-17.42209],[-63.18303,-17.42209],[-63.18304,-17.42209],[-63.18305,-17.42209],[-63.18306,-17.42209]]},"properties":{"description":"-Jardinera","styleUrl":"#line4","stroke-opacity":1,"stroke":"#33CC00","stroke-width":1,"name":"FONDO"}},
{"type":"Feature","geometry":{"type":"LineString","coordinates":[[-63.18328,-17.422],[-63.18327,-17.422],[-63.18326,-17.422],[-63.18325,-17.422],[-63.18325,-17.42199],[-63.18324,-17.42199],[-63.18323,-17.42199],[-63.18323,-17.42198],[-63.18322,-17.42198],[-63.18321,-17.42198],[-63.18321,-17.42197],[-63.1832,-17.42197],[-63.1832,-17.42196],[-63.18319,-17.42196],[-63.18319,-17.42195],[-63.18318,-17.42195],[-63.18318,-17.42194],[-63.18317,-17.42194],[-63.18317,-17.42193],[-63.18317,-17.42192],[-63.18316,-17.42192],[-63.18316,-17.42191],[-63.18316,-17.4219],[-63.18315,-17.4219],[-63.18315,-17.42189],[-63.18315,-17.42188],[-63.18315,-17.42187],[-63.18315,-17.42186],[-63.18314,-17.42185],[-63.18314,-17.42184],[-63.18314,-17.42183],[-63.18315,-17.42183],[-63.18315,-17.42182],[-63.18315,-17.42181],[-63.18315,-17.4218],[-63.18315,-17.42179],[-63.18316,-17.42179],[-63.18316,-17.42178],[-63.18316,-17.42177],[-63.18317,-17.42177],[-63.18317,-17.42176],[-63.18317,-17.42175]]},"properties":{"description":"-Jardinera","styleUrl":"#line4","stroke-opacity":1,"stroke":"#33CC00","stroke-width":1,"name":"FONDO"}},
{"type":"Feature","geometry":{"type":"LineString","coordinates":[[-63.18325,-17.42204],[-63.18324,-17.42204],[-63.18323,-17.42204],[-63.18322,-17.42204],[-63.18322,-17.42203],[-63.18321,-17.42203],[-63.1832,-17.42203],[-63.1832,-17.42202],[-63.18319,-17.42202],[-63.18318,-17.42202],[-63.18318,-17.42201],[-63.18317,-17.42201],[-63.18317,-17.422],[-63.18316,-17.422],[-63.18316,-17.42199],[-63.18315,-17.42199],[-63.18315,-17.42198],[-63.18314,-17.42198],[-63.18314,-17.42197],[-63.18314,-17.42196],[-63.18313,-17.42196],[-63.18313,-17.42195],[-63.18313,-17.42194],[-63.18312,-17.42194],[-63.18312,-17.42193],[-63.18312,-17.42192],[-63.18312,-17.42191],[-63.18312,-17.4219],[-63.18312,-17.42189],[-63.18312,-17.42188],[-63.18312,-17.42187],[-63.18312,-17.42186],[-63.18312,-17.42185],[-63.18312,-17.42184],[-63.18312,-17.42183],[-63.18313,-17.42183],[-63.18313,-17.42182],[-63.18313,-17.42181],[-63.18314,-17.42181],[-63.18314,-17.4218],[-63.18314,-17.42179],[-63.18315,-17.42179]]},"properties":{"description":"-Jardinera","styleUrl":"#line4","stroke-opacity":1,"stroke":"#33CC00","stroke-width":1,"name":"FONDO"}},
{"type":"Feature","geometry":{"type":"LineString","coordinates":[[-63.18346,-17.42204],[-63.18328,-17.422]]},"properties":{"description":"-Jardinera","styleUrl":"#line4","stroke-opacity":1,"stroke":"#33CC00","stroke-width":1,"name":"FONDO"}},
{"type":"Feature","geometry":{"type":"LineString","coordinates":[[-63.18377,-17.4221],[-63.18376,-17.4221],[-63.18375,-17.42209],[-63.18374,-17.42209],[-63.18373,-17.42209],[-63.18373,-17.42208],[-63.18372,-17.42208],[-63.18372,-17.42207],[-63.18371,-17.42207],[-63.18371,-17.42206],[-63.1837,-17.42206],[-63.1837,-17.42205],[-63.18369,-17.42205],[-63.18369,-17.42204],[-63.18369,-17.42203],[-63.18368,-17.42203],[-63.18368,-17.42202],[-63.18368,-17.42201],[-63.18368,-17.422],[-63.18368,-17.42199],[-63.18368,-17.42198],[-63.18368,-17.42197],[-63.18368,-17.42196],[-63.18368,-17.42195],[-63.18369,-17.42195],[-63.18369,-17.42194],[-63.18369,-17.42193],[-63.1837,-17.42193]]},"properties":{"description":"-Jardinera","styleUrl":"#line4","stroke-opacity":1,"stroke":"#33CC00","stroke-width":1,"name":"FONDO"}},
{"type":"Feature","geometry":{"type":"LineString","coordinates":[[-63.18357,-17.42199],[-63.18357,-17.422],[-63.18356,-17.422],[-63.18356,-17.42201],[-63.18355,-17.42201],[-63.18355,-17.42202],[-63.18354,-17.42202],[-63.18354,-17.42203],[-63.18353,-17.42203],[-63.18352,-17.42203],[-63.18351,-17.42203],[-63.18351,-17.42204],[-63.1835,-17.42204],[-63.18349,-17.42204],[-63.18348,-17.42204],[-63.18347,-17.42204],[-63.18346,-17.42204]]},"properties":{"description":"-Jardinera","styleUrl":"#line4","stroke-opacity":1,"stroke":"#33CC00","stroke-width":1,"name":"FONDO"}},
{"type":"Feature","geometry":{"type":"LineString","coordinates":[[-63.18326,-17.42217],[-63.18303,-17.42213]]},"properties":{"description":"-Jardinera","styleUrl":"#line4","stroke-opacity":1,"stroke":"#33CC00","stroke-width":1,"name":"FONDO"}},
{"type":"Feature","geometry":{"type":"LineString","coordinates":[[-63.18345,-17.42228],[-63.18345,-17.42227],[-63.18346,-17.42227],[-63.18346,-17.42226],[-63.18347,-17.42226],[-63.18347,-17.42225],[-63.18348,-17.42225],[-63.18349,-17.42225],[-63.18349,-17.42224],[-63.1835,-17.42224],[-63.18351,-17.42224],[-63.18352,-17.42224],[-63.18352,-17.42223],[-63.18353,-17.42223],[-63.18354,-17.42223],[-63.18355,-17.42223],[-63.18356,-17.42223],[-63.18357,-17.42223]]},"properties":{"description":"-Jardinera","styleUrl":"#line4","stroke-opacity":1,"stroke":"#33CC00","stroke-width":1,"name":"FONDO"}},
{"type":"Feature","geometry":{"type":"LineString","coordinates":[[-63.18326,-17.42217],[-63.18326,-17.42218],[-63.18327,-17.42218],[-63.18328,-17.42218],[-63.18329,-17.42218],[-63.18329,-17.42219],[-63.1833,-17.42219],[-63.1833,-17.4222],[-63.18331,-17.4222],[-63.18331,-17.42221],[-63.18332,-17.42221],[-63.18332,-17.42222],[-63.18333,-17.42222],[-63.18333,-17.42223],[-63.18334,-17.42223],[-63.18334,-17.42224],[-63.18334,-17.42225],[-63.18334,-17.42226],[-63.18334,-17.42227],[-63.18335,-17.42227],[-63.18335,-17.42228],[-63.18335,-17.42229],[-63.18334,-17.4223],[-63.18334,-17.42231],[-63.18334,-17.42232],[-63.18334,-17.42233],[-63.18333,-17.42233],[-63.18333,-17.42234]]},"properties":{"description":"-Jardinera","styleUrl":"#line4","stroke-opacity":1,"stroke":"#33CC00","stroke-width":1,"name":"FONDO"}},
{"type":"Feature","geometry":{"type":"LineString","coordinates":[[-63.18343,-17.42208],[-63.18325,-17.42204]]},"properties":{"description":"-Jardinera","styleUrl":"#line4","stroke-opacity":1,"stroke":"#33CC00","stroke-width":1,"name":"FONDO"}},
{"type":"Feature","geometry":{"type":"LineString","coordinates":[[-63.18328,-17.42213],[-63.18306,-17.42209]]},"properties":{"description":"-Jardinera","styleUrl":"#line4","stroke-opacity":1,"stroke":"#33CC00","stroke-width":1,"name":"FONDO"}},
{"type":"Feature","geometry":{"type":"LineString","coordinates":[[-63.18374,-17.42214],[-63.18373,-17.42214],[-63.18372,-17.42214],[-63.18372,-17.42213],[-63.18371,-17.42213],[-63.1837,-17.42213],[-63.1837,-17.42212],[-63.18369,-17.42212],[-63.18369,-17.42211],[-63.18368,-17.42211],[-63.18368,-17.4221],[-63.18367,-17.4221],[-63.18367,-17.42209],[-63.18366,-17.42209],[-63.18366,-17.42208],[-63.18366,-17.42207],[-63.18365,-17.42207],[-63.18365,-17.42206],[-63.18365,-17.42205],[-63.18365,-17.42204],[-63.18365,-17.42203],[-63.18365,-17.42202],[-63.18365,-17.42201],[-63.18365,-17.422],[-63.18366,-17.42199],[-63.18366,-17.42198],[-63.18367,-17.42198],[-63.18367,-17.42197]]},"properties":{"description":"-Jardinera","styleUrl":"#line4","stroke-opacity":1,"stroke":"#33CC00","stroke-width":1,"name":"FONDO"}},
{"type":"Feature","geometry":{"type":"LineString","coordinates":[[-63.18354,-17.42203],[-63.18354,-17.42204],[-63.18353,-17.42204],[-63.18353,-17.42205],[-63.18352,-17.42205],[-63.18352,-17.42206],[-63.18351,-17.42206],[-63.18351,-17.42207],[-63.1835,-17.42207],[-63.18349,-17.42207],[-63.18349,-17.42208],[-63.18348,-17.42208],[-63.18347,-17.42208],[-63.18346,-17.42208],[-63.18345,-17.42208],[-63.18344,-17.42208],[-63.18343,-17.42208]]},"properties":{"description":"-Jardinera","styleUrl":"#line4","stroke-opacity":1,"stroke":"#33CC00","stroke-width":1,"name":"FONDO"}},
{"type":"Feature","geometry":{"type":"LineString","coordinates":[[-63.18328,-17.42213],[-63.18329,-17.42213],[-63.18329,-17.42214],[-63.1833,-17.42214],[-63.18331,-17.42214],[-63.18332,-17.42214],[-63.18332,-17.42215],[-63.18333,-17.42215],[-63.18333,-17.42216],[-63.18334,-17.42216],[-63.18334,-17.42217],[-63.18335,-17.42217],[-63.18335,-17.42218],[-63.18336,-17.42218],[-63.18336,-17.42219],[-63.18337,-17.4222],[-63.18337,-17.42221],[-63.18337,-17.42222],[-63.18337,-17.42223],[-63.18337,-17.42224],[-63.18337,-17.42225],[-63.18337,-17.42226],[-63.18337,-17.42227],[-63.18337,-17.42228],[-63.18336,-17.42228],[-63.18336,-17.42229],[-63.18336,-17.4223]]},"properties":{"description":"-Jardinera","styleUrl":"#line4","stroke-opacity":1,"stroke":"#33CC00","stroke-width":1,"name":"FONDO"}},
{"type":"Feature","geometry":{"type":"LineString","coordinates":[[-63.18348,-17.42224],[-63.18348,-17.42223],[-63.18349,-17.42223],[-63.18349,-17.42222],[-63.1835,-17.42222],[-63.1835,-17.42221],[-63.18351,-17.42221],[-63.18352,-17.42221],[-63.18352,-17.4222],[-63.18353,-17.4222],[-63.18354,-17.4222],[-63.18354,-17.42219],[-63.18355,-17.42219],[-63.18356,-17.42219],[-63.18357,-17.42219],[-63.18358,-17.42219],[-63.18359,-17.42219]]},"properties":{"description":"-Jardinera","styleUrl":"#line4","stroke-opacity":1,"stroke":"#33CC00","stroke-width":1,"name":"FONDO"}},
{"type":"Feature","geometry":{"type":"LineString","coordinates":[[-63.18182,-17.42166],[-63.18141,-17.42156]]},"properties":{"description":"-Jardinera","styleUrl":"#line4","stroke-opacity":1,"stroke":"#33CC00","stroke-width":1,"name":"FONDO"}},
{"type":"Feature","geometry":{"type":"LineString","coordinates":[[-63.18163,-17.42179],[-63.18122,-17.42169]]},"properties":{"description":"-Jardinera","styleUrl":"#line4","stroke-opacity":1,"stroke":"#33CC00","stroke-width":1,"name":"FONDO"}},
{"type":"Feature","geometry":{"type":"LineString","coordinates":[[-63.18181,-17.42191],[-63.18181,-17.4219],[-63.18182,-17.4219],[-63.18182,-17.42189],[-63.18183,-17.42189],[-63.18183,-17.42188],[-63.18184,-17.42188],[-63.18185,-17.42188],[-63.18185,-17.42187],[-63.18186,-17.42187],[-63.18187,-17.42187],[-63.18187,-17.42186],[-63.18188,-17.42186],[-63.18189,-17.42186],[-63.1819,-17.42186],[-63.18191,-17.42186],[-63.18192,-17.42186],[-63.18193,-17.42186]]},"properties":{"description":"-Jardinera","styleUrl":"#line4","stroke-opacity":1,"stroke":"#33CC00","stroke-width":1,"name":"FONDO"}},
{"type":"Feature","geometry":{"type":"LineString","coordinates":[[-63.18163,-17.42179],[-63.18164,-17.42179],[-63.18164,-17.4218],[-63.18165,-17.4218],[-63.18166,-17.4218],[-63.18166,-17.42181],[-63.18167,-17.42181],[-63.18168,-17.42181],[-63.18168,-17.42182],[-63.18169,-17.42182],[-63.18169,-17.42183],[-63.1817,-17.42183],[-63.1817,-17.42184],[-63.1817,-17.42185],[-63.18171,-17.42185],[-63.18171,-17.42186],[-63.18171,-17.42187],[-63.18171,-17.42188],[-63.18172,-17.42188],[-63.18172,-17.42189],[-63.18172,-17.4219],[-63.18172,-17.42191],[-63.18171,-17.42191],[-63.18171,-17.42192],[-63.18171,-17.42193],[-63.18171,-17.42194],[-63.1817,-17.42195],[-63.1817,-17.42196]]},"properties":{"description":"-Jardinera","styleUrl":"#line4","stroke-opacity":1,"stroke":"#33CC00","stroke-width":1,"name":"FONDO"}},
{"type":"Feature","geometry":{"type":"LineString","coordinates":[[-63.18194,-17.42162],[-63.18193,-17.42162],[-63.18193,-17.42163],[-63.18192,-17.42163],[-63.18192,-17.42164],[-63.18191,-17.42164],[-63.18191,-17.42165],[-63.1819,-17.42165],[-63.18189,-17.42165],[-63.18189,-17.42166],[-63.18188,-17.42166],[-63.18187,-17.42166],[-63.18186,-17.42166],[-63.18185,-17.42166],[-63.18184,-17.42166],[-63.18183,-17.42166],[-63.18182,-17.42166]]},"properties":{"description":"-Jardinera","styleUrl":"#line4","stroke-opacity":1,"stroke":"#33CC00","stroke-width":1,"name":"FONDO"}},
{"type":"Feature","geometry":{"type":"LineString","coordinates":[[-63.18212,-17.42173],[-63.18211,-17.42173],[-63.1821,-17.42173],[-63.1821,-17.42172],[-63.18209,-17.42172],[-63.18208,-17.42172],[-63.18208,-17.42171],[-63.18207,-17.42171],[-63.18207,-17.4217],[-63.18206,-17.4217],[-63.18206,-17.42169],[-63.18205,-17.42169],[-63.18205,-17.42168],[-63.18205,-17.42167],[-63.18204,-17.42167],[-63.18204,-17.42166],[-63.18204,-17.42165],[-63.18204,-17.42164],[-63.18204,-17.42163],[-63.18203,-17.42163],[-63.18203,-17.42162],[-63.18204,-17.42162],[-63.18204,-17.42161],[-63.18204,-17.4216],[-63.18204,-17.42159],[-63.18204,-17.42158],[-63.18205,-17.42158],[-63.18205,-17.42157]]},"properties":{"description":"-Jardinera","styleUrl":"#line4","stroke-opacity":1,"stroke":"#33CC00","stroke-width":1,"name":"FONDO"}},
{"type":"Feature","geometry":{"type":"LineString","coordinates":[[-63.18184,-17.42187],[-63.18184,-17.42186],[-63.18185,-17.42186],[-63.18185,-17.42185],[-63.18186,-17.42185],[-63.18186,-17.42184],[-63.18187,-17.42184],[-63.18188,-17.42184],[-63.18188,-17.42183],[-63.18189,-17.42183],[-63.1819,-17.42183],[-63.1819,-17.42182],[-63.18191,-17.42182],[-63.18192,-17.42182],[-63.18193,-17.42182],[-63.18194,-17.42182],[-63.18195,-17.42182],[-63.18196,-17.42182]]},"properties":{"description":"-Jardinera","styleUrl":"#line4","stroke-opacity":1,"stroke":"#33CC00","stroke-width":1,"name":"FONDO"}},
{"type":"Feature","geometry":{"type":"LineString","coordinates":[[-63.18166,-17.42175],[-63.18125,-17.42165]]},"properties":{"description":"-Jardinera","styleUrl":"#line4","stroke-opacity":1,"stroke":"#33CC00","stroke-width":1,"name":"FONDO"}},
{"type":"Feature","geometry":{"type":"LineString","coordinates":[[-63.18166,-17.42175],[-63.18167,-17.42175],[-63.18167,-17.42176],[-63.18168,-17.42176],[-63.18169,-17.42176],[-63.18169,-17.42177],[-63.1817,-17.42177],[-63.18171,-17.42178],[-63.18172,-17.42179],[-63.18172,-17.4218],[-63.18173,-17.4218],[-63.18173,-17.42181],[-63.18174,-17.42181],[-63.18174,-17.42182],[-63.18174,-17.42183],[-63.18174,-17.42184],[-63.18174,-17.42185],[-63.18174,-17.42186],[-63.18174,-17.42187],[-63.18174,-17.42188],[-63.18174,-17.42189],[-63.18174,-17.4219],[-63.18173,-17.4219],[-63.18173,-17.42191],[-63.18173,-17.42192],[-63.18172,-17.42192]]},"properties":{"description":"-Jardinera","styleUrl":"#line4","stroke-opacity":1,"stroke":"#33CC00","stroke-width":1,"name":"FONDO"}},
{"type":"Feature","geometry":{"type":"LineString","coordinates":[[-63.18191,-17.42166],[-63.1819,-17.42166],[-63.1819,-17.42167],[-63.18189,-17.42167],[-63.18189,-17.42168],[-63.18188,-17.42168],[-63.18188,-17.42169],[-63.18187,-17.42169],[-63.18186,-17.42169],[-63.18186,-17.4217],[-63.18185,-17.4217],[-63.18184,-17.4217],[-63.18183,-17.4217],[-63.18182,-17.4217],[-63.18181,-17.4217],[-63.1818,-17.4217],[-63.18179,-17.4217]]},"properties":{"description":"-Jardinera","styleUrl":"#line4","stroke-opacity":1,"stroke":"#33CC00","stroke-width":1,"name":"FONDO"}},
{"type":"Feature","geometry":{"type":"LineString","coordinates":[[-63.18231,-17.42182],[-63.18209,-17.42177]]},"properties":{"description":"-Jardinera","styleUrl":"#line4","stroke-opacity":1,"stroke":"#33CC00","stroke-width":1,"name":"FONDO"}},
{"type":"Feature","geometry":{"type":"LineString","coordinates":[[-63.18209,-17.42177],[-63.18208,-17.42177],[-63.18207,-17.42177],[-63.18207,-17.42176],[-63.18206,-17.42176],[-63.18205,-17.42176],[-63.18205,-17.42175],[-63.18204,-17.42175],[-63.18204,-17.42174],[-63.18203,-17.42174],[-63.18203,-17.42173],[-63.18202,-17.42173],[-63.18202,-17.42172],[-63.18202,-17.42171],[-63.18201,-17.42171],[-63.18201,-17.4217],[-63.18201,-17.42169],[-63.18201,-17.42168],[-63.18201,-17.42167],[-63.18201,-17.42166],[-63.18201,-17.42165],[-63.18201,-17.42164],[-63.18201,-17.42163],[-63.18202,-17.42162],[-63.18202,-17.42161],[-63.18203,-17.42161]]},"properties":{"description":"-Jardinera","styleUrl":"#line4","stroke-opacity":1,"stroke":"#33CC00","stroke-width":1,"name":"FONDO"}},
{"type":"Feature","geometry":{"type":"LineString","coordinates":[[-63.19497,-17.42364],[-63.19428,-17.42718]]},"properties":{"description":"CARRETERA","styleUrl":"#line5","stroke-opacity":1,"stroke":"#5B5B5B","stroke-width":1,"name":"FONDO"}},
{"type":"Feature","geometry":{"type":"LineString","coordinates":[[-63.19503,-17.42367],[-63.19434,-17.42719]]},"properties":{"description":"CARRETERA","styleUrl":"#line5","stroke-opacity":1,"stroke":"#5B5B5B","stroke-width":1,"name":"FONDO"}},
{"type":"Feature","geometry":{"type":"LineString","coordinates":[[-63.19504,-17.42367],[-63.19435,-17.42719]]},"properties":{"description":"CARRETERA","styleUrl":"#line5","stroke-opacity":1,"stroke":"#5B5B5B","stroke-width":1,"name":"FONDO"}},
{"type":"Feature","geometry":{"type":"LineString","coordinates":[[-63.19511,-17.4237],[-63.19483,-17.42512]]},"properties":{"description":"CARRETERA","styleUrl":"#line5","stroke-opacity":1,"stroke":"#5B5B5B","stroke-width":1,"name":"FONDO"}},
{"type":"Feature","geometry":{"type":"LineString","coordinates":[[-63.19483,-17.42512],[-63.19442,-17.42721]]},"properties":{"description":"CARRETERA","styleUrl":"#line5","stroke-opacity":1,"stroke":"#5B5B5B","stroke-width":1,"name":"FONDO"}},
{"type":"Feature","geometry":{"type":"LineString","coordinates":[[-63.17568,-17.42168],[-63.17514,-17.42152]]},"properties":{"description":"DISTANCIAS","styleUrl":"#line6","stroke-opacity":1,"stroke":"#FF00FF","stroke-width":1,"name":"FONDO"}},
{"type":"Feature","geometry":{"type":"LineString","coordinates":[[-63.19347,-17.42436],[-63.19334,-17.42508]]},"properties":{"description":"ACERAS","styleUrl":"#line7","stroke-opacity":1,"stroke":"#FF7F00","stroke-width":1,"name":"FONDO"}},
{"type":"Feature","geometry":{"type":"LineString","coordinates":[[-63.19322,-17.42533],[-63.19315,-17.4257]]},"properties":{"description":"ACERAS","styleUrl":"#line7","stroke-opacity":1,"stroke":"#FF7F00","stroke-width":1,"name":"FONDO"}},
{"type":"Feature","geometry":{"type":"LineString","coordinates":[[-63.19326,-17.42548],[-63.19321,-17.42574]]},"properties":{"description":"ACERAS","styleUrl":"#line7","stroke-opacity":1,"stroke":"#FF7F00","stroke-width":1,"name":"FONDO"}},
{"type":"Feature","geometry":{"type":"LineString","coordinates":[[-63.19334,-17.42437],[-63.19212,-17.42374]]},"properties":{"description":"ACERAS","styleUrl":"#line7","stroke-opacity":1,"stroke":"#FF7F00","stroke-width":1,"name":"FONDO"}},
{"type":"Feature","geometry":{"type":"LineString","coordinates":[[-63.19166,-17.42422],[-63.19193,-17.42374]]},"properties":{"description":"ACERAS","styleUrl":"#line7","stroke-opacity":1,"stroke":"#FF7F00","stroke-width":1,"name":"FONDO"}},
{"type":"Feature","geometry":{"type":"LineString","coordinates":[[-63.19172,-17.42425],[-63.19199,-17.42377]]},"properties":{"description":"ACERAS","styleUrl":"#line7","stroke-opacity":1,"stroke":"#FF7F00","stroke-width":1,"name":"FONDO"}},
{"type":"Feature","geometry":{"type":"LineString","coordinates":[[-63.19001,-17.42339],[-63.19012,-17.42283]]},"properties":{"description":"ACERAS","styleUrl":"#line7","stroke-opacity":1,"stroke":"#FF7F00","stroke-width":1,"name":"FONDO"}},
{"type":"Feature","geometry":{"type":"LineString","coordinates":[[-63.19192,-17.42356],[-63.19022,-17.42268]]},"properties":{"description":"ACERAS","styleUrl":"#line7","stroke-opacity":1,"stroke":"#FF7F00","stroke-width":1,"name":"FONDO"}},
{"type":"Feature","geometry":{"type":"LineString","coordinates":[[-63.19189,-17.42362],[-63.19026,-17.42277]]},"properties":{"description":"ACERAS","styleUrl":"#line7","stroke-opacity":1,"stroke":"#FF7F00","stroke-width":1,"name":"FONDO"}},
{"type":"Feature","geometry":{"type":"LineString","coordinates":[[-63.19018,-17.42258],[-63.19028,-17.42211]]},"properties":{"description":"ACERAS","styleUrl":"#line7","stroke-opacity":1,"stroke":"#FF7F00","stroke-width":1,"name":"FONDO"}},
{"type":"Feature","geometry":{"type":"LineString","coordinates":[[-63.19,-17.42264],[-63.18727,-17.42211]]},"properties":{"description":"ACERAS","styleUrl":"#line7","stroke-opacity":1,"stroke":"#FF7F00","stroke-width":1,"name":"FONDO"}},
{"type":"Feature","geometry":{"type":"LineString","coordinates":[[-63.18999,-17.4227],[-63.18726,-17.42217]]},"properties":{"description":"ACERAS","styleUrl":"#line7","stroke-opacity":1,"stroke":"#FF7F00","stroke-width":1,"name":"FONDO"}},
{"type":"Feature","geometry":{"type":"LineString","coordinates":[[-63.18691,-17.42204],[-63.18489,-17.42164]]},"properties":{"description":"ACERAS","styleUrl":"#line7","stroke-opacity":1,"stroke":"#FF7F00","stroke-width":1,"name":"FONDO"}},
{"type":"Feature","geometry":{"type":"LineString","coordinates":[[-63.1869,-17.4221],[-63.18477,-17.42168]]},"properties":{"description":"ACERAS","styleUrl":"#line7","stroke-opacity":1,"stroke":"#FF7F00","stroke-width":1,"name":"FONDO"}},
{"type":"Feature","geometry":{"type":"LineString","coordinates":[[-63.18409,-17.42244],[-63.18278,-17.42429]]},"properties":{"description":"ACERAS","styleUrl":"#line7","stroke-opacity":1,"stroke":"#FF7F00","stroke-width":1,"name":"FONDO"}},
{"type":"Feature","geometry":{"type":"LineString","coordinates":[[-63.18341,-17.42351],[-63.1832,-17.42381]]},"properties":{"description":"ACERAS","styleUrl":"#line7","stroke-opacity":1,"stroke":"#FF7F00","stroke-width":1,"name":"FONDO"}},
{"type":"Feature","geometry":{"type":"LineString","coordinates":[[-63.18421,-17.42238],[-63.18356,-17.4233]]},"properties":{"description":"ACERAS","styleUrl":"#line7","stroke-opacity":1,"stroke":"#FF7F00","stroke-width":1,"name":"FONDO"}},
{"type":"Feature","geometry":{"type":"LineString","coordinates":[[-63.18467,-17.42162],[-63.18428,-17.42218]]},"properties":{"description":"ACERAS","styleUrl":"#line7","stroke-opacity":1,"stroke":"#FF7F00","stroke-width":1,"name":"FONDO"}},
{"type":"Feature","geometry":{"type":"LineString","coordinates":[[-63.18468,-17.42172],[-63.1844,-17.42211]]},"properties":{"description":"ACERAS","styleUrl":"#line7","stroke-opacity":1,"stroke":"#FF7F00","stroke-width":1,"name":"FONDO"}},
{"type":"Feature","geometry":{"type":"LineString","coordinates":[[-63.18503,-17.42122],[-63.18483,-17.4215]]},"properties":{"description":"ACERAS","styleUrl":"#line7","stroke-opacity":1,"stroke":"#FF7F00","stroke-width":1,"name":"FONDO"}},
{"type":"Feature","geometry":{"type":"LineString","coordinates":[[-63.18189,-17.42041],[-63.17919,-17.41977]]},"properties":{"description":"ACERAS","styleUrl":"#line7","stroke-opacity":1,"stroke":"#FF7F00","stroke-width":1,"name":"FONDO"}},
{"type":"Feature","geometry":{"type":"LineString","coordinates":[[-63.18178,-17.42045],[-63.17917,-17.41983]]},"properties":{"description":"ACERAS","styleUrl":"#line7","stroke-opacity":1,"stroke":"#FF7F00","stroke-width":1,"name":"FONDO"}},
{"type":"Feature","geometry":{"type":"LineString","coordinates":[[-63.17893,-17.41977],[-63.17718,-17.41936]]},"properties":{"description":"ACERAS","styleUrl":"#line7","stroke-opacity":1,"stroke":"#FF7F00","stroke-width":1,"name":"FONDO"}},
{"type":"Feature","geometry":{"type":"LineString","coordinates":[[-63.17553,-17.41957],[-63.17542,-17.42003]]},"properties":{"description":"ACERAS","styleUrl":"#line7","stroke-opacity":1,"stroke":"#FF7F00","stroke-width":1,"name":"FONDO"}},
{"type":"Feature","geometry":{"type":"LineString","coordinates":[[-63.1756,-17.41956],[-63.17547,-17.42009]]},"properties":{"description":"ACERAS","styleUrl":"#line7","stroke-opacity":1,"stroke":"#FF7F00","stroke-width":1,"name":"FONDO"}},
{"type":"Feature","geometry":{"type":"LineString","coordinates":[[-63.17511,-17.42151],[-63.17539,-17.42038]]},"properties":{"description":"ACERAS","styleUrl":"#line7","stroke-opacity":1,"stroke":"#FF7F00","stroke-width":1,"name":"FONDO"}},
{"type":"Feature","geometry":{"type":"LineString","coordinates":[[-63.17505,-17.42149],[-63.17532,-17.4204]]},"properties":{"description":"ACERAS","styleUrl":"#line7","stroke-opacity":1,"stroke":"#FF7F00","stroke-width":1,"name":"FONDO"}},
{"type":"Feature","geometry":{"type":"LineString","coordinates":[[-63.17581,-17.42125],[-63.1757,-17.42169]]},"properties":{"description":"ACERAS","styleUrl":"#line7","stroke-opacity":1,"stroke":"#FF7F00","stroke-width":1,"name":"FONDO"}},
{"type":"Feature","geometry":{"type":"LineString","coordinates":[[-63.17606,-17.42053],[-63.17595,-17.42096]]},"properties":{"description":"ACERAS","styleUrl":"#line7","stroke-opacity":1,"stroke":"#FF7F00","stroke-width":1,"name":"FONDO"}},
{"type":"Feature","geometry":{"type":"LineString","coordinates":[[-63.176,-17.42052],[-63.17581,-17.42125]]},"properties":{"description":"ACERAS","styleUrl":"#line7","stroke-opacity":1,"stroke":"#FF7F00","stroke-width":1,"name":"FONDO"}},
{"type":"Feature","geometry":{"type":"LineString","coordinates":[[-63.17851,-17.42182],[-63.17843,-17.42214]]},"properties":{"description":"ACERAS","styleUrl":"#line7","stroke-opacity":1,"stroke":"#FF7F00","stroke-width":1,"name":"FONDO"}},
{"type":"Feature","geometry":{"type":"LineString","coordinates":[[-63.17857,-17.42184],[-63.17849,-17.42215]]},"properties":{"description":"ACERAS","styleUrl":"#line7","stroke-opacity":1,"stroke":"#FF7F00","stroke-width":1,"name":"FONDO"}},
{"type":"Feature","geometry":{"type":"LineString","coordinates":[[-63.17843,-17.42239],[-63.17835,-17.42271]]},"properties":{"description":"ACERAS","styleUrl":"#line7","stroke-opacity":1,"stroke":"#FF7F00","stroke-width":1,"name":"FONDO"}},
{"type":"Feature","geometry":{"type":"LineString","coordinates":[[-63.17837,-17.42238],[-63.17829,-17.42269]]},"properties":{"description":"ACERAS","styleUrl":"#line7","stroke-opacity":1,"stroke":"#FF7F00","stroke-width":1,"name":"FONDO"}},
{"type":"Feature","geometry":{"type":"LineString","coordinates":[[-63.18158,-17.42106],[-63.18131,-17.42144]]},"properties":{"description":"ACERAS","styleUrl":"#line7","stroke-opacity":1,"stroke":"#FF7F00","stroke-width":1,"name":"FONDO"}},
{"type":"Feature","geometry":{"type":"LineString","coordinates":[[-63.18148,-17.42109],[-63.1812,-17.42149]]},"properties":{"description":"ACERAS","styleUrl":"#line7","stroke-opacity":1,"stroke":"#FF7F00","stroke-width":1,"name":"FONDO"}},
{"type":"Feature","geometry":{"type":"LineString","coordinates":[[-63.18202,-17.42044],[-63.18158,-17.42106]]},"properties":{"description":"ACERAS","styleUrl":"#line7","stroke-opacity":1,"stroke":"#FF7F00","stroke-width":1,"name":"FONDO"}},
{"type":"Feature","geometry":{"type":"LineString","coordinates":[[-63.18101,-17.42175],[-63.18074,-17.42213]]},"properties":{"description":"ACERAS","styleUrl":"#line7","stroke-opacity":1,"stroke":"#FF7F00","stroke-width":1,"name":"FONDO"}},
{"type":"Feature","geometry":{"type":"LineString","coordinates":[[-63.18113,-17.4217],[-63.18063,-17.42241]]},"properties":{"description":"ACERAS","styleUrl":"#line7","stroke-opacity":1,"stroke":"#FF7F00","stroke-width":1,"name":"FONDO"}},
{"type":"Feature","geometry":{"type":"LineString","coordinates":[[-63.18059,-17.42235],[-63.18039,-17.42264]]},"properties":{"description":"ACERAS","styleUrl":"#line7","stroke-opacity":1,"stroke":"#FF7F00","stroke-width":1,"name":"FONDO"}},
{"type":"Feature","geometry":{"type":"LineString","coordinates":[[-63.18063,-17.42241],[-63.17985,-17.42351]]},"properties":{"description":"ACERAS","styleUrl":"#line7","stroke-opacity":1,"stroke":"#FF7F00","stroke-width":1,"name":"FONDO"}},
{"type":"Feature","geometry":{"type":"LineString","coordinates":[[-63.17886,-17.42043],[-63.17875,-17.42086]]},"properties":{"description":"ACERAS","styleUrl":"#line7","stroke-opacity":1,"stroke":"#FF7F00","stroke-width":1,"name":"FONDO"}},
{"type":"Feature","geometry":{"type":"LineString","coordinates":[[-63.17892,-17.42045],[-63.17881,-17.42088]]},"properties":{"description":"ACERAS","styleUrl":"#line7","stroke-opacity":1,"stroke":"#FF7F00","stroke-width":1,"name":"FONDO"}},
{"type":"Feature","geometry":{"type":"LineString","coordinates":[[-63.17868,-17.42115],[-63.17857,-17.42158]]},"properties":{"description":"ACERAS","styleUrl":"#line7","stroke-opacity":1,"stroke":"#FF7F00","stroke-width":1,"name":"FONDO"}},
{"type":"Feature","geometry":{"type":"LineString","coordinates":[[-63.17874,-17.42117],[-63.17863,-17.4216]]},"properties":{"description":"ACERAS","styleUrl":"#line7","stroke-opacity":1,"stroke":"#FF7F00","stroke-width":1,"name":"FONDO"}},
{"type":"Feature","geometry":{"type":"LineString","coordinates":[[-63.18706,-17.42267],[-63.18715,-17.42224]]},"properties":{"description":"ACERAS","styleUrl":"#line7","stroke-opacity":1,"stroke":"#FF7F00","stroke-width":1,"name":"FONDO"}},
{"type":"Feature","geometry":{"type":"LineString","coordinates":[[-63.19339,-17.42447],[-63.19328,-17.42502]]},"properties":{"description":"ACERAS","styleUrl":"#line7","stroke-opacity":1,"stroke":"#FF7F00","stroke-width":1,"name":"FONDO"}},
{"type":"Feature","geometry":{"type":"LineString","coordinates":[[-63.19334,-17.42437],[-63.19334,-17.42438],[-63.19335,-17.42438],[-63.19336,-17.42438],[-63.19336,-17.42439],[-63.19337,-17.42439],[-63.19337,-17.4244],[-63.19337,-17.42441],[-63.19338,-17.42441],[-63.19338,-17.42442],[-63.19338,-17.42443],[-63.19339,-17.42443],[-63.19339,-17.42444],[-63.19339,-17.42445],[-63.19339,-17.42446],[-63.19339,-17.42447]]},"properties":{"description":"ACERAS","styleUrl":"#line7","stroke-opacity":1,"stroke":"#FF7F00","stroke-width":1,"name":"FONDO"}},
{"type":"Feature","geometry":{"type":"LineString","coordinates":[[-63.19199,-17.42357],[-63.19198,-17.42357],[-63.19197,-17.42357],[-63.19196,-17.42357],[-63.19195,-17.42357],[-63.19194,-17.42357],[-63.19193,-17.42357],[-63.19193,-17.42356],[-63.19192,-17.42356]]},"properties":{"description":"ACERAS","styleUrl":"#line7","stroke-opacity":1,"stroke":"#FF7F00","stroke-width":1,"name":"FONDO"}},
{"type":"Feature","geometry":{"type":"LineString","coordinates":[[-63.19189,-17.42362],[-63.1919,-17.42362],[-63.1919,-17.42363],[-63.19191,-17.42363],[-63.19192,-17.42364],[-63.19192,-17.42365],[-63.19193,-17.42365],[-63.19193,-17.42366],[-63.19194,-17.42366],[-63.19194,-17.42367],[-63.19194,-17.42368],[-63.19194,-17.42369],[-63.19194,-17.4237],[-63.19194,-17.42371],[-63.19194,-17.42372],[-63.19194,-17.42373],[-63.19193,-17.42373],[-63.19193,-17.42374]]},"properties":{"description":"ACERAS","styleUrl":"#line7","stroke-opacity":1,"stroke":"#FF7F00","stroke-width":1,"name":"FONDO"}},
{"type":"Feature","geometry":{"type":"LineString","coordinates":[[-63.19199,-17.42377],[-63.19199,-17.42376],[-63.192,-17.42376],[-63.192,-17.42375],[-63.19201,-17.42375],[-63.19201,-17.42374],[-63.19202,-17.42374],[-63.19203,-17.42374],[-63.19203,-17.42373],[-63.19204,-17.42373],[-63.19205,-17.42373],[-63.19206,-17.42373],[-63.19206,-17.42372],[-63.19207,-17.42372],[-63.19208,-17.42372],[-63.19208,-17.42373],[-63.19209,-17.42373],[-63.1921,-17.42373],[-63.19211,-17.42373],[-63.19212,-17.42373],[-63.19212,-17.42374]]},"properties":{"description":"ACERAS","styleUrl":"#line7","stroke-opacity":1,"stroke":"#FF7F00","stroke-width":1,"name":"FONDO"}},
{"type":"Feature","geometry":{"type":"LineString","coordinates":[[-63.19135,-17.42477],[-63.19151,-17.42448]]},"properties":{"description":"ACERAS","styleUrl":"#line7","stroke-opacity":1,"stroke":"#FF7F00","stroke-width":1,"name":"FONDO"}},
{"type":"Feature","geometry":{"type":"LineString","coordinates":[[-63.19141,-17.4248],[-63.19157,-17.42451]]},"properties":{"description":"ACERAS","styleUrl":"#line7","stroke-opacity":1,"stroke":"#FF7F00","stroke-width":1,"name":"FONDO"}},
{"type":"Feature","geometry":{"type":"LineString","coordinates":[[-63.19012,-17.42283],[-63.19013,-17.42283],[-63.19013,-17.42282],[-63.19013,-17.42281],[-63.19013,-17.4228],[-63.19014,-17.4228],[-63.19014,-17.42279],[-63.19015,-17.42279],[-63.19015,-17.42278],[-63.19016,-17.42278],[-63.19016,-17.42277],[-63.19017,-17.42277],[-63.19018,-17.42277],[-63.19018,-17.42276],[-63.19019,-17.42276],[-63.1902,-17.42276],[-63.19021,-17.42276],[-63.19022,-17.42276],[-63.19023,-17.42276],[-63.19024,-17.42276],[-63.19025,-17.42276],[-63.19025,-17.42277],[-63.19026,-17.42277]]},"properties":{"description":"ACERAS","styleUrl":"#line7","stroke-opacity":1,"stroke":"#FF7F00","stroke-width":1,"name":"FONDO"}},
{"type":"Feature","geometry":{"type":"LineString","coordinates":[[-63.19022,-17.42268],[-63.19022,-17.42267],[-63.19021,-17.42267],[-63.19021,-17.42266],[-63.1902,-17.42266],[-63.1902,-17.42265],[-63.19019,-17.42265],[-63.19019,-17.42264],[-63.19018,-17.42264],[-63.19018,-17.42263],[-63.19018,-17.42262],[-63.19018,-17.42261],[-63.19018,-17.4226],[-63.19018,-17.42259],[-63.19018,-17.42258]]},"properties":{"description":"ACERAS","styleUrl":"#line7","stroke-opacity":1,"stroke":"#FF7F00","stroke-width":1,"name":"FONDO"}},
{"type":"Feature","geometry":{"type":"LineString","coordinates":[[-63.1872,-17.422],[-63.18725,-17.42174]]},"properties":{"description":"ACERAS","styleUrl":"#line7","stroke-opacity":1,"stroke":"#FF7F00","stroke-width":1,"name":"FONDO"}},
{"type":"Feature","geometry":{"type":"LineString","coordinates":[[-63.18727,-17.42211],[-63.18727,-17.4221],[-63.18726,-17.4221],[-63.18725,-17.4221],[-63.18724,-17.4221],[-63.18724,-17.42209],[-63.18723,-17.42209],[-63.18723,-17.42208],[-63.18722,-17.42208],[-63.18722,-17.42207],[-63.18721,-17.42207],[-63.18721,-17.42206],[-63.1872,-17.42206],[-63.1872,-17.42205],[-63.1872,-17.42204],[-63.1872,-17.42203],[-63.1872,-17.42202],[-63.1872,-17.42201],[-63.1872,-17.422]]},"properties":{"description":"ACERAS","styleUrl":"#line7","stroke-opacity":1,"stroke":"#FF7F00","stroke-width":1,"name":"FONDO"}},
{"type":"Feature","geometry":{"type":"LineString","coordinates":[[-63.18715,-17.42224],[-63.18715,-17.42223],[-63.18715,-17.42222],[-63.18716,-17.42222],[-63.18716,-17.42221],[-63.18716,-17.4222],[-63.18717,-17.4222],[-63.18717,-17.42219],[-63.18718,-17.42219],[-63.18718,-17.42218],[-63.18719,-17.42218],[-63.1872,-17.42218],[-63.1872,-17.42217],[-63.18721,-17.42217],[-63.18722,-17.42217],[-63.18723,-17.42217],[-63.18724,-17.42217],[-63.18725,-17.42217],[-63.18726,-17.42217]]},"properties":{"description":"ACERAS","styleUrl":"#line7","stroke-opacity":1,"stroke":"#FF7F00","stroke-width":1,"name":"FONDO"}},
{"type":"Feature","geometry":{"type":"LineString","coordinates":[[-63.1869,-17.4234],[-63.18699,-17.42296]]},"properties":{"description":"ACERAS","styleUrl":"#line7","stroke-opacity":1,"stroke":"#FF7F00","stroke-width":1,"name":"FONDO"}},
{"type":"Feature","geometry":{"type":"LineString","coordinates":[[-63.18489,-17.42164],[-63.18488,-17.42164],[-63.18487,-17.42164],[-63.18486,-17.42163],[-63.18485,-17.42163],[-63.18485,-17.42162],[-63.18484,-17.42162],[-63.18484,-17.42161],[-63.18483,-17.42161],[-63.18483,-17.4216],[-63.18482,-17.4216],[-63.18482,-17.42159],[-63.18482,-17.42158],[-63.18482,-17.42157],[-63.18481,-17.42157],[-63.18481,-17.42156],[-63.18481,-17.42155],[-63.18481,-17.42154],[-63.18482,-17.42154],[-63.18482,-17.42153],[-63.18482,-17.42152],[-63.18482,-17.42151],[-63.18483,-17.42151],[-63.18483,-17.4215]]},"properties":{"description":"ACERAS","styleUrl":"#line7","stroke-opacity":1,"stroke":"#FF7F00","stroke-width":1,"name":"FONDO"}},
{"type":"Feature","geometry":{"type":"LineString","coordinates":[[-63.18468,-17.42172],[-63.18468,-17.42171],[-63.18469,-17.42171],[-63.18469,-17.4217],[-63.1847,-17.4217],[-63.18471,-17.4217],[-63.18471,-17.42169],[-63.18472,-17.42169],[-63.18473,-17.42169],[-63.18473,-17.42168],[-63.18474,-17.42168],[-63.18475,-17.42168],[-63.18476,-17.42168],[-63.18477,-17.42168]]},"properties":{"description":"ACERAS","styleUrl":"#line7","stroke-opacity":1,"stroke":"#FF7F00","stroke-width":1,"name":"FONDO"}},
{"type":"Feature","geometry":{"type":"LineString","coordinates":[[-63.17633,-17.41947],[-63.1763,-17.41958]]},"properties":{"description":"ACERAS","styleUrl":"#line7","stroke-opacity":1,"stroke":"#FF7F00","stroke-width":1,"name":"FONDO"}},
{"type":"Feature","geometry":{"type":"LineString","coordinates":[[-63.17626,-17.41947],[-63.17607,-17.42023]]},"properties":{"description":"ACERAS","styleUrl":"#line7","stroke-opacity":1,"stroke":"#FF7F00","stroke-width":1,"name":"FONDO"}},
{"type":"Feature","geometry":{"type":"LineString","coordinates":[[-63.17624,-17.41981],[-63.17613,-17.42024]]},"properties":{"description":"ACERAS","styleUrl":"#line7","stroke-opacity":1,"stroke":"#FF7F00","stroke-width":1,"name":"FONDO"}},
{"type":"Feature","geometry":{"type":"LineString","coordinates":[[-63.17894,-17.41971],[-63.17735,-17.41933]]},"properties":{"description":"ACERAS","styleUrl":"#line7","stroke-opacity":1,"stroke":"#FF7F00","stroke-width":1,"name":"FONDO"}},
{"type":"Feature","geometry":{"type":"LineString","coordinates":[[-63.179,-17.41988],[-63.17892,-17.4202]]},"properties":{"description":"ACERAS","styleUrl":"#line7","stroke-opacity":1,"stroke":"#FF7F00","stroke-width":1,"name":"FONDO"}},
{"type":"Feature","geometry":{"type":"LineString","coordinates":[[-63.17906,-17.4199],[-63.17898,-17.42021]]},"properties":{"description":"ACERAS","styleUrl":"#line7","stroke-opacity":1,"stroke":"#FF7F00","stroke-width":1,"name":"FONDO"}},
{"type":"Feature","geometry":{"type":"LineString","coordinates":[[-63.17906,-17.4199],[-63.17906,-17.41989],[-63.17906,-17.41988],[-63.17907,-17.41988],[-63.17907,-17.41987],[-63.17908,-17.41986],[-63.17908,-17.41985],[-63.17909,-17.41985],[-63.1791,-17.41985],[-63.1791,-17.41984],[-63.17911,-17.41984],[-63.17911,-17.41983],[-63.17912,-17.41983],[-63.17913,-17.41983],[-63.17914,-17.41983],[-63.17915,-17.41983],[-63.17916,-17.41983],[-63.17917,-17.41983]]},"properties":{"description":"ACERAS","styleUrl":"#line7","stroke-opacity":1,"stroke":"#FF7F00","stroke-width":1,"name":"FONDO"}},
{"type":"Feature","geometry":{"type":"LineString","coordinates":[[-63.17893,-17.41977],[-63.17894,-17.41977],[-63.17894,-17.41978],[-63.17895,-17.41978],[-63.17896,-17.41978],[-63.17896,-17.41979],[-63.17897,-17.41979],[-63.17897,-17.4198],[-63.17898,-17.4198],[-63.17898,-17.41981],[-63.17899,-17.41981],[-63.17899,-17.41982],[-63.17899,-17.41983],[-63.179,-17.41983],[-63.179,-17.41984],[-63.179,-17.41985],[-63.179,-17.41986],[-63.179,-17.41987],[-63.179,-17.41988]]},"properties":{"description":"ACERAS","styleUrl":"#line7","stroke-opacity":1,"stroke":"#FF7F00","stroke-width":1,"name":"FONDO"}},
{"type":"Feature","geometry":{"type":"LineString","coordinates":[[-63.18184,-17.42059],[-63.18163,-17.42087]]},"properties":{"description":"ACERAS","styleUrl":"#line7","stroke-opacity":1,"stroke":"#FF7F00","stroke-width":1,"name":"FONDO"}},
{"type":"Feature","geometry":{"type":"LineString","coordinates":[[-63.18178,-17.42045],[-63.18179,-17.42045],[-63.1818,-17.42045],[-63.1818,-17.42046],[-63.18181,-17.42046],[-63.18181,-17.42047],[-63.18182,-17.42047],[-63.18183,-17.42047],[-63.18183,-17.42048],[-63.18183,-17.42049],[-63.18184,-17.42049],[-63.18184,-17.4205],[-63.18185,-17.4205],[-63.18185,-17.42051],[-63.18185,-17.42052],[-63.18185,-17.42053],[-63.18185,-17.42054],[-63.18185,-17.42055],[-63.18185,-17.42056],[-63.18185,-17.42057],[-63.18184,-17.42057],[-63.18184,-17.42058],[-63.18184,-17.42059]]},"properties":{"description":"ACERAS","styleUrl":"#line7","stroke-opacity":1,"stroke":"#FF7F00","stroke-width":1,"name":"FONDO"}},
{"type":"Feature","geometry":{"type":"LineString","coordinates":[[-63.18084,-17.4239],[-63.17992,-17.4237]]},"properties":{"description":"ACERAS","styleUrl":"#line7","stroke-opacity":1,"stroke":"#FF7F00","stroke-width":1,"name":"FONDO"}},
{"type":"Feature","geometry":{"type":"LineString","coordinates":[[-63.17959,-17.42362],[-63.17856,-17.42339]]},"properties":{"description":"ACERAS","styleUrl":"#line7","stroke-opacity":1,"stroke":"#FF7F00","stroke-width":1,"name":"FONDO"}},
{"type":"Feature","geometry":{"type":"LineString","coordinates":[[-63.17972,-17.42357],[-63.17972,-17.42358],[-63.17971,-17.42358],[-63.17971,-17.42359],[-63.1797,-17.42359],[-63.1797,-17.4236],[-63.17969,-17.4236],[-63.17969,-17.42361],[-63.17968,-17.42361],[-63.17967,-17.42361],[-63.17967,-17.42362],[-63.17966,-17.42362],[-63.17965,-17.42362],[-63.17964,-17.42362],[-63.17963,-17.42362],[-63.17963,-17.42363],[-63.17962,-17.42363],[-63.17961,-17.42363],[-63.17961,-17.42362],[-63.1796,-17.42362],[-63.17959,-17.42362]]},"properties":{"description":"ACERAS","styleUrl":"#line7","stroke-opacity":1,"stroke":"#FF7F00","stroke-width":1,"name":"FONDO"}},
{"type":"Feature","geometry":{"type":"LineString","coordinates":[[-63.17992,-17.4237],[-63.17991,-17.4237],[-63.17991,-17.42369],[-63.1799,-17.42369],[-63.17989,-17.42369],[-63.17989,-17.42368],[-63.17988,-17.42368],[-63.17987,-17.42368],[-63.17987,-17.42367],[-63.17986,-17.42367],[-63.17986,-17.42366],[-63.17985,-17.42366],[-63.17985,-17.42365],[-63.17984,-17.42364],[-63.17984,-17.42363],[-63.17983,-17.42363],[-63.17983,-17.42362],[-63.17983,-17.42361],[-63.17983,-17.4236],[-63.17983,-17.42359],[-63.17982,-17.42359],[-63.17982,-17.42358],[-63.17982,-17.42357],[-63.17983,-17.42357],[-63.17983,-17.42356],[-63.17983,-17.42355],[-63.17983,-17.42354],[-63.17983,-17.42353],[-63.17984,-17.42353],[-63.17984,-17.42352],[-63.17984,-17.42351],[-63.17985,-17.42351]]},"properties":{"description":"ACERAS","styleUrl":"#line7","stroke-opacity":1,"stroke":"#FF7F00","stroke-width":1,"name":"FONDO"}},
{"type":"Feature","geometry":{"type":"LineString","coordinates":[[-63.19442,-17.4248],[-63.19432,-17.42537]]},"properties":{"description":"ACERAS","styleUrl":"#line7","stroke-opacity":1,"stroke":"#FF7F00","stroke-width":1,"name":"FONDO"}},
{"type":"Feature","geometry":{"type":"LineString","coordinates":[[-63.1942,-17.42597],[-63.19415,-17.42623]]},"properties":{"description":"ACERAS","styleUrl":"#line7","stroke-opacity":1,"stroke":"#FF7F00","stroke-width":1,"name":"FONDO"}},
{"type":"Feature","geometry":{"type":"LineString","coordinates":[[-63.19409,-17.42575],[-63.19343,-17.4254]]},"properties":{"description":"ACERAS","styleUrl":"#line7","stroke-opacity":1,"stroke":"#FF7F00","stroke-width":1,"name":"FONDO"}},
{"type":"Feature","geometry":{"type":"LineString","coordinates":[[-63.194,-17.42551],[-63.19339,-17.4252]]},"properties":{"description":"ACERAS","styleUrl":"#line7","stroke-opacity":1,"stroke":"#FF7F00","stroke-width":1,"name":"FONDO"}},
{"type":"Feature","geometry":{"type":"LineString","coordinates":[[-63.19409,-17.42575],[-63.1941,-17.42575],[-63.19411,-17.42575],[-63.19411,-17.42576],[-63.19412,-17.42576],[-63.19412,-17.42577],[-63.19413,-17.42577],[-63.19413,-17.42578],[-63.19414,-17.42578],[-63.19414,-17.42579],[-63.19415,-17.42579],[-63.19415,-17.4258],[-63.19416,-17.4258],[-63.19416,-17.42581],[-63.19417,-17.42581],[-63.19417,-17.42582],[-63.19418,-17.42583],[-63.19418,-17.42584],[-63.19419,-17.42584],[-63.19419,-17.42585],[-63.19419,-17.42586],[-63.19419,-17.42587],[-63.1942,-17.42587],[-63.1942,-17.42588],[-63.1942,-17.42589],[-63.1942,-17.4259],[-63.1942,-17.42591],[-63.1942,-17.42592],[-63.1942,-17.42593],[-63.1942,-17.42594],[-63.1942,-17.42595],[-63.1942,-17.42596],[-63.1942,-17.42597]]},"properties":{"description":"ACERAS","styleUrl":"#line7","stroke-opacity":1,"stroke":"#FF7F00","stroke-width":1,"name":"FONDO"}},
{"type":"Feature","geometry":{"type":"LineString","coordinates":[[-63.19432,-17.42537],[-63.19431,-17.42537],[-63.19431,-17.42538],[-63.19431,-17.42539],[-63.19431,-17.4254],[-63.1943,-17.4254],[-63.1943,-17.42541],[-63.1943,-17.42542],[-63.19429,-17.42543],[-63.19429,-17.42544],[-63.19428,-17.42544],[-63.19428,-17.42545],[-63.19428,-17.42546],[-63.19427,-17.42546],[-63.19427,-17.42547],[-63.19426,-17.42547],[-63.19426,-17.42548],[-63.19425,-17.42548],[-63.19425,-17.42549],[-63.19424,-17.42549],[-63.19423,-17.4255],[-63.19422,-17.4255],[-63.19422,-17.42551],[-63.19421,-17.42551],[-63.1942,-17.42551],[-63.1942,-17.42552],[-63.19419,-17.42552],[-63.19418,-17.42552],[-63.19418,-17.42553],[-63.19417,-17.42553],[-63.19416,-17.42553],[-63.19415,-17.42553],[-63.19414,-17.42553],[-63.19414,-17.42554],[-63.19413,-17.42554],[-63.19412,-17.42554],[-63.19411,-17.42554],[-63.1941,-17.42554],[-63.19409,-17.42554],[-63.19408,-17.42554],[-63.19407,-17.42554],[-63.19406,-17.42554],[-63.19406,-17.42553],[-63.19405,-17.42553],[-63.19404,-17.42553],[-63.19403,-17.42553],[-63.19402,-17.42552],[-63.19401,-17.42552],[-63.194,-17.42552],[-63.194,-17.42551]]},"properties":{"description":"ACERAS","styleUrl":"#line7","stroke-opacity":1,"stroke":"#FF7F00","stroke-width":1,"name":"FONDO"}},
{"type":"Feature","geometry":{"type":"LineString","coordinates":[[-63.19326,-17.42548],[-63.19326,-17.42547],[-63.19326,-17.42546],[-63.19327,-17.42546],[-63.19327,-17.42545],[-63.19327,-17.42544],[-63.19328,-17.42544],[-63.19328,-17.42543],[-63.19329,-17.42543],[-63.19329,-17.42542],[-63.1933,-17.42542],[-63.1933,-17.42541],[-63.19331,-17.42541],[-63.19331,-17.4254],[-63.19332,-17.4254],[-63.19333,-17.4254],[-63.19333,-17.42539],[-63.19334,-17.42539],[-63.19335,-17.42539],[-63.19336,-17.42539],[-63.19337,-17.42539],[-63.19338,-17.42539],[-63.19339,-17.42539],[-63.1934,-17.42539],[-63.19341,-17.42539],[-63.19342,-17.4254],[-63.19343,-17.4254]]},"properties":{"description":"ACERAS","styleUrl":"#line7","stroke-opacity":1,"stroke":"#FF7F00","stroke-width":1,"name":"FONDO"}},
{"type":"Feature","geometry":{"type":"LineString","coordinates":[[-63.19339,-17.4252],[-63.19339,-17.42519],[-63.19338,-17.42519],[-63.19337,-17.42519],[-63.19337,-17.42518],[-63.19336,-17.42518],[-63.19336,-17.42517],[-63.19335,-17.42516],[-63.19335,-17.42515],[-63.19334,-17.42515],[-63.19334,-17.42514],[-63.19334,-17.42513],[-63.19334,-17.42512],[-63.19333,-17.42512],[-63.19333,-17.42511],[-63.19333,-17.4251],[-63.19333,-17.42509],[-63.19334,-17.42509],[-63.19334,-17.42508]]},"properties":{"description":"ACERAS","styleUrl":"#line7","stroke-opacity":1,"stroke":"#FF7F00","stroke-width":1,"name":"FONDO"}},
{"type":"Feature","geometry":{"type":"LineString","coordinates":[[-63.18971,-17.42404],[-63.18702,-17.42351]]},"properties":{"description":"ACERAS","styleUrl":"#line7","stroke-opacity":1,"stroke":"#FF7F00","stroke-width":1,"name":"FONDO"}},
{"type":"Feature","geometry":{"type":"LineString","coordinates":[[-63.18969,-17.4241],[-63.18719,-17.42361]]},"properties":{"description":"ACERAS","styleUrl":"#line7","stroke-opacity":1,"stroke":"#FF7F00","stroke-width":1,"name":"FONDO"}},
{"type":"Feature","geometry":{"type":"LineString","coordinates":[[-63.18691,-17.42345],[-63.1869,-17.42345],[-63.1869,-17.42344],[-63.1869,-17.42343],[-63.1869,-17.42342],[-63.1869,-17.42341],[-63.1869,-17.4234]]},"properties":{"description":"ACERAS","styleUrl":"#line7","stroke-opacity":1,"stroke":"#FF7F00","stroke-width":1,"name":"FONDO"}},
{"type":"Feature","geometry":{"type":"LineString","coordinates":[[-63.18528,-17.42376],[-63.18441,-17.42359]]},"properties":{"description":"ACERAS","styleUrl":"#line7","stroke-opacity":1,"stroke":"#FF7F00","stroke-width":1,"name":"FONDO"}},
{"type":"Feature","geometry":{"type":"LineString","coordinates":[[-63.18519,-17.4238],[-63.1835,-17.42348]]},"properties":{"description":"ACERAS","styleUrl":"#line7","stroke-opacity":1,"stroke":"#FF7F00","stroke-width":1,"name":"FONDO"}},
{"type":"Feature","geometry":{"type":"LineString","coordinates":[[-63.18362,-17.42343],[-63.18361,-17.42343],[-63.1836,-17.42343],[-63.18359,-17.42343],[-63.18359,-17.42342],[-63.18358,-17.42342],[-63.18358,-17.42341],[-63.18357,-17.42341],[-63.18357,-17.4234],[-63.18356,-17.4234],[-63.18356,-17.42339],[-63.18355,-17.42339],[-63.18355,-17.42338],[-63.18355,-17.42337],[-63.18355,-17.42336],[-63.18355,-17.42335],[-63.18355,-17.42334],[-63.18355,-17.42333],[-63.18355,-17.42332],[-63.18355,-17.42331],[-63.18356,-17.42331],[-63.18356,-17.4233]]},"properties":{"description":"ACERAS","styleUrl":"#line7","stroke-opacity":1,"stroke":"#FF7F00","stroke-width":1,"name":"FONDO"}},
{"type":"Feature","geometry":{"type":"LineString","coordinates":[[-63.18341,-17.42351],[-63.18341,-17.4235],[-63.18342,-17.4235],[-63.18343,-17.4235],[-63.18343,-17.42349],[-63.18344,-17.42349],[-63.18344,-17.42348],[-63.18345,-17.42348],[-63.18346,-17.42348],[-63.18347,-17.42348],[-63.18348,-17.42348],[-63.18348,-17.42347],[-63.18349,-17.42347],[-63.18349,-17.42348],[-63.1835,-17.42348]]},"properties":{"description":"ACERAS","styleUrl":"#line7","stroke-opacity":1,"stroke":"#FF7F00","stroke-width":1,"name":"FONDO"}},
{"type":"Feature","geometry":{"type":"LineString","coordinates":[[-63.1844,-17.42417],[-63.18326,-17.42395]]},"properties":{"description":"ACERAS","styleUrl":"#line7","stroke-opacity":1,"stroke":"#FF7F00","stroke-width":1,"name":"FONDO"}},
{"type":"Feature","geometry":{"type":"LineString","coordinates":[[-63.1843,-17.42421],[-63.18314,-17.42399]]},"properties":{"description":"ACERAS","styleUrl":"#line7","stroke-opacity":1,"stroke":"#FF7F00","stroke-width":1,"name":"FONDO"}},
{"type":"Feature","geometry":{"type":"LineString","coordinates":[[-63.18326,-17.42395],[-63.18326,-17.42394],[-63.18325,-17.42394],[-63.18324,-17.42394],[-63.18323,-17.42394],[-63.18323,-17.42393],[-63.18322,-17.42393],[-63.18322,-17.42392],[-63.18321,-17.42392],[-63.18321,-17.42391],[-63.1832,-17.42391],[-63.1832,-17.4239],[-63.18319,-17.4239],[-63.18319,-17.42389],[-63.18319,-17.42388],[-63.18319,-17.42387],[-63.18318,-17.42387],[-63.18318,-17.42386],[-63.18318,-17.42385],[-63.18318,-17.42384],[-63.18319,-17.42384],[-63.18319,-17.42383],[-63.18319,-17.42382],[-63.1832,-17.42381]]},"properties":{"description":"ACERAS","styleUrl":"#line7","stroke-opacity":1,"stroke":"#FF7F00","stroke-width":1,"name":"FONDO"}},
{"type":"Feature","geometry":{"type":"LineString","coordinates":[[-63.18305,-17.42402],[-63.1829,-17.42424]]},"properties":{"description":"ACERAS","styleUrl":"#line7","stroke-opacity":1,"stroke":"#FF7F00","stroke-width":1,"name":"FONDO"}},
{"type":"Feature","geometry":{"type":"LineString","coordinates":[[-63.18305,-17.42402],[-63.18305,-17.42401],[-63.18306,-17.42401],[-63.18307,-17.424],[-63.18308,-17.424],[-63.18308,-17.42399],[-63.18309,-17.42399],[-63.1831,-17.42399],[-63.18311,-17.42399],[-63.18312,-17.42399],[-63.18313,-17.42399],[-63.18314,-17.42399]]},"properties":{"description":"ACERAS","styleUrl":"#line7","stroke-opacity":1,"stroke":"#FF7F00","stroke-width":1,"name":"FONDO"}},
{"type":"Feature","geometry":{"type":"LineString","coordinates":[[-63.18358,-17.42454],[-63.18296,-17.4244]]},"properties":{"description":"ACERAS","styleUrl":"#line7","stroke-opacity":1,"stroke":"#FF7F00","stroke-width":1,"name":"FONDO"}},
{"type":"Feature","geometry":{"type":"LineString","coordinates":[[-63.18296,-17.4244],[-63.18295,-17.4244],[-63.18294,-17.4244],[-63.18294,-17.42439],[-63.18293,-17.42439],[-63.18292,-17.42439],[-63.18292,-17.42438],[-63.18291,-17.42438],[-63.18291,-17.42437],[-63.1829,-17.42437],[-63.1829,-17.42436],[-63.18289,-17.42436],[-63.18289,-17.42435],[-63.18289,-17.42434],[-63.18288,-17.42434],[-63.18288,-17.42433],[-63.18288,-17.42432],[-63.18288,-17.42431],[-63.18288,-17.4243],[-63.18288,-17.42429],[-63.18288,-17.42428],[-63.18288,-17.42427],[-63.18288,-17.42426],[-63.18289,-17.42426],[-63.18289,-17.42425],[-63.18289,-17.42424],[-63.1829,-17.42424]]},"properties":{"description":"ACERAS","styleUrl":"#line7","stroke-opacity":1,"stroke":"#FF7F00","stroke-width":1,"name":"FONDO"}},
{"type":"Feature","geometry":{"type":"LineString","coordinates":[[-63.18266,-17.42433],[-63.18225,-17.42424]]},"properties":{"description":"ACERAS","styleUrl":"#line7","stroke-opacity":1,"stroke":"#FF7F00","stroke-width":1,"name":"FONDO"}},
{"type":"Feature","geometry":{"type":"LineString","coordinates":[[-63.18278,-17.42429],[-63.18277,-17.42429],[-63.18277,-17.4243],[-63.18277,-17.42431],[-63.18276,-17.42431],[-63.18275,-17.42431],[-63.18275,-17.42432],[-63.18274,-17.42432],[-63.18274,-17.42433],[-63.18273,-17.42433],[-63.18272,-17.42433],[-63.18271,-17.42433],[-63.18271,-17.42434],[-63.1827,-17.42434],[-63.18269,-17.42434],[-63.18268,-17.42434],[-63.18267,-17.42434],[-63.18266,-17.42434],[-63.18266,-17.42433]]},"properties":{"description":"ACERAS","styleUrl":"#line7","stroke-opacity":1,"stroke":"#FF7F00","stroke-width":1,"name":"FONDO"}},
{"type":"Feature","geometry":{"type":"LineString","coordinates":[[-63.18153,-17.42091],[-63.17905,-17.42032]]},"properties":{"description":"ACERAS","styleUrl":"#line7","stroke-opacity":1,"stroke":"#FF7F00","stroke-width":1,"name":"FONDO"}},
{"type":"Feature","geometry":{"type":"LineString","coordinates":[[-63.18142,-17.42095],[-63.17904,-17.42038]]},"properties":{"description":"ACERAS","styleUrl":"#line7","stroke-opacity":1,"stroke":"#FF7F00","stroke-width":1,"name":"FONDO"}},
{"type":"Feature","geometry":{"type":"LineString","coordinates":[[-63.18163,-17.42087],[-63.18163,-17.42088],[-63.18162,-17.42088],[-63.18162,-17.42089],[-63.18161,-17.42089],[-63.18161,-17.4209],[-63.1816,-17.4209],[-63.1816,-17.42091],[-63.18159,-17.42091],[-63.18158,-17.42091],[-63.18157,-17.42091],[-63.18156,-17.42091],[-63.18155,-17.42091],[-63.18154,-17.42091],[-63.18153,-17.42091]]},"properties":{"description":"ACERAS","styleUrl":"#line7","stroke-opacity":1,"stroke":"#FF7F00","stroke-width":1,"name":"FONDO"}},
{"type":"Feature","geometry":{"type":"LineString","coordinates":[[-63.18142,-17.42095],[-63.18143,-17.42095],[-63.18144,-17.42095],[-63.18144,-17.42096],[-63.18145,-17.42096],[-63.18146,-17.42096],[-63.18146,-17.42097],[-63.18147,-17.42097],[-63.18147,-17.42098],[-63.18148,-17.42098],[-63.18148,-17.42099],[-63.18148,-17.421],[-63.18149,-17.421],[-63.18149,-17.42101],[-63.18149,-17.42102],[-63.1815,-17.42103],[-63.1815,-17.42104],[-63.1815,-17.42105],[-63.18149,-17.42105],[-63.18149,-17.42106],[-63.18149,-17.42107],[-63.18149,-17.42108],[-63.18148,-17.42108],[-63.18148,-17.42109]]},"properties":{"description":"ACERAS","styleUrl":"#line7","stroke-opacity":1,"stroke":"#FF7F00","stroke-width":1,"name":"FONDO"}},
{"type":"Feature","geometry":{"type":"LineString","coordinates":[[-63.18064,-17.42217],[-63.1787,-17.42171]]},"properties":{"description":"ACERAS","styleUrl":"#line7","stroke-opacity":1,"stroke":"#FF7F00","stroke-width":1,"name":"FONDO"}},
{"type":"Feature","geometry":{"type":"LineString","coordinates":[[-63.18053,-17.42221],[-63.17869,-17.42177]]},"properties":{"description":"ACERAS","styleUrl":"#line7","stroke-opacity":1,"stroke":"#FF7F00","stroke-width":1,"name":"FONDO"}},
{"type":"Feature","geometry":{"type":"LineString","coordinates":[[-63.18028,-17.42267],[-63.17856,-17.42226]]},"properties":{"description":"ACERAS","styleUrl":"#line7","stroke-opacity":1,"stroke":"#FF7F00","stroke-width":1,"name":"FONDO"}},
{"type":"Feature","geometry":{"type":"LineString","coordinates":[[-63.18018,-17.42271],[-63.17855,-17.42233]]},"properties":{"description":"ACERAS","styleUrl":"#line7","stroke-opacity":1,"stroke":"#FF7F00","stroke-width":1,"name":"FONDO"}},
{"type":"Feature","geometry":{"type":"LineString","coordinates":[[-63.18023,-17.42285],[-63.18003,-17.42314]]},"properties":{"description":"ACERAS","styleUrl":"#line7","stroke-opacity":1,"stroke":"#FF7F00","stroke-width":1,"name":"FONDO"}},
{"type":"Feature","geometry":{"type":"LineString","coordinates":[[-63.18074,-17.42213],[-63.18074,-17.42214],[-63.18073,-17.42214],[-63.18073,-17.42215],[-63.18072,-17.42215],[-63.18072,-17.42216],[-63.18071,-17.42216],[-63.1807,-17.42216],[-63.1807,-17.42217],[-63.18069,-17.42217],[-63.18068,-17.42217],[-63.18067,-17.42217],[-63.18066,-17.42217],[-63.18065,-17.42217],[-63.18064,-17.42217]]},"properties":{"description":"ACERAS","styleUrl":"#line7","stroke-opacity":1,"stroke":"#FF7F00","stroke-width":1,"name":"FONDO"}},
{"type":"Feature","geometry":{"type":"LineString","coordinates":[[-63.18053,-17.42221],[-63.18054,-17.42221],[-63.18055,-17.42221],[-63.18055,-17.42222],[-63.18056,-17.42222],[-63.18057,-17.42223],[-63.18058,-17.42223],[-63.18058,-17.42224],[-63.18059,-17.42224],[-63.18059,-17.42225],[-63.18059,-17.42226],[-63.1806,-17.42226],[-63.1806,-17.42227],[-63.1806,-17.42228],[-63.1806,-17.42229],[-63.1806,-17.4223],[-63.1806,-17.42231],[-63.1806,-17.42232],[-63.1806,-17.42233],[-63.1806,-17.42234],[-63.18059,-17.42234],[-63.18059,-17.42235]]},"properties":{"description":"ACERAS","styleUrl":"#line7","stroke-opacity":1,"stroke":"#FF7F00","stroke-width":1,"name":"FONDO"}},
{"type":"Feature","geometry":{"type":"LineString","coordinates":[[-63.18039,-17.42264],[-63.18038,-17.42264],[-63.18038,-17.42265],[-63.18037,-17.42265],[-63.18037,-17.42266],[-63.18036,-17.42266],[-63.18035,-17.42266],[-63.18035,-17.42267],[-63.18034,-17.42267],[-63.18033,-17.42267],[-63.18032,-17.42267],[-63.18032,-17.42268],[-63.18031,-17.42268],[-63.1803,-17.42268],[-63.18029,-17.42268],[-63.18029,-17.42267],[-63.18028,-17.42267]]},"properties":{"description":"ACERAS","styleUrl":"#line7","stroke-opacity":1,"stroke":"#FF7F00","stroke-width":1,"name":"FONDO"}},
{"type":"Feature","geometry":{"type":"LineString","coordinates":[[-63.18018,-17.42271],[-63.18018,-17.42272],[-63.18019,-17.42272],[-63.1802,-17.42272],[-63.18021,-17.42272],[-63.18021,-17.42273],[-63.18022,-17.42273],[-63.18022,-17.42274],[-63.18023,-17.42274],[-63.18023,-17.42275],[-63.18024,-17.42275],[-63.18024,-17.42276],[-63.18024,-17.42277],[-63.18025,-17.42277],[-63.18025,-17.42278],[-63.18025,-17.42279],[-63.18025,-17.4228],[-63.18025,-17.42281],[-63.18025,-17.42282],[-63.18025,-17.42283],[-63.18024,-17.42283],[-63.18024,-17.42284],[-63.18024,-17.42285],[-63.18023,-17.42285]]},"properties":{"description":"ACERAS","styleUrl":"#line7","stroke-opacity":1,"stroke":"#FF7F00","stroke-width":1,"name":"FONDO"}},
{"type":"Feature","geometry":{"type":"LineString","coordinates":[[-63.1788,-17.42026],[-63.17637,-17.41969]]},"properties":{"description":"ACERAS","styleUrl":"#line7","stroke-opacity":1,"stroke":"#FF7F00","stroke-width":1,"name":"FONDO"}},
{"type":"Feature","geometry":{"type":"LineString","coordinates":[[-63.17879,-17.42032],[-63.17636,-17.41975]]},"properties":{"description":"ACERAS","styleUrl":"#line7","stroke-opacity":1,"stroke":"#FF7F00","stroke-width":1,"name":"FONDO"}},
{"type":"Feature","geometry":{"type":"LineString","coordinates":[[-63.17905,-17.42032],[-63.17904,-17.42032],[-63.17903,-17.42032],[-63.17903,-17.42031],[-63.17902,-17.42031],[-63.17901,-17.42031],[-63.17901,-17.4203],[-63.179,-17.4203],[-63.179,-17.42029],[-63.17899,-17.42029],[-63.17899,-17.42028],[-63.17899,-17.42027],[-63.17898,-17.42027],[-63.17898,-17.42026],[-63.17898,-17.42025],[-63.17898,-17.42024],[-63.17898,-17.42023],[-63.17898,-17.42022],[-63.17898,-17.42021]]},"properties":{"description":"ACERAS","styleUrl":"#line7","stroke-opacity":1,"stroke":"#FF7F00","stroke-width":1,"name":"FONDO"}},
{"type":"Feature","geometry":{"type":"LineString","coordinates":[[-63.17892,-17.4202],[-63.17891,-17.4202],[-63.17891,-17.42021],[-63.17891,-17.42022],[-63.1789,-17.42022],[-63.1789,-17.42023],[-63.1789,-17.42024],[-63.17889,-17.42024],[-63.17889,-17.42025],[-63.17888,-17.42025],[-63.17887,-17.42025],[-63.17887,-17.42026],[-63.17886,-17.42026],[-63.17885,-17.42026],[-63.17884,-17.42026],[-63.17884,-17.42027],[-63.17883,-17.42027],[-63.17882,-17.42027],[-63.17881,-17.42027],[-63.17881,-17.42026],[-63.1788,-17.42026]]},"properties":{"description":"ACERAS","styleUrl":"#line7","stroke-opacity":1,"stroke":"#FF7F00","stroke-width":1,"name":"FONDO"}},
{"type":"Feature","geometry":{"type":"LineString","coordinates":[[-63.17892,-17.42045],[-63.17892,-17.42044],[-63.17893,-17.42044],[-63.17893,-17.42043],[-63.17893,-17.42042],[-63.17894,-17.42042],[-63.17894,-17.42041],[-63.17895,-17.42041],[-63.17895,-17.4204],[-63.17896,-17.4204],[-63.17896,-17.42039],[-63.17897,-17.42039],[-63.17898,-17.42039],[-63.17899,-17.42038],[-63.179,-17.42038],[-63.17901,-17.42038],[-63.17902,-17.42038],[-63.17903,-17.42038],[-63.17904,-17.42038]]},"properties":{"description":"ACERAS","styleUrl":"#line7","stroke-opacity":1,"stroke":"#FF7F00","stroke-width":1,"name":"FONDO"}},
{"type":"Feature","geometry":{"type":"LineString","coordinates":[[-63.17879,-17.42032],[-63.17879,-17.42033],[-63.1788,-17.42033],[-63.17881,-17.42033],[-63.17881,-17.42034],[-63.17882,-17.42034],[-63.17883,-17.42034],[-63.17883,-17.42035],[-63.17884,-17.42035],[-63.17884,-17.42036],[-63.17885,-17.42036],[-63.17885,-17.42037],[-63.17885,-17.42038],[-63.17886,-17.42038],[-63.17886,-17.42039],[-63.17886,-17.4204],[-63.17886,-17.42041],[-63.17886,-17.42042],[-63.17886,-17.42043]]},"properties":{"description":"ACERAS","styleUrl":"#line7","stroke-opacity":1,"stroke":"#FF7F00","stroke-width":1,"name":"FONDO"}},
{"type":"Feature","geometry":{"type":"LineString","coordinates":[[-63.17845,-17.42165],[-63.17602,-17.42107]]},"properties":{"description":"ACERAS","styleUrl":"#line7","stroke-opacity":1,"stroke":"#FF7F00","stroke-width":1,"name":"FONDO"}},
{"type":"Feature","geometry":{"type":"LineString","coordinates":[[-63.17844,-17.42171],[-63.17601,-17.42114]]},"properties":{"description":"ACERAS","styleUrl":"#line7","stroke-opacity":1,"stroke":"#FF7F00","stroke-width":1,"name":"FONDO"}},
{"type":"Feature","geometry":{"type":"LineString","coordinates":[[-63.1787,-17.42171],[-63.17869,-17.42171],[-63.17868,-17.4217],[-63.17867,-17.4217],[-63.17867,-17.42169],[-63.17866,-17.42169],[-63.17866,-17.42168],[-63.17865,-17.42168],[-63.17865,-17.42167],[-63.17864,-17.42167],[-63.17864,-17.42166],[-63.17864,-17.42165],[-63.17863,-17.42165],[-63.17863,-17.42164],[-63.17863,-17.42163],[-63.17863,-17.42162],[-63.17863,-17.42161],[-63.17863,-17.4216]]},"properties":{"description":"ACERAS","styleUrl":"#line7","stroke-opacity":1,"stroke":"#FF7F00","stroke-width":1,"name":"FONDO"}},
{"type":"Feature","geometry":{"type":"LineString","coordinates":[[-63.17857,-17.42158],[-63.17857,-17.42159],[-63.17856,-17.42159],[-63.17856,-17.4216],[-63.17856,-17.42161],[-63.17855,-17.42161],[-63.17855,-17.42162],[-63.17855,-17.42163],[-63.17854,-17.42163],[-63.17853,-17.42163],[-63.17853,-17.42164],[-63.17852,-17.42164],[-63.17852,-17.42165],[-63.17851,-17.42165],[-63.1785,-17.42165],[-63.17849,-17.42165],[-63.17848,-17.42165],[-63.17847,-17.42165],[-63.17846,-17.42165],[-63.17845,-17.42165]]},"properties":{"description":"ACERAS","styleUrl":"#line7","stroke-opacity":1,"stroke":"#FF7F00","stroke-width":1,"name":"FONDO"}},
{"type":"Feature","geometry":{"type":"LineString","coordinates":[[-63.17857,-17.42184],[-63.17857,-17.42183],[-63.17858,-17.42183],[-63.17858,-17.42182],[-63.17858,-17.42181],[-63.17859,-17.42181],[-63.17859,-17.4218],[-63.1786,-17.4218],[-63.1786,-17.42179],[-63.17861,-17.42179],[-63.17861,-17.42178],[-63.17862,-17.42178],[-63.17863,-17.42178],[-63.17863,-17.42177],[-63.17864,-17.42177],[-63.17865,-17.42177],[-63.17866,-17.42177],[-63.17867,-17.42177],[-63.17868,-17.42177],[-63.17869,-17.42177]]},"properties":{"description":"ACERAS","styleUrl":"#line7","stroke-opacity":1,"stroke":"#FF7F00","stroke-width":1,"name":"FONDO"}},
{"type":"Feature","geometry":{"type":"LineString","coordinates":[[-63.17844,-17.42171],[-63.17845,-17.42171],[-63.17845,-17.42172],[-63.17846,-17.42172],[-63.17847,-17.42172],[-63.17847,-17.42173],[-63.17848,-17.42173],[-63.17848,-17.42174],[-63.17849,-17.42174],[-63.17849,-17.42175],[-63.1785,-17.42175],[-63.1785,-17.42176],[-63.1785,-17.42177],[-63.17851,-17.42177],[-63.17851,-17.42178],[-63.17851,-17.42179],[-63.17851,-17.4218],[-63.17851,-17.42181],[-63.17851,-17.42182]]},"properties":{"description":"ACERAS","styleUrl":"#line7","stroke-opacity":1,"stroke":"#FF7F00","stroke-width":1,"name":"FONDO"}},
{"type":"Feature","geometry":{"type":"LineString","coordinates":[[-63.17831,-17.42221],[-63.17588,-17.42163]]},"properties":{"description":"ACERAS","styleUrl":"#line7","stroke-opacity":1,"stroke":"#FF7F00","stroke-width":1,"name":"FONDO"}},
{"type":"Feature","geometry":{"type":"LineString","coordinates":[[-63.1783,-17.42227],[-63.17587,-17.42169]]},"properties":{"description":"ACERAS","styleUrl":"#line7","stroke-opacity":1,"stroke":"#FF7F00","stroke-width":1,"name":"FONDO"}},
{"type":"Feature","geometry":{"type":"LineString","coordinates":[[-63.17856,-17.42226],[-63.17855,-17.42226],[-63.17854,-17.42226],[-63.17854,-17.42225],[-63.17853,-17.42225],[-63.17852,-17.42225],[-63.17852,-17.42224],[-63.17851,-17.42224],[-63.17851,-17.42223],[-63.1785,-17.42222],[-63.1785,-17.42221],[-63.17849,-17.4222],[-63.17849,-17.42219],[-63.17849,-17.42218],[-63.17849,-17.42217],[-63.17849,-17.42216],[-63.17849,-17.42215]]},"properties":{"description":"ACERAS","styleUrl":"#line7","stroke-opacity":1,"stroke":"#FF7F00","stroke-width":1,"name":"FONDO"}},
{"type":"Feature","geometry":{"type":"LineString","coordinates":[[-63.17843,-17.42214],[-63.17843,-17.42215],[-63.17842,-17.42215],[-63.17842,-17.42216],[-63.17842,-17.42217],[-63.17841,-17.42217],[-63.17841,-17.42218],[-63.1784,-17.42218],[-63.1784,-17.42219],[-63.17839,-17.42219],[-63.17839,-17.4222],[-63.17838,-17.4222],[-63.17837,-17.4222],[-63.17836,-17.4222],[-63.17836,-17.42221],[-63.17835,-17.42221],[-63.17834,-17.42221],[-63.17833,-17.42221],[-63.17832,-17.42221],[-63.17831,-17.42221]]},"properties":{"description":"ACERAS","styleUrl":"#line7","stroke-opacity":1,"stroke":"#FF7F00","stroke-width":1,"name":"FONDO"}},
{"type":"Feature","geometry":{"type":"LineString","coordinates":[[-63.17843,-17.42239],[-63.17844,-17.42239],[-63.17844,-17.42238],[-63.17844,-17.42237],[-63.17845,-17.42236],[-63.17845,-17.42235],[-63.17846,-17.42235],[-63.17846,-17.42234],[-63.17847,-17.42234],[-63.17848,-17.42234],[-63.17848,-17.42233],[-63.17849,-17.42233],[-63.1785,-17.42233],[-63.1785,-17.42232],[-63.17851,-17.42232],[-63.17852,-17.42232],[-63.17853,-17.42232],[-63.17854,-17.42232],[-63.17855,-17.42233]]},"properties":{"description":"ACERAS","styleUrl":"#line7","stroke-opacity":1,"stroke":"#FF7F00","stroke-width":1,"name":"FONDO"}},
{"type":"Feature","geometry":{"type":"LineString","coordinates":[[-63.1783,-17.42227],[-63.17831,-17.42227],[-63.17832,-17.42227],[-63.17832,-17.42228],[-63.17833,-17.42228],[-63.17834,-17.42228],[-63.17834,-17.42229],[-63.17835,-17.42229],[-63.17835,-17.4223],[-63.17836,-17.4223],[-63.17836,-17.42231],[-63.17836,-17.42232],[-63.17837,-17.42232],[-63.17837,-17.42233],[-63.17837,-17.42234],[-63.17837,-17.42235],[-63.17837,-17.42236],[-63.17837,-17.42237],[-63.17837,-17.42238]]},"properties":{"description":"ACERAS","styleUrl":"#line7","stroke-opacity":1,"stroke":"#FF7F00","stroke-width":1,"name":"FONDO"}},
{"type":"Feature","geometry":{"type":"LineString","coordinates":[[-63.17818,-17.42276],[-63.17743,-17.42258]]},"properties":{"description":"ACERAS","styleUrl":"#line7","stroke-opacity":1,"stroke":"#FF7F00","stroke-width":1,"name":"FONDO"}},
{"type":"Feature","geometry":{"type":"LineString","coordinates":[[-63.17816,-17.42282],[-63.17757,-17.42268]]},"properties":{"description":"ACERAS","styleUrl":"#line7","stroke-opacity":1,"stroke":"#FF7F00","stroke-width":1,"name":"FONDO"}},
{"type":"Feature","geometry":{"type":"LineString","coordinates":[[-63.17823,-17.42293],[-63.17818,-17.42312]]},"properties":{"description":"ACERAS","styleUrl":"#line7","stroke-opacity":1,"stroke":"#FF7F00","stroke-width":1,"name":"FONDO"}},
{"type":"Feature","geometry":{"type":"LineString","coordinates":[[-63.17816,-17.42282],[-63.17817,-17.42282],[-63.17818,-17.42282],[-63.17818,-17.42283],[-63.17819,-17.42283],[-63.17819,-17.42284],[-63.1782,-17.42284],[-63.17821,-17.42284],[-63.17821,-17.42285],[-63.17821,-17.42286],[-63.17822,-17.42286],[-63.17822,-17.42287],[-63.17823,-17.42287],[-63.17823,-17.42288],[-63.17823,-17.42289],[-63.17823,-17.4229],[-63.17823,-17.42291],[-63.17823,-17.42292],[-63.17823,-17.42293]]},"properties":{"description":"ACERAS","styleUrl":"#line7","stroke-opacity":1,"stroke":"#FF7F00","stroke-width":1,"name":"FONDO"}},
{"type":"Feature","geometry":{"type":"LineString","coordinates":[[-63.17829,-17.42269],[-63.17829,-17.4227],[-63.17829,-17.42271],[-63.17828,-17.42271],[-63.17828,-17.42272],[-63.17827,-17.42272],[-63.17827,-17.42273],[-63.17826,-17.42273],[-63.17826,-17.42274],[-63.17825,-17.42274],[-63.17825,-17.42275],[-63.17824,-17.42275],[-63.17823,-17.42275],[-63.17823,-17.42276],[-63.17822,-17.42276],[-63.17821,-17.42276],[-63.1782,-17.42276],[-63.17819,-17.42276],[-63.17818,-17.42276]]},"properties":{"description":"ACERAS","styleUrl":"#line7","stroke-opacity":1,"stroke":"#FF7F00","stroke-width":1,"name":"FONDO"}},
{"type":"Feature","geometry":{"type":"LineString","coordinates":[[-63.17578,-17.42172],[-63.17578,-17.42171],[-63.17579,-17.42171],[-63.17579,-17.4217],[-63.1758,-17.4217],[-63.17581,-17.4217],[-63.17581,-17.42169],[-63.17582,-17.42169],[-63.17583,-17.42169],[-63.17584,-17.42169],[-63.17585,-17.42169],[-63.17586,-17.42169],[-63.17587,-17.42169]]},"properties":{"description":"ACERAS","styleUrl":"#line7","stroke-opacity":1,"stroke":"#FF7F00","stroke-width":1,"name":"FONDO"}},
{"type":"Feature","geometry":{"type":"LineString","coordinates":[[-63.17588,-17.42163],[-63.17588,-17.42162],[-63.17587,-17.42162],[-63.17586,-17.42162],[-63.17585,-17.42162],[-63.17585,-17.42161],[-63.17584,-17.42161],[-63.17584,-17.4216],[-63.17583,-17.4216],[-63.17583,-17.42159],[-63.17582,-17.42159],[-63.17582,-17.42158],[-63.17582,-17.42157],[-63.17582,-17.42156],[-63.17581,-17.42156],[-63.17581,-17.42155],[-63.17581,-17.42154],[-63.17581,-17.42153],[-63.17581,-17.42152]]},"properties":{"description":"ACERAS","styleUrl":"#line7","stroke-opacity":1,"stroke":"#FF7F00","stroke-width":1,"name":"FONDO"}},
{"type":"Feature","geometry":{"type":"LineString","coordinates":[[-63.17589,-17.4212],[-63.17581,-17.42152]]},"properties":{"description":"ACERAS","styleUrl":"#line7","stroke-opacity":1,"stroke":"#FF7F00","stroke-width":1,"name":"FONDO"}},
{"type":"Feature","geometry":{"type":"LineString","coordinates":[[-63.17589,-17.4212],[-63.1759,-17.4212],[-63.1759,-17.42119],[-63.1759,-17.42118],[-63.17591,-17.42118],[-63.17591,-17.42117],[-63.17591,-17.42116],[-63.17592,-17.42116],[-63.17592,-17.42115],[-63.17593,-17.42115],[-63.17594,-17.42115],[-63.17594,-17.42114],[-63.17595,-17.42114],[-63.17596,-17.42114],[-63.17596,-17.42113],[-63.17597,-17.42113],[-63.17598,-17.42113],[-63.17599,-17.42113],[-63.176,-17.42113],[-63.17601,-17.42113],[-63.17601,-17.42114]]},"properties":{"description":"ACERAS","styleUrl":"#line7","stroke-opacity":1,"stroke":"#FF7F00","stroke-width":1,"name":"FONDO"}},
{"type":"Feature","geometry":{"type":"LineString","coordinates":[[-63.17602,-17.42107],[-63.17601,-17.42107],[-63.176,-17.42107],[-63.176,-17.42106],[-63.17599,-17.42106],[-63.17598,-17.42106],[-63.17598,-17.42105],[-63.17597,-17.42105],[-63.17597,-17.42104],[-63.17597,-17.42103],[-63.17596,-17.42103],[-63.17596,-17.42102],[-63.17596,-17.42101],[-63.17595,-17.42101],[-63.17595,-17.421],[-63.17595,-17.42099],[-63.17595,-17.42098],[-63.17595,-17.42097],[-63.17595,-17.42096]]},"properties":{"description":"ACERAS","styleUrl":"#line7","stroke-opacity":1,"stroke":"#FF7F00","stroke-width":1,"name":"FONDO"}},
{"type":"Feature","geometry":{"type":"LineString","coordinates":[[-63.17624,-17.41981],[-63.17625,-17.41981],[-63.17625,-17.4198],[-63.17625,-17.41979],[-63.17626,-17.41979],[-63.17626,-17.41978],[-63.17626,-17.41977],[-63.17627,-17.41977],[-63.17628,-17.41976],[-63.17629,-17.41976],[-63.17629,-17.41975],[-63.1763,-17.41975],[-63.17631,-17.41975],[-63.17632,-17.41975],[-63.17632,-17.41974],[-63.17633,-17.41974],[-63.17634,-17.41974],[-63.17635,-17.41974],[-63.17635,-17.41975],[-63.17636,-17.41975]]},"properties":{"description":"ACERAS","styleUrl":"#line7","stroke-opacity":1,"stroke":"#FF7F00","stroke-width":1,"name":"FONDO"}},
{"type":"Feature","geometry":{"type":"LineString","coordinates":[[-63.17637,-17.41969],[-63.17637,-17.41968],[-63.17636,-17.41968],[-63.17635,-17.41968],[-63.17635,-17.41967],[-63.17634,-17.41967],[-63.17633,-17.41967],[-63.17633,-17.41966],[-63.17632,-17.41966],[-63.17632,-17.41965],[-63.17631,-17.41965],[-63.17631,-17.41964],[-63.17631,-17.41963],[-63.1763,-17.41963],[-63.1763,-17.41962],[-63.1763,-17.41961],[-63.1763,-17.4196],[-63.1763,-17.41959],[-63.1763,-17.41958]]},"properties":{"description":"ACERAS","styleUrl":"#line7","stroke-opacity":1,"stroke":"#FF7F00","stroke-width":1,"name":"FONDO"}},
{"type":"Feature","geometry":{"type":"LineString","coordinates":[[-63.18988,-17.424],[-63.18994,-17.4237]]},"properties":{"description":"ACERAS","styleUrl":"#line7","stroke-opacity":1,"stroke":"#FF7F00","stroke-width":1,"name":"FONDO"}},
{"type":"Feature","geometry":{"type":"LineString","coordinates":[[-63.17993,-17.42318],[-63.17842,-17.42282]]},"properties":{"description":"ACERAS","styleUrl":"#line7","stroke-opacity":1,"stroke":"#FF7F00","stroke-width":1,"name":"FONDO"}},
{"type":"Feature","geometry":{"type":"LineString","coordinates":[[-63.17982,-17.42322],[-63.17841,-17.42288]]},"properties":{"description":"ACERAS","styleUrl":"#line7","stroke-opacity":1,"stroke":"#FF7F00","stroke-width":1,"name":"FONDO"}},
{"type":"Feature","geometry":{"type":"LineString","coordinates":[[-63.17829,-17.42295],[-63.17824,-17.42316]]},"properties":{"description":"ACERAS","styleUrl":"#line7","stroke-opacity":1,"stroke":"#FF7F00","stroke-width":1,"name":"FONDO"}},
{"type":"Feature","geometry":{"type":"LineString","coordinates":[[-63.17988,-17.42335],[-63.17972,-17.42357]]},"properties":{"description":"ACERAS","styleUrl":"#line7","stroke-opacity":1,"stroke":"#FF7F00","stroke-width":1,"name":"FONDO"}},
{"type":"Feature","geometry":{"type":"LineString","coordinates":[[-63.17982,-17.42322],[-63.17983,-17.42322],[-63.17984,-17.42322],[-63.17985,-17.42322],[-63.17985,-17.42323],[-63.17986,-17.42323],[-63.17986,-17.42324],[-63.17987,-17.42324],[-63.17987,-17.42325],[-63.17988,-17.42325],[-63.17988,-17.42326],[-63.17989,-17.42326],[-63.17989,-17.42327],[-63.17989,-17.42328],[-63.17989,-17.42329],[-63.17989,-17.4233],[-63.17989,-17.42331],[-63.17989,-17.42332],[-63.17989,-17.42333],[-63.17989,-17.42334],[-63.17988,-17.42334],[-63.17988,-17.42335]]},"properties":{"description":"ACERAS","styleUrl":"#line7","stroke-opacity":1,"stroke":"#FF7F00","stroke-width":1,"name":"FONDO"}},
{"type":"Feature","geometry":{"type":"LineString","coordinates":[[-63.18003,-17.42314],[-63.18002,-17.42315],[-63.18001,-17.42316],[-63.18,-17.42316],[-63.18,-17.42317],[-63.17999,-17.42317],[-63.17998,-17.42317],[-63.17998,-17.42318],[-63.17997,-17.42318],[-63.17996,-17.42318],[-63.17995,-17.42318],[-63.17994,-17.42318],[-63.17993,-17.42318]]},"properties":{"description":"ACERAS","styleUrl":"#line7","stroke-opacity":1,"stroke":"#FF7F00","stroke-width":1,"name":"FONDO"}},
{"type":"Feature","geometry":{"type":"LineString","coordinates":[[-63.17842,-17.42282],[-63.17841,-17.42282],[-63.17841,-17.42281],[-63.1784,-17.42281],[-63.17839,-17.42281],[-63.17839,-17.4228],[-63.17838,-17.4228],[-63.17838,-17.42279],[-63.17837,-17.42279],[-63.17837,-17.42278],[-63.17836,-17.42278],[-63.17836,-17.42277],[-63.17836,-17.42276],[-63.17835,-17.42276],[-63.17835,-17.42275],[-63.17835,-17.42274],[-63.17835,-17.42273],[-63.17835,-17.42272],[-63.17835,-17.42271]]},"properties":{"description":"ACERAS","styleUrl":"#line7","stroke-opacity":1,"stroke":"#FF7F00","stroke-width":1,"name":"FONDO"}},
{"type":"Feature","geometry":{"type":"LineString","coordinates":[[-63.17829,-17.42295],[-63.17829,-17.42294],[-63.1783,-17.42294],[-63.1783,-17.42293],[-63.1783,-17.42292],[-63.17831,-17.42292],[-63.17831,-17.42291],[-63.17832,-17.42291],[-63.17832,-17.4229],[-63.17833,-17.4229],[-63.17833,-17.42289],[-63.17834,-17.42289],[-63.17835,-17.42288],[-63.17836,-17.42288],[-63.17837,-17.42288],[-63.17838,-17.42288],[-63.17839,-17.42288],[-63.1784,-17.42288],[-63.17841,-17.42288]]},"properties":{"description":"ACERAS","styleUrl":"#line7","stroke-opacity":1,"stroke":"#FF7F00","stroke-width":1,"name":"FONDO"}},
{"type":"Feature","geometry":{"type":"LineString","coordinates":[[-63.185,-17.42253],[-63.18471,-17.42294]]},"properties":{"description":"ACERAS","styleUrl":"#line7","stroke-opacity":1,"stroke":"#FF7F00","stroke-width":1,"name":"FONDO"}},
{"type":"Feature","geometry":{"type":"LineString","coordinates":[[-63.18487,-17.4226],[-63.18424,-17.4235]]},"properties":{"description":"ACERAS","styleUrl":"#line7","stroke-opacity":1,"stroke":"#FF7F00","stroke-width":1,"name":"FONDO"}},
{"type":"Feature","geometry":{"type":"LineString","coordinates":[[-63.18414,-17.42354],[-63.18362,-17.42343]]},"properties":{"description":"ACERAS","styleUrl":"#line7","stroke-opacity":1,"stroke":"#FF7F00","stroke-width":1,"name":"FONDO"}},
{"type":"Feature","geometry":{"type":"LineString","coordinates":[[-63.18441,-17.42359],[-63.1844,-17.42359],[-63.1844,-17.42358],[-63.18439,-17.42358],[-63.18438,-17.42358],[-63.18438,-17.42357],[-63.18437,-17.42357],[-63.18436,-17.42357],[-63.18436,-17.42356],[-63.18435,-17.42356],[-63.18435,-17.42355],[-63.18435,-17.42354],[-63.18434,-17.42354],[-63.18434,-17.42353],[-63.18434,-17.42352],[-63.18434,-17.42351],[-63.18433,-17.42351],[-63.18433,-17.4235],[-63.18433,-17.42349],[-63.18434,-17.42349],[-63.18434,-17.42348],[-63.18434,-17.42347],[-63.18434,-17.42346],[-63.18435,-17.42346],[-63.18435,-17.42345]]},"properties":{"description":"ACERAS","styleUrl":"#line7","stroke-opacity":1,"stroke":"#FF7F00","stroke-width":1,"name":"FONDO"}},
{"type":"Feature","geometry":{"type":"LineString","coordinates":[[-63.18424,-17.4235],[-63.18423,-17.4235],[-63.18423,-17.42351],[-63.18422,-17.42351],[-63.18422,-17.42352],[-63.18421,-17.42352],[-63.18421,-17.42353],[-63.1842,-17.42353],[-63.18419,-17.42353],[-63.18418,-17.42353],[-63.18418,-17.42354],[-63.18417,-17.42354],[-63.18416,-17.42354],[-63.18415,-17.42354],[-63.18414,-17.42354]]},"properties":{"description":"ACERAS","styleUrl":"#line7","stroke-opacity":1,"stroke":"#FF7F00","stroke-width":1,"name":"FONDO"}},
{"type":"Feature","geometry":{"type":"LineString","coordinates":[[-63.18617,-17.42335],[-63.18477,-17.42308]]},"properties":{"description":"ACERAS","styleUrl":"#line7","stroke-opacity":1,"stroke":"#FF7F00","stroke-width":1,"name":"FONDO"}},
{"type":"Feature","geometry":{"type":"LineString","coordinates":[[-63.18607,-17.42339],[-63.18465,-17.42312]]},"properties":{"description":"ACERAS","styleUrl":"#line7","stroke-opacity":1,"stroke":"#FF7F00","stroke-width":1,"name":"FONDO"}},
{"type":"Feature","geometry":{"type":"LineString","coordinates":[[-63.18456,-17.42316],[-63.18435,-17.42345]]},"properties":{"description":"ACERAS","styleUrl":"#line7","stroke-opacity":1,"stroke":"#FF7F00","stroke-width":1,"name":"FONDO"}},
{"type":"Feature","geometry":{"type":"LineString","coordinates":[[-63.18477,-17.42308],[-63.18476,-17.42308],[-63.18476,-17.42307],[-63.18475,-17.42307],[-63.18474,-17.42307],[-63.18474,-17.42306],[-63.18473,-17.42306],[-63.18473,-17.42305],[-63.18472,-17.42305],[-63.18472,-17.42304],[-63.18471,-17.42304],[-63.18471,-17.42303],[-63.1847,-17.42303],[-63.1847,-17.42302],[-63.1847,-17.42301],[-63.1847,-17.423],[-63.1847,-17.42299],[-63.1847,-17.42298],[-63.1847,-17.42297],[-63.1847,-17.42296],[-63.1847,-17.42295],[-63.18471,-17.42295],[-63.18471,-17.42294]]},"properties":{"description":"ACERAS","styleUrl":"#line7","stroke-opacity":1,"stroke":"#FF7F00","stroke-width":1,"name":"FONDO"}},
{"type":"Feature","geometry":{"type":"LineString","coordinates":[[-63.18456,-17.42316],[-63.18456,-17.42315],[-63.18457,-17.42315],[-63.18457,-17.42314],[-63.18458,-17.42314],[-63.18458,-17.42313],[-63.18459,-17.42313],[-63.1846,-17.42313],[-63.1846,-17.42312],[-63.18461,-17.42312],[-63.18462,-17.42312],[-63.18463,-17.42312],[-63.18464,-17.42312],[-63.18465,-17.42312]]},"properties":{"description":"ACERAS","styleUrl":"#line7","stroke-opacity":1,"stroke":"#FF7F00","stroke-width":1,"name":"FONDO"}},
{"type":"Feature","geometry":{"type":"LineString","coordinates":[[-63.17532,-17.42035],[-63.17532,-17.42036],[-63.17532,-17.42037],[-63.17532,-17.42038],[-63.17532,-17.42039],[-63.17532,-17.4204]]},"properties":{"description":"ACERAS","styleUrl":"#line7","stroke-opacity":1,"stroke":"#FF7F00","stroke-width":1,"name":"FONDO"}},
{"type":"Feature","geometry":{"type":"LineString","coordinates":[[-63.17542,-17.42003],[-63.17541,-17.42003],[-63.17541,-17.42004],[-63.17541,-17.42005],[-63.1754,-17.42005],[-63.1754,-17.42006]]},"properties":{"description":"ACERAS","styleUrl":"#line7","stroke-opacity":1,"stroke":"#FF7F00","stroke-width":1,"name":"FONDO"}},
{"type":"Feature","geometry":{"type":"LineString","coordinates":[[-63.18712,-17.4215],[-63.1839,-17.42087]]},"properties":{"description":"ACERAS","styleUrl":"#line7","stroke-opacity":1,"stroke":"#FF7F00","stroke-width":1,"name":"FONDO"}},
{"type":"Feature","geometry":{"type":"LineString","coordinates":[[-63.1901,-17.42218],[-63.18738,-17.42166]]},"properties":{"description":"ACERAS","styleUrl":"#line7","stroke-opacity":1,"stroke":"#FF7F00","stroke-width":1,"name":"FONDO"}},
{"type":"Feature","geometry":{"type":"LineString","coordinates":[[-63.19018,-17.42214],[-63.18729,-17.42157]]},"properties":{"description":"ACERAS","styleUrl":"#line7","stroke-opacity":1,"stroke":"#FF7F00","stroke-width":1,"name":"FONDO"}},
{"type":"Feature","geometry":{"type":"LineString","coordinates":[[-63.18491,-17.42128],[-63.18467,-17.42162]]},"properties":{"description":"ACERAS","styleUrl":"#line7","stroke-opacity":1,"stroke":"#FF7F00","stroke-width":1,"name":"FONDO"}},
{"type":"Feature","geometry":{"type":"LineString","coordinates":[[-63.18982,-17.42397],[-63.1899,-17.4236]]},"properties":{"description":"ACERAS","styleUrl":"#line7","stroke-opacity":1,"stroke":"#FF7F00","stroke-width":1,"name":"FONDO"}},
{"type":"Feature","geometry":{"type":"LineString","coordinates":[[-63.18982,-17.42397],[-63.1899,-17.4236]]},"properties":{"description":"ACERAS","styleUrl":"#line7","stroke-opacity":1,"stroke":"#FF7F00","stroke-width":1,"name":"FONDO"}},
{"type":"Feature","geometry":{"type":"LineString","coordinates":[[-63.19011,-17.42257],[-63.19011,-17.42258],[-63.19011,-17.42259],[-63.1901,-17.42259],[-63.1901,-17.4226],[-63.19009,-17.4226],[-63.19009,-17.42261],[-63.19008,-17.42261],[-63.19008,-17.42262],[-63.19007,-17.42262],[-63.19007,-17.42263],[-63.19006,-17.42263],[-63.19005,-17.42263],[-63.19005,-17.42264],[-63.19004,-17.42264],[-63.19003,-17.42264],[-63.19002,-17.42264],[-63.19001,-17.42264],[-63.19,-17.42264]]},"properties":{"description":"ACERAS","styleUrl":"#line7","stroke-opacity":1,"stroke":"#FF7F00","stroke-width":1,"name":"FONDO"}},
{"type":"Feature","geometry":{"type":"LineString","coordinates":[[-63.18999,-17.4227],[-63.19,-17.4227],[-63.19001,-17.4227],[-63.19001,-17.42271],[-63.19002,-17.42271],[-63.19003,-17.42271],[-63.19003,-17.42272],[-63.19004,-17.42272],[-63.19004,-17.42273],[-63.19005,-17.42273],[-63.19005,-17.42274],[-63.19005,-17.42275],[-63.19006,-17.42275],[-63.19006,-17.42276],[-63.19006,-17.42277],[-63.19006,-17.42278],[-63.19006,-17.42279],[-63.19006,-17.4228],[-63.19006,-17.42281]]},"properties":{"description":"ACERAS","styleUrl":"#line7","stroke-opacity":1,"stroke":"#FF7F00","stroke-width":1,"name":"FONDO"}},
{"type":"Feature","geometry":{"type":"LineString","coordinates":[[-63.18982,-17.42397],[-63.18982,-17.42398],[-63.18981,-17.42398],[-63.18981,-17.42399],[-63.18981,-17.424],[-63.1898,-17.424],[-63.1898,-17.42401],[-63.18979,-17.42401],[-63.18979,-17.42402],[-63.18978,-17.42402],[-63.18977,-17.42403],[-63.18976,-17.42403],[-63.18975,-17.42403],[-63.18975,-17.42404],[-63.18974,-17.42404],[-63.18973,-17.42404],[-63.18972,-17.42404],[-63.18971,-17.42404]]},"properties":{"description":"ACERAS","styleUrl":"#line7","stroke-opacity":1,"stroke":"#FF7F00","stroke-width":1,"name":"FONDO"}},
{"type":"Feature","geometry":{"type":"LineString","coordinates":[[-63.18969,-17.4241],[-63.1897,-17.4241],[-63.18971,-17.4241],[-63.18972,-17.42411],[-63.18973,-17.42411],[-63.18973,-17.42412],[-63.18974,-17.42412],[-63.18974,-17.42413],[-63.18975,-17.42413],[-63.18975,-17.42414],[-63.18976,-17.42414],[-63.18976,-17.42415],[-63.18976,-17.42416],[-63.18977,-17.42416],[-63.18977,-17.42417],[-63.18977,-17.42418]]},"properties":{"description":"ACERAS","styleUrl":"#line7","stroke-opacity":1,"stroke":"#FF7F00","stroke-width":1,"name":"FONDO"}},
{"type":"Feature","geometry":{"type":"LineString","coordinates":[[-63.19011,-17.42257],[-63.19017,-17.42229]]},"properties":{"description":"ACERAS","styleUrl":"#line7","stroke-opacity":1,"stroke":"#FF7F00","stroke-width":1,"name":"FONDO"}},
{"type":"Feature","geometry":{"type":"LineString","coordinates":[[-63.19006,-17.42281],[-63.18996,-17.4233]]},"properties":{"description":"ACERAS","styleUrl":"#line7","stroke-opacity":1,"stroke":"#FF7F00","stroke-width":1,"name":"FONDO"}},
{"type":"Feature","geometry":{"type":"LineString","coordinates":[[-63.1901,-17.42218],[-63.1901,-17.42219],[-63.19011,-17.42219],[-63.19012,-17.42219],[-63.19013,-17.42219],[-63.19013,-17.4222],[-63.19014,-17.4222],[-63.19014,-17.42221],[-63.19015,-17.42221],[-63.19015,-17.42222],[-63.19016,-17.42222],[-63.19016,-17.42223],[-63.19016,-17.42224],[-63.19017,-17.42224],[-63.19017,-17.42225],[-63.19017,-17.42226],[-63.19017,-17.42227],[-63.19017,-17.42228],[-63.19017,-17.42229]]},"properties":{"description":"ACERAS","styleUrl":"#line7","stroke-opacity":1,"stroke":"#FF7F00","stroke-width":1,"name":"FONDO"}},
{"type":"Feature","geometry":null,"properties":{"description":"ACERAS","styleUrl":"#line7","stroke-opacity":1,"stroke":"#FF7F00","stroke-width":1,"name":"FONDO"}},
{"type":"Feature","geometry":{"type":"LineString","coordinates":[[-63.19019,-17.42209],[-63.1902,-17.42209],[-63.1902,-17.4221],[-63.19021,-17.4221],[-63.19021,-17.42211],[-63.19021,-17.42212]]},"properties":{"description":"ACERAS","styleUrl":"#line7","stroke-opacity":1,"stroke":"#FF7F00","stroke-width":1,"name":"FONDO"}},
{"type":"Feature","geometry":{"type":"LineString","coordinates":[[-63.19021,-17.42212],[-63.19021,-17.42213],[-63.1902,-17.42213],[-63.19019,-17.42213],[-63.19019,-17.42214],[-63.19018,-17.42214]]},"properties":{"description":"ACERAS","styleUrl":"#line7","stroke-opacity":1,"stroke":"#FF7F00","stroke-width":1,"name":"FONDO"}},
{"type":"Feature","geometry":{"type":"LineString","coordinates":[[-63.18702,-17.42197],[-63.18709,-17.42166]]},"properties":{"description":"ACERAS","styleUrl":"#line7","stroke-opacity":1,"stroke":"#FF7F00","stroke-width":1,"name":"FONDO"}},
{"type":"Feature","geometry":{"type":"LineString","coordinates":[[-63.18688,-17.42264],[-63.18697,-17.4222]]},"properties":{"description":"ACERAS","styleUrl":"#line7","stroke-opacity":1,"stroke":"#FF7F00","stroke-width":1,"name":"FONDO"}},
{"type":"Feature","geometry":{"type":"LineString","coordinates":[[-63.18673,-17.42335],[-63.18682,-17.42293]]},"properties":{"description":"ACERAS","styleUrl":"#line7","stroke-opacity":1,"stroke":"#FF7F00","stroke-width":1,"name":"FONDO"}},
{"type":"Feature","geometry":{"type":"LineString","coordinates":[[-63.18725,-17.42174],[-63.18725,-17.42173],[-63.18726,-17.42173],[-63.18726,-17.42172],[-63.18726,-17.42171],[-63.18727,-17.42171],[-63.18727,-17.4217],[-63.18727,-17.42169],[-63.18728,-17.42169],[-63.18728,-17.42168],[-63.18729,-17.42168],[-63.1873,-17.42168],[-63.1873,-17.42167],[-63.18731,-17.42167],[-63.18732,-17.42166],[-63.18733,-17.42166],[-63.18734,-17.42166],[-63.18735,-17.42166],[-63.18736,-17.42166],[-63.18737,-17.42166],[-63.18738,-17.42166]]},"properties":{"description":"ACERAS","styleUrl":"#line7","stroke-opacity":1,"stroke":"#FF7F00","stroke-width":1,"name":"FONDO"}},
{"type":"Feature","geometry":{"type":"LineString","coordinates":[[-63.1869,-17.4221],[-63.18691,-17.4221],[-63.18692,-17.4221],[-63.18692,-17.42211],[-63.18693,-17.42211],[-63.18694,-17.42211],[-63.18694,-17.42212],[-63.18695,-17.42212],[-63.18695,-17.42213],[-63.18696,-17.42213],[-63.18696,-17.42214],[-63.18696,-17.42215],[-63.18697,-17.42215],[-63.18697,-17.42216],[-63.18697,-17.42217],[-63.18697,-17.42218],[-63.18697,-17.42219],[-63.18697,-17.4222]]},"properties":{"description":"ACERAS","styleUrl":"#line7","stroke-opacity":1,"stroke":"#FF7F00","stroke-width":1,"name":"FONDO"}},
{"type":"Feature","geometry":{"type":"LineString","coordinates":[[-63.18702,-17.42197],[-63.18702,-17.42198],[-63.18701,-17.42199],[-63.18701,-17.422],[-63.187,-17.422],[-63.187,-17.42201],[-63.18699,-17.42201],[-63.18699,-17.42202],[-63.18698,-17.42202],[-63.18698,-17.42203],[-63.18697,-17.42203],[-63.18696,-17.42203],[-63.18695,-17.42203],[-63.18695,-17.42204],[-63.18694,-17.42204],[-63.18693,-17.42204],[-63.18692,-17.42204],[-63.18691,-17.42204]]},"properties":{"description":"ACERAS","styleUrl":"#line7","stroke-opacity":1,"stroke":"#FF7F00","stroke-width":1,"name":"FONDO"}},
{"type":"Feature","geometry":{"type":"LineString","coordinates":[[-63.18679,-17.42338],[-63.18718,-17.42154]]},"properties":{"description":"ACERAS","styleUrl":"#line7","stroke-opacity":1,"stroke":"#FF7F00","stroke-width":1,"name":"FONDO"}},
{"type":"Feature","geometry":{"type":"LineString","coordinates":[[-63.18683,-17.42341],[-63.18722,-17.42157]]},"properties":{"description":"ACERAS","styleUrl":"#line7","stroke-opacity":1,"stroke":"#FF7F00","stroke-width":1,"name":"FONDO"}},
{"type":"Feature","geometry":{"type":"LineString","coordinates":[[-63.18713,-17.42145],[-63.18391,-17.42082]]},"properties":{"description":"ACERAS","styleUrl":"#line7","stroke-opacity":1,"stroke":"#FF7F00","stroke-width":1,"name":"FONDO"}},
{"type":"Feature","geometry":{"type":"LineString","coordinates":[[-63.187,-17.42154],[-63.18515,-17.42118]]},"properties":{"description":"ACERAS","styleUrl":"#line7","stroke-opacity":1,"stroke":"#FF7F00","stroke-width":1,"name":"FONDO"}},
{"type":"Feature","geometry":{"type":"LineString","coordinates":[[-63.19019,-17.42209],[-63.1873,-17.42153]]},"properties":{"description":"ACERAS","styleUrl":"#line7","stroke-opacity":1,"stroke":"#FF7F00","stroke-width":1,"name":"FONDO"}},
{"type":"Feature","geometry":{"type":"LineString","coordinates":[[-63.18729,-17.42153],[-63.18713,-17.42145]]},"properties":{"description":"ACERAS","styleUrl":"#line7","stroke-opacity":1,"stroke":"#FF7F00","stroke-width":1,"name":"FONDO"}},
{"type":"Feature","geometry":{"type":"LineString","coordinates":[[-63.18712,-17.4215],[-63.18717,-17.42152]]},"properties":{"description":"ACERAS","styleUrl":"#line7","stroke-opacity":1,"stroke":"#FF7F00","stroke-width":1,"name":"FONDO"}},
{"type":"Feature","geometry":{"type":"LineString","coordinates":[[-63.18725,-17.42156],[-63.18728,-17.42157]]},"properties":{"description":"ACERAS","styleUrl":"#line7","stroke-opacity":1,"stroke":"#FF7F00","stroke-width":1,"name":"FONDO"}},
{"type":"Feature","geometry":{"type":"LineString","coordinates":[[-63.18717,-17.42152],[-63.18718,-17.42153],[-63.18718,-17.42154]]},"properties":{"description":"ACERAS","styleUrl":"#line7","stroke-opacity":1,"stroke":"#FF7F00","stroke-width":1,"name":"FONDO"}},
{"type":"Feature","geometry":{"type":"LineString","coordinates":[[-63.18722,-17.42157],[-63.18722,-17.42156],[-63.18723,-17.42156],[-63.18724,-17.42156],[-63.18725,-17.42156]]},"properties":{"description":"ACERAS","styleUrl":"#line7","stroke-opacity":1,"stroke":"#FF7F00","stroke-width":1,"name":"FONDO"}},
{"type":"Feature","geometry":{"type":"LineString","coordinates":[[-63.1873,-17.42153],[-63.18729,-17.42153]]},"properties":{"description":"ACERAS","styleUrl":"#line7","stroke-opacity":1,"stroke":"#FF7F00","stroke-width":1,"name":"FONDO"}},
{"type":"Feature","geometry":null,"properties":{"description":"ACERAS","styleUrl":"#line7","stroke-opacity":1,"stroke":"#FF7F00","stroke-width":1,"name":"FONDO"}},
{"type":"Feature","geometry":null,"properties":{"description":"ACERAS","styleUrl":"#line7","stroke-opacity":1,"stroke":"#FF7F00","stroke-width":1,"name":"FONDO"}},
{"type":"Feature","geometry":{"type":"LineString","coordinates":[[-63.18729,-17.42157],[-63.18728,-17.42157]]},"properties":{"description":"ACERAS","styleUrl":"#line7","stroke-opacity":1,"stroke":"#FF7F00","stroke-width":1,"name":"FONDO"}},
{"type":"Feature","geometry":{"type":"LineString","coordinates":[[-63.187,-17.42154],[-63.18701,-17.42154],[-63.18702,-17.42154],[-63.18702,-17.42155],[-63.18703,-17.42155],[-63.18704,-17.42155],[-63.18704,-17.42156],[-63.18705,-17.42156],[-63.18705,-17.42157],[-63.18706,-17.42157],[-63.18706,-17.42158],[-63.18707,-17.42158],[-63.18707,-17.42159],[-63.18708,-17.42159],[-63.18708,-17.4216],[-63.18708,-17.42161],[-63.18708,-17.42162],[-63.18709,-17.42162],[-63.18709,-17.42163],[-63.18709,-17.42164],[-63.18709,-17.42165],[-63.18709,-17.42166]]},"properties":{"description":"ACERAS","styleUrl":"#line7","stroke-opacity":1,"stroke":"#FF7F00","stroke-width":1,"name":"FONDO"}},
{"type":"Feature","geometry":{"type":"LineString","coordinates":[[-63.18484,-17.42112],[-63.18442,-17.42103]]},"properties":{"description":"ACERAS","styleUrl":"#line7","stroke-opacity":1,"stroke":"#FF7F00","stroke-width":1,"name":"FONDO"}},
{"type":"Feature","geometry":{"type":"LineString","coordinates":[[-63.18372,-17.42098],[-63.18315,-17.42179]]},"properties":{"description":"ACERAS","styleUrl":"#line7","stroke-opacity":1,"stroke":"#FF7F00","stroke-width":1,"name":"FONDO"}},
{"type":"Feature","geometry":{"type":"LineString","coordinates":[[-63.18322,-17.42073],[-63.18249,-17.42176]]},"properties":{"description":"ACERAS","styleUrl":"#line7","stroke-opacity":1,"stroke":"#FF7F00","stroke-width":1,"name":"FONDO"}},
{"type":"Feature","geometry":{"type":"LineString","coordinates":[[-63.18223,-17.42211],[-63.18102,-17.42384]]},"properties":{"description":"ACERAS","styleUrl":"#line7","stroke-opacity":1,"stroke":"#FF7F00","stroke-width":1,"name":"FONDO"}},
{"type":"Feature","geometry":{"type":"LineString","coordinates":[[-63.1841,-17.42097],[-63.18386,-17.42093]]},"properties":{"description":"ACERAS","styleUrl":"#line7","stroke-opacity":1,"stroke":"#FF7F00","stroke-width":1,"name":"FONDO"}},
{"type":"Feature","geometry":{"type":"LineString","coordinates":[[-63.18418,-17.42114],[-63.18354,-17.42203]]},"properties":{"description":"ACERAS","styleUrl":"#line7","stroke-opacity":1,"stroke":"#FF7F00","stroke-width":1,"name":"FONDO"}},
{"type":"Feature","geometry":{"type":"LineString","coordinates":[[-63.1843,-17.42108],[-63.18367,-17.42197]]},"properties":{"description":"ACERAS","styleUrl":"#line7","stroke-opacity":1,"stroke":"#FF7F00","stroke-width":1,"name":"FONDO"}},
{"type":"Feature","geometry":{"type":"LineString","coordinates":[[-63.1841,-17.42097],[-63.18411,-17.42097],[-63.18411,-17.42098],[-63.18412,-17.42098],[-63.18413,-17.42098],[-63.18414,-17.42098],[-63.18414,-17.42099],[-63.18415,-17.42099],[-63.18415,-17.421],[-63.18416,-17.421],[-63.18416,-17.42101],[-63.18417,-17.42101],[-63.18417,-17.42102],[-63.18418,-17.42102],[-63.18418,-17.42103],[-63.18419,-17.42104],[-63.18419,-17.42105],[-63.18419,-17.42106],[-63.18419,-17.42107],[-63.1842,-17.42107],[-63.1842,-17.42108],[-63.1842,-17.42109],[-63.18419,-17.42109],[-63.18419,-17.4211],[-63.18419,-17.42111],[-63.18419,-17.42112],[-63.18418,-17.42113],[-63.18418,-17.42114]]},"properties":{"description":"ACERAS","styleUrl":"#line7","stroke-opacity":1,"stroke":"#FF7F00","stroke-width":1,"name":"FONDO"}},
{"type":"Feature","geometry":{"type":"LineString","coordinates":[[-63.1843,-17.42108],[-63.1843,-17.42107],[-63.18431,-17.42107],[-63.18431,-17.42106],[-63.18432,-17.42106],[-63.18432,-17.42105],[-63.18433,-17.42105],[-63.18434,-17.42105],[-63.18434,-17.42104],[-63.18435,-17.42104],[-63.18436,-17.42104],[-63.18437,-17.42104],[-63.18437,-17.42103],[-63.18438,-17.42103],[-63.18439,-17.42103],[-63.1844,-17.42103],[-63.18441,-17.42103],[-63.18442,-17.42103]]},"properties":{"description":"ACERAS","styleUrl":"#line7","stroke-opacity":1,"stroke":"#FF7F00","stroke-width":1,"name":"FONDO"}},
{"type":"Feature","geometry":{"type":"LineString","coordinates":[[-63.18503,-17.42122],[-63.18503,-17.42121],[-63.18504,-17.42121],[-63.18504,-17.4212],[-63.18505,-17.4212],[-63.18506,-17.4212],[-63.18506,-17.42119],[-63.18507,-17.42119],[-63.18507,-17.42118],[-63.18508,-17.42118],[-63.18509,-17.42118],[-63.1851,-17.42118],[-63.18511,-17.42118],[-63.18511,-17.42117],[-63.18512,-17.42117],[-63.18513,-17.42117],[-63.18514,-17.42117],[-63.18514,-17.42118],[-63.18515,-17.42118]]},"properties":{"description":"ACERAS","styleUrl":"#line7","stroke-opacity":1,"stroke":"#FF7F00","stroke-width":1,"name":"FONDO"}},
{"type":"Feature","geometry":{"type":"LineString","coordinates":[[-63.18484,-17.42112],[-63.18485,-17.42112],[-63.18486,-17.42112],[-63.18486,-17.42113],[-63.18487,-17.42113],[-63.18488,-17.42113],[-63.18488,-17.42114],[-63.18489,-17.42114],[-63.18489,-17.42115],[-63.1849,-17.42115],[-63.1849,-17.42116],[-63.18491,-17.42116],[-63.18491,-17.42117],[-63.18491,-17.42118],[-63.18492,-17.42118],[-63.18492,-17.42119],[-63.18492,-17.4212],[-63.18492,-17.42121],[-63.18493,-17.42121],[-63.18493,-17.42122],[-63.18493,-17.42123],[-63.18493,-17.42124],[-63.18492,-17.42124],[-63.18492,-17.42125],[-63.18492,-17.42126],[-63.18492,-17.42127],[-63.18491,-17.42127],[-63.18491,-17.42128]]},"properties":{"description":"ACERAS","styleUrl":"#line7","stroke-opacity":1,"stroke":"#FF7F00","stroke-width":1,"name":"FONDO"}},
{"type":"Feature","geometry":null,"properties":{"description":"ACERAS","styleUrl":"#line7","stroke-opacity":1,"stroke":"#FF7F00","stroke-width":1,"name":"FONDO"}},
{"type":"Feature","geometry":{"type":"LineString","coordinates":[[-63.1839,-17.42087],[-63.18389,-17.42087],[-63.18389,-17.42086],[-63.18388,-17.42086],[-63.18388,-17.42085],[-63.18388,-17.42084],[-63.18388,-17.42083]]},"properties":{"description":"ACERAS","styleUrl":"#line7","stroke-opacity":1,"stroke":"#FF7F00","stroke-width":1,"name":"FONDO"}},
{"type":"Feature","geometry":{"type":"LineString","coordinates":[[-63.18388,-17.42083],[-63.18389,-17.42083],[-63.18389,-17.42082],[-63.1839,-17.42082],[-63.18391,-17.42082]]},"properties":{"description":"ACERAS","styleUrl":"#line7","stroke-opacity":1,"stroke":"#FF7F00","stroke-width":1,"name":"FONDO"}},
{"type":"Feature","geometry":{"type":"LineString","coordinates":[[-63.18372,-17.42098],[-63.18373,-17.42097],[-63.18373,-17.42096],[-63.18374,-17.42096],[-63.18375,-17.42096],[-63.18375,-17.42095],[-63.18376,-17.42095],[-63.18376,-17.42094],[-63.18377,-17.42094],[-63.18378,-17.42094],[-63.18378,-17.42093],[-63.18379,-17.42093],[-63.1838,-17.42093],[-63.18381,-17.42093],[-63.18382,-17.42093],[-63.18382,-17.42092],[-63.18383,-17.42092],[-63.18384,-17.42092],[-63.18385,-17.42092],[-63.18385,-17.42093],[-63.18386,-17.42093]]},"properties":{"description":"ACERAS","styleUrl":"#line7","stroke-opacity":1,"stroke":"#FF7F00","stroke-width":1,"name":"FONDO"}},
{"type":"Feature","geometry":{"type":"LineString","coordinates":[[-63.18336,-17.4223],[-63.18206,-17.42413]]},"properties":{"description":"ACERAS","styleUrl":"#line7","stroke-opacity":1,"stroke":"#FF7F00","stroke-width":1,"name":"FONDO"}},
{"type":"Feature","geometry":{"type":"LineString","coordinates":[[-63.18348,-17.42224],[-63.18218,-17.42408]]},"properties":{"description":"ACERAS","styleUrl":"#line7","stroke-opacity":1,"stroke":"#FF7F00","stroke-width":1,"name":"FONDO"}},
{"type":"Feature","geometry":{"type":"LineString","coordinates":[[-63.18225,-17.42424],[-63.18224,-17.42424],[-63.18223,-17.42424],[-63.18222,-17.42423],[-63.18221,-17.42423],[-63.18221,-17.42422],[-63.1822,-17.42422],[-63.18219,-17.42421],[-63.18218,-17.4242],[-63.18218,-17.42419],[-63.18217,-17.42419],[-63.18217,-17.42418],[-63.18217,-17.42417],[-63.18216,-17.42417],[-63.18216,-17.42416],[-63.18216,-17.42415],[-63.18216,-17.42414],[-63.18216,-17.42413],[-63.18216,-17.42412],[-63.18216,-17.42411],[-63.18216,-17.4241],[-63.18217,-17.4241],[-63.18217,-17.42409],[-63.18217,-17.42408],[-63.18218,-17.42408]]},"properties":{"description":"ACERAS","styleUrl":"#line7","stroke-opacity":1,"stroke":"#FF7F00","stroke-width":1,"name":"FONDO"}},
{"type":"Feature","geometry":{"type":"LineString","coordinates":[[-63.18194,-17.42417],[-63.18177,-17.42413]]},"properties":{"description":"ACERAS","styleUrl":"#line7","stroke-opacity":1,"stroke":"#FF7F00","stroke-width":1,"name":"FONDO"}},
{"type":"Feature","geometry":{"type":"LineString","coordinates":[[-63.18206,-17.42413],[-63.18206,-17.42414],[-63.18205,-17.42414],[-63.18205,-17.42415],[-63.18204,-17.42415],[-63.18203,-17.42416],[-63.18202,-17.42416],[-63.18202,-17.42417],[-63.18201,-17.42417],[-63.182,-17.42417],[-63.18199,-17.42417],[-63.18198,-17.42418],[-63.18197,-17.42418],[-63.18196,-17.42418],[-63.18195,-17.42418],[-63.18195,-17.42417],[-63.18194,-17.42417]]},"properties":{"description":"ACERAS","styleUrl":"#line7","stroke-opacity":1,"stroke":"#FF7F00","stroke-width":1,"name":"FONDO"}},
{"type":"Feature","geometry":{"type":"LineString","coordinates":[[-63.18177,-17.42413],[-63.18176,-17.42413],[-63.18175,-17.42413],[-63.18174,-17.42413],[-63.18174,-17.42412],[-63.18173,-17.42412],[-63.18172,-17.42412],[-63.18172,-17.42411],[-63.18171,-17.42411],[-63.1817,-17.42411],[-63.1817,-17.4241],[-63.18169,-17.4241],[-63.18169,-17.42409],[-63.18168,-17.42409],[-63.18168,-17.42408],[-63.18167,-17.42408],[-63.18167,-17.42407],[-63.18166,-17.42407],[-63.18166,-17.42406],[-63.18166,-17.42405],[-63.18165,-17.42405],[-63.18165,-17.42404],[-63.18165,-17.42403],[-63.18164,-17.42403],[-63.18164,-17.42402],[-63.18164,-17.42401],[-63.18164,-17.424],[-63.18164,-17.42399],[-63.18164,-17.42398],[-63.18164,-17.42397],[-63.18164,-17.42396],[-63.18164,-17.42395],[-63.18164,-17.42394],[-63.18164,-17.42393],[-63.18164,-17.42392],[-63.18165,-17.42392],[-63.18165,-17.42391],[-63.18165,-17.4239],[-63.18166,-17.4239],[-63.18166,-17.42389],[-63.18167,-17.42388]]},"properties":{"description":"ACERAS","styleUrl":"#line7","stroke-opacity":1,"stroke":"#FF7F00","stroke-width":1,"name":"FONDO"}},
{"type":"Feature","geometry":{"type":"LineString","coordinates":[[-63.18167,-17.42388],[-63.18289,-17.42216]]},"properties":{"description":"ACERAS","styleUrl":"#line7","stroke-opacity":1,"stroke":"#FF7F00","stroke-width":1,"name":"FONDO"}},
{"type":"Feature","geometry":{"type":"LineString","coordinates":[[-63.18172,-17.42192],[-63.18037,-17.42384]]},"properties":{"description":"ACERAS","styleUrl":"#line7","stroke-opacity":1,"stroke":"#FF7F00","stroke-width":1,"name":"FONDO"}},
{"type":"Feature","geometry":{"type":"LineString","coordinates":[[-63.18184,-17.42187],[-63.18042,-17.42387]]},"properties":{"description":"ACERAS","styleUrl":"#line7","stroke-opacity":1,"stroke":"#FF7F00","stroke-width":1,"name":"FONDO"}},
{"type":"Feature","geometry":{"type":"LineString","coordinates":[[-63.18266,-17.42059],[-63.18191,-17.42166]]},"properties":{"description":"ACERAS","styleUrl":"#line7","stroke-opacity":1,"stroke":"#FF7F00","stroke-width":1,"name":"FONDO"}},
{"type":"Feature","geometry":{"type":"LineString","coordinates":[[-63.18273,-17.42061],[-63.18203,-17.42161]]},"properties":{"description":"ACERAS","styleUrl":"#line7","stroke-opacity":1,"stroke":"#FF7F00","stroke-width":1,"name":"FONDO"}},
{"type":"Feature","geometry":{"type":"LineString","coordinates":[[-63.18102,-17.42384],[-63.18101,-17.42384],[-63.18101,-17.42385],[-63.181,-17.42385],[-63.181,-17.42386],[-63.18099,-17.42386],[-63.18099,-17.42387],[-63.18098,-17.42387],[-63.18098,-17.42388],[-63.18097,-17.42388],[-63.18096,-17.42388],[-63.18096,-17.42389],[-63.18095,-17.42389],[-63.18094,-17.42389],[-63.18094,-17.4239],[-63.18093,-17.4239],[-63.18092,-17.4239],[-63.18091,-17.4239],[-63.18091,-17.42391],[-63.1809,-17.42391],[-63.18089,-17.42391],[-63.18088,-17.42391],[-63.18087,-17.42391],[-63.18086,-17.42391],[-63.18085,-17.42391],[-63.18084,-17.42391],[-63.18084,-17.4239]]},"properties":{"description":"ACERAS","styleUrl":"#line7","stroke-opacity":1,"stroke":"#FF7F00","stroke-width":1,"name":"FONDO"}},
{"type":"Feature","geometry":{"type":"LineString","coordinates":[[-63.18382,-17.42036],[-63.18084,-17.42456]]},"properties":{"description":"EJES","styleUrl":"#line8","stroke-opacity":1,"stroke":"#9F7FFF","stroke-width":1,"name":"FONDO"}},
{"type":"Feature","geometry":{"type":"LineString","coordinates":[[-63.19162,-17.42436],[-63.19181,-17.42402]]},"properties":{"description":"EJES","styleUrl":"#line9","stroke-opacity":1,"stroke":"#FF00FF","stroke-width":1,"name":"FONDO"}},
{"type":"Feature","geometry":{"type":"LineString","coordinates":[[-63.19138,-17.42478],[-63.19162,-17.42436]]},"properties":{"description":"EJES","styleUrl":"#line9","stroke-opacity":1,"stroke":"#FF00FF","stroke-width":1,"name":"FONDO"}},
{"type":"Feature","geometry":{"type":"LineString","coordinates":[[-63.17508,-17.4215],[-63.17523,-17.42091]]},"properties":{"description":"EJES","styleUrl":"#line9","stroke-opacity":1,"stroke":"#FF00FF","stroke-width":1,"name":"FONDO"}},
{"type":"Feature","geometry":{"type":"LineString","coordinates":[[-63.17556,-17.41956],[-63.1754,-17.42022]]},"properties":{"description":"EJES","styleUrl":"#line9","stroke-opacity":1,"stroke":"#FF00FF","stroke-width":1,"name":"FONDO"}},
{"type":"Feature","geometry":{"type":"LineString","coordinates":[[-63.1763,-17.41947],[-63.17615,-17.42006]]},"properties":{"description":"EJES","styleUrl":"#line9","stroke-opacity":1,"stroke":"#FF00FF","stroke-width":1,"name":"FONDO"}},
{"type":"Feature","geometry":{"type":"LineString","coordinates":[[-63.17607,-17.42038],[-63.17589,-17.42108]]},"properties":{"description":"EJES","styleUrl":"#line9","stroke-opacity":1,"stroke":"#FF00FF","stroke-width":1,"name":"FONDO"}},
{"type":"Feature","geometry":{"type":"LineString","coordinates":[[-63.17589,-17.42108],[-63.17581,-17.42142]]},"properties":{"description":"EJES","styleUrl":"#line9","stroke-opacity":1,"stroke":"#FF00FF","stroke-width":1,"name":"FONDO"}},
{"type":"Feature","geometry":{"type":"LineString","coordinates":[[-63.17857,-17.42171],[-63.17848,-17.42206]]},"properties":{"description":"EJES","styleUrl":"#line9","stroke-opacity":1,"stroke":"#FF00FF","stroke-width":1,"name":"FONDO"}},
{"type":"Feature","geometry":{"type":"LineString","coordinates":[[-63.17874,-17.42102],[-63.17857,-17.42171]]},"properties":{"description":"EJES","styleUrl":"#line9","stroke-opacity":1,"stroke":"#FF00FF","stroke-width":1,"name":"FONDO"}},
{"type":"Feature","geometry":{"type":"LineString","coordinates":[[-63.17892,-17.42032],[-63.17882,-17.42072]]},"properties":{"description":"EJES","styleUrl":"#line9","stroke-opacity":1,"stroke":"#FF00FF","stroke-width":1,"name":"FONDO"}},
{"type":"Feature","geometry":{"type":"LineString","coordinates":[[-63.17907,-17.41974],[-63.17892,-17.42032]]},"properties":{"description":"EJES","styleUrl":"#line9","stroke-opacity":1,"stroke":"#FF00FF","stroke-width":1,"name":"FONDO"}},
{"type":"Feature","geometry":{"type":"LineString","coordinates":[[-63.18197,-17.42046],[-63.18088,-17.4202]]},"properties":{"description":"EJES","styleUrl":"#line9","stroke-opacity":1,"stroke":"#FF00FF","stroke-width":1,"name":"FONDO"}},
{"type":"Feature","geometry":{"type":"LineString","coordinates":[[-63.17906,-17.41977],[-63.17828,-17.41958]]},"properties":{"description":"EJES","styleUrl":"#line9","stroke-opacity":1,"stroke":"#FF00FF","stroke-width":1,"name":"FONDO"}},
{"type":"Feature","geometry":{"type":"LineString","coordinates":[[-63.18198,-17.42043],[-63.18161,-17.42096]]},"properties":{"description":"EJES","styleUrl":"#line9","stroke-opacity":1,"stroke":"#FF00FF","stroke-width":1,"name":"FONDO"}},
{"type":"Feature","geometry":{"type":"LineString","coordinates":[[-63.18161,-17.42096],[-63.18135,-17.42132]]},"properties":{"description":"EJES","styleUrl":"#line9","stroke-opacity":1,"stroke":"#FF00FF","stroke-width":1,"name":"FONDO"}},
{"type":"Feature","geometry":{"type":"LineString","coordinates":[[-63.18108,-17.42172],[-63.18072,-17.42222]]},"properties":{"description":"EJES","styleUrl":"#line9","stroke-opacity":1,"stroke":"#FF00FF","stroke-width":1,"name":"FONDO"}},
{"type":"Feature","geometry":{"type":"LineString","coordinates":[[-63.18072,-17.42222],[-63.1805,-17.42253]]},"properties":{"description":"EJES","styleUrl":"#line9","stroke-opacity":1,"stroke":"#FF00FF","stroke-width":1,"name":"FONDO"}},
{"type":"Feature","geometry":{"type":"LineString","coordinates":[[-63.18121,-17.42404],[-63.17867,-17.42347]]},"properties":{"description":"EJES","styleUrl":"#line9","stroke-opacity":1,"stroke":"#FF00FF","stroke-width":1,"name":"FONDO"}},
{"type":"Feature","geometry":{"type":"LineString","coordinates":[[-63.18331,-17.4236],[-63.18291,-17.42416]]},"properties":{"description":"EJES","styleUrl":"#line9","stroke-opacity":1,"stroke":"#FF00FF","stroke-width":1,"name":"FONDO"}},
{"type":"Feature","geometry":{"type":"LineString","coordinates":[[-63.18424,-17.42228],[-63.18364,-17.42313]]},"properties":{"description":"EJES","styleUrl":"#line9","stroke-opacity":1,"stroke":"#FF00FF","stroke-width":1,"name":"FONDO"}},
{"type":"Feature","geometry":{"type":"LineString","coordinates":[[-63.1847,-17.42164],[-63.18446,-17.42198]]},"properties":{"description":"EJES","styleUrl":"#line9","stroke-opacity":1,"stroke":"#FF00FF","stroke-width":1,"name":"FONDO"}},
{"type":"Feature","geometry":{"type":"LineString","coordinates":[[-63.18508,-17.4211],[-63.1847,-17.42164]]},"properties":{"description":"EJES","styleUrl":"#line9","stroke-opacity":1,"stroke":"#FF00FF","stroke-width":1,"name":"FONDO"}},
{"type":"Feature","geometry":{"type":"LineString","coordinates":[[-63.19012,-17.42269],[-63.1893,-17.42253]]},"properties":{"description":"EJES","styleUrl":"#line9","stroke-opacity":1,"stroke":"#FF00FF","stroke-width":1,"name":"FONDO"}},
{"type":"Feature","geometry":{"type":"LineString","coordinates":[[-63.19202,-17.42365],[-63.19164,-17.42345]]},"properties":{"description":"EJES","styleUrl":"#line9","stroke-opacity":1,"stroke":"#FF00FF","stroke-width":1,"name":"FONDO"}},
{"type":"Feature","geometry":{"type":"LineString","coordinates":[[-63.19344,-17.42439],[-63.19202,-17.42365]]},"properties":{"description":"EJES","styleUrl":"#line9","stroke-opacity":1,"stroke":"#FF00FF","stroke-width":1,"name":"FONDO"}},
{"type":"Feature","geometry":{"type":"LineString","coordinates":[[-63.19344,-17.42435],[-63.19327,-17.42523]]},"properties":{"description":"EJES","styleUrl":"#line9","stroke-opacity":1,"stroke":"#FF00FF","stroke-width":1,"name":"FONDO"}},
{"type":"Feature","geometry":{"type":"LineString","coordinates":[[-63.19327,-17.42523],[-63.19321,-17.42558]]},"properties":{"description":"EJES","styleUrl":"#line9","stroke-opacity":1,"stroke":"#FF00FF","stroke-width":1,"name":"FONDO"}},
{"type":"Feature","geometry":{"type":"LineString","coordinates":[[-63.17843,-17.42227],[-63.17821,-17.42314]]},"properties":{"description":"EJES","styleUrl":"#line9","stroke-opacity":1,"stroke":"#FF00FF","stroke-width":1,"name":"FONDO"}},
{"type":"Feature","geometry":{"type":"LineString","coordinates":[[-63.19447,-17.42482],[-63.19419,-17.42625]]},"properties":{"description":"EJES","styleUrl":"#line9","stroke-opacity":1,"stroke":"#FF00FF","stroke-width":1,"name":"FONDO"}},
{"type":"Feature","geometry":{"type":"LineString","coordinates":[[-63.19429,-17.42576],[-63.19371,-17.42546]]},"properties":{"description":"EJES","styleUrl":"#line9","stroke-opacity":1,"stroke":"#FF00FF","stroke-width":1,"name":"FONDO"}},
{"type":"Feature","geometry":{"type":"LineString","coordinates":[[-63.18962,-17.42332],[-63.18268,-17.42197]]},"properties":{"description":"EJES","styleUrl":"#line9","stroke-opacity":1,"stroke":"#FF00FF","stroke-width":1,"name":"FONDO"}},
{"type":"Feature","geometry":{"type":"LineString","coordinates":[[-63.18981,-17.42409],[-63.18901,-17.42393]]},"properties":{"description":"EJES","styleUrl":"#line9","stroke-opacity":1,"stroke":"#FF00FF","stroke-width":1,"name":"FONDO"}},
{"type":"Feature","geometry":{"type":"LineString","coordinates":[[-63.18612,-17.42337],[-63.18554,-17.42326]]},"properties":{"description":"EJES","styleUrl":"#line9","stroke-opacity":1,"stroke":"#FF00FF","stroke-width":1,"name":"FONDO"}},
{"type":"Feature","geometry":{"type":"LineString","coordinates":[[-63.18435,-17.42419],[-63.18307,-17.42394]]},"properties":{"description":"EJES","styleUrl":"#line9","stroke-opacity":1,"stroke":"#FF00FF","stroke-width":1,"name":"FONDO"}},
{"type":"Feature","geometry":{"type":"LineString","coordinates":[[-63.18348,-17.42457],[-63.1812,-17.42406]]},"properties":{"description":"EJES","styleUrl":"#line9","stroke-opacity":1,"stroke":"#FF00FF","stroke-width":1,"name":"FONDO"}},
{"type":"Feature","geometry":{"type":"LineString","coordinates":[[-63.18072,-17.42222],[-63.17987,-17.42202]]},"properties":{"description":"EJES","styleUrl":"#line9","stroke-opacity":1,"stroke":"#FF00FF","stroke-width":1,"name":"FONDO"}},
{"type":"Feature","geometry":{"type":"LineString","coordinates":[[-63.18036,-17.42272],[-63.17974,-17.42258]]},"properties":{"description":"EJES","styleUrl":"#line9","stroke-opacity":1,"stroke":"#FF00FF","stroke-width":1,"name":"FONDO"}},
{"type":"Feature","geometry":{"type":"LineString","coordinates":[[-63.18001,-17.42323],[-63.1775,-17.42263]]},"properties":{"description":"EJES","styleUrl":"#line9","stroke-opacity":1,"stroke":"#FF00FF","stroke-width":1,"name":"FONDO"}},
{"type":"Feature","geometry":{"type":"LineString","coordinates":[[-63.18161,-17.42096],[-63.18062,-17.42073]]},"properties":{"description":"EJES","styleUrl":"#line9","stroke-opacity":1,"stroke":"#FF00FF","stroke-width":1,"name":"FONDO"}},
{"type":"Feature","geometry":{"type":"LineString","coordinates":[[-63.19371,-17.42546],[-63.19162,-17.42436]]},"properties":{"description":"EJES","styleUrl":"#line9","stroke-opacity":1,"stroke":"#FF00FF","stroke-width":1,"name":"FONDO"}},
{"type":"Feature","geometry":{"type":"LineString","coordinates":[[-63.19162,-17.42436],[-63.18995,-17.4235]]},"properties":{"description":"EJES","styleUrl":"#line9","stroke-opacity":1,"stroke":"#FF00FF","stroke-width":1,"name":"FONDO"}},
{"type":"Feature","geometry":{"type":"LineString","coordinates":[[-63.18995,-17.4235],[-63.18962,-17.42332]]},"properties":{"description":"EJES","styleUrl":"#line9","stroke-opacity":1,"stroke":"#FF00FF","stroke-width":1,"name":"FONDO"}},
{"type":"Feature","geometry":{"type":"LineString","coordinates":[[-63.18269,-17.42196],[-63.1754,-17.42022]]},"properties":{"description":"EJES","styleUrl":"#line9","stroke-opacity":1,"stroke":"#FF00FF","stroke-width":1,"name":"FONDO"}},
{"type":"Feature","geometry":{"type":"LineString","coordinates":[[-63.18524,-17.42378],[-63.18478,-17.42369]]},"properties":{"description":"EJES","styleUrl":"#line9","stroke-opacity":1,"stroke":"#FF00FF","stroke-width":1,"name":"FONDO"}},
{"type":"Feature","geometry":{"type":"LineString","coordinates":[[-63.18901,-17.42393],[-63.1871,-17.42356]]},"properties":{"description":"EJES","styleUrl":"#line9","stroke-opacity":1,"stroke":"#FF00FF","stroke-width":1,"name":"FONDO"}},
{"type":"Feature","geometry":{"type":"LineString","coordinates":[[-63.18914,-17.4225],[-63.18708,-17.4221]]},"properties":{"description":"EJES","styleUrl":"#line9","stroke-opacity":1,"stroke":"#FF00FF","stroke-width":1,"name":"FONDO"}},
{"type":"Feature","geometry":{"type":"LineString","coordinates":[[-63.19164,-17.42345],[-63.19013,-17.42266]]},"properties":{"description":"EJES","styleUrl":"#line9","stroke-opacity":1,"stroke":"#FF00FF","stroke-width":1,"name":"FONDO"}},
{"type":"Feature","geometry":{"type":"LineString","coordinates":[[-63.19321,-17.42558],[-63.19318,-17.42572]]},"properties":{"description":"EJES","styleUrl":"#line9","stroke-opacity":1,"stroke":"#FF00FF","stroke-width":1,"name":"FONDO"}},
{"type":"Feature","geometry":{"type":"LineString","coordinates":[[-63.19181,-17.42402],[-63.19205,-17.4236]]},"properties":{"description":"EJES","styleUrl":"#line9","stroke-opacity":1,"stroke":"#FF00FF","stroke-width":1,"name":"FONDO"}},
{"type":"Feature","geometry":{"type":"LineString","coordinates":[[-63.18708,-17.4221],[-63.1847,-17.42164]]},"properties":{"description":"EJES","styleUrl":"#line9","stroke-opacity":1,"stroke":"#FF00FF","stroke-width":1,"name":"FONDO"}},
{"type":"Feature","geometry":{"type":"LineString","coordinates":[[-63.18478,-17.42369],[-63.18343,-17.42343]]},"properties":{"description":"EJES","styleUrl":"#line9","stroke-opacity":1,"stroke":"#FF00FF","stroke-width":1,"name":"FONDO"}},
{"type":"Feature","geometry":{"type":"LineString","coordinates":[[-63.18291,-17.42416],[-63.18274,-17.4244]]},"properties":{"description":"EJES","styleUrl":"#line9","stroke-opacity":1,"stroke":"#FF00FF","stroke-width":1,"name":"FONDO"}},
{"type":"Feature","geometry":{"type":"LineString","coordinates":[[-63.18364,-17.42313],[-63.18331,-17.4236]]},"properties":{"description":"EJES","styleUrl":"#line9","stroke-opacity":1,"stroke":"#FF00FF","stroke-width":1,"name":"FONDO"}},
{"type":"Feature","geometry":{"type":"LineString","coordinates":[[-63.18446,-17.42198],[-63.18424,-17.42228]]},"properties":{"description":"EJES","styleUrl":"#line9","stroke-opacity":1,"stroke":"#FF00FF","stroke-width":1,"name":"FONDO"}},
{"type":"Feature","geometry":{"type":"LineString","coordinates":[[-63.17848,-17.42206],[-63.17843,-17.42227]]},"properties":{"description":"EJES","styleUrl":"#line9","stroke-opacity":1,"stroke":"#FF00FF","stroke-width":1,"name":"FONDO"}},
{"type":"Feature","geometry":{"type":"LineString","coordinates":[[-63.17882,-17.42072],[-63.17874,-17.42102]]},"properties":{"description":"EJES","styleUrl":"#line9","stroke-opacity":1,"stroke":"#FF00FF","stroke-width":1,"name":"FONDO"}},
{"type":"Feature","geometry":{"type":"LineString","coordinates":[[-63.17615,-17.42006],[-63.17607,-17.42038]]},"properties":{"description":"EJES","styleUrl":"#line9","stroke-opacity":1,"stroke":"#FF00FF","stroke-width":1,"name":"FONDO"}},
{"type":"Feature","geometry":{"type":"LineString","coordinates":[[-63.17581,-17.42142],[-63.17573,-17.4217]]},"properties":{"description":"EJES","styleUrl":"#line9","stroke-opacity":1,"stroke":"#FF00FF","stroke-width":1,"name":"FONDO"}},
{"type":"Feature","geometry":{"type":"LineString","coordinates":[[-63.17523,-17.42091],[-63.1754,-17.42022]]},"properties":{"description":"EJES","styleUrl":"#line9","stroke-opacity":1,"stroke":"#FF00FF","stroke-width":1,"name":"FONDO"}},
{"type":"Feature","geometry":{"type":"LineString","coordinates":[[-63.18135,-17.42132],[-63.18108,-17.42172]]},"properties":{"description":"EJES","styleUrl":"#line9","stroke-opacity":1,"stroke":"#FF00FF","stroke-width":1,"name":"FONDO"}},
{"type":"Feature","geometry":{"type":"LineString","coordinates":[[-63.1805,-17.42253],[-63.1798,-17.42352]]},"properties":{"description":"EJES","styleUrl":"#line9","stroke-opacity":1,"stroke":"#FF00FF","stroke-width":1,"name":"FONDO"}},
{"type":"Feature","geometry":{"type":"LineString","coordinates":[[-63.18088,-17.4202],[-63.17906,-17.41977]]},"properties":{"description":"EJES","styleUrl":"#line9","stroke-opacity":1,"stroke":"#FF00FF","stroke-width":1,"name":"FONDO"}},
{"type":"Feature","geometry":{"type":"LineString","coordinates":[[-63.18062,-17.42073],[-63.17812,-17.42013]]},"properties":{"description":"EJES","styleUrl":"#line9","stroke-opacity":1,"stroke":"#FF00FF","stroke-width":1,"name":"FONDO"}},
{"type":"Feature","geometry":{"type":"LineString","coordinates":[[-63.17987,-17.42202],[-63.17761,-17.42148]]},"properties":{"description":"EJES","styleUrl":"#line9","stroke-opacity":1,"stroke":"#FF00FF","stroke-width":1,"name":"FONDO"}},
{"type":"Feature","geometry":{"type":"LineString","coordinates":[[-63.17974,-17.42258],[-63.17748,-17.42204]]},"properties":{"description":"EJES","styleUrl":"#line9","stroke-opacity":1,"stroke":"#FF00FF","stroke-width":1,"name":"FONDO"}},
{"type":"Feature","geometry":{"type":"LineString","coordinates":[[-63.17828,-17.41958],[-63.17727,-17.41934]]},"properties":{"description":"EJES","styleUrl":"#line9","stroke-opacity":1,"stroke":"#FF00FF","stroke-width":1,"name":"FONDO"}},
{"type":"Feature","geometry":{"type":"LineString","coordinates":[[-63.17812,-17.42013],[-63.17624,-17.41969]]},"properties":{"description":"EJES","styleUrl":"#line9","stroke-opacity":1,"stroke":"#FF00FF","stroke-width":1,"name":"FONDO"}},
{"type":"Feature","geometry":{"type":"LineString","coordinates":[[-63.17761,-17.42148],[-63.17589,-17.42108]]},"properties":{"description":"EJES","styleUrl":"#line9","stroke-opacity":1,"stroke":"#FF00FF","stroke-width":1,"name":"FONDO"}},
{"type":"Feature","geometry":{"type":"LineString","coordinates":[[-63.17748,-17.42204],[-63.17575,-17.42163]]},"properties":{"description":"EJES","styleUrl":"#line9","stroke-opacity":1,"stroke":"#FF00FF","stroke-width":1,"name":"FONDO"}},
{"type":"Feature","geometry":{"type":"LineString","coordinates":[[-63.19504,-17.42367],[-63.19435,-17.42719]]},"properties":{"description":"EJES","styleUrl":"#line9","stroke-opacity":1,"stroke":"#FF00FF","stroke-width":1,"name":"FONDO"}},
{"type":"Feature","geometry":{"type":"LineString","coordinates":[[-63.1798,-17.42352],[-63.17966,-17.42371]]},"properties":{"description":"EJES","styleUrl":"#line9","stroke-opacity":1,"stroke":"#FF00FF","stroke-width":1,"name":"FONDO"}},
{"type":"Feature","geometry":{"type":"LineString","coordinates":[[-63.18503,-17.42243],[-63.18435,-17.42339]]},"properties":{"description":"EJES","styleUrl":"#line9","stroke-opacity":1,"stroke":"#FF00FF","stroke-width":1,"name":"FONDO"}},
{"type":"Feature","geometry":{"type":"LineString","coordinates":[[-63.18554,-17.42326],[-63.18458,-17.42307]]},"properties":{"description":"EJES","styleUrl":"#line9","stroke-opacity":1,"stroke":"#FF00FF","stroke-width":1,"name":"FONDO"}},
{"type":"Feature","geometry":{"type":"LineString","coordinates":[[-63.18435,-17.42339],[-63.18422,-17.42358]]},"properties":{"description":"EJES","styleUrl":"#line9","stroke-opacity":1,"stroke":"#FF00FF","stroke-width":1,"name":"FONDO"}},
{"type":"Feature","geometry":{"type":"LineString","coordinates":[[-63.19024,-17.42212],[-63.18823,-17.42173]]},"properties":{"description":"EJES","styleUrl":"#line9","stroke-opacity":1,"stroke":"#FF00FF","stroke-width":1,"name":"FONDO"}},
{"type":"Feature","geometry":{"type":"LineString","coordinates":[[-63.19013,-17.42266],[-63.19016,-17.42251]]},"properties":{"description":"EJES","styleUrl":"#line9","stroke-opacity":1,"stroke":"#FF00FF","stroke-width":1,"name":"FONDO"}},
{"type":"Feature","geometry":{"type":"LineString","coordinates":[[-63.18995,-17.4235],[-63.19012,-17.42269]]},"properties":{"description":"EJES","styleUrl":"#line9","stroke-opacity":1,"stroke":"#FF00FF","stroke-width":1,"name":"FONDO"}},
{"type":"Feature","geometry":{"type":"LineString","coordinates":[[-63.18984,-17.42401],[-63.18988,-17.42385]]},"properties":{"description":"EJES","styleUrl":"#line9","stroke-opacity":1,"stroke":"#FF00FF","stroke-width":1,"name":"FONDO"}},
{"type":"Feature","geometry":{"type":"LineString","coordinates":[[-63.19013,-17.42266],[-63.19012,-17.42269]]},"properties":{"description":"EJES","styleUrl":"#line9","stroke-opacity":1,"stroke":"#FF00FF","stroke-width":1,"name":"FONDO"}},
{"type":"Feature","geometry":{"type":"LineString","coordinates":[[-63.19016,-17.42251],[-63.19024,-17.42212]]},"properties":{"description":"EJES","styleUrl":"#line9","stroke-opacity":1,"stroke":"#FF00FF","stroke-width":1,"name":"FONDO"}},
{"type":"Feature","geometry":{"type":"LineString","coordinates":[[-63.18988,-17.42385],[-63.18995,-17.4235]]},"properties":{"description":"EJES","styleUrl":"#line9","stroke-opacity":1,"stroke":"#FF00FF","stroke-width":1,"name":"FONDO"}},
{"type":"Feature","geometry":{"type":"LineString","coordinates":[[-63.18681,-17.42339],[-63.18702,-17.4224]]},"properties":{"description":"EJES","styleUrl":"#line9","stroke-opacity":1,"stroke":"#FF00FF","stroke-width":1,"name":"FONDO"}},
{"type":"Feature","geometry":{"type":"LineString","coordinates":[[-63.18702,-17.4224],[-63.18721,-17.42151]]},"properties":{"description":"EJES","styleUrl":"#line9","stroke-opacity":1,"stroke":"#FF00FF","stroke-width":1,"name":"FONDO"}},
{"type":"Feature","geometry":{"type":"LineString","coordinates":[[-63.18721,-17.42149],[-63.18579,-17.42121]]},"properties":{"description":"EJES","styleUrl":"#line9","stroke-opacity":1,"stroke":"#FF00FF","stroke-width":1,"name":"FONDO"}},
{"type":"Feature","geometry":{"type":"LineString","coordinates":[[-63.18579,-17.42121],[-63.18353,-17.42077]]},"properties":{"description":"EJES","styleUrl":"#line9","stroke-opacity":1,"stroke":"#FF00FF","stroke-width":1,"name":"FONDO"}},
{"type":"Feature","geometry":{"type":"LineString","coordinates":[[-63.18823,-17.42173],[-63.1872,-17.42153]]},"properties":{"description":"EJES","styleUrl":"#line9","stroke-opacity":1,"stroke":"#FF00FF","stroke-width":1,"name":"FONDO"}},
{"type":"Feature","geometry":{"type":"LineString","coordinates":[[-63.18436,-17.42094],[-63.18351,-17.42214]]},"properties":{"description":"EJES","styleUrl":"#line9","stroke-opacity":1,"stroke":"#FF00FF","stroke-width":1,"name":"FONDO"}},
{"type":"Feature","geometry":{"type":"LineString","coordinates":[[-63.18351,-17.42214],[-63.18202,-17.42424]]},"properties":{"description":"EJES","styleUrl":"#line9","stroke-opacity":1,"stroke":"#FF00FF","stroke-width":1,"name":"FONDO"}},
{"type":"Feature","geometry":{"type":"LineString","coordinates":[[-63.18188,-17.42176],[-63.18039,-17.42385]]},"properties":{"description":"EJES","styleUrl":"#line9","stroke-opacity":1,"stroke":"#FF00FF","stroke-width":1,"name":"FONDO"}},
{"type":"Feature","geometry":{"type":"LineString","coordinates":[[-63.1827,-17.4206],[-63.18188,-17.42176]]},"properties":{"description":"EJES","styleUrl":"#line9","stroke-opacity":1,"stroke":"#FF00FF","stroke-width":1,"name":"FONDO"}},
{"type":"Feature","geometry":{"type":"LineString","coordinates":[[-63.19145,-17.42437],[-63.1901,-17.42367]]},"properties":{"description":"DETALLES","styleUrl":"#line10","stroke-opacity":1,"stroke":"#007F00","stroke-width":1,"name":"FONDO"}},
{"type":"Feature","geometry":{"type":"LineString","coordinates":[[-63.18993,-17.42374],[-63.18993,-17.42373],[-63.18994,-17.42373],[-63.18994,-17.42372],[-63.18994,-17.42371],[-63.18995,-17.42371],[-63.18995,-17.4237],[-63.18996,-17.4237],[-63.18996,-17.42369],[-63.18997,-17.42369],[-63.18997,-17.42368],[-63.18998,-17.42368],[-63.18998,-17.42367],[-63.18999,-17.42367],[-63.19,-17.42367],[-63.19,-17.42366],[-63.19001,-17.42366],[-63.19002,-17.42366],[-63.19003,-17.42366],[-63.19004,-17.42366],[-63.19005,-17.42366],[-63.19006,-17.42366],[-63.19007,-17.42366],[-63.19008,-17.42366],[-63.19009,-17.42366],[-63.19009,-17.42367],[-63.1901,-17.42367]]},"properties":{"description":"DETALLES","styleUrl":"#line10","stroke-opacity":1,"stroke":"#007F00","stroke-width":1,"name":"FONDO"}},
{"type":"Feature","geometry":{"type":"LineString","coordinates":[[-63.19354,-17.42591],[-63.19351,-17.42609]]},"properties":{"description":"LOTE","styleUrl":"#line11","stroke-opacity":1,"stroke":"#000000","stroke-width":1,"name":"FONDO"}},
{"type":"Feature","geometry":{"type":"LineString","coordinates":[[-63.19384,-17.42434],[-63.19381,-17.42452]]},"properties":{"description":"LOTE","styleUrl":"#line11","stroke-opacity":1,"stroke":"#000000","stroke-width":1,"name":"FONDO"}},
{"type":"Feature","geometry":{"type":"LineString","coordinates":[[-63.19146,-17.42508],[-63.19157,-17.42488]]},"properties":{"description":"LOTE","styleUrl":"#line11","stroke-opacity":1,"stroke":"#000000","stroke-width":1,"name":"FONDO"}},
{"type":"Feature","geometry":{"type":"LineString","coordinates":[[-63.19155,-17.42512],[-63.19166,-17.42493]]},"properties":{"description":"LOTE","styleUrl":"#line11","stroke-opacity":1,"stroke":"#000000","stroke-width":1,"name":"FONDO"}},
{"type":"Feature","geometry":{"type":"LineString","coordinates":[[-63.19163,-17.42517],[-63.19174,-17.42497]]},"properties":{"description":"LOTE","styleUrl":"#line11","stroke-opacity":1,"stroke":"#000000","stroke-width":1,"name":"FONDO"}},
{"type":"Feature","geometry":{"type":"LineString","coordinates":[[-63.19171,-17.42521],[-63.19182,-17.42501]]},"properties":{"description":"LOTE","styleUrl":"#line11","stroke-opacity":1,"stroke":"#000000","stroke-width":1,"name":"FONDO"}},
{"type":"Feature","geometry":{"type":"LineString","coordinates":[[-63.19179,-17.42525],[-63.19191,-17.42506]]},"properties":{"description":"LOTE","styleUrl":"#line11","stroke-opacity":1,"stroke":"#000000","stroke-width":1,"name":"FONDO"}},
{"type":"Feature","geometry":{"type":"LineString","coordinates":[[-63.19188,-17.4253],[-63.19199,-17.4251]]},"properties":{"description":"LOTE","styleUrl":"#line11","stroke-opacity":1,"stroke":"#000000","stroke-width":1,"name":"FONDO"}},
{"type":"Feature","geometry":{"type":"LineString","coordinates":[[-63.19196,-17.42534],[-63.19207,-17.42514]]},"properties":{"description":"LOTE","styleUrl":"#line11","stroke-opacity":1,"stroke":"#000000","stroke-width":1,"name":"FONDO"}},
{"type":"Feature","geometry":{"type":"LineString","coordinates":[[-63.19204,-17.42538],[-63.19215,-17.42518]]},"properties":{"description":"LOTE","styleUrl":"#line11","stroke-opacity":1,"stroke":"#000000","stroke-width":1,"name":"FONDO"}},
{"type":"Feature","geometry":{"type":"LineString","coordinates":[[-63.19212,-17.42543],[-63.19224,-17.42523]]},"properties":{"description":"LOTE","styleUrl":"#line11","stroke-opacity":1,"stroke":"#000000","stroke-width":1,"name":"FONDO"}},
{"type":"Feature","geometry":{"type":"LineString","coordinates":[[-63.19221,-17.42547],[-63.19232,-17.42527]]},"properties":{"description":"LOTE","styleUrl":"#line11","stroke-opacity":1,"stroke":"#000000","stroke-width":1,"name":"FONDO"}},
{"type":"Feature","geometry":{"type":"LineString","coordinates":[[-63.19229,-17.42551],[-63.1924,-17.42531]]},"properties":{"description":"LOTE","styleUrl":"#line11","stroke-opacity":1,"stroke":"#000000","stroke-width":1,"name":"FONDO"}},
{"type":"Feature","geometry":{"type":"LineString","coordinates":[[-63.19237,-17.42556],[-63.19249,-17.42536]]},"properties":{"description":"LOTE","styleUrl":"#line11","stroke-opacity":1,"stroke":"#000000","stroke-width":1,"name":"FONDO"}},
{"type":"Feature","geometry":{"type":"LineString","coordinates":[[-63.19246,-17.4256],[-63.19257,-17.4254]]},"properties":{"description":"LOTE","styleUrl":"#line11","stroke-opacity":1,"stroke":"#000000","stroke-width":1,"name":"FONDO"}},
{"type":"Feature","geometry":{"type":"LineString","coordinates":[[-63.19254,-17.42564],[-63.19265,-17.42544]]},"properties":{"description":"LOTE","styleUrl":"#line11","stroke-opacity":1,"stroke":"#000000","stroke-width":1,"name":"FONDO"}},
{"type":"Feature","geometry":{"type":"LineString","coordinates":[[-63.19262,-17.42569],[-63.19273,-17.42549]]},"properties":{"description":"LOTE","styleUrl":"#line11","stroke-opacity":1,"stroke":"#000000","stroke-width":1,"name":"FONDO"}},
{"type":"Feature","geometry":{"type":"LineString","coordinates":[[-63.1927,-17.42573],[-63.19282,-17.42553]]},"properties":{"description":"LOTE","styleUrl":"#line11","stroke-opacity":1,"stroke":"#000000","stroke-width":1,"name":"FONDO"}},
{"type":"Feature","geometry":{"type":"LineString","coordinates":[[-63.19279,-17.42577],[-63.1929,-17.42557]]},"properties":{"description":"LOTE","styleUrl":"#line11","stroke-opacity":1,"stroke":"#000000","stroke-width":1,"name":"FONDO"}},
{"type":"Feature","geometry":{"type":"LineString","coordinates":[[-63.19119,-17.42468],[-63.19107,-17.42488]]},"properties":{"description":"LOTE","styleUrl":"#line11","stroke-opacity":1,"stroke":"#000000","stroke-width":1,"name":"FONDO"}},
{"type":"Feature","geometry":{"type":"LineString","coordinates":[[-63.1911,-17.42464],[-63.19099,-17.42484]]},"properties":{"description":"LOTE","styleUrl":"#line11","stroke-opacity":1,"stroke":"#000000","stroke-width":1,"name":"FONDO"}},
{"type":"Feature","geometry":{"type":"LineString","coordinates":[[-63.19102,-17.42459],[-63.19091,-17.42479]]},"properties":{"description":"LOTE","styleUrl":"#line11","stroke-opacity":1,"stroke":"#000000","stroke-width":1,"name":"FONDO"}},
{"type":"Feature","geometry":{"type":"LineString","coordinates":[[-63.19094,-17.42455],[-63.19083,-17.42475]]},"properties":{"description":"LOTE","styleUrl":"#line11","stroke-opacity":1,"stroke":"#000000","stroke-width":1,"name":"FONDO"}},
{"type":"Feature","geometry":{"type":"LineString","coordinates":[[-63.19085,-17.42451],[-63.19074,-17.42471]]},"properties":{"description":"LOTE","styleUrl":"#line11","stroke-opacity":1,"stroke":"#000000","stroke-width":1,"name":"FONDO"}},
{"type":"Feature","geometry":{"type":"LineString","coordinates":[[-63.19077,-17.42446],[-63.19066,-17.42466]]},"properties":{"description":"LOTE","styleUrl":"#line11","stroke-opacity":1,"stroke":"#000000","stroke-width":1,"name":"FONDO"}},
{"type":"Feature","geometry":{"type":"LineString","coordinates":[[-63.19069,-17.42442],[-63.19058,-17.42462]]},"properties":{"description":"LOTE","styleUrl":"#line11","stroke-opacity":1,"stroke":"#000000","stroke-width":1,"name":"FONDO"}},
{"type":"Feature","geometry":{"type":"LineString","coordinates":[[-63.19061,-17.42438],[-63.19049,-17.42458]]},"properties":{"description":"LOTE","styleUrl":"#line11","stroke-opacity":1,"stroke":"#000000","stroke-width":1,"name":"FONDO"}},
{"type":"Feature","geometry":{"type":"LineString","coordinates":[[-63.19052,-17.42434],[-63.19041,-17.42453]]},"properties":{"description":"LOTE","styleUrl":"#line11","stroke-opacity":1,"stroke":"#000000","stroke-width":1,"name":"FONDO"}},
{"type":"Feature","geometry":{"type":"LineString","coordinates":[[-63.19044,-17.42429],[-63.19033,-17.42449]]},"properties":{"description":"LOTE","styleUrl":"#line11","stroke-opacity":1,"stroke":"#000000","stroke-width":1,"name":"FONDO"}},
{"type":"Feature","geometry":{"type":"LineString","coordinates":[[-63.19036,-17.42425],[-63.19025,-17.42445]]},"properties":{"description":"LOTE","styleUrl":"#line11","stroke-opacity":1,"stroke":"#000000","stroke-width":1,"name":"FONDO"}},
{"type":"Feature","geometry":{"type":"LineString","coordinates":[[-63.19028,-17.42421],[-63.19016,-17.4244]]},"properties":{"description":"LOTE","styleUrl":"#line11","stroke-opacity":1,"stroke":"#000000","stroke-width":1,"name":"FONDO"}},
{"type":"Feature","geometry":{"type":"LineString","coordinates":[[-63.19019,-17.42416],[-63.19008,-17.42436]]},"properties":{"description":"LOTE","styleUrl":"#line11","stroke-opacity":1,"stroke":"#000000","stroke-width":1,"name":"FONDO"}},
{"type":"Feature","geometry":{"type":"LineString","coordinates":[[-63.19011,-17.42412],[-63.19,-17.42432]]},"properties":{"description":"LOTE","styleUrl":"#line11","stroke-opacity":1,"stroke":"#000000","stroke-width":1,"name":"FONDO"}},
{"type":"Feature","geometry":{"type":"LineString","coordinates":[[-63.19003,-17.42408],[-63.18992,-17.42427]]},"properties":{"description":"LOTE","styleUrl":"#line11","stroke-opacity":1,"stroke":"#000000","stroke-width":1,"name":"FONDO"}},
{"type":"Feature","geometry":{"type":"LineString","coordinates":[[-63.18382,-17.42036],[-63.18084,-17.42456]]},"properties":{"description":"0","styleUrl":"#line12","stroke-opacity":1,"stroke":"#9F7FFF","stroke-width":1,"name":"FONDO"}}
]}