{"type":"FeatureCollection", "features": [
{"type":"Feature","geometry":{"type":"Point","coordinates":[-63.23841,-17.3927,0]},"properties":{"name":"45L"}},
{"type":"Feature","geometry":{"type":"Point","coordinates":[-63.23835,-17.39277,0]},"properties":{"name":"45K"}},
{"type":"Feature","geometry":{"type":"Point","coordinates":[-63.23811,-17.39245,0]},"properties":{"name":"35C"}},
{"type":"Feature","geometry":{"type":"Point","coordinates":[-63.23805,-17.39251,0]},"properties":{"name":"35B"}},
{"type":"Feature","geometry":{"type":"Point","coordinates":[-63.2378,-17.39418,0]},"properties":{"name":"R7"}},
{"type":"Feature","geometry":{"type":"Point","coordinates":[-63.23808,-17.39446,0]},"properties":{"name":"R7"}},
{"type":"Feature","geometry":{"type":"Point","coordinates":[-63.23729,-17.39374,0]},"properties":{"name":"R7"}},
{"type":"Feature","geometry":{"type":"Point","coordinates":[-63.2376,-17.39404,0]},"properties":{"name":"R7"}},
{"type":"Feature","geometry":{"type":"Point","coordinates":[-63.23768,-17.39385,0]},"properties":{"name":"23"}},
{"type":"Feature","geometry":{"type":"Point","coordinates":[-63.23845,-17.39305,0]},"properties":{"name":"33"}},
{"type":"Feature","geometry":{"type":"Point","coordinates":[-63.23893,-17.39348,0]},"properties":{"name":"33"}},
{"type":"Feature","geometry":{"type":"Point","coordinates":[-63.23887,-17.39358,0]},"properties":{"name":"32"}},
{"type":"Feature","geometry":{"type":"Point","coordinates":[-63.23878,-17.39363,0]},"properties":{"name":"31"}},
{"type":"Feature","geometry":{"type":"Point","coordinates":[-63.2387,-17.39372,0]},"properties":{"name":"30"}},
{"type":"Feature","geometry":{"type":"Point","coordinates":[-63.23862,-17.3938,0]},"properties":{"name":"29"}},
{"type":"Feature","geometry":{"type":"Point","coordinates":[-63.23855,-17.39388,0]},"properties":{"name":"28"}},
{"type":"Feature","geometry":{"type":"Point","coordinates":[-63.23847,-17.39396,0]},"properties":{"name":"27"}},
{"type":"Feature","geometry":{"type":"Point","coordinates":[-63.23839,-17.39403,0]},"properties":{"name":"26"}},
{"type":"Feature","geometry":{"type":"Point","coordinates":[-63.23831,-17.39411,0]},"properties":{"name":"25"}},
{"type":"Feature","geometry":{"type":"Point","coordinates":[-63.23824,-17.3942,0]},"properties":{"name":"24"}},
{"type":"Feature","geometry":{"type":"Point","coordinates":[-63.23807,-17.39436,0]},"properties":{"name":"22"}},
{"type":"Feature","geometry":{"type":"Point","coordinates":[-63.23816,-17.39427,0]},"properties":{"name":"23"}},
{"type":"Feature","geometry":{"type":"Point","coordinates":[-63.23841,-17.39318,0]},"properties":{"name":"32"}},
{"type":"Feature","geometry":{"type":"Point","coordinates":[-63.23829,-17.39321,0]},"properties":{"name":"31"}},
{"type":"Feature","geometry":{"type":"Point","coordinates":[-63.23822,-17.39329,0]},"properties":{"name":"30"}},
{"type":"Feature","geometry":{"type":"Point","coordinates":[-63.23814,-17.39337,0]},"properties":{"name":"29"}},
{"type":"Feature","geometry":{"type":"Point","coordinates":[-63.23807,-17.39345,0]},"properties":{"name":"28"}},
{"type":"Feature","geometry":{"type":"Point","coordinates":[-63.23799,-17.39353,0]},"properties":{"name":"27"}},
{"type":"Feature","geometry":{"type":"Point","coordinates":[-63.23791,-17.39361,0]},"properties":{"name":"26"}},
{"type":"Feature","geometry":{"type":"Point","coordinates":[-63.23783,-17.39369,0]},"properties":{"name":"25"}},
{"type":"Feature","geometry":{"type":"Point","coordinates":[-63.23776,-17.39377,0]},"properties":{"name":"24"}},
{"type":"Feature","geometry":{"type":"Point","coordinates":[-63.23759,-17.39394,0]},"properties":{"name":"22"}},
{"type":"Feature","geometry":{"type":"Point","coordinates":[-63.23788,-17.39419,0]},"properties":{"name":"21"}},
{"type":"Feature","geometry":{"type":"Point","coordinates":[-63.23835,-17.39371,0]},"properties":{"name":"15"}},
{"type":"Feature","geometry":{"type":"Point","coordinates":[-63.23828,-17.39379,0]},"properties":{"name":"16"}},
{"type":"Feature","geometry":{"type":"Point","coordinates":[-63.23821,-17.39387,0]},"properties":{"name":"17"}},
{"type":"Feature","geometry":{"type":"Point","coordinates":[-63.23805,-17.39403,0]},"properties":{"name":"19"}},
{"type":"Feature","geometry":{"type":"Point","coordinates":[-63.23813,-17.39395,0]},"properties":{"name":"18"}},
{"type":"Feature","geometry":{"type":"Point","coordinates":[-63.23797,-17.39411,0]},"properties":{"name":"20"}},
{"type":"Feature","geometry":{"type":"Point","coordinates":[-63.23851,-17.39355,0]},"properties":{"name":"13"}},
{"type":"Feature","geometry":{"type":"Point","coordinates":[-63.23843,-17.39363,0]},"properties":{"name":"14"}},
{"type":"Feature","geometry":{"type":"Point","coordinates":[-63.23858,-17.39347,0]},"properties":{"name":"12"}},
{"type":"Feature","geometry":{"type":"Point","coordinates":[-63.23874,-17.39331,0]},"properties":{"name":"10"}},
{"type":"Feature","geometry":{"type":"Point","coordinates":[-63.23866,-17.39339,0]},"properties":{"name":"11"}},
{"type":"Feature","geometry":{"type":"Point","coordinates":[-63.23738,-17.39376,0]},"properties":{"name":"21"}},
{"type":"Feature","geometry":{"type":"Point","coordinates":[-63.23815,-17.39297,0]},"properties":{"name":"45H"}},
{"type":"Feature","geometry":{"type":"Point","coordinates":[-63.23821,-17.3929,0]},"properties":{"name":"45I"}},
{"type":"Feature","geometry":{"type":"Point","coordinates":[-63.23828,-17.39284,0]},"properties":{"name":"45J"}},
{"type":"Feature","geometry":{"type":"Point","coordinates":[-63.23755,-17.39359,0]},"properties":{"name":"19"}},
{"type":"Feature","geometry":{"type":"Point","coordinates":[-63.23763,-17.39351,0]},"properties":{"name":"18"}},
{"type":"Feature","geometry":{"type":"Point","coordinates":[-63.23747,-17.39367,0]},"properties":{"name":"20"}},
{"type":"Feature","geometry":{"type":"Point","coordinates":[-63.23802,-17.3931,0]},"properties":{"name":"45F"}},
{"type":"Feature","geometry":{"type":"Point","coordinates":[-63.23809,-17.39304,0]},"properties":{"name":"45G"}},
{"type":"Feature","geometry":{"type":"Point","coordinates":[-63.23796,-17.39317,0]},"properties":{"name":"45E"}},
{"type":"Feature","geometry":{"type":"Point","coordinates":[-63.23783,-17.3933,0]},"properties":{"name":"45C"}},
{"type":"Feature","geometry":{"type":"Point","coordinates":[-63.2379,-17.39323,0]},"properties":{"name":"45D"}},
{"type":"Feature","geometry":{"type":"Point","coordinates":[-63.2393,-17.39308,0]},"properties":{"name":"38"}},
{"type":"Feature","geometry":{"type":"Point","coordinates":[-63.23923,-17.39316,0]},"properties":{"name":"37"}},
{"type":"Feature","geometry":{"type":"Point","coordinates":[-63.23916,-17.39324,0]},"properties":{"name":"36"}},
{"type":"Feature","geometry":{"type":"Point","coordinates":[-63.23908,-17.39332,0]},"properties":{"name":"35"}},
{"type":"Feature","geometry":{"type":"Point","coordinates":[-63.239,-17.3934,0]},"properties":{"name":"34"}},
{"type":"Feature","geometry":{"type":"Point","coordinates":[-63.23881,-17.39323,0]},"properties":{"name":"9"}},
{"type":"Feature","geometry":{"type":"Point","coordinates":[-63.23888,-17.39314,0]},"properties":{"name":"8"}},
{"type":"Feature","geometry":{"type":"Point","coordinates":[-63.23896,-17.39307,0]},"properties":{"name":"7"}},
{"type":"Feature","geometry":{"type":"Point","coordinates":[-63.23904,-17.39299,0]},"properties":{"name":"6"}},
{"type":"Feature","geometry":{"type":"Point","coordinates":[-63.2391,-17.39292,0]},"properties":{"name":"5"}},
{"type":"Feature","geometry":{"type":"Point","coordinates":[-63.23883,-17.39267,0]},"properties":{"name":"38"}},
{"type":"Feature","geometry":{"type":"Point","coordinates":[-63.23875,-17.39274,0]},"properties":{"name":"37"}},
{"type":"Feature","geometry":{"type":"Point","coordinates":[-63.23868,-17.39282,0]},"properties":{"name":"36"}},
{"type":"Feature","geometry":{"type":"Point","coordinates":[-63.23861,-17.3929,0]},"properties":{"name":"35"}},
{"type":"Feature","geometry":{"type":"Point","coordinates":[-63.23853,-17.39298,0]},"properties":{"name":"34"}},
{"type":"Feature","geometry":{"type":"Point","coordinates":[-63.23777,-17.39337,0]},"properties":{"name":"45B"}},
{"type":"Feature","geometry":{"type":"Point","coordinates":[-63.2377,-17.39343,0]},"properties":{"name":"45A"}},
{"type":"Feature","geometry":{"type":"Point","coordinates":[-63.23846,-17.39264,0]},"properties":{"name":"7"}},
{"type":"Feature","geometry":{"type":"Point","coordinates":[-63.23854,-17.39256,0]},"properties":{"name":"6"}},
{"type":"Feature","geometry":{"type":"Point","coordinates":[-63.23861,-17.39248,0]},"properties":{"name":"5"}},
{"type":"Feature","geometry":{"type":"Point","coordinates":[-63.23932,-17.39278,0]},"properties":{"name":"3"}},
{"type":"Feature","geometry":{"type":"Point","coordinates":[-63.23923,-17.39271,0]},"properties":{"name":"4"}},
{"type":"Feature","geometry":{"type":"Point","coordinates":[-63.23949,-17.39293,0]},"properties":{"name":"1"}},
{"type":"Feature","geometry":{"type":"Point","coordinates":[-63.2394,-17.39285,0]},"properties":{"name":"2"}},
{"type":"Feature","geometry":{"type":"Point","coordinates":[-63.23883,-17.39236,0]},"properties":{"name":"3"}},
{"type":"Feature","geometry":{"type":"Point","coordinates":[-63.23873,-17.39228,0]},"properties":{"name":"4"}},
{"type":"Feature","geometry":{"type":"Point","coordinates":[-63.23901,-17.39252,0]},"properties":{"name":"1"}},
{"type":"Feature","geometry":{"type":"Point","coordinates":[-63.23891,-17.39243,0]},"properties":{"name":"2"}},
{"type":"Feature","geometry":{"type":"Point","coordinates":[-63.23832,-17.39222,0]},"properties":{"name":"38"}},
{"type":"Feature","geometry":{"type":"Point","coordinates":[-63.23824,-17.39229,0]},"properties":{"name":"37"}},
{"type":"Feature","geometry":{"type":"Point","coordinates":[-63.23817,-17.39237,0]},"properties":{"name":"36"}},
{"type":"Feature","geometry":{"type":"Point","coordinates":[-63.23798,-17.39258,0]},"properties":{"name":"35A"}},
{"type":"Feature","geometry":{"type":"Point","coordinates":[-63.23792,-17.39264,0]},"properties":{"name":"34A"}},
{"type":"Feature","geometry":{"type":"Point","coordinates":[-63.23785,-17.39271,0]},"properties":{"name":"33A"}},
{"type":"Feature","geometry":{"type":"Point","coordinates":[-63.23783,-17.39283,0]},"properties":{"name":"32A"}},
{"type":"Feature","geometry":{"type":"Point","coordinates":[-63.23772,-17.39284,0]},"properties":{"name":"31A"}},
{"type":"Feature","geometry":{"type":"Point","coordinates":[-63.23766,-17.39291,0]},"properties":{"name":"30A"}},
{"type":"Feature","geometry":{"type":"Point","coordinates":[-63.2376,-17.39297,0]},"properties":{"name":"29A"}},
{"type":"Feature","geometry":{"type":"Point","coordinates":[-63.23678,-17.39329,0]},"properties":{"name":"R7"}},
{"type":"Feature","geometry":{"type":"Point","coordinates":[-63.23709,-17.39359,0]},"properties":{"name":"R7"}},
{"type":"Feature","geometry":{"type":"Point","coordinates":[-63.23753,-17.39304,0]},"properties":{"name":"28A"}},
{"type":"Feature","geometry":{"type":"Point","coordinates":[-63.23747,-17.3931,0]},"properties":{"name":"27A"}},
{"type":"Feature","geometry":{"type":"Point","coordinates":[-63.2374,-17.39317,0]},"properties":{"name":"26A"}},
{"type":"Feature","geometry":{"type":"Point","coordinates":[-63.23732,-17.39325,0]},"properties":{"name":"25"}},
{"type":"Feature","geometry":{"type":"Point","coordinates":[-63.23725,-17.39333,0]},"properties":{"name":"24"}},
{"type":"Feature","geometry":{"type":"Point","coordinates":[-63.23708,-17.39349,0]},"properties":{"name":"22"}},
{"type":"Feature","geometry":{"type":"Point","coordinates":[-63.23717,-17.3934,0]},"properties":{"name":"23"}},
{"type":"Feature","geometry":{"type":"Point","coordinates":[-63.23687,-17.39331,0]},"properties":{"name":"21"}},
{"type":"Feature","geometry":{"type":"Point","coordinates":[-63.23734,-17.39282,0]},"properties":{"name":"15"}},
{"type":"Feature","geometry":{"type":"Point","coordinates":[-63.23727,-17.3929,0]},"properties":{"name":"16"}},
{"type":"Feature","geometry":{"type":"Point","coordinates":[-63.23719,-17.39298,0]},"properties":{"name":"17"}},
{"type":"Feature","geometry":{"type":"Point","coordinates":[-63.23704,-17.39314,0]},"properties":{"name":"19"}},
{"type":"Feature","geometry":{"type":"Point","coordinates":[-63.23712,-17.39306,0]},"properties":{"name":"18"}},
{"type":"Feature","geometry":{"type":"Point","coordinates":[-63.23696,-17.39322,0]},"properties":{"name":"20"}},
{"type":"Feature","geometry":{"type":"Point","coordinates":[-63.2375,-17.39266,0]},"properties":{"name":"13"}},
{"type":"Feature","geometry":{"type":"Point","coordinates":[-63.23742,-17.39275,0]},"properties":{"name":"14"}},
{"type":"Feature","geometry":{"type":"Point","coordinates":[-63.23757,-17.39258,0]},"properties":{"name":"12"}},
{"type":"Feature","geometry":{"type":"Point","coordinates":[-63.23773,-17.39242,0]},"properties":{"name":"10"}},
{"type":"Feature","geometry":{"type":"Point","coordinates":[-63.23765,-17.3925,0]},"properties":{"name":"11"}},
{"type":"Feature","geometry":{"type":"Point","coordinates":[-63.2378,-17.39235,0]},"properties":{"name":"9"}},
{"type":"Feature","geometry":{"type":"Point","coordinates":[-63.23788,-17.39226,0]},"properties":{"name":"8"}},
{"type":"Feature","geometry":{"type":"Point","coordinates":[-63.23795,-17.39219,0]},"properties":{"name":"7"}},
{"type":"Feature","geometry":{"type":"Point","coordinates":[-63.23803,-17.39211,0]},"properties":{"name":"6"}},
{"type":"Feature","geometry":{"type":"Point","coordinates":[-63.2381,-17.39204,0]},"properties":{"name":"5"}},
{"type":"Feature","geometry":{"type":"Point","coordinates":[-63.23832,-17.39191,0]},"properties":{"name":"3"}},
{"type":"Feature","geometry":{"type":"Point","coordinates":[-63.23823,-17.39183,0]},"properties":{"name":"4"}},
{"type":"Feature","geometry":{"type":"Point","coordinates":[-63.2385,-17.39207,0]},"properties":{"name":"1"}},
{"type":"Feature","geometry":{"type":"Point","coordinates":[-63.23841,-17.39199,0]},"properties":{"name":"2"}},
{"type":"Feature","geometry":{"type":"Point","coordinates":[-63.23986,-17.39256,0]},"properties":{"name":"32"}},
{"type":"Feature","geometry":{"type":"Point","coordinates":[-63.23976,-17.39246,0]},"properties":{"name":"31"}},
{"type":"Feature","geometry":{"type":"Point","coordinates":[-63.23968,-17.39239,0]},"properties":{"name":"30"}},
{"type":"Feature","geometry":{"type":"Point","coordinates":[-63.23959,-17.39232,0]},"properties":{"name":"29"}},
{"type":"Feature","geometry":{"type":"Point","coordinates":[-63.23951,-17.39225,0]},"properties":{"name":"28"}},
{"type":"Feature","geometry":{"type":"Point","coordinates":[-63.23943,-17.39218,0]},"properties":{"name":"27"}},
{"type":"Feature","geometry":{"type":"Point","coordinates":[-63.23933,-17.39211,0]},"properties":{"name":"26"}},
{"type":"Feature","geometry":{"type":"Point","coordinates":[-63.23926,-17.39203,0]},"properties":{"name":"25"}},
{"type":"Feature","geometry":{"type":"Point","coordinates":[-63.23918,-17.39196,0]},"properties":{"name":"24"}},
{"type":"Feature","geometry":{"type":"Point","coordinates":[-63.23876,-17.39159,0]},"properties":{"name":"19"}},
{"type":"Feature","geometry":{"type":"Point","coordinates":[-63.23901,-17.39182,0]},"properties":{"name":"22"}},
{"type":"Feature","geometry":{"type":"Point","coordinates":[-63.23909,-17.39189,0]},"properties":{"name":"23"}},
{"type":"Feature","geometry":{"type":"Point","coordinates":[-63.23892,-17.39174,0]},"properties":{"name":"21"}},
{"type":"Feature","geometry":{"type":"Point","coordinates":[-63.23884,-17.39167,0]},"properties":{"name":"20"}},
{"type":"Feature","geometry":{"type":"Point","coordinates":[-63.23859,-17.39145,0]},"properties":{"name":"17"}},
{"type":"Feature","geometry":{"type":"Point","coordinates":[-63.23868,-17.39152,0]},"properties":{"name":"18"}},
{"type":"Feature","geometry":{"type":"Point","coordinates":[-63.23882,-17.39121,0]},"properties":{"name":"16"}},
{"type":"Feature","geometry":{"type":"Point","coordinates":[-63.23957,-17.39186,0]},"properties":{"name":"7"}},
{"type":"Feature","geometry":{"type":"Point","coordinates":[-63.23965,-17.39194,0]},"properties":{"name":"6"}},
{"type":"Feature","geometry":{"type":"Point","coordinates":[-63.23949,-17.39179,0]},"properties":{"name":"8"}},
{"type":"Feature","geometry":{"type":"Point","coordinates":[-63.23941,-17.39172,0]},"properties":{"name":"9"}},
{"type":"Feature","geometry":{"type":"Point","coordinates":[-63.23933,-17.39165,0]},"properties":{"name":"10"}},
{"type":"Feature","geometry":{"type":"Point","coordinates":[-63.23925,-17.39157,0]},"properties":{"name":"11"}},
{"type":"Feature","geometry":{"type":"Point","coordinates":[-63.23916,-17.3915,0]},"properties":{"name":"12"}},
{"type":"Feature","geometry":{"type":"Point","coordinates":[-63.23908,-17.39143,0]},"properties":{"name":"13"}},
{"type":"Feature","geometry":{"type":"Point","coordinates":[-63.239,-17.39136,0]},"properties":{"name":"14"}},
{"type":"Feature","geometry":{"type":"Point","coordinates":[-63.23891,-17.39128,0]},"properties":{"name":"15"}},
{"type":"Feature","geometry":{"type":"Point","coordinates":[-63.23991,-17.39216,0]},"properties":{"name":"3"}},
{"type":"Feature","geometry":{"type":"Point","coordinates":[-63.23982,-17.39208,0]},"properties":{"name":"4"}},
{"type":"Feature","geometry":{"type":"Point","coordinates":[-63.23974,-17.39201,0]},"properties":{"name":"5"}},
{"type":"Feature","geometry":{"type":"Point","coordinates":[-63.24009,-17.39231,0]},"properties":{"name":"1"}},
{"type":"Feature","geometry":{"type":"Point","coordinates":[-63.23999,-17.39223,0]},"properties":{"name":"2"}},
{"type":"Feature","geometry":{"type":"Point","coordinates":[-63.23877,-17.39217,0]},"properties":{"name":"R9"}},
{"type":"Feature","geometry":{"type":"Point","coordinates":[-63.23865,-17.39203,0]},"properties":{"name":"R9"}},
{"type":"Feature","geometry":{"type":"Point","coordinates":[-63.23915,-17.39247,0]},"properties":{"name":"R9"}},
{"type":"Feature","geometry":{"type":"Point","coordinates":[-63.23928,-17.39261,0]},"properties":{"name":"R9"}},
{"type":"Feature","geometry":{"type":"Point","coordinates":[-63.23962,-17.39287,0]},"properties":{"name":"R9"}},
{"type":"Feature","geometry":{"type":"Point","coordinates":[-63.24019,-17.39227,0]},"properties":{"name":"R9"}},
{"type":"Feature","geometry":{"type":"Point","coordinates":[-63.23979,-17.39267,0]},"properties":{"name":"R9"}},
{"type":"Feature","geometry":{"type":"Point","coordinates":[-63.2378,-17.39186,0]},"properties":{"name":"40"}},
{"type":"Feature","geometry":{"type":"Point","coordinates":[-63.2377,-17.39178,0]},"properties":{"name":"39"}},
{"type":"Feature","geometry":{"type":"Point","coordinates":[-63.23839,-17.39127,0]},"properties":{"name":"40"}},
{"type":"Feature","geometry":{"type":"Point","coordinates":[-63.23829,-17.39118,0]},"properties":{"name":"39"}},
{"type":"Feature","geometry":{"type":"Point","coordinates":[-63.23105,-17.38685,0]},"properties":{"name":"38"}},
{"type":"Feature","geometry":{"type":"Point","coordinates":[-63.23095,-17.38677,0]},"properties":{"name":"37"}},
{"type":"Feature","geometry":{"type":"Point","coordinates":[-63.23086,-17.3867,0]},"properties":{"name":"36"}},
{"type":"Feature","geometry":{"type":"Point","coordinates":[-63.23077,-17.38662,0]},"properties":{"name":"35"}},
{"type":"Feature","geometry":{"type":"Point","coordinates":[-63.2297,-17.38532,0]},"properties":{"name":"19"}},
{"type":"Feature","geometry":{"type":"Point","coordinates":[-63.22979,-17.3854,0]},"properties":{"name":"18"}},
{"type":"Feature","geometry":{"type":"Point","coordinates":[-63.23162,-17.3862,0]},"properties":{"name":"38"}},
{"type":"Feature","geometry":{"type":"Point","coordinates":[-63.23153,-17.38629,0]},"properties":{"name":"37"}},
{"type":"Feature","geometry":{"type":"Point","coordinates":[-63.23144,-17.38639,0]},"properties":{"name":"36"}},
{"type":"Feature","geometry":{"type":"Point","coordinates":[-63.23131,-17.38621,0]},"properties":{"name":"35"}},
{"type":"Feature","geometry":{"type":"Point","coordinates":[-63.22932,-17.38534,0]},"properties":{"name":"36"}},
{"type":"Feature","geometry":{"type":"Point","coordinates":[-63.22922,-17.38526,0]},"properties":{"name":"35"}},
{"type":"Feature","geometry":{"type":"Point","coordinates":[-63.22914,-17.38519,0]},"properties":{"name":"34"}},
{"type":"Feature","geometry":{"type":"Point","coordinates":[-63.22905,-17.38512,0]},"properties":{"name":"33"}},
{"type":"Feature","geometry":{"type":"Point","coordinates":[-63.22897,-17.38504,0]},"properties":{"name":"32"}},
{"type":"Feature","geometry":{"type":"Point","coordinates":[-63.22889,-17.38497,0]},"properties":{"name":"31"}},
{"type":"Feature","geometry":{"type":"Point","coordinates":[-63.2288,-17.38489,0]},"properties":{"name":"30"}},
{"type":"Feature","geometry":{"type":"Point","coordinates":[-63.22872,-17.38482,0]},"properties":{"name":"29"}},
{"type":"Feature","geometry":{"type":"Point","coordinates":[-63.22978,-17.38486,0]},"properties":{"name":"35"}},
{"type":"Feature","geometry":{"type":"Point","coordinates":[-63.22968,-17.38479,0]},"properties":{"name":"34"}},
{"type":"Feature","geometry":{"type":"Point","coordinates":[-63.2296,-17.38471,0]},"properties":{"name":"33"}},
{"type":"Feature","geometry":{"type":"Point","coordinates":[-63.22952,-17.38464,0]},"properties":{"name":"32"}},
{"type":"Feature","geometry":{"type":"Point","coordinates":[-63.22944,-17.38456,0]},"properties":{"name":"31"}},
{"type":"Feature","geometry":{"type":"Point","coordinates":[-63.22935,-17.38449,0]},"properties":{"name":"30"}},
{"type":"Feature","geometry":{"type":"Point","coordinates":[-63.22926,-17.38442,0]},"properties":{"name":"29"}},
{"type":"Feature","geometry":{"type":"Point","coordinates":[-63.22918,-17.38434,0]},"properties":{"name":"28"}},
{"type":"Feature","geometry":{"type":"Point","coordinates":[-63.22856,-17.38388,0]},"properties":{"name":"21"}},
{"type":"Feature","geometry":{"type":"Point","coordinates":[-63.22837,-17.38372,0]},"properties":{"name":"20"}},
{"type":"Feature","geometry":{"type":"Point","coordinates":[-63.22847,-17.38362,0]},"properties":{"name":"19"}},
{"type":"Feature","geometry":{"type":"Point","coordinates":[-63.22855,-17.38355,0]},"properties":{"name":"18"}},
{"type":"Feature","geometry":{"type":"Point","coordinates":[-63.22871,-17.38339,0]},"properties":{"name":"16"}},
{"type":"Feature","geometry":{"type":"Point","coordinates":[-63.22862,-17.38347,0]},"properties":{"name":"17"}},
{"type":"Feature","geometry":{"type":"Point","coordinates":[-63.23036,-17.38427,0]},"properties":{"name":"35"}},
{"type":"Feature","geometry":{"type":"Point","coordinates":[-63.23027,-17.38419,0]},"properties":{"name":"34"}},
{"type":"Feature","geometry":{"type":"Point","coordinates":[-63.23018,-17.38412,0]},"properties":{"name":"33"}},
{"type":"Feature","geometry":{"type":"Point","coordinates":[-63.2301,-17.38404,0]},"properties":{"name":"32"}},
{"type":"Feature","geometry":{"type":"Point","coordinates":[-63.23002,-17.38397,0]},"properties":{"name":"31"}},
{"type":"Feature","geometry":{"type":"Point","coordinates":[-63.22993,-17.3839,0]},"properties":{"name":"30"}},
{"type":"Feature","geometry":{"type":"Point","coordinates":[-63.22984,-17.38382,0]},"properties":{"name":"29"}},
{"type":"Feature","geometry":{"type":"Point","coordinates":[-63.23885,-17.39354,0]},"properties":{"name":"M-23"}},
{"type":"Feature","geometry":{"type":"Point","coordinates":[-63.23839,-17.39313,0]},"properties":{"name":"M-22"}},
{"type":"Feature","geometry":{"type":"Point","coordinates":[-63.2385,-17.3915,0]},"properties":{"name":"R9"}},
{"type":"Feature","geometry":{"type":"Point","coordinates":[-63.23827,-17.39173,0]},"properties":{"name":"R9"}},
{"type":"Feature","geometry":{"type":"Point","coordinates":[-63.2349,-17.38879,0]},"properties":{"name":"R9"}},
{"type":"Feature","geometry":{"type":"Point","coordinates":[-63.22921,-17.38277,0]},"properties":{"name":"R15"}},
{"type":"Feature","geometry":{"type":"Point","coordinates":[-63.22691,-17.38075,0]},"properties":{"name":"R15"}},
{"type":"Feature","geometry":{"type":"Point","coordinates":[-63.22866,-17.38255,0]},"properties":{"name":"M-1"}},
{"type":"Feature","geometry":{"type":"Point","coordinates":[-63.22879,-17.38247,0]},"properties":{"name":"AREA VERDE"}},
{"type":"Feature","geometry":{"type":"Point","coordinates":[-63.22793,-17.38333,0]},"properties":{"name":"M-2"}},
{"type":"Feature","geometry":{"type":"Point","coordinates":[-63.22808,-17.38325,0]},"properties":{"name":"AREA VERDE"}},
{"type":"Feature","geometry":{"type":"Point","coordinates":[-63.23076,-17.38559,0]},"properties":{"name":"M-7"}},
{"type":"Feature","geometry":{"type":"Point","coordinates":[-63.23778,-17.39277,0]},"properties":{"name":"M-21"}},
{"type":"Feature","geometry":{"type":"Point","coordinates":[-63.23932,-17.3919,0]},"properties":{"name":"M-20"}},
{"type":"Feature","geometry":{"type":"Point","coordinates":[-63.23716,-17.391,0]},"properties":{"name":"M-18"}},
{"type":"Feature","geometry":{"type":"Point","coordinates":[-63.23669,-17.39164,0]},"properties":{"name":"M-19"}},
{"type":"Feature","geometry":{"type":"Point","coordinates":[-63.23497,-17.39014,0]},"properties":{"name":"M-16"}},
{"type":"Feature","geometry":{"type":"Point","coordinates":[-63.23341,-17.38878,0]},"properties":{"name":"M-13"}},
{"type":"Feature","geometry":{"type":"Point","coordinates":[-63.23029,-17.38606,0]},"properties":{"name":"M-8"}},
{"type":"Feature","geometry":{"type":"Point","coordinates":[-63.22873,-17.3847,0]},"properties":{"name":"M-5"}},
{"type":"Feature","geometry":{"type":"Point","coordinates":[-63.2292,-17.38424,0]},"properties":{"name":"M-4"}},
{"type":"Feature","geometry":{"type":"Point","coordinates":[-63.23397,-17.38821,0]},"properties":{"name":"M-12"}},
{"type":"Feature","geometry":{"type":"Point","coordinates":[-63.23553,-17.38957,0]},"properties":{"name":"M-15"}},
{"type":"Feature","geometry":{"type":"Point","coordinates":[-63.2376,-17.3904,0]},"properties":{"name":"M-17"}},
{"type":"Feature","geometry":{"type":"Point","coordinates":[-63.23605,-17.38905,0]},"properties":{"name":"M-14"}},
{"type":"Feature","geometry":{"type":"Point","coordinates":[-63.23449,-17.38768,0]},"properties":{"name":"M-11"}},
{"type":"Feature","geometry":{"type":"Point","coordinates":[-63.23292,-17.38632,0]},"properties":{"name":"M-9"}},
{"type":"Feature","geometry":{"type":"Point","coordinates":[-63.23137,-17.38497,0]},"properties":{"name":"M-6"}},
{"type":"Feature","geometry":{"type":"Point","coordinates":[-63.22982,-17.38361,0]},"properties":{"name":"M-3"}},
{"type":"Feature","geometry":{"type":"Point","coordinates":[-63.23884,-17.39113,0]},"properties":{"name":"R9"}},
{"type":"Feature","geometry":{"type":"Point","coordinates":[-63.23734,-17.39235,0]},"properties":{"name":"40"}},
{"type":"Feature","geometry":{"type":"Point","coordinates":[-63.23707,-17.39212,0]},"properties":{"name":"37"}},
{"type":"Feature","geometry":{"type":"Point","coordinates":[-63.23715,-17.39218,0]},"properties":{"name":"38"}},
{"type":"Feature","geometry":{"type":"Point","coordinates":[-63.23724,-17.39226,0]},"properties":{"name":"39"}},
{"type":"Feature","geometry":{"type":"Point","coordinates":[-63.23699,-17.39204,0]},"properties":{"name":"36"}},
{"type":"Feature","geometry":{"type":"Point","coordinates":[-63.2369,-17.39197,0]},"properties":{"name":"35"}},
{"type":"Feature","geometry":{"type":"Point","coordinates":[-63.23761,-17.3917,0]},"properties":{"name":"38"}},
{"type":"Feature","geometry":{"type":"Point","coordinates":[-63.23753,-17.39163,0]},"properties":{"name":"37"}},
{"type":"Feature","geometry":{"type":"Point","coordinates":[-63.23745,-17.39156,0]},"properties":{"name":"36"}},
{"type":"Feature","geometry":{"type":"Point","coordinates":[-63.23737,-17.39148,0]},"properties":{"name":"35"}},
{"type":"Feature","geometry":{"type":"Point","coordinates":[-63.23821,-17.39111,0]},"properties":{"name":"38"}},
{"type":"Feature","geometry":{"type":"Point","coordinates":[-63.23812,-17.39103,0]},"properties":{"name":"37"}},
{"type":"Feature","geometry":{"type":"Point","coordinates":[-63.23804,-17.39096,0]},"properties":{"name":"36"}},
{"type":"Feature","geometry":{"type":"Point","coordinates":[-63.23796,-17.39088,0]},"properties":{"name":"35"}},
{"type":"Feature","geometry":{"type":"Point","coordinates":[-63.23734,-17.39198,0]},"properties":{"name":"3"}},
{"type":"Feature","geometry":{"type":"Point","coordinates":[-63.23726,-17.3919,0]},"properties":{"name":"4"}},
{"type":"Feature","geometry":{"type":"Point","coordinates":[-63.23717,-17.39183,0]},"properties":{"name":"5"}},
{"type":"Feature","geometry":{"type":"Point","coordinates":[-63.237,-17.39169,0]},"properties":{"name":"7"}},
{"type":"Feature","geometry":{"type":"Point","coordinates":[-63.23683,-17.39191,0]},"properties":{"name":"34"}},
{"type":"Feature","geometry":{"type":"Point","coordinates":[-63.23708,-17.39176,0]},"properties":{"name":"6"}},
{"type":"Feature","geometry":{"type":"Point","coordinates":[-63.23692,-17.39161,0]},"properties":{"name":"8"}},
{"type":"Feature","geometry":{"type":"Point","coordinates":[-63.23674,-17.39182,0]},"properties":{"name":"33"}},
{"type":"Feature","geometry":{"type":"Point","coordinates":[-63.23684,-17.39154,0]},"properties":{"name":"9"}},
{"type":"Feature","geometry":{"type":"Point","coordinates":[-63.23665,-17.39174,0]},"properties":{"name":"32"}},
{"type":"Feature","geometry":{"type":"Point","coordinates":[-63.23676,-17.39147,0]},"properties":{"name":"10"}},
{"type":"Feature","geometry":{"type":"Point","coordinates":[-63.23656,-17.39169,0]},"properties":{"name":"31"}},
{"type":"Feature","geometry":{"type":"Point","coordinates":[-63.23668,-17.3914,0]},"properties":{"name":"11"}},
{"type":"Feature","geometry":{"type":"Point","coordinates":[-63.23649,-17.3916,0]},"properties":{"name":"30"}},
{"type":"Feature","geometry":{"type":"Point","coordinates":[-63.23659,-17.39132,0]},"properties":{"name":"12"}},
{"type":"Feature","geometry":{"type":"Point","coordinates":[-63.2364,-17.39153,0]},"properties":{"name":"29"}},
{"type":"Feature","geometry":{"type":"Point","coordinates":[-63.23651,-17.39125,0]},"properties":{"name":"13"}},
{"type":"Feature","geometry":{"type":"Point","coordinates":[-63.23632,-17.39145,0]},"properties":{"name":"28"}},
{"type":"Feature","geometry":{"type":"Point","coordinates":[-63.23642,-17.39118,0]},"properties":{"name":"14"}},
{"type":"Feature","geometry":{"type":"Point","coordinates":[-63.23624,-17.39138,0]},"properties":{"name":"27"}},
{"type":"Feature","geometry":{"type":"Point","coordinates":[-63.23634,-17.3911,0]},"properties":{"name":"15"}},
{"type":"Feature","geometry":{"type":"Point","coordinates":[-63.23615,-17.39131,0]},"properties":{"name":"26"}},
{"type":"Feature","geometry":{"type":"Point","coordinates":[-63.23626,-17.39103,0]},"properties":{"name":"16"}},
{"type":"Feature","geometry":{"type":"Point","coordinates":[-63.23607,-17.39124,0]},"properties":{"name":"25"}},
{"type":"Feature","geometry":{"type":"Point","coordinates":[-63.23617,-17.39096,0]},"properties":{"name":"17"}},
{"type":"Feature","geometry":{"type":"Point","coordinates":[-63.23599,-17.39116,0]},"properties":{"name":"24"}},
{"type":"Feature","geometry":{"type":"Point","coordinates":[-63.236,-17.39081,0]},"properties":{"name":"19"}},
{"type":"Feature","geometry":{"type":"Point","coordinates":[-63.23582,-17.39102,0]},"properties":{"name":"22"}},
{"type":"Feature","geometry":{"type":"Point","coordinates":[-63.23751,-17.39213,0]},"properties":{"name":"1"}},
{"type":"Feature","geometry":{"type":"Point","coordinates":[-63.23742,-17.39205,0]},"properties":{"name":"2"}},
{"type":"Feature","geometry":{"type":"Point","coordinates":[-63.23609,-17.39089,0]},"properties":{"name":"18"}},
{"type":"Feature","geometry":{"type":"Point","coordinates":[-63.2359,-17.39109,0]},"properties":{"name":"23"}},
{"type":"Feature","geometry":{"type":"Point","coordinates":[-63.23573,-17.39094,0]},"properties":{"name":"21"}},
{"type":"Feature","geometry":{"type":"Point","coordinates":[-63.23592,-17.39074,0]},"properties":{"name":"20"}},
{"type":"Feature","geometry":{"type":"Point","coordinates":[-63.23783,-17.39148,0]},"properties":{"name":"3"}},
{"type":"Feature","geometry":{"type":"Point","coordinates":[-63.23775,-17.39141,0]},"properties":{"name":"4"}},
{"type":"Feature","geometry":{"type":"Point","coordinates":[-63.23766,-17.39134,0]},"properties":{"name":"5"}},
{"type":"Feature","geometry":{"type":"Point","coordinates":[-63.2375,-17.39119,0]},"properties":{"name":"7"}},
{"type":"Feature","geometry":{"type":"Point","coordinates":[-63.23728,-17.39141,0]},"properties":{"name":"34"}},
{"type":"Feature","geometry":{"type":"Point","coordinates":[-63.23758,-17.39126,0]},"properties":{"name":"6"}},
{"type":"Feature","geometry":{"type":"Point","coordinates":[-63.23741,-17.39112,0]},"properties":{"name":"8"}},
{"type":"Feature","geometry":{"type":"Point","coordinates":[-63.23719,-17.39134,0]},"properties":{"name":"33"}},
{"type":"Feature","geometry":{"type":"Point","coordinates":[-63.23733,-17.39105,0]},"properties":{"name":"9"}},
{"type":"Feature","geometry":{"type":"Point","coordinates":[-63.23711,-17.39126,0]},"properties":{"name":"32"}},
{"type":"Feature","geometry":{"type":"Point","coordinates":[-63.23725,-17.39097,0]},"properties":{"name":"10"}},
{"type":"Feature","geometry":{"type":"Point","coordinates":[-63.23703,-17.39119,0]},"properties":{"name":"31"}},
{"type":"Feature","geometry":{"type":"Point","coordinates":[-63.23717,-17.3909,0]},"properties":{"name":"11"}},
{"type":"Feature","geometry":{"type":"Point","coordinates":[-63.23694,-17.39112,0]},"properties":{"name":"30"}},
{"type":"Feature","geometry":{"type":"Point","coordinates":[-63.23708,-17.39082,0]},"properties":{"name":"12"}},
{"type":"Feature","geometry":{"type":"Point","coordinates":[-63.23686,-17.39105,0]},"properties":{"name":"29"}},
{"type":"Feature","geometry":{"type":"Point","coordinates":[-63.237,-17.39075,0]},"properties":{"name":"13"}},
{"type":"Feature","geometry":{"type":"Point","coordinates":[-63.23678,-17.39098,0]},"properties":{"name":"28"}},
{"type":"Feature","geometry":{"type":"Point","coordinates":[-63.23692,-17.39068,0]},"properties":{"name":"14"}},
{"type":"Feature","geometry":{"type":"Point","coordinates":[-63.2367,-17.3909,0]},"properties":{"name":"27"}},
{"type":"Feature","geometry":{"type":"Point","coordinates":[-63.23684,-17.3906,0]},"properties":{"name":"15"}},
{"type":"Feature","geometry":{"type":"Point","coordinates":[-63.23661,-17.39083,0]},"properties":{"name":"26"}},
{"type":"Feature","geometry":{"type":"Point","coordinates":[-63.23675,-17.39053,0]},"properties":{"name":"16"}},
{"type":"Feature","geometry":{"type":"Point","coordinates":[-63.23653,-17.39076,0]},"properties":{"name":"25"}},
{"type":"Feature","geometry":{"type":"Point","coordinates":[-63.23667,-17.39046,0]},"properties":{"name":"17"}},
{"type":"Feature","geometry":{"type":"Point","coordinates":[-63.23645,-17.39069,0]},"properties":{"name":"24"}},
{"type":"Feature","geometry":{"type":"Point","coordinates":[-63.2365,-17.39032,0]},"properties":{"name":"19"}},
{"type":"Feature","geometry":{"type":"Point","coordinates":[-63.23628,-17.39054,0]},"properties":{"name":"22"}},
{"type":"Feature","geometry":{"type":"Point","coordinates":[-63.23801,-17.39164,0]},"properties":{"name":"1"}},
{"type":"Feature","geometry":{"type":"Point","coordinates":[-63.23791,-17.39155,0]},"properties":{"name":"2"}},
{"type":"Feature","geometry":{"type":"Point","coordinates":[-63.23659,-17.39038,0]},"properties":{"name":"18"}},
{"type":"Feature","geometry":{"type":"Point","coordinates":[-63.23636,-17.39061,0]},"properties":{"name":"23"}},
{"type":"Feature","geometry":{"type":"Point","coordinates":[-63.23619,-17.39046,0]},"properties":{"name":"21"}},
{"type":"Feature","geometry":{"type":"Point","coordinates":[-63.23642,-17.39024,0]},"properties":{"name":"20"}},
{"type":"Feature","geometry":{"type":"Point","coordinates":[-63.23843,-17.39087,0]},"properties":{"name":"3"}},
{"type":"Feature","geometry":{"type":"Point","coordinates":[-63.23834,-17.3908,0]},"properties":{"name":"4"}},
{"type":"Feature","geometry":{"type":"Point","coordinates":[-63.23826,-17.39073,0]},"properties":{"name":"5"}},
{"type":"Feature","geometry":{"type":"Point","coordinates":[-63.23809,-17.39058,0]},"properties":{"name":"7"}},
{"type":"Feature","geometry":{"type":"Point","coordinates":[-63.23787,-17.39082,0]},"properties":{"name":"34"}},
{"type":"Feature","geometry":{"type":"Point","coordinates":[-63.23817,-17.39065,0]},"properties":{"name":"6"}},
{"type":"Feature","geometry":{"type":"Point","coordinates":[-63.23801,-17.39051,0]},"properties":{"name":"8"}},
{"type":"Feature","geometry":{"type":"Point","coordinates":[-63.23779,-17.39074,0]},"properties":{"name":"33"}},
{"type":"Feature","geometry":{"type":"Point","coordinates":[-63.23793,-17.39044,0]},"properties":{"name":"9"}},
{"type":"Feature","geometry":{"type":"Point","coordinates":[-63.2377,-17.39067,0]},"properties":{"name":"32"}},
{"type":"Feature","geometry":{"type":"Point","coordinates":[-63.23785,-17.39036,0]},"properties":{"name":"10"}},
{"type":"Feature","geometry":{"type":"Point","coordinates":[-63.23763,-17.39059,0]},"properties":{"name":"31"}},
{"type":"Feature","geometry":{"type":"Point","coordinates":[-63.23777,-17.39029,0]},"properties":{"name":"11"}},
{"type":"Feature","geometry":{"type":"Point","coordinates":[-63.23754,-17.39052,0]},"properties":{"name":"30"}},
{"type":"Feature","geometry":{"type":"Point","coordinates":[-63.23768,-17.39022,0]},"properties":{"name":"12"}},
{"type":"Feature","geometry":{"type":"Point","coordinates":[-63.23746,-17.39045,0]},"properties":{"name":"29"}},
{"type":"Feature","geometry":{"type":"Point","coordinates":[-63.2376,-17.39014,0]},"properties":{"name":"13"}},
{"type":"Feature","geometry":{"type":"Point","coordinates":[-63.23737,-17.39038,0]},"properties":{"name":"28"}},
{"type":"Feature","geometry":{"type":"Point","coordinates":[-63.23752,-17.39007,0]},"properties":{"name":"14"}},
{"type":"Feature","geometry":{"type":"Point","coordinates":[-63.23729,-17.3903,0]},"properties":{"name":"27"}},
{"type":"Feature","geometry":{"type":"Point","coordinates":[-63.23743,-17.39,0]},"properties":{"name":"15"}},
{"type":"Feature","geometry":{"type":"Point","coordinates":[-63.23721,-17.39023,0]},"properties":{"name":"26"}},
{"type":"Feature","geometry":{"type":"Point","coordinates":[-63.23735,-17.38993,0]},"properties":{"name":"16"}},
{"type":"Feature","geometry":{"type":"Point","coordinates":[-63.23712,-17.39016,0]},"properties":{"name":"25"}},
{"type":"Feature","geometry":{"type":"Point","coordinates":[-63.23727,-17.38985,0]},"properties":{"name":"17"}},
{"type":"Feature","geometry":{"type":"Point","coordinates":[-63.23704,-17.39009,0]},"properties":{"name":"24"}},
{"type":"Feature","geometry":{"type":"Point","coordinates":[-63.2371,-17.3897,0]},"properties":{"name":"19"}},
{"type":"Feature","geometry":{"type":"Point","coordinates":[-63.23687,-17.38994,0]},"properties":{"name":"22"}},
{"type":"Feature","geometry":{"type":"Point","coordinates":[-63.23861,-17.39103,0]},"properties":{"name":"1"}},
{"type":"Feature","geometry":{"type":"Point","coordinates":[-63.23851,-17.39095,0]},"properties":{"name":"2"}},
{"type":"Feature","geometry":{"type":"Point","coordinates":[-63.23718,-17.38978,0]},"properties":{"name":"18"}},
{"type":"Feature","geometry":{"type":"Point","coordinates":[-63.23695,-17.39001,0]},"properties":{"name":"23"}},
{"type":"Feature","geometry":{"type":"Point","coordinates":[-63.23678,-17.38987,0]},"properties":{"name":"21"}},
{"type":"Feature","geometry":{"type":"Point","coordinates":[-63.23701,-17.38963,0]},"properties":{"name":"20"}},
{"type":"Feature","geometry":{"type":"Point","coordinates":[-63.23553,-17.3904,0]},"properties":{"name":"3"}},
{"type":"Feature","geometry":{"type":"Point","coordinates":[-63.23545,-17.39033,0]},"properties":{"name":"4"}},
{"type":"Feature","geometry":{"type":"Point","coordinates":[-63.23536,-17.39026,0]},"properties":{"name":"5"}},
{"type":"Feature","geometry":{"type":"Point","coordinates":[-63.2352,-17.39011,0]},"properties":{"name":"7"}},
{"type":"Feature","geometry":{"type":"Point","coordinates":[-63.23554,-17.39076,0]},"properties":{"name":"34"}},
{"type":"Feature","geometry":{"type":"Point","coordinates":[-63.23528,-17.39019,0]},"properties":{"name":"6"}},
{"type":"Feature","geometry":{"type":"Point","coordinates":[-63.23511,-17.39004,0]},"properties":{"name":"8"}},
{"type":"Feature","geometry":{"type":"Point","coordinates":[-63.23544,-17.39067,0]},"properties":{"name":"33"}},
{"type":"Feature","geometry":{"type":"Point","coordinates":[-63.23503,-17.38997,0]},"properties":{"name":"9"}},
{"type":"Feature","geometry":{"type":"Point","coordinates":[-63.23536,-17.39059,0]},"properties":{"name":"32"}},
{"type":"Feature","geometry":{"type":"Point","coordinates":[-63.23495,-17.3899,0]},"properties":{"name":"10"}},
{"type":"Feature","geometry":{"type":"Point","coordinates":[-63.23528,-17.39052,0]},"properties":{"name":"31"}},
{"type":"Feature","geometry":{"type":"Point","coordinates":[-63.23487,-17.38982,0]},"properties":{"name":"11"}},
{"type":"Feature","geometry":{"type":"Point","coordinates":[-63.23519,-17.39045,0]},"properties":{"name":"30"}},
{"type":"Feature","geometry":{"type":"Point","coordinates":[-63.23478,-17.38975,0]},"properties":{"name":"12"}},
{"type":"Feature","geometry":{"type":"Point","coordinates":[-63.23511,-17.39038,0]},"properties":{"name":"29"}},
{"type":"Feature","geometry":{"type":"Point","coordinates":[-63.2347,-17.38968,0]},"properties":{"name":"13"}},
{"type":"Feature","geometry":{"type":"Point","coordinates":[-63.23502,-17.39031,0]},"properties":{"name":"28"}},
{"type":"Feature","geometry":{"type":"Point","coordinates":[-63.23462,-17.38961,0]},"properties":{"name":"14"}},
{"type":"Feature","geometry":{"type":"Point","coordinates":[-63.23494,-17.39023,0]},"properties":{"name":"27"}},
{"type":"Feature","geometry":{"type":"Point","coordinates":[-63.23453,-17.38953,0]},"properties":{"name":"15"}},
{"type":"Feature","geometry":{"type":"Point","coordinates":[-63.23484,-17.39018,0]},"properties":{"name":"26"}},
{"type":"Feature","geometry":{"type":"Point","coordinates":[-63.23445,-17.38946,0]},"properties":{"name":"16"}},
{"type":"Feature","geometry":{"type":"Point","coordinates":[-63.23477,-17.39009,0]},"properties":{"name":"25"}},
{"type":"Feature","geometry":{"type":"Point","coordinates":[-63.23437,-17.38939,0]},"properties":{"name":"17"}},
{"type":"Feature","geometry":{"type":"Point","coordinates":[-63.23469,-17.39002,0]},"properties":{"name":"24"}},
{"type":"Feature","geometry":{"type":"Point","coordinates":[-63.23427,-17.38965,0]},"properties":{"name":"19"}},
{"type":"Feature","geometry":{"type":"Point","coordinates":[-63.23452,-17.38987,0]},"properties":{"name":"22"}},
{"type":"Feature","geometry":{"type":"Point","coordinates":[-63.23571,-17.39056,0]},"properties":{"name":"1"}},
{"type":"Feature","geometry":{"type":"Point","coordinates":[-63.23562,-17.39048,0]},"properties":{"name":"2"}},
{"type":"Feature","geometry":{"type":"Point","coordinates":[-63.23419,-17.38958,0]},"properties":{"name":"18"}},
{"type":"Feature","geometry":{"type":"Point","coordinates":[-63.23461,-17.38994,0]},"properties":{"name":"23"}},
{"type":"Feature","geometry":{"type":"Point","coordinates":[-63.23444,-17.38979,0]},"properties":{"name":"21"}},
{"type":"Feature","geometry":{"type":"Point","coordinates":[-63.23436,-17.38972,0]},"properties":{"name":"20"}},
{"type":"Feature","geometry":{"type":"Point","coordinates":[-63.23603,-17.38991,0]},"properties":{"name":"3"}},
{"type":"Feature","geometry":{"type":"Point","coordinates":[-63.23594,-17.38983,0]},"properties":{"name":"4"}},
{"type":"Feature","geometry":{"type":"Point","coordinates":[-63.23585,-17.38976,0]},"properties":{"name":"5"}},
{"type":"Feature","geometry":{"type":"Point","coordinates":[-63.23569,-17.38962,0]},"properties":{"name":"7"}},
{"type":"Feature","geometry":{"type":"Point","coordinates":[-63.23599,-17.39029,0]},"properties":{"name":"34"}},
{"type":"Feature","geometry":{"type":"Point","coordinates":[-63.23577,-17.38969,0]},"properties":{"name":"6"}},
{"type":"Feature","geometry":{"type":"Point","coordinates":[-63.2356,-17.38954,0]},"properties":{"name":"8"}},
{"type":"Feature","geometry":{"type":"Point","coordinates":[-63.23589,-17.39021,0]},"properties":{"name":"33"}},
{"type":"Feature","geometry":{"type":"Point","coordinates":[-63.23552,-17.38947,0]},"properties":{"name":"9"}},
{"type":"Feature","geometry":{"type":"Point","coordinates":[-63.23581,-17.39013,0]},"properties":{"name":"32"}},
{"type":"Feature","geometry":{"type":"Point","coordinates":[-63.23544,-17.3894,0]},"properties":{"name":"10"}},
{"type":"Feature","geometry":{"type":"Point","coordinates":[-63.23573,-17.39005,0]},"properties":{"name":"31"}},
{"type":"Feature","geometry":{"type":"Point","coordinates":[-63.23536,-17.38932,0]},"properties":{"name":"11"}},
{"type":"Feature","geometry":{"type":"Point","coordinates":[-63.23564,-17.38998,0]},"properties":{"name":"30"}},
{"type":"Feature","geometry":{"type":"Point","coordinates":[-63.23527,-17.38925,0]},"properties":{"name":"12"}},
{"type":"Feature","geometry":{"type":"Point","coordinates":[-63.23556,-17.38991,0]},"properties":{"name":"29"}},
{"type":"Feature","geometry":{"type":"Point","coordinates":[-63.23519,-17.38918,0]},"properties":{"name":"13"}},
{"type":"Feature","geometry":{"type":"Point","coordinates":[-63.23548,-17.38984,0]},"properties":{"name":"28"}},
{"type":"Feature","geometry":{"type":"Point","coordinates":[-63.23511,-17.38911,0]},"properties":{"name":"14"}},
{"type":"Feature","geometry":{"type":"Point","coordinates":[-63.23539,-17.38977,0]},"properties":{"name":"27"}},
{"type":"Feature","geometry":{"type":"Point","coordinates":[-63.23503,-17.38903,0]},"properties":{"name":"15"}},
{"type":"Feature","geometry":{"type":"Point","coordinates":[-63.23531,-17.38969,0]},"properties":{"name":"26"}},
{"type":"Feature","geometry":{"type":"Point","coordinates":[-63.23494,-17.38896,0]},"properties":{"name":"16"}},
{"type":"Feature","geometry":{"type":"Point","coordinates":[-63.23522,-17.38962,0]},"properties":{"name":"25"}},
{"type":"Feature","geometry":{"type":"Point","coordinates":[-63.23486,-17.38889,0]},"properties":{"name":"17"}},
{"type":"Feature","geometry":{"type":"Point","coordinates":[-63.23514,-17.38955,0]},"properties":{"name":"24"}},
{"type":"Feature","geometry":{"type":"Point","coordinates":[-63.23472,-17.38918,0]},"properties":{"name":"19"}},
{"type":"Feature","geometry":{"type":"Point","coordinates":[-63.23497,-17.38941,0]},"properties":{"name":"22"}},
{"type":"Feature","geometry":{"type":"Point","coordinates":[-63.2362,-17.39006,0]},"properties":{"name":"1"}},
{"type":"Feature","geometry":{"type":"Point","coordinates":[-63.23611,-17.38998,0]},"properties":{"name":"2"}},
{"type":"Feature","geometry":{"type":"Point","coordinates":[-63.23464,-17.38911,0]},"properties":{"name":"18"}},
{"type":"Feature","geometry":{"type":"Point","coordinates":[-63.23506,-17.38947,0]},"properties":{"name":"23"}},
{"type":"Feature","geometry":{"type":"Point","coordinates":[-63.23489,-17.38933,0]},"properties":{"name":"21"}},
{"type":"Feature","geometry":{"type":"Point","coordinates":[-63.23481,-17.38925,0]},"properties":{"name":"20"}},
{"type":"Feature","geometry":{"type":"Point","coordinates":[-63.23662,-17.3893,0]},"properties":{"name":"3"}},
{"type":"Feature","geometry":{"type":"Point","coordinates":[-63.23654,-17.38923,0]},"properties":{"name":"4"}},
{"type":"Feature","geometry":{"type":"Point","coordinates":[-63.23645,-17.38916,0]},"properties":{"name":"5"}},
{"type":"Feature","geometry":{"type":"Point","coordinates":[-63.23628,-17.38901,0]},"properties":{"name":"7"}},
{"type":"Feature","geometry":{"type":"Point","coordinates":[-63.23657,-17.3897,0]},"properties":{"name":"34"}},
{"type":"Feature","geometry":{"type":"Point","coordinates":[-63.23637,-17.38909,0]},"properties":{"name":"6"}},
{"type":"Feature","geometry":{"type":"Point","coordinates":[-63.2362,-17.38893,0]},"properties":{"name":"8"}},
{"type":"Feature","geometry":{"type":"Point","coordinates":[-63.23648,-17.38961,0]},"properties":{"name":"33"}},
{"type":"Feature","geometry":{"type":"Point","coordinates":[-63.23612,-17.38886,0]},"properties":{"name":"9"}},
{"type":"Feature","geometry":{"type":"Point","coordinates":[-63.2364,-17.38954,0]},"properties":{"name":"32"}},
{"type":"Feature","geometry":{"type":"Point","coordinates":[-63.23604,-17.38879,0]},"properties":{"name":"10"}},
{"type":"Feature","geometry":{"type":"Point","coordinates":[-63.23632,-17.38946,0]},"properties":{"name":"31"}},
{"type":"Feature","geometry":{"type":"Point","coordinates":[-63.23596,-17.38872,0]},"properties":{"name":"11"}},
{"type":"Feature","geometry":{"type":"Point","coordinates":[-63.23623,-17.38939,0]},"properties":{"name":"30"}},
{"type":"Feature","geometry":{"type":"Point","coordinates":[-63.23587,-17.38864,0]},"properties":{"name":"12"}},
{"type":"Feature","geometry":{"type":"Point","coordinates":[-63.23615,-17.38932,0]},"properties":{"name":"29"}},
{"type":"Feature","geometry":{"type":"Point","coordinates":[-63.23579,-17.38857,0]},"properties":{"name":"13"}},
{"type":"Feature","geometry":{"type":"Point","coordinates":[-63.23607,-17.38925,0]},"properties":{"name":"28"}},
{"type":"Feature","geometry":{"type":"Point","coordinates":[-63.23571,-17.3885,0]},"properties":{"name":"14"}},
{"type":"Feature","geometry":{"type":"Point","coordinates":[-63.23598,-17.38917,0]},"properties":{"name":"27"}},
{"type":"Feature","geometry":{"type":"Point","coordinates":[-63.23563,-17.38843,0]},"properties":{"name":"15"}},
{"type":"Feature","geometry":{"type":"Point","coordinates":[-63.2359,-17.3891,0]},"properties":{"name":"26"}},
{"type":"Feature","geometry":{"type":"Point","coordinates":[-63.23554,-17.38836,0]},"properties":{"name":"16"}},
{"type":"Feature","geometry":{"type":"Point","coordinates":[-63.23581,-17.38903,0]},"properties":{"name":"25"}},
{"type":"Feature","geometry":{"type":"Point","coordinates":[-63.23546,-17.38828,0]},"properties":{"name":"17"}},
{"type":"Feature","geometry":{"type":"Point","coordinates":[-63.23573,-17.38896,0]},"properties":{"name":"24"}},
{"type":"Feature","geometry":{"type":"Point","coordinates":[-63.23531,-17.38859,0]},"properties":{"name":"19"}},
{"type":"Feature","geometry":{"type":"Point","coordinates":[-63.23556,-17.38881,0]},"properties":{"name":"22"}},
{"type":"Feature","geometry":{"type":"Point","coordinates":[-63.2368,-17.38946,0]},"properties":{"name":"1"}},
{"type":"Feature","geometry":{"type":"Point","coordinates":[-63.2367,-17.38938,0]},"properties":{"name":"2"}},
{"type":"Feature","geometry":{"type":"Point","coordinates":[-63.23523,-17.38852,0]},"properties":{"name":"18"}},
{"type":"Feature","geometry":{"type":"Point","coordinates":[-63.23565,-17.38888,0]},"properties":{"name":"23"}},
{"type":"Feature","geometry":{"type":"Point","coordinates":[-63.23548,-17.38873,0]},"properties":{"name":"21"}},
{"type":"Feature","geometry":{"type":"Point","coordinates":[-63.2354,-17.38866,0]},"properties":{"name":"20"}},
{"type":"Feature","geometry":{"type":"Point","coordinates":[-63.23398,-17.38905,0]},"properties":{"name":"3"}},
{"type":"Feature","geometry":{"type":"Point","coordinates":[-63.23389,-17.38897,0]},"properties":{"name":"4"}},
{"type":"Feature","geometry":{"type":"Point","coordinates":[-63.23381,-17.3889,0]},"properties":{"name":"5"}},
{"type":"Feature","geometry":{"type":"Point","coordinates":[-63.23364,-17.38876,0]},"properties":{"name":"7"}},
{"type":"Feature","geometry":{"type":"Point","coordinates":[-63.23398,-17.38941,0]},"properties":{"name":"34"}},
{"type":"Feature","geometry":{"type":"Point","coordinates":[-63.23372,-17.38883,0]},"properties":{"name":"6"}},
{"type":"Feature","geometry":{"type":"Point","coordinates":[-63.23355,-17.38868,0]},"properties":{"name":"8"}},
{"type":"Feature","geometry":{"type":"Point","coordinates":[-63.23388,-17.38933,0]},"properties":{"name":"33"}},
{"type":"Feature","geometry":{"type":"Point","coordinates":[-63.23347,-17.38861,0]},"properties":{"name":"9"}},
{"type":"Feature","geometry":{"type":"Point","coordinates":[-63.2338,-17.38925,0]},"properties":{"name":"32"}},
{"type":"Feature","geometry":{"type":"Point","coordinates":[-63.23339,-17.38854,0]},"properties":{"name":"10"}},
{"type":"Feature","geometry":{"type":"Point","coordinates":[-63.23372,-17.38918,0]},"properties":{"name":"31"}},
{"type":"Feature","geometry":{"type":"Point","coordinates":[-63.23331,-17.38847,0]},"properties":{"name":"11"}},
{"type":"Feature","geometry":{"type":"Point","coordinates":[-63.23363,-17.3891,0]},"properties":{"name":"30"}},
{"type":"Feature","geometry":{"type":"Point","coordinates":[-63.23322,-17.38839,0]},"properties":{"name":"12"}},
{"type":"Feature","geometry":{"type":"Point","coordinates":[-63.23355,-17.38903,0]},"properties":{"name":"29"}},
{"type":"Feature","geometry":{"type":"Point","coordinates":[-63.23314,-17.38832,0]},"properties":{"name":"13"}},
{"type":"Feature","geometry":{"type":"Point","coordinates":[-63.23346,-17.38896,0]},"properties":{"name":"28"}},
{"type":"Feature","geometry":{"type":"Point","coordinates":[-63.23306,-17.38825,0]},"properties":{"name":"14"}},
{"type":"Feature","geometry":{"type":"Point","coordinates":[-63.23338,-17.38889,0]},"properties":{"name":"27"}},
{"type":"Feature","geometry":{"type":"Point","coordinates":[-63.23298,-17.38817,0]},"properties":{"name":"15"}},
{"type":"Feature","geometry":{"type":"Point","coordinates":[-63.23327,-17.38884,0]},"properties":{"name":"26"}},
{"type":"Feature","geometry":{"type":"Point","coordinates":[-63.23289,-17.3881,0]},"properties":{"name":"16"}},
{"type":"Feature","geometry":{"type":"Point","coordinates":[-63.23321,-17.38874,0]},"properties":{"name":"25"}},
{"type":"Feature","geometry":{"type":"Point","coordinates":[-63.23281,-17.38803,0]},"properties":{"name":"17"}},
{"type":"Feature","geometry":{"type":"Point","coordinates":[-63.23313,-17.38867,0]},"properties":{"name":"24"}},
{"type":"Feature","geometry":{"type":"Point","coordinates":[-63.23271,-17.3883,0]},"properties":{"name":"19"}},
{"type":"Feature","geometry":{"type":"Point","coordinates":[-63.23296,-17.38853,0]},"properties":{"name":"22"}},
{"type":"Feature","geometry":{"type":"Point","coordinates":[-63.23415,-17.3892,0]},"properties":{"name":"1"}},
{"type":"Feature","geometry":{"type":"Point","coordinates":[-63.23406,-17.38912,0]},"properties":{"name":"2"}},
{"type":"Feature","geometry":{"type":"Point","coordinates":[-63.23262,-17.38823,0]},"properties":{"name":"18"}},
{"type":"Feature","geometry":{"type":"Point","coordinates":[-63.23305,-17.3886,0]},"properties":{"name":"23"}},
{"type":"Feature","geometry":{"type":"Point","coordinates":[-63.23288,-17.38845,0]},"properties":{"name":"21"}},
{"type":"Feature","geometry":{"type":"Point","coordinates":[-63.2328,-17.38838,0]},"properties":{"name":"20"}},
{"type":"Feature","geometry":{"type":"Point","coordinates":[-63.23447,-17.38855,0]},"properties":{"name":"3"}},
{"type":"Feature","geometry":{"type":"Point","coordinates":[-63.23439,-17.38848,0]},"properties":{"name":"4"}},
{"type":"Feature","geometry":{"type":"Point","coordinates":[-63.2343,-17.38841,0]},"properties":{"name":"5"}},
{"type":"Feature","geometry":{"type":"Point","coordinates":[-63.23413,-17.38826,0]},"properties":{"name":"7"}},
{"type":"Feature","geometry":{"type":"Point","coordinates":[-63.23444,-17.38894,0]},"properties":{"name":"34"}},
{"type":"Feature","geometry":{"type":"Point","coordinates":[-63.23422,-17.38833,0]},"properties":{"name":"6"}},
{"type":"Feature","geometry":{"type":"Point","coordinates":[-63.23405,-17.38819,0]},"properties":{"name":"8"}},
{"type":"Feature","geometry":{"type":"Point","coordinates":[-63.23434,-17.38885,0]},"properties":{"name":"33"}},
{"type":"Feature","geometry":{"type":"Point","coordinates":[-63.23397,-17.38812,0]},"properties":{"name":"9"}},
{"type":"Feature","geometry":{"type":"Point","coordinates":[-63.23426,-17.38877,0]},"properties":{"name":"32"}},
{"type":"Feature","geometry":{"type":"Point","coordinates":[-63.23389,-17.38804,0]},"properties":{"name":"10"}},
{"type":"Feature","geometry":{"type":"Point","coordinates":[-63.23418,-17.3887,0]},"properties":{"name":"31"}},
{"type":"Feature","geometry":{"type":"Point","coordinates":[-63.23381,-17.38797,0]},"properties":{"name":"11"}},
{"type":"Feature","geometry":{"type":"Point","coordinates":[-63.23409,-17.38863,0]},"properties":{"name":"30"}},
{"type":"Feature","geometry":{"type":"Point","coordinates":[-63.23372,-17.3879,0]},"properties":{"name":"12"}},
{"type":"Feature","geometry":{"type":"Point","coordinates":[-63.23401,-17.38856,0]},"properties":{"name":"29"}},
{"type":"Feature","geometry":{"type":"Point","coordinates":[-63.23364,-17.38782,0]},"properties":{"name":"13"}},
{"type":"Feature","geometry":{"type":"Point","coordinates":[-63.23392,-17.38849,0]},"properties":{"name":"28"}},
{"type":"Feature","geometry":{"type":"Point","coordinates":[-63.23356,-17.38775,0]},"properties":{"name":"14"}},
{"type":"Feature","geometry":{"type":"Point","coordinates":[-63.23384,-17.38841,0]},"properties":{"name":"27"}},
{"type":"Feature","geometry":{"type":"Point","coordinates":[-63.23347,-17.38768,0]},"properties":{"name":"15"}},
{"type":"Feature","geometry":{"type":"Point","coordinates":[-63.23374,-17.38835,0]},"properties":{"name":"26"}},
{"type":"Feature","geometry":{"type":"Point","coordinates":[-63.23339,-17.38761,0]},"properties":{"name":"16"}},
{"type":"Feature","geometry":{"type":"Point","coordinates":[-63.23367,-17.38827,0]},"properties":{"name":"25"}},
{"type":"Feature","geometry":{"type":"Point","coordinates":[-63.23331,-17.38753,0]},"properties":{"name":"17"}},
{"type":"Feature","geometry":{"type":"Point","coordinates":[-63.23359,-17.3882,0]},"properties":{"name":"24"}},
{"type":"Feature","geometry":{"type":"Point","coordinates":[-63.23317,-17.38783,0]},"properties":{"name":"19"}},
{"type":"Feature","geometry":{"type":"Point","coordinates":[-63.23342,-17.38805,0]},"properties":{"name":"22"}},
{"type":"Feature","geometry":{"type":"Point","coordinates":[-63.23465,-17.38871,0]},"properties":{"name":"1"}},
{"type":"Feature","geometry":{"type":"Point","coordinates":[-63.23455,-17.38862,0]},"properties":{"name":"2"}},
{"type":"Feature","geometry":{"type":"Point","coordinates":[-63.23308,-17.38775,0]},"properties":{"name":"18"}},
{"type":"Feature","geometry":{"type":"Point","coordinates":[-63.23351,-17.38812,0]},"properties":{"name":"23"}},
{"type":"Feature","geometry":{"type":"Point","coordinates":[-63.23334,-17.38797,0]},"properties":{"name":"21"}},
{"type":"Feature","geometry":{"type":"Point","coordinates":[-63.23326,-17.3879,0]},"properties":{"name":"20"}},
{"type":"Feature","geometry":{"type":"Point","coordinates":[-63.23507,-17.38794,0]},"properties":{"name":"3"}},
{"type":"Feature","geometry":{"type":"Point","coordinates":[-63.23498,-17.38787,0]},"properties":{"name":"4"}},
{"type":"Feature","geometry":{"type":"Point","coordinates":[-63.2349,-17.3878,0]},"properties":{"name":"5"}},
{"type":"Feature","geometry":{"type":"Point","coordinates":[-63.23473,-17.38765,0]},"properties":{"name":"7"}},
{"type":"Feature","geometry":{"type":"Point","coordinates":[-63.23502,-17.38834,0]},"properties":{"name":"34"}},
{"type":"Feature","geometry":{"type":"Point","coordinates":[-63.23481,-17.38772,0]},"properties":{"name":"6"}},
{"type":"Feature","geometry":{"type":"Point","coordinates":[-63.23464,-17.38758,0]},"properties":{"name":"8"}},
{"type":"Feature","geometry":{"type":"Point","coordinates":[-63.23493,-17.38825,0]},"properties":{"name":"33"}},
{"type":"Feature","geometry":{"type":"Point","coordinates":[-63.23456,-17.38751,0]},"properties":{"name":"9"}},
{"type":"Feature","geometry":{"type":"Point","coordinates":[-63.23484,-17.38818,0]},"properties":{"name":"32"}},
{"type":"Feature","geometry":{"type":"Point","coordinates":[-63.23448,-17.38743,0]},"properties":{"name":"10"}},
{"type":"Feature","geometry":{"type":"Point","coordinates":[-63.23476,-17.3881,0]},"properties":{"name":"31"}},
{"type":"Feature","geometry":{"type":"Point","coordinates":[-63.2344,-17.38736,0]},"properties":{"name":"11"}},
{"type":"Feature","geometry":{"type":"Point","coordinates":[-63.23468,-17.38803,0]},"properties":{"name":"30"}},
{"type":"Feature","geometry":{"type":"Point","coordinates":[-63.23431,-17.38729,0]},"properties":{"name":"12"}},
{"type":"Feature","geometry":{"type":"Point","coordinates":[-63.23459,-17.38796,0]},"properties":{"name":"29"}},
{"type":"Feature","geometry":{"type":"Point","coordinates":[-63.23424,-17.38722,0]},"properties":{"name":"13"}},
{"type":"Feature","geometry":{"type":"Point","coordinates":[-63.23451,-17.38789,0]},"properties":{"name":"28"}},
{"type":"Feature","geometry":{"type":"Point","coordinates":[-63.23416,-17.38714,0]},"properties":{"name":"14"}},
{"type":"Feature","geometry":{"type":"Point","coordinates":[-63.23443,-17.38782,0]},"properties":{"name":"27"}},
{"type":"Feature","geometry":{"type":"Point","coordinates":[-63.23407,-17.38707,0]},"properties":{"name":"15"}},
{"type":"Feature","geometry":{"type":"Point","coordinates":[-63.23434,-17.38774,0]},"properties":{"name":"26"}},
{"type":"Feature","geometry":{"type":"Point","coordinates":[-63.23399,-17.387,0]},"properties":{"name":"16"}},
{"type":"Feature","geometry":{"type":"Point","coordinates":[-63.23426,-17.38767,0]},"properties":{"name":"25"}},
{"type":"Feature","geometry":{"type":"Point","coordinates":[-63.23391,-17.38692,0]},"properties":{"name":"17"}},
{"type":"Feature","geometry":{"type":"Point","coordinates":[-63.23418,-17.3876,0]},"properties":{"name":"24"}},
{"type":"Feature","geometry":{"type":"Point","coordinates":[-63.23376,-17.38723,0]},"properties":{"name":"19"}},
{"type":"Feature","geometry":{"type":"Point","coordinates":[-63.23401,-17.38745,0]},"properties":{"name":"22"}},
{"type":"Feature","geometry":{"type":"Point","coordinates":[-63.23524,-17.3881,0]},"properties":{"name":"1"}},
{"type":"Feature","geometry":{"type":"Point","coordinates":[-63.23515,-17.38802,0]},"properties":{"name":"2"}},
{"type":"Feature","geometry":{"type":"Point","coordinates":[-63.23367,-17.38716,0]},"properties":{"name":"18"}},
{"type":"Feature","geometry":{"type":"Point","coordinates":[-63.23409,-17.38752,0]},"properties":{"name":"23"}},
{"type":"Feature","geometry":{"type":"Point","coordinates":[-63.23392,-17.38737,0]},"properties":{"name":"21"}},
{"type":"Feature","geometry":{"type":"Point","coordinates":[-63.23384,-17.3873,0]},"properties":{"name":"20"}},
{"type":"Feature","geometry":{"type":"Point","coordinates":[-63.23351,-17.38659,0]},"properties":{"name":"3"}},
{"type":"Feature","geometry":{"type":"Point","coordinates":[-63.23343,-17.38651,0]},"properties":{"name":"4"}},
{"type":"Feature","geometry":{"type":"Point","coordinates":[-63.23334,-17.38644,0]},"properties":{"name":"5"}},
{"type":"Feature","geometry":{"type":"Point","coordinates":[-63.23317,-17.3863,0]},"properties":{"name":"7"}},
{"type":"Feature","geometry":{"type":"Point","coordinates":[-63.23347,-17.38698,0]},"properties":{"name":"34"}},
{"type":"Feature","geometry":{"type":"Point","coordinates":[-63.23326,-17.38637,0]},"properties":{"name":"6"}},
{"type":"Feature","geometry":{"type":"Point","coordinates":[-63.23309,-17.38622,0]},"properties":{"name":"8"}},
{"type":"Feature","geometry":{"type":"Point","coordinates":[-63.23338,-17.3869,0]},"properties":{"name":"33"}},
{"type":"Feature","geometry":{"type":"Point","coordinates":[-63.23301,-17.38615,0]},"properties":{"name":"9"}},
{"type":"Feature","geometry":{"type":"Point","coordinates":[-63.23329,-17.38682,0]},"properties":{"name":"32"}},
{"type":"Feature","geometry":{"type":"Point","coordinates":[-63.23293,-17.38608,0]},"properties":{"name":"10"}},
{"type":"Feature","geometry":{"type":"Point","coordinates":[-63.23321,-17.38675,0]},"properties":{"name":"31"}},
{"type":"Feature","geometry":{"type":"Point","coordinates":[-63.23285,-17.38601,0]},"properties":{"name":"11"}},
{"type":"Feature","geometry":{"type":"Point","coordinates":[-63.23312,-17.38668,0]},"properties":{"name":"30"}},
{"type":"Feature","geometry":{"type":"Point","coordinates":[-63.23276,-17.38593,0]},"properties":{"name":"12"}},
{"type":"Feature","geometry":{"type":"Point","coordinates":[-63.23304,-17.3866,0]},"properties":{"name":"29"}},
{"type":"Feature","geometry":{"type":"Point","coordinates":[-63.23268,-17.38586,0]},"properties":{"name":"13"}},
{"type":"Feature","geometry":{"type":"Point","coordinates":[-63.23296,-17.38653,0]},"properties":{"name":"28"}},
{"type":"Feature","geometry":{"type":"Point","coordinates":[-63.2326,-17.38579,0]},"properties":{"name":"14"}},
{"type":"Feature","geometry":{"type":"Point","coordinates":[-63.23288,-17.38646,0]},"properties":{"name":"27"}},
{"type":"Feature","geometry":{"type":"Point","coordinates":[-63.23251,-17.38571,0]},"properties":{"name":"15"}},
{"type":"Feature","geometry":{"type":"Point","coordinates":[-63.23279,-17.38638,0]},"properties":{"name":"26"}},
{"type":"Feature","geometry":{"type":"Point","coordinates":[-63.23243,-17.38564,0]},"properties":{"name":"16"}},
{"type":"Feature","geometry":{"type":"Point","coordinates":[-63.23271,-17.38631,0]},"properties":{"name":"25"}},
{"type":"Feature","geometry":{"type":"Point","coordinates":[-63.23235,-17.38557,0]},"properties":{"name":"17"}},
{"type":"Feature","geometry":{"type":"Point","coordinates":[-63.23263,-17.38624,0]},"properties":{"name":"24"}},
{"type":"Feature","geometry":{"type":"Point","coordinates":[-63.2322,-17.38588,0]},"properties":{"name":"19"}},
{"type":"Feature","geometry":{"type":"Point","coordinates":[-63.23245,-17.3861,0]},"properties":{"name":"22"}},
{"type":"Feature","geometry":{"type":"Point","coordinates":[-63.23369,-17.38675,0]},"properties":{"name":"1"}},
{"type":"Feature","geometry":{"type":"Point","coordinates":[-63.2336,-17.38666,0]},"properties":{"name":"2"}},
{"type":"Feature","geometry":{"type":"Point","coordinates":[-63.23212,-17.38581,0]},"properties":{"name":"18"}},
{"type":"Feature","geometry":{"type":"Point","coordinates":[-63.23254,-17.38617,0]},"properties":{"name":"23"}},
{"type":"Feature","geometry":{"type":"Point","coordinates":[-63.23237,-17.38602,0]},"properties":{"name":"21"}},
{"type":"Feature","geometry":{"type":"Point","coordinates":[-63.23229,-17.38595,0]},"properties":{"name":"20"}},
{"type":"Feature","geometry":{"type":"Point","coordinates":[-63.23776,-17.39196,0]},"properties":{"name":"R7"}},
{"type":"Feature","geometry":{"type":"Point","coordinates":[-63.23814,-17.39158,0]},"properties":{"name":"R9"}},
{"type":"Feature","geometry":{"type":"Point","coordinates":[-63.23871,-17.39099,0]},"properties":{"name":"R9"}},
{"type":"Feature","geometry":{"type":"Point","coordinates":[-63.23832,-17.39138,0]},"properties":{"name":"R9"}},
{"type":"Feature","geometry":{"type":"Point","coordinates":[-63.23763,-17.39212,0]},"properties":{"name":"R7"}},
{"type":"Feature","geometry":{"type":"Point","coordinates":[-63.23592,-17.39067,0]},"properties":{"name":"R7"}},
{"type":"Feature","geometry":{"type":"Point","coordinates":[-63.23611,-17.3905,0]},"properties":{"name":"R7"}},
{"type":"Feature","geometry":{"type":"Point","coordinates":[-63.23645,-17.39015,0]},"properties":{"name":"R9"}},
{"type":"Feature","geometry":{"type":"Point","coordinates":[-63.23669,-17.38993,0]},"properties":{"name":"R9"}},
{"type":"Feature","geometry":{"type":"Point","coordinates":[-63.23704,-17.38956,0]},"properties":{"name":"R9"}},
{"type":"Feature","geometry":{"type":"Point","coordinates":[-63.23691,-17.38941,0]},"properties":{"name":"R9"}},
{"type":"Feature","geometry":{"type":"Point","coordinates":[-63.23651,-17.3898,0]},"properties":{"name":"R9"}},
{"type":"Feature","geometry":{"type":"Point","coordinates":[-63.23632,-17.39,0]},"properties":{"name":"R9"}},
{"type":"Feature","geometry":{"type":"Point","coordinates":[-63.23595,-17.39039,0]},"properties":{"name":"R7"}},
{"type":"Feature","geometry":{"type":"Point","coordinates":[-63.23581,-17.39054,0]},"properties":{"name":"R7"}},
{"type":"Feature","geometry":{"type":"Point","coordinates":[-63.23437,-17.38931,0]},"properties":{"name":"R7"}},
{"type":"Feature","geometry":{"type":"Point","coordinates":[-63.23456,-17.38914,0]},"properties":{"name":"R7"}},
{"type":"Feature","geometry":{"type":"Point","coordinates":[-63.23515,-17.38855,0]},"properties":{"name":"R9"}},
{"type":"Feature","geometry":{"type":"Point","coordinates":[-63.23548,-17.3882,0]},"properties":{"name":"R9"}},
{"type":"Feature","geometry":{"type":"Point","coordinates":[-63.23535,-17.38806,0]},"properties":{"name":"R9"}},
{"type":"Feature","geometry":{"type":"Point","coordinates":[-63.23495,-17.38844,0]},"properties":{"name":"R9"}},
{"type":"Feature","geometry":{"type":"Point","coordinates":[-63.23477,-17.38865,0]},"properties":{"name":"R9"}},
{"type":"Feature","geometry":{"type":"Point","coordinates":[-63.23439,-17.38903,0]},"properties":{"name":"R7"}},
{"type":"Feature","geometry":{"type":"Point","coordinates":[-63.23426,-17.38918,0]},"properties":{"name":"R7"}},
{"type":"Feature","geometry":{"type":"Point","coordinates":[-63.23282,-17.38796,0]},"properties":{"name":"R7"}},
{"type":"Feature","geometry":{"type":"Point","coordinates":[-63.233,-17.38779,0]},"properties":{"name":"R7"}},
{"type":"Feature","geometry":{"type":"Point","coordinates":[-63.23335,-17.38744,0]},"properties":{"name":"R9"}},
{"type":"Feature","geometry":{"type":"Point","coordinates":[-63.23358,-17.38722,0]},"properties":{"name":"R9"}},
{"type":"Feature","geometry":{"type":"Point","coordinates":[-63.23392,-17.38685,0]},"properties":{"name":"R9"}},
{"type":"Feature","geometry":{"type":"Point","coordinates":[-63.2334,-17.38709,0]},"properties":{"name":"R9"}},
{"type":"Feature","geometry":{"type":"Point","coordinates":[-63.2338,-17.3867,0]},"properties":{"name":"R9"}},
{"type":"Feature","geometry":{"type":"Point","coordinates":[-63.23237,-17.38549,0]},"properties":{"name":"R9"}},
{"type":"Feature","geometry":{"type":"Point","coordinates":[-63.23202,-17.38586,0]},"properties":{"name":"R9"}},
{"type":"Feature","geometry":{"type":"Point","coordinates":[-63.23202,-17.38625,0]},"properties":{"name":"R9"}},
{"type":"Feature","geometry":{"type":"Point","coordinates":[-63.23321,-17.38726,0]},"properties":{"name":"R9"}},
{"type":"Feature","geometry":{"type":"Point","coordinates":[-63.23224,-17.387,0]},"properties":{"name":"M-10"}},
{"type":"Feature","geometry":{"type":"Point","coordinates":[-63.23104,-17.38648,0]},"properties":{"name":"3"}},
{"type":"Feature","geometry":{"type":"Point","coordinates":[-63.23095,-17.38641,0]},"properties":{"name":"4"}},
{"type":"Feature","geometry":{"type":"Point","coordinates":[-63.23087,-17.38634,0]},"properties":{"name":"5"}},
{"type":"Feature","geometry":{"type":"Point","coordinates":[-63.2307,-17.38619,0]},"properties":{"name":"7"}},
{"type":"Feature","geometry":{"type":"Point","coordinates":[-63.23069,-17.38654,0]},"properties":{"name":"34"}},
{"type":"Feature","geometry":{"type":"Point","coordinates":[-63.23078,-17.38627,0]},"properties":{"name":"6"}},
{"type":"Feature","geometry":{"type":"Point","coordinates":[-63.23061,-17.38612,0]},"properties":{"name":"8"}},
{"type":"Feature","geometry":{"type":"Point","coordinates":[-63.23061,-17.38647,0]},"properties":{"name":"33"}},
{"type":"Feature","geometry":{"type":"Point","coordinates":[-63.23053,-17.38605,0]},"properties":{"name":"9"}},
{"type":"Feature","geometry":{"type":"Point","coordinates":[-63.23053,-17.38639,0]},"properties":{"name":"32"}},
{"type":"Feature","geometry":{"type":"Point","coordinates":[-63.23045,-17.38598,0]},"properties":{"name":"10"}},
{"type":"Feature","geometry":{"type":"Point","coordinates":[-63.23044,-17.38632,0]},"properties":{"name":"31"}},
{"type":"Feature","geometry":{"type":"Point","coordinates":[-63.23037,-17.3859,0]},"properties":{"name":"11"}},
{"type":"Feature","geometry":{"type":"Point","coordinates":[-63.23036,-17.38625,0]},"properties":{"name":"30"}},
{"type":"Feature","geometry":{"type":"Point","coordinates":[-63.23029,-17.38583,0]},"properties":{"name":"12"}},
{"type":"Feature","geometry":{"type":"Point","coordinates":[-63.23027,-17.38617,0]},"properties":{"name":"29"}},
{"type":"Feature","geometry":{"type":"Point","coordinates":[-63.23021,-17.38576,0]},"properties":{"name":"13"}},
{"type":"Feature","geometry":{"type":"Point","coordinates":[-63.23019,-17.3861,0]},"properties":{"name":"28"}},
{"type":"Feature","geometry":{"type":"Point","coordinates":[-63.23013,-17.38569,0]},"properties":{"name":"14"}},
{"type":"Feature","geometry":{"type":"Point","coordinates":[-63.23011,-17.38603,0]},"properties":{"name":"27"}},
{"type":"Feature","geometry":{"type":"Point","coordinates":[-63.23004,-17.38561,0]},"properties":{"name":"15"}},
{"type":"Feature","geometry":{"type":"Point","coordinates":[-63.23002,-17.38596,0]},"properties":{"name":"26"}},
{"type":"Feature","geometry":{"type":"Point","coordinates":[-63.22996,-17.38554,0]},"properties":{"name":"16"}},
{"type":"Feature","geometry":{"type":"Point","coordinates":[-63.22993,-17.38589,0]},"properties":{"name":"25"}},
{"type":"Feature","geometry":{"type":"Point","coordinates":[-63.22987,-17.38546,0]},"properties":{"name":"17"}},
{"type":"Feature","geometry":{"type":"Point","coordinates":[-63.22985,-17.38581,0]},"properties":{"name":"24"}},
{"type":"Feature","geometry":{"type":"Point","coordinates":[-63.22968,-17.38567,0]},"properties":{"name":"22"}},
{"type":"Feature","geometry":{"type":"Point","coordinates":[-63.23122,-17.38666,0]},"properties":{"name":"1"}},
{"type":"Feature","geometry":{"type":"Point","coordinates":[-63.23112,-17.38656,0]},"properties":{"name":"2"}},
{"type":"Feature","geometry":{"type":"Point","coordinates":[-63.22977,-17.38574,0]},"properties":{"name":"23"}},
{"type":"Feature","geometry":{"type":"Point","coordinates":[-63.2296,-17.38559,0]},"properties":{"name":"21"}},
{"type":"Feature","geometry":{"type":"Point","coordinates":[-63.22952,-17.38552,0]},"properties":{"name":"20"}},
{"type":"Feature","geometry":{"type":"Point","coordinates":[-63.22931,-17.38498,0]},"properties":{"name":"3"}},
{"type":"Feature","geometry":{"type":"Point","coordinates":[-63.22923,-17.38491,0]},"properties":{"name":"4"}},
{"type":"Feature","geometry":{"type":"Point","coordinates":[-63.22914,-17.38484,0]},"properties":{"name":"5"}},
{"type":"Feature","geometry":{"type":"Point","coordinates":[-63.22897,-17.38469,0]},"properties":{"name":"7"}},
{"type":"Feature","geometry":{"type":"Point","coordinates":[-63.22863,-17.38475,0]},"properties":{"name":"28"}},
{"type":"Feature","geometry":{"type":"Point","coordinates":[-63.22906,-17.38476,0]},"properties":{"name":"6"}},
{"type":"Feature","geometry":{"type":"Point","coordinates":[-63.22889,-17.38462,0]},"properties":{"name":"8"}},
{"type":"Feature","geometry":{"type":"Point","coordinates":[-63.22855,-17.38468,0]},"properties":{"name":"27"}},
{"type":"Feature","geometry":{"type":"Point","coordinates":[-63.22881,-17.38455,0]},"properties":{"name":"9"}},
{"type":"Feature","geometry":{"type":"Point","coordinates":[-63.22847,-17.3846,0]},"properties":{"name":"26"}},
{"type":"Feature","geometry":{"type":"Point","coordinates":[-63.22873,-17.38447,0]},"properties":{"name":"10"}},
{"type":"Feature","geometry":{"type":"Point","coordinates":[-63.22839,-17.38453,0]},"properties":{"name":"25"}},
{"type":"Feature","geometry":{"type":"Point","coordinates":[-63.22865,-17.3844,0]},"properties":{"name":"11"}},
{"type":"Feature","geometry":{"type":"Point","coordinates":[-63.2283,-17.38446,0]},"properties":{"name":"24"}},
{"type":"Feature","geometry":{"type":"Point","coordinates":[-63.22856,-17.38433,0]},"properties":{"name":"12"}},
{"type":"Feature","geometry":{"type":"Point","coordinates":[-63.22822,-17.38439,0]},"properties":{"name":"23"}},
{"type":"Feature","geometry":{"type":"Point","coordinates":[-63.22848,-17.38425,0]},"properties":{"name":"13"}},
{"type":"Feature","geometry":{"type":"Point","coordinates":[-63.22813,-17.38432,0]},"properties":{"name":"22"}},
{"type":"Feature","geometry":{"type":"Point","coordinates":[-63.2284,-17.38418,0]},"properties":{"name":"14"}},
{"type":"Feature","geometry":{"type":"Point","coordinates":[-63.22805,-17.38424,0]},"properties":{"name":"21"}},
{"type":"Feature","geometry":{"type":"Point","coordinates":[-63.22796,-17.38417,0]},"properties":{"name":"20"}},
{"type":"Feature","geometry":{"type":"Point","coordinates":[-63.22786,-17.38408,0]},"properties":{"name":"19"}},
{"type":"Feature","geometry":{"type":"Point","coordinates":[-63.22806,-17.38389,0]},"properties":{"name":"18"}},
{"type":"Feature","geometry":{"type":"Point","coordinates":[-63.22823,-17.38404,0]},"properties":{"name":"16"}},
{"type":"Feature","geometry":{"type":"Point","coordinates":[-63.22949,-17.38514,0]},"properties":{"name":"1"}},
{"type":"Feature","geometry":{"type":"Point","coordinates":[-63.22939,-17.38505,0]},"properties":{"name":"2"}},
{"type":"Feature","geometry":{"type":"Point","coordinates":[-63.22815,-17.38396,0]},"properties":{"name":"17"}},
{"type":"Feature","geometry":{"type":"Point","coordinates":[-63.22831,-17.38411,0]},"properties":{"name":"15"}},
{"type":"Feature","geometry":{"type":"Point","coordinates":[-63.22981,-17.38449,0]},"properties":{"name":"3"}},
{"type":"Feature","geometry":{"type":"Point","coordinates":[-63.22972,-17.38441,0]},"properties":{"name":"4"}},
{"type":"Feature","geometry":{"type":"Point","coordinates":[-63.22964,-17.38434,0]},"properties":{"name":"5"}},
{"type":"Feature","geometry":{"type":"Point","coordinates":[-63.22947,-17.3842,0]},"properties":{"name":"7"}},
{"type":"Feature","geometry":{"type":"Point","coordinates":[-63.22955,-17.38427,0]},"properties":{"name":"6"}},
{"type":"Feature","geometry":{"type":"Point","coordinates":[-63.22939,-17.38412,0]},"properties":{"name":"8"}},
{"type":"Feature","geometry":{"type":"Point","coordinates":[-63.22909,-17.38427,0]},"properties":{"name":"27"}},
{"type":"Feature","geometry":{"type":"Point","coordinates":[-63.2293,-17.38405,0]},"properties":{"name":"9"}},
{"type":"Feature","geometry":{"type":"Point","coordinates":[-63.22901,-17.3842,0]},"properties":{"name":"26"}},
{"type":"Feature","geometry":{"type":"Point","coordinates":[-63.22923,-17.38398,0]},"properties":{"name":"10"}},
{"type":"Feature","geometry":{"type":"Point","coordinates":[-63.22893,-17.38412,0]},"properties":{"name":"25"}},
{"type":"Feature","geometry":{"type":"Point","coordinates":[-63.22915,-17.3839,0]},"properties":{"name":"11"}},
{"type":"Feature","geometry":{"type":"Point","coordinates":[-63.22884,-17.38405,0]},"properties":{"name":"24"}},
{"type":"Feature","geometry":{"type":"Point","coordinates":[-63.22906,-17.38383,0]},"properties":{"name":"12"}},
{"type":"Feature","geometry":{"type":"Point","coordinates":[-63.22876,-17.38398,0]},"properties":{"name":"23"}},
{"type":"Feature","geometry":{"type":"Point","coordinates":[-63.22898,-17.38376,0]},"properties":{"name":"13"}},
{"type":"Feature","geometry":{"type":"Point","coordinates":[-63.22867,-17.38391,0]},"properties":{"name":"22"}},
{"type":"Feature","geometry":{"type":"Point","coordinates":[-63.22889,-17.38369,0]},"properties":{"name":"14"}},
{"type":"Feature","geometry":{"type":"Point","coordinates":[-63.22998,-17.38464,0]},"properties":{"name":"1"}},
{"type":"Feature","geometry":{"type":"Point","coordinates":[-63.22989,-17.38456,0]},"properties":{"name":"2"}},
{"type":"Feature","geometry":{"type":"Point","coordinates":[-63.22886,-17.38358,0]},"properties":{"name":"15"}},
{"type":"Feature","geometry":{"type":"Point","coordinates":[-63.23144,-17.38591,0]},"properties":{"name":"3"}},
{"type":"Feature","geometry":{"type":"Point","coordinates":[-63.23136,-17.38584,0]},"properties":{"name":"4"}},
{"type":"Feature","geometry":{"type":"Point","coordinates":[-63.23127,-17.38577,0]},"properties":{"name":"5"}},
{"type":"Feature","geometry":{"type":"Point","coordinates":[-63.23111,-17.38562,0]},"properties":{"name":"7"}},
{"type":"Feature","geometry":{"type":"Point","coordinates":[-63.23123,-17.38614,0]},"properties":{"name":"34"}},
{"type":"Feature","geometry":{"type":"Point","coordinates":[-63.23119,-17.3857,0]},"properties":{"name":"6"}},
{"type":"Feature","geometry":{"type":"Point","coordinates":[-63.23103,-17.38555,0]},"properties":{"name":"8"}},
{"type":"Feature","geometry":{"type":"Point","coordinates":[-63.23114,-17.38607,0]},"properties":{"name":"33"}},
{"type":"Feature","geometry":{"type":"Point","coordinates":[-63.23094,-17.38548,0]},"properties":{"name":"9"}},
{"type":"Feature","geometry":{"type":"Point","coordinates":[-63.23106,-17.38599,0]},"properties":{"name":"32"}},
{"type":"Feature","geometry":{"type":"Point","coordinates":[-63.23087,-17.3854,0]},"properties":{"name":"10"}},
{"type":"Feature","geometry":{"type":"Point","coordinates":[-63.23098,-17.38592,0]},"properties":{"name":"31"}},
{"type":"Feature","geometry":{"type":"Point","coordinates":[-63.23078,-17.38533,0]},"properties":{"name":"11"}},
{"type":"Feature","geometry":{"type":"Point","coordinates":[-63.23089,-17.38585,0]},"properties":{"name":"30"}},
{"type":"Feature","geometry":{"type":"Point","coordinates":[-63.2307,-17.38526,0]},"properties":{"name":"12"}},
{"type":"Feature","geometry":{"type":"Point","coordinates":[-63.23081,-17.38577,0]},"properties":{"name":"29"}},
{"type":"Feature","geometry":{"type":"Point","coordinates":[-63.23061,-17.38519,0]},"properties":{"name":"13"}},
{"type":"Feature","geometry":{"type":"Point","coordinates":[-63.23073,-17.3857,0]},"properties":{"name":"28"}},
{"type":"Feature","geometry":{"type":"Point","coordinates":[-63.23053,-17.38512,0]},"properties":{"name":"14"}},
{"type":"Feature","geometry":{"type":"Point","coordinates":[-63.23065,-17.38563,0]},"properties":{"name":"27"}},
{"type":"Feature","geometry":{"type":"Point","coordinates":[-63.23045,-17.38504,0]},"properties":{"name":"15"}},
{"type":"Feature","geometry":{"type":"Point","coordinates":[-63.23056,-17.38556,0]},"properties":{"name":"26"}},
{"type":"Feature","geometry":{"type":"Point","coordinates":[-63.23036,-17.38497,0]},"properties":{"name":"16"}},
{"type":"Feature","geometry":{"type":"Point","coordinates":[-63.23048,-17.38549,0]},"properties":{"name":"25"}},
{"type":"Feature","geometry":{"type":"Point","coordinates":[-63.23028,-17.38489,0]},"properties":{"name":"17"}},
{"type":"Feature","geometry":{"type":"Point","coordinates":[-63.2304,-17.38541,0]},"properties":{"name":"24"}},
{"type":"Feature","geometry":{"type":"Point","coordinates":[-63.22997,-17.38504,0]},"properties":{"name":"19"}},
{"type":"Feature","geometry":{"type":"Point","coordinates":[-63.23023,-17.38527,0]},"properties":{"name":"22"}},
{"type":"Feature","geometry":{"type":"Point","coordinates":[-63.23172,-17.38609,0]},"properties":{"name":"1"}},
{"type":"Feature","geometry":{"type":"Point","coordinates":[-63.23153,-17.38598,0]},"properties":{"name":"2"}},
{"type":"Feature","geometry":{"type":"Point","coordinates":[-63.2302,-17.38482,0]},"properties":{"name":"18"}},
{"type":"Feature","geometry":{"type":"Point","coordinates":[-63.23031,-17.38533,0]},"properties":{"name":"23"}},
{"type":"Feature","geometry":{"type":"Point","coordinates":[-63.23015,-17.38519,0]},"properties":{"name":"21"}},
{"type":"Feature","geometry":{"type":"Point","coordinates":[-63.23006,-17.38511,0]},"properties":{"name":"20"}},
{"type":"Feature","geometry":{"type":"Point","coordinates":[-63.23196,-17.38524,0]},"properties":{"name":"3"}},
{"type":"Feature","geometry":{"type":"Point","coordinates":[-63.23188,-17.38516,0]},"properties":{"name":"4"}},
{"type":"Feature","geometry":{"type":"Point","coordinates":[-63.23179,-17.38509,0]},"properties":{"name":"5"}},
{"type":"Feature","geometry":{"type":"Point","coordinates":[-63.23162,-17.38494,0]},"properties":{"name":"7"}},
{"type":"Feature","geometry":{"type":"Point","coordinates":[-63.23192,-17.38563,0]},"properties":{"name":"34"}},
{"type":"Feature","geometry":{"type":"Point","coordinates":[-63.23171,-17.38502,0]},"properties":{"name":"6"}},
{"type":"Feature","geometry":{"type":"Point","coordinates":[-63.23154,-17.38487,0]},"properties":{"name":"8"}},
{"type":"Feature","geometry":{"type":"Point","coordinates":[-63.23182,-17.38554,0]},"properties":{"name":"33"}},
{"type":"Feature","geometry":{"type":"Point","coordinates":[-63.23146,-17.3848,0]},"properties":{"name":"9"}},
{"type":"Feature","geometry":{"type":"Point","coordinates":[-63.23174,-17.38547,0]},"properties":{"name":"32"}},
{"type":"Feature","geometry":{"type":"Point","coordinates":[-63.23138,-17.38472,0]},"properties":{"name":"10"}},
{"type":"Feature","geometry":{"type":"Point","coordinates":[-63.23166,-17.38539,0]},"properties":{"name":"31"}},
{"type":"Feature","geometry":{"type":"Point","coordinates":[-63.2313,-17.38465,0]},"properties":{"name":"11"}},
{"type":"Feature","geometry":{"type":"Point","coordinates":[-63.23157,-17.38532,0]},"properties":{"name":"30"}},
{"type":"Feature","geometry":{"type":"Point","coordinates":[-63.23121,-17.38458,0]},"properties":{"name":"12"}},
{"type":"Feature","geometry":{"type":"Point","coordinates":[-63.23149,-17.38525,0]},"properties":{"name":"29"}},
{"type":"Feature","geometry":{"type":"Point","coordinates":[-63.23113,-17.38451,0]},"properties":{"name":"13"}},
{"type":"Feature","geometry":{"type":"Point","coordinates":[-63.2314,-17.38518,0]},"properties":{"name":"28"}},
{"type":"Feature","geometry":{"type":"Point","coordinates":[-63.23105,-17.38444,0]},"properties":{"name":"14"}},
{"type":"Feature","geometry":{"type":"Point","coordinates":[-63.23132,-17.38511,0]},"properties":{"name":"27"}},
{"type":"Feature","geometry":{"type":"Point","coordinates":[-63.23096,-17.38436,0]},"properties":{"name":"15"}},
{"type":"Feature","geometry":{"type":"Point","coordinates":[-63.23123,-17.38503,0]},"properties":{"name":"26"}},
{"type":"Feature","geometry":{"type":"Point","coordinates":[-63.23088,-17.38429,0]},"properties":{"name":"16"}},
{"type":"Feature","geometry":{"type":"Point","coordinates":[-63.23115,-17.38496,0]},"properties":{"name":"25"}},
{"type":"Feature","geometry":{"type":"Point","coordinates":[-63.2308,-17.38421,0]},"properties":{"name":"17"}},
{"type":"Feature","geometry":{"type":"Point","coordinates":[-63.23107,-17.38489,0]},"properties":{"name":"24"}},
{"type":"Feature","geometry":{"type":"Point","coordinates":[-63.23065,-17.38452,0]},"properties":{"name":"19"}},
{"type":"Feature","geometry":{"type":"Point","coordinates":[-63.2309,-17.38474,0]},"properties":{"name":"22"}},
{"type":"Feature","geometry":{"type":"Point","coordinates":[-63.23214,-17.38539,0]},"properties":{"name":"1"}},
{"type":"Feature","geometry":{"type":"Point","coordinates":[-63.23204,-17.38531,0]},"properties":{"name":"2"}},
{"type":"Feature","geometry":{"type":"Point","coordinates":[-63.23056,-17.38445,0]},"properties":{"name":"18"}},
{"type":"Feature","geometry":{"type":"Point","coordinates":[-63.23098,-17.38481,0]},"properties":{"name":"23"}},
{"type":"Feature","geometry":{"type":"Point","coordinates":[-63.23081,-17.38466,0]},"properties":{"name":"21"}},
{"type":"Feature","geometry":{"type":"Point","coordinates":[-63.23073,-17.38459,0]},"properties":{"name":"20"}},
{"type":"Feature","geometry":{"type":"Point","coordinates":[-63.2304,-17.38388,0]},"properties":{"name":"3"}},
{"type":"Feature","geometry":{"type":"Point","coordinates":[-63.23032,-17.38381,0]},"properties":{"name":"4"}},
{"type":"Feature","geometry":{"type":"Point","coordinates":[-63.23023,-17.38374,0]},"properties":{"name":"5"}},
{"type":"Feature","geometry":{"type":"Point","coordinates":[-63.23007,-17.38359,0]},"properties":{"name":"7"}},
{"type":"Feature","geometry":{"type":"Point","coordinates":[-63.22976,-17.38375,0]},"properties":{"name":"28"}},
{"type":"Feature","geometry":{"type":"Point","coordinates":[-63.23015,-17.38366,0]},"properties":{"name":"6"}},
{"type":"Feature","geometry":{"type":"Point","coordinates":[-63.22998,-17.38352,0]},"properties":{"name":"8"}},
{"type":"Feature","geometry":{"type":"Point","coordinates":[-63.22968,-17.38368,0]},"properties":{"name":"27"}},
{"type":"Feature","geometry":{"type":"Point","coordinates":[-63.2299,-17.38345,0]},"properties":{"name":"9"}},
{"type":"Feature","geometry":{"type":"Point","coordinates":[-63.22959,-17.3836,0]},"properties":{"name":"26"}},
{"type":"Feature","geometry":{"type":"Point","coordinates":[-63.22982,-17.38337,0]},"properties":{"name":"10"}},
{"type":"Feature","geometry":{"type":"Point","coordinates":[-63.22951,-17.38353,0]},"properties":{"name":"25"}},
{"type":"Feature","geometry":{"type":"Point","coordinates":[-63.22974,-17.3833,0]},"properties":{"name":"11"}},
{"type":"Feature","geometry":{"type":"Point","coordinates":[-63.22942,-17.38346,0]},"properties":{"name":"24"}},
{"type":"Feature","geometry":{"type":"Point","coordinates":[-63.22965,-17.38323,0]},"properties":{"name":"12"}},
{"type":"Feature","geometry":{"type":"Point","coordinates":[-63.22934,-17.38338,0]},"properties":{"name":"23"}},
{"type":"Feature","geometry":{"type":"Point","coordinates":[-63.22957,-17.38315,0]},"properties":{"name":"13"}},
{"type":"Feature","geometry":{"type":"Point","coordinates":[-63.22926,-17.38331,0]},"properties":{"name":"22"}},
{"type":"Feature","geometry":{"type":"Point","coordinates":[-63.22949,-17.38308,0]},"properties":{"name":"14"}},
{"type":"Feature","geometry":{"type":"Point","coordinates":[-63.22914,-17.38329,0]},"properties":{"name":"21"}},
{"type":"Feature","geometry":{"type":"Point","coordinates":[-63.22895,-17.38314,0]},"properties":{"name":"20"}},
{"type":"Feature","geometry":{"type":"Point","coordinates":[-63.22906,-17.38303,0]},"properties":{"name":"19"}},
{"type":"Feature","geometry":{"type":"Point","coordinates":[-63.22914,-17.38295,0]},"properties":{"name":"18"}},
{"type":"Feature","geometry":{"type":"Point","coordinates":[-63.22929,-17.38279,0]},"properties":{"name":"16"}},
{"type":"Feature","geometry":{"type":"Point","coordinates":[-63.23058,-17.38404,0]},"properties":{"name":"1"}},
{"type":"Feature","geometry":{"type":"Point","coordinates":[-63.23049,-17.38395,0]},"properties":{"name":"2"}},
{"type":"Feature","geometry":{"type":"Point","coordinates":[-63.22922,-17.38287,0]},"properties":{"name":"17"}},
{"type":"Feature","geometry":{"type":"Point","coordinates":[-63.22946,-17.38297,0]},"properties":{"name":"15"}},
{"type":"Feature","geometry":{"type":"Point","coordinates":[-63.23186,-17.38611,0]},"properties":{"name":"R9"}},
{"type":"Feature","geometry":{"type":"Point","coordinates":[-63.23144,-17.38649,0]},"properties":{"name":"R7"}},
{"type":"Feature","geometry":{"type":"Point","coordinates":[-63.23134,-17.38664,0]},"properties":{"name":"R7"}},
{"type":"Feature","geometry":{"type":"Point","coordinates":[-63.2297,-17.38525,0]},"properties":{"name":"R7"}},
{"type":"Feature","geometry":{"type":"Point","coordinates":[-63.22989,-17.38508,0]},"properties":{"name":"R7"}},
{"type":"Feature","geometry":{"type":"Point","coordinates":[-63.23023,-17.38473,0]},"properties":{"name":"R9"}},
{"type":"Feature","geometry":{"type":"Point","coordinates":[-63.23081,-17.38414,0]},"properties":{"name":"R9"}},
{"type":"Feature","geometry":{"type":"Point","coordinates":[-63.23047,-17.38451,0]},"properties":{"name":"R9"}},
{"type":"Feature","geometry":{"type":"Point","coordinates":[-63.23184,-17.38574,0]},"properties":{"name":"R9"}},
{"type":"Feature","geometry":{"type":"Point","coordinates":[-63.23225,-17.38535,0]},"properties":{"name":"R9"}},
{"type":"Feature","geometry":{"type":"Point","coordinates":[-63.23011,-17.38458,0]},"properties":{"name":"R9"}},
{"type":"Feature","geometry":{"type":"Point","coordinates":[-63.22973,-17.38496,0]},"properties":{"name":"R7"}},
{"type":"Feature","geometry":{"type":"Point","coordinates":[-63.22959,-17.38512,0]},"properties":{"name":"R7"}},
{"type":"Feature","geometry":{"type":"Point","coordinates":[-63.22806,-17.38382,0]},"properties":{"name":"R9"}},
{"type":"Feature","geometry":{"type":"Point","coordinates":[-63.22826,-17.38367,0]},"properties":{"name":"R9"}},
{"type":"Feature","geometry":{"type":"Point","coordinates":[-63.22862,-17.38332,0]},"properties":{"name":"R12"}},
{"type":"Feature","geometry":{"type":"Point","coordinates":[-63.22885,-17.3831,0]},"properties":{"name":"R12"}},
{"type":"Feature","geometry":{"type":"Point","coordinates":[-63.23029,-17.38438,0]},"properties":{"name":"R9"}},
{"type":"Feature","geometry":{"type":"Point","coordinates":[-63.23069,-17.38399,0]},"properties":{"name":"R9"}},
{"type":"Feature","geometry":{"type":"Point","coordinates":[-63.23241,-17.3869,0]},"properties":{"name":"EQUIPAMIENTO"}},
{"type":"Feature","geometry":{"type":"LineString","coordinates":[[-63.23781,-17.39349],[-63.2376,-17.39331]]},"properties":{"name":"Línea [4BBD4]:0","stroke-opacity":1,"stroke":"#0000fe","stroke-width":4}},
{"type":"Feature","geometry":{"type":"LineString","coordinates":[[-63.23787,-17.39343],[-63.23766,-17.39324]]},"properties":{"name":"Línea [4BBAF]:0","stroke-opacity":1,"stroke":"#0000fe","stroke-width":4}},
{"type":"Feature","geometry":{"type":"LineString","coordinates":[[-63.23794,-17.39336],[-63.23773,-17.39318]]},"properties":{"name":"Línea [4BB8A]:0","stroke-opacity":1,"stroke":"#0000fe","stroke-width":4}},
{"type":"Feature","geometry":{"type":"LineString","coordinates":[[-63.238,-17.39329],[-63.23779,-17.39311]]},"properties":{"name":"Línea [4BB65]:0","stroke-opacity":1,"stroke":"#0000fe","stroke-width":4}},
{"type":"Feature","geometry":{"type":"LineString","coordinates":[[-63.23807,-17.39323],[-63.23786,-17.39304]]},"properties":{"name":"Línea [4BB40]:0","stroke-opacity":1,"stroke":"#0000fe","stroke-width":4}},
{"type":"Feature","geometry":{"type":"LineString","coordinates":[[-63.23813,-17.39316],[-63.23792,-17.39298]]},"properties":{"name":"Línea [4BB1B]:0","stroke-opacity":1,"stroke":"#0000fe","stroke-width":4}},
{"type":"Feature","geometry":{"type":"LineString","coordinates":[[-63.23819,-17.3931],[-63.23799,-17.39291]]},"properties":{"name":"Línea [4BAF6]:0","stroke-opacity":1,"stroke":"#0000fe","stroke-width":4}},
{"type":"Feature","geometry":{"type":"LineString","coordinates":[[-63.23826,-17.39303],[-63.23805,-17.39285]]},"properties":{"name":"Línea [4BAD1]:0","stroke-opacity":1,"stroke":"#0000fe","stroke-width":4}},
{"type":"Feature","geometry":{"type":"LineString","coordinates":[[-63.23832,-17.39296],[-63.23811,-17.39278]]},"properties":{"name":"Línea [4BAAC]:0","stroke-opacity":1,"stroke":"#0000fe","stroke-width":4}},
{"type":"Feature","geometry":{"type":"LineString","coordinates":[[-63.23839,-17.3929],[-63.23818,-17.39271]]},"properties":{"name":"Línea [4BA87]:0","stroke-opacity":1,"stroke":"#0000fe","stroke-width":4}},
{"type":"Feature","geometry":{"type":"LineString","coordinates":[[-63.23845,-17.39283],[-63.23824,-17.39265]]},"properties":{"name":"Línea [4BA56]:0","stroke-opacity":1,"stroke":"#0000fe","stroke-width":4}},
{"type":"Feature","geometry":{"type":"LineString","coordinates":[[-63.23751,-17.39323],[-63.2373,-17.39305]]},"properties":{"name":"Línea [4B948]:0","stroke-opacity":1,"stroke":"#0000fe","stroke-width":4}},
{"type":"Feature","geometry":{"type":"LineString","coordinates":[[-63.23757,-17.39316],[-63.23737,-17.39298]]},"properties":{"name":"Línea [4B902]:0","stroke-opacity":1,"stroke":"#0000fe","stroke-width":4}},
{"type":"Feature","geometry":{"type":"LineString","coordinates":[[-63.23764,-17.3931],[-63.23743,-17.39292]]},"properties":{"name":"Línea [4B8DF]:0","stroke-opacity":1,"stroke":"#0000fe","stroke-width":4}},
{"type":"Feature","geometry":{"type":"LineString","coordinates":[[-63.2377,-17.39303],[-63.23749,-17.39285]]},"properties":{"name":"Línea [4B8BC]:0","stroke-opacity":1,"stroke":"#0000fe","stroke-width":4}},
{"type":"Feature","geometry":{"type":"LineString","coordinates":[[-63.23777,-17.39297],[-63.23756,-17.39278]]},"properties":{"name":"Línea [4B899]:0","stroke-opacity":1,"stroke":"#0000fe","stroke-width":4}},
{"type":"Feature","geometry":{"type":"LineString","coordinates":[[-63.23783,-17.3929],[-63.23762,-17.39272]]},"properties":{"name":"Línea [4B876]:0","stroke-opacity":1,"stroke":"#0000fe","stroke-width":4}},
{"type":"Feature","geometry":{"type":"LineString","coordinates":[[-63.2379,-17.39283],[-63.23769,-17.39265]]},"properties":{"name":"Línea [4B853]:0","stroke-opacity":1,"stroke":"#0000fe","stroke-width":4}},
{"type":"Feature","geometry":{"type":"LineString","coordinates":[[-63.23796,-17.39277],[-63.23775,-17.39258]]},"properties":{"name":"Línea [4B830]:0","stroke-opacity":1,"stroke":"#0000fe","stroke-width":4}},
{"type":"Feature","geometry":{"type":"LineString","coordinates":[[-63.23802,-17.3927],[-63.23781,-17.39252]]},"properties":{"name":"Línea [4B80D]:0","stroke-opacity":1,"stroke":"#0000fe","stroke-width":4}},
{"type":"Feature","geometry":{"type":"LineString","coordinates":[[-63.23809,-17.39264],[-63.23788,-17.39245]]},"properties":{"name":"Línea [4B7EA]:0","stroke-opacity":1,"stroke":"#0000fe","stroke-width":4}},
{"type":"Feature","geometry":{"type":"LineString","coordinates":[[-63.23815,-17.39257],[-63.23794,-17.39239]]},"properties":{"name":"Línea [4B7BB]:0","stroke-opacity":1,"stroke":"#0000fe","stroke-width":4}},
{"type":"Feature","geometry":{"type":"MultiLineString","coordinates":[[[-63.22892,-17.38238],[-63.22891,-17.38237]],[[-63.22894,-17.38244],[-63.22893,-17.38244]],[[-63.22893,-17.38248],[-63.22893,-17.38247]],[[-63.2289,-17.38245],[-63.2289,-17.38244]],[[-63.22888,-17.38241],[-63.22887,-17.38241]],[[-63.22876,-17.38229],[-63.22876,-17.38228]],[[-63.22874,-17.38226],[-63.22873,-17.38225]],[[-63.2289,-17.38248],[-63.22889,-17.38248]],[[-63.22884,-17.38242],[-63.22884,-17.38241]],[[-63.22881,-17.38239],[-63.22881,-17.38238]],[[-63.22879,-17.38235],[-63.22878,-17.38235]],[[-63.22867,-17.38223],[-63.22867,-17.38222]],[[-63.22865,-17.3822],[-63.22864,-17.38219]],[[-63.22892,-17.38255],[-63.22891,-17.38254]],[[-63.22881,-17.38242],[-63.2288,-17.38242]],[[-63.22875,-17.38236],[-63.22875,-17.38235]],[[-63.22872,-17.38233],[-63.22872,-17.38232]],[[-63.2287,-17.38229],[-63.22869,-17.38229]],[[-63.22886,-17.38252],[-63.22885,-17.38252]],[[-63.22883,-17.38249],[-63.22883,-17.38248]],[[-63.22872,-17.38236],[-63.22871,-17.38236]],[[-63.22866,-17.3823],[-63.22866,-17.38229]],[[-63.22861,-17.38223],[-63.2286,-17.38223]],[[-63.22888,-17.38258],[-63.22887,-17.38258]],[[-63.22863,-17.3823],[-63.22862,-17.3823]],[[-63.2286,-17.38227],[-63.2286,-17.38226]],[[-63.22857,-17.38224],[-63.22857,-17.38223]],[[-63.22884,-17.38259],[-63.22884,-17.38258]],[[-63.22881,-17.38256],[-63.22881,-17.38255]],[[-63.22879,-17.38252],[-63.22878,-17.38252]],[[-63.22868,-17.3824],[-63.22867,-17.38239]],[[-63.22865,-17.38237],[-63.22865,-17.38236]],[[-63.22857,-17.38227],[-63.22856,-17.38227]],[[-63.22884,-17.38262],[-63.22883,-17.38262]],[[-63.22875,-17.38253],[-63.22875,-17.38252]],[[-63.22859,-17.38234],[-63.22858,-17.38233]],[[-63.22856,-17.38231],[-63.22856,-17.3823]],[[-63.22861,-17.3824],[-63.2286,-17.3824]],[[-63.22875,-17.38256],[-63.22874,-17.38256]],[[-63.22857,-17.38241],[-63.22857,-17.3824]],[[-63.22855,-17.38237],[-63.22854,-17.38237]],[[-63.22851,-17.38238],[-63.22851,-17.38237]],[[-63.22848,-17.38235],[-63.22848,-17.38234]],[[-63.22868,-17.38257],[-63.22867,-17.38256]],[[-63.22875,-17.3827],[-63.22875,-17.38269]],[[-63.22873,-17.38266],[-63.22872,-17.38266]],[[-63.22848,-17.38238],[-63.22847,-17.38238]],[[-63.22875,-17.38273],[-63.22874,-17.38273]],[[-63.22869,-17.38267],[-63.22869,-17.38266]],[[-63.22869,-17.3827],[-63.22868,-17.3827]],[[-63.22841,-17.38239],[-63.22841,-17.38238]],[[-63.22844,-17.38242],[-63.22843,-17.38241]],[[-63.22855,-17.38254],[-63.22854,-17.38254]],[[-63.22871,-17.38277],[-63.2287,-17.38277]],[[-63.22868,-17.38274],[-63.22868,-17.38273]],[[-63.22865,-17.38271],[-63.22865,-17.3827]],[[-63.22851,-17.38255],[-63.22851,-17.38254]],[[-63.22848,-17.38252],[-63.22848,-17.38251]],[[-63.22846,-17.38248],[-63.22845,-17.38248]],[[-63.22862,-17.38271],[-63.22861,-17.38271]],[[-63.22859,-17.38268],[-63.22859,-17.38267]],[[-63.22837,-17.38242],[-63.22836,-17.38242]],[[-63.22842,-17.38249],[-63.22842,-17.38248]],[[-63.22867,-17.38281],[-63.22866,-17.3828]],[[-63.22853,-17.38265],[-63.22852,-17.38265]],[[-63.22842,-17.38252],[-63.22841,-17.38252]],[[-63.2286,-17.38278],[-63.2286,-17.38277]],[[-63.22858,-17.38275],[-63.22857,-17.38274]],[[-63.22844,-17.38259],[-63.22843,-17.38258]],[[-63.22841,-17.38256],[-63.22841,-17.38255]],[[-63.2286,-17.38281],[-63.22859,-17.38281]],[[-63.22851,-17.38272],[-63.22851,-17.38271]],[[-63.22849,-17.38269],[-63.22848,-17.38268]],[[-63.22838,-17.38256],[-63.22837,-17.38256]],[[-63.22835,-17.38253],[-63.22835,-17.38252]],[[-63.22832,-17.3825],[-63.22832,-17.38249]],[[-63.22859,-17.38285],[-63.22859,-17.38284]],[[-63.22851,-17.38275],[-63.2285,-17.38275]],[[-63.22842,-17.38266],[-63.22842,-17.38265]],[[-63.2284,-17.38262],[-63.22839,-17.38262]],[[-63.22856,-17.38285],[-63.22855,-17.38285]],[[-63.22853,-17.38282],[-63.22853,-17.38281]],[[-63.2285,-17.38279],[-63.2285,-17.38278]],[[-63.22845,-17.38272],[-63.22844,-17.38272]],[[-63.22833,-17.3826],[-63.22833,-17.38259]],[[-63.22831,-17.38256],[-63.2283,-17.38256]],[[-63.22847,-17.38279],[-63.22846,-17.38279]],[[-63.22844,-17.38276],[-63.22844,-17.38275]],[[-63.22836,-17.38266],[-63.22835,-17.38266]],[[-63.22827,-17.38257],[-63.22827,-17.38256]],[[-63.22838,-17.38273],[-63.22837,-17.38273]],[[-63.22835,-17.3827],[-63.22835,-17.38269]],[[-63.22832,-17.38267],[-63.22832,-17.38266]],[[-63.22827,-17.3826],[-63.22826,-17.3826]],[[-63.22835,-17.38304],[-63.22835,-17.38303]],[[-63.2283,-17.38297],[-63.22829,-17.38297]],[[-63.22832,-17.38304],[-63.22831,-17.38304]],[[-63.22826,-17.38298],[-63.22826,-17.38297]],[[-63.22834,-17.38311],[-63.22834,-17.3831]],[[-63.22826,-17.38301],[-63.22825,-17.38301]],[[-63.2282,-17.38295],[-63.2282,-17.38294]],[[-63.22817,-17.38292],[-63.22817,-17.38291]],[[-63.22812,-17.38285],[-63.22811,-17.38285]],[[-63.22828,-17.38308],[-63.22827,-17.38307]],[[-63.22825,-17.38305],[-63.22825,-17.38304]],[[-63.22817,-17.38295],[-63.22816,-17.38295]],[[-63.22811,-17.38289],[-63.22811,-17.38288]],[[-63.22808,-17.38286],[-63.22808,-17.38285]],[[-63.22803,-17.38279],[-63.22802,-17.38279]],[[-63.22819,-17.38302],[-63.22818,-17.38301]],[[-63.22808,-17.38289],[-63.22807,-17.38289]],[[-63.22802,-17.38283],[-63.22802,-17.38282]],[[-63.22829,-17.38318],[-63.22829,-17.38317]],[[-63.22826,-17.38315],[-63.22826,-17.38314]],[[-63.22824,-17.38311],[-63.22823,-17.38311]],[[-63.2281,-17.38296],[-63.22809,-17.38295]],[[-63.22799,-17.38283],[-63.22798,-17.38283]],[[-63.22826,-17.38318],[-63.22825,-17.38318]],[[-63.2282,-17.38312],[-63.2282,-17.38311]],[[-63.22817,-17.38309],[-63.22817,-17.38308]],[[-63.22815,-17.38305],[-63.22814,-17.38305]],[[-63.22803,-17.38293],[-63.22803,-17.38292]],[[-63.22801,-17.3829],[-63.228,-17.38289]],[[-63.22825,-17.38322],[-63.22825,-17.38321]],[[-63.22817,-17.38312],[-63.22816,-17.38312]],[[-63.22811,-17.38306],[-63.22811,-17.38305]],[[-63.22808,-17.38303],[-63.22808,-17.38302]],[[-63.22806,-17.38299],[-63.22805,-17.38299]],[[-63.22822,-17.38322],[-63.22821,-17.38322]],[[-63.22819,-17.38319],[-63.22819,-17.38318]],[[-63.22808,-17.38306],[-63.22807,-17.38306]],[[-63.22802,-17.383],[-63.22802,-17.38299]],[[-63.22797,-17.38293],[-63.22796,-17.38293]],[[-63.22813,-17.38316],[-63.22812,-17.38315]],[[-63.2281,-17.38313],[-63.2281,-17.38312]],[[-63.22802,-17.38303],[-63.22801,-17.38303]],[[-63.22793,-17.38294],[-63.22793,-17.38293]],[[-63.22817,-17.38326],[-63.22817,-17.38325]],[[-63.22815,-17.38322],[-63.22814,-17.38322]],[[-63.22804,-17.3831],[-63.22803,-17.38309]],[[-63.22801,-17.38307],[-63.22801,-17.38306]],[[-63.22793,-17.38297],[-63.22792,-17.38297]],[[-63.22811,-17.38323],[-63.22811,-17.38322]],[[-63.22808,-17.3832],[-63.22808,-17.38319]],[[-63.22806,-17.38316],[-63.22805,-17.38316]],[[-63.22795,-17.38304],[-63.22794,-17.38303]],[[-63.22792,-17.38301],[-63.22792,-17.383]],[[-63.22811,-17.38326],[-63.2281,-17.38326]],[[-63.22802,-17.38317],[-63.22802,-17.38316]],[[-63.228,-17.38313],[-63.22799,-17.38313]],[[-63.22786,-17.38298],[-63.22785,-17.38297]],[[-63.22813,-17.38333],[-63.22812,-17.38332]],[[-63.2281,-17.3833],[-63.2281,-17.38329]],[[-63.22802,-17.3832],[-63.22801,-17.3832]],[[-63.22793,-17.38311],[-63.22793,-17.3831]],[[-63.22791,-17.38307],[-63.2279,-17.38307]],[[-63.22807,-17.3833],[-63.22806,-17.3833]],[[-63.22804,-17.38327],[-63.22804,-17.38326]],[[-63.22782,-17.38301],[-63.22781,-17.38301]],[[-63.22793,-17.38314],[-63.22792,-17.38314]],[[-63.22787,-17.38308],[-63.22787,-17.38307]],[[-63.22784,-17.38305],[-63.22784,-17.38304]],[[-63.22809,-17.38336],[-63.22808,-17.38336]],[[-63.22792,-17.38318],[-63.22792,-17.38317]],[[-63.22784,-17.38308],[-63.22783,-17.38308]],[[-63.22802,-17.38334],[-63.22802,-17.38333]],[[-63.228,-17.3833],[-63.22799,-17.3833]],[[-63.22789,-17.38318],[-63.22788,-17.38318]],[[-63.22786,-17.38315],[-63.22786,-17.38314]],[[-63.2278,-17.38312],[-63.22779,-17.38312]],[[-63.22777,-17.38309],[-63.22777,-17.38308]],[[-63.22796,-17.38331],[-63.22796,-17.3833]],[[-63.22804,-17.38344],[-63.22804,-17.38343]],[[-63.22782,-17.38318],[-63.22781,-17.38318]],[[-63.22796,-17.38334],[-63.22795,-17.38334]],[[-63.22778,-17.38319],[-63.22778,-17.38318]],[[-63.22776,-17.38316],[-63.22775,-17.38315]],[[-63.22796,-17.38348],[-63.22796,-17.38347]],[[-63.22794,-17.38345],[-63.22793,-17.38344]],[[-63.22769,-17.38316],[-63.22768,-17.38316]],[[-63.2278,-17.38329],[-63.2278,-17.38328]],[[-63.22796,-17.38351],[-63.22795,-17.38351]],[[-63.22768,-17.3832],[-63.22768,-17.38319]],[[-63.2279,-17.38348],[-63.22789,-17.38348]],[[-63.22765,-17.3832],[-63.22764,-17.3832]],[[-63.22776,-17.38332],[-63.22775,-17.38332]],[[-63.22792,-17.38355],[-63.22791,-17.38355]],[[-63.22769,-17.3833],[-63.22769,-17.38329]],[[-63.22767,-17.38326],[-63.22766,-17.38326]],[[-63.22786,-17.38349],[-63.22786,-17.38348]],[[-63.22781,-17.38342],[-63.2278,-17.38342]],[[-63.22763,-17.38327],[-63.22763,-17.38326]],[[-63.22783,-17.38349],[-63.22782,-17.38349]],[[-63.2278,-17.38346],[-63.2278,-17.38345]],[[-63.22777,-17.38343],[-63.22777,-17.38342]],[[-63.22788,-17.38359],[-63.22787,-17.38358]],[[-63.22785,-17.38356],[-63.22785,-17.38355]],[[-63.22768,-17.38337],[-63.22768,-17.38336]],[[-63.22763,-17.3833],[-63.22762,-17.3833]],[[-63.22774,-17.38343],[-63.22773,-17.38343]],[[-63.22779,-17.38353],[-63.22778,-17.38352]],[[-63.22765,-17.38337],[-63.22764,-17.38337]],[[-63.22762,-17.38334],[-63.22762,-17.38333]],[[-63.22759,-17.38331],[-63.22759,-17.3833]],[[-63.2277,-17.38347],[-63.22769,-17.38346]],[[-63.22759,-17.38334],[-63.22758,-17.38334]],[[-63.22756,-17.38331],[-63.22755,-17.38331]],[[-63.22781,-17.38359],[-63.2278,-17.38359]],[[-63.22772,-17.38353],[-63.22771,-17.38353]],[[-63.22763,-17.38344],[-63.22763,-17.38343]],[[-63.22761,-17.38341],[-63.2276,-17.3834]],[[-63.2278,-17.38363],[-63.2278,-17.38362]],[[-63.22777,-17.3836],[-63.22777,-17.38359]],[[-63.22777,-17.38363],[-63.22776,-17.38363]],[[-63.22771,-17.38357],[-63.22771,-17.38356]],[[-63.22768,-17.38354],[-63.22768,-17.38353]],[[-63.22763,-17.38347],[-63.22762,-17.38347]],[[-63.22754,-17.38338],[-63.22754,-17.38337]],[[-63.22752,-17.38335],[-63.22751,-17.38334]],[[-63.22779,-17.3837],[-63.22778,-17.38369]],[[-63.22768,-17.38357],[-63.22767,-17.38357]],[[-63.22762,-17.38351],[-63.22762,-17.3835]],[[-63.22757,-17.38344],[-63.22756,-17.38344]],[[-63.22772,-17.38367],[-63.22772,-17.38366]],[[-63.2277,-17.38364],[-63.22769,-17.38363]],[[-63.22759,-17.38351],[-63.22758,-17.38351]],[[-63.22753,-17.38345],[-63.22753,-17.38344]],[[-63.22748,-17.38338],[-63.22747,-17.38338]],[[-63.22775,-17.38373],[-63.22774,-17.38373]],[[-63.22764,-17.38361],[-63.22763,-17.3836]],[[-63.22761,-17.38358],[-63.22761,-17.38357]],[[-63.2275,-17.38345],[-63.22749,-17.38345]],[[-63.22747,-17.38342],[-63.22747,-17.38341]],[[-63.22771,-17.38374],[-63.22771,-17.38373]],[[-63.22768,-17.38371],[-63.22768,-17.3837]],[[-63.22766,-17.38367],[-63.22765,-17.38367]],[[-63.22755,-17.38355],[-63.22754,-17.38354]],[[-63.22752,-17.38352],[-63.22752,-17.38351]],[[-63.22762,-17.38368],[-63.22762,-17.38367]],[[-63.22746,-17.38349],[-63.22745,-17.38348]],[[-63.22748,-17.38355],[-63.22747,-17.38355]],[[-63.22866,-17.38215],[-63.22865,-17.38215]],[[-63.22862,-17.38219],[-63.22861,-17.38219]],[[-63.22868,-17.38222],[-63.22867,-17.38222]],[[-63.22871,-17.38225],[-63.2287,-17.38225]],[[-63.22864,-17.38226],[-63.22863,-17.38226]],[[-63.22857,-17.38226],[-63.22856,-17.38226]],[[-63.22877,-17.38228],[-63.22876,-17.38228]],[[-63.2286,-17.38229],[-63.22859,-17.38229]],[[-63.22853,-17.3823],[-63.22852,-17.3823]],[[-63.22873,-17.38232],[-63.22872,-17.38232]],[[-63.22866,-17.38232],[-63.22865,-17.38232]],[[-63.22849,-17.38234],[-63.22848,-17.38234]],[[-63.22886,-17.38234],[-63.22885,-17.38234]],[[-63.22879,-17.38234],[-63.22879,-17.38235]],[[-63.22869,-17.38235],[-63.22868,-17.38235]],[[-63.22862,-17.38236],[-63.22861,-17.38236]],[[-63.22882,-17.38238],[-63.22881,-17.38238]],[[-63.22875,-17.38238],[-63.22874,-17.38238]],[[-63.22858,-17.3824],[-63.22857,-17.3824]],[[-63.22851,-17.3824],[-63.2285,-17.3824]],[[-63.22895,-17.3824],[-63.22894,-17.3824]],[[-63.22888,-17.38241],[-63.22887,-17.38241]],[[-63.2284,-17.38245],[-63.22839,-17.38245]],[[-63.22891,-17.38244],[-63.2289,-17.38244]],[[-63.22884,-17.38244],[-63.22883,-17.38244]],[[-63.22836,-17.38248],[-63.22835,-17.38248]],[[-63.22897,-17.38247],[-63.22896,-17.38247]],[[-63.22849,-17.38251],[-63.22848,-17.38251]],[[-63.22832,-17.38252],[-63.22831,-17.38252]],[[-63.22873,-17.38249],[-63.22872,-17.38249]],[[-63.22862,-17.38249],[-63.22862,-17.3825]],[[-63.22893,-17.3825],[-63.22892,-17.3825]],[[-63.22879,-17.38251],[-63.22879,-17.38252]],[[-63.22876,-17.38252],[-63.22875,-17.38252]],[[-63.22869,-17.38252],[-63.22868,-17.38252]],[[-63.22852,-17.38254],[-63.22851,-17.38254]],[[-63.22845,-17.38254],[-63.22844,-17.38254]],[[-63.22828,-17.38256],[-63.22827,-17.38256]],[[-63.22889,-17.38254],[-63.22888,-17.38254]],[[-63.22882,-17.38255],[-63.22881,-17.38255]],[[-63.22841,-17.38258],[-63.2284,-17.38258]],[[-63.22834,-17.38259],[-63.22833,-17.38259]],[[-63.22865,-17.38256],[-63.22864,-17.38256]],[[-63.22858,-17.38257],[-63.22857,-17.38257]],[[-63.2283,-17.38262],[-63.22829,-17.38263]],[[-63.22843,-17.38265],[-63.22842,-17.38265]],[[-63.22863,-17.38266],[-63.22862,-17.38266]],[[-63.22856,-17.38267],[-63.22855,-17.38267]],[[-63.22839,-17.38269],[-63.22838,-17.38269]],[[-63.22859,-17.3827],[-63.22858,-17.3827]],[[-63.22852,-17.38271],[-63.22851,-17.38271]],[[-63.22845,-17.38271],[-63.22844,-17.38271]],[[-63.22872,-17.38272],[-63.22871,-17.38273]],[[-63.22865,-17.38273],[-63.22864,-17.38273]],[[-63.22848,-17.38275],[-63.22847,-17.38275]],[[-63.22841,-17.38275],[-63.2284,-17.38275]],[[-63.22861,-17.38277],[-63.2286,-17.38277]],[[-63.22854,-17.38277],[-63.22853,-17.38277]],[[-63.22806,-17.38282],[-63.22805,-17.38282]],[[-63.22857,-17.38281],[-63.22856,-17.38281]],[[-63.2285,-17.38281],[-63.22849,-17.38281]],[[-63.22809,-17.38285],[-63.22808,-17.38285]],[[-63.22802,-17.38285],[-63.22801,-17.38285]],[[-63.22863,-17.38283],[-63.22862,-17.38283]],[[-63.22815,-17.38288],[-63.22814,-17.38288]],[[-63.22798,-17.38289],[-63.22797,-17.38289]],[[-63.22811,-17.38291],[-63.2281,-17.38291]],[[-63.22804,-17.38292],[-63.22803,-17.38292]],[[-63.22807,-17.38295],[-63.22806,-17.38295]],[[-63.228,-17.38296],[-63.22799,-17.38296]],[[-63.22789,-17.38296],[-63.22789,-17.38297]],[[-63.2282,-17.38297],[-63.22819,-17.38297]],[[-63.22813,-17.38298],[-63.22812,-17.38298]],[[-63.22806,-17.38298],[-63.22806,-17.38299]],[[-63.22796,-17.38299],[-63.22795,-17.38299]],[[-63.22789,-17.383],[-63.22788,-17.383]],[[-63.22833,-17.383],[-63.22832,-17.383]],[[-63.22822,-17.383],[-63.22822,-17.38301]],[[-63.22816,-17.38301],[-63.22815,-17.38301]],[[-63.22809,-17.38302],[-63.22808,-17.38302]],[[-63.22802,-17.38302],[-63.22801,-17.38302]],[[-63.22785,-17.38304],[-63.22784,-17.38304]],[[-63.22829,-17.38303],[-63.22828,-17.38303]],[[-63.22822,-17.38304],[-63.22821,-17.38304]],[[-63.22805,-17.38305],[-63.22804,-17.38305]],[[-63.22798,-17.38306],[-63.22797,-17.38306]],[[-63.22781,-17.38307],[-63.2278,-17.38307]],[[-63.22835,-17.38306],[-63.22834,-17.38306]],[[-63.22818,-17.38308],[-63.22817,-17.38308]],[[-63.22811,-17.38308],[-63.2281,-17.38308]],[[-63.22794,-17.3831],[-63.22793,-17.3831]],[[-63.22787,-17.3831],[-63.22786,-17.3831]],[[-63.22773,-17.38311],[-63.22773,-17.38312]],[[-63.22831,-17.3831],[-63.2283,-17.3831]],[[-63.22814,-17.38311],[-63.22813,-17.38311]],[[-63.22807,-17.38312],[-63.22806,-17.38312]],[[-63.2279,-17.38313],[-63.22789,-17.38313]],[[-63.22783,-17.38314],[-63.22782,-17.38314]],[[-63.22827,-17.38314],[-63.22826,-17.38314]],[[-63.2282,-17.38314],[-63.22819,-17.38314]],[[-63.22803,-17.38316],[-63.22802,-17.38316]],[[-63.22796,-17.38316],[-63.22795,-17.38316]],[[-63.22779,-17.38318],[-63.22778,-17.38318]],[[-63.22772,-17.38318],[-63.22771,-17.38318]],[[-63.22816,-17.38318],[-63.22815,-17.38318]],[[-63.22809,-17.38319],[-63.22808,-17.38319]],[[-63.22768,-17.38322],[-63.22767,-17.38322]],[[-63.22812,-17.38322],[-63.22811,-17.38322]],[[-63.22764,-17.38326],[-63.22763,-17.38326]],[[-63.22818,-17.38325],[-63.22817,-17.38325]],[[-63.22777,-17.38328],[-63.22776,-17.38328]],[[-63.2277,-17.38329],[-63.22769,-17.38329]],[[-63.22794,-17.38327],[-63.22793,-17.38327]],[[-63.22821,-17.38328],[-63.2282,-17.38328]],[[-63.22814,-17.38328],[-63.22813,-17.38328]],[[-63.22797,-17.3833],[-63.22796,-17.3833]],[[-63.22766,-17.38332],[-63.22765,-17.38333]],[[-63.22759,-17.38333],[-63.22758,-17.38333]],[[-63.2281,-17.38332],[-63.22809,-17.38332]],[[-63.22803,-17.38333],[-63.22802,-17.38333]],[[-63.22762,-17.38336],[-63.22761,-17.38336]],[[-63.22755,-17.38337],[-63.22754,-17.38337]],[[-63.22786,-17.38334],[-63.22785,-17.38334]],[[-63.22768,-17.38339],[-63.22767,-17.38339]],[[-63.22751,-17.38341],[-63.2275,-17.38341]],[[-63.22771,-17.38342],[-63.2277,-17.38342]],[[-63.22764,-17.38343],[-63.22763,-17.38343]],[[-63.22747,-17.38344],[-63.22746,-17.38344]],[[-63.22777,-17.38345],[-63.22776,-17.38345]],[[-63.2276,-17.38347],[-63.22759,-17.38347]],[[-63.22753,-17.38347],[-63.22752,-17.38347]],[[-63.22749,-17.38347],[-63.22749,-17.38348]],[[-63.22801,-17.38343],[-63.228,-17.38343]],[[-63.22784,-17.38345],[-63.22783,-17.38345]],[[-63.22797,-17.38347],[-63.22796,-17.38347]],[[-63.2279,-17.38347],[-63.22789,-17.38347]],[[-63.22773,-17.38349],[-63.22772,-17.38349]],[[-63.22766,-17.38349],[-63.22765,-17.3835]],[[-63.22749,-17.38351],[-63.22748,-17.38351]],[[-63.22793,-17.38351],[-63.22792,-17.38351]],[[-63.22786,-17.38351],[-63.22785,-17.38351]],[[-63.22769,-17.38353],[-63.22768,-17.38353]],[[-63.22762,-17.38353],[-63.22761,-17.38353]],[[-63.22751,-17.38358],[-63.2275,-17.38358]],[[-63.22782,-17.38355],[-63.22781,-17.38355]],[[-63.22775,-17.38356],[-63.22774,-17.38356]],[[-63.22758,-17.38357],[-63.22757,-17.38357]],[[-63.22778,-17.38359],[-63.22777,-17.38359]],[[-63.22771,-17.38359],[-63.2277,-17.38359]],[[-63.22784,-17.38362],[-63.22783,-17.38362]],[[-63.22767,-17.38363],[-63.22766,-17.38363]],[[-63.2276,-17.38364],[-63.22759,-17.38364]],[[-63.2278,-17.38365],[-63.22779,-17.38365]],[[-63.22773,-17.38366],[-63.22772,-17.38366]],[[-63.22776,-17.38369],[-63.22775,-17.38369]],[[-63.22769,-17.3837],[-63.22768,-17.3837]],[[-63.22775,-17.38372],[-63.22775,-17.38373]],[[-63.22895,-17.38252],[-63.22895,-17.38251]],[[-63.22895,-17.38248],[-63.22896,-17.38248]],[[-63.22896,-17.38245],[-63.22896,-17.38244]],[[-63.22887,-17.38256],[-63.22887,-17.38255]],[[-63.22889,-17.38249],[-63.22889,-17.38248]],[[-63.2289,-17.38242],[-63.2289,-17.38241]],[[-63.22883,-17.38263],[-63.22883,-17.38262]],[[-63.22886,-17.38242],[-63.22887,-17.38242]],[[-63.22887,-17.38239],[-63.22887,-17.38238]],[[-63.2288,-17.3826],[-63.2288,-17.38259]],[[-63.22881,-17.38253],[-63.22881,-17.38252]],[[-63.22882,-17.38246],[-63.22882,-17.38245]],[[-63.22874,-17.38274],[-63.22874,-17.38273]],[[-63.22881,-17.38236],[-63.22881,-17.38235]],[[-63.22878,-17.3825],[-63.22878,-17.38249]],[[-63.22871,-17.38271],[-63.22871,-17.3827]],[[-63.22874,-17.38257],[-63.22874,-17.38256]],[[-63.22878,-17.38233],[-63.22878,-17.38232]],[[-63.22866,-17.38278],[-63.22866,-17.38277]],[[-63.22867,-17.38271],[-63.22868,-17.38271]],[[-63.22873,-17.3824],[-63.22873,-17.38239]],[[-63.22871,-17.38254],[-63.22871,-17.38253]],[[-63.22871,-17.3825],[-63.22872,-17.3825]],[[-63.22863,-17.38275],[-63.22863,-17.38274]],[[-63.22865,-17.38268],[-63.22865,-17.38267]],[[-63.22871,-17.38237],[-63.22871,-17.38236]],[[-63.22872,-17.3823],[-63.22872,-17.38229]],[[-63.22873,-17.38223],[-63.22873,-17.38222]],[[-63.22859,-17.38282],[-63.22859,-17.38281]],[[-63.22862,-17.38265],[-63.22862,-17.38264]],[[-63.22869,-17.38227],[-63.22869,-17.38226]],[[-63.22871,-17.3822],[-63.22871,-17.38219]],[[-63.22855,-17.38286],[-63.22855,-17.38285]],[[-63.22856,-17.38279],[-63.22856,-17.38278]],[[-63.22857,-17.38272],[-63.22857,-17.38271]],[[-63.22863,-17.38241],[-63.22863,-17.3824]],[[-63.22864,-17.38234],[-63.22865,-17.38233]],[[-63.22852,-17.38279],[-63.22853,-17.38279]],[[-63.22854,-17.38269],[-63.22854,-17.38268]],[[-63.22862,-17.38231],[-63.22862,-17.3823]],[[-63.22863,-17.38224],[-63.22863,-17.38223]],[[-63.22864,-17.38217],[-63.22864,-17.38216]],[[-63.22848,-17.38283],[-63.22848,-17.38282]],[[-63.2285,-17.38276],[-63.2285,-17.38275]],[[-63.22857,-17.38238],[-63.22857,-17.38237]],[[-63.22854,-17.38252],[-63.22854,-17.38251]],[[-63.22847,-17.38273],[-63.22847,-17.38272]],[[-63.22848,-17.38266],[-63.22848,-17.38265]],[[-63.22854,-17.38235],[-63.22854,-17.38234]],[[-63.22855,-17.38228],[-63.22856,-17.38227]],[[-63.22857,-17.38221],[-63.22857,-17.3822]],[[-63.22849,-17.38242],[-63.22849,-17.38241]],[[-63.22853,-17.38225],[-63.22853,-17.38224]],[[-63.22843,-17.38273],[-63.22844,-17.38273]],[[-63.22845,-17.38263],[-63.22846,-17.38262]],[[-63.22847,-17.38256],[-63.22847,-17.38255]],[[-63.22848,-17.38249],[-63.22848,-17.38248]],[[-63.22832,-17.38315],[-63.22832,-17.38314]],[[-63.22833,-17.38308],[-63.22834,-17.38307]],[[-63.22848,-17.38232],[-63.22848,-17.38231]],[[-63.22847,-17.38239],[-63.22847,-17.38238]],[[-63.22841,-17.3827],[-63.22841,-17.38269]],[[-63.22831,-17.38305],[-63.22831,-17.38304]],[[-63.22838,-17.38267],[-63.22838,-17.38266]],[[-63.22839,-17.3826],[-63.22839,-17.38259]],[[-63.22841,-17.38253],[-63.22841,-17.38252]],[[-63.22825,-17.38319],[-63.22825,-17.38318]],[[-63.22826,-17.38312],[-63.22826,-17.38311]],[[-63.22836,-17.38256],[-63.22837,-17.38256]],[[-63.22838,-17.3825],[-63.22838,-17.38249]],[[-63.22838,-17.38246],[-63.22839,-17.38246]],[[-63.22839,-17.38243],[-63.22839,-17.38242]],[[-63.22822,-17.38316],[-63.22822,-17.38315]],[[-63.22823,-17.38309],[-63.22823,-17.38308]],[[-63.22824,-17.38302],[-63.22825,-17.38301]],[[-63.22826,-17.38295],[-63.22826,-17.38294]],[[-63.22832,-17.38264],[-63.22832,-17.38263]],[[-63.22833,-17.38257],[-63.22833,-17.38256]],[[-63.22816,-17.3833],[-63.22816,-17.38329]],[[-63.22816,-17.38326],[-63.22817,-17.38326]],[[-63.22817,-17.38323],[-63.22817,-17.38322]],[[-63.22822,-17.38299],[-63.22822,-17.38298]],[[-63.22829,-17.38261],[-63.22829,-17.3826]],[[-63.2283,-17.38254],[-63.2283,-17.38253]],[[-63.22823,-17.38292],[-63.22823,-17.38291]],[[-63.22814,-17.3832],[-63.22814,-17.38319]],[[-63.22816,-17.38313],[-63.22816,-17.38312]],[[-63.22817,-17.38306],[-63.22817,-17.38305]],[[-63.22807,-17.38341],[-63.22807,-17.3834]],[[-63.22823,-17.38258],[-63.22823,-17.38257]],[[-63.22808,-17.38334],[-63.22808,-17.38333]],[[-63.2281,-17.38327],[-63.2281,-17.38326]],[[-63.22814,-17.38303],[-63.22814,-17.38302]],[[-63.22816,-17.38296],[-63.22816,-17.38295]],[[-63.22817,-17.38289],[-63.22817,-17.38288]],[[-63.22807,-17.3832],[-63.22808,-17.3832]],[[-63.22808,-17.38317],[-63.22808,-17.38316]],[[-63.22809,-17.3831],[-63.2281,-17.38309]],[[-63.22814,-17.38286],[-63.22814,-17.38285]],[[-63.22805,-17.3833],[-63.22806,-17.3833]],[[-63.22799,-17.38345],[-63.22799,-17.38344]],[[-63.22805,-17.38314],[-63.22805,-17.38313]],[[-63.22807,-17.38307],[-63.22807,-17.38306]],[[-63.22808,-17.383],[-63.22808,-17.38299]],[[-63.22809,-17.38293],[-63.22809,-17.38292]],[[-63.22802,-17.38331],[-63.22802,-17.3833]],[[-63.22805,-17.38297],[-63.22805,-17.38296]],[[-63.22807,-17.3829],[-63.22807,-17.38289]],[[-63.22808,-17.38283],[-63.22808,-17.38282]],[[-63.22799,-17.38328],[-63.22799,-17.38327]],[[-63.22791,-17.38356],[-63.22791,-17.38355]],[[-63.22798,-17.38318],[-63.22798,-17.38317]],[[-63.22799,-17.38311],[-63.22799,-17.3831]],[[-63.228,-17.38304],[-63.22801,-17.38303]],[[-63.22802,-17.38293],[-63.22803,-17.38293]],[[-63.22805,-17.3828],[-63.22805,-17.38279]],[[-63.22792,-17.38349],[-63.22792,-17.38348]],[[-63.22786,-17.38363],[-63.22786,-17.38362]],[[-63.22798,-17.38301],[-63.22798,-17.383]],[[-63.22799,-17.38294],[-63.22799,-17.38293]],[[-63.228,-17.38287],[-63.228,-17.38286]],[[-63.22788,-17.38349],[-63.22789,-17.38349]],[[-63.22792,-17.38315],[-63.22792,-17.38314]],[[-63.22793,-17.38308],[-63.22793,-17.38307]],[[-63.22783,-17.3836],[-63.22783,-17.38359]],[[-63.22784,-17.38353],[-63.22784,-17.38352]],[[-63.22786,-17.38346],[-63.22786,-17.38345]],[[-63.22778,-17.38367],[-63.22778,-17.38366]],[[-63.22789,-17.38312],[-63.22789,-17.38311]],[[-63.2279,-17.38305],[-63.2279,-17.38304]],[[-63.22792,-17.38298],[-63.22792,-17.38297]],[[-63.22793,-17.38291],[-63.22793,-17.3829]],[[-63.22782,-17.3835],[-63.22782,-17.38349]],[[-63.22783,-17.38343],[-63.22783,-17.38342]],[[-63.22774,-17.38371],[-63.22774,-17.3837]],[[-63.22776,-17.38364],[-63.22776,-17.38363]],[[-63.22777,-17.38357],[-63.22777,-17.38356]],[[-63.22784,-17.38319],[-63.22784,-17.38318]],[[-63.22785,-17.38312],[-63.22786,-17.38312]],[[-63.22789,-17.38295],[-63.22789,-17.38294]],[[-63.22771,-17.38367],[-63.22772,-17.38367]],[[-63.22773,-17.38357],[-63.22774,-17.38357]],[[-63.22783,-17.38309],[-63.22783,-17.38308]],[[-63.22784,-17.38302],[-63.22784,-17.38301]],[[-63.22774,-17.38354],[-63.22774,-17.38353]],[[-63.22775,-17.38347],[-63.22775,-17.38346]],[[-63.22781,-17.38316],[-63.22781,-17.38315]],[[-63.22768,-17.38368],[-63.22768,-17.38367]],[[-63.22769,-17.38361],[-63.22769,-17.3836]],[[-63.22775,-17.3833],[-63.22775,-17.38329]],[[-63.22765,-17.38365],[-63.22765,-17.38364]],[[-63.22767,-17.38358],[-63.22767,-17.38357]],[[-63.22768,-17.38351],[-63.22768,-17.3835]],[[-63.22769,-17.38344],[-63.22769,-17.38343]],[[-63.22774,-17.3832],[-63.22774,-17.38319]],[[-63.22774,-17.38316],[-63.22775,-17.38316]],[[-63.22762,-17.38361],[-63.22763,-17.38361]],[[-63.22764,-17.38351],[-63.22765,-17.38351]],[[-63.22765,-17.38348],[-63.22765,-17.38347]],[[-63.22766,-17.38341],[-63.22767,-17.3834]],[[-63.22768,-17.38334],[-63.22768,-17.38333]],[[-63.2276,-17.38355],[-63.2276,-17.38354]],[[-63.22765,-17.38331],[-63.22765,-17.3833]],[[-63.22766,-17.38324],[-63.22766,-17.38323]],[[-63.22768,-17.38317],[-63.22768,-17.38316]],[[-63.22758,-17.38352],[-63.22758,-17.38351]],[[-63.22759,-17.38345],[-63.22759,-17.38344]],[[-63.2276,-17.38338],[-63.2276,-17.38337]],[[-63.22753,-17.38359],[-63.22753,-17.38358]],[[-63.22757,-17.38335],[-63.22758,-17.38334]],[[-63.22759,-17.38328],[-63.22759,-17.38327]],[[-63.2275,-17.38356],[-63.2275,-17.38355]],[[-63.22751,-17.38349],[-63.22751,-17.38348]],[[-63.22753,-17.38342],[-63.22753,-17.38341]],[[-63.22749,-17.38346],[-63.22749,-17.38345]],[[-63.2275,-17.38339],[-63.2275,-17.38338]],[[-63.22741,-17.3835],[-63.22741,-17.38349]],[[-63.22889,-17.38236],[-63.22888,-17.38235]],[[-63.2288,-17.38227],[-63.22879,-17.38226]],[[-63.22888,-17.38241],[-63.22888,-17.3824]],[[-63.22866,-17.38218],[-63.22865,-17.38218]],[[-63.22892,-17.38251],[-63.22891,-17.3825]],[[-63.22883,-17.38242],[-63.22882,-17.38241]],[[-63.22874,-17.38233],[-63.22873,-17.38232]],[[-63.22865,-17.38224],[-63.22865,-17.38223]],[[-63.22891,-17.38256],[-63.22891,-17.38255]],[[-63.22887,-17.38251],[-63.22886,-17.38251]],[[-63.22882,-17.38247],[-63.22882,-17.38246]],[[-63.22869,-17.38233],[-63.22868,-17.38233]],[[-63.2286,-17.38224],[-63.22859,-17.38224]],[[-63.22886,-17.38257],[-63.22886,-17.38256]],[[-63.22882,-17.38252],[-63.22881,-17.38252]],[[-63.22868,-17.38239],[-63.22868,-17.38238]],[[-63.22864,-17.38234],[-63.22863,-17.38234]],[[-63.22859,-17.3823],[-63.22859,-17.38229]],[[-63.22855,-17.38225],[-63.22854,-17.38225]],[[-63.22885,-17.38262],[-63.22885,-17.38261]],[[-63.22876,-17.38253],[-63.22876,-17.38252]],[[-63.22859,-17.38235],[-63.22858,-17.38235]],[[-63.2288,-17.38263],[-63.2288,-17.38262]],[[-63.22853,-17.38236],[-63.22853,-17.38235]],[[-63.22871,-17.38254],[-63.22871,-17.38253]],[[-63.22867,-17.38249],[-63.22866,-17.38249]],[[-63.2288,-17.38268],[-63.22879,-17.38267]],[[-63.22853,-17.38241],[-63.22852,-17.38241]],[[-63.22862,-17.3825],[-63.22861,-17.3825]],[[-63.22875,-17.38269],[-63.22874,-17.38268]],[[-63.22848,-17.38242],[-63.22847,-17.38241]],[[-63.22874,-17.38274],[-63.22874,-17.38273]],[[-63.22865,-17.38265],[-63.22865,-17.38264]],[[-63.22852,-17.38251],[-63.22851,-17.38251]],[[-63.22869,-17.38275],[-63.22868,-17.38274]],[[-63.2286,-17.38266],[-63.22859,-17.38265]],[[-63.22851,-17.38257],[-63.22851,-17.38256]],[[-63.22868,-17.3828],[-63.22868,-17.38279]],[[-63.22864,-17.38275],[-63.22863,-17.38275]],[[-63.22859,-17.38271],[-63.22859,-17.3827]],[[-63.22855,-17.38266],[-63.22854,-17.38266]],[[-63.22846,-17.38257],[-63.22845,-17.38257]],[[-63.22837,-17.38248],[-63.22836,-17.38248]],[[-63.22863,-17.38281],[-63.22863,-17.3828]],[[-63.22859,-17.38276],[-63.22858,-17.38276]],[[-63.22854,-17.38272],[-63.22854,-17.38271]],[[-63.2285,-17.38267],[-63.22849,-17.38267]],[[-63.22845,-17.38263],[-63.22845,-17.38262]],[[-63.22841,-17.38258],[-63.2284,-17.38258]],[[-63.22836,-17.38254],[-63.22836,-17.38253]],[[-63.22832,-17.38249],[-63.22831,-17.38249]],[[-63.22854,-17.38277],[-63.22853,-17.38276]],[[-63.22845,-17.38268],[-63.22844,-17.38268]],[[-63.22836,-17.38259],[-63.22835,-17.38259]],[[-63.22848,-17.38278],[-63.22848,-17.38277]],[[-63.22839,-17.38269],[-63.22839,-17.38268]],[[-63.22831,-17.3826],[-63.2283,-17.38259]],[[-63.22839,-17.38274],[-63.22838,-17.38274]],[[-63.22831,-17.38301],[-63.2283,-17.383]],[[-63.22813,-17.38283],[-63.22812,-17.38283]],[[-63.22834,-17.38311],[-63.22834,-17.3831]],[[-63.22825,-17.38302],[-63.22825,-17.38301]],[[-63.22817,-17.38293],[-63.22816,-17.38292]],[[-63.22808,-17.38284],[-63.22807,-17.38283]],[[-63.22825,-17.38307],[-63.22824,-17.38306]],[[-63.22829,-17.38317],[-63.22828,-17.38316]],[[-63.2282,-17.38308],[-63.22819,-17.38307]],[[-63.22811,-17.38299],[-63.2281,-17.38298]],[[-63.22802,-17.3829],[-63.22801,-17.38289]],[[-63.22824,-17.38317],[-63.22823,-17.38317]],[[-63.22819,-17.38313],[-63.22819,-17.38312]],[[-63.22815,-17.38308],[-63.22814,-17.38308]],[[-63.22806,-17.38299],[-63.22805,-17.38299]],[[-63.22797,-17.3829],[-63.22796,-17.3829]],[[-63.22823,-17.38323],[-63.22823,-17.38322]],[[-63.22814,-17.38314],[-63.22814,-17.38313]],[[-63.2281,-17.38309],[-63.22809,-17.38309]],[[-63.22805,-17.38305],[-63.22805,-17.38304]],[[-63.22801,-17.383],[-63.228,-17.383]],[[-63.22796,-17.38296],[-63.22796,-17.38295]],[[-63.22792,-17.38291],[-63.22791,-17.38291]],[[-63.22818,-17.38323],[-63.22817,-17.38323]],[[-63.22813,-17.38319],[-63.22813,-17.38318]],[[-63.22817,-17.38329],[-63.22817,-17.38328]],[[-63.22813,-17.38324],[-63.22812,-17.38324]],[[-63.22808,-17.3832],[-63.22808,-17.38319]],[[-63.22804,-17.38315],[-63.22803,-17.38315]],[[-63.22799,-17.38311],[-63.22799,-17.3831]],[[-63.22795,-17.38306],[-63.22794,-17.38306]],[[-63.2279,-17.38302],[-63.2279,-17.38301]],[[-63.22799,-17.38316],[-63.22798,-17.38316]],[[-63.2279,-17.38307],[-63.22789,-17.38307]],[[-63.22812,-17.38335],[-63.22811,-17.38334]],[[-63.22794,-17.38317],[-63.22793,-17.38316]],[[-63.22785,-17.38308],[-63.22784,-17.38307]],[[-63.22802,-17.38331],[-63.22802,-17.3833]],[[-63.2278,-17.38308],[-63.22779,-17.38308]],[[-63.22789,-17.38317],[-63.22788,-17.38317]],[[-63.22779,-17.38314],[-63.22779,-17.38313]],[[-63.22797,-17.38332],[-63.22796,-17.38331]],[[-63.228,-17.38347],[-63.228,-17.38346]],[[-63.22796,-17.38342],[-63.22795,-17.38342]],[[-63.22773,-17.3832],[-63.22773,-17.38319]],[[-63.2279,-17.38343],[-63.2279,-17.38342]],[[-63.22782,-17.38334],[-63.22781,-17.38334]],[[-63.22794,-17.38353],[-63.22794,-17.38352]],[[-63.2279,-17.38348],[-63.22789,-17.38348]],[[-63.22785,-17.38344],[-63.22785,-17.38343]],[[-63.22767,-17.38326],[-63.22767,-17.38325]],[[-63.22767,-17.38331],[-63.22766,-17.38331]],[[-63.22785,-17.38349],[-63.22784,-17.38348]],[[-63.22789,-17.38359],[-63.22788,-17.38358]],[[-63.22762,-17.38332],[-63.22761,-17.38331]],[[-63.2278,-17.3835],[-63.22779,-17.38349]],[[-63.22779,-17.38355],[-63.22779,-17.38354]],[[-63.22775,-17.3835],[-63.22774,-17.3835]],[[-63.22766,-17.38341],[-63.22765,-17.38341]],[[-63.22757,-17.38332],[-63.22756,-17.38332]],[[-63.22783,-17.38365],[-63.22782,-17.38364]],[[-63.22765,-17.38347],[-63.22765,-17.38346]],[[-63.22756,-17.38338],[-63.22756,-17.38337]],[[-63.22774,-17.38356],[-63.22774,-17.38355]],[[-63.22778,-17.38365],[-63.22777,-17.38365]],[[-63.22773,-17.38361],[-63.22773,-17.3836]],[[-63.22769,-17.38356],[-63.22768,-17.38356]],[[-63.2276,-17.38347],[-63.22759,-17.38347]],[[-63.22777,-17.38371],[-63.22777,-17.3837]],[[-63.22773,-17.38366],[-63.22772,-17.38366]],[[-63.22768,-17.38362],[-63.22768,-17.38361]],[[-63.22764,-17.38357],[-63.22763,-17.38357]],[[-63.22759,-17.38353],[-63.22759,-17.38352]],[[-63.22755,-17.38348],[-63.22754,-17.38348]],[[-63.2275,-17.38344],[-63.2275,-17.38343]],[[-63.22768,-17.38367],[-63.22767,-17.38366]],[[-63.22759,-17.38358],[-63.22758,-17.38358]],[[-63.2275,-17.38349],[-63.22749,-17.38349]],[[-63.22762,-17.38368],[-63.22762,-17.38367]],[[-63.22753,-17.38359],[-63.22753,-17.38358]],[[-63.22745,-17.3835],[-63.22744,-17.38349]],[[-63.22891,-17.38251],[-63.22891,-17.3825]],[[-63.22892,-17.38246],[-63.22892,-17.38245]],[[-63.22886,-17.38257],[-63.22886,-17.38256]],[[-63.22886,-17.38252],[-63.22886,-17.38251]],[[-63.2288,-17.38263],[-63.2288,-17.38262]],[[-63.22881,-17.38258],[-63.22881,-17.38257]],[[-63.22882,-17.38242],[-63.22883,-17.38242]],[[-63.22883,-17.38237],[-63.22883,-17.38236]],[[-63.22874,-17.38269],[-63.22874,-17.38268]],[[-63.22878,-17.38238],[-63.22878,-17.38237]],[[-63.22868,-17.38275],[-63.22869,-17.38274]],[[-63.22869,-17.3827],[-63.22869,-17.38269]],[[-63.22874,-17.38228],[-63.22874,-17.38227]],[[-63.22875,-17.38223],[-63.22875,-17.38222]],[[-63.22872,-17.38249],[-63.22872,-17.38248]],[[-63.22863,-17.38281],[-63.22863,-17.3828]],[[-63.22863,-17.38276],[-63.22863,-17.38275]],[[-63.22868,-17.38234],[-63.22868,-17.38233]],[[-63.22869,-17.38229],[-63.22869,-17.38228]],[[-63.22867,-17.3825],[-63.22867,-17.38249]],[[-63.22858,-17.38282],[-63.22858,-17.38281]],[[-63.22863,-17.3824],[-63.22863,-17.38239]],[[-63.22863,-17.38235],[-63.22863,-17.38234]],[[-63.22865,-17.38219],[-63.22865,-17.38218]],[[-63.22854,-17.38267],[-63.22854,-17.38266]],[[-63.22858,-17.38241],[-63.22858,-17.3824]],[[-63.22859,-17.38225],[-63.2286,-17.38224]],[[-63.2286,-17.3822],[-63.2286,-17.38219]],[[-63.22849,-17.38273],[-63.22849,-17.38272]],[[-63.22849,-17.38268],[-63.22849,-17.38267]],[[-63.22852,-17.38241],[-63.22853,-17.38241]],[[-63.22854,-17.38231],[-63.22854,-17.3823]],[[-63.22854,-17.38226],[-63.22854,-17.38225]],[[-63.22851,-17.38252],[-63.22851,-17.38251]],[[-63.22848,-17.38237],[-63.22848,-17.38236]],[[-63.22849,-17.38232],[-63.22849,-17.38231]],[[-63.22844,-17.38274],[-63.22844,-17.38273]],[[-63.22845,-17.38258],[-63.22846,-17.38257]],[[-63.22846,-17.38253],[-63.22846,-17.38252]],[[-63.22834,-17.38311],[-63.22834,-17.3831]],[[-63.22835,-17.38306],[-63.22835,-17.38305]],[[-63.2284,-17.38264],[-63.2284,-17.38263]],[[-63.2284,-17.38259],[-63.2284,-17.38258]],[[-63.22828,-17.38317],[-63.22828,-17.38316]],[[-63.22829,-17.38312],[-63.22829,-17.38311]],[[-63.22834,-17.3827],[-63.22834,-17.38269]],[[-63.22835,-17.38265],[-63.22835,-17.38264]],[[-63.22837,-17.38249],[-63.22837,-17.38248]],[[-63.22837,-17.38244],[-63.22837,-17.38243]],[[-63.22823,-17.38323],[-63.22823,-17.38322]],[[-63.22823,-17.38318],[-63.22823,-17.38317]],[[-63.22826,-17.38297],[-63.22826,-17.38296]],[[-63.22831,-17.38255],[-63.22831,-17.38254]],[[-63.22831,-17.3825],[-63.22831,-17.38249]],[[-63.22817,-17.38329],[-63.22817,-17.38328]],[[-63.22818,-17.38324],[-63.22818,-17.38323]],[[-63.2282,-17.38303],[-63.2282,-17.38302]],[[-63.22821,-17.38298],[-63.22821,-17.38297]],[[-63.22825,-17.38261],[-63.22825,-17.3826]],[[-63.22826,-17.38256],[-63.22826,-17.38255]],[[-63.22811,-17.38335],[-63.22811,-17.38334]],[[-63.22812,-17.3833],[-63.22812,-17.38329]],[[-63.22812,-17.38324],[-63.22813,-17.38324]],[[-63.22814,-17.38309],[-63.22814,-17.38308]],[[-63.22815,-17.38304],[-63.22815,-17.38303]],[[-63.22817,-17.38288],[-63.22817,-17.38287]],[[-63.22809,-17.38315],[-63.22809,-17.38314]],[[-63.22809,-17.3831],[-63.22809,-17.38309]],[[-63.2281,-17.38299],[-63.22811,-17.38299]],[[-63.22811,-17.38294],[-63.22811,-17.38293]],[[-63.22812,-17.38289],[-63.22812,-17.38288]],[[-63.22806,-17.38336],[-63.22806,-17.38335]],[[-63.228,-17.38347],[-63.228,-17.38346]],[[-63.22803,-17.38316],[-63.22804,-17.38315]],[[-63.22805,-17.383],[-63.22805,-17.38299]],[[-63.22806,-17.38295],[-63.22806,-17.38294]],[[-63.22808,-17.38279],[-63.22808,-17.38278]],[[-63.228,-17.38306],[-63.228,-17.38305]],[[-63.228,-17.38301],[-63.228,-17.383]],[[-63.22802,-17.38285],[-63.22802,-17.38284]],[[-63.22803,-17.3828],[-63.22803,-17.38279]],[[-63.22794,-17.38353],[-63.22794,-17.38352]],[[-63.22795,-17.38348],[-63.22795,-17.38347]],[[-63.22797,-17.38327],[-63.22797,-17.38326]],[[-63.22788,-17.38359],[-63.22788,-17.38358]],[[-63.22794,-17.38312],[-63.22794,-17.38311]],[[-63.22795,-17.38307],[-63.22795,-17.38306]],[[-63.22796,-17.38291],[-63.22796,-17.3829]],[[-63.22797,-17.38286],[-63.22797,-17.38285]],[[-63.22789,-17.38354],[-63.22789,-17.38353]],[[-63.22783,-17.38365],[-63.22783,-17.38364]],[[-63.22783,-17.3836],[-63.22783,-17.38359]],[[-63.22788,-17.38318],[-63.22788,-17.38317]],[[-63.22789,-17.38313],[-63.22789,-17.38312]],[[-63.22791,-17.38297],[-63.22791,-17.38296]],[[-63.22791,-17.38292],[-63.22791,-17.38291]],[[-63.22777,-17.38371],[-63.22777,-17.3837]],[[-63.22777,-17.38366],[-63.22777,-17.38365]],[[-63.22783,-17.38319],[-63.22783,-17.38318]],[[-63.22785,-17.38303],[-63.22785,-17.38302]],[[-63.22786,-17.38298],[-63.22786,-17.38297]],[[-63.2278,-17.38345],[-63.2278,-17.38344]],[[-63.22772,-17.38372],[-63.22772,-17.38371]],[[-63.22779,-17.38309],[-63.22779,-17.38308]],[[-63.2278,-17.38304],[-63.2278,-17.38303]],[[-63.22774,-17.38351],[-63.22774,-17.3835]],[[-63.22775,-17.38346],[-63.22775,-17.38345]],[[-63.22777,-17.3833],[-63.22777,-17.38329]],[[-63.22768,-17.38357],[-63.22769,-17.38356]],[[-63.22774,-17.3831],[-63.22774,-17.38309]],[[-63.22769,-17.38352],[-63.22769,-17.38351]],[[-63.22772,-17.38331],[-63.22772,-17.3833]],[[-63.22763,-17.38363],[-63.22763,-17.38362]],[[-63.22763,-17.38358],[-63.22763,-17.38357]],[[-63.22765,-17.38342],[-63.22765,-17.38341]],[[-63.22766,-17.38337],[-63.22766,-17.38336]],[[-63.22768,-17.38321],[-63.22768,-17.3832]],[[-63.22768,-17.38316],[-63.22768,-17.38315]],[[-63.22758,-17.38364],[-63.22758,-17.38363]],[[-63.2276,-17.38348],[-63.2276,-17.38347]],[[-63.2276,-17.38343],[-63.2276,-17.38342]],[[-63.22762,-17.38327],[-63.22762,-17.38326]],[[-63.22754,-17.38354],[-63.22754,-17.38353]],[[-63.22754,-17.38349],[-63.22754,-17.38348]],[[-63.22756,-17.38333],[-63.22756,-17.38332]],[[-63.22749,-17.38355],[-63.22749,-17.38354]],[[-63.22751,-17.38339],[-63.22751,-17.38338]],[[-63.22745,-17.38345],[-63.22745,-17.38344]],[[-63.22866,-17.38218],[-63.22865,-17.38218]],[[-63.22861,-17.38219],[-63.2286,-17.38219]],[[-63.22855,-17.38225],[-63.22854,-17.38225]],[[-63.22875,-17.38227],[-63.22874,-17.38227]],[[-63.2287,-17.38228],[-63.22869,-17.38228]],[[-63.22864,-17.38234],[-63.22863,-17.38234]],[[-63.22859,-17.38234],[-63.22858,-17.38234]],[[-63.22854,-17.38235],[-63.22853,-17.38235]],[[-63.22849,-17.38236],[-63.22848,-17.38236]],[[-63.22889,-17.38235],[-63.22888,-17.38235]],[[-63.22884,-17.38236],[-63.22883,-17.38236]],[[-63.22879,-17.38237],[-63.22878,-17.38237]],[[-63.22848,-17.38241],[-63.22847,-17.38241]],[[-63.22843,-17.38242],[-63.22842,-17.38242]],[[-63.22838,-17.38243],[-63.22837,-17.38243]],[[-63.22893,-17.38239],[-63.22893,-17.3824]],[[-63.22878,-17.38242],[-63.22877,-17.38242]],[[-63.22893,-17.38245],[-63.22892,-17.38245]],[[-63.22887,-17.38245],[-63.22887,-17.38246]],[[-63.22852,-17.38251],[-63.22851,-17.38251]],[[-63.22847,-17.38252],[-63.22846,-17.38252]],[[-63.22842,-17.38252],[-63.22841,-17.38252]],[[-63.22887,-17.38251],[-63.22886,-17.38251]],[[-63.22882,-17.38251],[-63.22881,-17.38252]],[[-63.22877,-17.38252],[-63.22876,-17.38252]],[[-63.22872,-17.38253],[-63.22871,-17.38253]],[[-63.22836,-17.38258],[-63.22835,-17.38258]],[[-63.22831,-17.38259],[-63.2283,-17.38259]],[[-63.22826,-17.3826],[-63.22825,-17.3826]],[[-63.22886,-17.38261],[-63.22885,-17.38261]],[[-63.22881,-17.38262],[-63.2288,-17.38262]],[[-63.2285,-17.38267],[-63.22849,-17.38267]],[[-63.22845,-17.38267],[-63.22844,-17.38267]],[[-63.2284,-17.38268],[-63.22839,-17.38268]],[[-63.22835,-17.38269],[-63.22834,-17.38269]],[[-63.2288,-17.38267],[-63.22879,-17.38267]],[[-63.2287,-17.38269],[-63.22869,-17.38269]],[[-63.22865,-17.38269],[-63.22864,-17.3827]],[[-63.22859,-17.38275],[-63.22858,-17.38276]],[[-63.22854,-17.38276],[-63.22853,-17.38276]],[[-63.22849,-17.38277],[-63.22848,-17.38277]],[[-63.22844,-17.38278],[-63.22843,-17.38278]],[[-63.22813,-17.38282],[-63.22812,-17.38282]],[[-63.22808,-17.38283],[-63.22807,-17.38283]],[[-63.22803,-17.38284],[-63.22802,-17.38284]],[[-63.22798,-17.38285],[-63.22797,-17.38285]],[[-63.22853,-17.38281],[-63.22853,-17.38282]],[[-63.22792,-17.38291],[-63.22791,-17.38291]],[[-63.22858,-17.38286],[-63.22857,-17.38286]],[[-63.22817,-17.38292],[-63.22816,-17.38292]],[[-63.22812,-17.38293],[-63.22811,-17.38293]],[[-63.22807,-17.38294],[-63.22806,-17.38294]],[[-63.22806,-17.38299],[-63.22805,-17.38299]],[[-63.22801,-17.383],[-63.228,-17.383]],[[-63.22796,-17.383],[-63.22795,-17.383]],[[-63.22791,-17.38301],[-63.2279,-17.38301]],[[-63.22786,-17.38302],[-63.22785,-17.38302]],[[-63.22831,-17.383],[-63.2283,-17.383]],[[-63.22826,-17.38301],[-63.22825,-17.38301]],[[-63.22821,-17.38302],[-63.2282,-17.38302]],[[-63.22816,-17.38303],[-63.22815,-17.38303]],[[-63.22785,-17.38307],[-63.22784,-17.38307]],[[-63.2278,-17.38308],[-63.22779,-17.38308]],[[-63.2283,-17.38305],[-63.2283,-17.38306]],[[-63.22815,-17.38308],[-63.22814,-17.38308]],[[-63.2281,-17.38309],[-63.22809,-17.38309]],[[-63.22805,-17.38309],[-63.22804,-17.38309]],[[-63.228,-17.3831],[-63.22799,-17.3831]],[[-63.22835,-17.3831],[-63.22834,-17.3831]],[[-63.2283,-17.38311],[-63.22829,-17.38311]],[[-63.22824,-17.38311],[-63.22824,-17.38312]],[[-63.22794,-17.38316],[-63.22793,-17.38316]],[[-63.22789,-17.38317],[-63.22788,-17.38317]],[[-63.22784,-17.38318],[-63.22783,-17.38318]],[[-63.22779,-17.38318],[-63.22778,-17.38318]],[[-63.22824,-17.38317],[-63.22823,-17.38317]],[[-63.22819,-17.38317],[-63.22818,-17.38318]],[[-63.22814,-17.38318],[-63.22813,-17.38318]],[[-63.22809,-17.38319],[-63.22808,-17.38319]],[[-63.22768,-17.38325],[-63.22767,-17.38325]],[[-63.22763,-17.38326],[-63.22762,-17.38326]],[[-63.22813,-17.38323],[-63.22813,-17.38324]],[[-63.22757,-17.38332],[-63.22756,-17.38332]],[[-63.22793,-17.38327],[-63.22792,-17.38327]],[[-63.22807,-17.38329],[-63.22807,-17.3833]],[[-63.22777,-17.38334],[-63.22776,-17.38334]],[[-63.22812,-17.38334],[-63.22811,-17.38334]],[[-63.22807,-17.38335],[-63.22806,-17.38335]],[[-63.22802,-17.38335],[-63.22801,-17.38336]],[[-63.22766,-17.38341],[-63.22765,-17.38341]],[[-63.22761,-17.38342],[-63.2276,-17.38342]],[[-63.22756,-17.38342],[-63.22755,-17.38342]],[[-63.22751,-17.38343],[-63.2275,-17.38343]],[[-63.2275,-17.38348],[-63.22749,-17.38348]],[[-63.22745,-17.38349],[-63.22744,-17.38349]],[[-63.22791,-17.38342],[-63.2279,-17.38342]],[[-63.22786,-17.38343],[-63.22785,-17.38343]],[[-63.2279,-17.38347],[-63.2279,-17.38348]],[[-63.2278,-17.38349],[-63.22779,-17.38349]],[[-63.22775,-17.3835],[-63.22774,-17.3835]],[[-63.2277,-17.38351],[-63.22769,-17.38351]],[[-63.22765,-17.38351],[-63.22764,-17.38351]],[[-63.22795,-17.38352],[-63.22794,-17.38352]],[[-63.22784,-17.38353],[-63.22784,-17.38354]],[[-63.22754,-17.38358],[-63.22753,-17.38358]],[[-63.22759,-17.38357],[-63.22758,-17.38357]],[[-63.22789,-17.38358],[-63.22788,-17.38358]],[[-63.22784,-17.38359],[-63.22783,-17.38359]],[[-63.22779,-17.38359],[-63.22778,-17.3836]],[[-63.22774,-17.3836],[-63.22773,-17.3836]],[[-63.22773,-17.38365],[-63.22772,-17.38366]],[[-63.22768,-17.38366],[-63.22767,-17.38366]],[[-63.22763,-17.38367],[-63.22762,-17.38367]],[[-63.22767,-17.38371],[-63.22767,-17.38372]],[[-63.22772,-17.38376],[-63.22771,-17.38376]],[[-63.22875,-17.38224],[-63.22875,-17.38223]],[[-63.22867,-17.38221],[-63.22867,-17.3822]],[[-63.22881,-17.38228],[-63.2288,-17.38228]],[[-63.22877,-17.38227],[-63.22876,-17.38227]],[[-63.22873,-17.38225],[-63.22872,-17.38225]],[[-63.22869,-17.38224],[-63.22868,-17.38224]],[[-63.22865,-17.38222],[-63.22864,-17.38222]],[[-63.22886,-17.38233],[-63.22885,-17.38233]],[[-63.22878,-17.3823],[-63.22877,-17.3823]],[[-63.22874,-17.38229],[-63.22873,-17.38229]],[[-63.2287,-17.38227],[-63.22869,-17.38227]],[[-63.22866,-17.38226],[-63.22865,-17.38226]],[[-63.22862,-17.38224],[-63.22861,-17.38224]],[[-63.22858,-17.38223],[-63.22857,-17.38223]],[[-63.22879,-17.38234],[-63.22879,-17.38233]],[[-63.22871,-17.38231],[-63.22871,-17.3823]],[[-63.22863,-17.38228],[-63.22862,-17.38227]],[[-63.22859,-17.38226],[-63.22858,-17.38226]],[[-63.22855,-17.38225],[-63.22854,-17.38225]],[[-63.22852,-17.38227],[-63.22852,-17.38226]],[[-63.22893,-17.38245],[-63.22893,-17.38244]],[[-63.22882,-17.38244],[-63.22882,-17.38243]],[[-63.22874,-17.38241],[-63.22874,-17.3824]],[[-63.22866,-17.38238],[-63.22866,-17.38237]],[[-63.22896,-17.38251],[-63.22895,-17.38251]],[[-63.22892,-17.3825],[-63.22891,-17.3825]],[[-63.22888,-17.38248],[-63.22887,-17.38248]],[[-63.22884,-17.38247],[-63.22883,-17.38247]],[[-63.22847,-17.38234],[-63.22847,-17.38233]],[[-63.22893,-17.38253],[-63.22892,-17.38253]],[[-63.22889,-17.38252],[-63.22888,-17.38252]],[[-63.22885,-17.3825],[-63.22884,-17.3825]],[[-63.22881,-17.38249],[-63.2288,-17.38249]],[[-63.22861,-17.38241],[-63.2286,-17.38241]],[[-63.22857,-17.3824],[-63.22856,-17.3824]],[[-63.22853,-17.38238],[-63.22852,-17.38238]],[[-63.22849,-17.38237],[-63.22848,-17.38237]],[[-63.22878,-17.38251],[-63.22878,-17.3825]],[[-63.22842,-17.38237],[-63.22841,-17.38237]],[[-63.22854,-17.38242],[-63.22853,-17.38242]],[[-63.2285,-17.3824],[-63.22849,-17.3824]],[[-63.22846,-17.38239],[-63.22845,-17.38239]],[[-63.22843,-17.38241],[-63.22843,-17.3824]],[[-63.22881,-17.38261],[-63.22881,-17.3826]],[[-63.22883,-17.38264],[-63.22882,-17.38264]],[[-63.22879,-17.38262],[-63.22878,-17.38262]],[[-63.22854,-17.38254],[-63.22854,-17.38253]],[[-63.22846,-17.38251],[-63.22846,-17.3825]],[[-63.22838,-17.38248],[-63.22838,-17.38247]],[[-63.22856,-17.38257],[-63.22855,-17.38257]],[[-63.22852,-17.38255],[-63.22851,-17.38255]],[[-63.22848,-17.38254],[-63.22847,-17.38254]],[[-63.22844,-17.38252],[-63.22843,-17.38252]],[[-63.22845,-17.38256],[-63.22844,-17.38256]],[[-63.22841,-17.38254],[-63.2284,-17.38254]],[[-63.22837,-17.38253],[-63.22836,-17.38253]],[[-63.22833,-17.38251],[-63.22832,-17.38251]],[[-63.22873,-17.38266],[-63.22872,-17.38266]],[[-63.22869,-17.38265],[-63.22868,-17.38264]],[[-63.22842,-17.38258],[-63.22841,-17.38257]],[[-63.22838,-17.38256],[-63.22837,-17.38256]],[[-63.22834,-17.38255],[-63.22833,-17.38255]],[[-63.2283,-17.38253],[-63.22829,-17.38253]],[[-63.22872,-17.38275],[-63.22872,-17.38274]],[[-63.22853,-17.38271],[-63.22853,-17.3827]],[[-63.22845,-17.38268],[-63.22845,-17.38267]],[[-63.22867,-17.38278],[-63.22866,-17.38278]],[[-63.22863,-17.38277],[-63.22862,-17.38277]],[[-63.22859,-17.38275],[-63.22858,-17.38275]],[[-63.22855,-17.38274],[-63.22854,-17.38274]],[[-63.22851,-17.38272],[-63.2285,-17.38272]],[[-63.22826,-17.38264],[-63.22826,-17.38263]],[[-63.22864,-17.3828],[-63.22863,-17.3828]],[[-63.2286,-17.38279],[-63.22859,-17.38279]],[[-63.22856,-17.38277],[-63.22855,-17.38277]],[[-63.22852,-17.38276],[-63.22851,-17.38276]],[[-63.22848,-17.38274],[-63.22847,-17.38274]],[[-63.22844,-17.38273],[-63.22843,-17.38273]],[[-63.22836,-17.3827],[-63.22835,-17.3827]],[[-63.22857,-17.38281],[-63.22857,-17.3828]],[[-63.22849,-17.38278],[-63.22848,-17.38277]],[[-63.22845,-17.38276],[-63.22844,-17.38276]],[[-63.22812,-17.38281],[-63.22811,-17.38281]],[[-63.22808,-17.3828],[-63.22807,-17.3828]],[[-63.22804,-17.38278],[-63.22803,-17.38278]],[[-63.22817,-17.38286],[-63.22816,-17.38286]],[[-63.22813,-17.38285],[-63.22812,-17.38284]],[[-63.22809,-17.38283],[-63.22808,-17.38283]],[[-63.22805,-17.38282],[-63.22804,-17.38282]],[[-63.22802,-17.38284],[-63.22802,-17.38283]],[[-63.22832,-17.38301],[-63.22832,-17.383]],[[-63.22824,-17.38298],[-63.22824,-17.38297]],[[-63.22816,-17.38295],[-63.22816,-17.38294]],[[-63.22834,-17.38304],[-63.22833,-17.38304]],[[-63.2283,-17.38302],[-63.22829,-17.38302]],[[-63.22805,-17.38294],[-63.22805,-17.38293]],[[-63.22797,-17.38291],[-63.22797,-17.3829]],[[-63.22835,-17.38307],[-63.22834,-17.38307]],[[-63.22831,-17.38306],[-63.2283,-17.38306]],[[-63.22827,-17.38304],[-63.22826,-17.38304]],[[-63.22823,-17.38303],[-63.22822,-17.38303]],[[-63.22819,-17.38301],[-63.22818,-17.38301]],[[-63.22815,-17.383],[-63.22814,-17.383]],[[-63.22811,-17.38298],[-63.2281,-17.38298]],[[-63.22807,-17.38297],[-63.22806,-17.38297]],[[-63.22803,-17.38295],[-63.22802,-17.38295]],[[-63.22799,-17.38294],[-63.22798,-17.38294]],[[-63.22828,-17.38308],[-63.22827,-17.38307]],[[-63.22824,-17.38306],[-63.22823,-17.38306]],[[-63.2282,-17.38305],[-63.22819,-17.38304]],[[-63.22816,-17.38303],[-63.22815,-17.38303]],[[-63.22812,-17.38302],[-63.22811,-17.38302]],[[-63.22808,-17.383],[-63.22807,-17.383]],[[-63.22804,-17.38299],[-63.22803,-17.38299]],[[-63.228,-17.38297],[-63.22799,-17.38297]],[[-63.22796,-17.38296],[-63.22795,-17.38296]],[[-63.22792,-17.38294],[-63.22791,-17.38294]],[[-63.22801,-17.38301],[-63.22801,-17.383]],[[-63.22797,-17.38299],[-63.22796,-17.38299]],[[-63.22793,-17.38298],[-63.22792,-17.38297]],[[-63.22789,-17.38296],[-63.22788,-17.38296]],[[-63.22823,-17.38315],[-63.22823,-17.38314]],[[-63.22804,-17.38311],[-63.22804,-17.3831]],[[-63.22796,-17.38308],[-63.22796,-17.38307]],[[-63.22788,-17.38305],[-63.22788,-17.38304]],[[-63.22826,-17.38321],[-63.22825,-17.38321]],[[-63.22822,-17.3832],[-63.22821,-17.3832]],[[-63.22818,-17.38318],[-63.22817,-17.38318]],[[-63.22814,-17.38317],[-63.22813,-17.38317]],[[-63.2281,-17.38315],[-63.22809,-17.38315]],[[-63.22806,-17.38314],[-63.22805,-17.38314]],[[-63.22802,-17.38312],[-63.22801,-17.38312]],[[-63.22823,-17.38323],[-63.22822,-17.38323]],[[-63.22819,-17.38322],[-63.22818,-17.38321]],[[-63.22815,-17.3832],[-63.22814,-17.3832]],[[-63.22811,-17.38319],[-63.2281,-17.38319]],[[-63.22807,-17.38317],[-63.22806,-17.38317]],[[-63.22803,-17.38316],[-63.22802,-17.38316]],[[-63.22799,-17.38314],[-63.22798,-17.38314]],[[-63.22795,-17.38313],[-63.22794,-17.38313]],[[-63.22791,-17.38311],[-63.2279,-17.38311]],[[-63.22787,-17.3831],[-63.22786,-17.3831]],[[-63.22783,-17.38308],[-63.22782,-17.38308]],[[-63.22779,-17.38307],[-63.22778,-17.38307]],[[-63.2278,-17.3831],[-63.22779,-17.3831]],[[-63.22776,-17.38309],[-63.22775,-17.38309]],[[-63.228,-17.38318],[-63.22799,-17.38317]],[[-63.22796,-17.38316],[-63.22795,-17.38316]],[[-63.22792,-17.38315],[-63.22791,-17.38314]],[[-63.22788,-17.38313],[-63.22787,-17.38313]],[[-63.22784,-17.38312],[-63.22783,-17.38312]],[[-63.22781,-17.38314],[-63.22781,-17.38313]],[[-63.22803,-17.38328],[-63.22803,-17.38327]],[[-63.22813,-17.38334],[-63.22812,-17.38334]],[[-63.22809,-17.38332],[-63.22808,-17.38332]],[[-63.22768,-17.38318],[-63.22768,-17.38317]],[[-63.2281,-17.38336],[-63.22809,-17.38336]],[[-63.22806,-17.38334],[-63.22805,-17.38334]],[[-63.22802,-17.38333],[-63.22801,-17.38333]],[[-63.22798,-17.38331],[-63.22797,-17.38331]],[[-63.22786,-17.38327],[-63.22785,-17.38327]],[[-63.22767,-17.38323],[-63.22766,-17.38323]],[[-63.22803,-17.38336],[-63.22802,-17.38336]],[[-63.22779,-17.38327],[-63.22778,-17.38327]],[[-63.22795,-17.38333],[-63.22794,-17.38333]],[[-63.2278,-17.38331],[-63.2278,-17.3833]],[[-63.22776,-17.38329],[-63.22775,-17.38329]],[[-63.22772,-17.38328],[-63.22771,-17.38327]],[[-63.22768,-17.38326],[-63.22767,-17.38326]],[[-63.22764,-17.38325],[-63.22763,-17.38324]],[[-63.22802,-17.38345],[-63.22802,-17.38344]],[[-63.22767,-17.38335],[-63.22767,-17.38334]],[[-63.22797,-17.38348],[-63.22796,-17.38348]],[[-63.22793,-17.38347],[-63.22792,-17.38347]],[[-63.22789,-17.38345],[-63.22788,-17.38345]],[[-63.22785,-17.38344],[-63.22784,-17.38344]],[[-63.22756,-17.38334],[-63.22756,-17.38333]],[[-63.22781,-17.38342],[-63.2278,-17.38342]],[[-63.22794,-17.3835],[-63.22793,-17.3835]],[[-63.2279,-17.38349],[-63.22789,-17.38349]],[[-63.22786,-17.38347],[-63.22785,-17.38347]],[[-63.22766,-17.3834],[-63.22765,-17.3834]],[[-63.22762,-17.38338],[-63.22761,-17.38338]],[[-63.22758,-17.38337],[-63.22757,-17.38337]],[[-63.22754,-17.38335],[-63.22753,-17.38335]],[[-63.22782,-17.38346],[-63.22781,-17.38346]],[[-63.22778,-17.38344],[-63.22777,-17.38344]],[[-63.22774,-17.38343],[-63.22773,-17.38343]],[[-63.22779,-17.38348],[-63.22778,-17.38347]],[[-63.22775,-17.38346],[-63.22774,-17.38346]],[[-63.22771,-17.38345],[-63.2277,-17.38344]],[[-63.22767,-17.38343],[-63.22766,-17.38343]],[[-63.22763,-17.38342],[-63.22762,-17.38342]],[[-63.22759,-17.3834],[-63.22758,-17.3834]],[[-63.22755,-17.38339],[-63.22754,-17.38339]],[[-63.22751,-17.38337],[-63.2275,-17.38337]],[[-63.22752,-17.38341],[-63.22752,-17.3834]],[[-63.22748,-17.38339],[-63.22747,-17.38339]],[[-63.22782,-17.38358],[-63.22782,-17.38357]],[[-63.22774,-17.38355],[-63.22774,-17.38354]],[[-63.22766,-17.38352],[-63.22766,-17.38351]],[[-63.22755,-17.38351],[-63.22755,-17.3835]],[[-63.22747,-17.38348],[-63.22747,-17.38347]],[[-63.22785,-17.38364],[-63.22784,-17.38364]],[[-63.22757,-17.38354],[-63.22756,-17.38354]],[[-63.22781,-17.38363],[-63.2278,-17.38363]],[[-63.22777,-17.38361],[-63.22776,-17.38361]],[[-63.22773,-17.3836],[-63.22772,-17.3836]],[[-63.22769,-17.38358],[-63.22768,-17.38358]],[[-63.22765,-17.38357],[-63.22764,-17.38357]],[[-63.22761,-17.38355],[-63.2276,-17.38355]],[[-63.2275,-17.38354],[-63.22749,-17.38354]],[[-63.22746,-17.38353],[-63.22745,-17.38353]],[[-63.22782,-17.38366],[-63.22781,-17.38366]],[[-63.22778,-17.38365],[-63.22777,-17.38364]],[[-63.22774,-17.38363],[-63.22773,-17.38363]],[[-63.2277,-17.38362],[-63.22769,-17.38361]],[[-63.22766,-17.3836],[-63.22765,-17.3836]],[[-63.22762,-17.38359],[-63.22761,-17.38359]],[[-63.22758,-17.38357],[-63.22757,-17.38357]],[[-63.22754,-17.38356],[-63.22753,-17.38356]],[[-63.22751,-17.38358],[-63.2275,-17.38357]],[[-63.22773,-17.38372],[-63.22773,-17.38371]],[[-63.22864,-17.38217],[-63.22863,-17.38217]],[[-63.22861,-17.38219],[-63.2286,-17.38219]],[[-63.22858,-17.3822],[-63.22858,-17.38221]],[[-63.22868,-17.38218],[-63.22867,-17.38218]],[[-63.22865,-17.3822],[-63.22864,-17.3822]],[[-63.2285,-17.38229],[-63.2285,-17.3823]],[[-63.22848,-17.38231],[-63.22847,-17.38231]],[[-63.22845,-17.38233],[-63.22844,-17.38233]],[[-63.22872,-17.3822],[-63.22871,-17.3822]],[[-63.22869,-17.38222],[-63.22868,-17.38222]],[[-63.22866,-17.38223],[-63.22866,-17.38224]],[[-63.22852,-17.38233],[-63.22851,-17.38233]],[[-63.22873,-17.38223],[-63.22872,-17.38223]],[[-63.22861,-17.3823],[-63.22861,-17.38231]],[[-63.22856,-17.38234],[-63.22855,-17.38234]],[[-63.22836,-17.38247],[-63.22835,-17.38247]],[[-63.22874,-17.38226],[-63.22874,-17.38227]],[[-63.2286,-17.38236],[-63.22859,-17.38236]],[[-63.22854,-17.38239],[-63.22854,-17.3824]],[[-63.2284,-17.38249],[-63.22839,-17.38249]],[[-63.22837,-17.3825],[-63.22837,-17.38251]],[[-63.22823,-17.3826],[-63.22822,-17.3826]],[[-63.22869,-17.38233],[-63.22869,-17.38234]],[[-63.22867,-17.38235],[-63.22866,-17.38235]],[[-63.22864,-17.38237],[-63.22863,-17.38237]],[[-63.22847,-17.38248],[-63.22846,-17.38248]],[[-63.22844,-17.3825],[-63.22843,-17.3825]],[[-63.22829,-17.38259],[-63.22829,-17.3826]],[[-63.22827,-17.38261],[-63.22826,-17.38261]],[[-63.22882,-17.38229],[-63.22882,-17.3823]],[[-63.22805,-17.38279],[-63.22805,-17.3828]],[[-63.22871,-17.38237],[-63.2287,-17.38237]],[[-63.22868,-17.38239],[-63.22867,-17.38239]],[[-63.22865,-17.3824],[-63.22865,-17.38241]],[[-63.22851,-17.3825],[-63.2285,-17.3825]],[[-63.22848,-17.38252],[-63.22847,-17.38252]],[[-63.22845,-17.38253],[-63.22845,-17.38254]],[[-63.22831,-17.38263],[-63.2283,-17.38263]],[[-63.228,-17.38286],[-63.228,-17.38287]],[[-63.22798,-17.38288],[-63.22797,-17.38288]],[[-63.22795,-17.3829],[-63.22794,-17.3829]],[[-63.22877,-17.38236],[-63.22877,-17.38237]],[[-63.22875,-17.38238],[-63.22874,-17.38238]],[[-63.22872,-17.3824],[-63.22871,-17.3824]],[[-63.2284,-17.3826],[-63.2284,-17.38261]],[[-63.22835,-17.38264],[-63.22834,-17.38264]],[[-63.22855,-17.38251],[-63.22854,-17.38251]],[[-63.22852,-17.38253],[-63.22851,-17.38253]],[[-63.22879,-17.3824],[-63.22878,-17.3824]],[[-63.22876,-17.38242],[-63.22875,-17.38242]],[[-63.22782,-17.38303],[-63.22781,-17.38303]],[[-63.22779,-17.38305],[-63.22778,-17.38305]],[[-63.22802,-17.3829],[-63.22801,-17.3829]],[[-63.22799,-17.38292],[-63.22798,-17.38292]],[[-63.22796,-17.38293],[-63.22796,-17.38294]],[[-63.22853,-17.38256],[-63.22853,-17.38257]],[[-63.22839,-17.38266],[-63.22838,-17.38266]],[[-63.22836,-17.38267],[-63.22836,-17.38268]],[[-63.22888,-17.38237],[-63.22888,-17.38238]],[[-63.22883,-17.38241],[-63.22882,-17.38241]],[[-63.22771,-17.38313],[-63.22771,-17.38314]],[[-63.22868,-17.3825],[-63.22868,-17.38251]],[[-63.22811,-17.38287],[-63.22811,-17.38288]],[[-63.22806,-17.38291],[-63.22805,-17.38291]],[[-63.22803,-17.38293],[-63.22802,-17.38293]],[[-63.22791,-17.383],[-63.22791,-17.38301]],[[-63.22786,-17.38304],[-63.22785,-17.38304]],[[-63.22846,-17.38265],[-63.22845,-17.38265]],[[-63.22843,-17.38267],[-63.22842,-17.38267]],[[-63.22887,-17.38243],[-63.22886,-17.38243]],[[-63.22881,-17.38246],[-63.22881,-17.38247]],[[-63.2277,-17.38319],[-63.22769,-17.38319]],[[-63.22767,-17.3832],[-63.22767,-17.38321]],[[-63.2281,-17.38293],[-63.22809,-17.38293]],[[-63.22804,-17.38296],[-63.22804,-17.38297]],[[-63.2279,-17.38306],[-63.22789,-17.38306]],[[-63.22787,-17.38307],[-63.22787,-17.38308]],[[-63.2285,-17.38267],[-63.22849,-17.38267]],[[-63.22847,-17.38269],[-63.22846,-17.38269]],[[-63.22844,-17.3827],[-63.22844,-17.38271]],[[-63.22891,-17.38244],[-63.2289,-17.38244]],[[-63.22876,-17.38253],[-63.22876,-17.38254]],[[-63.22874,-17.38255],[-63.22873,-17.38255]],[[-63.22762,-17.38327],[-63.22762,-17.38328]],[[-63.22757,-17.38331],[-63.22756,-17.38331]],[[-63.22754,-17.38333],[-63.22753,-17.38333]],[[-63.22856,-17.38266],[-63.22856,-17.38267]],[[-63.22854,-17.38268],[-63.22853,-17.38268]],[[-63.22851,-17.3827],[-63.2285,-17.3827]],[[-63.22779,-17.38316],[-63.22779,-17.38317]],[[-63.22777,-17.38318],[-63.22776,-17.38318]],[[-63.22814,-17.38294],[-63.22813,-17.38294]],[[-63.22799,-17.38303],[-63.22799,-17.38304]],[[-63.22794,-17.38307],[-63.22793,-17.38307]],[[-63.22895,-17.38246],[-63.22894,-17.38246]],[[-63.22892,-17.38247],[-63.22892,-17.38248]],[[-63.22878,-17.38257],[-63.22877,-17.38257]],[[-63.22761,-17.38333],[-63.2276,-17.38333]],[[-63.22758,-17.38335],[-63.22757,-17.38335]],[[-63.22755,-17.38336],[-63.22755,-17.38337]],[[-63.22741,-17.38346],[-63.2274,-17.38346]],[[-63.22858,-17.3827],[-63.22857,-17.3827]],[[-63.22855,-17.38272],[-63.22854,-17.38272]],[[-63.22852,-17.38273],[-63.22852,-17.38274]],[[-63.22781,-17.3832],[-63.2278,-17.3832]],[[-63.22818,-17.38296],[-63.22817,-17.38296]],[[-63.22815,-17.38297],[-63.22815,-17.38298]],[[-63.22801,-17.38307],[-63.228,-17.38307]],[[-63.22798,-17.38309],[-63.22797,-17.38309]],[[-63.22795,-17.3831],[-63.22795,-17.38311]],[[-63.22887,-17.38254],[-63.22887,-17.38255]],[[-63.22884,-17.38256],[-63.22884,-17.38257]],[[-63.22882,-17.38258],[-63.22881,-17.38258]],[[-63.22879,-17.3826],[-63.22878,-17.3826]],[[-63.2277,-17.3833],[-63.2277,-17.38331]],[[-63.22765,-17.38334],[-63.22764,-17.38334]],[[-63.2275,-17.38343],[-63.2275,-17.38344]],[[-63.22745,-17.38347],[-63.22744,-17.38347]],[[-63.22867,-17.38267],[-63.22867,-17.38268]],[[-63.22862,-17.38271],[-63.22861,-17.38271]],[[-63.22859,-17.38273],[-63.22858,-17.38273]],[[-63.22847,-17.3828],[-63.22847,-17.38281]],[[-63.22825,-17.38295],[-63.22824,-17.38295]],[[-63.22822,-17.38297],[-63.22821,-17.38297]],[[-63.22807,-17.38306],[-63.22807,-17.38307]],[[-63.22805,-17.38308],[-63.22804,-17.38308]],[[-63.22802,-17.3831],[-63.22801,-17.3831]],[[-63.2279,-17.38317],[-63.2279,-17.38318]],[[-63.22886,-17.3826],[-63.22885,-17.3826]],[[-63.22883,-17.38262],[-63.22882,-17.38262]],[[-63.22769,-17.38336],[-63.22768,-17.38336]],[[-63.22766,-17.38337],[-63.22766,-17.38338]],[[-63.22752,-17.38347],[-63.22751,-17.38347]],[[-63.22749,-17.38349],[-63.22748,-17.38349]],[[-63.22746,-17.3835],[-63.22746,-17.38351]],[[-63.22866,-17.38273],[-63.22865,-17.38273]],[[-63.22863,-17.38274],[-63.22863,-17.38275]],[[-63.2286,-17.38276],[-63.2286,-17.38277]],[[-63.22829,-17.38297],[-63.22828,-17.38297]],[[-63.22826,-17.38299],[-63.22825,-17.38299]],[[-63.22823,-17.383],[-63.22823,-17.38301]],[[-63.22809,-17.3831],[-63.22808,-17.3831]],[[-63.22806,-17.38312],[-63.22805,-17.38312]],[[-63.22803,-17.38313],[-63.22803,-17.38314]],[[-63.22783,-17.38326],[-63.22783,-17.38327]],[[-63.22875,-17.3827],[-63.22875,-17.38271]],[[-63.2287,-17.38274],[-63.22869,-17.38274]],[[-63.22855,-17.38283],[-63.22855,-17.38284]],[[-63.22853,-17.38285],[-63.22852,-17.38285]],[[-63.22761,-17.38344],[-63.22761,-17.38345]],[[-63.22758,-17.38346],[-63.22758,-17.38347]],[[-63.22756,-17.38348],[-63.22755,-17.38348]],[[-63.22753,-17.3835],[-63.22752,-17.3835]],[[-63.2283,-17.383],[-63.22829,-17.383]],[[-63.22818,-17.38307],[-63.22818,-17.38308]],[[-63.22813,-17.38311],[-63.22812,-17.38311]],[[-63.2281,-17.38313],[-63.22809,-17.38313]],[[-63.22778,-17.38333],[-63.22778,-17.38334]],[[-63.22834,-17.38302],[-63.22833,-17.38302]],[[-63.22831,-17.38303],[-63.22831,-17.38304]],[[-63.22817,-17.38313],[-63.22816,-17.38313]],[[-63.22814,-17.38314],[-63.22814,-17.38315]],[[-63.2276,-17.3835],[-63.22759,-17.3835]],[[-63.22757,-17.38352],[-63.22756,-17.38352]],[[-63.22754,-17.38353],[-63.22754,-17.38354]],[[-63.22794,-17.38327],[-63.22794,-17.38328]],[[-63.22826,-17.3831],[-63.22826,-17.38311]],[[-63.22821,-17.38314],[-63.2282,-17.38314]],[[-63.22801,-17.38327],[-63.228,-17.38327]],[[-63.22769,-17.38347],[-63.22769,-17.38348]],[[-63.22764,-17.38351],[-63.22763,-17.38351]],[[-63.22761,-17.38353],[-63.2276,-17.38353]],[[-63.22825,-17.38316],[-63.22824,-17.38316]],[[-63.22822,-17.38317],[-63.22822,-17.38318]],[[-63.22808,-17.38327],[-63.22807,-17.38327]],[[-63.22805,-17.38329],[-63.22804,-17.38329]],[[-63.22802,-17.3833],[-63.22802,-17.38331]],[[-63.22782,-17.38343],[-63.22782,-17.38344]],[[-63.22768,-17.38353],[-63.22767,-17.38353]],[[-63.22765,-17.38354],[-63.22765,-17.38355]],[[-63.22834,-17.38313],[-63.22834,-17.38314]],[[-63.22832,-17.38315],[-63.22831,-17.38315]],[[-63.22829,-17.38317],[-63.22828,-17.38317]],[[-63.22817,-17.38324],[-63.22817,-17.38325]],[[-63.22812,-17.38328],[-63.22811,-17.38328]],[[-63.22809,-17.3833],[-63.22808,-17.3833]],[[-63.22757,-17.38363],[-63.22757,-17.38364]],[[-63.22789,-17.38343],[-63.22788,-17.38343]],[[-63.22777,-17.3835],[-63.22777,-17.38351]],[[-63.22772,-17.38354],[-63.22771,-17.38354]],[[-63.22816,-17.3833],[-63.22815,-17.3833]],[[-63.22813,-17.38332],[-63.22812,-17.38332]],[[-63.2281,-17.38333],[-63.2281,-17.38334]],[[-63.22776,-17.38356],[-63.22775,-17.38356]],[[-63.22773,-17.38357],[-63.22773,-17.38358]],[[-63.22796,-17.38343],[-63.22795,-17.38343]],[[-63.22793,-17.38344],[-63.22793,-17.38345]],[[-63.2278,-17.38357],[-63.22779,-17.38357]],[[-63.22768,-17.38364],[-63.22768,-17.38365]],[[-63.22763,-17.38368],[-63.22762,-17.38368]],[[-63.228,-17.38344],[-63.22799,-17.38344]],[[-63.22785,-17.38353],[-63.22785,-17.38354]],[[-63.22783,-17.38355],[-63.22782,-17.38355]],[[-63.22801,-17.38347],[-63.22801,-17.38348]],[[-63.22781,-17.3836],[-63.22781,-17.38361]],[[-63.22767,-17.3837],[-63.22766,-17.3837]],[[-63.22787,-17.38357],[-63.22786,-17.38357]],[[-63.22784,-17.38359],[-63.22783,-17.38359]],[[-63.22791,-17.38358],[-63.2279,-17.38358]],[[-63.22788,-17.3836],[-63.22787,-17.3836]],[[-63.22776,-17.38367],[-63.22776,-17.38368]],[[-63.22771,-17.38371],[-63.2277,-17.38371]],[[-63.22775,-17.38373],[-63.22774,-17.38373]],[[-63.22772,-17.38374],[-63.22772,-17.38375]],[[-63.22892,-17.3824],[-63.22891,-17.3824]],[[-63.2289,-17.38237],[-63.2289,-17.38236]],[[-63.22892,-17.38252],[-63.22892,-17.38251]],[[-63.22889,-17.38242],[-63.22889,-17.38241]],[[-63.22888,-17.38238],[-63.22887,-17.38238]],[[-63.22885,-17.38232],[-63.22885,-17.38231]],[[-63.22891,-17.38257],[-63.2289,-17.38257]],[[-63.22889,-17.38254],[-63.22889,-17.38253]],[[-63.22886,-17.38244],[-63.22886,-17.38243]],[[-63.22884,-17.38237],[-63.22883,-17.38237]],[[-63.22888,-17.38259],[-63.22888,-17.38258]],[[-63.22887,-17.38255],[-63.22886,-17.38255]],[[-63.22884,-17.38249],[-63.22884,-17.38248]],[[-63.22881,-17.38239],[-63.22881,-17.38238]],[[-63.2288,-17.38235],[-63.22879,-17.38235]],[[-63.22877,-17.38229],[-63.22877,-17.38228]],[[-63.22885,-17.38261],[-63.22885,-17.3826]],[[-63.22883,-17.38254],[-63.22882,-17.38254]],[[-63.22881,-17.38251],[-63.22881,-17.3825]],[[-63.22878,-17.38241],[-63.22878,-17.3824]],[[-63.22876,-17.38234],[-63.22875,-17.38234]],[[-63.22874,-17.38231],[-63.22874,-17.3823]],[[-63.22871,-17.38221],[-63.22871,-17.3822]],[[-63.2288,-17.38256],[-63.2288,-17.38255]],[[-63.2287,-17.38238],[-63.2287,-17.38237]],[[-63.22866,-17.38228],[-63.22866,-17.38227]],[[-63.22863,-17.38218],[-63.22863,-17.38217]],[[-63.2286,-17.3822],[-63.2286,-17.38219]],[[-63.22872,-17.38265],[-63.22872,-17.38264]],[[-63.22862,-17.38235],[-63.22862,-17.38234]],[[-63.22861,-17.38231],[-63.2286,-17.38231]],[[-63.22858,-17.38225],[-63.22858,-17.38224]],[[-63.22869,-17.38255],[-63.22869,-17.38254]],[[-63.22868,-17.38251],[-63.22867,-17.38251]],[[-63.22871,-17.3827],[-63.2287,-17.3827]],[[-63.22859,-17.38237],[-63.22859,-17.38236]],[[-63.22857,-17.3823],[-63.22856,-17.3823]],[[-63.22855,-17.38227],[-63.22855,-17.38226]],[[-63.22866,-17.38257],[-63.22866,-17.38256]],[[-63.22864,-17.3825],[-63.22863,-17.3825]],[[-63.22868,-17.38272],[-63.22868,-17.38271]],[[-63.22867,-17.38268],[-63.22866,-17.38268]],[[-63.22857,-17.38242],[-63.22857,-17.38241]],[[-63.22854,-17.38232],[-63.22854,-17.38231]],[[-63.22853,-17.38228],[-63.22852,-17.38228]],[[-63.2286,-17.38248],[-63.22859,-17.38248]],[[-63.22865,-17.38274],[-63.22865,-17.38273]],[[-63.22863,-17.38267],[-63.22862,-17.38267]],[[-63.22851,-17.38234],[-63.22851,-17.38233]],[[-63.22863,-17.38279],[-63.22863,-17.38278]],[[-63.2286,-17.38269],[-63.2286,-17.38268]],[[-63.22859,-17.38265],[-63.22858,-17.38265]],[[-63.22849,-17.38239],[-63.22849,-17.38238]],[[-63.22853,-17.38249],[-63.22853,-17.38248]],[[-63.22862,-17.38284],[-63.22861,-17.38284]],[[-63.2286,-17.38281],[-63.2286,-17.3828]],[[-63.22857,-17.38271],[-63.22857,-17.3827]],[[-63.2285,-17.38251],[-63.2285,-17.3825]],[[-63.22846,-17.38241],[-63.22846,-17.3824]],[[-63.22859,-17.38286],[-63.22859,-17.38285]],[[-63.22855,-17.38276],[-63.22855,-17.38275]],[[-63.22852,-17.38266],[-63.22852,-17.38265]],[[-63.22852,-17.38278],[-63.22852,-17.38277]],[[-63.22849,-17.38268],[-63.22849,-17.38267]],[[-63.22845,-17.38258],[-63.22845,-17.38257]],[[-63.22844,-17.38275],[-63.22844,-17.38274]],[[-63.22841,-17.38265],[-63.22841,-17.38264]],[[-63.2284,-17.38261],[-63.22839,-17.38261]],[[-63.22837,-17.38255],[-63.22837,-17.38254]],[[-63.22838,-17.38267],[-63.22838,-17.38266]],[[-63.22836,-17.3826],[-63.22835,-17.3826]],[[-63.22834,-17.38257],[-63.22834,-17.38256]],[[-63.22836,-17.38272],[-63.22836,-17.38271]],[[-63.22833,-17.38262],[-63.22833,-17.38261]],[[-63.22832,-17.38258],[-63.22831,-17.38258]],[[-63.22829,-17.38252],[-63.22829,-17.38251]],[[-63.2283,-17.38264],[-63.2283,-17.38263]],[[-63.22828,-17.38257],[-63.22827,-17.38257]],[[-63.22826,-17.38254],[-63.22826,-17.38253]],[[-63.22825,-17.38259],[-63.22825,-17.38258]],[[-63.22834,-17.38306],[-63.22834,-17.38305]],[[-63.22831,-17.38308],[-63.22831,-17.38307]],[[-63.22828,-17.38298],[-63.22828,-17.38297]],[[-63.2283,-17.38313],[-63.2283,-17.38312]],[[-63.22827,-17.38315],[-63.22827,-17.38314]],[[-63.22823,-17.38305],[-63.22823,-17.38304]],[[-63.2282,-17.38295],[-63.2282,-17.38294]],[[-63.22822,-17.3831],[-63.22821,-17.3831]],[[-63.22815,-17.3829],[-63.22814,-17.3829]],[[-63.22813,-17.38287],[-63.22813,-17.38286]],[[-63.22822,-17.38322],[-63.22822,-17.38321]],[[-63.22819,-17.38312],[-63.22819,-17.38311]],[[-63.22818,-17.38308],[-63.22817,-17.38308]],[[-63.22815,-17.38302],[-63.22815,-17.38301]],[[-63.22812,-17.38292],[-63.22812,-17.38291]],[[-63.22811,-17.38288],[-63.2281,-17.38288]],[[-63.22808,-17.38282],[-63.22808,-17.38281]],[[-63.22821,-17.38327],[-63.2282,-17.38327]],[[-63.22816,-17.38314],[-63.22816,-17.38313]],[[-63.22814,-17.38307],[-63.22813,-17.38307]],[[-63.22812,-17.38304],[-63.22812,-17.38303]],[[-63.22809,-17.38294],[-63.22809,-17.38293]],[[-63.22807,-17.38287],[-63.22806,-17.38287]],[[-63.22805,-17.38284],[-63.22805,-17.38283]],[[-63.22818,-17.38329],[-63.22818,-17.38328]],[[-63.22817,-17.38325],[-63.22816,-17.38325]],[[-63.22814,-17.38319],[-63.22814,-17.38318]],[[-63.22811,-17.38309],[-63.22811,-17.38308]],[[-63.2281,-17.38305],[-63.22809,-17.38305]],[[-63.22807,-17.38299],[-63.22807,-17.38298]],[[-63.22804,-17.38289],[-63.22804,-17.38288]],[[-63.22803,-17.38285],[-63.22802,-17.38285]],[[-63.22815,-17.38331],[-63.22815,-17.3833]],[[-63.22813,-17.38324],[-63.22812,-17.38324]],[[-63.22811,-17.38321],[-63.22811,-17.3832]],[[-63.22808,-17.38311],[-63.22808,-17.3831]],[[-63.22804,-17.38301],[-63.22804,-17.383]],[[-63.22801,-17.38291],[-63.22801,-17.3829]],[[-63.2281,-17.38326],[-63.2281,-17.38325]],[[-63.22806,-17.38316],[-63.22806,-17.38315]],[[-63.22803,-17.38306],[-63.22803,-17.38305]],[[-63.22799,-17.38296],[-63.22799,-17.38295]],[[-63.2281,-17.38338],[-63.2281,-17.38337]],[[-63.22807,-17.38328],[-63.22807,-17.38327]],[[-63.22803,-17.38318],[-63.22803,-17.38317]],[[-63.228,-17.38308],[-63.228,-17.38307]],[[-63.22796,-17.38298],[-63.22796,-17.38297]],[[-63.22805,-17.38333],[-63.22805,-17.38332]],[[-63.22795,-17.38315],[-63.22795,-17.38314]],[[-63.22792,-17.38305],[-63.22792,-17.38304]],[[-63.22791,-17.38301],[-63.2279,-17.38301]],[[-63.22788,-17.38295],[-63.22788,-17.38294]],[[-63.22802,-17.38335],[-63.22802,-17.38334]],[[-63.22794,-17.3832],[-63.22793,-17.3832]],[[-63.22789,-17.38307],[-63.22789,-17.38306]],[[-63.22787,-17.383],[-63.22786,-17.383]],[[-63.2279,-17.38318],[-63.22789,-17.38318]],[[-63.22787,-17.38312],[-63.22787,-17.38311]],[[-63.22784,-17.38302],[-63.22784,-17.38301]],[[-63.22794,-17.38332],[-63.22794,-17.38331]],[[-63.22781,-17.38304],[-63.22781,-17.38303]],[[-63.22786,-17.38317],[-63.22785,-17.38317]],[[-63.22784,-17.38314],[-63.22784,-17.38313]],[[-63.22793,-17.38349],[-63.22793,-17.38348]],[[-63.22782,-17.38315],[-63.22781,-17.38315]],[[-63.22779,-17.38309],[-63.22779,-17.38308]],[[-63.22783,-17.38319],[-63.22783,-17.38318]],[[-63.22792,-17.38354],[-63.22791,-17.38354]],[[-63.2279,-17.38351],[-63.2279,-17.3835]],[[-63.22789,-17.38356],[-63.22789,-17.38355]],[[-63.22785,-17.38346],[-63.22785,-17.38345]],[[-63.22775,-17.38316],[-63.22775,-17.38315]],[[-63.22786,-17.38358],[-63.22786,-17.38357]],[[-63.22782,-17.38348],[-63.22782,-17.38347]],[[-63.22772,-17.38318],[-63.22772,-17.38317]],[[-63.22775,-17.38328],[-63.22775,-17.38327]],[[-63.22784,-17.38363],[-63.22784,-17.38362]],[[-63.22781,-17.38353],[-63.22781,-17.38352]],[[-63.22777,-17.38343],[-63.22777,-17.38342]],[[-63.2277,-17.38331],[-63.22769,-17.38331]],[[-63.22767,-17.38325],[-63.22767,-17.38324]],[[-63.22781,-17.38365],[-63.22781,-17.38364]],[[-63.22778,-17.38355],[-63.22778,-17.38354]],[[-63.22777,-17.38351],[-63.22776,-17.38351]],[[-63.22774,-17.38345],[-63.22774,-17.38344]],[[-63.22766,-17.3833],[-63.22765,-17.3833]],[[-63.22764,-17.38327],[-63.22764,-17.38326]],[[-63.22773,-17.3835],[-63.22772,-17.3835]],[[-63.22777,-17.38372],[-63.22777,-17.38371]],[[-63.22776,-17.38368],[-63.22775,-17.38368]],[[-63.22773,-17.38362],[-63.22773,-17.38361]],[[-63.2277,-17.38352],[-63.2277,-17.38351]],[[-63.22769,-17.38348],[-63.22768,-17.38348]],[[-63.22766,-17.38342],[-63.22766,-17.38341]],[[-63.22763,-17.38332],[-63.22763,-17.38331]],[[-63.22762,-17.38328],[-63.22761,-17.38328]],[[-63.22772,-17.38367],[-63.22771,-17.38367]],[[-63.22767,-17.38354],[-63.22767,-17.38353]],[[-63.22765,-17.38347],[-63.22764,-17.38347]],[[-63.22763,-17.38344],[-63.22763,-17.38343]],[[-63.2276,-17.38334],[-63.2276,-17.38333]],[[-63.22769,-17.38369],[-63.22769,-17.38368]],[[-63.22768,-17.38365],[-63.22767,-17.38365]],[[-63.22765,-17.38359],[-63.22765,-17.38358]],[[-63.22762,-17.38349],[-63.22762,-17.38348]],[[-63.22761,-17.38345],[-63.2276,-17.38345]],[[-63.22758,-17.38339],[-63.22758,-17.38338]],[[-63.22766,-17.38371],[-63.22766,-17.3837]],[[-63.22762,-17.38361],[-63.22762,-17.3836]],[[-63.22759,-17.38351],[-63.22759,-17.3835]],[[-63.22755,-17.38341],[-63.22755,-17.3834]],[[-63.22761,-17.38366],[-63.22761,-17.38365]],[[-63.22754,-17.38346],[-63.22754,-17.38345]],[[-63.2275,-17.38336],[-63.2275,-17.38335]],[[-63.22757,-17.38356],[-63.22757,-17.38355]],[[-63.22751,-17.38348],[-63.22751,-17.38347]],[[-63.22754,-17.38358],[-63.22754,-17.38357]],[[-63.22743,-17.38345],[-63.22743,-17.38344]],[[-63.2274,-17.38347],[-63.2274,-17.38346]]]},"properties":{"name":"Sombreado [4B5E0]:0","stroke-opacity":1,"stroke":"#3e7e00","stroke-width":4}},
{"type":"Feature","geometry":{"type":"MultiLineString","coordinates":[[[-63.22894,-17.38254],[-63.22902,-17.38246]],[[-63.22902,-17.38246],[-63.22893,-17.38238]]]},"properties":{"name":"Polilínea [4B381]:0","stroke-opacity":1,"stroke":"#0000fe","stroke-width":4}},
{"type":"Feature","geometry":{"type":"MultiLineString","coordinates":[[[-63.22833,-17.38315],[-63.22841,-17.38307]],[[-63.22841,-17.38307],[-63.22833,-17.383]]]},"properties":{"name":"Polilínea [4B364]:0","stroke-opacity":1,"stroke":"#0000fe","stroke-width":4}},
{"type":"Feature","geometry":{"type":"MultiLineString","coordinates":[[[-63.22865,-17.38283],[-63.22857,-17.38291]],[[-63.22857,-17.38291],[-63.22849,-17.38283]]]},"properties":{"name":"Polilínea [4B363]:0","stroke-opacity":1,"stroke":"#0000fe","stroke-width":4}},
{"type":"Feature","geometry":{"type":"LineString","coordinates":[[-63.22864,-17.38212],[-63.22739,-17.38348]]},"properties":{"name":"Línea [4B362]:0","stroke-opacity":1,"stroke":"#0000fe","stroke-width":4}},
{"type":"Feature","geometry":{"type":"LineString","coordinates":[[-63.22849,-17.38283],[-63.22821,-17.38259]]},"properties":{"name":"Línea [4B360]:0","stroke-opacity":1,"stroke":"#0000fe","stroke-width":4}},
{"type":"Feature","geometry":{"type":"LineString","coordinates":[[-63.22865,-17.38283],[-63.22863,-17.38284],[-63.22862,-17.38285],[-63.2286,-17.38286],[-63.22858,-17.38286],[-63.22856,-17.38286],[-63.22854,-17.38286],[-63.22852,-17.38285],[-63.22851,-17.38285],[-63.22849,-17.38283]]},"properties":{"name":"Arco [4B35F]:0","stroke-opacity":1,"stroke":"#0000fe","stroke-width":4}},
{"type":"Feature","geometry":{"type":"LineString","coordinates":[[-63.22894,-17.38254],[-63.22865,-17.38283]]},"properties":{"name":"Línea [4B35E]:0","stroke-opacity":1,"stroke":"#0000fe","stroke-width":4}},
{"type":"Feature","geometry":{"type":"LineString","coordinates":[[-63.22772,-17.38377],[-63.22598,-17.38225]]},"properties":{"name":"Línea [4B35B]:0","stroke-opacity":1,"stroke":"#0000fe","stroke-width":4}},
{"type":"Feature","geometry":{"type":"LineString","coordinates":[[-63.22833,-17.38315],[-63.22772,-17.38377]]},"properties":{"name":"Línea [4B35A]:0","stroke-opacity":1,"stroke":"#0000fe","stroke-width":4}},
{"type":"Feature","geometry":{"type":"LineString","coordinates":[[-63.22833,-17.383],[-63.22834,-17.38301],[-63.22835,-17.38303],[-63.22836,-17.38304],[-63.22836,-17.38306],[-63.22836,-17.38308],[-63.22836,-17.3831],[-63.22835,-17.38312],[-63.22834,-17.38314],[-63.22833,-17.38315]]},"properties":{"name":"Arco [4B359]:0","stroke-opacity":1,"stroke":"#0000fe","stroke-width":4}},
{"type":"Feature","geometry":{"type":"LineString","coordinates":[[-63.22805,-17.38276],[-63.22833,-17.383]]},"properties":{"name":"Línea [4B358]:0","stroke-opacity":1,"stroke":"#0000fe","stroke-width":4}},
{"type":"Feature","geometry":{"type":"LineString","coordinates":[[-63.22849,-17.38299],[-63.22848,-17.38299],[-63.22847,-17.38299]]},"properties":{"name":"Arco [4B336]:0","stroke-opacity":1,"stroke":"#00fefe","stroke-width":4}},
{"type":"Feature","geometry":{"type":"LineString","coordinates":[[-63.22849,-17.38297],[-63.2285,-17.38297],[-63.2285,-17.38298],[-63.22849,-17.38298],[-63.22849,-17.38299]]},"properties":{"name":"Arco [4B335]:0","stroke-opacity":1,"stroke":"#00fefe","stroke-width":4}},
{"type":"Feature","geometry":{"type":"LineString","coordinates":[[-63.22812,-17.38268],[-63.22847,-17.38299]]},"properties":{"name":"Línea [4B333]:0","stroke-opacity":1,"stroke":"#00fefe","stroke-width":4}},
{"type":"Feature","geometry":{"type":"LineString","coordinates":[[-63.22814,-17.38266],[-63.22849,-17.38297]]},"properties":{"name":"Línea [4B332]:0","stroke-opacity":1,"stroke":"#00fefe","stroke-width":4}},
{"type":"Feature","geometry":{"type":"LineString","coordinates":[[-63.23758,-17.39091],[-63.2389,-17.39206]]},"properties":{"name":"Línea [4B218]:0","stroke-opacity":1,"stroke":"#fe00fe","stroke-width":4}},
{"type":"Feature","geometry":{"type":"LineString","coordinates":[[-63.23493,-17.3886],[-63.23758,-17.39091]]},"properties":{"name":"Línea [4B215]:0","stroke-opacity":1,"stroke":"#fe00fe","stroke-width":4}},
{"type":"Feature","geometry":{"type":"LineString","coordinates":[[-63.22907,-17.38267],[-63.2291,-17.38265],[-63.22912,-17.38264],[-63.22915,-17.38263],[-63.22918,-17.38262],[-63.22921,-17.38262],[-63.22924,-17.38263],[-63.22926,-17.38263],[-63.22929,-17.38265],[-63.22931,-17.38266]]},"properties":{"name":"Arco [48936]:0","stroke-opacity":1,"stroke":"#00fefe","stroke-width":4}},
{"type":"Feature","geometry":{"type":"LineString","coordinates":[[-63.2291,-17.3827],[-63.22911,-17.38269],[-63.22913,-17.38268],[-63.22916,-17.38267],[-63.22918,-17.38266],[-63.22921,-17.38266],[-63.22923,-17.38267],[-63.22925,-17.38267],[-63.22927,-17.38268],[-63.22929,-17.3827]]},"properties":{"name":"Arco [48931]:0","stroke-opacity":1,"stroke":"#0000fe","stroke-width":4}},
{"type":"Feature","geometry":{"type":"MultiLineString","coordinates":[[[-63.2381,-17.39441],[-63.23811,-17.39441]],[[-63.23811,-17.39441],[-63.2381,-17.39441]]]},"properties":{"name":"Círculo [488D1]:0","stroke-opacity":1,"stroke":"#fefefe","stroke-width":4}},
{"type":"Feature","geometry":{"type":"LineString","coordinates":[[-63.23781,-17.39415],[-63.23781,-17.39416],[-63.23781,-17.39415]]},"properties":{"name":"Círculo [488D0]:0","stroke-opacity":1,"stroke":"#fefefe","stroke-width":4}},
{"type":"Feature","geometry":{"type":"LineString","coordinates":[[-63.23781,-17.39415],[-63.23774,-17.39416]]},"properties":{"name":"Línea [488CF]:0","stroke-opacity":1,"stroke":"#fefefe","stroke-width":4}},
{"type":"Feature","geometry":{"type":"LineString","coordinates":[[-63.2381,-17.39441],[-63.23811,-17.39447]]},"properties":{"name":"Línea [488CE]:0","stroke-opacity":1,"stroke":"#fefefe","stroke-width":4}},
{"type":"Feature","geometry":{"type":"MultiLineString","coordinates":[[[-63.23762,-17.39399],[-63.23762,-17.39398],[-63.23762,-17.39399],[-63.23763,-17.39399]],[[-63.23763,-17.39399],[-63.23762,-17.39399]]]},"properties":{"name":"Círculo [4882F]:0","stroke-opacity":1,"stroke":"#fefefe","stroke-width":4}},
{"type":"Feature","geometry":{"type":"MultiLineString","coordinates":[[[-63.2373,-17.39371],[-63.2373,-17.3937],[-63.23731,-17.39371]],[[-63.23731,-17.39371],[-63.2373,-17.39371]]]},"properties":{"name":"Círculo [4882E]:0","stroke-opacity":1,"stroke":"#fefefe","stroke-width":4}},
{"type":"Feature","geometry":{"type":"LineString","coordinates":[[-63.2373,-17.39371],[-63.23724,-17.39371]]},"properties":{"name":"Línea [4882D]:0","stroke-opacity":1,"stroke":"#fefefe","stroke-width":4}},
{"type":"Feature","geometry":{"type":"LineString","coordinates":[[-63.23762,-17.39399],[-63.23762,-17.39405]]},"properties":{"name":"Línea [4882C]:0","stroke-opacity":1,"stroke":"#fefefe","stroke-width":4}},
{"type":"Feature","geometry":{"type":"MultiLineString","coordinates":[[[-63.23679,-17.39326],[-63.2368,-17.39326]],[[-63.2368,-17.39326],[-63.2368,-17.39327],[-63.23679,-17.39327],[-63.23679,-17.39326]]]},"properties":{"name":"Círculo [486AB]:0","stroke-opacity":1,"stroke":"#fefefe","stroke-width":4}},
{"type":"Feature","geometry":{"type":"LineString","coordinates":[[-63.23679,-17.39326],[-63.23673,-17.39327]]},"properties":{"name":"Línea [486AA]:0","stroke-opacity":1,"stroke":"#fefefe","stroke-width":4}},
{"type":"Feature","geometry":{"type":"MultiLineString","coordinates":[[[-63.23711,-17.39354],[-63.23712,-17.39354]],[[-63.23712,-17.39354],[-63.23712,-17.39355],[-63.23711,-17.39355],[-63.23711,-17.39354]]]},"properties":{"name":"Círculo [4869B]:0","stroke-opacity":1,"stroke":"#fefefe","stroke-width":4}},
{"type":"Feature","geometry":{"type":"LineString","coordinates":[[-63.23711,-17.39354],[-63.23712,-17.39361]]},"properties":{"name":"Línea [48692]:0","stroke-opacity":1,"stroke":"#fefefe","stroke-width":4}},
{"type":"Feature","geometry":{"type":"LineString","coordinates":[[-63.23985,-17.39266],[-63.23984,-17.39267],[-63.23982,-17.39268],[-63.23981,-17.39269],[-63.2398,-17.39269],[-63.23978,-17.39269],[-63.23977,-17.39269],[-63.23975,-17.39268],[-63.23974,-17.39268],[-63.23973,-17.39267]]},"properties":{"name":"Arco [485BE]:0","stroke-opacity":1,"stroke":"#0000fe","stroke-width":4}},
{"type":"Feature","geometry":{"type":"LineString","coordinates":[[-63.23956,-17.39285],[-63.23964,-17.39285]]},"properties":{"name":"Línea [48563]:0","stroke-opacity":1,"stroke":"#fefefe","stroke-width":4}},
{"type":"Feature","geometry":{"type":"MultiLineString","coordinates":[[[-63.23955,-17.39285],[-63.23956,-17.39285]],[[-63.23956,-17.39285],[-63.23955,-17.39285]]]},"properties":{"name":"Círculo [48562]:0","stroke-opacity":1,"stroke":"#fefefe","stroke-width":4}},
{"type":"Feature","geometry":{"type":"MultiLineString","coordinates":[[[-63.23931,-17.39264],[-63.23931,-17.39263],[-63.23932,-17.39264]],[[-63.23932,-17.39264],[-63.23931,-17.39264]]]},"properties":{"name":"Círculo [48561]:0","stroke-opacity":1,"stroke":"#fefefe","stroke-width":4}},
{"type":"Feature","geometry":{"type":"MultiLineString","coordinates":[[[-63.23909,-17.39245],[-63.23909,-17.39244],[-63.2391,-17.39244],[-63.2391,-17.39245]],[[-63.2391,-17.39245],[-63.23909,-17.39245]]]},"properties":{"name":"Círculo [48560]:0","stroke-opacity":1,"stroke":"#fefefe","stroke-width":4}},
{"type":"Feature","geometry":{"type":"MultiLineString","coordinates":[[[-63.2388,-17.39219],[-63.23881,-17.39219]],[[-63.23881,-17.39219],[-63.2388,-17.39219],[-63.2388,-17.3922],[-63.2388,-17.39219]]]},"properties":{"name":"Círculo [4855F]:0","stroke-opacity":1,"stroke":"#fefefe","stroke-width":4}},
{"type":"Feature","geometry":{"type":"MultiLineString","coordinates":[[[-63.23858,-17.392],[-63.23859,-17.392]],[[-63.23859,-17.392],[-63.23859,-17.39201],[-63.23858,-17.39201],[-63.23858,-17.392]]]},"properties":{"name":"Círculo [4855E]:0","stroke-opacity":1,"stroke":"#fefefe","stroke-width":4}},
{"type":"Feature","geometry":{"type":"LineString","coordinates":[[-63.23859,-17.392],[-63.23867,-17.392]]},"properties":{"name":"Línea [4855D]:0","stroke-opacity":1,"stroke":"#fefefe","stroke-width":4}},
{"type":"Feature","geometry":{"type":"LineString","coordinates":[[-63.2388,-17.39219],[-63.2388,-17.39211]]},"properties":{"name":"Línea [4855C]:0","stroke-opacity":1,"stroke":"#fefefe","stroke-width":4}},
{"type":"Feature","geometry":{"type":"LineString","coordinates":[[-63.23909,-17.39245],[-63.23918,-17.39244]]},"properties":{"name":"Línea [4855B]:0","stroke-opacity":1,"stroke":"#fefefe","stroke-width":4}},
{"type":"Feature","geometry":{"type":"LineString","coordinates":[[-63.23931,-17.39264],[-63.23931,-17.39255]]},"properties":{"name":"Línea [4855A]:0","stroke-opacity":1,"stroke":"#fefefe","stroke-width":4}},
{"type":"Feature","geometry":{"type":"MultiLineString","coordinates":[[[-63.23978,-17.39261],[-63.23979,-17.39261]],[[-63.23979,-17.39261],[-63.23978,-17.39261]]]},"properties":{"name":"Círculo [4853D]:0","stroke-opacity":1,"stroke":"#fefefe","stroke-width":4}},
{"type":"Feature","geometry":{"type":"MultiLineString","coordinates":[[[-63.24012,-17.39225],[-63.24012,-17.39224],[-63.24013,-17.39224],[-63.24013,-17.39225]],[[-63.24013,-17.39225],[-63.24012,-17.39225]]]},"properties":{"name":"Círculo [4853C]:0","stroke-opacity":1,"stroke":"#fefefe","stroke-width":4}},
{"type":"Feature","geometry":{"type":"LineString","coordinates":[[-63.24013,-17.39225],[-63.24021,-17.39224]]},"properties":{"name":"Línea [4853B]:0","stroke-opacity":1,"stroke":"#fefefe","stroke-width":4}},
{"type":"Feature","geometry":{"type":"LineString","coordinates":[[-63.23978,-17.39261],[-63.23979,-17.39269]]},"properties":{"name":"Línea [4853A]:0","stroke-opacity":1,"stroke":"#fefefe","stroke-width":4}},
{"type":"Feature","geometry":{"type":"MultiLineString","coordinates":[[[-63.23865,-17.39206],[-63.23871,-17.392]],[[-63.23871,-17.392],[-63.23864,-17.39194]]]},"properties":{"name":"Polilínea [48262]:0","stroke-opacity":1,"stroke":"#0000fe","stroke-width":4}},
{"type":"Feature","geometry":{"type":"MultiLineString","coordinates":[[[-63.23886,-17.39213],[-63.2388,-17.39208]],[[-63.2388,-17.39208],[-63.23874,-17.39214]]]},"properties":{"name":"Polilínea [48261]:0","stroke-opacity":1,"stroke":"#0000fe","stroke-width":4}},
{"type":"Feature","geometry":{"type":"MultiLineString","coordinates":[[[-63.23916,-17.3925],[-63.23921,-17.39244]],[[-63.23921,-17.39244],[-63.23915,-17.39239]]]},"properties":{"name":"Polilínea [48260]:0","stroke-opacity":1,"stroke":"#0000fe","stroke-width":4}},
{"type":"Feature","geometry":{"type":"MultiLineString","coordinates":[[[-63.23937,-17.39258],[-63.23931,-17.39252]],[[-63.23931,-17.39252],[-63.23925,-17.39258]]]},"properties":{"name":"Polilínea [4825F]:0","stroke-opacity":1,"stroke":"#0000fe","stroke-width":4}},
{"type":"Feature","geometry":{"type":"MultiLineString","coordinates":[[[-63.23962,-17.39291],[-63.23968,-17.39284]],[[-63.23968,-17.39284],[-63.23961,-17.39279]]]},"properties":{"name":"Polilínea [4825E]:0","stroke-opacity":1,"stroke":"#0000fe","stroke-width":4}},
{"type":"Feature","geometry":{"type":"MultiLineString","coordinates":[[[-63.23985,-17.39266],[-63.23979,-17.39272]],[[-63.23979,-17.39272],[-63.23973,-17.39267]]]},"properties":{"name":"Polilínea [4825D]:0","stroke-opacity":1,"stroke":"#0000fe","stroke-width":4}},
{"type":"Feature","geometry":{"type":"MultiLineString","coordinates":[[[-63.23872,-17.39102],[-63.23878,-17.39096]],[[-63.23878,-17.39096],[-63.23871,-17.39091]]]},"properties":{"name":"Polilínea [4825C]:0","stroke-opacity":1,"stroke":"#0000fe","stroke-width":4}},
{"type":"Feature","geometry":{"type":"MultiLineString","coordinates":[[[-63.23893,-17.39109],[-63.23887,-17.39104]],[[-63.23887,-17.39104],[-63.23881,-17.3911]]]},"properties":{"name":"Polilínea [4825B]:0","stroke-opacity":1,"stroke":"#0000fe","stroke-width":4}},
{"type":"Feature","geometry":{"type":"MultiLineString","coordinates":[[[-63.23835,-17.39169],[-63.23829,-17.39164]],[[-63.23829,-17.39164],[-63.23823,-17.39169]]]},"properties":{"name":"Polilínea [4825A]:0","stroke-opacity":1,"stroke":"#0000fe","stroke-width":4}},
{"type":"Feature","geometry":{"type":"MultiLineString","coordinates":[[[-63.23813,-17.3915],[-63.2382,-17.39156]],[[-63.2382,-17.39156],[-63.23814,-17.39162]]]},"properties":{"name":"Polilínea [48259]:0","stroke-opacity":1,"stroke":"#0000fe","stroke-width":4}},
{"type":"Feature","geometry":{"type":"MultiLineString","coordinates":[[[-63.23837,-17.39138],[-63.23831,-17.39144]],[[-63.23831,-17.39144],[-63.23825,-17.39138]]]},"properties":{"name":"Polilínea [48258]:0","stroke-opacity":1,"stroke":"#0000fe","stroke-width":4}},
{"type":"Feature","geometry":{"type":"MultiLineString","coordinates":[[[-63.23847,-17.39157],[-63.2384,-17.39152]],[[-63.2384,-17.39152],[-63.23846,-17.39146]]]},"properties":{"name":"Polilínea [48257]:0","stroke-opacity":1,"stroke":"#0000fe","stroke-width":4}},
{"type":"Feature","geometry":{"type":"MultiLineString","coordinates":[[[-63.23632,-17.38992],[-63.23639,-17.38998]],[[-63.23639,-17.38998],[-63.23633,-17.39004]]]},"properties":{"name":"Polilínea [48256]:0","stroke-opacity":1,"stroke":"#0000fe","stroke-width":4}},
{"type":"Feature","geometry":{"type":"MultiLineString","coordinates":[[[-63.23654,-17.39011],[-63.23648,-17.39006]],[[-63.23648,-17.39006],[-63.23642,-17.39011]]]},"properties":{"name":"Polilínea [48255]:0","stroke-opacity":1,"stroke":"#0000fe","stroke-width":4}},
{"type":"Feature","geometry":{"type":"MultiLineString","coordinates":[[[-63.23665,-17.38988],[-63.23659,-17.38994]],[[-63.23659,-17.38994],[-63.23666,-17.38999]]]},"properties":{"name":"Polilínea [48254]:0","stroke-opacity":1,"stroke":"#0000fe","stroke-width":4}},
{"type":"Feature","geometry":{"type":"MultiLineString","coordinates":[[[-63.23656,-17.3898],[-63.2365,-17.38986]],[[-63.2365,-17.38986],[-63.23644,-17.38981]]]},"properties":{"name":"Polilínea [481CE]:0","stroke-opacity":1,"stroke":"#0000fe","stroke-width":4}},
{"type":"Feature","geometry":{"type":"MultiLineString","coordinates":[[[-63.23354,-17.38717],[-63.23348,-17.38723]],[[-63.23348,-17.38723],[-63.23355,-17.38728]]]},"properties":{"name":"Polilínea [47FC2]:0","stroke-opacity":1,"stroke":"#0000fe","stroke-width":4}},
{"type":"Feature","geometry":{"type":"MultiLineString","coordinates":[[[-63.23343,-17.3874],[-63.23337,-17.38735]],[[-63.23337,-17.38735],[-63.23331,-17.3874]]]},"properties":{"name":"Polilínea [47FC1]:0","stroke-opacity":1,"stroke":"#0000fe","stroke-width":4}},
{"type":"Feature","geometry":{"type":"MultiLineString","coordinates":[[[-63.23477,-17.38857],[-63.23483,-17.38862]],[[-63.23483,-17.38862],[-63.23477,-17.38868]]]},"properties":{"name":"Polilínea [47FC0]:0","stroke-opacity":1,"stroke":"#0000fe","stroke-width":4}},
{"type":"Feature","geometry":{"type":"MultiLineString","coordinates":[[[-63.23498,-17.38875],[-63.23492,-17.3887]],[[-63.23492,-17.3887],[-63.23486,-17.38876]]]},"properties":{"name":"Polilínea [47FBE]:0","stroke-opacity":1,"stroke":"#0000fe","stroke-width":4}},
{"type":"Feature","geometry":{"type":"MultiLineString","coordinates":[[[-63.2351,-17.38852],[-63.23504,-17.38858]],[[-63.23504,-17.38858],[-63.2351,-17.38864]]]},"properties":{"name":"Polilínea [47FBD]:0","stroke-opacity":1,"stroke":"#0000fe","stroke-width":4}},
{"type":"Feature","geometry":{"type":"MultiLineString","coordinates":[[[-63.235,-17.38845],[-63.23495,-17.3885]],[[-63.23495,-17.3885],[-63.23489,-17.38845]]]},"properties":{"name":"Polilínea [47FBC]:0","stroke-opacity":1,"stroke":"#0000fe","stroke-width":4}},
{"type":"Feature","geometry":{"type":"MultiLineString","coordinates":[[[-63.23311,-17.38716],[-63.23304,-17.38709]],[[-63.23301,-17.38706],[-63.2329,-17.38696]],[[-63.23287,-17.38693],[-63.23277,-17.38683]],[[-63.23273,-17.3868],[-63.23272,-17.38679]],[[-63.23304,-17.38716],[-63.23304,-17.38715]],[[-63.23301,-17.38712],[-63.2329,-17.38702]],[[-63.23287,-17.38699],[-63.23277,-17.38689]],[[-63.23274,-17.38686],[-63.23263,-17.38676]],[[-63.2326,-17.38673],[-63.2325,-17.38663]],[[-63.23246,-17.3866],[-63.23236,-17.3865]],[[-63.23233,-17.38647],[-63.23223,-17.38637]],[[-63.23219,-17.38634],[-63.23209,-17.38625]],[[-63.23206,-17.38621],[-63.23204,-17.3862]],[[-63.23297,-17.38716],[-63.2329,-17.38709]],[[-63.23287,-17.38706],[-63.23277,-17.38696]],[[-63.23274,-17.38693],[-63.23263,-17.38683]],[[-63.2326,-17.3868],[-63.2325,-17.3867]],[[-63.23246,-17.38667],[-63.23236,-17.38657]],[[-63.23233,-17.38654],[-63.23223,-17.38644]],[[-63.23219,-17.38641],[-63.23209,-17.38631]],[[-63.23206,-17.38628],[-63.23203,-17.38625]],[[-63.23201,-17.38623],[-63.23198,-17.3862]],[[-63.23291,-17.38716],[-63.2329,-17.38715]],[[-63.23287,-17.38712],[-63.23277,-17.38702]],[[-63.23274,-17.38699],[-63.23263,-17.38689]],[[-63.2326,-17.38686],[-63.2325,-17.38676]],[[-63.23246,-17.38673],[-63.23236,-17.38663]],[[-63.23233,-17.3866],[-63.23223,-17.3865]],[[-63.23219,-17.38647],[-63.23209,-17.38637]],[[-63.23206,-17.38634],[-63.23196,-17.38625]],[[-63.23284,-17.38716],[-63.23277,-17.38709]],[[-63.23274,-17.38706],[-63.23263,-17.38696]],[[-63.2326,-17.38693],[-63.2325,-17.38683]],[[-63.23246,-17.3868],[-63.23236,-17.3867]],[[-63.23233,-17.38667],[-63.23223,-17.38657]],[[-63.23219,-17.38654],[-63.23209,-17.38644]],[[-63.23206,-17.38641],[-63.23196,-17.38631]],[[-63.23192,-17.38628],[-63.2319,-17.38626]],[[-63.23277,-17.38716],[-63.23277,-17.38715]],[[-63.23274,-17.38712],[-63.23263,-17.38702]],[[-63.2326,-17.38699],[-63.2325,-17.38689]],[[-63.23246,-17.38686],[-63.23236,-17.38676]],[[-63.23233,-17.38673],[-63.23223,-17.38663]],[[-63.23219,-17.3866],[-63.23209,-17.3865]],[[-63.23206,-17.38647],[-63.23196,-17.38638]],[[-63.23192,-17.38634],[-63.23187,-17.38629]],[[-63.2327,-17.38716],[-63.23263,-17.38709]],[[-63.2326,-17.38706],[-63.2325,-17.38696]],[[-63.23246,-17.38693],[-63.23242,-17.38689]],[[-63.23238,-17.38684],[-63.23236,-17.38683]],[[-63.23233,-17.3868],[-63.23223,-17.3867]],[[-63.23219,-17.38667],[-63.23209,-17.38657]],[[-63.23206,-17.38654],[-63.23196,-17.38644]],[[-63.23192,-17.38641],[-63.23184,-17.38633]],[[-63.23264,-17.38716],[-63.23263,-17.38715]],[[-63.2326,-17.38712],[-63.2325,-17.38702]],[[-63.23246,-17.38699],[-63.23239,-17.38692]],[[-63.23231,-17.38684],[-63.23223,-17.38676]],[[-63.23219,-17.38673],[-63.23209,-17.38663]],[[-63.23206,-17.3866],[-63.23196,-17.38651]],[[-63.23192,-17.38647],[-63.23182,-17.38638]],[[-63.23257,-17.38716],[-63.2325,-17.38709]],[[-63.23246,-17.38706],[-63.23236,-17.38696]],[[-63.23233,-17.38693],[-63.23232,-17.38692]],[[-63.23224,-17.38684],[-63.23223,-17.38683]],[[-63.23219,-17.3868],[-63.23209,-17.3867]],[[-63.23206,-17.38667],[-63.23196,-17.38657]],[[-63.23192,-17.38654],[-63.23182,-17.38644]],[[-63.23179,-17.38641],[-63.23177,-17.38639]],[[-63.2325,-17.38716],[-63.2325,-17.38715]],[[-63.23246,-17.38712],[-63.23238,-17.38704]],[[-63.23218,-17.38684],[-63.23209,-17.38676]],[[-63.23206,-17.38673],[-63.23196,-17.38663]],[[-63.23192,-17.3866],[-63.23182,-17.38651]],[[-63.23179,-17.38647],[-63.23174,-17.38643]],[[-63.23237,-17.38703],[-63.23236,-17.38702]],[[-63.23233,-17.38699],[-63.23225,-17.38692]],[[-63.23243,-17.38716],[-63.23238,-17.38711]],[[-63.23211,-17.38684],[-63.23209,-17.38683]],[[-63.23206,-17.3868],[-63.23196,-17.3867]],[[-63.23192,-17.38667],[-63.23182,-17.38657]],[[-63.23179,-17.38654],[-63.23171,-17.38646]],[[-63.2323,-17.38703],[-63.23225,-17.38698]],[[-63.23219,-17.38693],[-63.23219,-17.38692]],[[-63.23237,-17.38716],[-63.23236,-17.38715]],[[-63.23233,-17.38712],[-63.23232,-17.38711]],[[-63.23223,-17.38703],[-63.23223,-17.38702]],[[-63.23204,-17.38684],[-63.23196,-17.38676]],[[-63.23192,-17.38673],[-63.23182,-17.38664]],[[-63.23179,-17.3866],[-63.23171,-17.38652]],[[-63.23214,-17.38694],[-63.23212,-17.38692]],[[-63.2323,-17.38716],[-63.23225,-17.38711]],[[-63.23165,-17.38654],[-63.23164,-17.38653]],[[-63.23217,-17.38703],[-63.23215,-17.38701]],[[-63.23197,-17.38684],[-63.23196,-17.38683]],[[-63.23192,-17.3868],[-63.23182,-17.3867]],[[-63.23179,-17.38667],[-63.23169,-17.38657]],[[-63.23206,-17.38693],[-63.23205,-17.38692]],[[-63.23223,-17.38716],[-63.23223,-17.38715]],[[-63.23219,-17.38712],[-63.23218,-17.38711]],[[-63.23191,-17.38684],[-63.23182,-17.38676]],[[-63.23179,-17.38673],[-63.23169,-17.38664]],[[-63.23165,-17.3866],[-63.23161,-17.38656]],[[-63.2321,-17.38703],[-63.23209,-17.38702]],[[-63.23206,-17.38699],[-63.23198,-17.38692]],[[-63.23216,-17.38716],[-63.23212,-17.38711]],[[-63.23159,-17.38661],[-63.23158,-17.38659]],[[-63.23203,-17.38703],[-63.23196,-17.38696]],[[-63.23192,-17.38693],[-63.23191,-17.38692]],[[-63.23189,-17.3869],[-63.23182,-17.38683]],[[-63.23179,-17.3868],[-63.23169,-17.3867]],[[-63.23165,-17.38667],[-63.23159,-17.38661]],[[-63.2321,-17.38716],[-63.23209,-17.38715]],[[-63.23206,-17.38712],[-63.23205,-17.38711]],[[-63.23159,-17.38667],[-63.23155,-17.38664]],[[-63.23197,-17.38704],[-63.23196,-17.38702]],[[-63.23192,-17.38699],[-63.23182,-17.38689]],[[-63.23179,-17.38686],[-63.23169,-17.38677]],[[-63.23165,-17.38673],[-63.23159,-17.38667]],[[-63.23203,-17.38716],[-63.23198,-17.38711]],[[-63.23159,-17.38674],[-63.23155,-17.3867]],[[-63.23152,-17.38667],[-63.23151,-17.38666]],[[-63.23197,-17.3871],[-63.23196,-17.38709]],[[-63.23192,-17.38706],[-63.23182,-17.38696]],[[-63.23179,-17.38693],[-63.23169,-17.38683]],[[-63.23165,-17.3868],[-63.23159,-17.38674]],[[-63.23196,-17.38716],[-63.23196,-17.38715]],[[-63.23192,-17.38712],[-63.23182,-17.38702]],[[-63.23179,-17.38699],[-63.23169,-17.38689]],[[-63.23165,-17.38686],[-63.23159,-17.3868]],[[-63.23159,-17.3868],[-63.23155,-17.38677]],[[-63.23152,-17.38673],[-63.23148,-17.38669]],[[-63.23189,-17.38716],[-63.23182,-17.38709]],[[-63.23179,-17.38706],[-63.23169,-17.38696]],[[-63.23165,-17.38693],[-63.23159,-17.38687]],[[-63.23159,-17.38687],[-63.23155,-17.38683]],[[-63.23152,-17.3868],[-63.23144,-17.38673]],[[-63.23183,-17.38716],[-63.23182,-17.38715]],[[-63.23179,-17.38712],[-63.23169,-17.38702]],[[-63.23165,-17.38699],[-63.23159,-17.38693]],[[-63.23159,-17.38693],[-63.23155,-17.3869]],[[-63.23152,-17.38686],[-63.23142,-17.38677]],[[-63.23176,-17.38716],[-63.23169,-17.38709]],[[-63.23165,-17.38706],[-63.23159,-17.387]],[[-63.23159,-17.387],[-63.23155,-17.38696]],[[-63.23152,-17.38693],[-63.23142,-17.38683]],[[-63.23138,-17.3868],[-63.23138,-17.38679]],[[-63.23169,-17.38716],[-63.23169,-17.38715]],[[-63.23165,-17.38712],[-63.23159,-17.38706]],[[-63.23159,-17.38706],[-63.23155,-17.38703]],[[-63.23152,-17.38699],[-63.23142,-17.3869]],[[-63.23138,-17.38686],[-63.23135,-17.38683]],[[-63.23162,-17.38716],[-63.23159,-17.38713]],[[-63.23159,-17.38713],[-63.23155,-17.38709]],[[-63.23152,-17.38706],[-63.23142,-17.38696]],[[-63.23138,-17.38693],[-63.23131,-17.38686]],[[-63.23311,-17.38715],[-63.23313,-17.38714]],[[-63.23304,-17.38716],[-63.23307,-17.38712]],[[-63.23297,-17.38715],[-63.23305,-17.38707]],[[-63.2329,-17.38716],[-63.23294,-17.38712]],[[-63.23297,-17.38709],[-63.23302,-17.38704]],[[-63.23284,-17.38715],[-63.23294,-17.38706]],[[-63.23297,-17.38702],[-63.23298,-17.38701]],[[-63.23277,-17.38716],[-63.2328,-17.38712]],[[-63.23284,-17.38709],[-63.23294,-17.38699]],[[-63.2327,-17.38715],[-63.2328,-17.38706]],[[-63.23284,-17.38702],[-63.23291,-17.38695]],[[-63.23263,-17.38716],[-63.23267,-17.38712]],[[-63.2327,-17.38709],[-63.2328,-17.38699]],[[-63.23284,-17.38696],[-63.23288,-17.38692]],[[-63.23257,-17.38715],[-63.23267,-17.38706]],[[-63.2327,-17.38702],[-63.2328,-17.38693]],[[-63.2325,-17.38716],[-63.23253,-17.38712]],[[-63.23257,-17.38709],[-63.23267,-17.38699]],[[-63.2327,-17.38696],[-63.2328,-17.38686]],[[-63.23243,-17.38715],[-63.23253,-17.38706]],[[-63.23257,-17.38702],[-63.23267,-17.38693]],[[-63.2327,-17.38689],[-63.23277,-17.38683]],[[-63.23236,-17.38716],[-63.2324,-17.38712]],[[-63.23243,-17.38709],[-63.23253,-17.38699]],[[-63.23257,-17.38696],[-63.23267,-17.38686]],[[-63.2327,-17.38683],[-63.23274,-17.3868]],[[-63.2323,-17.38715],[-63.23234,-17.38711]],[[-63.23238,-17.38707],[-63.2324,-17.38706]],[[-63.23243,-17.38702],[-63.23253,-17.38693]],[[-63.23257,-17.38689],[-63.23267,-17.3868]],[[-63.23223,-17.38716],[-63.23226,-17.38712]],[[-63.23266,-17.38674],[-63.23266,-17.38673]],[[-63.23236,-17.38703],[-63.2324,-17.38699]],[[-63.23243,-17.38696],[-63.23253,-17.38686]],[[-63.23257,-17.38683],[-63.23264,-17.38676]],[[-63.23216,-17.38715],[-63.23221,-17.38711]],[[-63.23262,-17.38671],[-63.23263,-17.3867]],[[-63.2323,-17.38702],[-63.2324,-17.38693]],[[-63.23243,-17.38689],[-63.23253,-17.3868]],[[-63.23257,-17.38676],[-63.2326,-17.38673]],[[-63.23209,-17.38716],[-63.23213,-17.38712]],[[-63.23243,-17.38683],[-63.23253,-17.38673]],[[-63.23257,-17.3867],[-63.23259,-17.38667]],[[-63.23222,-17.38703],[-63.23224,-17.38701]],[[-63.23225,-17.387],[-63.23226,-17.38699]],[[-63.2323,-17.38696],[-63.23234,-17.38692]],[[-63.23203,-17.38715],[-63.23207,-17.38711]],[[-63.23235,-17.38684],[-63.2324,-17.3868]],[[-63.23243,-17.38676],[-63.23253,-17.38667]],[[-63.23216,-17.38702],[-63.23217,-17.38701]],[[-63.23224,-17.38694],[-63.23226,-17.38693]],[[-63.23195,-17.38716],[-63.23199,-17.38712]],[[-63.2323,-17.38683],[-63.2324,-17.38673]],[[-63.23243,-17.3867],[-63.23252,-17.38661]],[[-63.23209,-17.38703],[-63.23211,-17.38701]],[[-63.23218,-17.38694],[-63.2322,-17.38692]],[[-63.23189,-17.38715],[-63.23197,-17.38708]],[[-63.23221,-17.38684],[-63.23226,-17.3868]],[[-63.2323,-17.38676],[-63.2324,-17.38667]],[[-63.23243,-17.38663],[-63.23249,-17.38658]],[[-63.23203,-17.38702],[-63.23208,-17.38697]],[[-63.23211,-17.38694],[-63.23213,-17.38693]],[[-63.23182,-17.38716],[-63.23186,-17.38712]],[[-63.23189,-17.38709],[-63.23199,-17.38699]],[[-63.23203,-17.38696],[-63.23207,-17.38692]],[[-63.23216,-17.38683],[-63.23226,-17.38673]],[[-63.2323,-17.3867],[-63.2324,-17.3866]],[[-63.23243,-17.38657],[-63.23245,-17.38655]],[[-63.23175,-17.38715],[-63.23186,-17.38706]],[[-63.23189,-17.38702],[-63.23199,-17.38693]],[[-63.23208,-17.38684],[-63.23213,-17.3868]],[[-63.23216,-17.38676],[-63.23226,-17.38667]],[[-63.2323,-17.38663],[-63.2324,-17.38654]],[[-63.23168,-17.38716],[-63.23172,-17.38712]],[[-63.23175,-17.38709],[-63.23186,-17.38699]],[[-63.23189,-17.38696],[-63.23193,-17.38692]],[[-63.23202,-17.38683],[-63.23213,-17.38673]],[[-63.23216,-17.3867],[-63.23226,-17.3866]],[[-63.2323,-17.38657],[-63.23238,-17.38649]],[[-63.23162,-17.38715],[-63.23172,-17.38706]],[[-63.23175,-17.38702],[-63.23186,-17.38693]],[[-63.23194,-17.38684],[-63.23199,-17.3868]],[[-63.23202,-17.38676],[-63.23213,-17.38667]],[[-63.23216,-17.38663],[-63.23226,-17.38654]],[[-63.23229,-17.3865],[-63.23235,-17.38646]],[[-63.23158,-17.38713],[-63.23159,-17.38712]],[[-63.23162,-17.38709],[-63.23172,-17.38699]],[[-63.23175,-17.38696],[-63.23186,-17.38686]],[[-63.23189,-17.38683],[-63.23199,-17.38673]],[[-63.23202,-17.3867],[-63.23213,-17.3866]],[[-63.23216,-17.38657],[-63.23226,-17.38647]],[[-63.23229,-17.38644],[-63.23231,-17.38643]],[[-63.23154,-17.3871],[-63.23159,-17.38706]],[[-63.23162,-17.38702],[-63.23172,-17.38693]],[[-63.23175,-17.38689],[-63.23186,-17.3868]],[[-63.23189,-17.38676],[-63.23199,-17.38667]],[[-63.23202,-17.38663],[-63.23213,-17.38654]],[[-63.23216,-17.3865],[-63.23226,-17.38641]],[[-63.23151,-17.38707],[-63.23159,-17.38699]],[[-63.23162,-17.38696],[-63.23172,-17.38686]],[[-63.23175,-17.38683],[-63.23186,-17.38673]],[[-63.23189,-17.3867],[-63.23199,-17.3866]],[[-63.23202,-17.38657],[-63.23213,-17.38647]],[[-63.23216,-17.38644],[-63.23224,-17.38636]],[[-63.23148,-17.38703],[-63.23159,-17.38693]],[[-63.23162,-17.3869],[-63.23172,-17.3868]],[[-63.23175,-17.38677],[-63.23186,-17.38667]],[[-63.23189,-17.38663],[-63.23199,-17.38654]],[[-63.23202,-17.3865],[-63.23213,-17.38641]],[[-63.23216,-17.38637],[-63.2322,-17.38633]],[[-63.23144,-17.38701],[-63.23145,-17.38699]],[[-63.23148,-17.38696],[-63.23159,-17.38686]],[[-63.23162,-17.38683],[-63.23172,-17.38673]],[[-63.23175,-17.3867],[-63.23186,-17.3866]],[[-63.23189,-17.38657],[-63.23199,-17.38647]],[[-63.23202,-17.38644],[-63.23213,-17.38634]],[[-63.23216,-17.38631],[-63.23217,-17.3863]],[[-63.2314,-17.38697],[-63.23145,-17.38693]],[[-63.23148,-17.3869],[-63.23159,-17.3868]],[[-63.23162,-17.38677],[-63.23172,-17.38667]],[[-63.23175,-17.38664],[-63.23186,-17.38654]],[[-63.23189,-17.38651],[-63.23199,-17.38641]],[[-63.23202,-17.38638],[-63.23213,-17.38628]],[[-63.23137,-17.38694],[-63.23145,-17.38686]],[[-63.23148,-17.38683],[-63.23159,-17.38673]],[[-63.23162,-17.3867],[-63.23172,-17.3866]],[[-63.23175,-17.38657],[-63.23186,-17.38647]],[[-63.23189,-17.38644],[-63.23199,-17.38634]],[[-63.23202,-17.38631],[-63.2321,-17.38624]],[[-63.23135,-17.3869],[-63.23145,-17.3868]],[[-63.23148,-17.38677],[-63.23159,-17.38667]],[[-63.23204,-17.38623],[-63.23206,-17.38621]],[[-63.23162,-17.38664],[-63.23172,-17.38654]],[[-63.23175,-17.38651],[-63.23186,-17.38641]],[[-63.23189,-17.38638],[-63.23199,-17.38628]],[[-63.2313,-17.38688],[-63.23131,-17.38686]],[[-63.23135,-17.38683],[-63.23145,-17.38673]],[[-63.23148,-17.3867],[-63.23158,-17.3866]],[[-63.23162,-17.38657],[-63.23168,-17.38651]],[[-63.23169,-17.3865],[-63.23172,-17.38647]],[[-63.23175,-17.38644],[-63.23186,-17.38634]],[[-63.23189,-17.38631],[-63.23199,-17.38621]]]},"properties":{"name":"Sombreado [47FB2]:0","stroke-opacity":1,"stroke":"#fe0000","stroke-width":4}},
{"type":"Feature","geometry":{"type":"MultiLineString","coordinates":[[[-63.23324,-17.38728],[-63.23323,-17.38727]],[[-63.2332,-17.38724],[-63.23318,-17.38722]],[[-63.23314,-17.38719],[-63.23311,-17.38716]],[[-63.23323,-17.38727],[-63.23322,-17.38726]],[[-63.23322,-17.38732],[-63.23318,-17.38728]],[[-63.23314,-17.38725],[-63.23304,-17.38716]],[[-63.23319,-17.38736],[-63.23318,-17.38735]],[[-63.23314,-17.38732],[-63.23304,-17.38722]],[[-63.23301,-17.38719],[-63.23297,-17.38716]],[[-63.23314,-17.38738],[-63.23304,-17.38728]],[[-63.23301,-17.38725],[-63.23291,-17.38716]],[[-63.23312,-17.38742],[-63.23304,-17.38735]],[[-63.23301,-17.38732],[-63.2329,-17.38722]],[[-63.23287,-17.38719],[-63.23284,-17.38716]],[[-63.23309,-17.38746],[-63.23304,-17.38741]],[[-63.23301,-17.38738],[-63.2329,-17.38728]],[[-63.23287,-17.38725],[-63.23277,-17.38716]],[[-63.23305,-17.38749],[-63.23304,-17.38748]],[[-63.23301,-17.38745],[-63.2329,-17.38735]],[[-63.23287,-17.38732],[-63.23277,-17.38722]],[[-63.23274,-17.38719],[-63.2327,-17.38716]],[[-63.23301,-17.38751],[-63.2329,-17.38741]],[[-63.23287,-17.38738],[-63.23277,-17.38728]],[[-63.23274,-17.38725],[-63.23264,-17.38716]],[[-63.23299,-17.38756],[-63.2329,-17.38748]],[[-63.23287,-17.38745],[-63.23277,-17.38735]],[[-63.23274,-17.38732],[-63.23263,-17.38722]],[[-63.2326,-17.38719],[-63.23257,-17.38716]],[[-63.23296,-17.38759],[-63.2329,-17.38754]],[[-63.23287,-17.38751],[-63.23277,-17.38741]],[[-63.23274,-17.38738],[-63.23263,-17.38728]],[[-63.2326,-17.38725],[-63.2325,-17.38716]],[[-63.23287,-17.38758],[-63.23277,-17.38748]],[[-63.23274,-17.38745],[-63.23263,-17.38735]],[[-63.2326,-17.38732],[-63.2325,-17.38722]],[[-63.23246,-17.38719],[-63.23243,-17.38716]],[[-63.23287,-17.38764],[-63.23277,-17.38754]],[[-63.23274,-17.38751],[-63.23263,-17.38741]],[[-63.2326,-17.38738],[-63.2325,-17.38728]],[[-63.23247,-17.38725],[-63.23237,-17.38716]],[[-63.23286,-17.38769],[-63.23277,-17.38761]],[[-63.23274,-17.38758],[-63.23263,-17.38748]],[[-63.2326,-17.38745],[-63.2325,-17.38735]],[[-63.23247,-17.38732],[-63.23236,-17.38722]],[[-63.23233,-17.38719],[-63.2323,-17.38716]],[[-63.23282,-17.38772],[-63.23277,-17.38767]],[[-63.23274,-17.38764],[-63.23263,-17.38754]],[[-63.2326,-17.38751],[-63.2325,-17.38741]],[[-63.23247,-17.38738],[-63.23236,-17.38728]],[[-63.23233,-17.38725],[-63.23223,-17.38716]],[[-63.23279,-17.38776],[-63.23277,-17.38774]],[[-63.23274,-17.38771],[-63.23263,-17.38761]],[[-63.2326,-17.38758],[-63.2325,-17.38748]],[[-63.23247,-17.38745],[-63.23236,-17.38735]],[[-63.23233,-17.38732],[-63.23223,-17.38722]],[[-63.23219,-17.38719],[-63.23216,-17.38716]],[[-63.23274,-17.38777],[-63.23263,-17.38767]],[[-63.2326,-17.38764],[-63.2325,-17.38754]],[[-63.23247,-17.38751],[-63.23236,-17.38741]],[[-63.23233,-17.38738],[-63.23223,-17.38728]],[[-63.23219,-17.38725],[-63.2321,-17.38716]],[[-63.23273,-17.38782],[-63.23263,-17.38774]],[[-63.2326,-17.38771],[-63.2325,-17.38761]],[[-63.23247,-17.38758],[-63.23236,-17.38748]],[[-63.23233,-17.38745],[-63.23223,-17.38735]],[[-63.23219,-17.38732],[-63.23209,-17.38722]],[[-63.23206,-17.38719],[-63.23203,-17.38716]],[[-63.23269,-17.38786],[-63.23263,-17.3878]],[[-63.2326,-17.38777],[-63.2325,-17.38767]],[[-63.23247,-17.38764],[-63.23236,-17.38754]],[[-63.23233,-17.38751],[-63.23223,-17.38741]],[[-63.23219,-17.38738],[-63.23209,-17.38728]],[[-63.23206,-17.38725],[-63.23196,-17.38716]],[[-63.23266,-17.38789],[-63.23263,-17.38787]],[[-63.2326,-17.38784],[-63.2325,-17.38774]],[[-63.23247,-17.38771],[-63.23236,-17.38761]],[[-63.23233,-17.38758],[-63.23223,-17.38748]],[[-63.23219,-17.38745],[-63.23209,-17.38735]],[[-63.23206,-17.38732],[-63.23196,-17.38722]],[[-63.23192,-17.38719],[-63.23189,-17.38716]],[[-63.2326,-17.3879],[-63.2325,-17.3878]],[[-63.23247,-17.38777],[-63.23236,-17.38767]],[[-63.23233,-17.38764],[-63.23223,-17.38754]],[[-63.23219,-17.38751],[-63.23209,-17.38741]],[[-63.23206,-17.38738],[-63.23196,-17.38728]],[[-63.23192,-17.38725],[-63.23183,-17.38716]],[[-63.23259,-17.38796],[-63.2325,-17.38787]],[[-63.23247,-17.38784],[-63.23236,-17.38774]],[[-63.23233,-17.38771],[-63.23223,-17.38761]],[[-63.23219,-17.38758],[-63.23209,-17.38748]],[[-63.23206,-17.38745],[-63.23196,-17.38735]],[[-63.23192,-17.38732],[-63.23182,-17.38722]],[[-63.23179,-17.38719],[-63.23176,-17.38716]],[[-63.23247,-17.3879],[-63.23236,-17.3878]],[[-63.23233,-17.38777],[-63.23223,-17.38767]],[[-63.23219,-17.38764],[-63.23209,-17.38754]],[[-63.23206,-17.38751],[-63.23198,-17.38744]],[[-63.23192,-17.38738],[-63.23182,-17.38728]],[[-63.23179,-17.38725],[-63.23169,-17.38716]],[[-63.23173,-17.38726],[-63.23169,-17.38722]],[[-63.23165,-17.38719],[-63.23162,-17.38716]],[[-63.23257,-17.38793],[-63.23267,-17.38784]],[[-63.2327,-17.3878],[-63.2328,-17.38771]],[[-63.23284,-17.38767],[-63.23287,-17.38764]],[[-63.23293,-17.38758],[-63.23294,-17.38758]],[[-63.23297,-17.38754],[-63.23307,-17.38745]],[[-63.23311,-17.38741],[-63.23321,-17.38732]],[[-63.2325,-17.38793],[-63.23253,-17.3879]],[[-63.23257,-17.38787],[-63.23267,-17.38777]],[[-63.2327,-17.38774],[-63.2328,-17.38764]],[[-63.23284,-17.38761],[-63.23294,-17.38751]],[[-63.23297,-17.38748],[-63.23307,-17.38738]],[[-63.23311,-17.38735],[-63.23319,-17.38727]],[[-63.23246,-17.3879],[-63.23253,-17.38784]],[[-63.23257,-17.3878],[-63.23267,-17.38771]],[[-63.2327,-17.38767],[-63.2328,-17.38758]],[[-63.23284,-17.38754],[-63.23294,-17.38745]],[[-63.23297,-17.38741],[-63.23307,-17.38732]],[[-63.23311,-17.38728],[-63.2332,-17.3872]],[[-63.23243,-17.38787],[-63.23253,-17.38777]],[[-63.23257,-17.38774],[-63.23267,-17.38764]],[[-63.2327,-17.38761],[-63.2328,-17.38751]],[[-63.23284,-17.38748],[-63.23294,-17.38738]],[[-63.23297,-17.38735],[-63.23307,-17.38725]],[[-63.23311,-17.38722],[-63.23316,-17.38717]],[[-63.23239,-17.38784],[-63.2324,-17.38784]],[[-63.23243,-17.3878],[-63.23253,-17.38771]],[[-63.23257,-17.38767],[-63.23267,-17.38758]],[[-63.2327,-17.38754],[-63.2328,-17.38745]],[[-63.23284,-17.38741],[-63.23294,-17.38732]],[[-63.23297,-17.38728],[-63.23307,-17.38719]],[[-63.23236,-17.38781],[-63.2324,-17.38777]],[[-63.23243,-17.38774],[-63.23253,-17.38764]],[[-63.23257,-17.38761],[-63.23267,-17.38751]],[[-63.2327,-17.38748],[-63.2328,-17.38738]],[[-63.23284,-17.38735],[-63.23294,-17.38725]],[[-63.23297,-17.38722],[-63.23304,-17.38716]],[[-63.23232,-17.38778],[-63.2324,-17.38771]],[[-63.23243,-17.38767],[-63.23253,-17.38758]],[[-63.23257,-17.38754],[-63.23267,-17.38745]],[[-63.2327,-17.38741],[-63.2328,-17.38732]],[[-63.23284,-17.38728],[-63.23294,-17.38719]],[[-63.2323,-17.38774],[-63.2324,-17.38764]],[[-63.23243,-17.38761],[-63.23253,-17.38751]],[[-63.23257,-17.38748],[-63.23267,-17.38738]],[[-63.2327,-17.38735],[-63.2328,-17.38725]],[[-63.23284,-17.38722],[-63.2329,-17.38716]],[[-63.23225,-17.38772],[-63.23226,-17.38771]],[[-63.2323,-17.38767],[-63.2324,-17.38758]],[[-63.23243,-17.38754],[-63.23253,-17.38745]],[[-63.23257,-17.38741],[-63.23267,-17.38732]],[[-63.2327,-17.38728],[-63.2328,-17.38719]],[[-63.23222,-17.38769],[-63.23226,-17.38764]],[[-63.2323,-17.38761],[-63.2324,-17.38751]],[[-63.23243,-17.38748],[-63.23253,-17.38738]],[[-63.23257,-17.38735],[-63.23267,-17.38725]],[[-63.2327,-17.38722],[-63.23277,-17.38716]],[[-63.23218,-17.38765],[-63.23226,-17.38758]],[[-63.2323,-17.38754],[-63.2324,-17.38745]],[[-63.23243,-17.38741],[-63.23253,-17.38732]],[[-63.23257,-17.38728],[-63.23267,-17.38719]],[[-63.23216,-17.38761],[-63.23226,-17.38751]],[[-63.2323,-17.38748],[-63.2324,-17.38738]],[[-63.23243,-17.38735],[-63.23253,-17.38725]],[[-63.23257,-17.38722],[-63.23263,-17.38716]],[[-63.23211,-17.38759],[-63.23213,-17.38758]],[[-63.23216,-17.38754],[-63.23226,-17.38745]],[[-63.2323,-17.38741],[-63.2324,-17.38732]],[[-63.23243,-17.38728],[-63.23253,-17.38719]],[[-63.23207,-17.38756],[-63.23213,-17.38751]],[[-63.23216,-17.38748],[-63.23226,-17.38738]],[[-63.2323,-17.38735],[-63.2324,-17.38725]],[[-63.23243,-17.38722],[-63.2325,-17.38716]],[[-63.23204,-17.38753],[-63.23213,-17.38745]],[[-63.23216,-17.38741],[-63.23226,-17.38732]],[[-63.2323,-17.38728],[-63.2324,-17.38719]],[[-63.23203,-17.38748],[-63.23213,-17.38738]],[[-63.23216,-17.38735],[-63.23226,-17.38725]],[[-63.2323,-17.38722],[-63.23236,-17.38716]],[[-63.23197,-17.38747],[-63.23199,-17.38745]],[[-63.23203,-17.38741],[-63.23213,-17.38732]],[[-63.23216,-17.38728],[-63.23226,-17.38719]],[[-63.23193,-17.38744],[-63.23195,-17.38743]],[[-63.23197,-17.38741],[-63.23199,-17.38738]],[[-63.23203,-17.38735],[-63.23213,-17.38725]],[[-63.23216,-17.38722],[-63.23223,-17.38716]],[[-63.2319,-17.38741],[-63.23191,-17.38739]],[[-63.23193,-17.38738],[-63.23199,-17.38732]],[[-63.23203,-17.38728],[-63.23213,-17.38719]],[[-63.23189,-17.38735],[-63.23199,-17.38725]],[[-63.23203,-17.38722],[-63.23209,-17.38716]],[[-63.23183,-17.38735],[-63.23186,-17.38732]],[[-63.23189,-17.38728],[-63.23199,-17.38719]],[[-63.23179,-17.38731],[-63.23186,-17.38725]],[[-63.23189,-17.38722],[-63.23195,-17.38716]],[[-63.23176,-17.38728],[-63.23186,-17.38719]],[[-63.23175,-17.38722],[-63.23182,-17.38716]],[[-63.23169,-17.38722],[-63.23172,-17.38719]],[[-63.23165,-17.38719],[-63.23168,-17.38716]]]},"properties":{"name":"Sombreado [47F54]:0","stroke-opacity":1,"stroke":"#fe0000","stroke-width":4}},
{"type":"Feature","geometry":{"type":"MultiLineString","coordinates":[[[-63.23207,-17.38621],[-63.232,-17.38616]],[[-63.232,-17.38616],[-63.23195,-17.38622]]]},"properties":{"name":"Polilínea [47EDB]:0","stroke-opacity":1,"stroke":"#0000fe","stroke-width":4}},
{"type":"Feature","geometry":{"type":"MultiLineString","coordinates":[[[-63.23322,-17.38733],[-63.23328,-17.38727]],[[-63.23328,-17.38727],[-63.23321,-17.38721]]]},"properties":{"name":"Polilínea [47EDA]:0","stroke-opacity":1,"stroke":"#0000fe","stroke-width":4}},
{"type":"Feature","geometry":{"type":"MultiLineString","coordinates":[[[-63.23345,-17.38709],[-63.23339,-17.38715]],[[-63.23339,-17.38715],[-63.23333,-17.3871]]]},"properties":{"name":"Polilínea [47E50]:0","stroke-opacity":1,"stroke":"#0000fe","stroke-width":4}},
{"type":"Feature","geometry":{"type":"MultiLineString","coordinates":[[[-63.23199,-17.38593],[-63.23193,-17.38587]],[[-63.23193,-17.38587],[-63.23199,-17.38581]]]},"properties":{"name":"Polilínea [47E4F]:0","stroke-opacity":1,"stroke":"#0000fe","stroke-width":4}},
{"type":"Feature","geometry":{"type":"LineString","coordinates":[[-63.23107,-17.38669],[-63.23087,-17.3869]]},"properties":{"name":"Línea [47E26]:0","stroke-opacity":1,"stroke":"#0000fe","stroke-width":4}},
{"type":"Feature","geometry":{"type":"LineString","coordinates":[[-63.23126,-17.3865],[-63.23107,-17.38669]]},"properties":{"name":"Línea [47DBA]:0","stroke-opacity":1,"stroke":"#0000fe","stroke-width":4}},
{"type":"Feature","geometry":{"type":"MultiLineString","coordinates":[[[-63.23134,-17.38666],[-63.23139,-17.38662]],[[-63.23139,-17.38662],[-63.23134,-17.38657]]]},"properties":{"name":"Polilínea [47DB5]:0","stroke-opacity":1,"stroke":"#0000fe","stroke-width":4}},
{"type":"Feature","geometry":{"type":"MultiLineString","coordinates":[[[-63.23032,-17.38469],[-63.23026,-17.38464]],[[-63.23026,-17.38464],[-63.2302,-17.38469]]]},"properties":{"name":"Polilínea [47D68]:0","stroke-opacity":1,"stroke":"#0000fe","stroke-width":4}},
{"type":"Feature","geometry":{"type":"LineString","coordinates":[[-63.23153,-17.38607],[-63.23174,-17.38625]]},"properties":{"name":"Línea [47CB5]:0","stroke-opacity":1,"stroke":"#0000fe","stroke-width":4}},
{"type":"Feature","geometry":{"type":"MultiLineString","coordinates":[[[-63.23185,-17.38614],[-63.23191,-17.38608]],[[-63.23191,-17.38608],[-63.23185,-17.38602]]]},"properties":{"name":"Polilínea [47C20]:0","stroke-opacity":1,"stroke":"#0000fe","stroke-width":4}},
{"type":"Feature","geometry":{"type":"MultiLineString","coordinates":[[[-63.23152,-17.38648],[-63.23147,-17.38653]],[[-63.23147,-17.38653],[-63.23142,-17.38649]]]},"properties":{"name":"Polilínea [47C1F]:0","stroke-opacity":1,"stroke":"#0000fe","stroke-width":4}},
{"type":"Feature","geometry":{"type":"MultiLineString","coordinates":[[[-63.23189,-17.38574],[-63.23184,-17.38579]],[[-63.23184,-17.38579],[-63.23178,-17.38574]]]},"properties":{"name":"Polilínea [47A4B]:0","stroke-opacity":1,"stroke":"#0000fe","stroke-width":4}},
{"type":"Feature","geometry":{"type":"MultiLineString","coordinates":[[[-63.23043,-17.38446],[-63.23037,-17.38452]],[[-63.23037,-17.38452],[-63.23044,-17.38457]]]},"properties":{"name":"Polilínea [47A4A]:0","stroke-opacity":1,"stroke":"#0000fe","stroke-width":4}},
{"type":"Feature","geometry":{"type":"LineString","coordinates":[[-63.22801,-17.38402],[-63.22781,-17.38423]]},"properties":{"name":"Línea [479E5]:0","stroke-opacity":1,"stroke":"#0000fe","stroke-width":4}},
{"type":"Feature","geometry":{"type":"LineString","coordinates":[[-63.2281,-17.38409],[-63.22789,-17.3843]]},"properties":{"name":"Línea [479E4]:0","stroke-opacity":1,"stroke":"#0000fe","stroke-width":4}},
{"type":"Feature","geometry":{"type":"LineString","coordinates":[[-63.22818,-17.38417],[-63.22797,-17.38437]]},"properties":{"name":"Línea [479E3]:0","stroke-opacity":1,"stroke":"#0000fe","stroke-width":4}},
{"type":"Feature","geometry":{"type":"LineString","coordinates":[[-63.22826,-17.38424],[-63.22806,-17.38445]]},"properties":{"name":"Línea [479E2]:0","stroke-opacity":1,"stroke":"#0000fe","stroke-width":4}},
{"type":"Feature","geometry":{"type":"MultiLineString","coordinates":[[[-63.22814,-17.38379],[-63.22808,-17.38373]],[[-63.22808,-17.38373],[-63.22802,-17.38379]]]},"properties":{"name":"Polilínea [47955]:0","stroke-opacity":1,"stroke":"#0000fe","stroke-width":4}},
{"type":"Feature","geometry":{"type":"LineString","coordinates":[[-63.2282,-17.38383],[-63.22801,-17.38402]]},"properties":{"name":"Línea [47918]:0","stroke-opacity":1,"stroke":"#0000fe","stroke-width":4}},
{"type":"Feature","geometry":{"type":"LineString","coordinates":[[-63.22828,-17.38391],[-63.2281,-17.38409]]},"properties":{"name":"Línea [47917]:0","stroke-opacity":1,"stroke":"#0000fe","stroke-width":4}},
{"type":"Feature","geometry":{"type":"LineString","coordinates":[[-63.22836,-17.38398],[-63.22818,-17.38417]]},"properties":{"name":"Línea [47916]:0","stroke-opacity":1,"stroke":"#0000fe","stroke-width":4}},
{"type":"Feature","geometry":{"type":"LineString","coordinates":[[-63.22845,-17.38405],[-63.22826,-17.38424]]},"properties":{"name":"Línea [47915]:0","stroke-opacity":1,"stroke":"#0000fe","stroke-width":4}},
{"type":"Feature","geometry":{"type":"LineString","coordinates":[[-63.22776,-17.38418],[-63.22775,-17.38417],[-63.22774,-17.38416],[-63.22773,-17.38415],[-63.22773,-17.38413],[-63.22773,-17.38412],[-63.22773,-17.3841],[-63.22773,-17.38409],[-63.22774,-17.38408],[-63.22775,-17.38407]]},"properties":{"name":"Arco [47914]:0","stroke-opacity":1,"stroke":"#0000fe","stroke-width":4}},
{"type":"Feature","geometry":{"type":"LineString","coordinates":[[-63.2279,-17.38392],[-63.22775,-17.38407]]},"properties":{"name":"Línea [47913]:0","stroke-opacity":1,"stroke":"#0000fe","stroke-width":4}},
{"type":"Feature","geometry":{"type":"LineString","coordinates":[[-63.22827,-17.38354],[-63.22855,-17.38379]]},"properties":{"name":"Línea [47806]:0","stroke-opacity":1,"stroke":"#0000fe","stroke-width":4}},
{"type":"Feature","geometry":{"type":"LineString","coordinates":[[-63.22835,-17.38346],[-63.22863,-17.38371]]},"properties":{"name":"Línea [47805]:0","stroke-opacity":1,"stroke":"#0000fe","stroke-width":4}},
{"type":"Feature","geometry":{"type":"LineString","coordinates":[[-63.22843,-17.38338],[-63.22871,-17.38363]]},"properties":{"name":"Línea [47804]:0","stroke-opacity":1,"stroke":"#0000fe","stroke-width":4}},
{"type":"Feature","geometry":{"type":"LineString","coordinates":[[-63.2285,-17.38331],[-63.22879,-17.38355]]},"properties":{"name":"Línea [477EB]:0","stroke-opacity":1,"stroke":"#0000fe","stroke-width":4}},
{"type":"Feature","geometry":{"type":"MultiLineString","coordinates":[[[-63.2301,-17.3845],[-63.23017,-17.38456]],[[-63.23017,-17.38456],[-63.23011,-17.38462]]]},"properties":{"name":"Polilínea [476FD]:0","stroke-opacity":1,"stroke":"#0000fe","stroke-width":4}},
{"type":"Feature","geometry":{"type":"MultiLineString","coordinates":[[[-63.22853,-17.38328],[-63.22861,-17.3832]],[[-63.22861,-17.3832],[-63.22869,-17.38327]]]},"properties":{"name":"Polilínea [476FC]:0","stroke-opacity":1,"stroke":"#0000fe","stroke-width":4}},
{"type":"Feature","geometry":{"type":"MultiLineString","coordinates":[[[-63.22823,-17.3837],[-63.22816,-17.38365]],[[-63.22816,-17.38365],[-63.22822,-17.38359]]]},"properties":{"name":"Polilínea [476FB]:0","stroke-opacity":1,"stroke":"#0000fe","stroke-width":4}},
{"type":"Feature","geometry":{"type":"LineString","coordinates":[[-63.23104,-17.38696],[-63.23103,-17.38697],[-63.23102,-17.38698],[-63.23101,-17.38698],[-63.231,-17.38698],[-63.23099,-17.38698],[-63.23098,-17.38698],[-63.23097,-17.38698],[-63.23096,-17.38697],[-63.23095,-17.38697]]},"properties":{"name":"Arco [47560]:0","stroke-opacity":1,"stroke":"#0000fe","stroke-width":4}},
{"type":"Feature","geometry":{"type":"LineString","coordinates":[[-63.23114,-17.38713],[-63.23113,-17.38712],[-63.23112,-17.38711],[-63.23112,-17.3871],[-63.23112,-17.38709],[-63.23112,-17.38708],[-63.23112,-17.38707],[-63.23112,-17.38706],[-63.23113,-17.38705],[-63.23113,-17.38704]]},"properties":{"name":"Arco [4755F]:0","stroke-opacity":1,"stroke":"#0000fe","stroke-width":4}},
{"type":"Feature","geometry":{"type":"LineString","coordinates":[[-63.23129,-17.38688],[-63.23113,-17.38704]]},"properties":{"name":"Línea [4755E]:0","stroke-opacity":1,"stroke":"#0000fe","stroke-width":4}},
{"type":"Feature","geometry":{"type":"LineString","coordinates":[[-63.2312,-17.3868],[-63.23104,-17.38696]]},"properties":{"name":"Línea [4755D]:0","stroke-opacity":1,"stroke":"#0000fe","stroke-width":4}},
{"type":"Feature","geometry":{"type":"MultiLineString","coordinates":[[[-63.23034,-17.38438],[-63.23028,-17.38444]],[[-63.23028,-17.38444],[-63.23022,-17.38439]]]},"properties":{"name":"Polilínea [47522]:0","stroke-opacity":1,"stroke":"#0000fe","stroke-width":4}},
{"type":"Feature","geometry":{"type":"MultiLineString","coordinates":[[[-63.2288,-17.383],[-63.22872,-17.38308]],[[-63.22872,-17.38308],[-63.22881,-17.38315]]]},"properties":{"name":"Polilínea [474BB]:0","stroke-opacity":1,"stroke":"#0000fe","stroke-width":4}},
{"type":"Feature","geometry":{"type":"MultiLineString","coordinates":[[[-63.22927,-17.38268],[-63.22919,-17.38261]],[[-63.22919,-17.38261],[-63.22911,-17.38269]]]},"properties":{"name":"Polilínea [474BA]:0","stroke-opacity":1,"stroke":"#0000fe","stroke-width":4}},
{"type":"Feature","geometry":{"type":"LineString","coordinates":[[-63.22937,-17.38296],[-63.22909,-17.38271]]},"properties":{"name":"Línea [473CE]:0","stroke-opacity":1,"stroke":"#0000fe","stroke-width":4}},
{"type":"Feature","geometry":{"type":"LineString","coordinates":[[-63.22914,-17.38319],[-63.22886,-17.38295]]},"properties":{"name":"Línea [473CD]:0","stroke-opacity":1,"stroke":"#0000fe","stroke-width":4}},
{"type":"Feature","geometry":{"type":"LineString","coordinates":[[-63.2293,-17.38303],[-63.22901,-17.38279]]},"properties":{"name":"Línea [473CC]:0","stroke-opacity":1,"stroke":"#0000fe","stroke-width":4}},
{"type":"Feature","geometry":{"type":"LineString","coordinates":[[-63.22922,-17.38311],[-63.22894,-17.38287]]},"properties":{"name":"Línea [473CB]:0","stroke-opacity":1,"stroke":"#0000fe","stroke-width":4}},
{"type":"Feature","geometry":{"type":"LineString","coordinates":[[-63.23862,-17.39121],[-63.2383,-17.39154]]},"properties":{"name":"Línea [4733E]:0","stroke-opacity":1,"stroke":"#fe00fe","stroke-width":4}},
{"type":"Feature","geometry":{"type":"LineString","coordinates":[[-63.23735,-17.39251],[-63.23661,-17.39327]]},"properties":{"name":"Línea [472FC]:0","stroke-opacity":1,"stroke":"#fe00fe","stroke-width":4}},
{"type":"Feature","geometry":{"type":"LineString","coordinates":[[-63.23783,-17.39434],[-63.23692,-17.39354]]},"properties":{"name":"Línea [472AA]:0","stroke-opacity":1,"stroke":"#fe00fe","stroke-width":4}},
{"type":"Feature","geometry":{"type":"LineString","coordinates":[[-63.23679,-17.39343],[-63.23661,-17.39327]]},"properties":{"name":"Línea [472A9]:0","stroke-opacity":1,"stroke":"#fe00fe","stroke-width":4}},
{"type":"Feature","geometry":{"type":"LineString","coordinates":[[-63.23852,-17.39324],[-63.23763,-17.39416]]},"properties":{"name":"Línea [47202]:0","stroke-opacity":1,"stroke":"#fe00fe","stroke-width":4}},
{"type":"Feature","geometry":{"type":"LineString","coordinates":[[-63.239,-17.39365],[-63.23811,-17.39458]]},"properties":{"name":"Línea [47201]:0","stroke-opacity":1,"stroke":"#fe00fe","stroke-width":4}},
{"type":"Feature","geometry":{"type":"LineString","coordinates":[[-63.23802,-17.39279],[-63.23712,-17.39372]]},"properties":{"name":"Línea [4719D]:0","stroke-opacity":1,"stroke":"#fe00fe","stroke-width":4}},
{"type":"Feature","geometry":{"type":"LineString","coordinates":[[-63.22927,-17.38253],[-63.22927,-17.38252],[-63.22928,-17.38252],[-63.22929,-17.38252],[-63.22929,-17.38253]]},"properties":{"name":"Arco [47158]:0","stroke-opacity":1,"stroke":"#00fefe","stroke-width":4}},
{"type":"Feature","geometry":{"type":"LineString","coordinates":[[-63.22927,-17.38255],[-63.22927,-17.38254],[-63.22927,-17.38253]]},"properties":{"name":"Arco [47157]:0","stroke-opacity":1,"stroke":"#00fefe","stroke-width":4}},
{"type":"Feature","geometry":{"type":"LineString","coordinates":[[-63.2291,-17.38237],[-63.2291,-17.38238],[-63.22909,-17.38238],[-63.22908,-17.38238],[-63.22908,-17.38237]]},"properties":{"name":"Arco [47156]:0","stroke-opacity":1,"stroke":"#00fefe","stroke-width":4}},
{"type":"Feature","geometry":{"type":"LineString","coordinates":[[-63.2291,-17.38235],[-63.2291,-17.38236],[-63.2291,-17.38237]]},"properties":{"name":"Arco [47155]:0","stroke-opacity":1,"stroke":"#00fefe","stroke-width":4}},
{"type":"Feature","geometry":{"type":"LineString","coordinates":[[-63.2281,-17.38357],[-63.22809,-17.38357],[-63.22809,-17.38358],[-63.22808,-17.38358],[-63.22808,-17.38357]]},"properties":{"name":"Arco [46FDE]:0","stroke-opacity":1,"stroke":"#00fefe","stroke-width":4}},
{"type":"Feature","geometry":{"type":"LineString","coordinates":[[-63.22808,-17.38357],[-63.22807,-17.38357],[-63.22807,-17.38356],[-63.22808,-17.38355]]},"properties":{"name":"Arco [46FDD]:0","stroke-opacity":1,"stroke":"#00fefe","stroke-width":4}},
{"type":"Feature","geometry":{"type":"LineString","coordinates":[[-63.22797,-17.38366],[-63.22798,-17.38366],[-63.22798,-17.38365],[-63.22799,-17.38365],[-63.22799,-17.38366]]},"properties":{"name":"Arco [46FDC]:0","stroke-opacity":1,"stroke":"#00fefe","stroke-width":4}},
{"type":"Feature","geometry":{"type":"LineString","coordinates":[[-63.22799,-17.38366],[-63.228,-17.38366],[-63.228,-17.38367],[-63.22799,-17.38368]]},"properties":{"name":"Arco [46FDB]:0","stroke-opacity":1,"stroke":"#00fefe","stroke-width":4}},
{"type":"Feature","geometry":{"type":"LineString","coordinates":[[-63.22799,-17.38368],[-63.22782,-17.38385]]},"properties":{"name":"Línea [46FDA]:0","stroke-opacity":1,"stroke":"#00fefe","stroke-width":4}},
{"type":"Feature","geometry":{"type":"LineString","coordinates":[[-63.22797,-17.38366],[-63.2278,-17.38383]]},"properties":{"name":"Línea [46FD9]:0","stroke-opacity":1,"stroke":"#00fefe","stroke-width":4}},
{"type":"Feature","geometry":{"type":"LineString","coordinates":[[-63.22852,-17.38312],[-63.22852,-17.38313],[-63.22853,-17.38313],[-63.22853,-17.38314],[-63.22852,-17.38314]]},"properties":{"name":"Arco [46FD5]:0","stroke-opacity":1,"stroke":"#00fefe","stroke-width":4}},
{"type":"Feature","geometry":{"type":"LineString","coordinates":[[-63.2285,-17.38312],[-63.22851,-17.38312],[-63.22852,-17.38312]]},"properties":{"name":"Arco [46FD4]:0","stroke-opacity":1,"stroke":"#00fefe","stroke-width":4}},
{"type":"Feature","geometry":{"type":"LineString","coordinates":[[-63.22866,-17.383],[-63.22866,-17.38301],[-63.22865,-17.38301],[-63.22864,-17.38301],[-63.22864,-17.383]]},"properties":{"name":"Arco [46FD3]:0","stroke-opacity":1,"stroke":"#00fefe","stroke-width":4}},
{"type":"Feature","geometry":{"type":"LineString","coordinates":[[-63.22864,-17.383],[-63.22863,-17.383],[-63.22863,-17.38299],[-63.22864,-17.38299]]},"properties":{"name":"Arco [46FD2]:0","stroke-opacity":1,"stroke":"#00fefe","stroke-width":4}},
{"type":"Feature","geometry":{"type":"LineString","coordinates":[[-63.22852,-17.38314],[-63.2281,-17.38357]]},"properties":{"name":"Línea [46FD0]:0","stroke-opacity":1,"stroke":"#00fefe","stroke-width":4}},
{"type":"Feature","geometry":{"type":"LineString","coordinates":[[-63.2285,-17.38312],[-63.22808,-17.38355]]},"properties":{"name":"Línea [46FCF]:0","stroke-opacity":1,"stroke":"#00fefe","stroke-width":4}},
{"type":"Feature","geometry":{"type":"LineString","coordinates":[[-63.22908,-17.38253],[-63.22909,-17.38253],[-63.2291,-17.38253]]},"properties":{"name":"Arco [46FCB]:0","stroke-opacity":1,"stroke":"#00fefe","stroke-width":4}},
{"type":"Feature","geometry":{"type":"LineString","coordinates":[[-63.2291,-17.38253],[-63.22911,-17.38253],[-63.22911,-17.38254],[-63.22911,-17.38255],[-63.2291,-17.38255]]},"properties":{"name":"Arco [46FCA]:0","stroke-opacity":1,"stroke":"#00fefe","stroke-width":4}},
{"type":"Feature","geometry":{"type":"LineString","coordinates":[[-63.22896,-17.38236],[-63.22898,-17.38238],[-63.22899,-17.3824],[-63.229,-17.38242],[-63.22901,-17.38244],[-63.22901,-17.38247],[-63.22901,-17.38249],[-63.229,-17.38251],[-63.22899,-17.38254],[-63.22897,-17.38255]]},"properties":{"name":"Arco [46FC9]:0","stroke-opacity":1,"stroke":"#00fefe","stroke-width":4}},
{"type":"Feature","geometry":{"type":"LineString","coordinates":[[-63.22897,-17.38255],[-63.22775,-17.38379]]},"properties":{"name":"Línea [46FC7]:0","stroke-opacity":1,"stroke":"#00fefe","stroke-width":4}},
{"type":"Feature","geometry":{"type":"LineString","coordinates":[[-63.22908,-17.38253],[-63.22864,-17.38299]]},"properties":{"name":"Línea [46FC6]:0","stroke-opacity":1,"stroke":"#00fefe","stroke-width":4}},
{"type":"Feature","geometry":{"type":"LineString","coordinates":[[-63.2291,-17.38255],[-63.22866,-17.383]]},"properties":{"name":"Línea [46FC5]:0","stroke-opacity":1,"stroke":"#00fefe","stroke-width":4}},
{"type":"Feature","geometry":{"type":"LineString","coordinates":[[-63.228,-17.38377],[-63.22801,-17.38375],[-63.22803,-17.38374],[-63.22804,-17.38374],[-63.22806,-17.38373],[-63.22808,-17.38373],[-63.2281,-17.38374],[-63.22812,-17.38374],[-63.22814,-17.38375],[-63.22815,-17.38376]]},"properties":{"name":"Arco [46FC4]:0","stroke-opacity":1,"stroke":"#00fefe","stroke-width":4}},
{"type":"Feature","geometry":{"type":"LineString","coordinates":[[-63.2282,-17.38372],[-63.22819,-17.3837],[-63.22818,-17.38369],[-63.22817,-17.38367],[-63.22817,-17.38365],[-63.22817,-17.38363],[-63.22817,-17.38361],[-63.22817,-17.38359],[-63.22818,-17.38358],[-63.2282,-17.38356]]},"properties":{"name":"Arco [46FC3]:0","stroke-opacity":1,"stroke":"#00fefe","stroke-width":4}},
{"type":"Feature","geometry":{"type":"LineString","coordinates":[[-63.22851,-17.38325],[-63.22853,-17.38323],[-63.22855,-17.38322],[-63.22857,-17.38321],[-63.22859,-17.38321],[-63.22862,-17.38321],[-63.22864,-17.38321],[-63.22866,-17.38322],[-63.22869,-17.38323],[-63.22871,-17.38324]]},"properties":{"name":"Arco [46FC2]:0","stroke-opacity":1,"stroke":"#00fefe","stroke-width":4}},
{"type":"Feature","geometry":{"type":"LineString","coordinates":[[-63.22878,-17.38317],[-63.22876,-17.38315],[-63.22875,-17.38313],[-63.22874,-17.38311],[-63.22874,-17.38309],[-63.22873,-17.38306],[-63.22874,-17.38304],[-63.22875,-17.38302],[-63.22876,-17.383],[-63.22877,-17.38298]]},"properties":{"name":"Arco [46FC1]:0","stroke-opacity":1,"stroke":"#00fefe","stroke-width":4}},
{"type":"Feature","geometry":{"type":"LineString","coordinates":[[-63.228,-17.38377],[-63.22787,-17.3839]]},"properties":{"name":"Línea [46FBF]:0","stroke-opacity":1,"stroke":"#00fefe","stroke-width":4}},
{"type":"Feature","geometry":{"type":"LineString","coordinates":[[-63.22851,-17.38325],[-63.2282,-17.38356]]},"properties":{"name":"Línea [46FBE]:0","stroke-opacity":1,"stroke":"#00fefe","stroke-width":4}},
{"type":"Feature","geometry":{"type":"LineString","coordinates":[[-63.22907,-17.38267],[-63.22877,-17.38298]]},"properties":{"name":"Línea [46FBD]:0","stroke-opacity":1,"stroke":"#00fefe","stroke-width":4}},
{"type":"Feature","geometry":{"type":"LineString","coordinates":[[-63.22941,-17.38254],[-63.22939,-17.38252],[-63.22938,-17.3825],[-63.22937,-17.38248],[-63.22936,-17.38246],[-63.22936,-17.38243],[-63.22936,-17.38241],[-63.22937,-17.38239],[-63.22938,-17.38236],[-63.2294,-17.38235]]},"properties":{"name":"Arco [46FBC]:0","stroke-opacity":1,"stroke":"#00fefe","stroke-width":4}},
{"type":"Feature","geometry":{"type":"LineString","coordinates":[[-63.22928,-17.38225],[-63.22926,-17.38226],[-63.22924,-17.38227],[-63.22921,-17.38228],[-63.22919,-17.38229],[-63.22917,-17.38229],[-63.22914,-17.38229],[-63.22912,-17.38228],[-63.2291,-17.38227],[-63.22908,-17.38225]]},"properties":{"name":"Arco [46FBB]:0","stroke-opacity":1,"stroke":"#00fefe","stroke-width":4}},
{"type":"Feature","geometry":{"type":"LineString","coordinates":[[-63.22945,-17.38207],[-63.22928,-17.38225]]},"properties":{"name":"Línea [46FBA]:0","stroke-opacity":1,"stroke":"#00fefe","stroke-width":4}},
{"type":"Feature","geometry":{"type":"LineString","coordinates":[[-63.22958,-17.38217],[-63.2294,-17.38235]]},"properties":{"name":"Línea [46FB9]:0","stroke-opacity":1,"stroke":"#00fefe","stroke-width":4}},
{"type":"Feature","geometry":{"type":"LineString","coordinates":[[-63.22942,-17.38192],[-63.22943,-17.38193],[-63.22944,-17.38195],[-63.22945,-17.38196],[-63.22945,-17.38197],[-63.22945,-17.38199],[-63.22945,-17.382],[-63.22944,-17.38202],[-63.22944,-17.38203],[-63.22943,-17.38204]]},"properties":{"name":"Arco [46FB6]:0","stroke-opacity":1,"stroke":"#0000fe","stroke-width":4}},
{"type":"Feature","geometry":{"type":"LineString","coordinates":[[-63.2296,-17.38219],[-63.22961,-17.38218],[-63.22963,-17.38217],[-63.22964,-17.38217],[-63.22965,-17.38217],[-63.22967,-17.38216],[-63.22968,-17.38217],[-63.2297,-17.38217],[-63.22971,-17.38218],[-63.22972,-17.38219]]},"properties":{"name":"Arco [46FB5]:0","stroke-opacity":1,"stroke":"#0000fe","stroke-width":4}},
{"type":"Feature","geometry":{"type":"LineString","coordinates":[[-63.22925,-17.38221],[-63.22924,-17.38223],[-63.22922,-17.38224],[-63.22921,-17.38224],[-63.22919,-17.38225],[-63.22917,-17.38225],[-63.22915,-17.38225],[-63.22913,-17.38224],[-63.22911,-17.38223],[-63.2291,-17.38222]]},"properties":{"name":"Arco [46FB4]:0","stroke-opacity":1,"stroke":"#0000fe","stroke-width":4}},
{"type":"Feature","geometry":{"type":"LineString","coordinates":[[-63.22944,-17.38252],[-63.22942,-17.3825],[-63.22941,-17.38249],[-63.22941,-17.38247],[-63.2294,-17.38245],[-63.2294,-17.38243],[-63.2294,-17.38241],[-63.22941,-17.3824],[-63.22942,-17.38238],[-63.22943,-17.38236]]},"properties":{"name":"Arco [46FB3]:0","stroke-opacity":1,"stroke":"#0000fe","stroke-width":4}},
{"type":"Feature","geometry":{"type":"LineString","coordinates":[[-63.22943,-17.38204],[-63.22925,-17.38221]]},"properties":{"name":"Línea [46FB2]:0","stroke-opacity":1,"stroke":"#0000fe","stroke-width":4}},
{"type":"Feature","geometry":{"type":"LineString","coordinates":[[-63.2296,-17.38219],[-63.22943,-17.38236]]},"properties":{"name":"Línea [46FB1]:0","stroke-opacity":1,"stroke":"#0000fe","stroke-width":4}},
{"type":"Feature","geometry":{"type":"LineString","coordinates":[[-63.22712,-17.38055],[-63.22908,-17.38225]]},"properties":{"name":"Línea [46FA1]:0","stroke-opacity":1,"stroke":"#00fefe","stroke-width":4}},
{"type":"Feature","geometry":{"type":"MultiLineString","coordinates":[[[-63.2254,-17.38175],[-63.22646,-17.38068]],[[-63.22646,-17.38068],[-63.22678,-17.38035]],[[-63.22678,-17.38035],[-63.24042,-17.39224]],[[-63.24042,-17.39224],[-63.23812,-17.39467]],[[-63.23812,-17.39467],[-63.23785,-17.39443]],[[-63.23785,-17.39443],[-63.23664,-17.39338]],[[-63.23664,-17.39338],[-63.23653,-17.39328]],[[-63.23653,-17.39328],[-63.23749,-17.39228]],[[-63.23749,-17.39228],[-63.22739,-17.38348]],[[-63.22739,-17.38348],[-63.22864,-17.38212]],[[-63.22864,-17.38212],[-63.22689,-17.3806]],[[-63.22689,-17.3806],[-63.22564,-17.38196]],[[-63.22564,-17.38196],[-63.2254,-17.38175]]]},"properties":{"name":"Polilínea [46EE9]:0","stroke-opacity":1,"stroke":"#fe00fe","stroke-width":4}},
{"type":"Feature","geometry":{"type":"LineString","coordinates":[[-63.22893,-17.38238],[-63.22894,-17.3824],[-63.22896,-17.38241],[-63.22896,-17.38243],[-63.22897,-17.38245],[-63.22897,-17.38247],[-63.22897,-17.38249],[-63.22896,-17.3825],[-63.22895,-17.38252],[-63.22894,-17.38254]]},"properties":{"name":"Arco [46E89]:0","stroke-opacity":1,"stroke":"#0000fe","stroke-width":4}},
{"type":"Feature","geometry":{"type":"LineString","coordinates":[[-63.22918,-17.38245],[-63.22781,-17.38384]]},"properties":{"name":"Línea [46E3C]:0","stroke-opacity":1,"stroke":"#fe00fe","stroke-width":4}},
{"type":"Feature","geometry":{"type":"LineString","coordinates":[[-63.22881,-17.38315],[-63.2288,-17.38314],[-63.22879,-17.38312],[-63.22878,-17.38311],[-63.22877,-17.38309],[-63.22877,-17.38307],[-63.22878,-17.38305],[-63.22878,-17.38303],[-63.22879,-17.38302],[-63.2288,-17.383]]},"properties":{"name":"Arco [46DFC]:0","stroke-opacity":1,"stroke":"#0000fe","stroke-width":4}},
{"type":"Feature","geometry":{"type":"LineString","coordinates":[[-63.22853,-17.38328],[-63.22855,-17.38326],[-63.22856,-17.38325],[-63.22858,-17.38325],[-63.2286,-17.38324],[-63.22862,-17.38324],[-63.22864,-17.38324],[-63.22866,-17.38325],[-63.22867,-17.38326],[-63.22869,-17.38327]]},"properties":{"name":"Arco [46DFB]:0","stroke-opacity":1,"stroke":"#0000fe","stroke-width":4}},
{"type":"Feature","geometry":{"type":"LineString","coordinates":[[-63.22853,-17.38328],[-63.22822,-17.38359]]},"properties":{"name":"Línea [46DFA]:0","stroke-opacity":1,"stroke":"#0000fe","stroke-width":4}},
{"type":"Feature","geometry":{"type":"LineString","coordinates":[[-63.22823,-17.3837],[-63.22822,-17.38369],[-63.22821,-17.38368],[-63.2282,-17.38367],[-63.2282,-17.38365],[-63.2282,-17.38364],[-63.2282,-17.38363],[-63.22821,-17.38361],[-63.22821,-17.3836],[-63.22822,-17.38359]]},"properties":{"name":"Arco [46DF9]:0","stroke-opacity":1,"stroke":"#0000fe","stroke-width":4}},
{"type":"Feature","geometry":{"type":"LineString","coordinates":[[-63.2291,-17.3827],[-63.2288,-17.383]]},"properties":{"name":"Línea [46DF8]:0","stroke-opacity":1,"stroke":"#0000fe","stroke-width":4}},
{"type":"Feature","geometry":{"type":"LineString","coordinates":[[-63.22802,-17.38379],[-63.22803,-17.38378],[-63.22805,-17.38377],[-63.22806,-17.38377],[-63.22807,-17.38377],[-63.22809,-17.38377],[-63.2281,-17.38377],[-63.22812,-17.38377],[-63.22813,-17.38378],[-63.22814,-17.38379]]},"properties":{"name":"Arco [46DE2]:0","stroke-opacity":1,"stroke":"#0000fe","stroke-width":4}},
{"type":"Feature","geometry":{"type":"LineString","coordinates":[[-63.22802,-17.38379],[-63.2279,-17.38392]]},"properties":{"name":"Línea [46DE1]:0","stroke-opacity":1,"stroke":"#0000fe","stroke-width":4}},
{"type":"Feature","geometry":{"type":"LineString","coordinates":[[-63.22889,-17.38344],[-63.22845,-17.38389]]},"properties":{"name":"Línea [468BE]:0","stroke-opacity":1,"stroke":"#0000fe","stroke-width":4}},
{"type":"Feature","geometry":{"type":"LineString","coordinates":[[-63.22897,-17.38352],[-63.22853,-17.38397]]},"properties":{"name":"Línea [468B5]:0","stroke-opacity":1,"stroke":"#0000fe","stroke-width":4}},
{"type":"Feature","geometry":{"type":"LineString","coordinates":[[-63.22947,-17.38285],[-63.22901,-17.38333]]},"properties":{"name":"Línea [468A3]:0","stroke-opacity":1,"stroke":"#0000fe","stroke-width":4}},
{"type":"Feature","geometry":{"type":"LineString","coordinates":[[-63.22956,-17.38293],[-63.22909,-17.3834]]},"properties":{"name":"Línea [468A2]:0","stroke-opacity":1,"stroke":"#0000fe","stroke-width":4}},
{"type":"Feature","geometry":{"type":"LineString","coordinates":[[-63.22564,-17.38196],[-63.22772,-17.38377]]},"properties":{"name":"Línea [46714]:0","stroke-opacity":1,"stroke":"#0000fe","stroke-width":4}},
{"type":"Feature","geometry":{"type":"LineString","coordinates":[[-63.23036,-17.3844],[-63.23034,-17.38442],[-63.23033,-17.38442],[-63.23031,-17.38443],[-63.23029,-17.38444],[-63.23027,-17.38444],[-63.23025,-17.38443],[-63.23023,-17.38443],[-63.23021,-17.38442],[-63.2302,-17.38441]]},"properties":{"name":"Arco [465F0]:0","stroke-opacity":1,"stroke":"#00fefe","stroke-width":4}},
{"type":"Feature","geometry":{"type":"LineString","coordinates":[[-63.23042,-17.3846],[-63.2304,-17.38458],[-63.23039,-17.38457],[-63.23038,-17.38455],[-63.23038,-17.38453],[-63.23038,-17.38451],[-63.23038,-17.38449],[-63.23039,-17.38447],[-63.2304,-17.38446],[-63.23041,-17.38444]]},"properties":{"name":"Arco [465EF]:0","stroke-opacity":1,"stroke":"#00fefe","stroke-width":4}},
{"type":"Feature","geometry":{"type":"LineString","coordinates":[[-63.23034,-17.38438],[-63.23033,-17.38439],[-63.23032,-17.3844],[-63.2303,-17.3844],[-63.23029,-17.38441],[-63.23027,-17.38441],[-63.23026,-17.3844],[-63.23025,-17.3844],[-63.23023,-17.38439],[-63.23022,-17.38439]]},"properties":{"name":"Arco [465EE]:0","stroke-opacity":1,"stroke":"#0000fe","stroke-width":4}},
{"type":"Feature","geometry":{"type":"LineString","coordinates":[[-63.23044,-17.38457],[-63.23043,-17.38456],[-63.23042,-17.38455],[-63.23041,-17.38454],[-63.23041,-17.38452],[-63.23041,-17.38451],[-63.23041,-17.38449],[-63.23042,-17.38448],[-63.23042,-17.38447],[-63.23043,-17.38446]]},"properties":{"name":"Arco [465ED]:0","stroke-opacity":1,"stroke":"#0000fe","stroke-width":4}},
{"type":"Feature","geometry":{"type":"LineString","coordinates":[[-63.23044,-17.38457],[-63.23178,-17.38574]]},"properties":{"name":"Línea [465EC]:0","stroke-opacity":1,"stroke":"#0000fe","stroke-width":4}},
{"type":"Feature","geometry":{"type":"LineString","coordinates":[[-63.23042,-17.3846],[-63.23175,-17.38576]]},"properties":{"name":"Línea [465EB]:0","stroke-opacity":1,"stroke":"#00fefe","stroke-width":4}},
{"type":"Feature","geometry":{"type":"LineString","coordinates":[[-63.2301,-17.3845],[-63.23011,-17.38451],[-63.23012,-17.38452],[-63.23013,-17.38454],[-63.23013,-17.38455],[-63.23013,-17.38457],[-63.23013,-17.38458],[-63.23012,-17.38459],[-63.23012,-17.38461],[-63.23011,-17.38462]]},"properties":{"name":"Arco [465EA]:0","stroke-opacity":1,"stroke":"#0000fe","stroke-width":4}},
{"type":"Feature","geometry":{"type":"LineString","coordinates":[[-63.23012,-17.38448],[-63.23014,-17.38449],[-63.23015,-17.38451],[-63.23016,-17.38453],[-63.23016,-17.38454],[-63.23016,-17.38456],[-63.23016,-17.38458],[-63.23015,-17.3846],[-63.23014,-17.38462],[-63.23013,-17.38463]]},"properties":{"name":"Arco [465E9]:0","stroke-opacity":1,"stroke":"#00fefe","stroke-width":4}},
{"type":"Feature","geometry":{"type":"LineString","coordinates":[[-63.23018,-17.38467],[-63.2302,-17.38466],[-63.23021,-17.38465],[-63.23023,-17.38464],[-63.23025,-17.38464],[-63.23027,-17.38464],[-63.23029,-17.38464],[-63.23031,-17.38465],[-63.23033,-17.38465],[-63.23034,-17.38467]]},"properties":{"name":"Arco [465E8]:0","stroke-opacity":1,"stroke":"#00fefe","stroke-width":4}},
{"type":"Feature","geometry":{"type":"LineString","coordinates":[[-63.22871,-17.38324],[-63.23012,-17.38448]]},"properties":{"name":"Línea [465D9]:0","stroke-opacity":1,"stroke":"#00fefe","stroke-width":4}},
{"type":"Feature","geometry":{"type":"LineString","coordinates":[[-63.22869,-17.38327],[-63.2301,-17.3845]]},"properties":{"name":"Línea [465D8]:0","stroke-opacity":1,"stroke":"#0000fe","stroke-width":4}},
{"type":"Feature","geometry":{"type":"LineString","coordinates":[[-63.2302,-17.38469],[-63.23021,-17.38468],[-63.23022,-17.38468],[-63.23024,-17.38467],[-63.23025,-17.38467],[-63.23027,-17.38467],[-63.23028,-17.38467],[-63.23029,-17.38467],[-63.23031,-17.38468],[-63.23032,-17.38469]]},"properties":{"name":"Arco [465D3]:0","stroke-opacity":1,"stroke":"#0000fe","stroke-width":4}},
{"type":"Feature","geometry":{"type":"LineString","coordinates":[[-63.23189,-17.38602],[-63.2319,-17.38603],[-63.23191,-17.38604],[-63.23192,-17.38606],[-63.23192,-17.38607],[-63.23192,-17.38608],[-63.23192,-17.3861],[-63.23191,-17.38611],[-63.23191,-17.38612],[-63.2319,-17.38614]]},"properties":{"name":"Arco [465D1]:0","stroke-opacity":1,"stroke":"#00fefe","stroke-width":4}},
{"type":"Feature","geometry":{"type":"LineString","coordinates":[[-63.23034,-17.38467],[-63.23189,-17.38602]]},"properties":{"name":"Línea [465D0]:0","stroke-opacity":1,"stroke":"#00fefe","stroke-width":4}},
{"type":"Feature","geometry":{"type":"LineString","coordinates":[[-63.23185,-17.38602],[-63.23186,-17.38603],[-63.23187,-17.38605],[-63.23187,-17.38606],[-63.23188,-17.38607],[-63.23188,-17.38609],[-63.23188,-17.3861],[-63.23187,-17.38612],[-63.23186,-17.38613],[-63.23185,-17.38614]]},"properties":{"name":"Arco [465CF]:0","stroke-opacity":1,"stroke":"#0000fe","stroke-width":4}},
{"type":"Feature","geometry":{"type":"LineString","coordinates":[[-63.23032,-17.38469],[-63.23185,-17.38602]]},"properties":{"name":"Línea [465CE]:0","stroke-opacity":1,"stroke":"#0000fe","stroke-width":4}},
{"type":"Feature","geometry":{"type":"LineString","coordinates":[[-63.23193,-17.3862],[-63.23195,-17.38618],[-63.23196,-17.38617],[-63.23198,-17.38617],[-63.232,-17.38616],[-63.23202,-17.38616],[-63.23204,-17.38616],[-63.23206,-17.38617],[-63.23207,-17.38618],[-63.23209,-17.38619]]},"properties":{"name":"Arco [465A1]:0","stroke-opacity":1,"stroke":"#00fefe","stroke-width":4}},
{"type":"Feature","geometry":{"type":"LineString","coordinates":[[-63.23209,-17.38619],[-63.23323,-17.38719]]},"properties":{"name":"Línea [465A0]:0","stroke-opacity":1,"stroke":"#00fefe","stroke-width":4}},
{"type":"Feature","geometry":{"type":"LineString","coordinates":[[-63.23154,-17.3865],[-63.23152,-17.38651],[-63.23151,-17.38652],[-63.23149,-17.38653],[-63.23148,-17.38653],[-63.23146,-17.38653],[-63.23145,-17.38653],[-63.23143,-17.38652],[-63.23142,-17.38652],[-63.2314,-17.38651]]},"properties":{"name":"Arco [46580]:0","stroke-opacity":1,"stroke":"#00fefe","stroke-width":4}},
{"type":"Feature","geometry":{"type":"LineString","coordinates":[[-63.23136,-17.38655],[-63.23137,-17.38656],[-63.23138,-17.38658],[-63.23138,-17.38659],[-63.23139,-17.38661],[-63.23139,-17.38662],[-63.23138,-17.38664],[-63.23138,-17.38665],[-63.23137,-17.38667],[-63.23136,-17.38668]]},"properties":{"name":"Arco [4657F]:0","stroke-opacity":1,"stroke":"#00fefe","stroke-width":4}},
{"type":"Feature","geometry":{"type":"LineString","coordinates":[[-63.23134,-17.38657],[-63.23134,-17.38658],[-63.23135,-17.38659],[-63.23136,-17.3866],[-63.23136,-17.38661],[-63.23136,-17.38662],[-63.23136,-17.38663],[-63.23135,-17.38664],[-63.23135,-17.38665],[-63.23134,-17.38666]]},"properties":{"name":"Arco [4657E]:0","stroke-opacity":1,"stroke":"#0000fe","stroke-width":4}},
{"type":"Feature","geometry":{"type":"LineString","coordinates":[[-63.23152,-17.38648],[-63.23151,-17.38649],[-63.2315,-17.3865],[-63.23149,-17.3865],[-63.23148,-17.3865],[-63.23146,-17.3865],[-63.23145,-17.3865],[-63.23144,-17.3865],[-63.23143,-17.38649],[-63.23142,-17.38649]]},"properties":{"name":"Arco [4657D]:0","stroke-opacity":1,"stroke":"#0000fe","stroke-width":4}},
{"type":"Feature","geometry":{"type":"LineString","coordinates":[[-63.23134,-17.38666],[-63.2312,-17.3868]]},"properties":{"name":"Línea [4657C]:0","stroke-opacity":1,"stroke":"#0000fe","stroke-width":4}},
{"type":"Feature","geometry":{"type":"LineString","coordinates":[[-63.23136,-17.38668],[-63.23122,-17.38682]]},"properties":{"name":"Línea [4657B]:0","stroke-opacity":1,"stroke":"#00fefe","stroke-width":4}},
{"type":"Feature","geometry":{"type":"LineString","coordinates":[[-63.23202,-17.38606],[-63.23125,-17.38684]]},"properties":{"name":"Línea [4657A]:0","stroke-opacity":1,"stroke":"#fe00fe","stroke-width":4}},
{"type":"Feature","geometry":{"type":"LineString","coordinates":[[-63.23193,-17.3862],[-63.23127,-17.38686]]},"properties":{"name":"Línea [46579]:0","stroke-opacity":1,"stroke":"#00fefe","stroke-width":4}},
{"type":"Feature","geometry":{"type":"LineString","coordinates":[[-63.2319,-17.38614],[-63.23154,-17.3865]]},"properties":{"name":"Línea [46578]:0","stroke-opacity":1,"stroke":"#00fefe","stroke-width":4}},
{"type":"Feature","geometry":{"type":"LineString","coordinates":[[-63.23185,-17.38614],[-63.23152,-17.38648]]},"properties":{"name":"Línea [46464]:0","stroke-opacity":1,"stroke":"#0000fe","stroke-width":4}},
{"type":"Feature","geometry":{"type":"LineString","coordinates":[[-63.23195,-17.38622],[-63.23196,-17.38621],[-63.23197,-17.3862],[-63.23198,-17.3862],[-63.232,-17.38619],[-63.23201,-17.38619],[-63.23203,-17.38619],[-63.23204,-17.3862],[-63.23205,-17.3862],[-63.23207,-17.38621]]},"properties":{"name":"Arco [4645F]:0","stroke-opacity":1,"stroke":"#0000fe","stroke-width":4}},
{"type":"Feature","geometry":{"type":"LineString","coordinates":[[-63.23195,-17.38622],[-63.23129,-17.38688]]},"properties":{"name":"Línea [4645E]:0","stroke-opacity":1,"stroke":"#0000fe","stroke-width":4}},
{"type":"Feature","geometry":{"type":"LineString","coordinates":[[-63.23189,-17.38574],[-63.23188,-17.38575],[-63.23187,-17.38575],[-63.23186,-17.38576],[-63.23184,-17.38576],[-63.23183,-17.38576],[-63.23181,-17.38576],[-63.2318,-17.38576],[-63.23179,-17.38575],[-63.23178,-17.38574]]},"properties":{"name":"Arco [4645C]:0","stroke-opacity":1,"stroke":"#0000fe","stroke-width":4}},
{"type":"Feature","geometry":{"type":"LineString","coordinates":[[-63.23199,-17.38593],[-63.23198,-17.38592],[-63.23197,-17.38591],[-63.23197,-17.38589],[-63.23197,-17.38588],[-63.23196,-17.38586],[-63.23197,-17.38585],[-63.23197,-17.38584],[-63.23198,-17.38582],[-63.23199,-17.38581]]},"properties":{"name":"Arco [4645B]:0","stroke-opacity":1,"stroke":"#0000fe","stroke-width":4}},
{"type":"Feature","geometry":{"type":"LineString","coordinates":[[-63.23191,-17.38576],[-63.2319,-17.38577],[-63.23188,-17.38578],[-63.23186,-17.38579],[-63.23184,-17.38579],[-63.23182,-17.38579],[-63.23181,-17.38579],[-63.23179,-17.38578],[-63.23177,-17.38577],[-63.23175,-17.38576]]},"properties":{"name":"Arco [4645A]:0","stroke-opacity":1,"stroke":"#00fefe","stroke-width":4}},
{"type":"Feature","geometry":{"type":"LineString","coordinates":[[-63.23197,-17.38595],[-63.23196,-17.38594],[-63.23195,-17.38592],[-63.23194,-17.3859],[-63.23193,-17.38589],[-63.23193,-17.38587],[-63.23194,-17.38585],[-63.23194,-17.38583],[-63.23195,-17.38581],[-63.23196,-17.3858]]},"properties":{"name":"Arco [46459]:0","stroke-opacity":1,"stroke":"#00fefe","stroke-width":4}},
{"type":"Feature","geometry":{"type":"LineString","coordinates":[[-63.23197,-17.38595],[-63.23331,-17.38712]]},"properties":{"name":"Línea [46458]:0","stroke-opacity":1,"stroke":"#00fefe","stroke-width":4}},
{"type":"Feature","geometry":{"type":"LineString","coordinates":[[-63.23199,-17.38593],[-63.23333,-17.3871]]},"properties":{"name":"Línea [46457]:0","stroke-opacity":1,"stroke":"#0000fe","stroke-width":4}},
{"type":"Feature","geometry":{"type":"LineString","coordinates":[[-63.23323,-17.38719],[-63.23325,-17.3872],[-63.23326,-17.38722],[-63.23327,-17.38724],[-63.23327,-17.38725],[-63.23327,-17.38727],[-63.23327,-17.38729],[-63.23326,-17.38731],[-63.23325,-17.38733],[-63.23324,-17.38734]]},"properties":{"name":"Arco [46456]:0","stroke-opacity":1,"stroke":"#00fefe","stroke-width":4}},
{"type":"Feature","geometry":{"type":"LineString","coordinates":[[-63.23347,-17.38711],[-63.23345,-17.38713],[-63.23344,-17.38714],[-63.23342,-17.38714],[-63.2334,-17.38715],[-63.23338,-17.38715],[-63.23336,-17.38714],[-63.23334,-17.38714],[-63.23332,-17.38713],[-63.23331,-17.38712]]},"properties":{"name":"Arco [46455]:0","stroke-opacity":1,"stroke":"#00fefe","stroke-width":4}},
{"type":"Feature","geometry":{"type":"LineString","coordinates":[[-63.23352,-17.38731],[-63.23351,-17.38729],[-63.2335,-17.38728],[-63.23349,-17.38726],[-63.23349,-17.38724],[-63.23349,-17.38722],[-63.23349,-17.3872],[-63.2335,-17.38718],[-63.23351,-17.38717],[-63.23352,-17.38715]]},"properties":{"name":"Arco [46454]:0","stroke-opacity":1,"stroke":"#00fefe","stroke-width":4}},
{"type":"Feature","geometry":{"type":"LineString","coordinates":[[-63.23329,-17.38738],[-63.23331,-17.38737],[-63.23332,-17.38736],[-63.23334,-17.38735],[-63.23336,-17.38735],[-63.23338,-17.38735],[-63.2334,-17.38735],[-63.23342,-17.38736],[-63.23343,-17.38736],[-63.23345,-17.38738]]},"properties":{"name":"Arco [46451]:0","stroke-opacity":1,"stroke":"#00fefe","stroke-width":4}},
{"type":"Feature","geometry":{"type":"LineString","coordinates":[[-63.23345,-17.38738],[-63.23479,-17.38854]]},"properties":{"name":"Línea [46450]:0","stroke-opacity":1,"stroke":"#00fefe","stroke-width":4}},
{"type":"Feature","geometry":{"type":"LineString","coordinates":[[-63.23352,-17.38731],[-63.23486,-17.38847]]},"properties":{"name":"Línea [4644F]:0","stroke-opacity":1,"stroke":"#00fefe","stroke-width":4}},
{"type":"Feature","geometry":{"type":"LineString","coordinates":[[-63.23331,-17.3874],[-63.23332,-17.38739],[-63.23333,-17.38739],[-63.23335,-17.38738],[-63.23336,-17.38738],[-63.23338,-17.38738],[-63.23339,-17.38738],[-63.2334,-17.38738],[-63.23342,-17.38739],[-63.23343,-17.3874]]},"properties":{"name":"Arco [4644E]:0","stroke-opacity":1,"stroke":"#0000fe","stroke-width":4}},
{"type":"Feature","geometry":{"type":"LineString","coordinates":[[-63.23321,-17.38721],[-63.23322,-17.38722],[-63.23323,-17.38723],[-63.23324,-17.38725],[-63.23324,-17.38726],[-63.23324,-17.38728],[-63.23324,-17.38729],[-63.23323,-17.3873],[-63.23323,-17.38732],[-63.23322,-17.38733]]},"properties":{"name":"Arco [4644D]:0","stroke-opacity":1,"stroke":"#0000fe","stroke-width":4}},
{"type":"Feature","geometry":{"type":"LineString","coordinates":[[-63.23207,-17.38621],[-63.23321,-17.38721]]},"properties":{"name":"Línea [4644C]:0","stroke-opacity":1,"stroke":"#0000fe","stroke-width":4}},
{"type":"Feature","geometry":{"type":"LineString","coordinates":[[-63.23345,-17.38709],[-63.23344,-17.3871],[-63.23343,-17.38711],[-63.23341,-17.38711],[-63.2334,-17.38712],[-63.23338,-17.38712],[-63.23337,-17.38711],[-63.23336,-17.38711],[-63.23334,-17.3871],[-63.23333,-17.3871]]},"properties":{"name":"Arco [4644B]:0","stroke-opacity":1,"stroke":"#0000fe","stroke-width":4}},
{"type":"Feature","geometry":{"type":"LineString","coordinates":[[-63.23355,-17.38728],[-63.23354,-17.38727],[-63.23353,-17.38726],[-63.23352,-17.38725],[-63.23352,-17.38723],[-63.23352,-17.38722],[-63.23352,-17.3872],[-63.23353,-17.38719],[-63.23353,-17.38718],[-63.23354,-17.38717]]},"properties":{"name":"Arco [4644A]:0","stroke-opacity":1,"stroke":"#0000fe","stroke-width":4}},
{"type":"Feature","geometry":{"type":"LineString","coordinates":[[-63.23355,-17.38728],[-63.23489,-17.38845]]},"properties":{"name":"Línea [46449]:0","stroke-opacity":1,"stroke":"#0000fe","stroke-width":4}},
{"type":"Feature","geometry":{"type":"LineString","coordinates":[[-63.23486,-17.38876],[-63.23488,-17.38875],[-63.23489,-17.38874],[-63.2349,-17.38874],[-63.23492,-17.38873],[-63.23493,-17.38873],[-63.23494,-17.38874],[-63.23496,-17.38874],[-63.23497,-17.38875],[-63.23498,-17.38875]]},"properties":{"name":"Arco [46447]:0","stroke-opacity":1,"stroke":"#0000fe","stroke-width":4}},
{"type":"Feature","geometry":{"type":"LineString","coordinates":[[-63.23477,-17.38857],[-63.23478,-17.38858],[-63.23478,-17.38859],[-63.23479,-17.3886],[-63.23479,-17.38862],[-63.23479,-17.38863],[-63.23479,-17.38864],[-63.23479,-17.38866],[-63.23478,-17.38867],[-63.23477,-17.38868]]},"properties":{"name":"Arco [46446]:0","stroke-opacity":1,"stroke":"#0000fe","stroke-width":4}},
{"type":"Feature","geometry":{"type":"LineString","coordinates":[[-63.235,-17.38845],[-63.23499,-17.38846],[-63.23498,-17.38846],[-63.23497,-17.38847],[-63.23495,-17.38847],[-63.23494,-17.38847],[-63.23492,-17.38847],[-63.23491,-17.38847],[-63.2349,-17.38846],[-63.23489,-17.38845]]},"properties":{"name":"Arco [46445]:0","stroke-opacity":1,"stroke":"#0000fe","stroke-width":4}},
{"type":"Feature","geometry":{"type":"LineString","coordinates":[[-63.2351,-17.38864],[-63.23509,-17.38863],[-63.23508,-17.38862],[-63.23508,-17.3886],[-63.23507,-17.38859],[-63.23507,-17.38857],[-63.23508,-17.38856],[-63.23508,-17.38855],[-63.23509,-17.38853],[-63.2351,-17.38852]]},"properties":{"name":"Arco [46444]:0","stroke-opacity":1,"stroke":"#0000fe","stroke-width":4}},
{"type":"Feature","geometry":{"type":"LineString","coordinates":[[-63.2351,-17.38864],[-63.23644,-17.38981]]},"properties":{"name":"Línea [46443]:0","stroke-opacity":1,"stroke":"#0000fe","stroke-width":4}},
{"type":"Feature","geometry":{"type":"LineString","coordinates":[[-63.23508,-17.38866],[-63.23507,-17.38865],[-63.23506,-17.38863],[-63.23505,-17.38861],[-63.23504,-17.3886],[-63.23504,-17.38858],[-63.23505,-17.38856],[-63.23505,-17.38854],[-63.23506,-17.38852],[-63.23507,-17.38851]]},"properties":{"name":"Arco [46442]:0","stroke-opacity":1,"stroke":"#00fefe","stroke-width":4}},
{"type":"Feature","geometry":{"type":"LineString","coordinates":[[-63.23502,-17.38847],[-63.23501,-17.38848],[-63.23499,-17.38849],[-63.23497,-17.3885],[-63.23495,-17.3885],[-63.23493,-17.3885],[-63.23491,-17.3885],[-63.2349,-17.38849],[-63.23488,-17.38848],[-63.23486,-17.38847]]},"properties":{"name":"Arco [46441]:0","stroke-opacity":1,"stroke":"#00fefe","stroke-width":4}},
{"type":"Feature","geometry":{"type":"LineString","coordinates":[[-63.23479,-17.38854],[-63.2348,-17.38856],[-63.23481,-17.38857],[-63.23482,-17.38859],[-63.23483,-17.38861],[-63.23483,-17.38863],[-63.23482,-17.38865],[-63.23482,-17.38867],[-63.23481,-17.38868],[-63.2348,-17.3887]]},"properties":{"name":"Arco [46440]:0","stroke-opacity":1,"stroke":"#00fefe","stroke-width":4}},
{"type":"Feature","geometry":{"type":"LineString","coordinates":[[-63.23485,-17.38874],[-63.23486,-17.38872],[-63.23488,-17.38871],[-63.2349,-17.38871],[-63.23492,-17.3887],[-63.23493,-17.3887],[-63.23495,-17.38871],[-63.23497,-17.38871],[-63.23499,-17.38872],[-63.23501,-17.38873]]},"properties":{"name":"Arco [4643F]:0","stroke-opacity":1,"stroke":"#00fefe","stroke-width":4}},
{"type":"Feature","geometry":{"type":"LineString","coordinates":[[-63.23501,-17.38873],[-63.23634,-17.3899]]},"properties":{"name":"Línea [4643E]:0","stroke-opacity":1,"stroke":"#00fefe","stroke-width":4}},
{"type":"Feature","geometry":{"type":"LineString","coordinates":[[-63.23508,-17.38866],[-63.23642,-17.38983]]},"properties":{"name":"Línea [4643D]:0","stroke-opacity":1,"stroke":"#00fefe","stroke-width":4}},
{"type":"Feature","geometry":{"type":"LineString","coordinates":[[-63.23343,-17.3874],[-63.23477,-17.38857]]},"properties":{"name":"Línea [4643C]:0","stroke-opacity":1,"stroke":"#0000fe","stroke-width":4}},
{"type":"Feature","geometry":{"type":"LineString","coordinates":[[-63.23663,-17.39002],[-63.23662,-17.39],[-63.23661,-17.38999],[-63.2366,-17.38997],[-63.2366,-17.38995],[-63.2366,-17.38993],[-63.2366,-17.38991],[-63.23661,-17.38989],[-63.23662,-17.38988],[-63.23663,-17.38986]]},"properties":{"name":"Arco [4643B]:0","stroke-opacity":1,"stroke":"#00fefe","stroke-width":4}},
{"type":"Feature","geometry":{"type":"LineString","coordinates":[[-63.23658,-17.38982],[-63.23656,-17.38984],[-63.23655,-17.38985],[-63.23653,-17.38985],[-63.23651,-17.38986],[-63.23649,-17.38986],[-63.23647,-17.38985],[-63.23645,-17.38985],[-63.23643,-17.38984],[-63.23642,-17.38983]]},"properties":{"name":"Arco [4643A]:0","stroke-opacity":1,"stroke":"#00fefe","stroke-width":4}},
{"type":"Feature","geometry":{"type":"LineString","coordinates":[[-63.23634,-17.3899],[-63.23636,-17.38991],[-63.23637,-17.38993],[-63.23638,-17.38995],[-63.23638,-17.38996],[-63.23638,-17.38998],[-63.23638,-17.39],[-63.23637,-17.39002],[-63.23636,-17.39004],[-63.23635,-17.39005]]},"properties":{"name":"Arco [46439]:0","stroke-opacity":1,"stroke":"#00fefe","stroke-width":4}},
{"type":"Feature","geometry":{"type":"LineString","coordinates":[[-63.2364,-17.39009],[-63.23642,-17.39008],[-63.23643,-17.39007],[-63.23645,-17.39006],[-63.23647,-17.39006],[-63.23649,-17.39006],[-63.23651,-17.39006],[-63.23653,-17.39007],[-63.23654,-17.39007],[-63.23656,-17.39009]]},"properties":{"name":"Arco [46438]:0","stroke-opacity":1,"stroke":"#00fefe","stroke-width":4}},
{"type":"Feature","geometry":{"type":"LineString","coordinates":[[-63.23656,-17.39009],[-63.23816,-17.39148]]},"properties":{"name":"Línea [46437]:0","stroke-opacity":1,"stroke":"#00fefe","stroke-width":4}},
{"type":"Feature","geometry":{"type":"LineString","coordinates":[[-63.23663,-17.39002],[-63.23823,-17.39141]]},"properties":{"name":"Línea [46436]:0","stroke-opacity":1,"stroke":"#00fefe","stroke-width":4}},
{"type":"Feature","geometry":{"type":"LineString","coordinates":[[-63.23656,-17.3898],[-63.23655,-17.38981],[-63.23654,-17.38982],[-63.23652,-17.38982],[-63.23651,-17.38983],[-63.23649,-17.38983],[-63.23648,-17.38982],[-63.23647,-17.38982],[-63.23645,-17.38981],[-63.23644,-17.38981]]},"properties":{"name":"Arco [46434]:0","stroke-opacity":1,"stroke":"#0000fe","stroke-width":4}},
{"type":"Feature","geometry":{"type":"LineString","coordinates":[[-63.23666,-17.38999],[-63.23665,-17.38998],[-63.23664,-17.38997],[-63.23663,-17.38996],[-63.23663,-17.38994],[-63.23663,-17.38993],[-63.23663,-17.38992],[-63.23664,-17.3899],[-63.23664,-17.38989],[-63.23665,-17.38988]]},"properties":{"name":"Arco [46433]:0","stroke-opacity":1,"stroke":"#0000fe","stroke-width":4}},
{"type":"Feature","geometry":{"type":"LineString","coordinates":[[-63.23666,-17.38999],[-63.23825,-17.39138]]},"properties":{"name":"Línea [46432]:0","stroke-opacity":1,"stroke":"#0000fe","stroke-width":4}},
{"type":"Feature","geometry":{"type":"LineString","coordinates":[[-63.23632,-17.38992],[-63.23633,-17.38993],[-63.23634,-17.38994],[-63.23635,-17.38996],[-63.23635,-17.38997],[-63.23635,-17.38999],[-63.23635,-17.39],[-63.23634,-17.39001],[-63.23634,-17.39003],[-63.23633,-17.39004]]},"properties":{"name":"Arco [46431]:0","stroke-opacity":1,"stroke":"#0000fe","stroke-width":4}},
{"type":"Feature","geometry":{"type":"LineString","coordinates":[[-63.23642,-17.39011],[-63.23643,-17.3901],[-63.23644,-17.3901],[-63.23646,-17.39009],[-63.23647,-17.39009],[-63.23648,-17.39009],[-63.2365,-17.39009],[-63.23651,-17.39009],[-63.23653,-17.3901],[-63.23654,-17.39011]]},"properties":{"name":"Arco [46430]:0","stroke-opacity":1,"stroke":"#0000fe","stroke-width":4}},
{"type":"Feature","geometry":{"type":"LineString","coordinates":[[-63.23498,-17.38875],[-63.23632,-17.38992]]},"properties":{"name":"Línea [4642F]:0","stroke-opacity":1,"stroke":"#0000fe","stroke-width":4}},
{"type":"Feature","geometry":{"type":"LineString","coordinates":[[-63.23874,-17.39088],[-63.23875,-17.39089],[-63.23876,-17.39091],[-63.23877,-17.39093],[-63.23877,-17.39094],[-63.23877,-17.39096],[-63.23877,-17.39098],[-63.23877,-17.391],[-63.23876,-17.39102],[-63.23874,-17.39103]]},"properties":{"name":"Arco [4642E]:0","stroke-opacity":1,"stroke":"#00fefe","stroke-width":4}},
{"type":"Feature","geometry":{"type":"LineString","coordinates":[[-63.23879,-17.39107],[-63.23881,-17.39106],[-63.23883,-17.39105],[-63.23884,-17.39104],[-63.23886,-17.39104],[-63.23888,-17.39104],[-63.2389,-17.39104],[-63.23892,-17.39105],[-63.23894,-17.39106],[-63.23895,-17.39107]]},"properties":{"name":"Arco [4642D]:0","stroke-opacity":1,"stroke":"#00fefe","stroke-width":4}},
{"type":"Feature","geometry":{"type":"LineString","coordinates":[[-63.23871,-17.39091],[-63.23872,-17.39092],[-63.23873,-17.39093],[-63.23874,-17.39094],[-63.23874,-17.39096],[-63.23874,-17.39097],[-63.23874,-17.39098],[-63.23873,-17.391],[-63.23873,-17.39101],[-63.23872,-17.39102]]},"properties":{"name":"Arco [4642C]:0","stroke-opacity":1,"stroke":"#0000fe","stroke-width":4}},
{"type":"Feature","geometry":{"type":"LineString","coordinates":[[-63.23881,-17.3911],[-63.23882,-17.39109],[-63.23883,-17.39108],[-63.23885,-17.39108],[-63.23886,-17.39107],[-63.23887,-17.39107],[-63.23889,-17.39107],[-63.2389,-17.39108],[-63.23892,-17.39109],[-63.23893,-17.39109]]},"properties":{"name":"Arco [4642B]:0","stroke-opacity":1,"stroke":"#0000fe","stroke-width":4}},
{"type":"Feature","geometry":{"type":"LineString","coordinates":[[-63.23839,-17.3914],[-63.23837,-17.39141],[-63.23836,-17.39142],[-63.23834,-17.39143],[-63.23832,-17.39143],[-63.2383,-17.39144],[-63.23828,-17.39143],[-63.23826,-17.39143],[-63.23825,-17.39142],[-63.23823,-17.39141]]},"properties":{"name":"Arco [4642A]:0","stroke-opacity":1,"stroke":"#00fefe","stroke-width":4}},
{"type":"Feature","geometry":{"type":"LineString","coordinates":[[-63.23845,-17.3916],[-63.23843,-17.39158],[-63.23842,-17.39157],[-63.23841,-17.39155],[-63.23841,-17.39153],[-63.23841,-17.39151],[-63.23841,-17.39149],[-63.23842,-17.39147],[-63.23843,-17.39146],[-63.23844,-17.39144]]},"properties":{"name":"Arco [46429]:0","stroke-opacity":1,"stroke":"#00fefe","stroke-width":4}},
{"type":"Feature","geometry":{"type":"LineString","coordinates":[[-63.23845,-17.3916],[-63.23971,-17.39269]]},"properties":{"name":"Línea [46428]:0","stroke-opacity":1,"stroke":"#00fefe","stroke-width":4}},
{"type":"Feature","geometry":{"type":"LineString","coordinates":[[-63.23874,-17.39103],[-63.23839,-17.3914]]},"properties":{"name":"Línea [46427]:0","stroke-opacity":1,"stroke":"#00fefe","stroke-width":4}},
{"type":"Feature","geometry":{"type":"LineString","coordinates":[[-63.23879,-17.39107],[-63.23844,-17.39144]]},"properties":{"name":"Línea [46426]:0","stroke-opacity":1,"stroke":"#00fefe","stroke-width":4}},
{"type":"Feature","geometry":{"type":"LineString","coordinates":[[-63.23837,-17.39138],[-63.23836,-17.39139],[-63.23835,-17.3914],[-63.23833,-17.3914],[-63.23832,-17.3914],[-63.23831,-17.3914],[-63.23829,-17.3914],[-63.23828,-17.3914],[-63.23826,-17.39139],[-63.23825,-17.39138]]},"properties":{"name":"Arco [46425]:0","stroke-opacity":1,"stroke":"#0000fe","stroke-width":4}},
{"type":"Feature","geometry":{"type":"LineString","coordinates":[[-63.23847,-17.39157],[-63.23846,-17.39156],[-63.23845,-17.39155],[-63.23844,-17.39154],[-63.23844,-17.39152],[-63.23844,-17.39151],[-63.23844,-17.39149],[-63.23845,-17.39148],[-63.23845,-17.39147],[-63.23846,-17.39146]]},"properties":{"name":"Arco [46424]:0","stroke-opacity":1,"stroke":"#0000fe","stroke-width":4}},
{"type":"Feature","geometry":{"type":"LineString","coordinates":[[-63.23881,-17.3911],[-63.23846,-17.39146]]},"properties":{"name":"Línea [46423]:0","stroke-opacity":1,"stroke":"#0000fe","stroke-width":4}},
{"type":"Feature","geometry":{"type":"LineString","coordinates":[[-63.23872,-17.39102],[-63.23837,-17.39138]]},"properties":{"name":"Línea [46422]:0","stroke-opacity":1,"stroke":"#0000fe","stroke-width":4}},
{"type":"Feature","geometry":{"type":"LineString","coordinates":[[-63.23847,-17.39157],[-63.23973,-17.39267]]},"properties":{"name":"Línea [46412]:0","stroke-opacity":1,"stroke":"#0000fe","stroke-width":4}},
{"type":"Feature","geometry":{"type":"LineString","coordinates":[[-63.23813,-17.3915],[-63.23814,-17.39151],[-63.23815,-17.39152],[-63.23816,-17.39154],[-63.23816,-17.39155],[-63.23816,-17.39156],[-63.23816,-17.39158],[-63.23815,-17.39159],[-63.23815,-17.39161],[-63.23814,-17.39162]]},"properties":{"name":"Arco [4640D]:0","stroke-opacity":1,"stroke":"#0000fe","stroke-width":4}},
{"type":"Feature","geometry":{"type":"LineString","coordinates":[[-63.23654,-17.39011],[-63.23813,-17.3915]]},"properties":{"name":"Línea [4640C]:0","stroke-opacity":1,"stroke":"#0000fe","stroke-width":4}},
{"type":"Feature","geometry":{"type":"LineString","coordinates":[[-63.23821,-17.39167],[-63.23823,-17.39166],[-63.23825,-17.39165],[-63.23826,-17.39164],[-63.23828,-17.39164],[-63.2383,-17.39164],[-63.23832,-17.39164],[-63.23834,-17.39165],[-63.23836,-17.39165],[-63.23837,-17.39167]]},"properties":{"name":"Arco [4640B]:0","stroke-opacity":1,"stroke":"#00fefe","stroke-width":4}},
{"type":"Feature","geometry":{"type":"LineString","coordinates":[[-63.23816,-17.39148],[-63.23817,-17.39149],[-63.23818,-17.39151],[-63.23819,-17.39152],[-63.23819,-17.39154],[-63.23819,-17.39156],[-63.23819,-17.39158],[-63.23818,-17.3916],[-63.23817,-17.39162],[-63.23816,-17.39163]]},"properties":{"name":"Arco [4640A]:0","stroke-opacity":1,"stroke":"#00fefe","stroke-width":4}},
{"type":"Feature","geometry":{"type":"LineString","coordinates":[[-63.23837,-17.39167],[-63.23866,-17.39192]]},"properties":{"name":"Línea [46409]:0","stroke-opacity":1,"stroke":"#00fefe","stroke-width":4}},
{"type":"Feature","geometry":{"type":"LineString","coordinates":[[-63.23823,-17.39169],[-63.23824,-17.39168],[-63.23825,-17.39168],[-63.23827,-17.39167],[-63.23828,-17.39167],[-63.2383,-17.39167],[-63.23831,-17.39167],[-63.23833,-17.39167],[-63.23834,-17.39168],[-63.23835,-17.39169]]},"properties":{"name":"Arco [46404]:0","stroke-opacity":1,"stroke":"#0000fe","stroke-width":4}},
{"type":"Feature","geometry":{"type":"LineString","coordinates":[[-63.23864,-17.39194],[-63.23865,-17.39195],[-63.23866,-17.39197],[-63.23867,-17.39198],[-63.23867,-17.39199],[-63.23867,-17.39201],[-63.23867,-17.39202],[-63.23866,-17.39204],[-63.23866,-17.39205],[-63.23865,-17.39206]]},"properties":{"name":"Arco [46403]:0","stroke-opacity":1,"stroke":"#0000fe","stroke-width":4}},
{"type":"Feature","geometry":{"type":"LineString","coordinates":[[-63.23835,-17.39169],[-63.23864,-17.39194]]},"properties":{"name":"Línea [46402]:0","stroke-opacity":1,"stroke":"#0000fe","stroke-width":4}},
{"type":"Feature","geometry":{"type":"LineString","coordinates":[[-63.23874,-17.39214],[-63.23875,-17.39213],[-63.23876,-17.39212],[-63.23878,-17.39211],[-63.23879,-17.39211],[-63.23881,-17.39211],[-63.23882,-17.39211],[-63.23883,-17.39212],[-63.23885,-17.39212],[-63.23886,-17.39213]]},"properties":{"name":"Arco [46401]:0","stroke-opacity":1,"stroke":"#0000fe","stroke-width":4}},
{"type":"Feature","geometry":{"type":"LineString","coordinates":[[-63.23915,-17.39239],[-63.23916,-17.3924],[-63.23917,-17.39241],[-63.23917,-17.39242],[-63.23918,-17.39244],[-63.23918,-17.39245],[-63.23918,-17.39247],[-63.23917,-17.39248],[-63.23917,-17.39249],[-63.23916,-17.3925]]},"properties":{"name":"Arco [46400]:0","stroke-opacity":1,"stroke":"#0000fe","stroke-width":4}},
{"type":"Feature","geometry":{"type":"LineString","coordinates":[[-63.23886,-17.39213],[-63.23915,-17.39239]]},"properties":{"name":"Línea [463FF]:0","stroke-opacity":1,"stroke":"#0000fe","stroke-width":4}},
{"type":"Feature","geometry":{"type":"LineString","coordinates":[[-63.23866,-17.39192],[-63.23868,-17.39193],[-63.23869,-17.39195],[-63.2387,-17.39197],[-63.2387,-17.39199],[-63.2387,-17.39201],[-63.2387,-17.39202],[-63.23869,-17.39204],[-63.23868,-17.39206],[-63.23867,-17.39207]]},"properties":{"name":"Arco [463F0]:0","stroke-opacity":1,"stroke":"#00fefe","stroke-width":4}},
{"type":"Feature","geometry":{"type":"LineString","coordinates":[[-63.23872,-17.39211],[-63.23874,-17.3921],[-63.23875,-17.39209],[-63.23877,-17.39209],[-63.23879,-17.39208],[-63.23881,-17.39208],[-63.23883,-17.39208],[-63.23885,-17.39209],[-63.23886,-17.3921],[-63.23888,-17.39211]]},"properties":{"name":"Arco [463EF]:0","stroke-opacity":1,"stroke":"#00fefe","stroke-width":4}},
{"type":"Feature","geometry":{"type":"LineString","coordinates":[[-63.23917,-17.39236],[-63.23919,-17.39238],[-63.2392,-17.39239],[-63.23921,-17.39241],[-63.23921,-17.39243],[-63.23921,-17.39245],[-63.23921,-17.39247],[-63.2392,-17.39249],[-63.23919,-17.3925],[-63.23918,-17.39252]]},"properties":{"name":"Arco [463EE]:0","stroke-opacity":1,"stroke":"#00fefe","stroke-width":4}},
{"type":"Feature","geometry":{"type":"LineString","coordinates":[[-63.23923,-17.39256],[-63.23925,-17.39255],[-63.23926,-17.39254],[-63.23928,-17.39253],[-63.2393,-17.39252],[-63.23932,-17.39252],[-63.23934,-17.39253],[-63.23936,-17.39253],[-63.23937,-17.39254],[-63.23939,-17.39255]]},"properties":{"name":"Arco [463ED]:0","stroke-opacity":1,"stroke":"#00fefe","stroke-width":4}},
{"type":"Feature","geometry":{"type":"LineString","coordinates":[[-63.23888,-17.39211],[-63.23917,-17.39236]]},"properties":{"name":"Línea [463EC]:0","stroke-opacity":1,"stroke":"#00fefe","stroke-width":4}},
{"type":"Feature","geometry":{"type":"LineString","coordinates":[[-63.23939,-17.39255],[-63.23964,-17.39277]]},"properties":{"name":"Línea [463EB]:0","stroke-opacity":1,"stroke":"#00fefe","stroke-width":4}},
{"type":"Feature","geometry":{"type":"LineString","coordinates":[[-63.23987,-17.39269],[-63.23985,-17.3927],[-63.23983,-17.39271],[-63.23982,-17.39272],[-63.2398,-17.39272],[-63.23978,-17.39272],[-63.23976,-17.39272],[-63.23974,-17.39271],[-63.23972,-17.3927],[-63.23971,-17.39269]]},"properties":{"name":"Arco [463EA]:0","stroke-opacity":1,"stroke":"#00fefe","stroke-width":4}},
{"type":"Feature","geometry":{"type":"LineString","coordinates":[[-63.23964,-17.39277],[-63.23965,-17.39278],[-63.23966,-17.3928],[-63.23967,-17.39281],[-63.23967,-17.39283],[-63.23967,-17.39285],[-63.23967,-17.39287],[-63.23966,-17.39289],[-63.23966,-17.3929],[-63.23964,-17.39292]]},"properties":{"name":"Arco [463E9]:0","stroke-opacity":1,"stroke":"#00fefe","stroke-width":4}},
{"type":"Feature","geometry":{"type":"LineString","coordinates":[[-63.22878,-17.38317],[-63.2302,-17.38441]]},"properties":{"name":"Línea [463CC]:0","stroke-opacity":1,"stroke":"#00fefe","stroke-width":4}},
{"type":"Feature","geometry":{"type":"LineString","coordinates":[[-63.23925,-17.39258],[-63.23926,-17.39257],[-63.23927,-17.39256],[-63.23929,-17.39256],[-63.2393,-17.39255],[-63.23931,-17.39255],[-63.23933,-17.39256],[-63.23934,-17.39256],[-63.23936,-17.39257],[-63.23937,-17.39258]]},"properties":{"name":"Arco [463A8]:0","stroke-opacity":1,"stroke":"#0000fe","stroke-width":4}},
{"type":"Feature","geometry":{"type":"LineString","coordinates":[[-63.23961,-17.39279],[-63.23962,-17.3928],[-63.23963,-17.39281],[-63.23964,-17.39283],[-63.23964,-17.39284],[-63.23964,-17.39285],[-63.23964,-17.39287],[-63.23964,-17.39288],[-63.23963,-17.39289],[-63.23962,-17.39291]]},"properties":{"name":"Arco [463A7]:0","stroke-opacity":1,"stroke":"#0000fe","stroke-width":4}},
{"type":"Feature","geometry":{"type":"LineString","coordinates":[[-63.22881,-17.38315],[-63.23022,-17.38439]]},"properties":{"name":"Línea [4639C]:0","stroke-opacity":1,"stroke":"#0000fe","stroke-width":4}},
{"type":"Feature","geometry":{"type":"LineString","coordinates":[[-63.23937,-17.39258],[-63.23961,-17.39279]]},"properties":{"name":"Línea [4639B]:0","stroke-opacity":1,"stroke":"#0000fe","stroke-width":4}},
{"type":"Feature","geometry":{"type":"LineString","coordinates":[[-63.23099,-17.38661],[-63.23078,-17.38682]]},"properties":{"name":"Línea [46305]:0","stroke-opacity":1,"stroke":"#0000fe","stroke-width":4}},
{"type":"Feature","geometry":{"type":"LineString","coordinates":[[-63.23117,-17.38643],[-63.23099,-17.38661]]},"properties":{"name":"Línea [462AC]:0","stroke-opacity":1,"stroke":"#0000fe","stroke-width":4}},
{"type":"Feature","geometry":{"type":"LineString","coordinates":[[-63.23159,-17.38641],[-63.23137,-17.38623]]},"properties":{"name":"Línea [461E4]:0","stroke-opacity":1,"stroke":"#0000fe","stroke-width":4}},
{"type":"Feature","geometry":{"type":"LineString","coordinates":[[-63.2317,-17.38589],[-63.23126,-17.38634]]},"properties":{"name":"Línea [461E1]:0","stroke-opacity":1,"stroke":"#0000fe","stroke-width":4}},
{"type":"Feature","geometry":{"type":"LineString","coordinates":[[-63.23916,-17.39289],[-63.23941,-17.39262]]},"properties":{"name":"Línea [44C67]:0","stroke-opacity":1,"stroke":"#0000fe","stroke-width":4}},
{"type":"Feature","geometry":{"type":"LineString","coordinates":[[-63.23931,-17.39302],[-63.23957,-17.39275]]},"properties":{"name":"Línea [44C66]:0","stroke-opacity":1,"stroke":"#0000fe","stroke-width":4}},
{"type":"Feature","geometry":{"type":"LineString","coordinates":[[-63.23791,-17.39433],[-63.23949,-17.39268]]},"properties":{"name":"Línea [44C29]:0","stroke-opacity":1,"stroke":"#0000fe","stroke-width":4}},
{"type":"Feature","geometry":{"type":"MultiLineString","coordinates":[[[-63.24018,-17.39219],[-63.24025,-17.39224]],[[-63.24025,-17.39224],[-63.24019,-17.3923]]]},"properties":{"name":"Polilínea [44B8B]:0","stroke-opacity":1,"stroke":"#0000fe","stroke-width":4}},
{"type":"Feature","geometry":{"type":"MultiLineString","coordinates":[[[-63.23675,-17.39322],[-63.2367,-17.39327]],[[-63.2367,-17.39327],[-63.23675,-17.39331]]]},"properties":{"name":"Polilínea [44B82]:0","stroke-opacity":1,"stroke":"#0000fe","stroke-width":4}},
{"type":"Feature","geometry":{"type":"MultiLineString","coordinates":[[[-63.23716,-17.39359],[-63.23712,-17.39363]],[[-63.23712,-17.39363],[-63.23707,-17.39359]]]},"properties":{"name":"Polilínea [44B81]:0","stroke-opacity":1,"stroke":"#0000fe","stroke-width":4}},
{"type":"Feature","geometry":{"type":"MultiLineString","coordinates":[[[-63.23726,-17.39376],[-63.23721,-17.39371]],[[-63.23721,-17.39371],[-63.23725,-17.39367]]]},"properties":{"name":"Polilínea [44B80]:0","stroke-opacity":1,"stroke":"#0000fe","stroke-width":4}},
{"type":"Feature","geometry":{"type":"MultiLineString","coordinates":[[[-63.23767,-17.39403],[-63.23763,-17.39408]],[[-63.23763,-17.39408],[-63.23758,-17.39404]]]},"properties":{"name":"Polilínea [44B7F]:0","stroke-opacity":1,"stroke":"#0000fe","stroke-width":4}},
{"type":"Feature","geometry":{"type":"MultiLineString","coordinates":[[[-63.23776,-17.39411],[-63.23772,-17.39416]],[[-63.23772,-17.39416],[-63.23777,-17.3942]]]},"properties":{"name":"Polilínea [44B7E]:0","stroke-opacity":1,"stroke":"#0000fe","stroke-width":4}},
{"type":"Feature","geometry":{"type":"MultiLineString","coordinates":[[[-63.23815,-17.39445],[-63.23811,-17.3945]],[[-63.23811,-17.3945],[-63.23806,-17.39446]]]},"properties":{"name":"Polilínea [44B7D]:0","stroke-opacity":1,"stroke":"#0000fe","stroke-width":4}},
{"type":"Feature","geometry":{"type":"LineString","coordinates":[[-63.23714,-17.38938],[-63.23715,-17.38938],[-63.23716,-17.38938]]},"properties":{"name":"Arco [44720]:0","stroke-opacity":1,"stroke":"#00fefe","stroke-width":4}},
{"type":"Feature","geometry":{"type":"LineString","coordinates":[[-63.23714,-17.3894],[-63.23714,-17.38939],[-63.23714,-17.38938]]},"properties":{"name":"Arco [4471F]:0","stroke-opacity":1,"stroke":"#00fefe","stroke-width":4}},
{"type":"Feature","geometry":{"type":"LineString","coordinates":[[-63.23886,-17.39088],[-63.23885,-17.39088],[-63.23884,-17.39088]]},"properties":{"name":"Arco [4471D]:0","stroke-opacity":1,"stroke":"#00fefe","stroke-width":4}},
{"type":"Feature","geometry":{"type":"LineString","coordinates":[[-63.23885,-17.39086],[-63.23886,-17.39086],[-63.23886,-17.39087],[-63.23886,-17.39088]]},"properties":{"name":"Arco [4471C]:0","stroke-opacity":1,"stroke":"#00fefe","stroke-width":4}},
{"type":"Feature","geometry":{"type":"LineString","coordinates":[[-63.23693,-17.3893],[-63.23694,-17.38932],[-63.23695,-17.38933],[-63.23696,-17.38935],[-63.23697,-17.38937],[-63.23697,-17.38939],[-63.23696,-17.38941],[-63.23696,-17.38943],[-63.23695,-17.38944],[-63.23694,-17.38946]]},"properties":{"name":"Arco [44718]:0","stroke-opacity":1,"stroke":"#00fefe","stroke-width":4}},
{"type":"Feature","geometry":{"type":"LineString","coordinates":[[-63.23699,-17.3895],[-63.237,-17.38949],[-63.23702,-17.38948],[-63.23704,-17.38947],[-63.23706,-17.38946],[-63.23708,-17.38946],[-63.23709,-17.38947],[-63.23711,-17.38947],[-63.23713,-17.38948],[-63.23715,-17.38949]]},"properties":{"name":"Arco [44717]:0","stroke-opacity":1,"stroke":"#00fefe","stroke-width":4}},
{"type":"Feature","geometry":{"type":"LineString","coordinates":[[-63.23716,-17.38938],[-63.23885,-17.39086]]},"properties":{"name":"Línea [44716]:0","stroke-opacity":1,"stroke":"#00fefe","stroke-width":4}},
{"type":"Feature","geometry":{"type":"LineString","coordinates":[[-63.23714,-17.3894],[-63.23884,-17.39088]]},"properties":{"name":"Línea [44715]:0","stroke-opacity":1,"stroke":"#00fefe","stroke-width":4}},
{"type":"Feature","geometry":{"type":"LineString","coordinates":[[-63.23715,-17.38949],[-63.23874,-17.39088]]},"properties":{"name":"Línea [44714]:0","stroke-opacity":1,"stroke":"#00fefe","stroke-width":4}},
{"type":"Feature","geometry":{"type":"LineString","coordinates":[[-63.24014,-17.39215],[-63.23968,-17.39263]]},"properties":{"name":"Línea [44713]:0","stroke-opacity":1,"stroke":"#0000fe","stroke-width":4}},
{"type":"Feature","geometry":{"type":"LineString","coordinates":[[-63.24006,-17.39208],[-63.23959,-17.39255]]},"properties":{"name":"Línea [44712]:0","stroke-opacity":1,"stroke":"#0000fe","stroke-width":4}},
{"type":"Feature","geometry":{"type":"LineString","coordinates":[[-63.23998,-17.39201],[-63.23951,-17.39248]]},"properties":{"name":"Línea [44711]:0","stroke-opacity":1,"stroke":"#0000fe","stroke-width":4}},
{"type":"Feature","geometry":{"type":"LineString","coordinates":[[-63.23989,-17.39193],[-63.23943,-17.39241]]},"properties":{"name":"Línea [44710]:0","stroke-opacity":1,"stroke":"#0000fe","stroke-width":4}},
{"type":"Feature","geometry":{"type":"LineString","coordinates":[[-63.23964,-17.39172],[-63.23918,-17.39219]]},"properties":{"name":"Línea [4470F]:0","stroke-opacity":1,"stroke":"#0000fe","stroke-width":4}},
{"type":"Feature","geometry":{"type":"LineString","coordinates":[[-63.23973,-17.39179],[-63.23926,-17.39226]]},"properties":{"name":"Línea [4470E]:0","stroke-opacity":1,"stroke":"#0000fe","stroke-width":4}},
{"type":"Feature","geometry":{"type":"LineString","coordinates":[[-63.23981,-17.39186],[-63.23934,-17.39233]]},"properties":{"name":"Línea [4470D]:0","stroke-opacity":1,"stroke":"#0000fe","stroke-width":4}},
{"type":"Feature","geometry":{"type":"LineString","coordinates":[[-63.23897,-17.39113],[-63.23851,-17.39161]]},"properties":{"name":"Línea [446FE]:0","stroke-opacity":1,"stroke":"#0000fe","stroke-width":4}},
{"type":"Feature","geometry":{"type":"LineString","coordinates":[[-63.23906,-17.39121],[-63.23859,-17.39168]]},"properties":{"name":"Línea [446FD]:0","stroke-opacity":1,"stroke":"#0000fe","stroke-width":4}},
{"type":"Feature","geometry":{"type":"LineString","coordinates":[[-63.23914,-17.39128],[-63.23867,-17.39175]]},"properties":{"name":"Línea [446FC]:0","stroke-opacity":1,"stroke":"#0000fe","stroke-width":4}},
{"type":"Feature","geometry":{"type":"LineString","coordinates":[[-63.23922,-17.39135],[-63.23876,-17.39182]]},"properties":{"name":"Línea [446FB]:0","stroke-opacity":1,"stroke":"#0000fe","stroke-width":4}},
{"type":"Feature","geometry":{"type":"LineString","coordinates":[[-63.23931,-17.39142],[-63.23884,-17.3919]]},"properties":{"name":"Línea [446FA]:0","stroke-opacity":1,"stroke":"#0000fe","stroke-width":4}},
{"type":"Feature","geometry":{"type":"LineString","coordinates":[[-63.23939,-17.3915],[-63.23892,-17.39197]]},"properties":{"name":"Línea [446F9]:0","stroke-opacity":1,"stroke":"#0000fe","stroke-width":4}},
{"type":"Feature","geometry":{"type":"LineString","coordinates":[[-63.23947,-17.39157],[-63.23901,-17.39204]]},"properties":{"name":"Línea [446F8]:0","stroke-opacity":1,"stroke":"#0000fe","stroke-width":4}},
{"type":"Feature","geometry":{"type":"LineString","coordinates":[[-63.23956,-17.39164],[-63.23909,-17.39212]]},"properties":{"name":"Línea [446F7]:0","stroke-opacity":1,"stroke":"#0000fe","stroke-width":4}},
{"type":"Feature","geometry":{"type":"LineString","coordinates":[[-63.23865,-17.39126],[-63.24003,-17.39247]]},"properties":{"name":"Línea [446F6]:0","stroke-opacity":1,"stroke":"#0000fe","stroke-width":4}},
{"type":"Feature","geometry":{"type":"LineString","coordinates":[[-63.23841,-17.39174],[-63.23816,-17.39201]]},"properties":{"name":"Línea [446E7]:0","stroke-opacity":1,"stroke":"#0000fe","stroke-width":4}},
{"type":"Feature","geometry":{"type":"LineString","coordinates":[[-63.23858,-17.39189],[-63.23832,-17.39216]]},"properties":{"name":"Línea [446E6]:0","stroke-opacity":1,"stroke":"#0000fe","stroke-width":4}},
{"type":"Feature","geometry":{"type":"LineString","coordinates":[[-63.23892,-17.39219],[-63.23866,-17.39245]]},"properties":{"name":"Línea [446E5]:0","stroke-opacity":1,"stroke":"#0000fe","stroke-width":4}},
{"type":"Feature","geometry":{"type":"LineString","coordinates":[[-63.23909,-17.39233],[-63.23883,-17.3926]]},"properties":{"name":"Línea [446E4]:0","stroke-opacity":1,"stroke":"#0000fe","stroke-width":4}},
{"type":"Feature","geometry":{"type":"LineString","coordinates":[[-63.23818,-17.3935],[-63.23798,-17.39332]]},"properties":{"name":"Línea [446A9]:0","stroke-opacity":1,"stroke":"#0000fe","stroke-width":4}},
{"type":"Feature","geometry":{"type":"LineString","coordinates":[[-63.23811,-17.39358],[-63.2379,-17.3934]]},"properties":{"name":"Línea [446A8]:0","stroke-opacity":1,"stroke":"#0000fe","stroke-width":4}},
{"type":"Feature","geometry":{"type":"LineString","coordinates":[[-63.23803,-17.39366],[-63.23782,-17.39348]]},"properties":{"name":"Línea [446A7]:0","stroke-opacity":1,"stroke":"#0000fe","stroke-width":4}},
{"type":"Feature","geometry":{"type":"LineString","coordinates":[[-63.23795,-17.39374],[-63.23754,-17.39338]]},"properties":{"name":"Línea [446A6]:0","stroke-opacity":1,"stroke":"#0000fe","stroke-width":4}},
{"type":"Feature","geometry":{"type":"LineString","coordinates":[[-63.23788,-17.39382],[-63.23746,-17.39345]]},"properties":{"name":"Línea [446A5]:0","stroke-opacity":1,"stroke":"#0000fe","stroke-width":4}},
{"type":"Feature","geometry":{"type":"LineString","coordinates":[[-63.2378,-17.3939],[-63.23738,-17.39353]]},"properties":{"name":"Línea [446A4]:0","stroke-opacity":1,"stroke":"#0000fe","stroke-width":4}},
{"type":"Feature","geometry":{"type":"LineString","coordinates":[[-63.23772,-17.39398],[-63.2373,-17.39361]]},"properties":{"name":"Línea [446A3]:0","stroke-opacity":1,"stroke":"#0000fe","stroke-width":4}},
{"type":"Feature","geometry":{"type":"LineString","coordinates":[[-63.23721,-17.39353],[-63.2368,-17.39317]]},"properties":{"name":"Línea [446A2]:0","stroke-opacity":1,"stroke":"#0000fe","stroke-width":4}},
{"type":"Feature","geometry":{"type":"LineString","coordinates":[[-63.23729,-17.39345],[-63.23687,-17.39309]]},"properties":{"name":"Línea [446A1]:0","stroke-opacity":1,"stroke":"#0000fe","stroke-width":4}},
{"type":"Feature","geometry":{"type":"LineString","coordinates":[[-63.23747,-17.39288],[-63.23726,-17.39269]]},"properties":{"name":"Línea [446A0]:0","stroke-opacity":1,"stroke":"#0000fe","stroke-width":4}},
{"type":"Feature","geometry":{"type":"LineString","coordinates":[[-63.23739,-17.39295],[-63.23718,-17.39277]]},"properties":{"name":"Línea [4469F]:0","stroke-opacity":1,"stroke":"#0000fe","stroke-width":4}},
{"type":"Feature","geometry":{"type":"LineString","coordinates":[[-63.23731,-17.39303],[-63.2371,-17.39285]]},"properties":{"name":"Línea [4469E]:0","stroke-opacity":1,"stroke":"#0000fe","stroke-width":4}},
{"type":"Feature","geometry":{"type":"LineString","coordinates":[[-63.23745,-17.3933],[-63.23703,-17.39293]]},"properties":{"name":"Línea [4469D]:0","stroke-opacity":1,"stroke":"#0000fe","stroke-width":4}},
{"type":"Feature","geometry":{"type":"LineString","coordinates":[[-63.23737,-17.39338],[-63.23695,-17.39301]]},"properties":{"name":"Línea [4469C]:0","stroke-opacity":1,"stroke":"#0000fe","stroke-width":4}},
{"type":"Feature","geometry":{"type":"LineString","coordinates":[[-63.23845,-17.39226],[-63.23803,-17.3919]]},"properties":{"name":"Línea [4469B]:0","stroke-opacity":1,"stroke":"#0000fe","stroke-width":4}},
{"type":"Feature","geometry":{"type":"LineString","coordinates":[[-63.23837,-17.39234],[-63.23795,-17.39198]]},"properties":{"name":"Línea [4469A]:0","stroke-opacity":1,"stroke":"#0000fe","stroke-width":4}},
{"type":"Feature","geometry":{"type":"LineString","coordinates":[[-63.23829,-17.39242],[-63.23787,-17.39205]]},"properties":{"name":"Línea [44699]:0","stroke-opacity":1,"stroke":"#0000fe","stroke-width":4}},
{"type":"Feature","geometry":{"type":"LineString","coordinates":[[-63.23822,-17.3925],[-63.23779,-17.39213]]},"properties":{"name":"Línea [44698]:0","stroke-opacity":1,"stroke":"#0000fe","stroke-width":4}},
{"type":"Feature","geometry":{"type":"LineString","coordinates":[[-63.23793,-17.3924],[-63.23772,-17.39221]]},"properties":{"name":"Línea [44697]:0","stroke-opacity":1,"stroke":"#0000fe","stroke-width":4}},
{"type":"Feature","geometry":{"type":"LineString","coordinates":[[-63.23785,-17.39248],[-63.23764,-17.39229]]},"properties":{"name":"Línea [44696]:0","stroke-opacity":1,"stroke":"#0000fe","stroke-width":4}},
{"type":"Feature","geometry":{"type":"LineString","coordinates":[[-63.23778,-17.39256],[-63.23756,-17.39237]]},"properties":{"name":"Línea [44695]:0","stroke-opacity":1,"stroke":"#0000fe","stroke-width":4}},
{"type":"Feature","geometry":{"type":"LineString","coordinates":[[-63.2377,-17.39264],[-63.23749,-17.39245]]},"properties":{"name":"Línea [44694]:0","stroke-opacity":1,"stroke":"#0000fe","stroke-width":4}},
{"type":"Feature","geometry":{"type":"LineString","coordinates":[[-63.23762,-17.39272],[-63.23741,-17.39253]]},"properties":{"name":"Línea [44693]:0","stroke-opacity":1,"stroke":"#0000fe","stroke-width":4}},
{"type":"Feature","geometry":{"type":"LineString","coordinates":[[-63.23755,-17.3928],[-63.23733,-17.39261]]},"properties":{"name":"Línea [44692]:0","stroke-opacity":1,"stroke":"#0000fe","stroke-width":4}},
{"type":"Feature","geometry":{"type":"LineString","coordinates":[[-63.23826,-17.39342],[-63.23805,-17.39324]]},"properties":{"name":"Línea [44691]:0","stroke-opacity":1,"stroke":"#0000fe","stroke-width":4}},
{"type":"Feature","geometry":{"type":"LineString","coordinates":[[-63.23842,-17.39326],[-63.23821,-17.39308]]},"properties":{"name":"Línea [44690]:0","stroke-opacity":1,"stroke":"#0000fe","stroke-width":4}},
{"type":"Feature","geometry":{"type":"LineString","coordinates":[[-63.23834,-17.39334],[-63.23813,-17.39316]]},"properties":{"name":"Línea [4468F]:0","stroke-opacity":1,"stroke":"#0000fe","stroke-width":4}},
{"type":"Feature","geometry":{"type":"LineString","coordinates":[[-63.23857,-17.39311],[-63.23836,-17.39292]]},"properties":{"name":"Línea [4468E]:0","stroke-opacity":1,"stroke":"#0000fe","stroke-width":4}},
{"type":"Feature","geometry":{"type":"LineString","coordinates":[[-63.23849,-17.39319],[-63.23828,-17.393]]},"properties":{"name":"Línea [4468D]:0","stroke-opacity":1,"stroke":"#0000fe","stroke-width":4}},
{"type":"Feature","geometry":{"type":"LineString","coordinates":[[-63.23865,-17.39303],[-63.23844,-17.39284]]},"properties":{"name":"Línea [4468C]:0","stroke-opacity":1,"stroke":"#0000fe","stroke-width":4}},
{"type":"Feature","geometry":{"type":"LineString","coordinates":[[-63.23872,-17.39295],[-63.23831,-17.39258]]},"properties":{"name":"Línea [4468B]:0","stroke-opacity":1,"stroke":"#0000fe","stroke-width":4}},
{"type":"Feature","geometry":{"type":"LineString","coordinates":[[-63.2388,-17.39287],[-63.23838,-17.3925]]},"properties":{"name":"Línea [4468A]:0","stroke-opacity":1,"stroke":"#0000fe","stroke-width":4}},
{"type":"Feature","geometry":{"type":"LineString","coordinates":[[-63.23888,-17.39279],[-63.23846,-17.39242]]},"properties":{"name":"Línea [44689]:0","stroke-opacity":1,"stroke":"#0000fe","stroke-width":4}},
{"type":"Feature","geometry":{"type":"LineString","coordinates":[[-63.23896,-17.39271],[-63.23854,-17.39234]]},"properties":{"name":"Línea [44688]:0","stroke-opacity":1,"stroke":"#0000fe","stroke-width":4}},
{"type":"Feature","geometry":{"type":"LineString","coordinates":[[-63.23942,-17.39312],[-63.23905,-17.39279]]},"properties":{"name":"Línea [44679]:0","stroke-opacity":1,"stroke":"#0000fe","stroke-width":4}},
{"type":"Feature","geometry":{"type":"LineString","coordinates":[[-63.23934,-17.3932],[-63.23897,-17.39287]]},"properties":{"name":"Línea [44678]:0","stroke-opacity":1,"stroke":"#0000fe","stroke-width":4}},
{"type":"Feature","geometry":{"type":"LineString","coordinates":[[-63.23927,-17.39328],[-63.23889,-17.39295]]},"properties":{"name":"Línea [44677]:0","stroke-opacity":1,"stroke":"#0000fe","stroke-width":4}},
{"type":"Feature","geometry":{"type":"LineString","coordinates":[[-63.23919,-17.39336],[-63.23881,-17.39303]]},"properties":{"name":"Línea [44676]:0","stroke-opacity":1,"stroke":"#0000fe","stroke-width":4}},
{"type":"Feature","geometry":{"type":"LineString","coordinates":[[-63.23912,-17.39344],[-63.23874,-17.39311]]},"properties":{"name":"Línea [44675]:0","stroke-opacity":1,"stroke":"#0000fe","stroke-width":4}},
{"type":"Feature","geometry":{"type":"LineString","coordinates":[[-63.23904,-17.39352],[-63.23866,-17.39319]]},"properties":{"name":"Línea [44674]:0","stroke-opacity":1,"stroke":"#0000fe","stroke-width":4}},
{"type":"Feature","geometry":{"type":"LineString","coordinates":[[-63.23896,-17.3936],[-63.23858,-17.39326]]},"properties":{"name":"Línea [44673]:0","stroke-opacity":1,"stroke":"#0000fe","stroke-width":4}},
{"type":"Feature","geometry":{"type":"LineString","coordinates":[[-63.23889,-17.39368],[-63.23851,-17.39334]]},"properties":{"name":"Línea [44672]:0","stroke-opacity":1,"stroke":"#0000fe","stroke-width":4}},
{"type":"Feature","geometry":{"type":"LineString","coordinates":[[-63.23881,-17.39376],[-63.23843,-17.39342]]},"properties":{"name":"Línea [44671]:0","stroke-opacity":1,"stroke":"#0000fe","stroke-width":4}},
{"type":"Feature","geometry":{"type":"LineString","coordinates":[[-63.23873,-17.39384],[-63.23835,-17.3935]]},"properties":{"name":"Línea [44670]:0","stroke-opacity":1,"stroke":"#0000fe","stroke-width":4}},
{"type":"Feature","geometry":{"type":"LineString","coordinates":[[-63.23866,-17.39392],[-63.23828,-17.39358]]},"properties":{"name":"Línea [4466F]:0","stroke-opacity":1,"stroke":"#0000fe","stroke-width":4}},
{"type":"Feature","geometry":{"type":"LineString","coordinates":[[-63.23858,-17.394],[-63.2382,-17.39366]]},"properties":{"name":"Línea [4466E]:0","stroke-opacity":1,"stroke":"#0000fe","stroke-width":4}},
{"type":"Feature","geometry":{"type":"LineString","coordinates":[[-63.23851,-17.39408],[-63.23812,-17.39374]]},"properties":{"name":"Línea [4466D]:0","stroke-opacity":1,"stroke":"#0000fe","stroke-width":4}},
{"type":"Feature","geometry":{"type":"LineString","coordinates":[[-63.23843,-17.39416],[-63.23804,-17.39382]]},"properties":{"name":"Línea [4466C]:0","stroke-opacity":1,"stroke":"#0000fe","stroke-width":4}},
{"type":"Feature","geometry":{"type":"LineString","coordinates":[[-63.23835,-17.39424],[-63.23797,-17.3939]]},"properties":{"name":"Línea [4466B]:0","stroke-opacity":1,"stroke":"#0000fe","stroke-width":4}},
{"type":"Feature","geometry":{"type":"LineString","coordinates":[[-63.23828,-17.39432],[-63.23789,-17.39398]]},"properties":{"name":"Línea [4466A]:0","stroke-opacity":1,"stroke":"#0000fe","stroke-width":4}},
{"type":"Feature","geometry":{"type":"LineString","coordinates":[[-63.2382,-17.3944],[-63.23781,-17.39406]]},"properties":{"name":"Línea [44669]:0","stroke-opacity":1,"stroke":"#0000fe","stroke-width":4}},
{"type":"Feature","geometry":{"type":"LineString","coordinates":[[-63.2385,-17.39182],[-63.23691,-17.39345]]},"properties":{"name":"Línea [4464E]:0","stroke-opacity":1,"stroke":"#0000fe","stroke-width":4}},
{"type":"Feature","geometry":{"type":"LineString","coordinates":[[-63.23901,-17.39226],[-63.23742,-17.3939]]},"properties":{"name":"Línea [4464D]:0","stroke-opacity":1,"stroke":"#0000fe","stroke-width":4}},
{"type":"Feature","geometry":{"type":"LineString","coordinates":[[-63.24048,-17.39204],[-63.24046,-17.39205],[-63.24045,-17.39206],[-63.24043,-17.39207],[-63.24041,-17.39208],[-63.24039,-17.39208],[-63.24037,-17.39207],[-63.24035,-17.39207],[-63.24033,-17.39206],[-63.24032,-17.39205]]},"properties":{"name":"Arco [445DB]:0","stroke-opacity":1,"stroke":"#00fefe","stroke-width":4}},
{"type":"Feature","geometry":{"type":"LineString","coordinates":[[-63.2405,-17.39202],[-63.24048,-17.39204]]},"properties":{"name":"Línea [445C5]:0","stroke-opacity":1,"stroke":"#00fefe","stroke-width":4}},
{"type":"Feature","geometry":{"type":"LineString","coordinates":[[-63.24046,-17.39202],[-63.24045,-17.39203],[-63.24044,-17.39203],[-63.24043,-17.39204],[-63.24041,-17.39204],[-63.2404,-17.39204],[-63.24038,-17.39204],[-63.24037,-17.39204],[-63.24035,-17.39203],[-63.24034,-17.39202]]},"properties":{"name":"Arco [445C4]:0","stroke-opacity":1,"stroke":"#0000fe","stroke-width":4}},
{"type":"Feature","geometry":{"type":"LineString","coordinates":[[-63.2405,-17.39198],[-63.24046,-17.39202]]},"properties":{"name":"Línea [445C2]:0","stroke-opacity":1,"stroke":"#0000fe","stroke-width":4}},
{"type":"Feature","geometry":{"type":"LineString","coordinates":[[-63.24021,-17.39216],[-63.24022,-17.39218],[-63.24023,-17.39219],[-63.24024,-17.39221],[-63.24025,-17.39223],[-63.24025,-17.39225],[-63.24024,-17.39227],[-63.24024,-17.39228],[-63.24023,-17.3923],[-63.24022,-17.39232]]},"properties":{"name":"Arco [445C1]:0","stroke-opacity":1,"stroke":"#00fefe","stroke-width":4}},
{"type":"Feature","geometry":{"type":"LineString","coordinates":[[-63.23664,-17.39333],[-63.23663,-17.39332],[-63.23662,-17.39331],[-63.23661,-17.3933],[-63.23661,-17.39328],[-63.23661,-17.39326],[-63.23661,-17.39325],[-63.23661,-17.39323],[-63.23662,-17.39322],[-63.23663,-17.39321]]},"properties":{"name":"Arco [445C0]:0","stroke-opacity":1,"stroke":"#00fefe","stroke-width":4}},
{"type":"Feature","geometry":{"type":"LineString","coordinates":[[-63.23818,-17.39456],[-63.23817,-17.39457],[-63.23815,-17.39458],[-63.23814,-17.39459],[-63.23812,-17.39459],[-63.2381,-17.39459],[-63.23809,-17.39459],[-63.23807,-17.39458],[-63.23806,-17.39458],[-63.23804,-17.39457]]},"properties":{"name":"Arco [445BD]:0","stroke-opacity":1,"stroke":"#00fefe","stroke-width":4}},
{"type":"Feature","geometry":{"type":"LineString","coordinates":[[-63.23769,-17.39405],[-63.23768,-17.39406],[-63.23767,-17.39407],[-63.23765,-17.39408],[-63.23763,-17.39408],[-63.23762,-17.39408],[-63.2376,-17.39408],[-63.23759,-17.39407],[-63.23757,-17.39407],[-63.23756,-17.39406]]},"properties":{"name":"Arco [445BC]:0","stroke-opacity":1,"stroke":"#00fefe","stroke-width":4}},
{"type":"Feature","geometry":{"type":"LineString","coordinates":[[-63.23775,-17.39422],[-63.23774,-17.39421],[-63.23773,-17.3942],[-63.23772,-17.39418],[-63.23772,-17.39416],[-63.23772,-17.39415],[-63.23772,-17.39413],[-63.23772,-17.39412],[-63.23773,-17.3941],[-63.23774,-17.39409]]},"properties":{"name":"Arco [445BB]:0","stroke-opacity":1,"stroke":"#00fefe","stroke-width":4}},
{"type":"Feature","geometry":{"type":"LineString","coordinates":[[-63.23817,-17.39447],[-63.23816,-17.39448],[-63.23815,-17.39449],[-63.23813,-17.3945],[-63.23812,-17.3945],[-63.2381,-17.3945],[-63.23808,-17.3945],[-63.23807,-17.39449],[-63.23805,-17.39449],[-63.23804,-17.39448]]},"properties":{"name":"Arco [445BA]:0","stroke-opacity":1,"stroke":"#00fefe","stroke-width":4}},
{"type":"Feature","geometry":{"type":"LineString","coordinates":[[-63.23724,-17.39378],[-63.23723,-17.39376],[-63.23722,-17.39375],[-63.23721,-17.39374],[-63.23721,-17.39372],[-63.23721,-17.3937],[-63.23721,-17.39369],[-63.23722,-17.39367],[-63.23722,-17.39366],[-63.23723,-17.39365]]},"properties":{"name":"Arco [445B9]:0","stroke-opacity":1,"stroke":"#00fefe","stroke-width":4}},
{"type":"Feature","geometry":{"type":"LineString","coordinates":[[-63.23718,-17.39361],[-63.23717,-17.39362],[-63.23716,-17.39362],[-63.23714,-17.39363],[-63.23713,-17.39363],[-63.23711,-17.39363],[-63.23709,-17.39363],[-63.23708,-17.39363],[-63.23706,-17.39362],[-63.23705,-17.39361]]},"properties":{"name":"Arco [445B8]:0","stroke-opacity":1,"stroke":"#00fefe","stroke-width":4}},
{"type":"Feature","geometry":{"type":"LineString","coordinates":[[-63.23673,-17.39333],[-63.23672,-17.39332],[-63.23671,-17.39331],[-63.2367,-17.39329],[-63.2367,-17.39328],[-63.2367,-17.39326],[-63.2367,-17.39324],[-63.23671,-17.39323],[-63.23671,-17.39322],[-63.23673,-17.3932]]},"properties":{"name":"Arco [445B7]:0","stroke-opacity":1,"stroke":"#00fefe","stroke-width":4}},
{"type":"Feature","geometry":{"type":"LineString","coordinates":[[-63.23705,-17.39361],[-63.23673,-17.39333]]},"properties":{"name":"Línea [445B6]:0","stroke-opacity":1,"stroke":"#00fefe","stroke-width":4}},
{"type":"Feature","geometry":{"type":"LineString","coordinates":[[-63.23804,-17.39448],[-63.23775,-17.39422]]},"properties":{"name":"Línea [445B5]:0","stroke-opacity":1,"stroke":"#00fefe","stroke-width":4}},
{"type":"Feature","geometry":{"type":"LineString","coordinates":[[-63.23804,-17.39457],[-63.23664,-17.39333]]},"properties":{"name":"Línea [445A6]:0","stroke-opacity":1,"stroke":"#00fefe","stroke-width":4}},
{"type":"Feature","geometry":{"type":"LineString","coordinates":[[-63.2404,-17.39222],[-63.23818,-17.39456]]},"properties":{"name":"Línea [445A5]:0","stroke-opacity":1,"stroke":"#00fefe","stroke-width":4}},
{"type":"Feature","geometry":{"type":"LineString","coordinates":[[-63.23881,-17.39198],[-63.23814,-17.39267]]},"properties":{"name":"Línea [4459E]:0","stroke-opacity":1,"stroke":"#fe00fe","stroke-width":4}},
{"type":"Feature","geometry":{"type":"LineString","coordinates":[[-63.23932,-17.39242],[-63.23864,-17.39312]]},"properties":{"name":"Línea [4459D]:0","stroke-opacity":1,"stroke":"#fe00fe","stroke-width":4}},
{"type":"Feature","geometry":{"type":"LineString","coordinates":[[-63.23964,-17.39292],[-63.23817,-17.39447]]},"properties":{"name":"Línea [4459C]:0","stroke-opacity":1,"stroke":"#00fefe","stroke-width":4}},
{"type":"Feature","geometry":{"type":"LineString","coordinates":[[-63.23867,-17.39207],[-63.23718,-17.39361]]},"properties":{"name":"Línea [4459B]:0","stroke-opacity":1,"stroke":"#00fefe","stroke-width":4}},
{"type":"Feature","geometry":{"type":"LineString","coordinates":[[-63.23872,-17.39211],[-63.23723,-17.39365]]},"properties":{"name":"Línea [4459A]:0","stroke-opacity":1,"stroke":"#00fefe","stroke-width":4}},
{"type":"Feature","geometry":{"type":"LineString","coordinates":[[-63.23918,-17.39252],[-63.23769,-17.39405]]},"properties":{"name":"Línea [44599]:0","stroke-opacity":1,"stroke":"#00fefe","stroke-width":4}},
{"type":"Feature","geometry":{"type":"LineString","coordinates":[[-63.23923,-17.39256],[-63.23774,-17.39409]]},"properties":{"name":"Línea [44598]:0","stroke-opacity":1,"stroke":"#00fefe","stroke-width":4}},
{"type":"Feature","geometry":{"type":"LineString","coordinates":[[-63.23811,-17.39458],[-63.23796,-17.39445]]},"properties":{"name":"Línea [44596]:0","stroke-opacity":1,"stroke":"#fe00fe","stroke-width":4}},
{"type":"Feature","geometry":{"type":"LineString","coordinates":[[-63.23756,-17.39406],[-63.23724,-17.39378]]},"properties":{"name":"Línea [44595]:0","stroke-opacity":1,"stroke":"#00fefe","stroke-width":4}},
{"type":"Feature","geometry":{"type":"LineString","coordinates":[[-63.23815,-17.39445],[-63.23814,-17.39446],[-63.23813,-17.39447],[-63.23812,-17.39447],[-63.23811,-17.39447],[-63.2381,-17.39447],[-63.23809,-17.39447],[-63.23808,-17.39447],[-63.23807,-17.39446],[-63.23806,-17.39446]]},"properties":{"name":"Arco [4458E]:0","stroke-opacity":1,"stroke":"#0000fe","stroke-width":4}},
{"type":"Feature","geometry":{"type":"LineString","coordinates":[[-63.23962,-17.39291],[-63.23815,-17.39445]]},"properties":{"name":"Línea [4458D]:0","stroke-opacity":1,"stroke":"#0000fe","stroke-width":4}},
{"type":"Feature","geometry":{"type":"LineString","coordinates":[[-63.23777,-17.3942],[-63.23776,-17.39419],[-63.23775,-17.39418],[-63.23775,-17.39417],[-63.23774,-17.39416],[-63.23774,-17.39415],[-63.23775,-17.39414],[-63.23775,-17.39413],[-63.23775,-17.39412],[-63.23776,-17.39411]]},"properties":{"name":"Arco [4458C]:0","stroke-opacity":1,"stroke":"#0000fe","stroke-width":4}},
{"type":"Feature","geometry":{"type":"LineString","coordinates":[[-63.23767,-17.39403],[-63.23766,-17.39404],[-63.23765,-17.39405],[-63.23764,-17.39405],[-63.23763,-17.39405],[-63.23762,-17.39405],[-63.23761,-17.39405],[-63.2376,-17.39405],[-63.23759,-17.39404],[-63.23758,-17.39404]]},"properties":{"name":"Arco [4458B]:0","stroke-opacity":1,"stroke":"#0000fe","stroke-width":4}},
{"type":"Feature","geometry":{"type":"LineString","coordinates":[[-63.23726,-17.39376],[-63.23725,-17.39375],[-63.23724,-17.39374],[-63.23724,-17.39373],[-63.23724,-17.39372],[-63.23724,-17.39371],[-63.23724,-17.39369],[-63.23724,-17.39368],[-63.23725,-17.39367]]},"properties":{"name":"Arco [4458A]:0","stroke-opacity":1,"stroke":"#0000fe","stroke-width":4}},
{"type":"Feature","geometry":{"type":"LineString","coordinates":[[-63.23716,-17.39359],[-63.23715,-17.39359],[-63.23714,-17.3936],[-63.23713,-17.3936],[-63.23712,-17.39361],[-63.23711,-17.39361],[-63.2371,-17.39361],[-63.23709,-17.3936],[-63.23708,-17.3936],[-63.23707,-17.39359]]},"properties":{"name":"Arco [44589]:0","stroke-opacity":1,"stroke":"#0000fe","stroke-width":4}},
{"type":"Feature","geometry":{"type":"LineString","coordinates":[[-63.23925,-17.39258],[-63.23776,-17.39411]]},"properties":{"name":"Línea [44588]:0","stroke-opacity":1,"stroke":"#0000fe","stroke-width":4}},
{"type":"Feature","geometry":{"type":"LineString","coordinates":[[-63.23916,-17.3925],[-63.23767,-17.39403]]},"properties":{"name":"Línea [44587]:0","stroke-opacity":1,"stroke":"#0000fe","stroke-width":4}},
{"type":"Feature","geometry":{"type":"LineString","coordinates":[[-63.23874,-17.39214],[-63.23725,-17.39367]]},"properties":{"name":"Línea [44586]:0","stroke-opacity":1,"stroke":"#0000fe","stroke-width":4}},
{"type":"Feature","geometry":{"type":"LineString","coordinates":[[-63.23865,-17.39206],[-63.23716,-17.39359]]},"properties":{"name":"Línea [44585]:0","stroke-opacity":1,"stroke":"#0000fe","stroke-width":4}},
{"type":"Feature","geometry":{"type":"LineString","coordinates":[[-63.23675,-17.39331],[-63.23674,-17.3933],[-63.23674,-17.39329],[-63.23673,-17.39328],[-63.23673,-17.39327],[-63.23673,-17.39326],[-63.23673,-17.39325],[-63.23673,-17.39324],[-63.23674,-17.39323],[-63.23675,-17.39322]]},"properties":{"name":"Arco [44583]:0","stroke-opacity":1,"stroke":"#0000fe","stroke-width":4}},
{"type":"Feature","geometry":{"type":"MultiLineString","coordinates":[[[-63.2378,-17.39196],[-63.23775,-17.392]],[[-63.23775,-17.392],[-63.2377,-17.39196]]]},"properties":{"name":"Polilínea [4456E]:0","stroke-opacity":1,"stroke":"#0000fe","stroke-width":4}},
{"type":"Feature","geometry":{"type":"LineString","coordinates":[[-63.23782,-17.39198],[-63.2378,-17.39199],[-63.23779,-17.392],[-63.23778,-17.392],[-63.23776,-17.39201],[-63.23774,-17.39201],[-63.23773,-17.392],[-63.23771,-17.392],[-63.2377,-17.39199],[-63.23769,-17.39198]]},"properties":{"name":"Arco [44544]:0","stroke-opacity":1,"stroke":"#00fefe","stroke-width":4}},
{"type":"Feature","geometry":{"type":"LineString","coordinates":[[-63.23778,-17.39211],[-63.23673,-17.3932]]},"properties":{"name":"Línea [44542]:0","stroke-opacity":1,"stroke":"#00fefe","stroke-width":4}},
{"type":"Feature","geometry":{"type":"LineString","coordinates":[[-63.23816,-17.39163],[-63.23782,-17.39198]]},"properties":{"name":"Línea [44541]:0","stroke-opacity":1,"stroke":"#00fefe","stroke-width":4}},
{"type":"Feature","geometry":{"type":"LineString","coordinates":[[-63.23821,-17.39167],[-63.23778,-17.39211]]},"properties":{"name":"Línea [44540]:0","stroke-opacity":1,"stroke":"#00fefe","stroke-width":4}},
{"type":"Feature","geometry":{"type":"LineString","coordinates":[[-63.2378,-17.39196],[-63.23779,-17.39197],[-63.23778,-17.39197],[-63.23777,-17.39198],[-63.23776,-17.39198],[-63.23775,-17.39198],[-63.23773,-17.39198],[-63.23772,-17.39197],[-63.23771,-17.39197],[-63.2377,-17.39196]]},"properties":{"name":"Arco [44522]:0","stroke-opacity":1,"stroke":"#0000fe","stroke-width":4}},
{"type":"Feature","geometry":{"type":"LineString","coordinates":[[-63.2378,-17.39213],[-63.23675,-17.39322]]},"properties":{"name":"Línea [4451D]:0","stroke-opacity":1,"stroke":"#0000fe","stroke-width":4}},
{"type":"Feature","geometry":{"type":"LineString","coordinates":[[-63.23814,-17.39162],[-63.2378,-17.39196]]},"properties":{"name":"Línea [4451A]:0","stroke-opacity":1,"stroke":"#0000fe","stroke-width":4}},
{"type":"Feature","geometry":{"type":"LineString","coordinates":[[-63.23823,-17.39169],[-63.2378,-17.39213]]},"properties":{"name":"Línea [44519]:0","stroke-opacity":1,"stroke":"#0000fe","stroke-width":4}},
{"type":"Feature","geometry":{"type":"LineString","coordinates":[[-63.2383,-17.39154],[-63.23775,-17.39209]]},"properties":{"name":"Línea [444FB]:0","stroke-opacity":1,"stroke":"#fe00fe","stroke-width":4}},
{"type":"Feature","geometry":{"type":"LineString","coordinates":[[-63.2389,-17.39092],[-63.23873,-17.39109]]},"properties":{"name":"Línea [444FA]:0","stroke-opacity":1,"stroke":"#fe00fe","stroke-width":4}},
{"type":"Feature","geometry":{"type":"LineString","coordinates":[[-63.23707,-17.39359],[-63.23675,-17.39331]]},"properties":{"name":"Línea [4447E]:0","stroke-opacity":1,"stroke":"#0000fe","stroke-width":4}},
{"type":"Feature","geometry":{"type":"LineString","coordinates":[[-63.23758,-17.39404],[-63.23726,-17.39376]]},"properties":{"name":"Línea [4447D]:0","stroke-opacity":1,"stroke":"#0000fe","stroke-width":4}},
{"type":"Feature","geometry":{"type":"LineString","coordinates":[[-63.23806,-17.39446],[-63.23777,-17.3942]]},"properties":{"name":"Línea [4447A]:0","stroke-opacity":1,"stroke":"#0000fe","stroke-width":4}},
{"type":"Feature","geometry":{"type":"LineString","coordinates":[[-63.23764,-17.39203],[-63.23765,-17.39204],[-63.23766,-17.39205],[-63.23766,-17.39207],[-63.23767,-17.39208],[-63.23767,-17.3921],[-63.23767,-17.39211],[-63.23766,-17.39213],[-63.23765,-17.39214],[-63.23764,-17.39215]]},"properties":{"name":"Arco [44446]:0","stroke-opacity":1,"stroke":"#00fefe","stroke-width":4}},
{"type":"Feature","geometry":{"type":"LineString","coordinates":[[-63.23895,-17.39107],[-63.24021,-17.39216]]},"properties":{"name":"Línea [4443F]:0","stroke-opacity":1,"stroke":"#00fefe","stroke-width":4}},
{"type":"Feature","geometry":{"type":"LineString","coordinates":[[-63.24022,-17.39232],[-63.23987,-17.39269]]},"properties":{"name":"Línea [4443C]:0","stroke-opacity":1,"stroke":"#00fefe","stroke-width":4}},
{"type":"Feature","geometry":{"type":"LineString","coordinates":[[-63.23663,-17.39321],[-63.23764,-17.39215]]},"properties":{"name":"Línea [44433]:0","stroke-opacity":1,"stroke":"#00fefe","stroke-width":4}},
{"type":"Feature","geometry":{"type":"LineString","coordinates":[[-63.24018,-17.39219],[-63.24019,-17.3922],[-63.2402,-17.39221],[-63.24021,-17.39222],[-63.24021,-17.39224],[-63.24021,-17.39225],[-63.24021,-17.39227],[-63.24021,-17.39228],[-63.2402,-17.39229],[-63.24019,-17.3923]]},"properties":{"name":"Arco [4442B]:0","stroke-opacity":1,"stroke":"#0000fe","stroke-width":4}},
{"type":"Feature","geometry":{"type":"LineString","coordinates":[[-63.24019,-17.3923],[-63.23985,-17.39266]]},"properties":{"name":"Línea [44425]:0","stroke-opacity":1,"stroke":"#0000fe","stroke-width":4}},
{"type":"Feature","geometry":{"type":"LineString","coordinates":[[-63.23901,-17.39076],[-63.23899,-17.39078],[-63.23898,-17.39079],[-63.23896,-17.39079],[-63.23894,-17.3908],[-63.23892,-17.3908],[-63.2389,-17.39079],[-63.23888,-17.39079],[-63.23886,-17.39078],[-63.23885,-17.39077]]},"properties":{"name":"Arco [44415]:0","stroke-opacity":1,"stroke":"#00fefe","stroke-width":4}},
{"type":"Feature","geometry":{"type":"LineString","coordinates":[[-63.23907,-17.39096],[-63.23905,-17.39094],[-63.23904,-17.39093],[-63.23903,-17.39091],[-63.23903,-17.39089],[-63.23903,-17.39087],[-63.23903,-17.39085],[-63.23904,-17.39083],[-63.23905,-17.39082],[-63.23906,-17.3908]]},"properties":{"name":"Arco [44414]:0","stroke-opacity":1,"stroke":"#00fefe","stroke-width":4}},
{"type":"Feature","geometry":{"type":"LineString","coordinates":[[-63.23907,-17.39096],[-63.24032,-17.39205]]},"properties":{"name":"Línea [44413]:0","stroke-opacity":1,"stroke":"#00fefe","stroke-width":4}},
{"type":"Feature","geometry":{"type":"LineString","coordinates":[[-63.23906,-17.3908],[-63.23927,-17.39059]]},"properties":{"name":"Línea [44412]:0","stroke-opacity":1,"stroke":"#00fefe","stroke-width":4}},
{"type":"Feature","geometry":{"type":"LineString","coordinates":[[-63.23901,-17.39076],[-63.23922,-17.39055]]},"properties":{"name":"Línea [44411]:0","stroke-opacity":1,"stroke":"#00fefe","stroke-width":4}},
{"type":"Feature","geometry":{"type":"LineString","coordinates":[[-63.23899,-17.39074],[-63.23898,-17.39075],[-63.23897,-17.39075],[-63.23896,-17.39076],[-63.23894,-17.39076],[-63.23893,-17.39076],[-63.23891,-17.39076],[-63.2389,-17.39076],[-63.23889,-17.39075],[-63.23887,-17.39074]]},"properties":{"name":"Arco [4440F]:0","stroke-opacity":1,"stroke":"#0000fe","stroke-width":4}},
{"type":"Feature","geometry":{"type":"LineString","coordinates":[[-63.23728,-17.38936],[-63.23887,-17.39074]]},"properties":{"name":"Línea [4440E]:0","stroke-opacity":1,"stroke":"#0000fe","stroke-width":4}},
{"type":"Feature","geometry":{"type":"LineString","coordinates":[[-63.23909,-17.39093],[-63.23908,-17.39092],[-63.23907,-17.39091],[-63.23907,-17.39089],[-63.23906,-17.39088],[-63.23906,-17.39087],[-63.23907,-17.39085],[-63.23907,-17.39084],[-63.23908,-17.39083],[-63.23909,-17.39081]]},"properties":{"name":"Arco [4440D]:0","stroke-opacity":1,"stroke":"#0000fe","stroke-width":4}},
{"type":"Feature","geometry":{"type":"LineString","coordinates":[[-63.23919,-17.39044],[-63.2392,-17.39045],[-63.23921,-17.39046],[-63.23921,-17.39047],[-63.23921,-17.39048],[-63.23922,-17.39049],[-63.23921,-17.3905],[-63.23921,-17.39051],[-63.2392,-17.39052],[-63.2392,-17.39053]]},"properties":{"name":"Arco [4440C]:0","stroke-opacity":1,"stroke":"#0000fe","stroke-width":4}},
{"type":"Feature","geometry":{"type":"LineString","coordinates":[[-63.23929,-17.39061],[-63.2393,-17.3906],[-63.23931,-17.3906],[-63.23932,-17.39059],[-63.23933,-17.39059],[-63.23934,-17.39059],[-63.23935,-17.39059],[-63.23936,-17.39059],[-63.23937,-17.3906],[-63.23938,-17.3906]]},"properties":{"name":"Arco [4440B]:0","stroke-opacity":1,"stroke":"#0000fe","stroke-width":4}},
{"type":"Feature","geometry":{"type":"LineString","coordinates":[[-63.23899,-17.39074],[-63.2392,-17.39053]]},"properties":{"name":"Línea [4440A]:0","stroke-opacity":1,"stroke":"#0000fe","stroke-width":4}},
{"type":"Feature","geometry":{"type":"LineString","coordinates":[[-63.23909,-17.39081],[-63.23929,-17.39061]]},"properties":{"name":"Línea [44408]:0","stroke-opacity":1,"stroke":"#0000fe","stroke-width":4}},
{"type":"Feature","geometry":{"type":"LineString","coordinates":[[-63.23775,-17.39209],[-63.23747,-17.39239]]},"properties":{"name":"Línea [443EC]:0","stroke-opacity":1,"stroke":"#fe00fe","stroke-width":4}},
{"type":"Feature","geometry":{"type":"LineString","coordinates":[[-63.23809,-17.39146],[-63.23764,-17.39191]]},"properties":{"name":"Línea [442AA]:0","stroke-opacity":1,"stroke":"#0000fe","stroke-width":4}},
{"type":"Feature","geometry":{"type":"MultiLineString","coordinates":[[[-63.23829,-17.39175],[-63.23829,-17.39174],[-63.2383,-17.39174],[-63.2383,-17.39175]],[[-63.2383,-17.39175],[-63.23829,-17.39175]]]},"properties":{"name":"Círculo [4426D]:0","stroke-opacity":1,"stroke":"#fefefe","stroke-width":4}},
{"type":"Feature","geometry":{"type":"MultiLineString","coordinates":[[[-63.23852,-17.39151],[-63.23853,-17.39151]],[[-63.23853,-17.39151],[-63.23853,-17.39152],[-63.23852,-17.39152],[-63.23852,-17.39151]]]},"properties":{"name":"Círculo [4426C]:0","stroke-opacity":1,"stroke":"#fefefe","stroke-width":4}},
{"type":"Feature","geometry":{"type":"LineString","coordinates":[[-63.23829,-17.39175],[-63.23829,-17.39167]]},"properties":{"name":"Línea [4426B]:0","stroke-opacity":1,"stroke":"#fefefe","stroke-width":4}},
{"type":"Feature","geometry":{"type":"LineString","coordinates":[[-63.23853,-17.39151],[-63.23844,-17.39151]]},"properties":{"name":"Línea [4426A]:0","stroke-opacity":1,"stroke":"#fefefe","stroke-width":4}},
{"type":"Feature","geometry":{"type":"LineString","coordinates":[[-63.23867,-17.39087],[-63.2382,-17.39134]]},"properties":{"name":"Línea [4403F]:0","stroke-opacity":1,"stroke":"#0000fe","stroke-width":4}},
{"type":"Feature","geometry":{"type":"MultiLineString","coordinates":[[[-63.23691,-17.38945],[-63.23697,-17.38939]],[[-63.23697,-17.38939],[-63.2369,-17.38933]]]},"properties":{"name":"Polilínea [43E0F]:0","stroke-opacity":1,"stroke":"#0000fe","stroke-width":4}},
{"type":"Feature","geometry":{"type":"MultiLineString","coordinates":[[[-63.23712,-17.38952],[-63.23706,-17.38947]],[[-63.23706,-17.38947],[-63.237,-17.38952]]]},"properties":{"name":"Polilínea [43E0E]:0","stroke-opacity":1,"stroke":"#0000fe","stroke-width":4}},
{"type":"Feature","geometry":{"type":"LineString","coordinates":[[-63.2369,-17.38933],[-63.23691,-17.38934],[-63.23692,-17.38935],[-63.23693,-17.38937],[-63.23693,-17.38938],[-63.23693,-17.38939],[-63.23693,-17.38941],[-63.23693,-17.38942],[-63.23692,-17.38944],[-63.23691,-17.38945]]},"properties":{"name":"Arco [43E0D]:0","stroke-opacity":1,"stroke":"#0000fe","stroke-width":4}},
{"type":"Feature","geometry":{"type":"LineString","coordinates":[[-63.237,-17.38952],[-63.23701,-17.38951],[-63.23703,-17.38951],[-63.23704,-17.3895],[-63.23705,-17.3895],[-63.23707,-17.3895],[-63.23708,-17.3895],[-63.2371,-17.3895],[-63.23711,-17.38951],[-63.23712,-17.38952]]},"properties":{"name":"Arco [43E0C]:0","stroke-opacity":1,"stroke":"#0000fe","stroke-width":4}},
{"type":"Feature","geometry":{"type":"LineString","coordinates":[[-63.23712,-17.38952],[-63.23871,-17.39091]]},"properties":{"name":"Línea [43E07]:0","stroke-opacity":1,"stroke":"#0000fe","stroke-width":4}},
{"type":"Feature","geometry":{"type":"LineString","coordinates":[[-63.2372,-17.38919],[-63.23719,-17.3892],[-63.23717,-17.38921],[-63.23715,-17.38922],[-63.23713,-17.38922],[-63.23711,-17.38922],[-63.23709,-17.38922],[-63.23708,-17.38922],[-63.23706,-17.38921],[-63.23704,-17.3892]]},"properties":{"name":"Arco [43D42]:0","stroke-opacity":1,"stroke":"#00fefe","stroke-width":4}},
{"type":"Feature","geometry":{"type":"LineString","coordinates":[[-63.23719,-17.38916],[-63.23718,-17.38917],[-63.23716,-17.38918],[-63.23715,-17.38919],[-63.23714,-17.38919],[-63.23712,-17.38919],[-63.23711,-17.38919],[-63.23709,-17.38918],[-63.23708,-17.38918],[-63.23707,-17.38917]]},"properties":{"name":"Arco [43D41]:0","stroke-opacity":1,"stroke":"#0000fe","stroke-width":4}},
{"type":"Feature","geometry":{"type":"LineString","coordinates":[[-63.23728,-17.38936],[-63.23727,-17.38935],[-63.23727,-17.38933],[-63.23726,-17.38932],[-63.23726,-17.38931],[-63.23726,-17.38929],[-63.23726,-17.38928],[-63.23726,-17.38926],[-63.23727,-17.38925],[-63.23728,-17.38924]]},"properties":{"name":"Arco [43D40]:0","stroke-opacity":1,"stroke":"#0000fe","stroke-width":4}},
{"type":"Feature","geometry":{"type":"LineString","coordinates":[[-63.23909,-17.39093],[-63.24034,-17.39202]]},"properties":{"name":"Línea [43D3F]:0","stroke-opacity":1,"stroke":"#0000fe","stroke-width":4}},
{"type":"Feature","geometry":{"type":"LineString","coordinates":[[-63.23726,-17.38938],[-63.23725,-17.38937],[-63.23724,-17.38935],[-63.23723,-17.38934],[-63.23722,-17.38932],[-63.23722,-17.3893],[-63.23723,-17.38928],[-63.23723,-17.38926],[-63.23724,-17.38924],[-63.23725,-17.38923]]},"properties":{"name":"Arco [43D3D]:0","stroke-opacity":1,"stroke":"#00fefe","stroke-width":4}},
{"type":"Feature","geometry":{"type":"LineString","coordinates":[[-63.23726,-17.38938],[-63.23885,-17.39077]]},"properties":{"name":"Línea [43D3C]:0","stroke-opacity":1,"stroke":"#00fefe","stroke-width":4}},
{"type":"Feature","geometry":{"type":"MultiLineString","coordinates":[[[-63.23535,-17.38798],[-63.23541,-17.38803]],[[-63.23541,-17.38803],[-63.23535,-17.38809]]]},"properties":{"name":"Polilínea [43CFB]:0","stroke-opacity":1,"stroke":"#0000fe","stroke-width":4}},
{"type":"Feature","geometry":{"type":"MultiLineString","coordinates":[[[-63.23557,-17.38816],[-63.2355,-17.38811]],[[-63.2355,-17.38811],[-63.23545,-17.38817]]]},"properties":{"name":"Polilínea [43CFA]:0","stroke-opacity":1,"stroke":"#0000fe","stroke-width":4}},
{"type":"Feature","geometry":{"type":"LineString","coordinates":[[-63.23537,-17.38795],[-63.23539,-17.38796],[-63.2354,-17.38798],[-63.23541,-17.388],[-63.23541,-17.38802],[-63.23541,-17.38803],[-63.23541,-17.38805],[-63.2354,-17.38807],[-63.23539,-17.38809],[-63.23538,-17.3881]]},"properties":{"name":"Arco [43C3A]:0","stroke-opacity":1,"stroke":"#00fefe","stroke-width":4}},
{"type":"Feature","geometry":{"type":"LineString","coordinates":[[-63.23543,-17.38814],[-63.23545,-17.38813],[-63.23546,-17.38812],[-63.23548,-17.38811],[-63.2355,-17.38811],[-63.23552,-17.38811],[-63.23554,-17.38811],[-63.23556,-17.38812],[-63.23558,-17.38813],[-63.23559,-17.38814]]},"properties":{"name":"Arco [43C39]:0","stroke-opacity":1,"stroke":"#00fefe","stroke-width":4}},
{"type":"Feature","geometry":{"type":"LineString","coordinates":[[-63.23559,-17.38814],[-63.23693,-17.3893]]},"properties":{"name":"Línea [43C2A]:0","stroke-opacity":1,"stroke":"#00fefe","stroke-width":4}},
{"type":"Feature","geometry":{"type":"LineString","coordinates":[[-63.23535,-17.38798],[-63.23536,-17.38799],[-63.23537,-17.388],[-63.23537,-17.38801],[-63.23538,-17.38803],[-63.23538,-17.38804],[-63.23538,-17.38805],[-63.23537,-17.38807],[-63.23536,-17.38808],[-63.23535,-17.38809]]},"properties":{"name":"Arco [43C29]:0","stroke-opacity":1,"stroke":"#0000fe","stroke-width":4}},
{"type":"Feature","geometry":{"type":"LineString","coordinates":[[-63.23545,-17.38817],[-63.23546,-17.38816],[-63.23547,-17.38815],[-63.23548,-17.38815],[-63.2355,-17.38814],[-63.23551,-17.38814],[-63.23553,-17.38814],[-63.23554,-17.38815],[-63.23555,-17.38816],[-63.23557,-17.38816]]},"properties":{"name":"Arco [43C28]:0","stroke-opacity":1,"stroke":"#0000fe","stroke-width":4}},
{"type":"Feature","geometry":{"type":"LineString","coordinates":[[-63.23557,-17.38816],[-63.2369,-17.38933]]},"properties":{"name":"Línea [43C27]:0","stroke-opacity":1,"stroke":"#0000fe","stroke-width":4}},
{"type":"Feature","geometry":{"type":"LineString","coordinates":[[-63.23563,-17.38781],[-63.23562,-17.38782],[-63.23561,-17.38783],[-63.2356,-17.38783],[-63.23558,-17.38783],[-63.23557,-17.38783],[-63.23555,-17.38783],[-63.23554,-17.38783],[-63.23553,-17.38782],[-63.23551,-17.38781]]},"properties":{"name":"Arco [43C18]:0","stroke-opacity":1,"stroke":"#0000fe","stroke-width":4}},
{"type":"Feature","geometry":{"type":"LineString","coordinates":[[-63.23418,-17.38665],[-63.23551,-17.38781]]},"properties":{"name":"Línea [43C17]:0","stroke-opacity":1,"stroke":"#0000fe","stroke-width":4}},
{"type":"Feature","geometry":{"type":"LineString","coordinates":[[-63.23573,-17.388],[-63.23572,-17.38799],[-63.23571,-17.38798],[-63.23571,-17.38797],[-63.2357,-17.38795],[-63.2357,-17.38794],[-63.2357,-17.38792],[-63.23571,-17.38791],[-63.23572,-17.3879],[-63.23573,-17.38789]]},"properties":{"name":"Arco [43C16]:0","stroke-opacity":1,"stroke":"#0000fe","stroke-width":4}},
{"type":"Feature","geometry":{"type":"LineString","coordinates":[[-63.23565,-17.38783],[-63.23563,-17.38785],[-63.23562,-17.38786],[-63.2356,-17.38786],[-63.23558,-17.38787],[-63.23556,-17.38787],[-63.23554,-17.38787],[-63.23552,-17.38786],[-63.2355,-17.38785],[-63.23549,-17.38784]]},"properties":{"name":"Arco [43C15]:0","stroke-opacity":1,"stroke":"#00fefe","stroke-width":4}},
{"type":"Feature","geometry":{"type":"LineString","coordinates":[[-63.2357,-17.38803],[-63.23569,-17.38801],[-63.23568,-17.388],[-63.23567,-17.38798],[-63.23567,-17.38796],[-63.23567,-17.38794],[-63.23567,-17.38792],[-63.23568,-17.38791],[-63.23569,-17.38789],[-63.2357,-17.38787]]},"properties":{"name":"Arco [43C14]:0","stroke-opacity":1,"stroke":"#00fefe","stroke-width":4}},
{"type":"Feature","geometry":{"type":"LineString","coordinates":[[-63.2357,-17.38803],[-63.23704,-17.3892]]},"properties":{"name":"Línea [43C13]:0","stroke-opacity":1,"stroke":"#00fefe","stroke-width":4}},
{"type":"Feature","geometry":{"type":"LineString","coordinates":[[-63.23559,-17.38805],[-63.23558,-17.38805],[-63.23558,-17.38804],[-63.23558,-17.38803],[-63.23559,-17.38803]]},"properties":{"name":"Arco [43C03]:0","stroke-opacity":1,"stroke":"#00fefe","stroke-width":4}},
{"type":"Feature","geometry":{"type":"LineString","coordinates":[[-63.23559,-17.38803],[-63.23559,-17.38802],[-63.2356,-17.38802],[-63.2356,-17.38803],[-63.23561,-17.38803]]},"properties":{"name":"Arco [43C02]:0","stroke-opacity":1,"stroke":"#00fefe","stroke-width":4}},
{"type":"Feature","geometry":{"type":"LineString","coordinates":[[-63.23561,-17.38803],[-63.23696,-17.38921]]},"properties":{"name":"Línea [43C01]:0","stroke-opacity":1,"stroke":"#00fefe","stroke-width":4}},
{"type":"Feature","geometry":{"type":"LineString","coordinates":[[-63.23559,-17.38805],[-63.23694,-17.38923]]},"properties":{"name":"Línea [43C00]:0","stroke-opacity":1,"stroke":"#00fefe","stroke-width":4}},
{"type":"Feature","geometry":{"type":"LineString","coordinates":[[-63.23549,-17.38795],[-63.23548,-17.38795],[-63.23547,-17.38795]]},"properties":{"name":"Arco [43BF1]:0","stroke-opacity":1,"stroke":"#00fefe","stroke-width":4}},
{"type":"Feature","geometry":{"type":"LineString","coordinates":[[-63.23549,-17.38793],[-63.2355,-17.38793],[-63.2355,-17.38794],[-63.2355,-17.38795],[-63.23549,-17.38795]]},"properties":{"name":"Arco [43BF0]:0","stroke-opacity":1,"stroke":"#00fefe","stroke-width":4}},
{"type":"Feature","geometry":{"type":"LineString","coordinates":[[-63.22929,-17.38253],[-63.23083,-17.38386]]},"properties":{"name":"Línea [43AB6]:0","stroke-opacity":1,"stroke":"#00fefe","stroke-width":4}},
{"type":"Feature","geometry":{"type":"LineString","coordinates":[[-63.22927,-17.38255],[-63.23081,-17.38388]]},"properties":{"name":"Línea [43AB5]:0","stroke-opacity":1,"stroke":"#00fefe","stroke-width":4}},
{"type":"Feature","geometry":{"type":"MultiLineString","coordinates":[[[-63.23379,-17.38662],[-63.23386,-17.38668]],[[-63.23386,-17.38668],[-63.2338,-17.38674]]]},"properties":{"name":"Polilínea [43A50]:0","stroke-opacity":1,"stroke":"#0000fe","stroke-width":4}},
{"type":"Feature","geometry":{"type":"MultiLineString","coordinates":[[[-63.23401,-17.38681],[-63.23395,-17.38676]],[[-63.23395,-17.38676],[-63.23389,-17.38681]]]},"properties":{"name":"Polilínea [43A4F]:0","stroke-opacity":1,"stroke":"#0000fe","stroke-width":4}},
{"type":"Feature","geometry":{"type":"LineString","coordinates":[[-63.23394,-17.38657],[-63.23394,-17.38658],[-63.23394,-17.38659]]},"properties":{"name":"Arco [43A44]:0","stroke-opacity":1,"stroke":"#00fefe","stroke-width":4}},
{"type":"Feature","geometry":{"type":"LineString","coordinates":[[-63.23394,-17.38659],[-63.23394,-17.3866],[-63.23393,-17.3866],[-63.23392,-17.3866],[-63.23392,-17.38659]]},"properties":{"name":"Arco [43A43]:0","stroke-opacity":1,"stroke":"#00fefe","stroke-width":4}},
{"type":"Feature","geometry":{"type":"LineString","coordinates":[[-63.23403,-17.38669],[-63.23403,-17.38668],[-63.23403,-17.38667]]},"properties":{"name":"Arco [43A42]:0","stroke-opacity":1,"stroke":"#00fefe","stroke-width":4}},
{"type":"Feature","geometry":{"type":"LineString","coordinates":[[-63.23403,-17.38667],[-63.23404,-17.38667],[-63.23405,-17.38667]]},"properties":{"name":"Arco [43A41]:0","stroke-opacity":1,"stroke":"#00fefe","stroke-width":4}},
{"type":"Feature","geometry":{"type":"LineString","coordinates":[[-63.23405,-17.38667],[-63.23549,-17.38793]]},"properties":{"name":"Línea [43A40]:0","stroke-opacity":1,"stroke":"#00fefe","stroke-width":4}},
{"type":"Feature","geometry":{"type":"LineString","coordinates":[[-63.23403,-17.38669],[-63.23547,-17.38795]]},"properties":{"name":"Línea [43A3F]:0","stroke-opacity":1,"stroke":"#00fefe","stroke-width":4}},
{"type":"Feature","geometry":{"type":"LineString","coordinates":[[-63.23409,-17.38648],[-63.23408,-17.38649],[-63.23406,-17.3865],[-63.23404,-17.38651],[-63.23402,-17.38651],[-63.234,-17.38651],[-63.23398,-17.38651],[-63.23397,-17.3865],[-63.23395,-17.3865],[-63.23393,-17.38649]]},"properties":{"name":"Arco [43A3C]:0","stroke-opacity":1,"stroke":"#00fefe","stroke-width":4}},
{"type":"Feature","geometry":{"type":"LineString","coordinates":[[-63.23415,-17.38667],[-63.23414,-17.38666],[-63.23413,-17.38664],[-63.23412,-17.38663],[-63.23411,-17.38661],[-63.23411,-17.38659],[-63.23412,-17.38657],[-63.23412,-17.38655],[-63.23413,-17.38653],[-63.23414,-17.38652]]},"properties":{"name":"Arco [43A3B]:0","stroke-opacity":1,"stroke":"#00fefe","stroke-width":4}},
{"type":"Feature","geometry":{"type":"LineString","coordinates":[[-63.23259,-17.38532],[-63.23258,-17.3853],[-63.23257,-17.38529],[-63.23256,-17.38527],[-63.23256,-17.38525],[-63.23256,-17.38523],[-63.23256,-17.38521],[-63.23257,-17.3852],[-63.23258,-17.38518],[-63.23259,-17.38516]]},"properties":{"name":"Arco [43A2B]:0","stroke-opacity":1,"stroke":"#00fefe","stroke-width":4}},
{"type":"Feature","geometry":{"type":"LineString","coordinates":[[-63.23259,-17.38532],[-63.23393,-17.38649]]},"properties":{"name":"Línea [43A2A]:0","stroke-opacity":1,"stroke":"#00fefe","stroke-width":4}},
{"type":"Feature","geometry":{"type":"LineString","coordinates":[[-63.23254,-17.38512],[-63.23252,-17.38514],[-63.23251,-17.38515],[-63.23249,-17.38515],[-63.23247,-17.38516],[-63.23245,-17.38516],[-63.23243,-17.38516],[-63.23241,-17.38515],[-63.23239,-17.38514],[-63.23238,-17.38513]]},"properties":{"name":"Arco [43A29]:0","stroke-opacity":1,"stroke":"#00fefe","stroke-width":4}},
{"type":"Feature","geometry":{"type":"LineString","coordinates":[[-63.23104,-17.38396],[-63.23103,-17.38395],[-63.23102,-17.38393],[-63.23101,-17.38392],[-63.231,-17.3839],[-63.231,-17.38388],[-63.23101,-17.38386],[-63.23101,-17.38384],[-63.23102,-17.38382],[-63.23103,-17.38381]]},"properties":{"name":"Arco [43A28]:0","stroke-opacity":1,"stroke":"#00fefe","stroke-width":4}},
{"type":"Feature","geometry":{"type":"LineString","coordinates":[[-63.23104,-17.38396],[-63.23238,-17.38513]]},"properties":{"name":"Línea [43A18]:0","stroke-opacity":1,"stroke":"#00fefe","stroke-width":4}},
{"type":"Feature","geometry":{"type":"LineString","coordinates":[[-63.23415,-17.38667],[-63.23549,-17.38784]]},"properties":{"name":"Línea [439FB]:0","stroke-opacity":1,"stroke":"#00fefe","stroke-width":4}},
{"type":"Feature","geometry":{"type":"LineString","coordinates":[[-63.23382,-17.38659],[-63.23383,-17.38661],[-63.23384,-17.38662],[-63.23385,-17.38664],[-63.23386,-17.38666],[-63.23386,-17.38668],[-63.23385,-17.3867],[-63.23385,-17.38672],[-63.23384,-17.38673],[-63.23383,-17.38675]]},"properties":{"name":"Arco [439F9]:0","stroke-opacity":1,"stroke":"#00fefe","stroke-width":4}},
{"type":"Feature","geometry":{"type":"LineString","coordinates":[[-63.23388,-17.38679],[-63.23389,-17.38678],[-63.23391,-17.38677],[-63.23393,-17.38676],[-63.23395,-17.38675],[-63.23397,-17.38675],[-63.23398,-17.38676],[-63.234,-17.38676],[-63.23402,-17.38677],[-63.23404,-17.38678]]},"properties":{"name":"Arco [439F8]:0","stroke-opacity":1,"stroke":"#00fefe","stroke-width":4}},
{"type":"Feature","geometry":{"type":"LineString","coordinates":[[-63.23404,-17.38678],[-63.23537,-17.38795]]},"properties":{"name":"Línea [439F5]:0","stroke-opacity":1,"stroke":"#00fefe","stroke-width":4}},
{"type":"Feature","geometry":{"type":"LineString","coordinates":[[-63.23418,-17.38665],[-63.23417,-17.38664],[-63.23416,-17.38662],[-63.23415,-17.38661],[-63.23415,-17.3866],[-63.23415,-17.38658],[-63.23415,-17.38657],[-63.23415,-17.38655],[-63.23416,-17.38654],[-63.23417,-17.38653]]},"properties":{"name":"Arco [439F3]:0","stroke-opacity":1,"stroke":"#0000fe","stroke-width":4}},
{"type":"Feature","geometry":{"type":"LineString","coordinates":[[-63.23408,-17.38645],[-63.23407,-17.38646],[-63.23405,-17.38647],[-63.23404,-17.38648],[-63.23403,-17.38648],[-63.23401,-17.38648],[-63.234,-17.38648],[-63.23398,-17.38647],[-63.23397,-17.38647],[-63.23396,-17.38646]]},"properties":{"name":"Arco [439F2]:0","stroke-opacity":1,"stroke":"#0000fe","stroke-width":4}},
{"type":"Feature","geometry":{"type":"LineString","coordinates":[[-63.23379,-17.38662],[-63.2338,-17.38663],[-63.23381,-17.38664],[-63.23382,-17.38666],[-63.23382,-17.38667],[-63.23382,-17.38668],[-63.23382,-17.3867],[-63.23382,-17.38671],[-63.23381,-17.38673],[-63.2338,-17.38674]]},"properties":{"name":"Arco [439F1]:0","stroke-opacity":1,"stroke":"#0000fe","stroke-width":4}},
{"type":"Feature","geometry":{"type":"LineString","coordinates":[[-63.23389,-17.38681],[-63.2339,-17.3868],[-63.23392,-17.3868],[-63.23393,-17.38679],[-63.23394,-17.38679],[-63.23396,-17.38679],[-63.23397,-17.38679],[-63.23399,-17.38679],[-63.234,-17.3868],[-63.23401,-17.38681]]},"properties":{"name":"Arco [439F0]:0","stroke-opacity":1,"stroke":"#0000fe","stroke-width":4}},
{"type":"Feature","geometry":{"type":"MultiLineString","coordinates":[[[-63.23224,-17.38527],[-63.2323,-17.38532]],[[-63.2323,-17.38532],[-63.23224,-17.38538]]]},"properties":{"name":"Polilínea [43944]:0","stroke-opacity":1,"stroke":"#0000fe","stroke-width":4}},
{"type":"Feature","geometry":{"type":"MultiLineString","coordinates":[[[-63.23246,-17.38545],[-63.23239,-17.3854]],[[-63.23239,-17.3854],[-63.23234,-17.38546]]]},"properties":{"name":"Polilínea [43943]:0","stroke-opacity":1,"stroke":"#0000fe","stroke-width":4}},
{"type":"Feature","geometry":{"type":"LineString","coordinates":[[-63.23238,-17.38522],[-63.23239,-17.38522],[-63.23239,-17.38523],[-63.23239,-17.38524],[-63.23238,-17.38524]]},"properties":{"name":"Arco [4393A]:0","stroke-opacity":1,"stroke":"#fefefe","stroke-width":4}},
{"type":"Feature","geometry":{"type":"LineString","coordinates":[[-63.23238,-17.38524],[-63.23237,-17.38524],[-63.23236,-17.38524]]},"properties":{"name":"Arco [43939]:0","stroke-opacity":1,"stroke":"#fefefe","stroke-width":4}},
{"type":"Feature","geometry":{"type":"LineString","coordinates":[[-63.23248,-17.38534],[-63.23247,-17.38534],[-63.23247,-17.38533],[-63.23247,-17.38532],[-63.23248,-17.38532]]},"properties":{"name":"Arco [43938]:0","stroke-opacity":1,"stroke":"#fefefe","stroke-width":4}},
{"type":"Feature","geometry":{"type":"LineString","coordinates":[[-63.23248,-17.38532],[-63.23248,-17.38531],[-63.23249,-17.38531],[-63.23249,-17.38532],[-63.2325,-17.38532]]},"properties":{"name":"Arco [43937]:0","stroke-opacity":1,"stroke":"#fefefe","stroke-width":4}},
{"type":"Feature","geometry":{"type":"LineString","coordinates":[[-63.23248,-17.38534],[-63.23392,-17.38659]]},"properties":{"name":"Línea [43934]:0","stroke-opacity":1,"stroke":"#00fefe","stroke-width":4}},
{"type":"Feature","geometry":{"type":"LineString","coordinates":[[-63.2325,-17.38532],[-63.23394,-17.38657]]},"properties":{"name":"Línea [43932]:0","stroke-opacity":1,"stroke":"#00fefe","stroke-width":4}},
{"type":"Feature","geometry":null,"properties":{"name":"Línea [4392F]:0","stroke-opacity":1,"stroke":"#fefefe","stroke-width":4}},
{"type":"Feature","geometry":{"type":"LineString","coordinates":[[-63.23083,-17.38388],[-63.23083,-17.38389],[-63.23082,-17.38389],[-63.23081,-17.38389],[-63.23081,-17.38388]]},"properties":{"name":"Arco [4392E]:0","stroke-opacity":1,"stroke":"#fefefe","stroke-width":4}},
{"type":"Feature","geometry":{"type":"LineString","coordinates":[[-63.23083,-17.38386],[-63.23083,-17.38387],[-63.23083,-17.38388]]},"properties":{"name":"Arco [4392D]:0","stroke-opacity":1,"stroke":"#fefefe","stroke-width":4}},
{"type":"Feature","geometry":{"type":"LineString","coordinates":[[-63.23092,-17.38396],[-63.23093,-17.38396],[-63.23094,-17.38396]]},"properties":{"name":"Arco [4392C]:0","stroke-opacity":1,"stroke":"#fefefe","stroke-width":4}},
{"type":"Feature","geometry":{"type":"LineString","coordinates":[[-63.23092,-17.38398],[-63.23092,-17.38397],[-63.23092,-17.38396]]},"properties":{"name":"Arco [4392B]:0","stroke-opacity":1,"stroke":"#fefefe","stroke-width":4}},
{"type":"Feature","geometry":{"type":"LineString","coordinates":[[-63.23094,-17.38396],[-63.23238,-17.38522]]},"properties":{"name":"Línea [43929]:0","stroke-opacity":1,"stroke":"#00fefe","stroke-width":4}},
{"type":"Feature","geometry":{"type":"LineString","coordinates":[[-63.23092,-17.38398],[-63.23236,-17.38524]]},"properties":{"name":"Línea [43927]:0","stroke-opacity":1,"stroke":"#00fefe","stroke-width":4}},
{"type":"Feature","geometry":{"type":"LineString","coordinates":[[-63.23227,-17.38524],[-63.23228,-17.38525],[-63.23229,-17.38527],[-63.2323,-17.38529],[-63.2323,-17.38531],[-63.2323,-17.38532],[-63.2323,-17.38534],[-63.23229,-17.38536],[-63.23228,-17.38538],[-63.23227,-17.38539]]},"properties":{"name":"Arco [43915]:0","stroke-opacity":1,"stroke":"#00fefe","stroke-width":4}},
{"type":"Feature","geometry":{"type":"LineString","coordinates":[[-63.23232,-17.38543],[-63.23234,-17.38542],[-63.23235,-17.38541],[-63.23237,-17.3854],[-63.23239,-17.3854],[-63.23241,-17.3854],[-63.23243,-17.3854],[-63.23245,-17.38541],[-63.23247,-17.38542],[-63.23248,-17.38543]]},"properties":{"name":"Arco [43914]:0","stroke-opacity":1,"stroke":"#00fefe","stroke-width":4}},
{"type":"Feature","geometry":{"type":"LineString","coordinates":[[-63.23248,-17.38543],[-63.23382,-17.38659]]},"properties":{"name":"Línea [43913]:0","stroke-opacity":1,"stroke":"#00fefe","stroke-width":4}},
{"type":"Feature","geometry":{"type":"LineString","coordinates":[[-63.23252,-17.3851],[-63.23251,-17.38511],[-63.2325,-17.38512],[-63.23249,-17.38512],[-63.23247,-17.38512],[-63.23246,-17.38512],[-63.23244,-17.38512],[-63.23243,-17.38512],[-63.23242,-17.38511],[-63.2324,-17.3851]]},"properties":{"name":"Arco [43912]:0","stroke-opacity":1,"stroke":"#0000fe","stroke-width":4}},
{"type":"Feature","geometry":{"type":"LineString","coordinates":[[-63.23262,-17.38529],[-63.23261,-17.38528],[-63.2326,-17.38527],[-63.2326,-17.38526],[-63.23259,-17.38524],[-63.23259,-17.38523],[-63.23259,-17.38521],[-63.2326,-17.3852],[-63.23261,-17.38519],[-63.23262,-17.38518]]},"properties":{"name":"Arco [43911]:0","stroke-opacity":1,"stroke":"#0000fe","stroke-width":4}},
{"type":"Feature","geometry":{"type":"LineString","coordinates":[[-63.23224,-17.38527],[-63.23225,-17.38528],[-63.23226,-17.38529],[-63.23226,-17.3853],[-63.23227,-17.38532],[-63.23227,-17.38533],[-63.23227,-17.38534],[-63.23226,-17.38536],[-63.23225,-17.38537],[-63.23224,-17.38538]]},"properties":{"name":"Arco [43910]:0","stroke-opacity":1,"stroke":"#0000fe","stroke-width":4}},
{"type":"Feature","geometry":{"type":"LineString","coordinates":[[-63.23234,-17.38546],[-63.23235,-17.38545],[-63.23236,-17.38544],[-63.23237,-17.38544],[-63.23239,-17.38543],[-63.2324,-17.38543],[-63.23242,-17.38543],[-63.23243,-17.38544],[-63.23244,-17.38545],[-63.23246,-17.38545]]},"properties":{"name":"Arco [4390F]:0","stroke-opacity":1,"stroke":"#0000fe","stroke-width":4}},
{"type":"Feature","geometry":{"type":"LineString","coordinates":[[-63.23098,-17.38377],[-63.23097,-17.38378],[-63.23095,-17.38379],[-63.23093,-17.3838],[-63.23091,-17.3838],[-63.23089,-17.3838],[-63.23088,-17.3838],[-63.23086,-17.38379],[-63.23084,-17.38379],[-63.23082,-17.38377]]},"properties":{"name":"Arco [4381D]:0","stroke-opacity":1,"stroke":"#00fefe","stroke-width":4}},
{"type":"Feature","geometry":{"type":"LineString","coordinates":[[-63.23124,-17.3836],[-63.23103,-17.38381]]},"properties":{"name":"Línea [4381A]:0","stroke-opacity":1,"stroke":"#00fefe","stroke-width":4}},
{"type":"Feature","geometry":{"type":"LineString","coordinates":[[-63.23119,-17.38355],[-63.23098,-17.38377]]},"properties":{"name":"Línea [43819]:0","stroke-opacity":1,"stroke":"#00fefe","stroke-width":4}},
{"type":"Feature","geometry":{"type":"MultiLineString","coordinates":[[[-63.23068,-17.38391],[-63.23075,-17.38397]],[[-63.23075,-17.38397],[-63.23069,-17.38403]]]},"properties":{"name":"Polilínea [437D4]:0","stroke-opacity":1,"stroke":"#0000fe","stroke-width":4}},
{"type":"Feature","geometry":{"type":"MultiLineString","coordinates":[[[-63.2309,-17.3841],[-63.23084,-17.38404]],[[-63.23084,-17.38404],[-63.23078,-17.3841]]]},"properties":{"name":"Polilínea [437D3]:0","stroke-opacity":1,"stroke":"#0000fe","stroke-width":4}},
{"type":"Feature","geometry":{"type":"LineString","coordinates":[[-63.22941,-17.38254],[-63.23082,-17.38377]]},"properties":{"name":"Línea [4377B]:0","stroke-opacity":1,"stroke":"#00fefe","stroke-width":4}},
{"type":"Feature","geometry":{"type":"LineString","coordinates":[[-63.22712,-17.38055],[-63.2271,-17.38052],[-63.22708,-17.3805],[-63.22707,-17.38047],[-63.22706,-17.38044],[-63.22706,-17.38041],[-63.22706,-17.38038],[-63.22707,-17.38035],[-63.22709,-17.38033],[-63.2271,-17.3803]]},"properties":{"name":"Arco [43758]:0","stroke-opacity":1,"stroke":"#00fefe","stroke-width":4}},
{"type":"Feature","geometry":{"type":"LineString","coordinates":[[-63.22676,-17.38068],[-63.22678,-17.38066],[-63.22681,-17.38064],[-63.22684,-17.38063],[-63.22687,-17.38062],[-63.2269,-17.38062],[-63.22693,-17.38062],[-63.22696,-17.38063],[-63.22699,-17.38064],[-63.22702,-17.38066]]},"properties":{"name":"Arco [43757]:0","stroke-opacity":1,"stroke":"#00fefe","stroke-width":4}},
{"type":"Feature","geometry":{"type":"LineString","coordinates":[[-63.22697,-17.38052],[-63.22698,-17.38052],[-63.22698,-17.38051],[-63.22699,-17.38052]]},"properties":{"name":"Arco [43755]:0","stroke-opacity":1,"stroke":"#00fefe","stroke-width":4}},
{"type":"Feature","geometry":{"type":"LineString","coordinates":[[-63.22697,-17.38054],[-63.22697,-17.38053],[-63.22697,-17.38052]]},"properties":{"name":"Arco [43754]:0","stroke-opacity":1,"stroke":"#00fefe","stroke-width":4}},
{"type":"Feature","geometry":{"type":"LineString","coordinates":[[-63.22699,-17.38052],[-63.2291,-17.38235]]},"properties":{"name":"Línea [43743]:0","stroke-opacity":1,"stroke":"#00fefe","stroke-width":4}},
{"type":"Feature","geometry":{"type":"LineString","coordinates":[[-63.23077,-17.38408],[-63.23078,-17.38407],[-63.2308,-17.38406],[-63.23082,-17.38405],[-63.23084,-17.38404],[-63.23086,-17.38404],[-63.23088,-17.38405],[-63.23089,-17.38405],[-63.23091,-17.38406],[-63.23093,-17.38407]]},"properties":{"name":"Arco [4371A]:0","stroke-opacity":1,"stroke":"#00fefe","stroke-width":4}},
{"type":"Feature","geometry":{"type":"LineString","coordinates":[[-63.23093,-17.38407],[-63.23227,-17.38524]]},"properties":{"name":"Línea [43719]:0","stroke-opacity":1,"stroke":"#00fefe","stroke-width":4}},
{"type":"Feature","geometry":{"type":"LineString","coordinates":[[-63.23071,-17.38388],[-63.23072,-17.3839],[-63.23073,-17.38391],[-63.23074,-17.38393],[-63.23075,-17.38395],[-63.23075,-17.38397],[-63.23074,-17.38399],[-63.23074,-17.38401],[-63.23073,-17.38402],[-63.23072,-17.38404]]},"properties":{"name":"Arco [43718]:0","stroke-opacity":1,"stroke":"#00fefe","stroke-width":4}},
{"type":"Feature","geometry":{"type":"LineString","coordinates":[[-63.22931,-17.38266],[-63.23071,-17.38388]]},"properties":{"name":"Línea [43710]:0","stroke-opacity":1,"stroke":"#00fefe","stroke-width":4}},
{"type":"Feature","geometry":{"type":"LineString","coordinates":[[-63.22715,-17.38052],[-63.22713,-17.38051],[-63.22712,-17.38049],[-63.22711,-17.38047],[-63.22711,-17.38044],[-63.2271,-17.38042],[-63.22711,-17.3804],[-63.22711,-17.38037],[-63.22713,-17.38035],[-63.22714,-17.38033]]},"properties":{"name":"Arco [436ED]:0","stroke-opacity":1,"stroke":"#0000fe","stroke-width":4}},
{"type":"Feature","geometry":{"type":"LineString","coordinates":[[-63.22944,-17.38252],[-63.23085,-17.38375]]},"properties":{"name":"Línea [436E7]:0","stroke-opacity":1,"stroke":"#0000fe","stroke-width":4}},
{"type":"Feature","geometry":{"type":"LineString","coordinates":[[-63.23097,-17.38374],[-63.23096,-17.38375],[-63.23094,-17.38376],[-63.23093,-17.38377],[-63.23092,-17.38377],[-63.2309,-17.38377],[-63.23089,-17.38377],[-63.23087,-17.38376],[-63.23086,-17.38376],[-63.23085,-17.38375]]},"properties":{"name":"Arco [436E0]:0","stroke-opacity":1,"stroke":"#0000fe","stroke-width":4}},
{"type":"Feature","geometry":{"type":"LineString","coordinates":[[-63.23107,-17.38394],[-63.23106,-17.38393],[-63.23105,-17.38391],[-63.23104,-17.3839],[-63.23104,-17.38389],[-63.23104,-17.38387],[-63.23104,-17.38386],[-63.23104,-17.38384],[-63.23105,-17.38383],[-63.23106,-17.38382]]},"properties":{"name":"Arco [436DF]:0","stroke-opacity":1,"stroke":"#0000fe","stroke-width":4}},
{"type":"Feature","geometry":{"type":"LineString","coordinates":[[-63.23078,-17.3841],[-63.23079,-17.38409],[-63.23081,-17.38409],[-63.23082,-17.38408],[-63.23083,-17.38408],[-63.23085,-17.38408],[-63.23086,-17.38408],[-63.23088,-17.38408],[-63.23089,-17.38409],[-63.2309,-17.3841]]},"properties":{"name":"Arco [436DE]:0","stroke-opacity":1,"stroke":"#0000fe","stroke-width":4}},
{"type":"Feature","geometry":{"type":"LineString","coordinates":[[-63.2309,-17.3841],[-63.23224,-17.38527]]},"properties":{"name":"Línea [436DD]:0","stroke-opacity":1,"stroke":"#0000fe","stroke-width":4}},
{"type":"Feature","geometry":{"type":"MultiLineString","coordinates":[[[-63.22919,-17.3828],[-63.22919,-17.38279],[-63.2292,-17.38279],[-63.2292,-17.3828]],[[-63.2292,-17.3828],[-63.22919,-17.3828]]]},"properties":{"name":"Círculo [436C9]:0","stroke-opacity":1,"stroke":"#fefefe","stroke-width":4}},
{"type":"Feature","geometry":{"type":"LineString","coordinates":[[-63.2292,-17.3828],[-63.22919,-17.38266]]},"properties":{"name":"Línea [436C8]:0","stroke-opacity":1,"stroke":"#fefefe","stroke-width":4}},
{"type":"Feature","geometry":{"type":"LineString","coordinates":[[-63.24037,-17.3922],[-63.23911,-17.39353]]},"properties":{"name":"Línea [43603]:0","stroke-opacity":1,"stroke":"#fe00fe","stroke-width":4}},
{"type":"Feature","geometry":{"type":"LineString","coordinates":[[-63.22843,-17.38179],[-63.24037,-17.3922]]},"properties":{"name":"Línea [43569]:0","stroke-opacity":1,"stroke":"#fe00fe","stroke-width":4}},
{"type":"Feature","geometry":{"type":"LineString","coordinates":[[-63.22697,-17.38054],[-63.22908,-17.38237]]},"properties":{"name":"Línea [4352E]:0","stroke-opacity":1,"stroke":"#00fefe","stroke-width":4}},
{"type":"Feature","geometry":{"type":"LineString","coordinates":[[-63.22702,-17.38066],[-63.22896,-17.38236]]},"properties":{"name":"Línea [4352B]:0","stroke-opacity":1,"stroke":"#00fefe","stroke-width":4}},
{"type":"Feature","geometry":{"type":"LineString","coordinates":[[-63.23573,-17.388],[-63.23707,-17.38917]]},"properties":{"name":"Línea [43529]:0","stroke-opacity":1,"stroke":"#0000fe","stroke-width":4}},
{"type":"Feature","geometry":{"type":"LineString","coordinates":[[-63.23262,-17.38529],[-63.23396,-17.38646]]},"properties":{"name":"Línea [43528]:0","stroke-opacity":1,"stroke":"#0000fe","stroke-width":4}},
{"type":"Feature","geometry":{"type":"LineString","coordinates":[[-63.23107,-17.38394],[-63.2324,-17.3851]]},"properties":{"name":"Línea [43527]:0","stroke-opacity":1,"stroke":"#0000fe","stroke-width":4}},
{"type":"Feature","geometry":{"type":"LineString","coordinates":[[-63.23068,-17.38391],[-63.2307,-17.38392],[-63.2307,-17.38393],[-63.23071,-17.38395],[-63.23071,-17.38396],[-63.23071,-17.38397],[-63.23071,-17.38399],[-63.23071,-17.384],[-63.2307,-17.38401],[-63.23069,-17.38403]]},"properties":{"name":"Arco [434C0]:0","stroke-opacity":1,"stroke":"#0000fe","stroke-width":4}},
{"type":"Feature","geometry":{"type":"LineString","coordinates":[[-63.23893,-17.39109],[-63.24018,-17.39219]]},"properties":{"name":"Línea [434BA]:0","stroke-opacity":1,"stroke":"#0000fe","stroke-width":4}},
{"type":"Feature","geometry":{"type":"LineString","coordinates":[[-63.23053,-17.38419],[-63.22926,-17.38307]]},"properties":{"name":"Línea [434A9]:0","stroke-opacity":1,"stroke":"#0000fe","stroke-width":4}},
{"type":"Feature","geometry":{"type":"LineString","coordinates":[[-63.22659,-17.38018],[-63.22838,-17.38175]]},"properties":{"name":"Línea [4338D]:0","stroke-opacity":1,"stroke":"#fe00fe","stroke-width":4}},
{"type":"Feature","geometry":{"type":"LineString","coordinates":[[-63.22929,-17.3827],[-63.23068,-17.38391]]},"properties":{"name":"Línea [4338C]:0","stroke-opacity":1,"stroke":"#0000fe","stroke-width":4}},
{"type":"Feature","geometry":{"type":"MultiLineString","coordinates":[[[-63.2269,-17.3808],[-63.2269,-17.38079],[-63.22691,-17.38079],[-63.22691,-17.3808]],[[-63.22691,-17.3808],[-63.2269,-17.3808]]]},"properties":{"name":"Círculo [43332]:0","stroke-opacity":1,"stroke":"#fefefe","stroke-width":4}},
{"type":"Feature","geometry":{"type":"LineString","coordinates":[[-63.2269,-17.3808],[-63.22689,-17.38066]]},"properties":{"name":"Línea [43331]:0","stroke-opacity":1,"stroke":"#fefefe","stroke-width":4}},
{"type":"Feature","geometry":{"type":"MultiLineString","coordinates":[[[-63.227,-17.3807],[-63.22689,-17.3806]],[[-63.22689,-17.3806],[-63.2268,-17.38071]]]},"properties":{"name":"Polilínea [4332C]:0","stroke-opacity":1,"stroke":"#0000fe","stroke-width":4}},
{"type":"Feature","geometry":{"type":"LineString","coordinates":[[-63.2268,-17.38071],[-63.22681,-17.38069],[-63.22684,-17.38068],[-63.22686,-17.38067],[-63.22688,-17.38066],[-63.22691,-17.38066],[-63.22693,-17.38066],[-63.22696,-17.38067],[-63.22698,-17.38068],[-63.227,-17.3807]]},"properties":{"name":"Arco [43327]:0","stroke-opacity":1,"stroke":"#0000fe","stroke-width":4}},
{"type":"Feature","geometry":{"type":"LineString","coordinates":[[-63.227,-17.3807],[-63.22893,-17.38238]]},"properties":{"name":"Línea [432E0]:0","stroke-opacity":1,"stroke":"#0000fe","stroke-width":4}},
{"type":"Feature","geometry":{"type":"LineString","coordinates":[[-63.22715,-17.38052],[-63.2291,-17.38222]]},"properties":{"name":"Línea [432DF]:0","stroke-opacity":1,"stroke":"#0000fe","stroke-width":4}},
{"type":"Feature","geometry":{"type":"LineString","coordinates":[[-63.2389,-17.39206],[-63.23978,-17.39282]]},"properties":{"name":"Línea [43024]:0","stroke-opacity":1,"stroke":"#fe00fe","stroke-width":4}},
{"type":"Feature","geometry":{"type":"LineString","coordinates":[[-63.22813,-17.38267],[-63.23493,-17.3886]]},"properties":{"name":"Línea [3BAA5]:0","stroke-opacity":1,"stroke":"#fe00fe","stroke-width":4}},
{"type":"Feature","geometry":{"type":"LineString","coordinates":[[-63.22906,-17.38451],[-63.23049,-17.38575]]},"properties":{"name":"Línea [3BA10]:0","stroke-opacity":1,"stroke":"#fe00fe","stroke-width":4}},
{"type":"Feature","geometry":{"type":"LineString","coordinates":[[-63.23062,-17.38587],[-63.23147,-17.38661]]},"properties":{"name":"Línea [3BA0F]:0","stroke-opacity":1,"stroke":"#fe00fe","stroke-width":4}},
{"type":"Feature","geometry":{"type":"LineString","coordinates":[[-63.23373,-17.38858],[-63.23515,-17.38982]]},"properties":{"name":"Línea [3BA0E]:0","stroke-opacity":1,"stroke":"#fe00fe","stroke-width":4}},
{"type":"Feature","geometry":{"type":"LineString","coordinates":[[-63.23528,-17.38993],[-63.23679,-17.39125]]},"properties":{"name":"Línea [3BA0D]:0","stroke-opacity":1,"stroke":"#fe00fe","stroke-width":4}},
{"type":"Feature","geometry":{"type":"LineString","coordinates":[[-63.23692,-17.39136],[-63.23775,-17.39209]]},"properties":{"name":"Línea [3BA0C]:0","stroke-opacity":1,"stroke":"#fe00fe","stroke-width":4}},
{"type":"Feature","geometry":{"type":"LineString","coordinates":[[-63.22804,-17.38361],[-63.22893,-17.3844]]},"properties":{"name":"Línea [3B906]:0","stroke-opacity":1,"stroke":"#fe00fe","stroke-width":4}},
{"type":"Feature","geometry":{"type":"LineString","coordinates":[[-63.23622,-17.39023],[-63.23572,-17.39074]]},"properties":{"name":"Línea [3B863]:0","stroke-opacity":1,"stroke":"#fe00fe","stroke-width":4}},
{"type":"Feature","geometry":{"type":"LineString","coordinates":[[-63.23466,-17.38888],[-63.23416,-17.38938]]},"properties":{"name":"Línea [3B862]:0","stroke-opacity":1,"stroke":"#fe00fe","stroke-width":4}},
{"type":"Feature","geometry":{"type":"LineString","coordinates":[[-63.23308,-17.38755],[-63.23261,-17.38803]]},"properties":{"name":"Línea [3B861]:0","stroke-opacity":1,"stroke":"#fe00fe","stroke-width":4}},
{"type":"Feature","geometry":{"type":"LineString","coordinates":[[-63.23,-17.38481],[-63.2295,-17.38532]]},"properties":{"name":"Línea [3B85D]:0","stroke-opacity":1,"stroke":"#fe00fe","stroke-width":4}},
{"type":"Feature","geometry":{"type":"LineString","coordinates":[[-63.22712,-17.38028],[-63.2271,-17.3803]]},"properties":{"name":"Línea [3B32B]:0","stroke-opacity":1,"stroke":"#00fefe","stroke-width":4}},
{"type":"Feature","geometry":{"type":"LineString","coordinates":[[-63.22932,-17.38546],[-63.22948,-17.3853]]},"properties":{"name":"Línea [3B325]:0","stroke-opacity":1,"stroke":"#0000fe","stroke-width":4}},
{"type":"Feature","geometry":{"type":"LineString","coordinates":[[-63.22937,-17.3855],[-63.22953,-17.38534]]},"properties":{"name":"Línea [3B324]:0","stroke-opacity":1,"stroke":"#0000fe","stroke-width":4}},
{"type":"Feature","geometry":{"type":"LineString","coordinates":[[-63.23258,-17.38801],[-63.23242,-17.38817]]},"properties":{"name":"Línea [3B321]:0","stroke-opacity":1,"stroke":"#0000fe","stroke-width":4}},
{"type":"Feature","geometry":{"type":"LineString","coordinates":[[-63.23263,-17.38805],[-63.23248,-17.38821]]},"properties":{"name":"Línea [3B320]:0","stroke-opacity":1,"stroke":"#0000fe","stroke-width":4}},
{"type":"Feature","geometry":{"type":"LineString","coordinates":[[-63.23414,-17.38936],[-63.23398,-17.38952]]},"properties":{"name":"Línea [3B31F]:0","stroke-opacity":1,"stroke":"#0000fe","stroke-width":4}},
{"type":"Feature","geometry":{"type":"LineString","coordinates":[[-63.23419,-17.3894],[-63.23403,-17.38956]]},"properties":{"name":"Línea [3B31E]:0","stroke-opacity":1,"stroke":"#0000fe","stroke-width":4}},
{"type":"Feature","geometry":{"type":"LineString","coordinates":[[-63.23569,-17.39072],[-63.23553,-17.39088]]},"properties":{"name":"Línea [3B31D]:0","stroke-opacity":1,"stroke":"#0000fe","stroke-width":4}},
{"type":"Feature","geometry":{"type":"LineString","coordinates":[[-63.23574,-17.39076],[-63.23559,-17.39092]]},"properties":{"name":"Línea [3B31C]:0","stroke-opacity":1,"stroke":"#0000fe","stroke-width":4}},
{"type":"Feature","geometry":{"type":"LineString","coordinates":[[-63.23246,-17.38545],[-63.23379,-17.38662]]},"properties":{"name":"Línea [3B2BD]:0","stroke-opacity":1,"stroke":"#0000fe","stroke-width":4}},
{"type":"Feature","geometry":{"type":"LineString","coordinates":[[-63.23401,-17.38681],[-63.23535,-17.38798]]},"properties":{"name":"Línea [3B2B7]:0","stroke-opacity":1,"stroke":"#0000fe","stroke-width":4}},
{"type":"Feature","geometry":{"type":"LineString","coordinates":[[-63.22676,-17.38068],[-63.22561,-17.38193]]},"properties":{"name":"Línea [3B21F]:0","stroke-opacity":1,"stroke":"#00fefe","stroke-width":4}},
{"type":"Feature","geometry":{"type":"LineString","coordinates":[[-63.23741,-17.38898],[-63.2372,-17.38919]]},"properties":{"name":"Línea [3B1BF]:0","stroke-opacity":1,"stroke":"#00fefe","stroke-width":4}},
{"type":"Feature","geometry":{"type":"LineString","coordinates":[[-63.23746,-17.38902],[-63.23725,-17.38923]]},"properties":{"name":"Línea [3B1BE]:0","stroke-opacity":1,"stroke":"#00fefe","stroke-width":4}},
{"type":"Feature","geometry":{"type":"LineString","coordinates":[[-63.23586,-17.38762],[-63.23565,-17.38783]]},"properties":{"name":"Línea [3B1BD]:0","stroke-opacity":1,"stroke":"#00fefe","stroke-width":4}},
{"type":"Feature","geometry":{"type":"LineString","coordinates":[[-63.23591,-17.38766],[-63.2357,-17.38787]]},"properties":{"name":"Línea [3B1BC]:0","stroke-opacity":1,"stroke":"#00fefe","stroke-width":4}},
{"type":"Feature","geometry":{"type":"LineString","coordinates":[[-63.2343,-17.38627],[-63.23409,-17.38648]]},"properties":{"name":"Línea [3B1BB]:0","stroke-opacity":1,"stroke":"#00fefe","stroke-width":4}},
{"type":"Feature","geometry":{"type":"LineString","coordinates":[[-63.23435,-17.38631],[-63.23414,-17.38652]]},"properties":{"name":"Línea [3B1BA]:0","stroke-opacity":1,"stroke":"#00fefe","stroke-width":4}},
{"type":"Feature","geometry":{"type":"LineString","coordinates":[[-63.23275,-17.38491],[-63.23254,-17.38512]]},"properties":{"name":"Línea [3B1B9]:0","stroke-opacity":1,"stroke":"#00fefe","stroke-width":4}},
{"type":"Feature","geometry":{"type":"LineString","coordinates":[[-63.2328,-17.38495],[-63.23259,-17.38516]]},"properties":{"name":"Línea [3B1B8]:0","stroke-opacity":1,"stroke":"#00fefe","stroke-width":4}},
{"type":"Feature","geometry":{"type":"LineString","coordinates":[[-63.23072,-17.38404],[-63.23036,-17.3844]]},"properties":{"name":"Línea [3B19E]:0","stroke-opacity":1,"stroke":"#00fefe","stroke-width":4}},
{"type":"Feature","geometry":{"type":"LineString","coordinates":[[-63.23077,-17.38408],[-63.23041,-17.38444]]},"properties":{"name":"Línea [3B19D]:0","stroke-opacity":1,"stroke":"#00fefe","stroke-width":4}},
{"type":"Feature","geometry":{"type":"LineString","coordinates":[[-63.23227,-17.38539],[-63.23191,-17.38576]]},"properties":{"name":"Línea [3B196]:0","stroke-opacity":1,"stroke":"#00fefe","stroke-width":4}},
{"type":"Feature","geometry":{"type":"LineString","coordinates":[[-63.23232,-17.38543],[-63.23196,-17.3858]]},"properties":{"name":"Línea [3B195]:0","stroke-opacity":1,"stroke":"#00fefe","stroke-width":4}},
{"type":"Feature","geometry":{"type":"LineString","coordinates":[[-63.23383,-17.38675],[-63.23347,-17.38711]]},"properties":{"name":"Línea [3B18C]:0","stroke-opacity":1,"stroke":"#00fefe","stroke-width":4}},
{"type":"Feature","geometry":{"type":"LineString","coordinates":[[-63.23388,-17.38679],[-63.23352,-17.38715]]},"properties":{"name":"Línea [3B18B]:0","stroke-opacity":1,"stroke":"#00fefe","stroke-width":4}},
{"type":"Feature","geometry":{"type":"LineString","coordinates":[[-63.23538,-17.3881],[-63.23502,-17.38847]]},"properties":{"name":"Línea [3B184]:0","stroke-opacity":1,"stroke":"#00fefe","stroke-width":4}},
{"type":"Feature","geometry":{"type":"LineString","coordinates":[[-63.23543,-17.38814],[-63.23507,-17.38851]]},"properties":{"name":"Línea [3B183]:0","stroke-opacity":1,"stroke":"#00fefe","stroke-width":4}},
{"type":"Feature","geometry":{"type":"LineString","coordinates":[[-63.23694,-17.38946],[-63.23658,-17.38982]]},"properties":{"name":"Línea [3B17A]:0","stroke-opacity":1,"stroke":"#00fefe","stroke-width":4}},
{"type":"Feature","geometry":{"type":"LineString","coordinates":[[-63.23699,-17.3895],[-63.23663,-17.38986]]},"properties":{"name":"Línea [3B179]:0","stroke-opacity":1,"stroke":"#00fefe","stroke-width":4}},
{"type":"Feature","geometry":{"type":"LineString","coordinates":[[-63.23583,-17.39058],[-63.23569,-17.39072]]},"properties":{"name":"Línea [3B157]:0","stroke-opacity":1,"stroke":"#00fefe","stroke-width":4}},
{"type":"Feature","geometry":{"type":"LineString","coordinates":[[-63.23583,-17.39045],[-63.23584,-17.39046],[-63.23585,-17.39047],[-63.23585,-17.39049],[-63.23586,-17.3905],[-63.23586,-17.39052],[-63.23586,-17.39054],[-63.23585,-17.39055],[-63.23584,-17.39057],[-63.23583,-17.39058]]},"properties":{"name":"Arco [3B156]:0","stroke-opacity":1,"stroke":"#00fefe","stroke-width":4}},
{"type":"Feature","geometry":{"type":"LineString","coordinates":[[-63.23601,-17.3904],[-63.23599,-17.39041],[-63.23598,-17.39042],[-63.23597,-17.39042],[-63.23595,-17.39043],[-63.23593,-17.39043],[-63.23592,-17.39043],[-63.2359,-17.39042],[-63.23589,-17.39041],[-63.23588,-17.39041]]},"properties":{"name":"Arco [3B155]:0","stroke-opacity":1,"stroke":"#00fefe","stroke-width":4}},
{"type":"Feature","geometry":{"type":"LineString","coordinates":[[-63.23635,-17.39005],[-63.23601,-17.3904]]},"properties":{"name":"Línea [3B154]:0","stroke-opacity":1,"stroke":"#00fefe","stroke-width":4}},
{"type":"Feature","geometry":{"type":"LineString","coordinates":[[-63.23606,-17.39057],[-63.23605,-17.39056],[-63.23604,-17.39054],[-63.23604,-17.39053],[-63.23603,-17.39051],[-63.23603,-17.3905],[-63.23604,-17.39048],[-63.23604,-17.39047],[-63.23605,-17.39045],[-63.23606,-17.39044]]},"properties":{"name":"Arco [3B153]:0","stroke-opacity":1,"stroke":"#00fefe","stroke-width":4}},
{"type":"Feature","geometry":{"type":"LineString","coordinates":[[-63.23606,-17.39057],[-63.23769,-17.39198]]},"properties":{"name":"Línea [3B152]:0","stroke-opacity":1,"stroke":"#00fefe","stroke-width":4}},
{"type":"Feature","geometry":{"type":"LineString","coordinates":[[-63.23602,-17.39061],[-63.23764,-17.39203]]},"properties":{"name":"Línea [3B151]:0","stroke-opacity":1,"stroke":"#00fefe","stroke-width":4}},
{"type":"Feature","geometry":{"type":"LineString","coordinates":[[-63.23588,-17.39062],[-63.23574,-17.39076]]},"properties":{"name":"Línea [3B150]:0","stroke-opacity":1,"stroke":"#00fefe","stroke-width":4}},
{"type":"Feature","geometry":{"type":"LineString","coordinates":[[-63.23588,-17.39062],[-63.2359,-17.39061],[-63.23591,-17.3906],[-63.23592,-17.39059],[-63.23594,-17.39059],[-63.23596,-17.39059],[-63.23597,-17.39059],[-63.23599,-17.3906],[-63.236,-17.3906],[-63.23602,-17.39061]]},"properties":{"name":"Arco [3B14F]:0","stroke-opacity":1,"stroke":"#00fefe","stroke-width":4}},
{"type":"Feature","geometry":{"type":"LineString","coordinates":[[-63.23451,-17.38921],[-63.23588,-17.39041]]},"properties":{"name":"Línea [3B14D]:0","stroke-opacity":1,"stroke":"#00fefe","stroke-width":4}},
{"type":"Feature","geometry":{"type":"LineString","coordinates":[[-63.23446,-17.38926],[-63.23583,-17.39045]]},"properties":{"name":"Línea [3B14C]:0","stroke-opacity":1,"stroke":"#00fefe","stroke-width":4}},
{"type":"Feature","geometry":{"type":"LineString","coordinates":[[-63.23433,-17.38926],[-63.23434,-17.38925],[-63.23435,-17.38924],[-63.23437,-17.38924],[-63.23439,-17.38923],[-63.2344,-17.38923],[-63.23442,-17.38924],[-63.23443,-17.38924],[-63.23445,-17.38925],[-63.23446,-17.38926]]},"properties":{"name":"Arco [3B14B]:0","stroke-opacity":1,"stroke":"#00fefe","stroke-width":4}},
{"type":"Feature","geometry":{"type":"LineString","coordinates":[[-63.23433,-17.38926],[-63.23419,-17.3894]]},"properties":{"name":"Línea [3B14A]:0","stroke-opacity":1,"stroke":"#00fefe","stroke-width":4}},
{"type":"Feature","geometry":{"type":"LineString","coordinates":[[-63.23428,-17.38922],[-63.23414,-17.38936]]},"properties":{"name":"Línea [3B149]:0","stroke-opacity":1,"stroke":"#00fefe","stroke-width":4}},
{"type":"Feature","geometry":{"type":"LineString","coordinates":[[-63.23427,-17.38909],[-63.23428,-17.38911],[-63.23429,-17.38912],[-63.2343,-17.38913],[-63.2343,-17.38915],[-63.2343,-17.38916],[-63.2343,-17.38918],[-63.2343,-17.3892],[-63.23429,-17.38921],[-63.23428,-17.38922]]},"properties":{"name":"Arco [3B148]:0","stroke-opacity":1,"stroke":"#00fefe","stroke-width":4}},
{"type":"Feature","geometry":{"type":"LineString","coordinates":[[-63.23445,-17.38905],[-63.23444,-17.38906],[-63.23443,-17.38906],[-63.23441,-17.38907],[-63.2344,-17.38907],[-63.23438,-17.38907],[-63.23436,-17.38907],[-63.23435,-17.38907],[-63.23433,-17.38906],[-63.23432,-17.38905]]},"properties":{"name":"Arco [3B147]:0","stroke-opacity":1,"stroke":"#00fefe","stroke-width":4}},
{"type":"Feature","geometry":{"type":"LineString","coordinates":[[-63.23485,-17.38874],[-63.2345,-17.38909]]},"properties":{"name":"Línea [3B146]:0","stroke-opacity":1,"stroke":"#00fefe","stroke-width":4}},
{"type":"Feature","geometry":{"type":"LineString","coordinates":[[-63.2348,-17.3887],[-63.23445,-17.38905]]},"properties":{"name":"Línea [3B145]:0","stroke-opacity":1,"stroke":"#00fefe","stroke-width":4}},
{"type":"Feature","geometry":{"type":"LineString","coordinates":[[-63.23451,-17.38921],[-63.2345,-17.3892],[-63.23449,-17.38919],[-63.23448,-17.38917],[-63.23448,-17.38916],[-63.23448,-17.38914],[-63.23448,-17.38913],[-63.23449,-17.38911],[-63.23449,-17.3891],[-63.2345,-17.38909]]},"properties":{"name":"Arco [3B144]:0","stroke-opacity":1,"stroke":"#00fefe","stroke-width":4}},
{"type":"Feature","geometry":{"type":"LineString","coordinates":[[-63.23277,-17.38791],[-63.23263,-17.38805]]},"properties":{"name":"Línea [3B143]:0","stroke-opacity":1,"stroke":"#00fefe","stroke-width":4}},
{"type":"Feature","geometry":{"type":"LineString","coordinates":[[-63.23291,-17.3879],[-63.23427,-17.38909]]},"properties":{"name":"Línea [3B142]:0","stroke-opacity":1,"stroke":"#00fefe","stroke-width":4}},
{"type":"Feature","geometry":{"type":"LineString","coordinates":[[-63.23295,-17.38786],[-63.23432,-17.38905]]},"properties":{"name":"Línea [3B141]:0","stroke-opacity":1,"stroke":"#00fefe","stroke-width":4}},
{"type":"Feature","geometry":{"type":"LineString","coordinates":[[-63.23324,-17.38734],[-63.23258,-17.38801]]},"properties":{"name":"Línea [3B140]:0","stroke-opacity":1,"stroke":"#00fefe","stroke-width":4}},
{"type":"Feature","geometry":{"type":"LineString","coordinates":[[-63.23329,-17.38738],[-63.23295,-17.38773]]},"properties":{"name":"Línea [3B13F]:0","stroke-opacity":1,"stroke":"#00fefe","stroke-width":4}},
{"type":"Feature","geometry":{"type":"LineString","coordinates":[[-63.23295,-17.38786],[-63.23294,-17.38785],[-63.23293,-17.38783],[-63.23293,-17.38782],[-63.23292,-17.3878],[-63.23292,-17.38779],[-63.23293,-17.38777],[-63.23293,-17.38776],[-63.23294,-17.38774],[-63.23295,-17.38773]]},"properties":{"name":"Arco [3B13E]:0","stroke-opacity":1,"stroke":"#00fefe","stroke-width":4}},
{"type":"Feature","geometry":{"type":"LineString","coordinates":[[-63.23277,-17.38791],[-63.23279,-17.3879],[-63.2328,-17.38789],[-63.23281,-17.38788],[-63.23283,-17.38788],[-63.23285,-17.38788],[-63.23286,-17.38788],[-63.23288,-17.38789],[-63.23289,-17.38789],[-63.23291,-17.3879]]},"properties":{"name":"Arco [3B13D]:0","stroke-opacity":1,"stroke":"#00fefe","stroke-width":4}},
{"type":"Feature","geometry":{"type":"LineString","coordinates":[[-63.22966,-17.3852],[-63.22953,-17.38534]]},"properties":{"name":"Línea [3B136]:0","stroke-opacity":1,"stroke":"#00fefe","stroke-width":4}},
{"type":"Feature","geometry":{"type":"LineString","coordinates":[[-63.23013,-17.38463],[-63.22979,-17.38498]]},"properties":{"name":"Línea [3B135]:0","stroke-opacity":1,"stroke":"#00fefe","stroke-width":4}},
{"type":"Feature","geometry":{"type":"LineString","coordinates":[[-63.22961,-17.38516],[-63.22948,-17.3853]]},"properties":{"name":"Línea [3B134]:0","stroke-opacity":1,"stroke":"#00fefe","stroke-width":4}},
{"type":"Feature","geometry":{"type":"LineString","coordinates":[[-63.22961,-17.38503],[-63.22962,-17.38504],[-63.22963,-17.38505],[-63.22963,-17.38507],[-63.22964,-17.38508],[-63.22964,-17.3851],[-63.22964,-17.38512],[-63.22963,-17.38513],[-63.22962,-17.38514],[-63.22961,-17.38516]]},"properties":{"name":"Arco [3B133]:0","stroke-opacity":1,"stroke":"#00fefe","stroke-width":4}},
{"type":"Feature","geometry":{"type":"LineString","coordinates":[[-63.22979,-17.38498],[-63.22978,-17.38499],[-63.22976,-17.385],[-63.22975,-17.385],[-63.22973,-17.38501],[-63.22971,-17.38501],[-63.2297,-17.38501],[-63.22968,-17.385],[-63.22967,-17.38499],[-63.22966,-17.38498]]},"properties":{"name":"Arco [3B132]:0","stroke-opacity":1,"stroke":"#00fefe","stroke-width":4}},
{"type":"Feature","geometry":{"type":"LineString","coordinates":[[-63.23018,-17.38467],[-63.22984,-17.38502]]},"properties":{"name":"Línea [3B131]:0","stroke-opacity":1,"stroke":"#00fefe","stroke-width":4}},
{"type":"Feature","geometry":{"type":"LineString","coordinates":[[-63.22984,-17.38515],[-63.22983,-17.38514],[-63.22982,-17.38512],[-63.22982,-17.38511],[-63.22981,-17.38509],[-63.22981,-17.38508],[-63.22982,-17.38506],[-63.22982,-17.38505],[-63.22983,-17.38503],[-63.22984,-17.38502]]},"properties":{"name":"Arco [3B130]:0","stroke-opacity":1,"stroke":"#00fefe","stroke-width":4}},
{"type":"Feature","geometry":{"type":"LineString","coordinates":[[-63.22984,-17.38515],[-63.2314,-17.38651]]},"properties":{"name":"Línea [3B12F]:0","stroke-opacity":1,"stroke":"#00fefe","stroke-width":4}},
{"type":"Feature","geometry":{"type":"LineString","coordinates":[[-63.2298,-17.38519],[-63.23136,-17.38655]]},"properties":{"name":"Línea [3B12E]:0","stroke-opacity":1,"stroke":"#00fefe","stroke-width":4}},
{"type":"Feature","geometry":{"type":"LineString","coordinates":[[-63.22966,-17.3852],[-63.22968,-17.38519],[-63.22969,-17.38518],[-63.22971,-17.38517],[-63.22972,-17.38517],[-63.22974,-17.38517],[-63.22975,-17.38517],[-63.22977,-17.38518],[-63.22978,-17.38518],[-63.2298,-17.38519]]},"properties":{"name":"Arco [3B12D]:0","stroke-opacity":1,"stroke":"#00fefe","stroke-width":4}},
{"type":"Feature","geometry":{"type":"LineString","coordinates":[[-63.22815,-17.38376],[-63.22961,-17.38503]]},"properties":{"name":"Línea [3B129]:0","stroke-opacity":1,"stroke":"#00fefe","stroke-width":4}},
{"type":"Feature","geometry":{"type":"LineString","coordinates":[[-63.2282,-17.38372],[-63.22966,-17.38498]]},"properties":{"name":"Línea [3B128]:0","stroke-opacity":1,"stroke":"#00fefe","stroke-width":4}},
{"type":"Feature","geometry":{"type":"LineString","coordinates":[[-63.22719,-17.38028],[-63.22714,-17.38033]]},"properties":{"name":"Línea [3AC73]:0","stroke-opacity":1,"stroke":"#0000fe","stroke-width":4}},
{"type":"Feature","geometry":{"type":"LineString","coordinates":[[-63.2268,-17.38071],[-63.22564,-17.38196]]},"properties":{"name":"Línea [3AC6E]:0","stroke-opacity":1,"stroke":"#0000fe","stroke-width":4}},
{"type":"Feature","geometry":{"type":"LineString","coordinates":[[-63.22659,-17.38018],[-63.22533,-17.38155]]},"properties":{"name":"Línea [3AC6D]:0","stroke-opacity":1,"stroke":"#fe00fe","stroke-width":4}},
{"type":"Feature","geometry":{"type":"LineString","coordinates":[[-63.2364,-17.39009],[-63.23606,-17.39044]]},"properties":{"name":"Línea [3AC5A]:0","stroke-opacity":1,"stroke":"#00fefe","stroke-width":4}},
{"type":"Feature","geometry":{"type":"LineString","coordinates":[[-63.23709,-17.38934],[-63.23634,-17.39011]]},"properties":{"name":"Línea [3AB39]:0","stroke-opacity":1,"stroke":"#fe00fe","stroke-width":4}},
{"type":"Feature","geometry":{"type":"LineString","coordinates":[[-63.23554,-17.38799],[-63.23478,-17.38875]]},"properties":{"name":"Línea [3AB38]:0","stroke-opacity":1,"stroke":"#fe00fe","stroke-width":4}},
{"type":"Feature","geometry":{"type":"LineString","coordinates":[[-63.23088,-17.38392],[-63.23012,-17.38469]]},"properties":{"name":"Línea [3AB37]:0","stroke-opacity":1,"stroke":"#fe00fe","stroke-width":4}},
{"type":"Feature","geometry":{"type":"LineString","coordinates":[[-63.23902,-17.39102],[-63.23937,-17.39133]]},"properties":{"name":"Línea [3AB2C]:0","stroke-opacity":1,"stroke":"#0000fe","stroke-width":4}},
{"type":"Feature","geometry":{"type":"LineString","coordinates":[[-63.23938,-17.3906],[-63.24054,-17.39162]]},"properties":{"name":"Línea [3AB2B]:0","stroke-opacity":1,"stroke":"#0000fe","stroke-width":4}},
{"type":"Feature","geometry":{"type":"LineString","coordinates":[[-63.2277,-17.38116],[-63.22697,-17.38052]]},"properties":{"name":"Línea [3AB14]:0","stroke-opacity":1,"stroke":"#fefefe","stroke-width":4}},
{"type":"Feature","geometry":{"type":"LineString","coordinates":[[-63.23748,-17.38903],[-63.23749,-17.38903],[-63.2375,-17.38902],[-63.23751,-17.38902],[-63.23752,-17.38901],[-63.23754,-17.38901],[-63.23755,-17.38902],[-63.23756,-17.38902],[-63.23757,-17.38902],[-63.23758,-17.38903]]},"properties":{"name":"Arco [3AB11]:0","stroke-opacity":1,"stroke":"#0000fe","stroke-width":4}},
{"type":"Feature","geometry":{"type":"LineString","coordinates":[[-63.23739,-17.38887],[-63.2374,-17.38888],[-63.23741,-17.38889],[-63.23741,-17.38891],[-63.23741,-17.38892],[-63.23741,-17.38893],[-63.2374,-17.38894],[-63.2374,-17.38895],[-63.23739,-17.38896]]},"properties":{"name":"Arco [3AB10]:0","stroke-opacity":1,"stroke":"#0000fe","stroke-width":4}},
{"type":"Feature","geometry":{"type":"LineString","coordinates":[[-63.23593,-17.38768],[-63.23594,-17.38767],[-63.23595,-17.38767],[-63.23596,-17.38766],[-63.23597,-17.38766],[-63.23598,-17.38766],[-63.23599,-17.38766],[-63.236,-17.38766],[-63.23601,-17.38767],[-63.23602,-17.38768]]},"properties":{"name":"Arco [3AB0F]:0","stroke-opacity":1,"stroke":"#0000fe","stroke-width":4}},
{"type":"Feature","geometry":{"type":"LineString","coordinates":[[-63.23583,-17.38751],[-63.23584,-17.38752],[-63.23585,-17.38753],[-63.23585,-17.38754],[-63.23585,-17.38755],[-63.23585,-17.38756],[-63.23585,-17.38757],[-63.23585,-17.38758],[-63.23584,-17.38759],[-63.23584,-17.3876]]},"properties":{"name":"Arco [3AB0E]:0","stroke-opacity":1,"stroke":"#0000fe","stroke-width":4}},
{"type":"Feature","geometry":{"type":"LineString","coordinates":[[-63.23428,-17.38616],[-63.23429,-17.38616],[-63.23429,-17.38617],[-63.2343,-17.38618],[-63.2343,-17.3862],[-63.2343,-17.38621],[-63.2343,-17.38622],[-63.23429,-17.38623],[-63.23429,-17.38624],[-63.23428,-17.38625]]},"properties":{"name":"Arco [3AB0D]:0","stroke-opacity":1,"stroke":"#0000fe","stroke-width":4}},
{"type":"Feature","geometry":{"type":"LineString","coordinates":[[-63.23437,-17.38632],[-63.23438,-17.38632],[-63.23439,-17.38631],[-63.2344,-17.38631],[-63.23441,-17.3863],[-63.23443,-17.3863],[-63.23444,-17.38631],[-63.23445,-17.38631],[-63.23446,-17.38631],[-63.23447,-17.38632]]},"properties":{"name":"Arco [3AB0C]:0","stroke-opacity":1,"stroke":"#0000fe","stroke-width":4}},
{"type":"Feature","geometry":{"type":"LineString","coordinates":[[-63.23282,-17.38497],[-63.23283,-17.38496],[-63.23284,-17.38496],[-63.23285,-17.38495],[-63.23286,-17.38495],[-63.23287,-17.38495],[-63.23288,-17.38495],[-63.23289,-17.38495],[-63.2329,-17.38496],[-63.23291,-17.38497]]},"properties":{"name":"Arco [3AB0B]:0","stroke-opacity":1,"stroke":"#0000fe","stroke-width":4}},
{"type":"Feature","geometry":{"type":"LineString","coordinates":[[-63.23126,-17.38361],[-63.23127,-17.38361],[-63.23128,-17.3836],[-63.23129,-17.3836],[-63.2313,-17.38359],[-63.23132,-17.38359],[-63.23133,-17.3836],[-63.23134,-17.3836],[-63.23135,-17.3836],[-63.23136,-17.38361]]},"properties":{"name":"Arco [3AB0A]:0","stroke-opacity":1,"stroke":"#0000fe","stroke-width":4}},
{"type":"Feature","geometry":{"type":"LineString","coordinates":[[-63.23272,-17.3848],[-63.23273,-17.38481],[-63.23274,-17.38482],[-63.23274,-17.38483],[-63.23274,-17.38484],[-63.23274,-17.38485],[-63.23274,-17.38486],[-63.23274,-17.38487],[-63.23273,-17.38488],[-63.23273,-17.38489]]},"properties":{"name":"Arco [3AB09]:0","stroke-opacity":1,"stroke":"#0000fe","stroke-width":4}},
{"type":"Feature","geometry":{"type":"LineString","coordinates":[[-63.23117,-17.38345],[-63.23118,-17.38345],[-63.23118,-17.38346],[-63.23119,-17.38347],[-63.23119,-17.38349],[-63.23119,-17.3835],[-63.23119,-17.38351],[-63.23118,-17.38352],[-63.23118,-17.38353],[-63.23117,-17.38354]]},"properties":{"name":"Arco [3AB08]:0","stroke-opacity":1,"stroke":"#0000fe","stroke-width":4}},
{"type":"Feature","geometry":{"type":"LineString","coordinates":[[-63.23758,-17.38903],[-63.23919,-17.39044]]},"properties":{"name":"Línea [3AB00]:0","stroke-opacity":1,"stroke":"#0000fe","stroke-width":4}},
{"type":"Feature","geometry":{"type":"LineString","coordinates":[[-63.23602,-17.38768],[-63.23739,-17.38887]]},"properties":{"name":"Línea [3AAFF]:0","stroke-opacity":1,"stroke":"#0000fe","stroke-width":4}},
{"type":"Feature","geometry":{"type":"LineString","coordinates":[[-63.23447,-17.38632],[-63.23583,-17.38751]]},"properties":{"name":"Línea [3AAFE]:0","stroke-opacity":1,"stroke":"#0000fe","stroke-width":4}},
{"type":"Feature","geometry":{"type":"LineString","coordinates":[[-63.23291,-17.38497],[-63.23428,-17.38616]]},"properties":{"name":"Línea [3AAFD]:0","stroke-opacity":1,"stroke":"#0000fe","stroke-width":4}},
{"type":"Feature","geometry":{"type":"LineString","coordinates":[[-63.23136,-17.38361],[-63.23272,-17.3848]]},"properties":{"name":"Línea [3AAFC]:0","stroke-opacity":1,"stroke":"#0000fe","stroke-width":4}},
{"type":"Feature","geometry":{"type":"LineString","coordinates":[[-63.22972,-17.38219],[-63.23117,-17.38345]]},"properties":{"name":"Línea [3AAFB]:0","stroke-opacity":1,"stroke":"#0000fe","stroke-width":4}},
{"type":"Feature","geometry":{"type":"LineString","coordinates":[[-63.22754,-17.38028],[-63.22942,-17.38192]]},"properties":{"name":"Línea [3AAFA]:0","stroke-opacity":1,"stroke":"#0000fe","stroke-width":4}},
{"type":"Feature","geometry":{"type":"MultiLineString","coordinates":[[[-63.23887,-17.39115],[-63.23888,-17.39115]],[[-63.23888,-17.39115],[-63.23888,-17.39116],[-63.23887,-17.39116],[-63.23887,-17.39115]]]},"properties":{"name":"Círculo [3A603]:0","stroke-opacity":1,"stroke":"#fefefe","stroke-width":4}},
{"type":"Feature","geometry":{"type":"LineString","coordinates":[[-63.23887,-17.39115],[-63.23887,-17.39107]]},"properties":{"name":"Línea [3A600]:0","stroke-opacity":1,"stroke":"#fefefe","stroke-width":4}},
{"type":"Feature","geometry":{"type":"LineString","coordinates":[[-63.2372,-17.38944],[-63.23878,-17.39081]]},"properties":{"name":"Línea [3A5F8]:0","stroke-opacity":1,"stroke":"#0000fe","stroke-width":4}},
{"type":"Feature","geometry":{"type":"LineString","coordinates":[[-63.23712,-17.39196],[-63.23692,-17.39217]]},"properties":{"name":"Línea [3A571]:0","stroke-opacity":1,"stroke":"#0000fe","stroke-width":4}},
{"type":"Feature","geometry":{"type":"LineString","coordinates":[[-63.23738,-17.39218],[-63.23717,-17.39239]]},"properties":{"name":"Línea [3A570]:0","stroke-opacity":1,"stroke":"#0000fe","stroke-width":4}},
{"type":"Feature","geometry":{"type":"LineString","coordinates":[[-63.23729,-17.39211],[-63.23709,-17.39232]]},"properties":{"name":"Línea [3A56F]:0","stroke-opacity":1,"stroke":"#0000fe","stroke-width":4}},
{"type":"Feature","geometry":{"type":"LineString","coordinates":[[-63.23721,-17.39204],[-63.237,-17.39224]]},"properties":{"name":"Línea [3A56E]:0","stroke-opacity":1,"stroke":"#0000fe","stroke-width":4}},
{"type":"Feature","geometry":{"type":"LineString","coordinates":[[-63.23704,-17.39189],[-63.23684,-17.3921]]},"properties":{"name":"Línea [3A56D]:0","stroke-opacity":1,"stroke":"#0000fe","stroke-width":4}},
{"type":"Feature","geometry":{"type":"LineString","coordinates":[[-63.23696,-17.39182],[-63.23675,-17.39202]]},"properties":{"name":"Línea [3A56C]:0","stroke-opacity":1,"stroke":"#0000fe","stroke-width":4}},
{"type":"Feature","geometry":{"type":"LineString","coordinates":[[-63.23687,-17.39174],[-63.23667,-17.39195]]},"properties":{"name":"Línea [3A56B]:0","stroke-opacity":1,"stroke":"#0000fe","stroke-width":4}},
{"type":"Feature","geometry":{"type":"LineString","coordinates":[[-63.23679,-17.39167],[-63.23659,-17.39188]]},"properties":{"name":"Línea [3A56A]:0","stroke-opacity":1,"stroke":"#0000fe","stroke-width":4}},
{"type":"Feature","geometry":{"type":"LineString","coordinates":[[-63.23671,-17.3916],[-63.2365,-17.39181]]},"properties":{"name":"Línea [3A569]:0","stroke-opacity":1,"stroke":"#0000fe","stroke-width":4}},
{"type":"Feature","geometry":{"type":"LineString","coordinates":[[-63.23662,-17.39152],[-63.23642,-17.39173]]},"properties":{"name":"Línea [3A568]:0","stroke-opacity":1,"stroke":"#0000fe","stroke-width":4}},
{"type":"Feature","geometry":{"type":"LineString","coordinates":[[-63.23654,-17.39145],[-63.23633,-17.39166]]},"properties":{"name":"Línea [3A567]:0","stroke-opacity":1,"stroke":"#0000fe","stroke-width":4}},
{"type":"Feature","geometry":{"type":"LineString","coordinates":[[-63.23646,-17.39138],[-63.23625,-17.39159]]},"properties":{"name":"Línea [3A566]:0","stroke-opacity":1,"stroke":"#0000fe","stroke-width":4}},
{"type":"Feature","geometry":{"type":"LineString","coordinates":[[-63.23637,-17.39131],[-63.23617,-17.39151]]},"properties":{"name":"Línea [3A565]:0","stroke-opacity":1,"stroke":"#0000fe","stroke-width":4}},
{"type":"Feature","geometry":{"type":"LineString","coordinates":[[-63.23629,-17.39123],[-63.23608,-17.39144]]},"properties":{"name":"Línea [3A564]:0","stroke-opacity":1,"stroke":"#0000fe","stroke-width":4}},
{"type":"Feature","geometry":{"type":"LineString","coordinates":[[-63.2362,-17.39116],[-63.236,-17.39137]]},"properties":{"name":"Línea [3A563]:0","stroke-opacity":1,"stroke":"#0000fe","stroke-width":4}},
{"type":"Feature","geometry":{"type":"LineString","coordinates":[[-63.23612,-17.39109],[-63.23592,-17.39129]]},"properties":{"name":"Línea [3A562]:0","stroke-opacity":1,"stroke":"#0000fe","stroke-width":4}},
{"type":"Feature","geometry":{"type":"LineString","coordinates":[[-63.23604,-17.39101],[-63.23583,-17.39122]]},"properties":{"name":"Línea [3A561]:0","stroke-opacity":1,"stroke":"#0000fe","stroke-width":4}},
{"type":"Feature","geometry":{"type":"LineString","coordinates":[[-63.23595,-17.39094],[-63.23575,-17.39115]]},"properties":{"name":"Línea [3A560]:0","stroke-opacity":1,"stroke":"#0000fe","stroke-width":4}},
{"type":"Feature","geometry":{"type":"LineString","coordinates":[[-63.23587,-17.39087],[-63.23566,-17.39108]]},"properties":{"name":"Línea [3A55E]:0","stroke-opacity":1,"stroke":"#0000fe","stroke-width":4}},
{"type":"Feature","geometry":{"type":"LineString","coordinates":[[-63.238,-17.39139],[-63.23756,-17.39184]]},"properties":{"name":"Línea [394DF]:0","stroke-opacity":1,"stroke":"#0000fe","stroke-width":4}},
{"type":"Feature","geometry":{"type":"LineString","coordinates":[[-63.23792,-17.39131],[-63.23748,-17.39176]]},"properties":{"name":"Línea [394DE]:0","stroke-opacity":1,"stroke":"#0000fe","stroke-width":4}},
{"type":"Feature","geometry":{"type":"LineString","coordinates":[[-63.23784,-17.39124],[-63.23739,-17.39169]]},"properties":{"name":"Línea [394DD]:0","stroke-opacity":1,"stroke":"#0000fe","stroke-width":4}},
{"type":"Feature","geometry":{"type":"LineString","coordinates":[[-63.23775,-17.39117],[-63.23731,-17.39162]]},"properties":{"name":"Línea [394DC]:0","stroke-opacity":1,"stroke":"#0000fe","stroke-width":4}},
{"type":"Feature","geometry":{"type":"LineString","coordinates":[[-63.23767,-17.3911],[-63.23723,-17.39154]]},"properties":{"name":"Línea [394DB]:0","stroke-opacity":1,"stroke":"#0000fe","stroke-width":4}},
{"type":"Feature","geometry":{"type":"LineString","coordinates":[[-63.23758,-17.39102],[-63.23714,-17.39147]]},"properties":{"name":"Línea [394DA]:0","stroke-opacity":1,"stroke":"#0000fe","stroke-width":4}},
{"type":"Feature","geometry":{"type":"LineString","coordinates":[[-63.23742,-17.39088],[-63.23697,-17.39133]]},"properties":{"name":"Línea [394D9]:0","stroke-opacity":1,"stroke":"#0000fe","stroke-width":4}},
{"type":"Feature","geometry":{"type":"LineString","coordinates":[[-63.2375,-17.39095],[-63.23706,-17.3914]]},"properties":{"name":"Línea [394D8]:0","stroke-opacity":1,"stroke":"#0000fe","stroke-width":4}},
{"type":"Feature","geometry":{"type":"LineString","coordinates":[[-63.23733,-17.3908],[-63.23689,-17.39125]]},"properties":{"name":"Línea [394D7]:0","stroke-opacity":1,"stroke":"#0000fe","stroke-width":4}},
{"type":"Feature","geometry":{"type":"LineString","coordinates":[[-63.23725,-17.39073],[-63.23681,-17.39118]]},"properties":{"name":"Línea [394D6]:0","stroke-opacity":1,"stroke":"#0000fe","stroke-width":4}},
{"type":"Feature","geometry":{"type":"LineString","coordinates":[[-63.23717,-17.39066],[-63.23672,-17.39111]]},"properties":{"name":"Línea [394D5]:0","stroke-opacity":1,"stroke":"#0000fe","stroke-width":4}},
{"type":"Feature","geometry":{"type":"LineString","coordinates":[[-63.23708,-17.39058],[-63.23664,-17.39103]]},"properties":{"name":"Línea [394D4]:0","stroke-opacity":1,"stroke":"#0000fe","stroke-width":4}},
{"type":"Feature","geometry":{"type":"LineString","coordinates":[[-63.237,-17.39051],[-63.23656,-17.39096]]},"properties":{"name":"Línea [394D3]:0","stroke-opacity":1,"stroke":"#0000fe","stroke-width":4}},
{"type":"Feature","geometry":{"type":"LineString","coordinates":[[-63.23692,-17.39044],[-63.23647,-17.39089]]},"properties":{"name":"Línea [394D2]:0","stroke-opacity":1,"stroke":"#0000fe","stroke-width":4}},
{"type":"Feature","geometry":{"type":"LineString","coordinates":[[-63.23683,-17.39037],[-63.23639,-17.39082]]},"properties":{"name":"Línea [394D1]:0","stroke-opacity":1,"stroke":"#0000fe","stroke-width":4}},
{"type":"Feature","geometry":{"type":"LineString","coordinates":[[-63.23675,-17.39029],[-63.2363,-17.39074]]},"properties":{"name":"Línea [394D0]:0","stroke-opacity":1,"stroke":"#0000fe","stroke-width":4}},
{"type":"Feature","geometry":{"type":"LineString","coordinates":[[-63.23666,-17.39022],[-63.23622,-17.39067]]},"properties":{"name":"Línea [394CF]:0","stroke-opacity":1,"stroke":"#0000fe","stroke-width":4}},
{"type":"Feature","geometry":{"type":"LineString","coordinates":[[-63.23658,-17.39015],[-63.23614,-17.3906]]},"properties":{"name":"Línea [394CE]:0","stroke-opacity":1,"stroke":"#0000fe","stroke-width":4}},
{"type":"Feature","geometry":{"type":"LineString","coordinates":[[-63.23605,-17.39068],[-63.23587,-17.39087]]},"properties":{"name":"Línea [394CD]:0","stroke-opacity":1,"stroke":"#0000fe","stroke-width":4}},
{"type":"Feature","geometry":{"type":"LineString","coordinates":[[-63.23614,-17.39076],[-63.23595,-17.39094]]},"properties":{"name":"Línea [394CC]:0","stroke-opacity":1,"stroke":"#0000fe","stroke-width":4}},
{"type":"Feature","geometry":{"type":"LineString","coordinates":[[-63.23622,-17.39083],[-63.23604,-17.39101]]},"properties":{"name":"Línea [394CB]:0","stroke-opacity":1,"stroke":"#0000fe","stroke-width":4}},
{"type":"Feature","geometry":{"type":"LineString","coordinates":[[-63.2363,-17.3909],[-63.23612,-17.39109]]},"properties":{"name":"Línea [394CA]:0","stroke-opacity":1,"stroke":"#0000fe","stroke-width":4}},
{"type":"Feature","geometry":{"type":"LineString","coordinates":[[-63.23639,-17.39097],[-63.2362,-17.39116]]},"properties":{"name":"Línea [394C9]:0","stroke-opacity":1,"stroke":"#0000fe","stroke-width":4}},
{"type":"Feature","geometry":{"type":"LineString","coordinates":[[-63.23647,-17.39105],[-63.23629,-17.39123]]},"properties":{"name":"Línea [394C8]:0","stroke-opacity":1,"stroke":"#0000fe","stroke-width":4}},
{"type":"Feature","geometry":{"type":"LineString","coordinates":[[-63.23656,-17.39112],[-63.23637,-17.39131]]},"properties":{"name":"Línea [394C7]:0","stroke-opacity":1,"stroke":"#0000fe","stroke-width":4}},
{"type":"Feature","geometry":{"type":"LineString","coordinates":[[-63.23664,-17.39119],[-63.23646,-17.39138]]},"properties":{"name":"Línea [394C6]:0","stroke-opacity":1,"stroke":"#0000fe","stroke-width":4}},
{"type":"Feature","geometry":{"type":"LineString","coordinates":[[-63.23672,-17.39127],[-63.23654,-17.39145]]},"properties":{"name":"Línea [394C5]:0","stroke-opacity":1,"stroke":"#0000fe","stroke-width":4}},
{"type":"Feature","geometry":{"type":"LineString","coordinates":[[-63.23681,-17.39134],[-63.23662,-17.39152]]},"properties":{"name":"Línea [394C4]:0","stroke-opacity":1,"stroke":"#0000fe","stroke-width":4}},
{"type":"Feature","geometry":{"type":"LineString","coordinates":[[-63.23689,-17.39141],[-63.23671,-17.3916]]},"properties":{"name":"Línea [394C3]:0","stroke-opacity":1,"stroke":"#0000fe","stroke-width":4}},
{"type":"Feature","geometry":{"type":"LineString","coordinates":[[-63.23697,-17.39148],[-63.23679,-17.39167]]},"properties":{"name":"Línea [394C2]:0","stroke-opacity":1,"stroke":"#0000fe","stroke-width":4}},
{"type":"Feature","geometry":{"type":"LineString","coordinates":[[-63.23706,-17.39156],[-63.23687,-17.39174]]},"properties":{"name":"Línea [394C1]:0","stroke-opacity":1,"stroke":"#0000fe","stroke-width":4}},
{"type":"Feature","geometry":{"type":"LineString","coordinates":[[-63.23714,-17.39163],[-63.23696,-17.39182]]},"properties":{"name":"Línea [394C0]:0","stroke-opacity":1,"stroke":"#0000fe","stroke-width":4}},
{"type":"Feature","geometry":{"type":"LineString","coordinates":[[-63.23722,-17.3917],[-63.23704,-17.39189]]},"properties":{"name":"Línea [394BF]:0","stroke-opacity":1,"stroke":"#0000fe","stroke-width":4}},
{"type":"Feature","geometry":{"type":"LineString","coordinates":[[-63.23731,-17.39178],[-63.23712,-17.39196]]},"properties":{"name":"Línea [394BE]:0","stroke-opacity":1,"stroke":"#0000fe","stroke-width":4}},
{"type":"Feature","geometry":{"type":"LineString","coordinates":[[-63.23739,-17.39185],[-63.23721,-17.39204]]},"properties":{"name":"Línea [394BD]:0","stroke-opacity":1,"stroke":"#0000fe","stroke-width":4}},
{"type":"Feature","geometry":{"type":"LineString","coordinates":[[-63.23748,-17.39192],[-63.23729,-17.39211]]},"properties":{"name":"Línea [394BC]:0","stroke-opacity":1,"stroke":"#0000fe","stroke-width":4}},
{"type":"Feature","geometry":{"type":"LineString","coordinates":[[-63.23756,-17.39199],[-63.23738,-17.39218]]},"properties":{"name":"Línea [394BB]:0","stroke-opacity":1,"stroke":"#0000fe","stroke-width":4}},
{"type":"Feature","geometry":{"type":"LineString","coordinates":[[-63.23859,-17.3908],[-63.23812,-17.39127]]},"properties":{"name":"Línea [394AB]:0","stroke-opacity":1,"stroke":"#0000fe","stroke-width":4}},
{"type":"Feature","geometry":{"type":"LineString","coordinates":[[-63.2385,-17.39072],[-63.23804,-17.3912]]},"properties":{"name":"Línea [394AA]:0","stroke-opacity":1,"stroke":"#0000fe","stroke-width":4}},
{"type":"Feature","geometry":{"type":"LineString","coordinates":[[-63.23842,-17.39065],[-63.23795,-17.39112]]},"properties":{"name":"Línea [394A9]:0","stroke-opacity":1,"stroke":"#0000fe","stroke-width":4}},
{"type":"Feature","geometry":{"type":"LineString","coordinates":[[-63.23834,-17.39058],[-63.23787,-17.39105]]},"properties":{"name":"Línea [394A8]:0","stroke-opacity":1,"stroke":"#0000fe","stroke-width":4}},
{"type":"Feature","geometry":{"type":"LineString","coordinates":[[-63.23825,-17.3905],[-63.23779,-17.39098]]},"properties":{"name":"Línea [394A7]:0","stroke-opacity":1,"stroke":"#0000fe","stroke-width":4}},
{"type":"Feature","geometry":{"type":"LineString","coordinates":[[-63.23817,-17.39043],[-63.2377,-17.3909]]},"properties":{"name":"Línea [394A6]:0","stroke-opacity":1,"stroke":"#0000fe","stroke-width":4}},
{"type":"Feature","geometry":{"type":"LineString","coordinates":[[-63.23808,-17.39036],[-63.23762,-17.39083]]},"properties":{"name":"Línea [394A5]:0","stroke-opacity":1,"stroke":"#0000fe","stroke-width":4}},
{"type":"Feature","geometry":{"type":"LineString","coordinates":[[-63.238,-17.39029],[-63.23753,-17.39076]]},"properties":{"name":"Línea [394A4]:0","stroke-opacity":1,"stroke":"#0000fe","stroke-width":4}},
{"type":"Feature","geometry":{"type":"LineString","coordinates":[[-63.23792,-17.39021],[-63.23745,-17.39069]]},"properties":{"name":"Línea [394A3]:0","stroke-opacity":1,"stroke":"#0000fe","stroke-width":4}},
{"type":"Feature","geometry":{"type":"LineString","coordinates":[[-63.23783,-17.39014],[-63.23737,-17.39061]]},"properties":{"name":"Línea [394A2]:0","stroke-opacity":1,"stroke":"#0000fe","stroke-width":4}},
{"type":"Feature","geometry":{"type":"LineString","coordinates":[[-63.23775,-17.39007],[-63.23728,-17.39054]]},"properties":{"name":"Línea [394A1]:0","stroke-opacity":1,"stroke":"#0000fe","stroke-width":4}},
{"type":"Feature","geometry":{"type":"LineString","coordinates":[[-63.23767,-17.38999],[-63.2372,-17.39047]]},"properties":{"name":"Línea [394A0]:0","stroke-opacity":1,"stroke":"#0000fe","stroke-width":4}},
{"type":"Feature","geometry":{"type":"LineString","coordinates":[[-63.23758,-17.38992],[-63.23712,-17.39039]]},"properties":{"name":"Línea [3949F]:0","stroke-opacity":1,"stroke":"#0000fe","stroke-width":4}},
{"type":"Feature","geometry":{"type":"LineString","coordinates":[[-63.2375,-17.38985],[-63.23703,-17.39032]]},"properties":{"name":"Línea [3949E]:0","stroke-opacity":1,"stroke":"#0000fe","stroke-width":4}},
{"type":"Feature","geometry":{"type":"LineString","coordinates":[[-63.23741,-17.38978],[-63.23695,-17.39025]]},"properties":{"name":"Línea [3949D]:0","stroke-opacity":1,"stroke":"#0000fe","stroke-width":4}},
{"type":"Feature","geometry":{"type":"LineString","coordinates":[[-63.23733,-17.3897],[-63.23686,-17.39017]]},"properties":{"name":"Línea [3949C]:0","stroke-opacity":1,"stroke":"#0000fe","stroke-width":4}},
{"type":"Feature","geometry":{"type":"LineString","coordinates":[[-63.23725,-17.38963],[-63.23678,-17.3901]]},"properties":{"name":"Línea [3949B]:0","stroke-opacity":1,"stroke":"#0000fe","stroke-width":4}},
{"type":"Feature","geometry":{"type":"LineString","coordinates":[[-63.23716,-17.38956],[-63.2367,-17.39003]]},"properties":{"name":"Línea [3949A]:0","stroke-opacity":1,"stroke":"#0000fe","stroke-width":4}},
{"type":"Feature","geometry":{"type":"LineString","coordinates":[[-63.23684,-17.38969],[-63.23856,-17.39118]]},"properties":{"name":"Línea [39499]:0","stroke-opacity":1,"stroke":"#0000fe","stroke-width":4}},
{"type":"Feature","geometry":{"type":"LineString","coordinates":[[-63.23623,-17.39031],[-63.23795,-17.39181]]},"properties":{"name":"Línea [39498]:0","stroke-opacity":1,"stroke":"#0000fe","stroke-width":4}},
{"type":"Feature","geometry":{"type":"LineString","coordinates":[[-63.23431,-17.38951],[-63.23411,-17.38972]]},"properties":{"name":"Línea [3937A]:0","stroke-opacity":1,"stroke":"#0000fe","stroke-width":4}},
{"type":"Feature","geometry":{"type":"LineString","coordinates":[[-63.2344,-17.38959],[-63.23419,-17.38979]]},"properties":{"name":"Línea [39379]:0","stroke-opacity":1,"stroke":"#0000fe","stroke-width":4}},
{"type":"Feature","geometry":{"type":"LineString","coordinates":[[-63.23448,-17.38966],[-63.23428,-17.38987]]},"properties":{"name":"Línea [39378]:0","stroke-opacity":1,"stroke":"#0000fe","stroke-width":4}},
{"type":"Feature","geometry":{"type":"LineString","coordinates":[[-63.23457,-17.38973],[-63.23436,-17.38994]]},"properties":{"name":"Línea [39377]:0","stroke-opacity":1,"stroke":"#0000fe","stroke-width":4}},
{"type":"Feature","geometry":{"type":"LineString","coordinates":[[-63.23465,-17.38981],[-63.23444,-17.39001]]},"properties":{"name":"Línea [39376]:0","stroke-opacity":1,"stroke":"#0000fe","stroke-width":4}},
{"type":"Feature","geometry":{"type":"LineString","coordinates":[[-63.23473,-17.38988],[-63.23453,-17.39009]]},"properties":{"name":"Línea [39375]:0","stroke-opacity":1,"stroke":"#0000fe","stroke-width":4}},
{"type":"Feature","geometry":{"type":"LineString","coordinates":[[-63.23482,-17.38995],[-63.23461,-17.39016]]},"properties":{"name":"Línea [39374]:0","stroke-opacity":1,"stroke":"#0000fe","stroke-width":4}},
{"type":"Feature","geometry":{"type":"LineString","coordinates":[[-63.2349,-17.39002],[-63.2347,-17.39023]]},"properties":{"name":"Línea [39373]:0","stroke-opacity":1,"stroke":"#0000fe","stroke-width":4}},
{"type":"Feature","geometry":{"type":"LineString","coordinates":[[-63.23498,-17.3901],[-63.23478,-17.3903]]},"properties":{"name":"Línea [39372]:0","stroke-opacity":1,"stroke":"#0000fe","stroke-width":4}},
{"type":"Feature","geometry":{"type":"LineString","coordinates":[[-63.23507,-17.39017],[-63.23486,-17.39038]]},"properties":{"name":"Línea [39371]:0","stroke-opacity":1,"stroke":"#0000fe","stroke-width":4}},
{"type":"Feature","geometry":{"type":"LineString","coordinates":[[-63.23515,-17.39024],[-63.23495,-17.39045]]},"properties":{"name":"Línea [39370]:0","stroke-opacity":1,"stroke":"#0000fe","stroke-width":4}},
{"type":"Feature","geometry":{"type":"LineString","coordinates":[[-63.23523,-17.39032],[-63.23503,-17.39052]]},"properties":{"name":"Línea [3936F]:0","stroke-opacity":1,"stroke":"#0000fe","stroke-width":4}},
{"type":"Feature","geometry":{"type":"LineString","coordinates":[[-63.23532,-17.39039],[-63.23511,-17.3906]]},"properties":{"name":"Línea [3936E]:0","stroke-opacity":1,"stroke":"#0000fe","stroke-width":4}},
{"type":"Feature","geometry":{"type":"LineString","coordinates":[[-63.2354,-17.39046],[-63.2352,-17.39067]]},"properties":{"name":"Línea [3936D]:0","stroke-opacity":1,"stroke":"#0000fe","stroke-width":4}},
{"type":"Feature","geometry":{"type":"LineString","coordinates":[[-63.23549,-17.39053],[-63.23528,-17.39074]]},"properties":{"name":"Línea [3936C]:0","stroke-opacity":1,"stroke":"#0000fe","stroke-width":4}},
{"type":"Feature","geometry":{"type":"LineString","coordinates":[[-63.23557,-17.39061],[-63.23536,-17.39081]]},"properties":{"name":"Línea [3936A]:0","stroke-opacity":1,"stroke":"#0000fe","stroke-width":4}},
{"type":"Feature","geometry":{"type":"LineString","coordinates":[[-63.23467,-17.38895],[-63.23614,-17.39023]]},"properties":{"name":"Línea [3878B]:0","stroke-opacity":1,"stroke":"#0000fe","stroke-width":4}},
{"type":"Feature","geometry":{"type":"LineString","coordinates":[[-63.23529,-17.38833],[-63.23675,-17.38961]]},"properties":{"name":"Línea [3878A]:0","stroke-opacity":1,"stroke":"#0000fe","stroke-width":4}},
{"type":"Feature","geometry":{"type":"LineString","coordinates":[[-63.2345,-17.38933],[-63.23431,-17.38951]]},"properties":{"name":"Línea [38788]:0","stroke-opacity":1,"stroke":"#0000fe","stroke-width":4}},
{"type":"Feature","geometry":{"type":"LineString","coordinates":[[-63.23458,-17.3894],[-63.2344,-17.38959]]},"properties":{"name":"Línea [38787]:0","stroke-opacity":1,"stroke":"#0000fe","stroke-width":4}},
{"type":"Feature","geometry":{"type":"LineString","coordinates":[[-63.23467,-17.38947],[-63.23448,-17.38966]]},"properties":{"name":"Línea [38786]:0","stroke-opacity":1,"stroke":"#0000fe","stroke-width":4}},
{"type":"Feature","geometry":{"type":"LineString","coordinates":[[-63.23475,-17.38955],[-63.23457,-17.38973]]},"properties":{"name":"Línea [38785]:0","stroke-opacity":1,"stroke":"#0000fe","stroke-width":4}},
{"type":"Feature","geometry":{"type":"LineString","coordinates":[[-63.23483,-17.38962],[-63.23465,-17.38981]]},"properties":{"name":"Línea [38784]:0","stroke-opacity":1,"stroke":"#0000fe","stroke-width":4}},
{"type":"Feature","geometry":{"type":"LineString","coordinates":[[-63.23492,-17.38969],[-63.23473,-17.38988]]},"properties":{"name":"Línea [38783]:0","stroke-opacity":1,"stroke":"#0000fe","stroke-width":4}},
{"type":"Feature","geometry":{"type":"LineString","coordinates":[[-63.235,-17.38976],[-63.23482,-17.38995]]},"properties":{"name":"Línea [38782]:0","stroke-opacity":1,"stroke":"#0000fe","stroke-width":4}},
{"type":"Feature","geometry":{"type":"LineString","coordinates":[[-63.23508,-17.38984],[-63.2349,-17.39002]]},"properties":{"name":"Línea [38781]:0","stroke-opacity":1,"stroke":"#0000fe","stroke-width":4}},
{"type":"Feature","geometry":{"type":"LineString","coordinates":[[-63.23517,-17.38991],[-63.23498,-17.3901]]},"properties":{"name":"Línea [38780]:0","stroke-opacity":1,"stroke":"#0000fe","stroke-width":4}},
{"type":"Feature","geometry":{"type":"LineString","coordinates":[[-63.23525,-17.38998],[-63.23507,-17.39017]]},"properties":{"name":"Línea [3877F]:0","stroke-opacity":1,"stroke":"#0000fe","stroke-width":4}},
{"type":"Feature","geometry":{"type":"LineString","coordinates":[[-63.23534,-17.39006],[-63.23515,-17.39024]]},"properties":{"name":"Línea [3877E]:0","stroke-opacity":1,"stroke":"#0000fe","stroke-width":4}},
{"type":"Feature","geometry":{"type":"LineString","coordinates":[[-63.23542,-17.39013],[-63.23523,-17.39032]]},"properties":{"name":"Línea [3877D]:0","stroke-opacity":1,"stroke":"#0000fe","stroke-width":4}},
{"type":"Feature","geometry":{"type":"LineString","coordinates":[[-63.2355,-17.3902],[-63.23532,-17.39039]]},"properties":{"name":"Línea [3877C]:0","stroke-opacity":1,"stroke":"#0000fe","stroke-width":4}},
{"type":"Feature","geometry":{"type":"LineString","coordinates":[[-63.23559,-17.39028],[-63.2354,-17.39046]]},"properties":{"name":"Línea [3877B]:0","stroke-opacity":1,"stroke":"#0000fe","stroke-width":4}},
{"type":"Feature","geometry":{"type":"LineString","coordinates":[[-63.23567,-17.39035],[-63.23549,-17.39053]]},"properties":{"name":"Línea [3877A]:0","stroke-opacity":1,"stroke":"#0000fe","stroke-width":4}},
{"type":"Feature","geometry":{"type":"LineString","coordinates":[[-63.23575,-17.39042],[-63.23557,-17.39061]]},"properties":{"name":"Línea [38779]:0","stroke-opacity":1,"stroke":"#0000fe","stroke-width":4}},
{"type":"Feature","geometry":{"type":"LineString","coordinates":[[-63.23503,-17.38879],[-63.23458,-17.38924]]},"properties":{"name":"Línea [38778]:0","stroke-opacity":1,"stroke":"#0000fe","stroke-width":4}},
{"type":"Feature","geometry":{"type":"LineString","coordinates":[[-63.23511,-17.38886],[-63.23467,-17.38931]]},"properties":{"name":"Línea [38777]:0","stroke-opacity":1,"stroke":"#0000fe","stroke-width":4}},
{"type":"Feature","geometry":{"type":"LineString","coordinates":[[-63.23519,-17.38894],[-63.23475,-17.38939]]},"properties":{"name":"Línea [38776]:0","stroke-opacity":1,"stroke":"#0000fe","stroke-width":4}},
{"type":"Feature","geometry":{"type":"LineString","coordinates":[[-63.23528,-17.38901],[-63.23483,-17.38946]]},"properties":{"name":"Línea [38775]:0","stroke-opacity":1,"stroke":"#0000fe","stroke-width":4}},
{"type":"Feature","geometry":{"type":"LineString","coordinates":[[-63.23536,-17.38908],[-63.23492,-17.38953]]},"properties":{"name":"Línea [38774]:0","stroke-opacity":1,"stroke":"#0000fe","stroke-width":4}},
{"type":"Feature","geometry":{"type":"LineString","coordinates":[[-63.23544,-17.38916],[-63.235,-17.38961]]},"properties":{"name":"Línea [38773]:0","stroke-opacity":1,"stroke":"#0000fe","stroke-width":4}},
{"type":"Feature","geometry":{"type":"LineString","coordinates":[[-63.23553,-17.38923],[-63.23508,-17.38968]]},"properties":{"name":"Línea [38772]:0","stroke-opacity":1,"stroke":"#0000fe","stroke-width":4}},
{"type":"Feature","geometry":{"type":"LineString","coordinates":[[-63.23561,-17.3893],[-63.23517,-17.38975]]},"properties":{"name":"Línea [38771]:0","stroke-opacity":1,"stroke":"#0000fe","stroke-width":4}},
{"type":"Feature","geometry":{"type":"LineString","coordinates":[[-63.2357,-17.38938],[-63.23525,-17.38983]]},"properties":{"name":"Línea [38770]:0","stroke-opacity":1,"stroke":"#0000fe","stroke-width":4}},
{"type":"Feature","geometry":{"type":"LineString","coordinates":[[-63.23578,-17.38945],[-63.23534,-17.3899]]},"properties":{"name":"Línea [3876F]:0","stroke-opacity":1,"stroke":"#0000fe","stroke-width":4}},
{"type":"Feature","geometry":{"type":"LineString","coordinates":[[-63.23586,-17.38952],[-63.23542,-17.38997]]},"properties":{"name":"Línea [3876E]:0","stroke-opacity":1,"stroke":"#0000fe","stroke-width":4}},
{"type":"Feature","geometry":{"type":"LineString","coordinates":[[-63.23595,-17.38959],[-63.2355,-17.39004]]},"properties":{"name":"Línea [3876D]:0","stroke-opacity":1,"stroke":"#0000fe","stroke-width":4}},
{"type":"Feature","geometry":{"type":"LineString","coordinates":[[-63.23611,-17.38974],[-63.23567,-17.39019]]},"properties":{"name":"Línea [3876C]:0","stroke-opacity":1,"stroke":"#0000fe","stroke-width":4}},
{"type":"Feature","geometry":{"type":"LineString","coordinates":[[-63.23603,-17.38967],[-63.23559,-17.39012]]},"properties":{"name":"Línea [3876B]:0","stroke-opacity":1,"stroke":"#0000fe","stroke-width":4}},
{"type":"Feature","geometry":{"type":"LineString","coordinates":[[-63.2362,-17.38981],[-63.23575,-17.39026]]},"properties":{"name":"Línea [3876A]:0","stroke-opacity":1,"stroke":"#0000fe","stroke-width":4}},
{"type":"Feature","geometry":{"type":"LineString","coordinates":[[-63.23628,-17.38989],[-63.23584,-17.39034]]},"properties":{"name":"Línea [38769]:0","stroke-opacity":1,"stroke":"#0000fe","stroke-width":4}},
{"type":"Feature","geometry":{"type":"LineString","coordinates":[[-63.23686,-17.3893],[-63.2364,-17.38977]]},"properties":{"name":"Línea [38768]:0","stroke-opacity":1,"stroke":"#0000fe","stroke-width":4}},
{"type":"Feature","geometry":{"type":"LineString","coordinates":[[-63.23678,-17.38922],[-63.23631,-17.38969]]},"properties":{"name":"Línea [38767]:0","stroke-opacity":1,"stroke":"#0000fe","stroke-width":4}},
{"type":"Feature","geometry":{"type":"LineString","coordinates":[[-63.2367,-17.38915],[-63.23623,-17.38962]]},"properties":{"name":"Línea [38766]:0","stroke-opacity":1,"stroke":"#0000fe","stroke-width":4}},
{"type":"Feature","geometry":{"type":"LineString","coordinates":[[-63.23661,-17.38908],[-63.23615,-17.38955]]},"properties":{"name":"Línea [38765]:0","stroke-opacity":1,"stroke":"#0000fe","stroke-width":4}},
{"type":"Feature","geometry":{"type":"LineString","coordinates":[[-63.23653,-17.389],[-63.23606,-17.38948]]},"properties":{"name":"Línea [38764]:0","stroke-opacity":1,"stroke":"#0000fe","stroke-width":4}},
{"type":"Feature","geometry":{"type":"LineString","coordinates":[[-63.23645,-17.38893],[-63.23598,-17.3894]]},"properties":{"name":"Línea [38763]:0","stroke-opacity":1,"stroke":"#0000fe","stroke-width":4}},
{"type":"Feature","geometry":{"type":"LineString","coordinates":[[-63.23636,-17.38886],[-63.2359,-17.38933]]},"properties":{"name":"Línea [38762]:0","stroke-opacity":1,"stroke":"#0000fe","stroke-width":4}},
{"type":"Feature","geometry":{"type":"LineString","coordinates":[[-63.23628,-17.38878],[-63.23581,-17.38926]]},"properties":{"name":"Línea [38761]:0","stroke-opacity":1,"stroke":"#0000fe","stroke-width":4}},
{"type":"Feature","geometry":{"type":"LineString","coordinates":[[-63.23619,-17.38871],[-63.23573,-17.38918]]},"properties":{"name":"Línea [38760]:0","stroke-opacity":1,"stroke":"#0000fe","stroke-width":4}},
{"type":"Feature","geometry":{"type":"LineString","coordinates":[[-63.23611,-17.38864],[-63.23564,-17.38911]]},"properties":{"name":"Línea [3875F]:0","stroke-opacity":1,"stroke":"#0000fe","stroke-width":4}},
{"type":"Feature","geometry":{"type":"LineString","coordinates":[[-63.23603,-17.38857],[-63.23556,-17.38904]]},"properties":{"name":"Línea [3875E]:0","stroke-opacity":1,"stroke":"#0000fe","stroke-width":4}},
{"type":"Feature","geometry":{"type":"LineString","coordinates":[[-63.23594,-17.38849],[-63.23548,-17.38897]]},"properties":{"name":"Línea [3875D]:0","stroke-opacity":1,"stroke":"#0000fe","stroke-width":4}},
{"type":"Feature","geometry":{"type":"LineString","coordinates":[[-63.23586,-17.38842],[-63.23539,-17.38889]]},"properties":{"name":"Línea [3875C]:0","stroke-opacity":1,"stroke":"#0000fe","stroke-width":4}},
{"type":"Feature","geometry":{"type":"LineString","coordinates":[[-63.23578,-17.38835],[-63.23531,-17.38882]]},"properties":{"name":"Línea [3875B]:0","stroke-opacity":1,"stroke":"#0000fe","stroke-width":4}},
{"type":"Feature","geometry":{"type":"LineString","coordinates":[[-63.23569,-17.38827],[-63.23523,-17.38875]]},"properties":{"name":"Línea [3875A]:0","stroke-opacity":1,"stroke":"#0000fe","stroke-width":4}},
{"type":"Feature","geometry":{"type":"LineString","coordinates":[[-63.23561,-17.3882],[-63.23514,-17.38867]]},"properties":{"name":"Línea [38759]:0","stroke-opacity":1,"stroke":"#0000fe","stroke-width":4}},
{"type":"Feature","geometry":{"type":"LineString","coordinates":[[-63.23335,-17.38867],[-63.23314,-17.38888]]},"properties":{"name":"Línea [38748]:0","stroke-opacity":1,"stroke":"#0000fe","stroke-width":4}},
{"type":"Feature","geometry":{"type":"LineString","coordinates":[[-63.23276,-17.38816],[-63.23255,-17.38837]]},"properties":{"name":"Línea [38747]:0","stroke-opacity":1,"stroke":"#0000fe","stroke-width":4}},
{"type":"Feature","geometry":{"type":"LineString","coordinates":[[-63.23284,-17.38823],[-63.23264,-17.38844]]},"properties":{"name":"Línea [38746]:0","stroke-opacity":1,"stroke":"#0000fe","stroke-width":4}},
{"type":"Feature","geometry":{"type":"LineString","coordinates":[[-63.23293,-17.3883],[-63.23272,-17.38851]]},"properties":{"name":"Línea [38745]:0","stroke-opacity":1,"stroke":"#0000fe","stroke-width":4}},
{"type":"Feature","geometry":{"type":"LineString","coordinates":[[-63.23301,-17.38838],[-63.23281,-17.38858]]},"properties":{"name":"Línea [38744]:0","stroke-opacity":1,"stroke":"#0000fe","stroke-width":4}},
{"type":"Feature","geometry":{"type":"LineString","coordinates":[[-63.23309,-17.38845],[-63.23289,-17.38866]]},"properties":{"name":"Línea [38743]:0","stroke-opacity":1,"stroke":"#0000fe","stroke-width":4}},
{"type":"Feature","geometry":{"type":"LineString","coordinates":[[-63.23318,-17.38852],[-63.23297,-17.38873]]},"properties":{"name":"Línea [38742]:0","stroke-opacity":1,"stroke":"#0000fe","stroke-width":4}},
{"type":"Feature","geometry":{"type":"LineString","coordinates":[[-63.23326,-17.3886],[-63.23306,-17.3888]]},"properties":{"name":"Línea [38741]:0","stroke-opacity":1,"stroke":"#0000fe","stroke-width":4}},
{"type":"Feature","geometry":{"type":"LineString","coordinates":[[-63.23343,-17.38874],[-63.23322,-17.38895]]},"properties":{"name":"Línea [3873F]:0","stroke-opacity":1,"stroke":"#0000fe","stroke-width":4}},
{"type":"Feature","geometry":{"type":"LineString","coordinates":[[-63.23351,-17.38881],[-63.23331,-17.38902]]},"properties":{"name":"Línea [3873E]:0","stroke-opacity":1,"stroke":"#0000fe","stroke-width":4}},
{"type":"Feature","geometry":{"type":"LineString","coordinates":[[-63.2336,-17.38889],[-63.23339,-17.3891]]},"properties":{"name":"Línea [3873D]:0","stroke-opacity":1,"stroke":"#0000fe","stroke-width":4}},
{"type":"Feature","geometry":{"type":"LineString","coordinates":[[-63.23368,-17.38896],[-63.23348,-17.38917]]},"properties":{"name":"Línea [3873C]:0","stroke-opacity":1,"stroke":"#0000fe","stroke-width":4}},
{"type":"Feature","geometry":{"type":"LineString","coordinates":[[-63.23376,-17.38903],[-63.23356,-17.38924]]},"properties":{"name":"Línea [3873B]:0","stroke-opacity":1,"stroke":"#0000fe","stroke-width":4}},
{"type":"Feature","geometry":{"type":"LineString","coordinates":[[-63.23385,-17.38911],[-63.23364,-17.38931]]},"properties":{"name":"Línea [3873A]:0","stroke-opacity":1,"stroke":"#0000fe","stroke-width":4}},
{"type":"Feature","geometry":{"type":"LineString","coordinates":[[-63.23393,-17.38918],[-63.23373,-17.38939]]},"properties":{"name":"Línea [38739]:0","stroke-opacity":1,"stroke":"#0000fe","stroke-width":4}},
{"type":"Feature","geometry":{"type":"LineString","coordinates":[[-63.23401,-17.38925],[-63.23381,-17.38946]]},"properties":{"name":"Línea [38738]:0","stroke-opacity":1,"stroke":"#0000fe","stroke-width":4}},
{"type":"Feature","geometry":{"type":"LineString","coordinates":[[-63.23347,-17.38744],[-63.23303,-17.38789]]},"properties":{"name":"Línea [379D2]:0","stroke-opacity":1,"stroke":"#0000fe","stroke-width":4}},
{"type":"Feature","geometry":{"type":"LineString","coordinates":[[-63.23355,-17.38751],[-63.23311,-17.38796]]},"properties":{"name":"Línea [379D1]:0","stroke-opacity":1,"stroke":"#0000fe","stroke-width":4}},
{"type":"Feature","geometry":{"type":"LineString","coordinates":[[-63.23364,-17.38758],[-63.23319,-17.38803]]},"properties":{"name":"Línea [379D0]:0","stroke-opacity":1,"stroke":"#0000fe","stroke-width":4}},
{"type":"Feature","geometry":{"type":"LineString","coordinates":[[-63.23372,-17.38766],[-63.23328,-17.38811]]},"properties":{"name":"Línea [379CF]:0","stroke-opacity":1,"stroke":"#0000fe","stroke-width":4}},
{"type":"Feature","geometry":{"type":"LineString","coordinates":[[-63.23381,-17.38773],[-63.23336,-17.38818]]},"properties":{"name":"Línea [379CE]:0","stroke-opacity":1,"stroke":"#0000fe","stroke-width":4}},
{"type":"Feature","geometry":{"type":"LineString","coordinates":[[-63.23389,-17.3878],[-63.23345,-17.38825]]},"properties":{"name":"Línea [379CD]:0","stroke-opacity":1,"stroke":"#0000fe","stroke-width":4}},
{"type":"Feature","geometry":{"type":"LineString","coordinates":[[-63.23397,-17.38787],[-63.23353,-17.38832]]},"properties":{"name":"Línea [379CC]:0","stroke-opacity":1,"stroke":"#0000fe","stroke-width":4}},
{"type":"Feature","geometry":{"type":"LineString","coordinates":[[-63.23406,-17.38795],[-63.23361,-17.3884]]},"properties":{"name":"Línea [379CB]:0","stroke-opacity":1,"stroke":"#0000fe","stroke-width":4}},
{"type":"Feature","geometry":{"type":"LineString","coordinates":[[-63.23414,-17.38802],[-63.2337,-17.38847]]},"properties":{"name":"Línea [379CA]:0","stroke-opacity":1,"stroke":"#0000fe","stroke-width":4}},
{"type":"Feature","geometry":{"type":"LineString","coordinates":[[-63.23422,-17.38809],[-63.23378,-17.38854]]},"properties":{"name":"Línea [379C9]:0","stroke-opacity":1,"stroke":"#0000fe","stroke-width":4}},
{"type":"Feature","geometry":{"type":"LineString","coordinates":[[-63.23431,-17.38817],[-63.23386,-17.38862]]},"properties":{"name":"Línea [379C8]:0","stroke-opacity":1,"stroke":"#0000fe","stroke-width":4}},
{"type":"Feature","geometry":{"type":"LineString","coordinates":[[-63.23439,-17.38824],[-63.23395,-17.38869]]},"properties":{"name":"Línea [379C7]:0","stroke-opacity":1,"stroke":"#0000fe","stroke-width":4}},
{"type":"Feature","geometry":{"type":"LineString","coordinates":[[-63.23464,-17.38846],[-63.2342,-17.38891]]},"properties":{"name":"Línea [379C6]:0","stroke-opacity":1,"stroke":"#0000fe","stroke-width":4}},
{"type":"Feature","geometry":{"type":"LineString","coordinates":[[-63.23473,-17.38853],[-63.23428,-17.38898]]},"properties":{"name":"Línea [379C5]:0","stroke-opacity":1,"stroke":"#0000fe","stroke-width":4}},
{"type":"Feature","geometry":{"type":"LineString","coordinates":[[-63.23456,-17.38838],[-63.23412,-17.38883]]},"properties":{"name":"Línea [379C4]:0","stroke-opacity":1,"stroke":"#0000fe","stroke-width":4}},
{"type":"Feature","geometry":{"type":"LineString","coordinates":[[-63.23448,-17.38831],[-63.23403,-17.38876]]},"properties":{"name":"Línea [379C3]:0","stroke-opacity":1,"stroke":"#0000fe","stroke-width":4}},
{"type":"Feature","geometry":{"type":"LineString","coordinates":[[-63.23294,-17.38797],[-63.23276,-17.38816]]},"properties":{"name":"Línea [379BE]:0","stroke-opacity":1,"stroke":"#0000fe","stroke-width":4}},
{"type":"Feature","geometry":{"type":"LineString","coordinates":[[-63.23303,-17.38804],[-63.23284,-17.38823]]},"properties":{"name":"Línea [379BD]:0","stroke-opacity":1,"stroke":"#0000fe","stroke-width":4}},
{"type":"Feature","geometry":{"type":"LineString","coordinates":[[-63.23311,-17.38812],[-63.23293,-17.3883]]},"properties":{"name":"Línea [379BC]:0","stroke-opacity":1,"stroke":"#0000fe","stroke-width":4}},
{"type":"Feature","geometry":{"type":"LineString","coordinates":[[-63.23319,-17.38819],[-63.23301,-17.38838]]},"properties":{"name":"Línea [379BB]:0","stroke-opacity":1,"stroke":"#0000fe","stroke-width":4}},
{"type":"Feature","geometry":{"type":"LineString","coordinates":[[-63.23328,-17.38826],[-63.23309,-17.38845]]},"properties":{"name":"Línea [379BA]:0","stroke-opacity":1,"stroke":"#0000fe","stroke-width":4}},
{"type":"Feature","geometry":{"type":"LineString","coordinates":[[-63.23336,-17.38834],[-63.23318,-17.38852]]},"properties":{"name":"Línea [379B9]:0","stroke-opacity":1,"stroke":"#0000fe","stroke-width":4}},
{"type":"Feature","geometry":{"type":"LineString","coordinates":[[-63.23345,-17.38841],[-63.23326,-17.3886]]},"properties":{"name":"Línea [379B8]:0","stroke-opacity":1,"stroke":"#0000fe","stroke-width":4}},
{"type":"Feature","geometry":{"type":"LineString","coordinates":[[-63.23353,-17.38848],[-63.23335,-17.38867]]},"properties":{"name":"Línea [379B7]:0","stroke-opacity":1,"stroke":"#0000fe","stroke-width":4}},
{"type":"Feature","geometry":{"type":"LineString","coordinates":[[-63.23361,-17.38856],[-63.23343,-17.38874]]},"properties":{"name":"Línea [379B6]:0","stroke-opacity":1,"stroke":"#0000fe","stroke-width":4}},
{"type":"Feature","geometry":{"type":"LineString","coordinates":[[-63.23395,-17.38885],[-63.23376,-17.38903]]},"properties":{"name":"Línea [379B5]:0","stroke-opacity":1,"stroke":"#0000fe","stroke-width":4}},
{"type":"Feature","geometry":{"type":"LineString","coordinates":[[-63.2337,-17.38863],[-63.23351,-17.38881]]},"properties":{"name":"Línea [379B4]:0","stroke-opacity":1,"stroke":"#0000fe","stroke-width":4}},
{"type":"Feature","geometry":{"type":"LineString","coordinates":[[-63.23403,-17.38892],[-63.23385,-17.38911]]},"properties":{"name":"Línea [379B3]:0","stroke-opacity":1,"stroke":"#0000fe","stroke-width":4}},
{"type":"Feature","geometry":{"type":"LineString","coordinates":[[-63.23411,-17.38899],[-63.23393,-17.38918]]},"properties":{"name":"Línea [379B2]:0","stroke-opacity":1,"stroke":"#0000fe","stroke-width":4}},
{"type":"Feature","geometry":{"type":"LineString","coordinates":[[-63.2342,-17.38907],[-63.23401,-17.38925]]},"properties":{"name":"Línea [379B1]:0","stroke-opacity":1,"stroke":"#0000fe","stroke-width":4}},
{"type":"Feature","geometry":{"type":"LineString","coordinates":[[-63.23386,-17.38877],[-63.23368,-17.38896]]},"properties":{"name":"Línea [379B0]:0","stroke-opacity":1,"stroke":"#0000fe","stroke-width":4}},
{"type":"Feature","geometry":{"type":"LineString","coordinates":[[-63.23378,-17.3887],[-63.2336,-17.38889]]},"properties":{"name":"Línea [379AF]:0","stroke-opacity":1,"stroke":"#0000fe","stroke-width":4}},
{"type":"Feature","geometry":{"type":"LineString","coordinates":[[-63.23531,-17.38794],[-63.23484,-17.38841]]},"properties":{"name":"Línea [37976]:0","stroke-opacity":1,"stroke":"#0000fe","stroke-width":4}},
{"type":"Feature","geometry":{"type":"LineString","coordinates":[[-63.23523,-17.38787],[-63.23476,-17.38834]]},"properties":{"name":"Línea [37975]:0","stroke-opacity":1,"stroke":"#0000fe","stroke-width":4}},
{"type":"Feature","geometry":{"type":"LineString","coordinates":[[-63.23514,-17.38779],[-63.23468,-17.38827]]},"properties":{"name":"Línea [37974]:0","stroke-opacity":1,"stroke":"#0000fe","stroke-width":4}},
{"type":"Feature","geometry":{"type":"LineString","coordinates":[[-63.23506,-17.38772],[-63.23459,-17.38819]]},"properties":{"name":"Línea [37973]:0","stroke-opacity":1,"stroke":"#0000fe","stroke-width":4}},
{"type":"Feature","geometry":{"type":"LineString","coordinates":[[-63.23497,-17.38765],[-63.23451,-17.38812]]},"properties":{"name":"Línea [37972]:0","stroke-opacity":1,"stroke":"#0000fe","stroke-width":4}},
{"type":"Feature","geometry":{"type":"LineString","coordinates":[[-63.23489,-17.38758],[-63.23442,-17.38805]]},"properties":{"name":"Línea [37971]:0","stroke-opacity":1,"stroke":"#0000fe","stroke-width":4}},
{"type":"Feature","geometry":{"type":"LineString","coordinates":[[-63.23481,-17.3875],[-63.23434,-17.38798]]},"properties":{"name":"Línea [3796F]:0","stroke-opacity":1,"stroke":"#0000fe","stroke-width":4}},
{"type":"Feature","geometry":{"type":"LineString","coordinates":[[-63.23472,-17.38743],[-63.23426,-17.3879]]},"properties":{"name":"Línea [3796E]:0","stroke-opacity":1,"stroke":"#0000fe","stroke-width":4}},
{"type":"Feature","geometry":{"type":"LineString","coordinates":[[-63.23464,-17.38736],[-63.23417,-17.38783]]},"properties":{"name":"Línea [3796D]:0","stroke-opacity":1,"stroke":"#0000fe","stroke-width":4}},
{"type":"Feature","geometry":{"type":"LineString","coordinates":[[-63.23456,-17.38728],[-63.23409,-17.38776]]},"properties":{"name":"Línea [3796C]:0","stroke-opacity":1,"stroke":"#0000fe","stroke-width":4}},
{"type":"Feature","geometry":{"type":"LineString","coordinates":[[-63.23447,-17.38721],[-63.23401,-17.38768]]},"properties":{"name":"Línea [3796B]:0","stroke-opacity":1,"stroke":"#0000fe","stroke-width":4}},
{"type":"Feature","geometry":{"type":"LineString","coordinates":[[-63.23439,-17.38714],[-63.23392,-17.38761]]},"properties":{"name":"Línea [3796A]:0","stroke-opacity":1,"stroke":"#0000fe","stroke-width":4}},
{"type":"Feature","geometry":{"type":"LineString","coordinates":[[-63.2343,-17.38706],[-63.23384,-17.38754]]},"properties":{"name":"Línea [37969]:0","stroke-opacity":1,"stroke":"#0000fe","stroke-width":4}},
{"type":"Feature","geometry":{"type":"LineString","coordinates":[[-63.23422,-17.38699],[-63.23376,-17.38746]]},"properties":{"name":"Línea [37968]:0","stroke-opacity":1,"stroke":"#0000fe","stroke-width":4}},
{"type":"Feature","geometry":{"type":"LineString","coordinates":[[-63.23414,-17.38692],[-63.23367,-17.38739]]},"properties":{"name":"Línea [37967]:0","stroke-opacity":1,"stroke":"#0000fe","stroke-width":4}},
{"type":"Feature","geometry":{"type":"LineString","coordinates":[[-63.23405,-17.38685],[-63.23359,-17.38732]]},"properties":{"name":"Línea [37965]:0","stroke-opacity":1,"stroke":"#0000fe","stroke-width":4}},
{"type":"Feature","geometry":{"type":"LineString","coordinates":[[-63.23312,-17.3876],[-63.23458,-17.38887]]},"properties":{"name":"Línea [37964]:0","stroke-opacity":1,"stroke":"#0000fe","stroke-width":4}},
{"type":"Feature","geometry":{"type":"LineString","coordinates":[[-63.23373,-17.38697],[-63.2352,-17.38825]]},"properties":{"name":"Línea [37963]:0","stroke-opacity":1,"stroke":"#0000fe","stroke-width":4}},
{"type":"Feature","geometry":{"type":"MultiLineString","coordinates":[[[-63.23315,-17.38727],[-63.23316,-17.38727]],[[-63.23316,-17.38727],[-63.23316,-17.38728],[-63.23315,-17.38728],[-63.23315,-17.38727]]]},"properties":{"name":"Círculo [37132]:0","stroke-opacity":1,"stroke":"#fefefe","stroke-width":4}},
{"type":"Feature","geometry":{"type":"MultiLineString","coordinates":[[[-63.232,-17.38627],[-63.23201,-17.38627]],[[-63.23201,-17.38627],[-63.23201,-17.38628],[-63.232,-17.38627]]]},"properties":{"name":"Círculo [37131]:0","stroke-opacity":1,"stroke":"#fefefe","stroke-width":4}},
{"type":"Feature","geometry":{"type":"LineString","coordinates":[[-63.23201,-17.38627],[-63.23201,-17.38619]]},"properties":{"name":"Línea [37130]:0","stroke-opacity":1,"stroke":"#fefefe","stroke-width":4}},
{"type":"Feature","geometry":{"type":"LineString","coordinates":[[-63.23315,-17.38727],[-63.23324,-17.38727]]},"properties":{"name":"Línea [3712F]:0","stroke-opacity":1,"stroke":"#fefefe","stroke-width":4}},
{"type":"Feature","geometry":{"type":"MultiLineString","coordinates":[[[-63.23204,-17.38587],[-63.23205,-17.38587],[-63.23205,-17.38586],[-63.23205,-17.38587]],[[-63.23205,-17.38587],[-63.23204,-17.38587]]]},"properties":{"name":"Círculo [3712E]:0","stroke-opacity":1,"stroke":"#fefefe","stroke-width":4}},
{"type":"Feature","geometry":{"type":"MultiLineString","coordinates":[[[-63.23239,-17.38551],[-63.2324,-17.38551]],[[-63.2324,-17.38551],[-63.2324,-17.38552],[-63.23239,-17.38552],[-63.23239,-17.38551]]]},"properties":{"name":"Círculo [3712D]:0","stroke-opacity":1,"stroke":"#fefefe","stroke-width":4}},
{"type":"Feature","geometry":{"type":"MultiLineString","coordinates":[[[-63.23373,-17.38668],[-63.23374,-17.38668]],[[-63.23374,-17.38668],[-63.23373,-17.38668]]]},"properties":{"name":"Círculo [3712C]:0","stroke-opacity":1,"stroke":"#fefefe","stroke-width":4}},
{"type":"Feature","geometry":{"type":"MultiLineString","coordinates":[[[-63.23338,-17.38703],[-63.23339,-17.38703]],[[-63.23339,-17.38703],[-63.23339,-17.38704],[-63.23338,-17.38704],[-63.23338,-17.38703]]]},"properties":{"name":"Círculo [3712B]:0","stroke-opacity":1,"stroke":"#fefefe","stroke-width":4}},
{"type":"Feature","geometry":{"type":"MultiLineString","coordinates":[[[-63.23301,-17.38779],[-63.23302,-17.38779]],[[-63.23302,-17.38779],[-63.23302,-17.3878],[-63.23301,-17.3878],[-63.23301,-17.38779]]]},"properties":{"name":"Círculo [3712A]:0","stroke-opacity":1,"stroke":"#fefefe","stroke-width":4}},
{"type":"Feature","geometry":{"type":"MultiLineString","coordinates":[[[-63.23284,-17.38797],[-63.23284,-17.38796],[-63.23284,-17.38797],[-63.23285,-17.38797]],[[-63.23285,-17.38797],[-63.23284,-17.38797]]]},"properties":{"name":"Círculo [37129]:0","stroke-opacity":1,"stroke":"#fefefe","stroke-width":4}},
{"type":"Feature","geometry":{"type":"MultiLineString","coordinates":[[[-63.23337,-17.38746],[-63.23338,-17.38746]],[[-63.23338,-17.38746],[-63.23337,-17.38746]]]},"properties":{"name":"Círculo [37128]:0","stroke-opacity":1,"stroke":"#fefefe","stroke-width":4}},
{"type":"Feature","geometry":{"type":"MultiLineString","coordinates":[[[-63.2336,-17.38722],[-63.23361,-17.38722]],[[-63.23361,-17.38722],[-63.23361,-17.38723],[-63.2336,-17.38723],[-63.2336,-17.38722]]]},"properties":{"name":"Círculo [37127]:0","stroke-opacity":1,"stroke":"#fefefe","stroke-width":4}},
{"type":"Feature","geometry":{"type":"MultiLineString","coordinates":[[[-63.23395,-17.38687],[-63.23395,-17.38686],[-63.23396,-17.38686],[-63.23396,-17.38687]],[[-63.23396,-17.38687],[-63.23395,-17.38687]]]},"properties":{"name":"Círculo [37126]:0","stroke-opacity":1,"stroke":"#fefefe","stroke-width":4}},
{"type":"Feature","geometry":{"type":"MultiLineString","coordinates":[[[-63.23529,-17.38804],[-63.23529,-17.38803],[-63.2353,-17.38803],[-63.2353,-17.38804]],[[-63.2353,-17.38804],[-63.23529,-17.38804]]]},"properties":{"name":"Círculo [37125]:0","stroke-opacity":1,"stroke":"#fefefe","stroke-width":4}},
{"type":"Feature","geometry":{"type":"MultiLineString","coordinates":[[[-63.2355,-17.38822],[-63.23551,-17.38822]],[[-63.23551,-17.38822],[-63.23551,-17.38823],[-63.2355,-17.38823],[-63.2355,-17.38822]]]},"properties":{"name":"Círculo [37124]:0","stroke-opacity":1,"stroke":"#fefefe","stroke-width":4}},
{"type":"Feature","geometry":{"type":"MultiLineString","coordinates":[[[-63.23518,-17.38856],[-63.23518,-17.38855],[-63.23519,-17.38855],[-63.23519,-17.38856]],[[-63.23519,-17.38856],[-63.23518,-17.38856]]]},"properties":{"name":"Círculo [37123]:0","stroke-opacity":1,"stroke":"#fefefe","stroke-width":4}},
{"type":"Feature","geometry":{"type":"MultiLineString","coordinates":[[[-63.23494,-17.38839],[-63.23495,-17.38839]],[[-63.23495,-17.38839],[-63.23494,-17.38839]]]},"properties":{"name":"Círculo [37122]:0","stroke-opacity":1,"stroke":"#fefefe","stroke-width":4}},
{"type":"Feature","geometry":{"type":"MultiLineString","coordinates":[[[-63.2342,-17.38916],[-63.23421,-17.38916]],[[-63.23421,-17.38916],[-63.2342,-17.38916]]]},"properties":{"name":"Círculo [37121]:0","stroke-opacity":1,"stroke":"#fefefe","stroke-width":4}},
{"type":"Feature","geometry":{"type":"MultiLineString","coordinates":[[[-63.23438,-17.38898],[-63.23439,-17.38898]],[[-63.23439,-17.38898],[-63.23439,-17.38899],[-63.23438,-17.38899],[-63.23438,-17.38898]]]},"properties":{"name":"Círculo [37120]:0","stroke-opacity":1,"stroke":"#fefefe","stroke-width":4}},
{"type":"Feature","geometry":{"type":"LineString","coordinates":[[-63.23471,-17.38863],[-63.23471,-17.38864],[-63.23471,-17.38863]]},"properties":{"name":"Círculo [3711F]:0","stroke-opacity":1,"stroke":"#fefefe","stroke-width":4}},
{"type":"Feature","geometry":{"type":"MultiLineString","coordinates":[[[-63.23492,-17.38881],[-63.23493,-17.38881]],[[-63.23493,-17.38881],[-63.23493,-17.38882],[-63.23492,-17.38882],[-63.23492,-17.38881]]]},"properties":{"name":"Círculo [3711E]:0","stroke-opacity":1,"stroke":"#fefefe","stroke-width":4}},
{"type":"Feature","geometry":{"type":"MultiLineString","coordinates":[[[-63.23457,-17.38915],[-63.23457,-17.38914],[-63.23458,-17.38914],[-63.23458,-17.38915]],[[-63.23458,-17.38915],[-63.23457,-17.38915]]]},"properties":{"name":"Círculo [3711D]:0","stroke-opacity":1,"stroke":"#fefefe","stroke-width":4}},
{"type":"Feature","geometry":{"type":"MultiLineString","coordinates":[[[-63.23439,-17.38932],[-63.2344,-17.38932]],[[-63.2344,-17.38932],[-63.2344,-17.38933],[-63.23439,-17.38933],[-63.23439,-17.38932]]]},"properties":{"name":"Círculo [3711C]:0","stroke-opacity":1,"stroke":"#fefefe","stroke-width":4}},
{"type":"Feature","geometry":{"type":"MultiLineString","coordinates":[[[-63.23684,-17.38939],[-63.23685,-17.38939]],[[-63.23685,-17.38939],[-63.23685,-17.3894],[-63.23685,-17.38939],[-63.23684,-17.38939]]]},"properties":{"name":"Círculo [3711B]:0","stroke-opacity":1,"stroke":"#fefefe","stroke-width":4}},
{"type":"Feature","geometry":{"type":"MultiLineString","coordinates":[[[-63.23649,-17.38975],[-63.23649,-17.38974],[-63.2365,-17.38974],[-63.2365,-17.38975]],[[-63.2365,-17.38975],[-63.23649,-17.38975]]]},"properties":{"name":"Círculo [3711A]:0","stroke-opacity":1,"stroke":"#fefefe","stroke-width":4}},
{"type":"Feature","geometry":{"type":"MultiLineString","coordinates":[[[-63.23626,-17.38998],[-63.23627,-17.38998]],[[-63.23627,-17.38998],[-63.23627,-17.38999],[-63.23626,-17.38999],[-63.23626,-17.38998]]]},"properties":{"name":"Círculo [37119]:0","stroke-opacity":1,"stroke":"#fefefe","stroke-width":4}},
{"type":"Feature","geometry":{"type":"MultiLineString","coordinates":[[[-63.23593,-17.39034],[-63.23594,-17.39034],[-63.23594,-17.39033],[-63.23594,-17.39034]],[[-63.23594,-17.39034],[-63.23593,-17.39034]]]},"properties":{"name":"Círculo [37118]:0","stroke-opacity":1,"stroke":"#fefefe","stroke-width":4}},
{"type":"Feature","geometry":{"type":"MultiLineString","coordinates":[[[-63.23576,-17.39052],[-63.23576,-17.39051],[-63.23577,-17.39051],[-63.23577,-17.39052]],[[-63.23577,-17.39052],[-63.23576,-17.39052]]]},"properties":{"name":"Círculo [37116]:0","stroke-opacity":1,"stroke":"#fefefe","stroke-width":4}},
{"type":"Feature","geometry":{"type":"MultiLineString","coordinates":[[[-63.23612,-17.3905],[-63.23613,-17.3905]],[[-63.23613,-17.3905],[-63.23613,-17.39051],[-63.23612,-17.39051],[-63.23612,-17.3905]]]},"properties":{"name":"Círculo [37115]:0","stroke-opacity":1,"stroke":"#fefefe","stroke-width":4}},
{"type":"Feature","geometry":{"type":"MultiLineString","coordinates":[[[-63.23595,-17.39068],[-63.23596,-17.39068]],[[-63.23596,-17.39068],[-63.23595,-17.39068]]]},"properties":{"name":"Círculo [37114]:0","stroke-opacity":1,"stroke":"#fefefe","stroke-width":4}},
{"type":"Feature","geometry":{"type":"MultiLineString","coordinates":[[[-63.23648,-17.39017],[-63.23649,-17.39017]],[[-63.23649,-17.39017],[-63.23648,-17.39017]]]},"properties":{"name":"Círculo [37113]:0","stroke-opacity":1,"stroke":"#fefefe","stroke-width":4}},
{"type":"Feature","geometry":{"type":"MultiLineString","coordinates":[[[-63.23671,-17.38993],[-63.23672,-17.38993]],[[-63.23672,-17.38993],[-63.23672,-17.38994],[-63.23671,-17.38994],[-63.23671,-17.38993]]]},"properties":{"name":"Círculo [37112]:0","stroke-opacity":1,"stroke":"#fefefe","stroke-width":4}},
{"type":"Feature","geometry":{"type":"MultiLineString","coordinates":[[[-63.23706,-17.38958],[-63.23706,-17.38957],[-63.23707,-17.38958]],[[-63.23707,-17.38958],[-63.23706,-17.38958]]]},"properties":{"name":"Círculo [37111]:0","stroke-opacity":1,"stroke":"#fefefe","stroke-width":4}},
{"type":"Feature","geometry":{"type":"MultiLineString","coordinates":[[[-63.23865,-17.39096],[-63.23866,-17.39096]],[[-63.23866,-17.39096],[-63.23866,-17.39097],[-63.23865,-17.39097],[-63.23865,-17.39096]]]},"properties":{"name":"Círculo [37110]:0","stroke-opacity":1,"stroke":"#fefefe","stroke-width":4}},
{"type":"Feature","geometry":{"type":"MultiLineString","coordinates":[[[-63.2383,-17.39132],[-63.23831,-17.39132]],[[-63.23831,-17.39132],[-63.23831,-17.39133],[-63.2383,-17.39133],[-63.2383,-17.39132]]]},"properties":{"name":"Círculo [3710F]:0","stroke-opacity":1,"stroke":"#fefefe","stroke-width":4}},
{"type":"Feature","geometry":{"type":"MultiLineString","coordinates":[[[-63.23807,-17.39156],[-63.23808,-17.39156]],[[-63.23808,-17.39156],[-63.23807,-17.39156]]]},"properties":{"name":"Círculo [3710E]:0","stroke-opacity":1,"stroke":"#fefefe","stroke-width":4}},
{"type":"Feature","geometry":{"type":"MultiLineString","coordinates":[[[-63.23774,-17.39192],[-63.23774,-17.39191],[-63.23775,-17.39191],[-63.23775,-17.39192]],[[-63.23775,-17.39192],[-63.23774,-17.39192]]]},"properties":{"name":"Círculo [3710D]:0","stroke-opacity":1,"stroke":"#fefefe","stroke-width":4}},
{"type":"Feature","geometry":{"type":"MultiLineString","coordinates":[[[-63.23757,-17.39209],[-63.23758,-17.39209]],[[-63.23758,-17.39209],[-63.23758,-17.3921],[-63.23757,-17.3921],[-63.23757,-17.39209]]]},"properties":{"name":"Círculo [3710C]:0","stroke-opacity":1,"stroke":"#fefefe","stroke-width":4}},
{"type":"Feature","geometry":{"type":"LineString","coordinates":[[-63.23764,-17.39209],[-63.23757,-17.39209]]},"properties":{"name":"Línea [3710B]:0","stroke-opacity":1,"stroke":"#fefefe","stroke-width":4}},
{"type":"Feature","geometry":{"type":"LineString","coordinates":[[-63.23775,-17.39198],[-63.23775,-17.39192]]},"properties":{"name":"Línea [3710A]:0","stroke-opacity":1,"stroke":"#fefefe","stroke-width":4}},
{"type":"Feature","geometry":{"type":"LineString","coordinates":[[-63.23808,-17.39156],[-63.23816,-17.39156]]},"properties":{"name":"Línea [37109]:0","stroke-opacity":1,"stroke":"#fefefe","stroke-width":4}},
{"type":"Feature","geometry":{"type":"LineString","coordinates":[[-63.23831,-17.3914],[-63.23831,-17.39132]]},"properties":{"name":"Línea [37108]:0","stroke-opacity":1,"stroke":"#fefefe","stroke-width":4}},
{"type":"Feature","geometry":{"type":"LineString","coordinates":[[-63.23865,-17.39096],[-63.23874,-17.39096]]},"properties":{"name":"Línea [37107]:0","stroke-opacity":1,"stroke":"#fefefe","stroke-width":4}},
{"type":"Feature","geometry":{"type":"LineString","coordinates":[[-63.23706,-17.3895],[-63.23706,-17.38958]]},"properties":{"name":"Línea [37106]:0","stroke-opacity":1,"stroke":"#fefefe","stroke-width":4}},
{"type":"Feature","geometry":{"type":"LineString","coordinates":[[-63.23663,-17.38994],[-63.23671,-17.38993]]},"properties":{"name":"Línea [37105]:0","stroke-opacity":1,"stroke":"#fefefe","stroke-width":4}},
{"type":"Feature","geometry":{"type":"LineString","coordinates":[[-63.23648,-17.39017],[-63.23648,-17.39009]]},"properties":{"name":"Línea [37104]:0","stroke-opacity":1,"stroke":"#fefefe","stroke-width":4}},
{"type":"Feature","geometry":{"type":"LineString","coordinates":[[-63.23606,-17.3905],[-63.23613,-17.3905]]},"properties":{"name":"Línea [37103]:0","stroke-opacity":1,"stroke":"#fefefe","stroke-width":4}},
{"type":"Feature","geometry":{"type":"LineString","coordinates":[[-63.23595,-17.39068],[-63.23595,-17.39062]]},"properties":{"name":"Línea [37102]:0","stroke-opacity":1,"stroke":"#fefefe","stroke-width":4}},
{"type":"Feature","geometry":{"type":"LineString","coordinates":[[-63.23576,-17.39052],[-63.23583,-17.39051]]},"properties":{"name":"Línea [37101]:0","stroke-opacity":1,"stroke":"#fefefe","stroke-width":4}},
{"type":"Feature","geometry":{"type":"LineString","coordinates":[[-63.23594,-17.39034],[-63.23594,-17.3904]]},"properties":{"name":"Línea [37100]:0","stroke-opacity":1,"stroke":"#fefefe","stroke-width":4}},
{"type":"Feature","geometry":{"type":"LineString","coordinates":[[-63.23626,-17.38998],[-63.23635,-17.38998]]},"properties":{"name":"Línea [370FF]:0","stroke-opacity":1,"stroke":"#fefefe","stroke-width":4}},
{"type":"Feature","geometry":{"type":"LineString","coordinates":[[-63.2365,-17.38983],[-63.2365,-17.38975]]},"properties":{"name":"Línea [370FE]:0","stroke-opacity":1,"stroke":"#fefefe","stroke-width":4}},
{"type":"Feature","geometry":{"type":"LineString","coordinates":[[-63.23685,-17.38939],[-63.23693,-17.38939]]},"properties":{"name":"Línea [370FD]:0","stroke-opacity":1,"stroke":"#fefefe","stroke-width":4}},
{"type":"Feature","geometry":{"type":"LineString","coordinates":[[-63.23529,-17.38804],[-63.23538,-17.38803]]},"properties":{"name":"Línea [370FC]:0","stroke-opacity":1,"stroke":"#fefefe","stroke-width":4}},
{"type":"Feature","geometry":{"type":"LineString","coordinates":[[-63.23551,-17.38822],[-63.23551,-17.38814]]},"properties":{"name":"Línea [370FB]:0","stroke-opacity":1,"stroke":"#fefefe","stroke-width":4}},
{"type":"Feature","geometry":{"type":"LineString","coordinates":[[-63.23494,-17.38839],[-63.23495,-17.38847]]},"properties":{"name":"Línea [370FA]:0","stroke-opacity":1,"stroke":"#fefefe","stroke-width":4}},
{"type":"Feature","geometry":{"type":"LineString","coordinates":[[-63.23518,-17.38856],[-63.2351,-17.38856]]},"properties":{"name":"Línea [370F9]:0","stroke-opacity":1,"stroke":"#fefefe","stroke-width":4}},
{"type":"Feature","geometry":{"type":"LineString","coordinates":[[-63.23493,-17.38881],[-63.23492,-17.38873]]},"properties":{"name":"Línea [370F8]:0","stroke-opacity":1,"stroke":"#fefefe","stroke-width":4}},
{"type":"Feature","geometry":{"type":"LineString","coordinates":[[-63.23457,-17.38915],[-63.23451,-17.38915]]},"properties":{"name":"Línea [370F7]:0","stroke-opacity":1,"stroke":"#fefefe","stroke-width":4}},
{"type":"Feature","geometry":{"type":"LineString","coordinates":[[-63.2344,-17.38932],[-63.23439,-17.38926]]},"properties":{"name":"Línea [370F6]:0","stroke-opacity":1,"stroke":"#fefefe","stroke-width":4}},
{"type":"Feature","geometry":{"type":"LineString","coordinates":[[-63.23471,-17.38863],[-63.23479,-17.38863]]},"properties":{"name":"Línea [370F5]:0","stroke-opacity":1,"stroke":"#fefefe","stroke-width":4}},
{"type":"Feature","geometry":{"type":"LineString","coordinates":[[-63.23438,-17.38898],[-63.23439,-17.38905]]},"properties":{"name":"Línea [370F4]:0","stroke-opacity":1,"stroke":"#fefefe","stroke-width":4}},
{"type":"Feature","geometry":{"type":"LineString","coordinates":[[-63.23421,-17.38916],[-63.23427,-17.38916]]},"properties":{"name":"Línea [370F3]:0","stroke-opacity":1,"stroke":"#fefefe","stroke-width":4}},
{"type":"Feature","geometry":{"type":"LineString","coordinates":[[-63.23302,-17.38779],[-63.23295,-17.38779]]},"properties":{"name":"Línea [370F2]:0","stroke-opacity":1,"stroke":"#fefefe","stroke-width":4}},
{"type":"Feature","geometry":{"type":"LineString","coordinates":[[-63.23284,-17.38797],[-63.23284,-17.38791]]},"properties":{"name":"Línea [370F1]:0","stroke-opacity":1,"stroke":"#fefefe","stroke-width":4}},
{"type":"Feature","geometry":{"type":"LineString","coordinates":[[-63.23337,-17.38746],[-63.23337,-17.38738]]},"properties":{"name":"Línea [370F0]:0","stroke-opacity":1,"stroke":"#fefefe","stroke-width":4}},
{"type":"Feature","geometry":{"type":"LineString","coordinates":[[-63.2336,-17.38722],[-63.23352,-17.38723]]},"properties":{"name":"Línea [370EF]:0","stroke-opacity":1,"stroke":"#fefefe","stroke-width":4}},
{"type":"Feature","geometry":{"type":"LineString","coordinates":[[-63.23395,-17.38687],[-63.23395,-17.38679]]},"properties":{"name":"Línea [370EE]:0","stroke-opacity":1,"stroke":"#fefefe","stroke-width":4}},
{"type":"Feature","geometry":{"type":"LineString","coordinates":[[-63.23339,-17.38703],[-63.23339,-17.38712]]},"properties":{"name":"Línea [370ED]:0","stroke-opacity":1,"stroke":"#fefefe","stroke-width":4}},
{"type":"Feature","geometry":{"type":"LineString","coordinates":[[-63.23374,-17.38668],[-63.23382,-17.38668]]},"properties":{"name":"Línea [370EC]:0","stroke-opacity":1,"stroke":"#fefefe","stroke-width":4}},
{"type":"Feature","geometry":{"type":"LineString","coordinates":[[-63.23205,-17.38587],[-63.23196,-17.38587]]},"properties":{"name":"Línea [370EB]:0","stroke-opacity":1,"stroke":"#fefefe","stroke-width":4}},
{"type":"Feature","geometry":{"type":"LineString","coordinates":[[-63.2324,-17.38551],[-63.2324,-17.38543]]},"properties":{"name":"Línea [370EA]:0","stroke-opacity":1,"stroke":"#fefefe","stroke-width":4}},
{"type":"Feature","geometry":{"type":"LineString","coordinates":[[-63.23375,-17.38658],[-63.23329,-17.38706]]},"properties":{"name":"Línea [370DF]:0","stroke-opacity":1,"stroke":"#0000fe","stroke-width":4}},
{"type":"Feature","geometry":{"type":"LineString","coordinates":[[-63.23367,-17.38651],[-63.2332,-17.38698]]},"properties":{"name":"Línea [370DE]:0","stroke-opacity":1,"stroke":"#0000fe","stroke-width":4}},
{"type":"Feature","geometry":{"type":"LineString","coordinates":[[-63.23359,-17.38644],[-63.23312,-17.38691]]},"properties":{"name":"Línea [370DD]:0","stroke-opacity":1,"stroke":"#0000fe","stroke-width":4}},
{"type":"Feature","geometry":{"type":"LineString","coordinates":[[-63.2335,-17.38637],[-63.23304,-17.38684]]},"properties":{"name":"Línea [370DC]:0","stroke-opacity":1,"stroke":"#0000fe","stroke-width":4}},
{"type":"Feature","geometry":{"type":"LineString","coordinates":[[-63.23342,-17.38629],[-63.23295,-17.38677]]},"properties":{"name":"Línea [370DB]:0","stroke-opacity":1,"stroke":"#0000fe","stroke-width":4}},
{"type":"Feature","geometry":{"type":"LineString","coordinates":[[-63.23334,-17.38622],[-63.23287,-17.38669]]},"properties":{"name":"Línea [370DA]:0","stroke-opacity":1,"stroke":"#0000fe","stroke-width":4}},
{"type":"Feature","geometry":{"type":"LineString","coordinates":[[-63.23325,-17.38615],[-63.23279,-17.38662]]},"properties":{"name":"Línea [370D9]:0","stroke-opacity":1,"stroke":"#0000fe","stroke-width":4}},
{"type":"Feature","geometry":{"type":"LineString","coordinates":[[-63.23317,-17.38607],[-63.2327,-17.38655]]},"properties":{"name":"Línea [370D8]:0","stroke-opacity":1,"stroke":"#0000fe","stroke-width":4}},
{"type":"Feature","geometry":{"type":"LineString","coordinates":[[-63.23308,-17.386],[-63.23262,-17.38647]]},"properties":{"name":"Línea [370D7]:0","stroke-opacity":1,"stroke":"#0000fe","stroke-width":4}},
{"type":"Feature","geometry":{"type":"LineString","coordinates":[[-63.233,-17.38593],[-63.23253,-17.3864]]},"properties":{"name":"Línea [370D6]:0","stroke-opacity":1,"stroke":"#0000fe","stroke-width":4}},
{"type":"Feature","geometry":{"type":"LineString","coordinates":[[-63.23292,-17.38586],[-63.23245,-17.38633]]},"properties":{"name":"Línea [370D5]:0","stroke-opacity":1,"stroke":"#0000fe","stroke-width":4}},
{"type":"Feature","geometry":{"type":"LineString","coordinates":[[-63.23283,-17.38578],[-63.23237,-17.38626]]},"properties":{"name":"Línea [370D4]:0","stroke-opacity":1,"stroke":"#0000fe","stroke-width":4}},
{"type":"Feature","geometry":{"type":"LineString","coordinates":[[-63.23275,-17.38571],[-63.23228,-17.38618]]},"properties":{"name":"Línea [370D3]:0","stroke-opacity":1,"stroke":"#0000fe","stroke-width":4}},
{"type":"Feature","geometry":{"type":"LineString","coordinates":[[-63.23267,-17.38564],[-63.2322,-17.38611]]},"properties":{"name":"Línea [370D2]:0","stroke-opacity":1,"stroke":"#0000fe","stroke-width":4}},
{"type":"Feature","geometry":{"type":"LineString","coordinates":[[-63.23258,-17.38556],[-63.23212,-17.38604]]},"properties":{"name":"Línea [370D1]:0","stroke-opacity":1,"stroke":"#0000fe","stroke-width":4}},
{"type":"Feature","geometry":{"type":"LineString","coordinates":[[-63.2325,-17.38549],[-63.23203,-17.38596]]},"properties":{"name":"Línea [370D0]:0","stroke-opacity":1,"stroke":"#0000fe","stroke-width":4}},
{"type":"Feature","geometry":{"type":"LineString","coordinates":[[-63.23218,-17.38562],[-63.23364,-17.3869]]},"properties":{"name":"Línea [370CF]:0","stroke-opacity":1,"stroke":"#0000fe","stroke-width":4}},
{"type":"Feature","geometry":{"type":"LineString","coordinates":[[-63.2325,-17.38832],[-63.23249,-17.38831],[-63.23249,-17.3883],[-63.23248,-17.38829],[-63.23248,-17.38828],[-63.23248,-17.38827],[-63.23248,-17.38826],[-63.23248,-17.38825],[-63.23249,-17.38824],[-63.2325,-17.38823]]},"properties":{"name":"Arco [37093]:0","stroke-opacity":1,"stroke":"#0000fe","stroke-width":4}},
{"type":"Feature","geometry":{"type":"LineString","coordinates":[[-63.23396,-17.38951],[-63.23395,-17.38951],[-63.23394,-17.38952],[-63.23393,-17.38952],[-63.23392,-17.38953],[-63.23391,-17.38953],[-63.2339,-17.38952],[-63.23389,-17.38952],[-63.23388,-17.38952],[-63.23387,-17.38951]]},"properties":{"name":"Arco [37092]:0","stroke-opacity":1,"stroke":"#0000fe","stroke-width":4}},
{"type":"Feature","geometry":{"type":"LineString","coordinates":[[-63.23406,-17.38967],[-63.23405,-17.38967],[-63.23404,-17.38966],[-63.23404,-17.38965],[-63.23403,-17.38963],[-63.23403,-17.38962],[-63.23404,-17.38961],[-63.23404,-17.3896],[-63.23404,-17.38959],[-63.23405,-17.38958]]},"properties":{"name":"Arco [37091]:0","stroke-opacity":1,"stroke":"#0000fe","stroke-width":4}},
{"type":"Feature","geometry":{"type":"LineString","coordinates":[[-63.23551,-17.39086],[-63.23551,-17.39087],[-63.2355,-17.39087],[-63.23549,-17.39088],[-63.23547,-17.39088],[-63.23546,-17.39088],[-63.23545,-17.39088],[-63.23544,-17.39088],[-63.23543,-17.39087],[-63.23542,-17.39086]]},"properties":{"name":"Arco [37090]:0","stroke-opacity":1,"stroke":"#0000fe","stroke-width":4}},
{"type":"Feature","geometry":{"type":"LineString","coordinates":[[-63.23561,-17.39103],[-63.2356,-17.39102],[-63.2356,-17.39101],[-63.23559,-17.391],[-63.23559,-17.39099],[-63.23559,-17.39098],[-63.23559,-17.39097],[-63.23559,-17.39096],[-63.2356,-17.39095],[-63.23561,-17.39094]]},"properties":{"name":"Arco [3708F]:0","stroke-opacity":1,"stroke":"#0000fe","stroke-width":4}},
{"type":"Feature","geometry":{"type":"LineString","coordinates":[[-63.23733,-17.39244],[-63.23732,-17.39245],[-63.23731,-17.39245],[-63.2373,-17.39246],[-63.23729,-17.39246],[-63.23728,-17.39246],[-63.23727,-17.39246],[-63.23726,-17.39246],[-63.23725,-17.39245],[-63.23724,-17.39245]]},"properties":{"name":"Arco [3708E]:0","stroke-opacity":1,"stroke":"#0000fe","stroke-width":4}},
{"type":"Feature","geometry":{"type":"LineString","coordinates":[[-63.23733,-17.39244],[-63.23749,-17.39228]]},"properties":{"name":"Línea [3707F]:0","stroke-opacity":1,"stroke":"#0000fe","stroke-width":4}},
{"type":"Feature","geometry":{"type":"LineString","coordinates":[[-63.23576,-17.39078],[-63.23561,-17.39094]]},"properties":{"name":"Línea [3707E]:0","stroke-opacity":1,"stroke":"#0000fe","stroke-width":4}},
{"type":"Feature","geometry":{"type":"LineString","coordinates":[[-63.23567,-17.3907],[-63.23551,-17.39086]]},"properties":{"name":"Línea [3707D]:0","stroke-opacity":1,"stroke":"#0000fe","stroke-width":4}},
{"type":"Feature","geometry":{"type":"LineString","coordinates":[[-63.23421,-17.38942],[-63.23405,-17.38958]]},"properties":{"name":"Línea [3707C]:0","stroke-opacity":1,"stroke":"#0000fe","stroke-width":4}},
{"type":"Feature","geometry":{"type":"LineString","coordinates":[[-63.23412,-17.38934],[-63.23396,-17.38951]]},"properties":{"name":"Línea [3707B]:0","stroke-opacity":1,"stroke":"#0000fe","stroke-width":4}},
{"type":"Feature","geometry":{"type":"LineString","coordinates":[[-63.23266,-17.38807],[-63.2325,-17.38823]]},"properties":{"name":"Línea [3707A]:0","stroke-opacity":1,"stroke":"#0000fe","stroke-width":4}},
{"type":"Feature","geometry":{"type":"MultiLineString","coordinates":[[[-63.23289,-17.38792],[-63.23284,-17.38788]],[[-63.23284,-17.38788],[-63.23279,-17.38793]]]},"properties":{"name":"Polilínea [37071]:0","stroke-opacity":1,"stroke":"#0000fe","stroke-width":4}},
{"type":"Feature","geometry":{"type":"MultiLineString","coordinates":[[[-63.23297,-17.38775],[-63.23292,-17.3878]],[[-63.23292,-17.3878],[-63.23297,-17.38784]]]},"properties":{"name":"Polilínea [37070]:0","stroke-opacity":1,"stroke":"#0000fe","stroke-width":4}},
{"type":"Feature","geometry":{"type":"MultiLineString","coordinates":[[[-63.23443,-17.38903],[-63.23439,-17.38907]],[[-63.23439,-17.38907],[-63.23434,-17.38903]]]},"properties":{"name":"Polilínea [37069]:0","stroke-opacity":1,"stroke":"#0000fe","stroke-width":4}},
{"type":"Feature","geometry":{"type":"MultiLineString","coordinates":[[[-63.23425,-17.38911],[-63.2343,-17.38916]],[[-63.2343,-17.38916],[-63.23426,-17.3892]]]},"properties":{"name":"Polilínea [37068]:0","stroke-opacity":1,"stroke":"#0000fe","stroke-width":4}},
{"type":"Feature","geometry":{"type":"MultiLineString","coordinates":[[[-63.23444,-17.38928],[-63.23439,-17.38924]],[[-63.23439,-17.38924],[-63.23435,-17.38928]]]},"properties":{"name":"Polilínea [37067]:0","stroke-opacity":1,"stroke":"#0000fe","stroke-width":4}},
{"type":"Feature","geometry":{"type":"MultiLineString","coordinates":[[[-63.23452,-17.3891],[-63.23448,-17.38915]],[[-63.23448,-17.38915],[-63.23453,-17.38919]]]},"properties":{"name":"Polilínea [37066]:0","stroke-opacity":1,"stroke":"#0000fe","stroke-width":4}},
{"type":"Feature","geometry":{"type":"MultiLineString","coordinates":[[[-63.23599,-17.39038],[-63.23594,-17.39043]],[[-63.23594,-17.39043],[-63.23589,-17.39039]]]},"properties":{"name":"Polilínea [3705D]:0","stroke-opacity":1,"stroke":"#0000fe","stroke-width":4}},
{"type":"Feature","geometry":{"type":"MultiLineString","coordinates":[[[-63.23581,-17.39056],[-63.23586,-17.39051]],[[-63.23586,-17.39051],[-63.23581,-17.39047]]]},"properties":{"name":"Polilínea [3705C]:0","stroke-opacity":1,"stroke":"#0000fe","stroke-width":4}},
{"type":"Feature","geometry":{"type":"MultiLineString","coordinates":[[[-63.236,-17.39063],[-63.23595,-17.39059]],[[-63.23595,-17.39059],[-63.2359,-17.39064]]]},"properties":{"name":"Polilínea [3705A]:0","stroke-opacity":1,"stroke":"#0000fe","stroke-width":4}},
{"type":"Feature","geometry":{"type":"MultiLineString","coordinates":[[[-63.23608,-17.39046],[-63.23603,-17.39051]],[[-63.23603,-17.39051],[-63.23608,-17.39055]]]},"properties":{"name":"Polilínea [37059]:0","stroke-opacity":1,"stroke":"#0000fe","stroke-width":4}},
{"type":"Feature","geometry":{"type":"MultiLineString","coordinates":[[[-63.23762,-17.39214],[-63.23767,-17.39209]],[[-63.23767,-17.39209],[-63.23762,-17.39205]]]},"properties":{"name":"Polilínea [37051]:0","stroke-opacity":1,"stroke":"#0000fe","stroke-width":4}},
{"type":"Feature","geometry":{"type":"LineString","coordinates":[[-63.22918,-17.38504],[-63.22898,-17.38525]]},"properties":{"name":"Línea [36FAA]:0","stroke-opacity":1,"stroke":"#0000fe","stroke-width":4}},
{"type":"Feature","geometry":{"type":"LineString","coordinates":[[-63.22927,-17.38511],[-63.22906,-17.38532]]},"properties":{"name":"Línea [36FA9]:0","stroke-opacity":1,"stroke":"#0000fe","stroke-width":4}},
{"type":"Feature","geometry":{"type":"LineString","coordinates":[[-63.22935,-17.38519],[-63.22915,-17.38539]]},"properties":{"name":"Línea [36FA8]:0","stroke-opacity":1,"stroke":"#0000fe","stroke-width":4}},
{"type":"Feature","geometry":{"type":"LineString","coordinates":[[-63.2291,-17.38497],[-63.22889,-17.38518]]},"properties":{"name":"Línea [36FA7]:0","stroke-opacity":1,"stroke":"#0000fe","stroke-width":4}},
{"type":"Feature","geometry":{"type":"LineString","coordinates":[[-63.22902,-17.3849],[-63.22881,-17.3851]]},"properties":{"name":"Línea [36FA6]:0","stroke-opacity":1,"stroke":"#0000fe","stroke-width":4}},
{"type":"Feature","geometry":{"type":"LineString","coordinates":[[-63.22893,-17.38482],[-63.22873,-17.38503]]},"properties":{"name":"Línea [36FA5]:0","stroke-opacity":1,"stroke":"#0000fe","stroke-width":4}},
{"type":"Feature","geometry":{"type":"LineString","coordinates":[[-63.22885,-17.38475],[-63.22864,-17.38496]]},"properties":{"name":"Línea [36FA4]:0","stroke-opacity":1,"stroke":"#0000fe","stroke-width":4}},
{"type":"Feature","geometry":{"type":"LineString","coordinates":[[-63.22876,-17.38468],[-63.22856,-17.38488]]},"properties":{"name":"Línea [36FA3]:0","stroke-opacity":1,"stroke":"#0000fe","stroke-width":4}},
{"type":"Feature","geometry":{"type":"LineString","coordinates":[[-63.22868,-17.3846],[-63.22848,-17.38481]]},"properties":{"name":"Línea [36FA2]:0","stroke-opacity":1,"stroke":"#0000fe","stroke-width":4}},
{"type":"Feature","geometry":{"type":"LineString","coordinates":[[-63.2286,-17.38453],[-63.22839,-17.38474]]},"properties":{"name":"Línea [36FA1]:0","stroke-opacity":1,"stroke":"#0000fe","stroke-width":4}},
{"type":"Feature","geometry":{"type":"LineString","coordinates":[[-63.22851,-17.38446],[-63.22831,-17.38467]]},"properties":{"name":"Línea [36FA0]:0","stroke-opacity":1,"stroke":"#0000fe","stroke-width":4}},
{"type":"Feature","geometry":{"type":"LineString","coordinates":[[-63.22843,-17.38438],[-63.22823,-17.38459]]},"properties":{"name":"Línea [36F9F]:0","stroke-opacity":1,"stroke":"#0000fe","stroke-width":4}},
{"type":"Feature","geometry":{"type":"LineString","coordinates":[[-63.22835,-17.38431],[-63.22814,-17.38452]]},"properties":{"name":"Línea [36F9E]:0","stroke-opacity":1,"stroke":"#0000fe","stroke-width":4}},
{"type":"Feature","geometry":{"type":"LineString","coordinates":[[-63.22965,-17.38545],[-63.22945,-17.38566]]},"properties":{"name":"Línea [36F9A]:0","stroke-opacity":1,"stroke":"#0000fe","stroke-width":4}},
{"type":"Feature","geometry":{"type":"LineString","coordinates":[[-63.22973,-17.38552],[-63.22953,-17.38573]]},"properties":{"name":"Línea [36F99]:0","stroke-opacity":1,"stroke":"#0000fe","stroke-width":4}},
{"type":"Feature","geometry":{"type":"LineString","coordinates":[[-63.22982,-17.38559],[-63.22961,-17.3858]]},"properties":{"name":"Línea [36F98]:0","stroke-opacity":1,"stroke":"#0000fe","stroke-width":4}},
{"type":"Feature","geometry":{"type":"LineString","coordinates":[[-63.2299,-17.38567],[-63.2297,-17.38587]]},"properties":{"name":"Línea [36F97]:0","stroke-opacity":1,"stroke":"#0000fe","stroke-width":4}},
{"type":"Feature","geometry":{"type":"LineString","coordinates":[[-63.22998,-17.38574],[-63.22978,-17.38595]]},"properties":{"name":"Línea [36F96]:0","stroke-opacity":1,"stroke":"#0000fe","stroke-width":4}},
{"type":"Feature","geometry":{"type":"LineString","coordinates":[[-63.23007,-17.38581],[-63.22986,-17.38602]]},"properties":{"name":"Línea [36F95]:0","stroke-opacity":1,"stroke":"#0000fe","stroke-width":4}},
{"type":"Feature","geometry":{"type":"LineString","coordinates":[[-63.23015,-17.38589],[-63.22995,-17.38609]]},"properties":{"name":"Línea [36F94]:0","stroke-opacity":1,"stroke":"#0000fe","stroke-width":4}},
{"type":"Feature","geometry":{"type":"LineString","coordinates":[[-63.23032,-17.38603],[-63.23011,-17.38624]]},"properties":{"name":"Línea [36F93]:0","stroke-opacity":1,"stroke":"#0000fe","stroke-width":4}},
{"type":"Feature","geometry":{"type":"LineString","coordinates":[[-63.23024,-17.38596],[-63.23003,-17.38617]]},"properties":{"name":"Línea [36F92]:0","stroke-opacity":1,"stroke":"#0000fe","stroke-width":4}},
{"type":"Feature","geometry":{"type":"LineString","coordinates":[[-63.2304,-17.3861],[-63.2302,-17.38631]]},"properties":{"name":"Línea [36F91]:0","stroke-opacity":1,"stroke":"#0000fe","stroke-width":4}},
{"type":"Feature","geometry":{"type":"LineString","coordinates":[[-63.23049,-17.38618],[-63.23028,-17.38638]]},"properties":{"name":"Línea [36F90]:0","stroke-opacity":1,"stroke":"#0000fe","stroke-width":4}},
{"type":"Feature","geometry":{"type":"LineString","coordinates":[[-63.23057,-17.38625],[-63.23037,-17.38646]]},"properties":{"name":"Línea [36F8F]:0","stroke-opacity":1,"stroke":"#0000fe","stroke-width":4}},
{"type":"Feature","geometry":{"type":"LineString","coordinates":[[-63.23065,-17.38632],[-63.23045,-17.38653]]},"properties":{"name":"Línea [36F8E]:0","stroke-opacity":1,"stroke":"#0000fe","stroke-width":4}},
{"type":"Feature","geometry":{"type":"LineString","coordinates":[[-63.23074,-17.3864],[-63.23053,-17.3866]]},"properties":{"name":"Línea [36F8D]:0","stroke-opacity":1,"stroke":"#0000fe","stroke-width":4}},
{"type":"Feature","geometry":{"type":"LineString","coordinates":[[-63.23082,-17.38647],[-63.23062,-17.38668]]},"properties":{"name":"Línea [36F8C]:0","stroke-opacity":1,"stroke":"#0000fe","stroke-width":4}},
{"type":"Feature","geometry":{"type":"LineString","coordinates":[[-63.23091,-17.38654],[-63.2307,-17.38675]]},"properties":{"name":"Línea [36F8B]:0","stroke-opacity":1,"stroke":"#0000fe","stroke-width":4}},
{"type":"Feature","geometry":{"type":"LineString","coordinates":[[-63.23256,-17.38799],[-63.2324,-17.38815]]},"properties":{"name":"Línea [36F5C]:0","stroke-opacity":1,"stroke":"#0000fe","stroke-width":4}},
{"type":"Feature","geometry":{"type":"LineString","coordinates":[[-63.2324,-17.38815],[-63.2324,-17.38816],[-63.23239,-17.38816],[-63.23238,-17.38817],[-63.23236,-17.38817],[-63.23235,-17.38817],[-63.23234,-17.38817],[-63.23233,-17.38817],[-63.23232,-17.38816],[-63.23231,-17.38815]]},"properties":{"name":"Arco [36F4A]:0","stroke-opacity":1,"stroke":"#0000fe","stroke-width":4}},
{"type":"Feature","geometry":{"type":"LineString","coordinates":[[-63.23114,-17.38713],[-63.23231,-17.38815]]},"properties":{"name":"Línea [36F49]:0","stroke-opacity":1,"stroke":"#0000fe","stroke-width":4}},
{"type":"Feature","geometry":{"type":"LineString","coordinates":[[-63.22929,-17.38544],[-63.22945,-17.38528]]},"properties":{"name":"Línea [36F3F]:0","stroke-opacity":1,"stroke":"#0000fe","stroke-width":4}},
{"type":"Feature","geometry":{"type":"LineString","coordinates":[[-63.22939,-17.38552],[-63.22955,-17.38536]]},"properties":{"name":"Línea [36F3E]:0","stroke-opacity":1,"stroke":"#0000fe","stroke-width":4}},
{"type":"Feature","geometry":{"type":"LineString","coordinates":[[-63.22929,-17.38544],[-63.22929,-17.38545],[-63.22928,-17.38545],[-63.22927,-17.38546],[-63.22925,-17.38546],[-63.22924,-17.38546],[-63.22923,-17.38546],[-63.22922,-17.38546],[-63.22921,-17.38545],[-63.2292,-17.38544]]},"properties":{"name":"Arco [36F37]:0","stroke-opacity":1,"stroke":"#0000fe","stroke-width":4}},
{"type":"Feature","geometry":{"type":"LineString","coordinates":[[-63.22939,-17.38561],[-63.22938,-17.3856],[-63.22938,-17.38559],[-63.22937,-17.38558],[-63.22937,-17.38557],[-63.22937,-17.38556],[-63.22937,-17.38555],[-63.22937,-17.38554],[-63.22938,-17.38553],[-63.22939,-17.38552]]},"properties":{"name":"Arco [36F36]:0","stroke-opacity":1,"stroke":"#0000fe","stroke-width":4}},
{"type":"Feature","geometry":{"type":"LineString","coordinates":[[-63.22939,-17.38561],[-63.23095,-17.38697]]},"properties":{"name":"Línea [36F30]:0","stroke-opacity":1,"stroke":"#0000fe","stroke-width":4}},
{"type":"Feature","geometry":{"type":"LineString","coordinates":[[-63.22776,-17.38418],[-63.2292,-17.38544]]},"properties":{"name":"Línea [36F2F]:0","stroke-opacity":1,"stroke":"#0000fe","stroke-width":4}},
{"type":"Feature","geometry":{"type":"LineString","coordinates":[[-63.23001,-17.38489],[-63.23166,-17.38633]]},"properties":{"name":"Línea [36143]:0","stroke-opacity":1,"stroke":"#0000fe","stroke-width":4}},
{"type":"Feature","geometry":{"type":"LineString","coordinates":[[-63.23062,-17.38426],[-63.23209,-17.38554]]},"properties":{"name":"Línea [36142]:0","stroke-opacity":1,"stroke":"#0000fe","stroke-width":4}},
{"type":"Feature","geometry":{"type":"LineString","coordinates":[[-63.23092,-17.38621],[-63.23074,-17.3864]]},"properties":{"name":"Línea [36141]:0","stroke-opacity":1,"stroke":"#0000fe","stroke-width":4}},
{"type":"Feature","geometry":{"type":"LineString","coordinates":[[-63.23109,-17.38636],[-63.23091,-17.38654]]},"properties":{"name":"Línea [36140]:0","stroke-opacity":1,"stroke":"#0000fe","stroke-width":4}},
{"type":"Feature","geometry":{"type":"LineString","coordinates":[[-63.23101,-17.38628],[-63.23082,-17.38647]]},"properties":{"name":"Línea [3613F]:0","stroke-opacity":1,"stroke":"#0000fe","stroke-width":4}},
{"type":"Feature","geometry":{"type":"LineString","coordinates":[[-63.23084,-17.38614],[-63.23065,-17.38632]]},"properties":{"name":"Línea [3613E]:0","stroke-opacity":1,"stroke":"#0000fe","stroke-width":4}},
{"type":"Feature","geometry":{"type":"LineString","coordinates":[[-63.23075,-17.38606],[-63.23057,-17.38625]]},"properties":{"name":"Línea [3613D]:0","stroke-opacity":1,"stroke":"#0000fe","stroke-width":4}},
{"type":"Feature","geometry":{"type":"LineString","coordinates":[[-63.23067,-17.38599],[-63.23049,-17.38618]]},"properties":{"name":"Línea [3613C]:0","stroke-opacity":1,"stroke":"#0000fe","stroke-width":4}},
{"type":"Feature","geometry":{"type":"LineString","coordinates":[[-63.23059,-17.38592],[-63.2304,-17.3861]]},"properties":{"name":"Línea [3613B]:0","stroke-opacity":1,"stroke":"#0000fe","stroke-width":4}},
{"type":"Feature","geometry":{"type":"LineString","coordinates":[[-63.23042,-17.38577],[-63.23024,-17.38596]]},"properties":{"name":"Línea [3613A]:0","stroke-opacity":1,"stroke":"#0000fe","stroke-width":4}},
{"type":"Feature","geometry":{"type":"LineString","coordinates":[[-63.2305,-17.38585],[-63.23032,-17.38603]]},"properties":{"name":"Línea [36139]:0","stroke-opacity":1,"stroke":"#0000fe","stroke-width":4}},
{"type":"Feature","geometry":{"type":"LineString","coordinates":[[-63.23034,-17.3857],[-63.23015,-17.38589]]},"properties":{"name":"Línea [36138]:0","stroke-opacity":1,"stroke":"#0000fe","stroke-width":4}},
{"type":"Feature","geometry":{"type":"LineString","coordinates":[[-63.23025,-17.38563],[-63.23007,-17.38581]]},"properties":{"name":"Línea [36137]:0","stroke-opacity":1,"stroke":"#0000fe","stroke-width":4}},
{"type":"Feature","geometry":{"type":"LineString","coordinates":[[-63.23017,-17.38555],[-63.22998,-17.38574]]},"properties":{"name":"Línea [36136]:0","stroke-opacity":1,"stroke":"#0000fe","stroke-width":4}},
{"type":"Feature","geometry":{"type":"LineString","coordinates":[[-63.23008,-17.38548],[-63.2299,-17.38567]]},"properties":{"name":"Línea [36135]:0","stroke-opacity":1,"stroke":"#0000fe","stroke-width":4}},
{"type":"Feature","geometry":{"type":"LineString","coordinates":[[-63.23,-17.38541],[-63.22982,-17.38559]]},"properties":{"name":"Línea [36134]:0","stroke-opacity":1,"stroke":"#0000fe","stroke-width":4}},
{"type":"Feature","geometry":{"type":"LineString","coordinates":[[-63.22992,-17.38533],[-63.22973,-17.38552]]},"properties":{"name":"Línea [36133]:0","stroke-opacity":1,"stroke":"#0000fe","stroke-width":4}},
{"type":"Feature","geometry":{"type":"LineString","coordinates":[[-63.22983,-17.38526],[-63.22965,-17.38545]]},"properties":{"name":"Línea [36132]:0","stroke-opacity":1,"stroke":"#0000fe","stroke-width":4}},
{"type":"Feature","geometry":{"type":"LineString","coordinates":[[-63.23036,-17.38473],[-63.22992,-17.38518]]},"properties":{"name":"Línea [36131]:0","stroke-opacity":1,"stroke":"#0000fe","stroke-width":4}},
{"type":"Feature","geometry":{"type":"LineString","coordinates":[[-63.23045,-17.3848],[-63.23,-17.38525]]},"properties":{"name":"Línea [36130]:0","stroke-opacity":1,"stroke":"#0000fe","stroke-width":4}},
{"type":"Feature","geometry":{"type":"LineString","coordinates":[[-63.23053,-17.38487],[-63.23009,-17.38532]]},"properties":{"name":"Línea [3612F]:0","stroke-opacity":1,"stroke":"#0000fe","stroke-width":4}},
{"type":"Feature","geometry":{"type":"LineString","coordinates":[[-63.23061,-17.38495],[-63.23017,-17.3854]]},"properties":{"name":"Línea [3612E]:0","stroke-opacity":1,"stroke":"#0000fe","stroke-width":4}},
{"type":"Feature","geometry":{"type":"LineString","coordinates":[[-63.2307,-17.38502],[-63.23025,-17.38547]]},"properties":{"name":"Línea [3612D]:0","stroke-opacity":1,"stroke":"#0000fe","stroke-width":4}},
{"type":"Feature","geometry":{"type":"LineString","coordinates":[[-63.23078,-17.38509],[-63.23034,-17.38554]]},"properties":{"name":"Línea [3612C]:0","stroke-opacity":1,"stroke":"#0000fe","stroke-width":4}},
{"type":"Feature","geometry":{"type":"LineString","coordinates":[[-63.23086,-17.38516],[-63.23042,-17.38561]]},"properties":{"name":"Línea [3612B]:0","stroke-opacity":1,"stroke":"#0000fe","stroke-width":4}},
{"type":"Feature","geometry":{"type":"LineString","coordinates":[[-63.23095,-17.38524],[-63.2305,-17.38569]]},"properties":{"name":"Línea [3612A]:0","stroke-opacity":1,"stroke":"#0000fe","stroke-width":4}},
{"type":"Feature","geometry":{"type":"LineString","coordinates":[[-63.23103,-17.38531],[-63.23059,-17.38576]]},"properties":{"name":"Línea [36129]:0","stroke-opacity":1,"stroke":"#0000fe","stroke-width":4}},
{"type":"Feature","geometry":{"type":"LineString","coordinates":[[-63.23111,-17.38538],[-63.23067,-17.38583]]},"properties":{"name":"Línea [36128]:0","stroke-opacity":1,"stroke":"#0000fe","stroke-width":4}},
{"type":"Feature","geometry":{"type":"LineString","coordinates":[[-63.2312,-17.38546],[-63.23075,-17.38591]]},"properties":{"name":"Línea [36127]:0","stroke-opacity":1,"stroke":"#0000fe","stroke-width":4}},
{"type":"Feature","geometry":{"type":"LineString","coordinates":[[-63.23128,-17.38553],[-63.23084,-17.38598]]},"properties":{"name":"Línea [36126]:0","stroke-opacity":1,"stroke":"#0000fe","stroke-width":4}},
{"type":"Feature","geometry":{"type":"LineString","coordinates":[[-63.23137,-17.3856],[-63.23092,-17.38605]]},"properties":{"name":"Línea [36125]:0","stroke-opacity":1,"stroke":"#0000fe","stroke-width":4}},
{"type":"Feature","geometry":{"type":"LineString","coordinates":[[-63.23145,-17.38567],[-63.23101,-17.38612]]},"properties":{"name":"Línea [36124]:0","stroke-opacity":1,"stroke":"#0000fe","stroke-width":4}},
{"type":"Feature","geometry":{"type":"LineString","coordinates":[[-63.23153,-17.38575],[-63.23109,-17.3862]]},"properties":{"name":"Línea [36123]:0","stroke-opacity":1,"stroke":"#0000fe","stroke-width":4}},
{"type":"Feature","geometry":{"type":"LineString","coordinates":[[-63.23162,-17.38582],[-63.23117,-17.38627]]},"properties":{"name":"Línea [36122]:0","stroke-opacity":1,"stroke":"#0000fe","stroke-width":4}},
{"type":"Feature","geometry":{"type":"LineString","coordinates":[[-63.2322,-17.38523],[-63.23173,-17.3857]]},"properties":{"name":"Línea [36121]:0","stroke-opacity":1,"stroke":"#0000fe","stroke-width":4}},
{"type":"Feature","geometry":{"type":"LineString","coordinates":[[-63.23212,-17.38516],[-63.23165,-17.38563]]},"properties":{"name":"Línea [36120]:0","stroke-opacity":1,"stroke":"#0000fe","stroke-width":4}},
{"type":"Feature","geometry":{"type":"LineString","coordinates":[[-63.23203,-17.38508],[-63.23157,-17.38556]]},"properties":{"name":"Línea [3611F]:0","stroke-opacity":1,"stroke":"#0000fe","stroke-width":4}},
{"type":"Feature","geometry":{"type":"LineString","coordinates":[[-63.23195,-17.38501],[-63.23148,-17.38548]]},"properties":{"name":"Línea [3611E]:0","stroke-opacity":1,"stroke":"#0000fe","stroke-width":4}},
{"type":"Feature","geometry":{"type":"LineString","coordinates":[[-63.23186,-17.38494],[-63.2314,-17.38541]]},"properties":{"name":"Línea [3611D]:0","stroke-opacity":1,"stroke":"#0000fe","stroke-width":4}},
{"type":"Feature","geometry":{"type":"LineString","coordinates":[[-63.23178,-17.38487],[-63.23131,-17.38534]]},"properties":{"name":"Línea [3611B]:0","stroke-opacity":1,"stroke":"#0000fe","stroke-width":4}},
{"type":"Feature","geometry":{"type":"LineString","coordinates":[[-63.2317,-17.38479],[-63.23123,-17.38526]]},"properties":{"name":"Línea [3611A]:0","stroke-opacity":1,"stroke":"#0000fe","stroke-width":4}},
{"type":"Feature","geometry":{"type":"LineString","coordinates":[[-63.23161,-17.38472],[-63.23115,-17.38519]]},"properties":{"name":"Línea [36119]:0","stroke-opacity":1,"stroke":"#0000fe","stroke-width":4}},
{"type":"Feature","geometry":{"type":"LineString","coordinates":[[-63.23153,-17.38465],[-63.23106,-17.38512]]},"properties":{"name":"Línea [36118]:0","stroke-opacity":1,"stroke":"#0000fe","stroke-width":4}},
{"type":"Feature","geometry":{"type":"LineString","coordinates":[[-63.23145,-17.38457],[-63.23098,-17.38505]]},"properties":{"name":"Línea [36117]:0","stroke-opacity":1,"stroke":"#0000fe","stroke-width":4}},
{"type":"Feature","geometry":{"type":"LineString","coordinates":[[-63.23136,-17.3845],[-63.2309,-17.38497]]},"properties":{"name":"Línea [36116]:0","stroke-opacity":1,"stroke":"#0000fe","stroke-width":4}},
{"type":"Feature","geometry":{"type":"LineString","coordinates":[[-63.23128,-17.38443],[-63.23081,-17.3849]]},"properties":{"name":"Línea [36115]:0","stroke-opacity":1,"stroke":"#0000fe","stroke-width":4}},
{"type":"Feature","geometry":{"type":"LineString","coordinates":[[-63.2312,-17.38435],[-63.23073,-17.38483]]},"properties":{"name":"Línea [36114]:0","stroke-opacity":1,"stroke":"#0000fe","stroke-width":4}},
{"type":"Feature","geometry":{"type":"LineString","coordinates":[[-63.23111,-17.38428],[-63.23065,-17.38475]]},"properties":{"name":"Línea [36113]:0","stroke-opacity":1,"stroke":"#0000fe","stroke-width":4}},
{"type":"Feature","geometry":{"type":"LineString","coordinates":[[-63.23103,-17.38421],[-63.23056,-17.38468]]},"properties":{"name":"Línea [36112]:0","stroke-opacity":1,"stroke":"#0000fe","stroke-width":4}},
{"type":"Feature","geometry":{"type":"LineString","coordinates":[[-63.23094,-17.38414],[-63.23048,-17.38461]]},"properties":{"name":"Línea [36111]:0","stroke-opacity":1,"stroke":"#0000fe","stroke-width":4}},
{"type":"Feature","geometry":{"type":"LineString","coordinates":[[-63.23218,-17.38533],[-63.23227,-17.38532]]},"properties":{"name":"Línea [3605B]:0","stroke-opacity":1,"stroke":"#fefefe","stroke-width":4}},
{"type":"Feature","geometry":{"type":"LineString","coordinates":[[-63.23183,-17.38568],[-63.23184,-17.38576]]},"properties":{"name":"Línea [3605A]:0","stroke-opacity":1,"stroke":"#fefefe","stroke-width":4}},
{"type":"Feature","geometry":{"type":"LineString","coordinates":[[-63.23179,-17.38608],[-63.23188,-17.38608]]},"properties":{"name":"Línea [36058]:0","stroke-opacity":1,"stroke":"#fefefe","stroke-width":4}},
{"type":"Feature","geometry":{"type":"LineString","coordinates":[[-63.23147,-17.38644],[-63.23147,-17.3865]]},"properties":{"name":"Línea [36057]:0","stroke-opacity":1,"stroke":"#fefefe","stroke-width":4}},
{"type":"Feature","geometry":{"type":"LineString","coordinates":[[-63.23129,-17.38662],[-63.23136,-17.38662]]},"properties":{"name":"Línea [36056]:0","stroke-opacity":1,"stroke":"#fefefe","stroke-width":4}},
{"type":"Feature","geometry":{"type":"LineString","coordinates":[[-63.22973,-17.38526],[-63.22973,-17.3852]]},"properties":{"name":"Línea [36055]:0","stroke-opacity":1,"stroke":"#fefefe","stroke-width":4}},
{"type":"Feature","geometry":{"type":"LineString","coordinates":[[-63.22991,-17.38508],[-63.22984,-17.38508]]},"properties":{"name":"Línea [36054]:0","stroke-opacity":1,"stroke":"#fefefe","stroke-width":4}},
{"type":"Feature","geometry":{"type":"LineString","coordinates":[[-63.23026,-17.38475],[-63.23026,-17.38467]]},"properties":{"name":"Línea [36053]:0","stroke-opacity":1,"stroke":"#fefefe","stroke-width":4}},
{"type":"Feature","geometry":{"type":"LineString","coordinates":[[-63.23049,-17.38451],[-63.23041,-17.38452]]},"properties":{"name":"Línea [36052]:0","stroke-opacity":1,"stroke":"#fefefe","stroke-width":4}},
{"type":"Feature","geometry":{"type":"LineString","coordinates":[[-63.23084,-17.38416],[-63.23084,-17.38408]]},"properties":{"name":"Línea [36051]:0","stroke-opacity":1,"stroke":"#fefefe","stroke-width":4}},
{"type":"Feature","geometry":{"type":"MultiLineString","coordinates":[[[-63.23218,-17.38533],[-63.23218,-17.38532],[-63.23219,-17.38532],[-63.23219,-17.38533]],[[-63.23219,-17.38533],[-63.23218,-17.38533]]]},"properties":{"name":"Círculo [36050]:0","stroke-opacity":1,"stroke":"#fefefe","stroke-width":4}},
{"type":"Feature","geometry":{"type":"MultiLineString","coordinates":[[[-63.23183,-17.38568],[-63.23184,-17.38568]],[[-63.23184,-17.38568],[-63.23183,-17.38568]]]},"properties":{"name":"Círculo [3604F]:0","stroke-opacity":1,"stroke":"#fefefe","stroke-width":4}},
{"type":"Feature","geometry":{"type":"MultiLineString","coordinates":[[[-63.23179,-17.38608],[-63.2318,-17.38608]],[[-63.2318,-17.38608],[-63.2318,-17.38609],[-63.23179,-17.38609],[-63.23179,-17.38608]]]},"properties":{"name":"Círculo [3604E]:0","stroke-opacity":1,"stroke":"#fefefe","stroke-width":4}},
{"type":"Feature","geometry":{"type":"MultiLineString","coordinates":[[[-63.23146,-17.38644],[-63.23147,-17.38644]],[[-63.23147,-17.38644],[-63.23147,-17.38645],[-63.23146,-17.38645],[-63.23146,-17.38644]]]},"properties":{"name":"Círculo [3604D]:0","stroke-opacity":1,"stroke":"#fefefe","stroke-width":4}},
{"type":"Feature","geometry":{"type":"MultiLineString","coordinates":[[[-63.23129,-17.38662],[-63.23129,-17.38661],[-63.2313,-17.38662]],[[-63.2313,-17.38662],[-63.23129,-17.38662]]]},"properties":{"name":"Círculo [3604C]:0","stroke-opacity":1,"stroke":"#fefefe","stroke-width":4}},
{"type":"Feature","geometry":{"type":"MultiLineString","coordinates":[[[-63.22973,-17.38526],[-63.22973,-17.38525],[-63.22974,-17.38526]],[[-63.22974,-17.38526],[-63.22973,-17.38526]]]},"properties":{"name":"Círculo [3604B]:0","stroke-opacity":1,"stroke":"#fefefe","stroke-width":4}},
{"type":"Feature","geometry":{"type":"MultiLineString","coordinates":[[[-63.2299,-17.38508],[-63.22991,-17.38508]],[[-63.22991,-17.38508],[-63.22991,-17.38509],[-63.2299,-17.38508]]]},"properties":{"name":"Círculo [3604A]:0","stroke-opacity":1,"stroke":"#fefefe","stroke-width":4}},
{"type":"Feature","geometry":{"type":"MultiLineString","coordinates":[[[-63.23026,-17.38475],[-63.23027,-17.38475]],[[-63.23027,-17.38475],[-63.23026,-17.38475]]]},"properties":{"name":"Círculo [36049]:0","stroke-opacity":1,"stroke":"#fefefe","stroke-width":4}},
{"type":"Feature","geometry":{"type":"MultiLineString","coordinates":[[[-63.23049,-17.38451],[-63.2305,-17.38451]],[[-63.2305,-17.38451],[-63.2305,-17.38452],[-63.23049,-17.38452],[-63.23049,-17.38451]]]},"properties":{"name":"Círculo [36048]:0","stroke-opacity":1,"stroke":"#fefefe","stroke-width":4}},
{"type":"Feature","geometry":{"type":"MultiLineString","coordinates":[[[-63.23084,-17.38416],[-63.23084,-17.38415],[-63.23085,-17.38415],[-63.23085,-17.38416]],[[-63.23085,-17.38416],[-63.23084,-17.38416]]]},"properties":{"name":"Círculo [36047]:0","stroke-opacity":1,"stroke":"#fefefe","stroke-width":4}},
{"type":"Feature","geometry":{"type":"MultiLineString","coordinates":[[[-63.22978,-17.38521],[-63.22973,-17.38517]],[[-63.22973,-17.38517],[-63.22968,-17.38522]]]},"properties":{"name":"Polilínea [36040]:0","stroke-opacity":1,"stroke":"#0000fe","stroke-width":4}},
{"type":"Feature","geometry":{"type":"MultiLineString","coordinates":[[[-63.22986,-17.38504],[-63.22981,-17.38509]],[[-63.22981,-17.38509],[-63.22986,-17.38513]]]},"properties":{"name":"Polilínea [3603F]:0","stroke-opacity":1,"stroke":"#0000fe","stroke-width":4}},
{"type":"Feature","geometry":{"type":"MultiLineString","coordinates":[[[-63.23062,-17.38397],[-63.23063,-17.38397]],[[-63.23063,-17.38397],[-63.23062,-17.38397]]]},"properties":{"name":"Círculo [35279]:0","stroke-opacity":1,"stroke":"#fefefe","stroke-width":4}},
{"type":"Feature","geometry":{"type":"MultiLineString","coordinates":[[[-63.23027,-17.38432],[-63.23028,-17.38432]],[[-63.23028,-17.38432],[-63.23028,-17.38433],[-63.23027,-17.38433],[-63.23027,-17.38432]]]},"properties":{"name":"Círculo [35278]:0","stroke-opacity":1,"stroke":"#fefefe","stroke-width":4}},
{"type":"Feature","geometry":{"type":"MultiLineString","coordinates":[[[-63.23004,-17.38456],[-63.23005,-17.38456]],[[-63.23005,-17.38456],[-63.23005,-17.38457],[-63.23004,-17.38457],[-63.23004,-17.38456]]]},"properties":{"name":"Círculo [35277]:0","stroke-opacity":1,"stroke":"#fefefe","stroke-width":4}},
{"type":"Feature","geometry":{"type":"MultiLineString","coordinates":[[[-63.22954,-17.3851],[-63.22954,-17.38509],[-63.22955,-17.38509],[-63.22955,-17.3851]],[[-63.22955,-17.3851],[-63.22954,-17.3851]]]},"properties":{"name":"Círculo [35276]:0","stroke-opacity":1,"stroke":"#fefefe","stroke-width":4}},
{"type":"Feature","geometry":{"type":"MultiLineString","coordinates":[[[-63.22971,-17.38492],[-63.22972,-17.38491],[-63.22972,-17.38492]],[[-63.22972,-17.38492],[-63.22971,-17.38492]]]},"properties":{"name":"Círculo [35275]:0","stroke-opacity":1,"stroke":"#fefefe","stroke-width":4}},
{"type":"Feature","geometry":{"type":"MultiLineString","coordinates":[[[-63.22808,-17.38385],[-63.22808,-17.38384],[-63.22809,-17.38384],[-63.22809,-17.38385]],[[-63.22809,-17.38385],[-63.22808,-17.38385]]]},"properties":{"name":"Círculo [35274]:0","stroke-opacity":1,"stroke":"#fefefe","stroke-width":4}},
{"type":"Feature","geometry":{"type":"MultiLineString","coordinates":[[[-63.22828,-17.38364],[-63.22829,-17.38364]],[[-63.22829,-17.38364],[-63.22829,-17.38365],[-63.22828,-17.38365],[-63.22828,-17.38364]]]},"properties":{"name":"Círculo [35273]:0","stroke-opacity":1,"stroke":"#fefefe","stroke-width":4}},
{"type":"Feature","geometry":{"type":"MultiLineString","coordinates":[[[-63.22861,-17.38335],[-63.22862,-17.38335]],[[-63.22862,-17.38335],[-63.22861,-17.38335]]]},"properties":{"name":"Círculo [35272]:0","stroke-opacity":1,"stroke":"#fefefe","stroke-width":4}},
{"type":"Feature","geometry":{"type":"MultiLineString","coordinates":[[[-63.22888,-17.38307],[-63.22889,-17.38307]],[[-63.22889,-17.38307],[-63.22889,-17.38308],[-63.22888,-17.38308],[-63.22888,-17.38307]]]},"properties":{"name":"Círculo [35271]:0","stroke-opacity":1,"stroke":"#fefefe","stroke-width":4}},
{"type":"Feature","geometry":{"type":"LineString","coordinates":[[-63.22889,-17.38307],[-63.22877,-17.38308]]},"properties":{"name":"Línea [3526E]:0","stroke-opacity":1,"stroke":"#fefefe","stroke-width":4}},
{"type":"Feature","geometry":{"type":"LineString","coordinates":[[-63.22861,-17.38335],[-63.22861,-17.38324]]},"properties":{"name":"Línea [3526D]:0","stroke-opacity":1,"stroke":"#fefefe","stroke-width":4}},
{"type":"Feature","geometry":{"type":"LineString","coordinates":[[-63.22829,-17.38364],[-63.2282,-17.38365]]},"properties":{"name":"Línea [3526C]:0","stroke-opacity":1,"stroke":"#fefefe","stroke-width":4}},
{"type":"Feature","geometry":{"type":"LineString","coordinates":[[-63.22808,-17.38385],[-63.22808,-17.38377]]},"properties":{"name":"Línea [3526B]:0","stroke-opacity":1,"stroke":"#fefefe","stroke-width":4}},
{"type":"Feature","geometry":{"type":"LineString","coordinates":[[-63.22954,-17.3851],[-63.22961,-17.38509]]},"properties":{"name":"Línea [3526A]:0","stroke-opacity":1,"stroke":"#fefefe","stroke-width":4}},
{"type":"Feature","geometry":{"type":"LineString","coordinates":[[-63.22972,-17.38492],[-63.22972,-17.38498]]},"properties":{"name":"Línea [35269]:0","stroke-opacity":1,"stroke":"#fefefe","stroke-width":4}},
{"type":"Feature","geometry":{"type":"LineString","coordinates":[[-63.23005,-17.38456],[-63.23013,-17.38456]]},"properties":{"name":"Línea [35268]:0","stroke-opacity":1,"stroke":"#fefefe","stroke-width":4}},
{"type":"Feature","geometry":{"type":"LineString","coordinates":[[-63.23028,-17.38432],[-63.23028,-17.38441]]},"properties":{"name":"Línea [35267]:0","stroke-opacity":1,"stroke":"#fefefe","stroke-width":4}},
{"type":"Feature","geometry":{"type":"LineString","coordinates":[[-63.23063,-17.38397],[-63.23071,-17.38397]]},"properties":{"name":"Línea [35266]:0","stroke-opacity":1,"stroke":"#fefefe","stroke-width":4}},
{"type":"Feature","geometry":{"type":"LineString","coordinates":[[-63.22864,-17.3837],[-63.22992,-17.38481]]},"properties":{"name":"Línea [35264]:0","stroke-opacity":1,"stroke":"#0000fe","stroke-width":4}},
{"type":"Feature","geometry":{"type":"LineString","coordinates":[[-63.22906,-17.38359],[-63.22861,-17.38404]]},"properties":{"name":"Línea [3525F]:0","stroke-opacity":1,"stroke":"#0000fe","stroke-width":4}},
{"type":"Feature","geometry":{"type":"LineString","coordinates":[[-63.22914,-17.38366],[-63.2287,-17.38411]]},"properties":{"name":"Línea [3525E]:0","stroke-opacity":1,"stroke":"#0000fe","stroke-width":4}},
{"type":"Feature","geometry":{"type":"LineString","coordinates":[[-63.22923,-17.38374],[-63.22878,-17.38419]]},"properties":{"name":"Línea [3525D]:0","stroke-opacity":1,"stroke":"#0000fe","stroke-width":4}},
{"type":"Feature","geometry":{"type":"LineString","coordinates":[[-63.22931,-17.38381],[-63.22887,-17.38426]]},"properties":{"name":"Línea [3525C]:0","stroke-opacity":1,"stroke":"#0000fe","stroke-width":4}},
{"type":"Feature","geometry":{"type":"LineString","coordinates":[[-63.22939,-17.38388],[-63.22895,-17.38433]]},"properties":{"name":"Línea [3525B]:0","stroke-opacity":1,"stroke":"#0000fe","stroke-width":4}},
{"type":"Feature","geometry":{"type":"LineString","coordinates":[[-63.22948,-17.38396],[-63.22903,-17.3844]]},"properties":{"name":"Línea [3525A]:0","stroke-opacity":1,"stroke":"#0000fe","stroke-width":4}},
{"type":"Feature","geometry":{"type":"LineString","coordinates":[[-63.22956,-17.38403],[-63.22912,-17.38448]]},"properties":{"name":"Línea [35259]:0","stroke-opacity":1,"stroke":"#0000fe","stroke-width":4}},
{"type":"Feature","geometry":{"type":"LineString","coordinates":[[-63.22964,-17.3841],[-63.2292,-17.38455]]},"properties":{"name":"Línea [35258]:0","stroke-opacity":1,"stroke":"#0000fe","stroke-width":4}},
{"type":"Feature","geometry":{"type":"LineString","coordinates":[[-63.22973,-17.38417],[-63.22928,-17.38462]]},"properties":{"name":"Línea [35257]:0","stroke-opacity":1,"stroke":"#0000fe","stroke-width":4}},
{"type":"Feature","geometry":{"type":"LineString","coordinates":[[-63.22981,-17.38425],[-63.22937,-17.3847]]},"properties":{"name":"Línea [35256]:0","stroke-opacity":1,"stroke":"#0000fe","stroke-width":4}},
{"type":"Feature","geometry":{"type":"LineString","coordinates":[[-63.22989,-17.38432],[-63.22945,-17.38477]]},"properties":{"name":"Línea [35255]:0","stroke-opacity":1,"stroke":"#0000fe","stroke-width":4}},
{"type":"Feature","geometry":{"type":"LineString","coordinates":[[-63.23006,-17.38447],[-63.22962,-17.38492]]},"properties":{"name":"Línea [35254]:0","stroke-opacity":1,"stroke":"#0000fe","stroke-width":4}},
{"type":"Feature","geometry":{"type":"LineString","coordinates":[[-63.22998,-17.38439],[-63.22953,-17.38484]]},"properties":{"name":"Línea [35253]:0","stroke-opacity":1,"stroke":"#0000fe","stroke-width":4}},
{"type":"Feature","geometry":{"type":"LineString","coordinates":[[-63.22953,-17.385],[-63.22935,-17.38519]]},"properties":{"name":"Línea [35252]:0","stroke-opacity":1,"stroke":"#0000fe","stroke-width":4}},
{"type":"Feature","geometry":{"type":"LineString","coordinates":[[-63.22945,-17.38493],[-63.22927,-17.38511]]},"properties":{"name":"Línea [35251]:0","stroke-opacity":1,"stroke":"#0000fe","stroke-width":4}},
{"type":"Feature","geometry":{"type":"LineString","coordinates":[[-63.22937,-17.38485],[-63.22918,-17.38504]]},"properties":{"name":"Línea [35250]:0","stroke-opacity":1,"stroke":"#0000fe","stroke-width":4}},
{"type":"Feature","geometry":{"type":"LineString","coordinates":[[-63.22928,-17.38478],[-63.2291,-17.38497]]},"properties":{"name":"Línea [3524F]:0","stroke-opacity":1,"stroke":"#0000fe","stroke-width":4}},
{"type":"Feature","geometry":{"type":"LineString","coordinates":[[-63.2292,-17.38471],[-63.22902,-17.3849]]},"properties":{"name":"Línea [3524E]:0","stroke-opacity":1,"stroke":"#0000fe","stroke-width":4}},
{"type":"Feature","geometry":{"type":"LineString","coordinates":[[-63.22912,-17.38464],[-63.22893,-17.38482]]},"properties":{"name":"Línea [3524D]:0","stroke-opacity":1,"stroke":"#0000fe","stroke-width":4}},
{"type":"Feature","geometry":{"type":"LineString","coordinates":[[-63.22903,-17.38456],[-63.22885,-17.38475]]},"properties":{"name":"Línea [3524C]:0","stroke-opacity":1,"stroke":"#0000fe","stroke-width":4}},
{"type":"Feature","geometry":{"type":"LineString","coordinates":[[-63.22895,-17.38449],[-63.22876,-17.38468]]},"properties":{"name":"Línea [3524B]:0","stroke-opacity":1,"stroke":"#0000fe","stroke-width":4}},
{"type":"Feature","geometry":{"type":"LineString","coordinates":[[-63.22886,-17.38442],[-63.22868,-17.3846]]},"properties":{"name":"Línea [3524A]:0","stroke-opacity":1,"stroke":"#0000fe","stroke-width":4}},
{"type":"Feature","geometry":{"type":"LineString","coordinates":[[-63.22878,-17.38434],[-63.2286,-17.38453]]},"properties":{"name":"Línea [35249]:0","stroke-opacity":1,"stroke":"#0000fe","stroke-width":4}},
{"type":"Feature","geometry":{"type":"LineString","coordinates":[[-63.22861,-17.3842],[-63.22843,-17.38438]]},"properties":{"name":"Línea [35248]:0","stroke-opacity":1,"stroke":"#0000fe","stroke-width":4}},
{"type":"Feature","geometry":{"type":"LineString","coordinates":[[-63.22853,-17.38413],[-63.22835,-17.38431]]},"properties":{"name":"Línea [35247]:0","stroke-opacity":1,"stroke":"#0000fe","stroke-width":4}},
{"type":"Feature","geometry":{"type":"LineString","coordinates":[[-63.2287,-17.38427],[-63.22851,-17.38446]]},"properties":{"name":"Línea [35243]:0","stroke-opacity":1,"stroke":"#0000fe","stroke-width":4}},
{"type":"Feature","geometry":{"type":"LineString","coordinates":[[-63.23064,-17.38387],[-63.23018,-17.38435]]},"properties":{"name":"Línea [35242]:0","stroke-opacity":1,"stroke":"#0000fe","stroke-width":4}},
{"type":"Feature","geometry":{"type":"LineString","coordinates":[[-63.23056,-17.3838],[-63.23009,-17.38427]]},"properties":{"name":"Línea [35241]:0","stroke-opacity":1,"stroke":"#0000fe","stroke-width":4}},
{"type":"Feature","geometry":{"type":"LineString","coordinates":[[-63.23048,-17.38373],[-63.23001,-17.3842]]},"properties":{"name":"Línea [35240]:0","stroke-opacity":1,"stroke":"#0000fe","stroke-width":4}},
{"type":"Feature","geometry":{"type":"LineString","coordinates":[[-63.23039,-17.38366],[-63.22993,-17.38413]]},"properties":{"name":"Línea [3523F]:0","stroke-opacity":1,"stroke":"#0000fe","stroke-width":4}},
{"type":"Feature","geometry":{"type":"LineString","coordinates":[[-63.23031,-17.38358],[-63.22984,-17.38406]]},"properties":{"name":"Línea [3523E]:0","stroke-opacity":1,"stroke":"#0000fe","stroke-width":4}},
{"type":"Feature","geometry":{"type":"LineString","coordinates":[[-63.23023,-17.38351],[-63.22976,-17.38398]]},"properties":{"name":"Línea [3523D]:0","stroke-opacity":1,"stroke":"#0000fe","stroke-width":4}},
{"type":"Feature","geometry":{"type":"LineString","coordinates":[[-63.23014,-17.38344],[-63.22968,-17.38391]]},"properties":{"name":"Línea [3523C]:0","stroke-opacity":1,"stroke":"#0000fe","stroke-width":4}},
{"type":"Feature","geometry":{"type":"LineString","coordinates":[[-63.23006,-17.38336],[-63.22959,-17.38384]]},"properties":{"name":"Línea [3523B]:0","stroke-opacity":1,"stroke":"#0000fe","stroke-width":4}},
{"type":"Feature","geometry":{"type":"LineString","coordinates":[[-63.22998,-17.38329],[-63.22951,-17.38376]]},"properties":{"name":"Línea [3523A]:0","stroke-opacity":1,"stroke":"#0000fe","stroke-width":4}},
{"type":"Feature","geometry":{"type":"LineString","coordinates":[[-63.22989,-17.38322],[-63.22943,-17.38369]]},"properties":{"name":"Línea [35239]:0","stroke-opacity":1,"stroke":"#0000fe","stroke-width":4}},
{"type":"Feature","geometry":{"type":"LineString","coordinates":[[-63.22981,-17.38315],[-63.22934,-17.38362]]},"properties":{"name":"Línea [35238]:0","stroke-opacity":1,"stroke":"#0000fe","stroke-width":4}},
{"type":"Feature","geometry":{"type":"LineString","coordinates":[[-63.22972,-17.38307],[-63.22926,-17.38355]]},"properties":{"name":"Línea [35237]:0","stroke-opacity":1,"stroke":"#0000fe","stroke-width":4}},
{"type":"Feature","geometry":{"type":"LineString","coordinates":[[-63.22964,-17.383],[-63.22917,-17.38347]]},"properties":{"name":"Línea [35236]:0","stroke-opacity":1,"stroke":"#0000fe","stroke-width":4}},
{"type":"Feature","geometry":{"type":"MultiLineString","coordinates":[[[-63.22977,-17.38496],[-63.22972,-17.38501]],[[-63.22972,-17.38501],[-63.22968,-17.38496]]]},"properties":{"name":"Polilínea [34DFF]:0","stroke-opacity":1,"stroke":"#0000fe","stroke-width":4}},
{"type":"Feature","geometry":{"type":"MultiLineString","coordinates":[[[-63.22959,-17.38514],[-63.22964,-17.38509]],[[-63.22964,-17.38509],[-63.22959,-17.38505]]]},"properties":{"name":"Polilínea [34DFE]:0","stroke-opacity":1,"stroke":"#0000fe","stroke-width":4}},
{"type":"Feature","geometry":{"type":"LineString","coordinates":[[-63.23608,-17.39055],[-63.23607,-17.39054],[-63.23607,-17.39053],[-63.23606,-17.39052],[-63.23606,-17.39051],[-63.23606,-17.3905],[-63.23606,-17.39049],[-63.23607,-17.39048],[-63.23607,-17.39047],[-63.23608,-17.39046]]},"properties":{"name":"Arco [338AB]:0","stroke-opacity":1,"stroke":"#0000fe","stroke-width":4}},
{"type":"Feature","geometry":{"type":"LineString","coordinates":[[-63.23599,-17.39038],[-63.23598,-17.39039],[-63.23597,-17.39039],[-63.23596,-17.3904],[-63.23595,-17.3904],[-63.23594,-17.3904],[-63.23592,-17.3904],[-63.23591,-17.3904],[-63.2359,-17.39039],[-63.23589,-17.39039]]},"properties":{"name":"Arco [338AA]:0","stroke-opacity":1,"stroke":"#0000fe","stroke-width":4}},
{"type":"Feature","geometry":{"type":"LineString","coordinates":[[-63.23581,-17.39047],[-63.23582,-17.39048],[-63.23582,-17.39049],[-63.23583,-17.3905],[-63.23583,-17.39051],[-63.23583,-17.39052],[-63.23583,-17.39053],[-63.23582,-17.39054],[-63.23582,-17.39055],[-63.23581,-17.39056]]},"properties":{"name":"Arco [338A9]:0","stroke-opacity":1,"stroke":"#0000fe","stroke-width":4}},
{"type":"Feature","geometry":{"type":"LineString","coordinates":[[-63.2359,-17.39064],[-63.23591,-17.39063],[-63.23592,-17.39062],[-63.23593,-17.39062],[-63.23594,-17.39062],[-63.23596,-17.39062],[-63.23597,-17.39062],[-63.23598,-17.39062],[-63.23599,-17.39063],[-63.236,-17.39063]]},"properties":{"name":"Arco [338A8]:0","stroke-opacity":1,"stroke":"#0000fe","stroke-width":4}},
{"type":"Feature","geometry":{"type":"LineString","coordinates":[[-63.22986,-17.38513],[-63.22986,-17.38512],[-63.22985,-17.38511],[-63.22984,-17.3851],[-63.22984,-17.38509],[-63.22984,-17.38508],[-63.22984,-17.38507],[-63.22985,-17.38506],[-63.22985,-17.38505],[-63.22986,-17.38504]]},"properties":{"name":"Arco [33899]:0","stroke-opacity":1,"stroke":"#0000fe","stroke-width":4}},
{"type":"Feature","geometry":{"type":"LineString","coordinates":[[-63.23762,-17.39205],[-63.23763,-17.39205],[-63.23763,-17.39206],[-63.23764,-17.39207],[-63.23764,-17.39209],[-63.23764,-17.3921],[-63.23764,-17.39211],[-63.23764,-17.39212],[-63.23763,-17.39213],[-63.23762,-17.39214]]},"properties":{"name":"Arco [33884]:0","stroke-opacity":1,"stroke":"#0000fe","stroke-width":4}},
{"type":"Feature","geometry":{"type":"LineString","coordinates":[[-63.23749,-17.39228],[-63.23762,-17.39214]]},"properties":{"name":"Línea [3380A]:0","stroke-opacity":1,"stroke":"#0000fe","stroke-width":4}},
{"type":"Feature","geometry":{"type":"LineString","coordinates":[[-63.23561,-17.39103],[-63.23724,-17.39245]]},"properties":{"name":"Línea [33807]:0","stroke-opacity":1,"stroke":"#0000fe","stroke-width":4}},
{"type":"Feature","geometry":{"type":"LineString","coordinates":[[-63.2325,-17.38832],[-63.23387,-17.38951]]},"properties":{"name":"Línea [33806]:0","stroke-opacity":1,"stroke":"#0000fe","stroke-width":4}},
{"type":"Feature","geometry":{"type":"LineString","coordinates":[[-63.23406,-17.38967],[-63.23542,-17.39086]]},"properties":{"name":"Línea [33805]:0","stroke-opacity":1,"stroke":"#0000fe","stroke-width":4}},
{"type":"Feature","geometry":{"type":"LineString","coordinates":[[-63.236,-17.39063],[-63.23762,-17.39205]]},"properties":{"name":"Línea [337CF]:0","stroke-opacity":1,"stroke":"#0000fe","stroke-width":4}},
{"type":"Feature","geometry":{"type":"LineString","coordinates":[[-63.23608,-17.39055],[-63.2377,-17.39196]]},"properties":{"name":"Línea [337CE]:0","stroke-opacity":1,"stroke":"#0000fe","stroke-width":4}},
{"type":"Feature","geometry":{"type":"LineString","coordinates":[[-63.2359,-17.39064],[-63.23576,-17.39078]]},"properties":{"name":"Línea [337C9]:0","stroke-opacity":1,"stroke":"#0000fe","stroke-width":4}},
{"type":"Feature","geometry":{"type":"LineString","coordinates":[[-63.23642,-17.39011],[-63.23608,-17.39046]]},"properties":{"name":"Línea [337C8]:0","stroke-opacity":1,"stroke":"#0000fe","stroke-width":4}},
{"type":"Feature","geometry":{"type":"LineString","coordinates":[[-63.237,-17.38952],[-63.23665,-17.38988]]},"properties":{"name":"Línea [337C7]:0","stroke-opacity":1,"stroke":"#0000fe","stroke-width":4}},
{"type":"Feature","geometry":{"type":"LineString","coordinates":[[-63.23748,-17.38903],[-63.23728,-17.38924]]},"properties":{"name":"Línea [337C6]:0","stroke-opacity":1,"stroke":"#0000fe","stroke-width":4}},
{"type":"Feature","geometry":{"type":"LineString","coordinates":[[-63.23581,-17.39056],[-63.23567,-17.3907]]},"properties":{"name":"Línea [337C5]:0","stroke-opacity":1,"stroke":"#0000fe","stroke-width":4}},
{"type":"Feature","geometry":{"type":"LineString","coordinates":[[-63.23739,-17.38896],[-63.23719,-17.38916]]},"properties":{"name":"Línea [337C4]:0","stroke-opacity":1,"stroke":"#0000fe","stroke-width":4}},
{"type":"Feature","geometry":{"type":"LineString","coordinates":[[-63.23691,-17.38945],[-63.23656,-17.3898]]},"properties":{"name":"Línea [337C3]:0","stroke-opacity":1,"stroke":"#0000fe","stroke-width":4}},
{"type":"Feature","geometry":{"type":"LineString","coordinates":[[-63.23633,-17.39004],[-63.23599,-17.39038]]},"properties":{"name":"Línea [337C2]:0","stroke-opacity":1,"stroke":"#0000fe","stroke-width":4}},
{"type":"Feature","geometry":{"type":"LineString","coordinates":[[-63.23435,-17.38928],[-63.23436,-17.38927],[-63.23437,-17.38927],[-63.23438,-17.38926],[-63.23439,-17.38926],[-63.2344,-17.38926],[-63.23441,-17.38926],[-63.23442,-17.38927],[-63.23443,-17.38927],[-63.23444,-17.38928]]},"properties":{"name":"Arco [337B9]:0","stroke-opacity":1,"stroke":"#0000fe","stroke-width":4}},
{"type":"Feature","geometry":{"type":"LineString","coordinates":[[-63.23453,-17.38919],[-63.23452,-17.38919],[-63.23451,-17.38918],[-63.23451,-17.38917],[-63.23451,-17.38916],[-63.23451,-17.38914],[-63.23451,-17.38913],[-63.23451,-17.38912],[-63.23452,-17.38911],[-63.23452,-17.3891]]},"properties":{"name":"Arco [337B8]:0","stroke-opacity":1,"stroke":"#0000fe","stroke-width":4}},
{"type":"Feature","geometry":{"type":"LineString","coordinates":[[-63.23443,-17.38903],[-63.23442,-17.38903],[-63.23441,-17.38904],[-63.2344,-17.38904],[-63.23439,-17.38905],[-63.23438,-17.38905],[-63.23437,-17.38904],[-63.23436,-17.38904],[-63.23435,-17.38904],[-63.23434,-17.38903]]},"properties":{"name":"Arco [337B7]:0","stroke-opacity":1,"stroke":"#0000fe","stroke-width":4}},
{"type":"Feature","geometry":{"type":"LineString","coordinates":[[-63.23425,-17.38911],[-63.23426,-17.38912],[-63.23427,-17.38913],[-63.23427,-17.38914],[-63.23427,-17.38915],[-63.23427,-17.38916],[-63.23427,-17.38917],[-63.23427,-17.38919],[-63.23426,-17.3892]]},"properties":{"name":"Arco [337B6]:0","stroke-opacity":1,"stroke":"#0000fe","stroke-width":4}},
{"type":"Feature","geometry":{"type":"LineString","coordinates":[[-63.23297,-17.38784],[-63.23297,-17.38783],[-63.23296,-17.38782],[-63.23295,-17.38781],[-63.23295,-17.3878],[-63.23295,-17.38779],[-63.23295,-17.38778],[-63.23296,-17.38777],[-63.23296,-17.38776],[-63.23297,-17.38775]]},"properties":{"name":"Arco [337B5]:0","stroke-opacity":1,"stroke":"#0000fe","stroke-width":4}},
{"type":"Feature","geometry":{"type":"LineString","coordinates":[[-63.23279,-17.38793],[-63.2328,-17.38792],[-63.23281,-17.38791],[-63.23282,-17.38791],[-63.23283,-17.38791],[-63.23285,-17.38791],[-63.23286,-17.38791],[-63.23287,-17.38791],[-63.23288,-17.38792],[-63.23289,-17.38792]]},"properties":{"name":"Arco [337B4]:0","stroke-opacity":1,"stroke":"#0000fe","stroke-width":4}},
{"type":"Feature","geometry":{"type":"LineString","coordinates":[[-63.23279,-17.38793],[-63.23266,-17.38807]]},"properties":{"name":"Línea [337B3]:0","stroke-opacity":1,"stroke":"#0000fe","stroke-width":4}},
{"type":"Feature","geometry":{"type":"LineString","coordinates":[[-63.23453,-17.38919],[-63.23589,-17.39039]]},"properties":{"name":"Línea [337B2]:0","stroke-opacity":1,"stroke":"#0000fe","stroke-width":4}},
{"type":"Feature","geometry":{"type":"LineString","coordinates":[[-63.23426,-17.3892],[-63.23412,-17.38934]]},"properties":{"name":"Línea [337B1]:0","stroke-opacity":1,"stroke":"#0000fe","stroke-width":4}},
{"type":"Feature","geometry":{"type":"LineString","coordinates":[[-63.23444,-17.38928],[-63.23581,-17.39047]]},"properties":{"name":"Línea [337B0]:0","stroke-opacity":1,"stroke":"#0000fe","stroke-width":4}},
{"type":"Feature","geometry":{"type":"LineString","coordinates":[[-63.23435,-17.38928],[-63.23421,-17.38942]]},"properties":{"name":"Línea [337AF]:0","stroke-opacity":1,"stroke":"#0000fe","stroke-width":4}},
{"type":"Feature","geometry":{"type":"LineString","coordinates":[[-63.23297,-17.38784],[-63.23434,-17.38903]]},"properties":{"name":"Línea [337AE]:0","stroke-opacity":1,"stroke":"#0000fe","stroke-width":4}},
{"type":"Feature","geometry":{"type":"LineString","coordinates":[[-63.23289,-17.38792],[-63.23425,-17.38911]]},"properties":{"name":"Línea [337AD]:0","stroke-opacity":1,"stroke":"#0000fe","stroke-width":4}},
{"type":"Feature","geometry":{"type":"LineString","coordinates":[[-63.23565,-17.38808],[-63.23699,-17.38925]]},"properties":{"name":"Línea [337AC]:0","stroke-opacity":1,"stroke":"#0000fe","stroke-width":4}},
{"type":"Feature","geometry":{"type":"LineString","coordinates":[[-63.23593,-17.38768],[-63.23573,-17.38789]]},"properties":{"name":"Línea [337A8]:0","stroke-opacity":1,"stroke":"#0000fe","stroke-width":4}},
{"type":"Feature","geometry":{"type":"LineString","coordinates":[[-63.23545,-17.38817],[-63.2351,-17.38852]]},"properties":{"name":"Línea [337A7]:0","stroke-opacity":1,"stroke":"#0000fe","stroke-width":4}},
{"type":"Feature","geometry":{"type":"LineString","coordinates":[[-63.23486,-17.38876],[-63.23452,-17.3891]]},"properties":{"name":"Línea [337A6]:0","stroke-opacity":1,"stroke":"#0000fe","stroke-width":4}},
{"type":"Feature","geometry":{"type":"LineString","coordinates":[[-63.23477,-17.38868],[-63.23443,-17.38903]]},"properties":{"name":"Línea [337A5]:0","stroke-opacity":1,"stroke":"#0000fe","stroke-width":4}},
{"type":"Feature","geometry":{"type":"LineString","coordinates":[[-63.23535,-17.38809],[-63.235,-17.38845]]},"properties":{"name":"Línea [337A4]:0","stroke-opacity":1,"stroke":"#0000fe","stroke-width":4}},
{"type":"Feature","geometry":{"type":"LineString","coordinates":[[-63.23584,-17.3876],[-63.23563,-17.38781]]},"properties":{"name":"Línea [337A3]:0","stroke-opacity":1,"stroke":"#0000fe","stroke-width":4}},
{"type":"Feature","geometry":{"type":"LineString","coordinates":[[-63.23398,-17.38663],[-63.2332,-17.38743]]},"properties":{"name":"Línea [337A2]:0","stroke-opacity":1,"stroke":"#fe00fe","stroke-width":4}},
{"type":"Feature","geometry":{"type":"LineString","coordinates":[[-63.23409,-17.38673],[-63.23543,-17.3879]]},"properties":{"name":"Línea [3379D]:0","stroke-opacity":1,"stroke":"#0000fe","stroke-width":4}},
{"type":"Feature","geometry":{"type":"LineString","coordinates":[[-63.23437,-17.38632],[-63.23417,-17.38653]]},"properties":{"name":"Línea [3379C]:0","stroke-opacity":1,"stroke":"#0000fe","stroke-width":4}},
{"type":"Feature","geometry":{"type":"LineString","coordinates":[[-63.23428,-17.38625],[-63.23408,-17.38645]]},"properties":{"name":"Línea [3379B]:0","stroke-opacity":1,"stroke":"#0000fe","stroke-width":4}},
{"type":"Feature","geometry":{"type":"LineString","coordinates":[[-63.23331,-17.3874],[-63.23297,-17.38775]]},"properties":{"name":"Línea [33793]:0","stroke-opacity":1,"stroke":"#0000fe","stroke-width":4}},
{"type":"Feature","geometry":{"type":"LineString","coordinates":[[-63.23389,-17.38681],[-63.23354,-17.38717]]},"properties":{"name":"Línea [33792]:0","stroke-opacity":1,"stroke":"#0000fe","stroke-width":4}},
{"type":"Feature","geometry":{"type":"LineString","coordinates":[[-63.2338,-17.38674],[-63.23345,-17.38709]]},"properties":{"name":"Línea [33791]:0","stroke-opacity":1,"stroke":"#0000fe","stroke-width":4}},
{"type":"Feature","geometry":{"type":"LineString","coordinates":[[-63.23322,-17.38733],[-63.23256,-17.38799]]},"properties":{"name":"Línea [3378E]:0","stroke-opacity":1,"stroke":"#0000fe","stroke-width":4}},
{"type":"Feature","geometry":{"type":"LineString","coordinates":[[-63.23243,-17.38528],[-63.23182,-17.38589]]},"properties":{"name":"Línea [3377E]:0","stroke-opacity":1,"stroke":"#fe00fe","stroke-width":4}},
{"type":"Feature","geometry":{"type":"LineString","coordinates":[[-63.22968,-17.38522],[-63.22969,-17.38521],[-63.2297,-17.3852],[-63.22971,-17.3852],[-63.22972,-17.3852],[-63.22974,-17.3852],[-63.22975,-17.3852],[-63.22976,-17.3852],[-63.22977,-17.38521],[-63.22978,-17.38521]]},"properties":{"name":"Arco [33756]:0","stroke-opacity":1,"stroke":"#0000fe","stroke-width":4}},
{"type":"Feature","geometry":{"type":"LineString","coordinates":[[-63.23254,-17.38537],[-63.23388,-17.38654]]},"properties":{"name":"Línea [33753]:0","stroke-opacity":1,"stroke":"#0000fe","stroke-width":4}},
{"type":"Feature","geometry":{"type":"LineString","coordinates":[[-63.23282,-17.38497],[-63.23262,-17.38518]]},"properties":{"name":"Línea [3374B]:0","stroke-opacity":1,"stroke":"#0000fe","stroke-width":4}},
{"type":"Feature","geometry":{"type":"LineString","coordinates":[[-63.23234,-17.38546],[-63.23199,-17.38581]]},"properties":{"name":"Línea [3374A]:0","stroke-opacity":1,"stroke":"#0000fe","stroke-width":4}},
{"type":"Feature","geometry":{"type":"LineString","coordinates":[[-63.23098,-17.38402],[-63.23232,-17.38519]]},"properties":{"name":"Línea [33749]:0","stroke-opacity":1,"stroke":"#0000fe","stroke-width":4}},
{"type":"Feature","geometry":{"type":"LineString","coordinates":[[-63.22986,-17.38513],[-63.23142,-17.38649]]},"properties":{"name":"Línea [33745]:0","stroke-opacity":1,"stroke":"#0000fe","stroke-width":4}},
{"type":"Feature","geometry":{"type":"LineString","coordinates":[[-63.22978,-17.38521],[-63.23134,-17.38657]]},"properties":{"name":"Línea [33744]:0","stroke-opacity":1,"stroke":"#0000fe","stroke-width":4}},
{"type":"Feature","geometry":{"type":"LineString","coordinates":[[-63.23224,-17.38538],[-63.23189,-17.38574]]},"properties":{"name":"Línea [33742]:0","stroke-opacity":1,"stroke":"#0000fe","stroke-width":4}},
{"type":"Feature","geometry":{"type":"LineString","coordinates":[[-63.23273,-17.38489],[-63.23252,-17.3851]]},"properties":{"name":"Línea [33741]:0","stroke-opacity":1,"stroke":"#0000fe","stroke-width":4}},
{"type":"Feature","geometry":{"type":"LineString","coordinates":[[-63.23126,-17.38361],[-63.23106,-17.38382]]},"properties":{"name":"Línea [3373F]:0","stroke-opacity":1,"stroke":"#0000fe","stroke-width":4}},
{"type":"Feature","geometry":{"type":"LineString","coordinates":[[-63.22968,-17.38522],[-63.22955,-17.38536]]},"properties":{"name":"Línea [3373E]:0","stroke-opacity":1,"stroke":"#0000fe","stroke-width":4}},
{"type":"Feature","geometry":{"type":"LineString","coordinates":[[-63.23078,-17.3841],[-63.23043,-17.38446]]},"properties":{"name":"Línea [3373D]:0","stroke-opacity":1,"stroke":"#0000fe","stroke-width":4}},
{"type":"Feature","geometry":{"type":"LineString","coordinates":[[-63.2302,-17.38469],[-63.22986,-17.38504]]},"properties":{"name":"Línea [3373C]:0","stroke-opacity":1,"stroke":"#0000fe","stroke-width":4}},
{"type":"Feature","geometry":{"type":"LineString","coordinates":[[-63.22959,-17.38505],[-63.2296,-17.38506],[-63.2296,-17.38507],[-63.22961,-17.38508],[-63.22961,-17.38509],[-63.22961,-17.3851],[-63.22961,-17.38511],[-63.22961,-17.38512],[-63.2296,-17.38513],[-63.22959,-17.38514]]},"properties":{"name":"Arco [33735]:0","stroke-opacity":1,"stroke":"#0000fe","stroke-width":4}},
{"type":"Feature","geometry":{"type":"LineString","coordinates":[[-63.22977,-17.38496],[-63.22976,-17.38497],[-63.22975,-17.38497],[-63.22974,-17.38498],[-63.22973,-17.38498],[-63.22972,-17.38498],[-63.2297,-17.38498],[-63.22969,-17.38498],[-63.22968,-17.38497],[-63.22968,-17.38496]]},"properties":{"name":"Arco [33734]:0","stroke-opacity":1,"stroke":"#0000fe","stroke-width":4}},
{"type":"Feature","geometry":{"type":"LineString","coordinates":[[-63.23117,-17.38354],[-63.23097,-17.38374]]},"properties":{"name":"Línea [33730]:0","stroke-opacity":1,"stroke":"#0000fe","stroke-width":4}},
{"type":"Feature","geometry":{"type":"LineString","coordinates":[[-63.23069,-17.38403],[-63.23034,-17.38438]]},"properties":{"name":"Línea [3372E]:0","stroke-opacity":1,"stroke":"#0000fe","stroke-width":4}},
{"type":"Feature","geometry":{"type":"LineString","coordinates":[[-63.22959,-17.38514],[-63.22945,-17.38528]]},"properties":{"name":"Línea [3372D]:0","stroke-opacity":1,"stroke":"#0000fe","stroke-width":4}},
{"type":"Feature","geometry":{"type":"LineString","coordinates":[[-63.23011,-17.38462],[-63.22977,-17.38496]]},"properties":{"name":"Línea [3372C]:0","stroke-opacity":1,"stroke":"#0000fe","stroke-width":4}},
{"type":"Feature","geometry":{"type":"LineString","coordinates":[[-63.22823,-17.3837],[-63.22968,-17.38496]]},"properties":{"name":"Línea [3372B]:0","stroke-opacity":1,"stroke":"#0000fe","stroke-width":4}},
{"type":"Feature","geometry":{"type":"LineString","coordinates":[[-63.22814,-17.38379],[-63.22959,-17.38505]]},"properties":{"name":"Línea [3372A]:0","stroke-opacity":1,"stroke":"#0000fe","stroke-width":4}},
{"type":"Feature","geometry":{"type":"LineString","coordinates":[[-63.23284,-17.3878],[-63.2336,-17.38846]]},"properties":{"name":"Línea [33652]:0","stroke-opacity":1,"stroke":"#fe00fe","stroke-width":4}},
{"type":"Feature","geometry":{"type":"LineString","coordinates":[[-63.22678,-17.38035],[-63.22685,-17.38028]]},"properties":{"name":"Línea [2450A]:0","stroke-opacity":1,"stroke":"#fefefe","stroke-width":4}}
]}