{"type":"FeatureCollection", "features": [
{"type":"Feature","geometry":{"type":"Point","coordinates":[-63.01189,-17.73007,0]},"properties":{"name":"M-25A","description":{"@type":"html","value":"N° MANZANOS"},"styleUrl":"#point1","label-opacity":1,"label-color":"#00ff00","icon":"kml_ext_files/kml_symbol_no symbol_0.png"}},
{"type":"Feature","geometry":{"type":"Point","coordinates":[-63.00985,-17.73019,0]},"properties":{"name":"M-24A","description":{"@type":"html","value":"N° MANZANOS"},"styleUrl":"#point2","label-opacity":1,"label-color":"#00ff00","icon":"kml_ext_files/kml_symbol_no symbol_0.png"}},
{"type":"Feature","geometry":{"type":"Point","coordinates":[-63.01025,-17.72949,0]},"properties":{"name":"M-26A","description":{"@type":"html","value":"N° MANZANOS"},"styleUrl":"#point3","label-opacity":1,"label-color":"#00ff00","icon":"kml_ext_files/kml_symbol_no symbol_0.png"}},
{"type":"Feature","geometry":{"type":"Point","coordinates":[-63.00967,-17.72885,0]},"properties":{"name":"M-27A","description":{"@type":"html","value":"N° MANZANOS"},"styleUrl":"#point4","label-opacity":1,"label-color":"#00ff00","icon":"kml_ext_files/kml_symbol_no symbol_0.png"}},
{"type":"Feature","geometry":{"type":"Point","coordinates":[-63.0106,-17.72776,0]},"properties":{"name":"M-28A","description":{"@type":"html","value":"N° MANZANOS"},"styleUrl":"#point5","label-opacity":1,"label-color":"#00ff00","icon":"kml_ext_files/kml_symbol_no symbol_0.png"}},
{"type":"Feature","geometry":{"type":"Point","coordinates":[-63.01237,-17.72662,0]},"properties":{"name":"M-29A","description":{"@type":"html","value":"N° MANZANOS"},"styleUrl":"#point6","label-opacity":1,"label-color":"#00ff00","icon":"kml_ext_files/kml_symbol_no symbol_0.png"}},
{"type":"Feature","geometry":{"type":"Point","coordinates":[-63.0138,-17.72679,0]},"properties":{"name":"M-30A","description":{"@type":"html","value":"N° MANZANOS"},"styleUrl":"#point7","label-opacity":1,"label-color":"#00ff00","icon":"kml_ext_files/kml_symbol_no symbol_0.png"}},
{"type":"Feature","geometry":{"type":"Point","coordinates":[-63.01313,-17.72739,0]},"properties":{"name":"M-31A","description":{"@type":"html","value":"N° MANZANOS"},"styleUrl":"#point8","label-opacity":1,"label-color":"#00ff00","icon":"kml_ext_files/kml_symbol_no symbol_0.png"}},
{"type":"Feature","geometry":{"type":"Point","coordinates":[-63.01209,-17.7275,0]},"properties":{"name":"M-32A","description":{"@type":"html","value":"N° MANZANOS"},"styleUrl":"#point9","label-opacity":1,"label-color":"#00ff00","icon":"kml_ext_files/kml_symbol_no symbol_0.png"}},
{"type":"Feature","geometry":{"type":"Point","coordinates":[-63.01219,-17.72845,0]},"properties":{"name":"M-33A","description":{"@type":"html","value":"N° MANZANOS"},"styleUrl":"#point10","label-opacity":1,"label-color":"#00ff00","icon":"kml_ext_files/kml_symbol_no symbol_0.png"}},
{"type":"Feature","geometry":{"type":"Point","coordinates":[-63.0116,-17.72892,0]},"properties":{"name":"M-34A","description":{"@type":"html","value":"N° MANZANOS"},"styleUrl":"#point11","label-opacity":1,"label-color":"#00ff00","icon":"kml_ext_files/kml_symbol_no symbol_0.png"}},
{"type":"Feature","geometry":{"type":"Point","coordinates":[-63.01383,-17.7291,0]},"properties":{"name":"M-35A","description":{"@type":"html","value":"N° MANZANOS"},"styleUrl":"#point12","label-opacity":1,"label-color":"#00ff00","icon":"kml_ext_files/kml_symbol_no symbol_0.png"}},
{"type":"Feature","geometry":{"type":"Point","coordinates":[-63.01455,-17.72936,0]},"properties":{"name":"M-38A","description":{"@type":"html","value":"N° MANZANOS"},"styleUrl":"#point13","label-opacity":1,"label-color":"#00ff00","icon":"kml_ext_files/kml_symbol_no symbol_0.png"}},
{"type":"Feature","geometry":{"type":"Point","coordinates":[-63.01522,-17.72971,0]},"properties":{"name":"M-39A","description":{"@type":"html","value":"N° MANZANOS"},"styleUrl":"#point14","label-opacity":1,"label-color":"#00ff00","icon":"kml_ext_files/kml_symbol_no symbol_0.png"}},
{"type":"Feature","geometry":{"type":"Point","coordinates":[-63.01559,-17.72805,0]},"properties":{"name":"M-37A","description":{"@type":"html","value":"N° MANZANOS"},"styleUrl":"#point15","label-opacity":1,"label-color":"#00ff00","icon":"kml_ext_files/kml_symbol_no symbol_0.png"}},
{"type":"Feature","geometry":{"type":"Point","coordinates":[-63.01488,-17.7277,0]},"properties":{"name":"M-36A","description":{"@type":"html","value":"N° MANZANOS"},"styleUrl":"#point16","label-opacity":1,"label-color":"#00ff00","icon":"kml_ext_files/kml_symbol_no symbol_0.png"}},
{"type":"Feature","geometry":{"type":"Point","coordinates":[-63.01643,-17.72675,0]},"properties":{"name":"M-41A","description":{"@type":"html","value":"N° MANZANOS"},"styleUrl":"#point17","label-opacity":1,"label-color":"#00ff00","icon":"kml_ext_files/kml_symbol_no symbol_0.png"}},
{"type":"Feature","geometry":{"type":"Point","coordinates":[-63.01689,-17.72618,0]},"properties":{"name":"M-44A","description":{"@type":"html","value":"N° MANZANOS"},"styleUrl":"#point18","label-opacity":1,"label-color":"#00ff00","icon":"kml_ext_files/kml_symbol_no symbol_0.png"}},
{"type":"Feature","geometry":{"type":"Point","coordinates":[-63.01737,-17.72551,0]},"properties":{"name":"M-45A","description":{"@type":"html","value":"N° MANZANOS"},"styleUrl":"#point19","label-opacity":1,"label-color":"#00ff00","icon":"kml_ext_files/kml_symbol_no symbol_0.png"}},
{"type":"Feature","geometry":{"type":"Point","coordinates":[-63.0181,-17.72421,0]},"properties":{"name":"M-49A","description":{"@type":"html","value":"N° MANZANOS"},"styleUrl":"#point20","label-opacity":1,"label-color":"#00ff00","icon":"kml_ext_files/kml_symbol_no symbol_0.png"}},
{"type":"Feature","geometry":{"type":"Point","coordinates":[-63.01589,-17.72327,0]},"properties":{"name":"M-50A","description":{"@type":"html","value":"N° MANZANOS"},"styleUrl":"#point21","label-opacity":1,"label-color":"#00ff00","icon":"kml_ext_files/kml_symbol_no symbol_0.png"}},
{"type":"Feature","geometry":{"type":"Point","coordinates":[-63.01434,-17.72601,0]},"properties":{"name":"M-42A","description":{"@type":"html","value":"N° MANZANOS"},"styleUrl":"#point22","label-opacity":1,"label-color":"#00ff00","icon":"kml_ext_files/kml_symbol_no symbol_0.png"}},
{"type":"Feature","geometry":{"type":"Point","coordinates":[-63.01464,-17.7254,0]},"properties":{"name":"M-43A","description":{"@type":"html","value":"N° MANZANOS"},"styleUrl":"#point23","label-opacity":1,"label-color":"#00ff00","icon":"kml_ext_files/kml_symbol_no symbol_0.png"}},
{"type":"Feature","geometry":{"type":"Point","coordinates":[-63.01542,-17.72449,0]},"properties":{"name":"M-46A","description":{"@type":"html","value":"N° MANZANOS"},"styleUrl":"#point24","label-opacity":1,"label-color":"#00ff00","icon":"kml_ext_files/kml_symbol_no symbol_0.png"}},
{"type":"Feature","geometry":{"type":"Point","coordinates":[-63.01558,-17.72387,0]},"properties":{"name":"M-47A","description":{"@type":"html","value":"N° MANZANOS"},"styleUrl":"#point25","label-opacity":1,"label-color":"#00ff00","icon":"kml_ext_files/kml_symbol_no symbol_0.png"}},
{"type":"Feature","geometry":{"type":"Point","coordinates":[-63.01775,-17.72479,0]},"properties":{"name":"M-48A","description":{"@type":"html","value":"N° MANZANOS"},"styleUrl":"#point26","label-opacity":1,"label-color":"#00ff00","icon":"kml_ext_files/kml_symbol_no symbol_0.png"}},
{"type":"Feature","geometry":{"type":"Point","coordinates":[-63.01614,-17.72266,0]},"properties":{"name":"M-51A","description":{"@type":"html","value":"N° MANZANOS"},"styleUrl":"#point27","label-opacity":1,"label-color":"#00ff00","icon":"kml_ext_files/kml_symbol_no symbol_0.png"}},
{"type":"Feature","geometry":{"type":"Point","coordinates":[-63.01897,-17.72294,0]},"properties":{"name":"M-53A","description":{"@type":"html","value":"N° MANZANOS"},"styleUrl":"#point28","label-opacity":1,"label-color":"#00ff00","icon":"kml_ext_files/kml_symbol_no symbol_0.png"}},
{"type":"Feature","geometry":{"type":"Point","coordinates":[-63.01665,-17.72199,0]},"properties":{"name":"M-54A","description":{"@type":"html","value":"N° MANZANOS"},"styleUrl":"#point29","label-opacity":1,"label-color":"#00ff00","icon":"kml_ext_files/kml_symbol_no symbol_0.png"}},
{"type":"Feature","geometry":{"type":"Point","coordinates":[-63.01728,-17.72091,0]},"properties":{"name":"M-58A","description":{"@type":"html","value":"N° MANZANOS"},"styleUrl":"#point30","label-opacity":1,"label-color":"#00ff00","icon":"kml_ext_files/kml_symbol_no symbol_0.png"}},
{"type":"Feature","geometry":{"type":"Point","coordinates":[-63.01943,-17.72238,0]},"properties":{"name":"M-56A","description":{"@type":"html","value":"N° MANZANOS"},"styleUrl":"#point31","label-opacity":1,"label-color":"#00ff00","icon":"kml_ext_files/kml_symbol_no symbol_0.png"}},
{"type":"Feature","geometry":{"type":"Point","coordinates":[-63.01802,-17.71996,0]},"properties":{"name":"M-62A","description":{"@type":"html","value":"N° MANZANOS"},"styleUrl":"#point32","label-opacity":1,"label-color":"#00ff00","icon":"kml_ext_files/kml_symbol_no symbol_0.png"}},
{"type":"Feature","geometry":{"type":"Point","coordinates":[-63.02001,-17.72121,0]},"properties":{"name":"M-60A","description":{"@type":"html","value":"N° MANZANOS"},"styleUrl":"#point33","label-opacity":1,"label-color":"#00ff00","icon":"kml_ext_files/kml_symbol_no symbol_0.png"}},
{"type":"Feature","geometry":{"type":"Point","coordinates":[-63.01978,-17.72185,0]},"properties":{"name":"M-57A","description":{"@type":"html","value":"N° MANZANOS"},"styleUrl":"#point34","label-opacity":1,"label-color":"#00ff00","icon":"kml_ext_files/kml_symbol_no symbol_0.png"}},
{"type":"Feature","geometry":{"type":"Point","coordinates":[-63.01759,-17.72042,0]},"properties":{"name":"M-59A","description":{"@type":"html","value":"N° MANZANOS"},"styleUrl":"#point35","label-opacity":1,"label-color":"#00ff00","icon":"kml_ext_files/kml_symbol_no symbol_0.png"}},
{"type":"Feature","geometry":{"type":"Point","coordinates":[-63.02047,-17.72089,0]},"properties":{"name":"M-61A","description":{"@type":"html","value":"N° MANZANOS"},"styleUrl":"#point36","label-opacity":1,"label-color":"#00ff00","icon":"kml_ext_files/kml_symbol_no symbol_0.png"}},
{"type":"Feature","geometry":{"type":"Point","coordinates":[-63.02075,-17.72038,0]},"properties":{"name":"M-64A","description":{"@type":"html","value":"N° MANZANOS"},"styleUrl":"#point37","label-opacity":1,"label-color":"#00ff00","icon":"kml_ext_files/kml_symbol_no symbol_0.png"}},
{"type":"Feature","geometry":{"type":"Point","coordinates":[-63.01695,-17.72142,0]},"properties":{"name":"M-55A","description":{"@type":"html","value":"N° MANZANOS"},"styleUrl":"#point38","label-opacity":1,"label-color":"#00ff00","icon":"kml_ext_files/kml_symbol_no symbol_0.png"}},
{"type":"Feature","geometry":{"type":"Point","coordinates":[-63.01845,-17.72364,0]},"properties":{"name":"M-52A","description":{"@type":"html","value":"N° MANZANOS"},"styleUrl":"#point39","label-opacity":1,"label-color":"#00ff00","icon":"kml_ext_files/kml_symbol_no symbol_0.png"}},
{"type":"Feature","geometry":{"type":"Point","coordinates":[-63.01562,-17.72465,0]},"properties":{"name":"EQUIPAMIENTO","description":{"@type":"html","value":"N° MANZANOS"},"styleUrl":"#point40","icon":"kml_ext_files/kml_symbol_no symbol_0.png"}},
{"type":"Feature","geometry":{"type":"Point","coordinates":[-63.01222,-17.72765,0]},"properties":{"name":"AREA VERDE","description":{"@type":"html","value":"N° MANZANOS"},"styleUrl":"#point41","icon":"kml_ext_files/kml_symbol_no symbol_0.png"}},
{"type":"Feature","geometry":{"type":"Point","coordinates":[-63.01638,-17.72816,0]},"properties":{"name":"M-40A","description":{"@type":"html","value":"N° MANZANOS"},"styleUrl":"#point42","label-opacity":1,"label-color":"#00ff00","icon":"kml_ext_files/kml_symbol_no symbol_0.png"}},
{"type":"Feature","geometry":{"type":"Point","coordinates":[-63.01833,-17.71947,0]},"properties":{"name":"M-63A","description":{"@type":"html","value":"N° MANZANOS"},"styleUrl":"#point43","label-opacity":1,"label-color":"#00ff00","icon":"kml_ext_files/kml_symbol_no symbol_0.png"}},
{"type":"Feature","geometry":{"type":"Point","coordinates":[-63.01012,-17.7305,0]},"properties":{"name":"AREA VERDE","description":{"@type":"html","value":"N° MANZANOS"},"styleUrl":"#point44","icon":"kml_ext_files/kml_symbol_no symbol_0.png"}},
{"type":"Feature","geometry":{"type":"Point","coordinates":[-63.01262,-17.73039,0]},"properties":{"name":"AREA VERDE","description":{"@type":"html","value":"N° MANZANOS"},"styleUrl":"#point45","icon":"kml_ext_files/kml_symbol_no symbol_0.png"}},
{"type":"Feature","geometry":{"type":"Point","coordinates":[-63.00981,-17.73101,0]},"properties":{"name":"AREA DE PROTECCION","description":{"@type":"html","value":"N° MANZANOS"},"styleUrl":"#point46","icon":"kml_ext_files/kml_symbol_no symbol_0.png"}},
{"type":"Feature","geometry":{"type":"Point","coordinates":[-63.0141,-17.73013,0]},"properties":{"name":"AREA DE PROTECCION","description":{"@type":"html","value":"N° MANZANOS"},"styleUrl":"#point47","icon":"kml_ext_files/kml_symbol_no symbol_0.png"}},
{"type":"Feature","geometry":{"type":"Point","coordinates":[-63.01259,-17.73118,0]},"properties":{"name":"AREA DE PROTECCION","description":{"@type":"html","value":"N° MANZANOS"},"styleUrl":"#point48","icon":"kml_ext_files/kml_symbol_no symbol_0.png"}},
{"type":"Feature","geometry":{"type":"Point","coordinates":[-63.02018,-17.72133,0]},"properties":{"name":"AREA VERDE","description":{"@type":"html","value":"N° MANZANOS"},"styleUrl":"#point49","icon":"kml_ext_files/kml_symbol_no symbol_0.png"}},
{"type":"Feature","geometry":{"type":"Point","coordinates":[-63.01072,-17.73048,0]},"properties":{"name":"M-24A","description":{"@type":"html","value":"N° MANZANOS"},"styleUrl":"#point50","label-opacity":1,"label-color":"#00ff00","icon":"kml_ext_files/kml_symbol_no symbol_0.png"}},
{"type":"Feature","geometry":{"type":"Point","coordinates":[-63.01303,-17.73036,0]},"properties":{"name":"M-24A","description":{"@type":"html","value":"N° MANZANOS"},"styleUrl":"#point51","label-opacity":1,"label-color":"#00ff00","icon":"kml_ext_files/kml_symbol_no symbol_0.png"}},
{"type":"Feature","geometry":{"type":"Point","coordinates":[-63.0209,-17.72156,0]},"properties":{"name":"UV-24A","description":{"@type":"html","value":"N° MANZANOS"},"styleUrl":"#point52","label-opacity":1,"label-color":"#ff0000","icon":"kml_ext_files/kml_symbol_no symbol_0.png"}},
{"type":"Feature","geometry":{"type":"Point","coordinates":[-63.0147,-17.72436,0]},"properties":{"name":"UV-24A","description":{"@type":"html","value":"N° MANZANOS"},"styleUrl":"#point53","label-opacity":1,"label-color":"#ff0000","icon":"kml_ext_files/kml_symbol_no symbol_0.png"}},
{"type":"Feature","geometry":{"type":"Point","coordinates":[-63.01273,-17.72787,0]},"properties":{"name":"UV-24A","description":{"@type":"html","value":"N° MANZANOS"},"styleUrl":"#point54","label-opacity":1,"label-color":"#ff0000","icon":"kml_ext_files/kml_symbol_no symbol_0.png"}},
{"type":"Feature","geometry":{"type":"Point","coordinates":[-63.0155,-17.71892,0]},"properties":{"name":"N","description":"0","styleUrl":"#point55","icon":"kml_ext_files/kml_symbol_no symbol_0.png"}},
{"type":"Feature","geometry":{"type":"Polygon","coordinates":[[[-63.01545,-17.71921],[-63.01547,-17.71906],[-63.01547,-17.71923],[-63.01545,-17.71921]]]},"properties":{"description":"0","styleUrl":"#area1","fill-opacity":0.7490196078431373,"fill":"#000000","stroke-opacity":1,"stroke":"#000000","stroke-width":1}},
{"type":"Feature","geometry":{"type":"Polygon","coordinates":[[[-63.01547,-17.71923],[-63.01545,-17.71921],[-63.01547,-17.71906],[-63.01547,-17.71923],[-63.01529,-17.71923],[-63.01545,-17.71925],[-63.01549,-17.71921],[-63.01564,-17.71923],[-63.01547,-17.71923],[-63.01549,-17.71925],[-63.01547,-17.7194],[-63.01547,-17.71923]]]},"properties":{"description":"0","styleUrl":"#area1","fill-opacity":0.7490196078431373,"fill":"#000000","stroke-opacity":1,"stroke":"#000000","stroke-width":1}},
{"type":"Feature","geometry":{"type":"Polygon","coordinates":[[[-63.01547,-17.71923],[-63.01545,-17.71921],[-63.01547,-17.71906],[-63.01547,-17.71923],[-63.01529,-17.71923],[-63.01545,-17.71925],[-63.01549,-17.71921],[-63.01564,-17.71923],[-63.01547,-17.71923],[-63.01549,-17.71925],[-63.01547,-17.7194],[-63.01547,-17.71923]]]},"properties":{"description":"0","styleUrl":"#area1","fill-opacity":0.7490196078431373,"fill":"#000000","stroke-opacity":1,"stroke":"#000000","stroke-width":1}},
{"type":"Feature","geometry":{"type":"Polygon","coordinates":[[[-63.01297,-17.72771],[-63.01276,-17.72821],[-63.01139,-17.72766],[-63.01138,-17.72766],[-63.01136,-17.72765],[-63.01136,-17.72764],[-63.01135,-17.72764],[-63.01135,-17.72763],[-63.01135,-17.72762],[-63.01134,-17.72761],[-63.01135,-17.72759],[-63.01135,-17.72758],[-63.01136,-17.72757],[-63.01137,-17.72756],[-63.01138,-17.72755],[-63.01181,-17.72727],[-63.01182,-17.72727],[-63.01183,-17.72726],[-63.01184,-17.72726],[-63.01185,-17.72726],[-63.01186,-17.72727],[-63.01297,-17.72771]]]},"properties":{"description":"Unknown Area Type","styleUrl":"#area2","fill-opacity":0.7490196078431373,"fill":"#008000","stroke-opacity":1,"stroke":"#000000","stroke-width":1}},
{"type":"Feature","geometry":{"type":"Polygon","coordinates":[[[-63.01938,-17.72081],[-63.02033,-17.72117],[-63.02119,-17.72149],[-63.0212,-17.7215],[-63.02121,-17.7215],[-63.02122,-17.72151],[-63.02122,-17.72152],[-63.02123,-17.72153],[-63.02123,-17.72155],[-63.02123,-17.72156],[-63.02122,-17.72157],[-63.02122,-17.72159],[-63.02098,-17.72185],[-63.02097,-17.72186],[-63.02096,-17.72187],[-63.02095,-17.72187],[-63.02093,-17.72187],[-63.02092,-17.72187],[-63.02091,-17.72187],[-63.0209,-17.72187],[-63.02064,-17.72177],[-63.0192,-17.72123],[-63.01938,-17.72081]]]},"properties":{"description":"Unknown Area Type","styleUrl":"#area2","fill-opacity":0.7490196078431373,"fill":"#008000","stroke-opacity":1,"stroke":"#000000","stroke-width":1}},
{"type":"Feature","geometry":{"type":"Polygon","coordinates":[[[-63.01435,-17.72372],[-63.01532,-17.72413],[-63.01629,-17.72455],[-63.0163,-17.72455],[-63.01631,-17.72456],[-63.01632,-17.72457],[-63.01633,-17.72458],[-63.01633,-17.72459],[-63.01633,-17.7246],[-63.01634,-17.72462],[-63.01633,-17.72463],[-63.01633,-17.72465],[-63.01594,-17.72526],[-63.01593,-17.72527],[-63.01592,-17.72528],[-63.01592,-17.72529],[-63.01591,-17.7253],[-63.0159,-17.7253],[-63.01589,-17.72531],[-63.01588,-17.72531],[-63.01586,-17.72531],[-63.01585,-17.72531],[-63.01584,-17.72531],[-63.01583,-17.72531],[-63.0158,-17.7253],[-63.01493,-17.72499],[-63.01384,-17.72462],[-63.01383,-17.72461],[-63.01382,-17.72461],[-63.01381,-17.7246],[-63.0138,-17.72459],[-63.01379,-17.72458],[-63.01378,-17.72456],[-63.01378,-17.72455],[-63.01378,-17.72453],[-63.01379,-17.72452],[-63.01379,-17.7245],[-63.01425,-17.72375],[-63.01426,-17.72374],[-63.01427,-17.72373],[-63.01428,-17.72372],[-63.0143,-17.72372],[-63.01431,-17.72371],[-63.01432,-17.72371],[-63.01434,-17.72371],[-63.01435,-17.72372]]]},"properties":{"description":"Unknown Area Type","styleUrl":"#area3","fill-opacity":0.7490196078431373,"fill":"#FFFF80","stroke-opacity":1,"stroke":"#000000","stroke-width":1}},
{"type":"Feature","geometry":{"type":"Polygon","coordinates":[[[-63.01306,-17.72987],[-63.01316,-17.73035],[-63.01329,-17.73051],[-63.0131,-17.73069],[-63.01301,-17.73061],[-63.01255,-17.73051],[-63.01249,-17.73098],[-63.01249,-17.73101],[-63.0125,-17.73107],[-63.01209,-17.73116],[-63.012,-17.73074],[-63.01182,-17.73039],[-63.01124,-17.73026],[-63.01094,-17.7305],[-63.01077,-17.73081],[-63.01013,-17.731],[-63.01017,-17.73069],[-63.0098,-17.73067],[-63.00961,-17.73064],[-63.00946,-17.73062],[-63.00944,-17.73062],[-63.00942,-17.73062],[-63.00941,-17.73062],[-63.0094,-17.73063],[-63.00921,-17.73072],[-63.00911,-17.73077],[-63.00905,-17.73081],[-63.00897,-17.73087],[-63.00893,-17.73092],[-63.0089,-17.73096],[-63.00887,-17.73102],[-63.00886,-17.73106],[-63.00886,-17.73107],[-63.00886,-17.73108],[-63.00885,-17.73108],[-63.00885,-17.73109],[-63.00884,-17.73109],[-63.00883,-17.73109],[-63.00882,-17.73108],[-63.00877,-17.73104],[-63.00871,-17.73099],[-63.00868,-17.73097],[-63.00864,-17.73095],[-63.00861,-17.73093],[-63.00858,-17.73092],[-63.00855,-17.73091],[-63.00852,-17.7309],[-63.0085,-17.7309],[-63.00849,-17.7309],[-63.00849,-17.73074],[-63.00899,-17.73071],[-63.00897,-17.73049],[-63.00897,-17.73038],[-63.00897,-17.73037],[-63.00897,-17.73038],[-63.00897,-17.73039],[-63.00898,-17.7304],[-63.00898,-17.73041],[-63.00899,-17.73041],[-63.009,-17.73042],[-63.00901,-17.73042],[-63.00902,-17.73042],[-63.00902,-17.73043],[-63.00903,-17.73043],[-63.00904,-17.73043],[-63.00905,-17.73042],[-63.00906,-17.73042],[-63.00907,-17.73041],[-63.00908,-17.73041],[-63.00908,-17.7304],[-63.00909,-17.7304],[-63.00909,-17.73039],[-63.0091,-17.73038],[-63.0091,-17.73037],[-63.0091,-17.73036],[-63.00926,-17.73035],[-63.0099,-17.73031],[-63.01039,-17.73029],[-63.01076,-17.73027],[-63.01123,-17.73024],[-63.01173,-17.73021],[-63.01225,-17.73018],[-63.01253,-17.73017],[-63.01266,-17.73016],[-63.01272,-17.73016],[-63.01275,-17.73016],[-63.01277,-17.73015],[-63.01281,-17.73015],[-63.01282,-17.73015],[-63.01284,-17.73014],[-63.01286,-17.73014],[-63.01288,-17.73013],[-63.0129,-17.73012],[-63.01291,-17.7301],[-63.01293,-17.73008],[-63.01295,-17.73005],[-63.01296,-17.73004],[-63.01296,-17.73002],[-63.01297,-17.73],[-63.013,-17.72994],[-63.01301,-17.7299],[-63.01302,-17.72989],[-63.01303,-17.72988],[-63.01304,-17.72988],[-63.01305,-17.72987],[-63.01306,-17.72987]]]},"properties":{"description":"Unknown Area Type","styleUrl":"#area2","fill-opacity":0.7490196078431373,"fill":"#008000","stroke-opacity":1,"stroke":"#000000","stroke-width":1}},
{"type":"Feature","geometry":{"type":"Polygon","coordinates":[[[-63.0147,-17.73057],[-63.01473,-17.73056],[-63.01476,-17.73056],[-63.01481,-17.73055],[-63.01484,-17.73055],[-63.01474,-17.73068],[-63.01477,-17.73079],[-63.01473,-17.73079],[-63.01459,-17.7309],[-63.01441,-17.73094],[-63.01431,-17.73073],[-63.01428,-17.73053],[-63.0142,-17.73037],[-63.01401,-17.73045],[-63.01386,-17.73023],[-63.0135,-17.73007],[-63.01334,-17.73008],[-63.01338,-17.73025],[-63.01356,-17.73048],[-63.01355,-17.73065],[-63.01344,-17.73075],[-63.01336,-17.73076],[-63.0131,-17.731],[-63.01289,-17.73082],[-63.01275,-17.73078],[-63.01273,-17.73098],[-63.01273,-17.731],[-63.01275,-17.73125],[-63.01207,-17.73139],[-63.01183,-17.73149],[-63.01188,-17.73129],[-63.01187,-17.73124],[-63.01167,-17.73117],[-63.01176,-17.73078],[-63.01166,-17.73059],[-63.0113,-17.73051],[-63.01116,-17.73062],[-63.01114,-17.73069],[-63.01099,-17.73053],[-63.01092,-17.73062],[-63.01088,-17.73067],[-63.01085,-17.73072],[-63.01082,-17.7308],[-63.01081,-17.73086],[-63.01081,-17.73093],[-63.01081,-17.73098],[-63.01082,-17.73101],[-63.01083,-17.73105],[-63.01083,-17.73108],[-63.01084,-17.7311],[-63.01084,-17.73111],[-63.01084,-17.73112],[-63.01083,-17.73112],[-63.01081,-17.7311],[-63.01073,-17.73104],[-63.01067,-17.731],[-63.01063,-17.73098],[-63.01059,-17.73097],[-63.01054,-17.73095],[-63.01051,-17.73095],[-63.01046,-17.73094],[-63.01041,-17.73094],[-63.01037,-17.73094],[-63.01036,-17.73094],[-63.0103,-17.73096],[-63.01027,-17.73096],[-63.01025,-17.73097],[-63.01021,-17.73098],[-63.01017,-17.731],[-63.01013,-17.73101],[-63.01012,-17.73101],[-63.01012,-17.731],[-63.01012,-17.73097],[-63.01011,-17.73093],[-63.01009,-17.73088],[-63.01007,-17.73084],[-63.01005,-17.73081],[-63.01001,-17.73077],[-63.00998,-17.73074],[-63.00995,-17.73072],[-63.00991,-17.7307],[-63.00988,-17.73069],[-63.00984,-17.73067],[-63.00981,-17.73067],[-63.0098,-17.73067],[-63.01017,-17.73069],[-63.01013,-17.731],[-63.01077,-17.73081],[-63.01094,-17.7305],[-63.01124,-17.73026],[-63.01182,-17.73039],[-63.012,-17.73074],[-63.01209,-17.73116],[-63.0125,-17.73107],[-63.01249,-17.73098],[-63.01255,-17.73051],[-63.01301,-17.73061],[-63.0131,-17.73069],[-63.01329,-17.73051],[-63.01316,-17.73035],[-63.01306,-17.72987],[-63.01352,-17.72984],[-63.01353,-17.72984],[-63.01354,-17.72984],[-63.01355,-17.72984],[-63.01358,-17.72985],[-63.01428,-17.73007],[-63.0143,-17.73007],[-63.01431,-17.73008],[-63.01432,-17.73008],[-63.01433,-17.73009],[-63.01434,-17.7301],[-63.01434,-17.73012],[-63.01435,-17.73013],[-63.01451,-17.73047],[-63.01453,-17.73051],[-63.01455,-17.73052],[-63.01457,-17.73054],[-63.01458,-17.73055],[-63.01461,-17.73056],[-63.01464,-17.73057],[-63.01466,-17.73057],[-63.0147,-17.73057]]]},"properties":{"description":"Unknown Area Type","styleUrl":"#area4","fill-opacity":0.7490196078431373,"fill":"#0000FF","stroke-opacity":1,"stroke":"#000000","stroke-width":1}},
{"type":"Feature","geometry":{"type":"Polygon","coordinates":[[[-63.01714,-17.72751],[-63.01714,-17.72752],[-63.01713,-17.72752],[-63.01713,-17.72753],[-63.01712,-17.72753],[-63.01711,-17.72753],[-63.0171,-17.72753],[-63.01709,-17.72753],[-63.01701,-17.72749],[-63.0169,-17.72745],[-63.01654,-17.72734],[-63.01619,-17.72722],[-63.01586,-17.72711],[-63.01555,-17.727],[-63.01514,-17.72686],[-63.01513,-17.72685],[-63.01512,-17.72685],[-63.01511,-17.72685],[-63.01511,-17.72684],[-63.01511,-17.72683],[-63.01511,-17.72682],[-63.01511,-17.72681],[-63.01511,-17.7268],[-63.01512,-17.72679],[-63.01513,-17.72679],[-63.01515,-17.72679],[-63.0152,-17.7268],[-63.01552,-17.72691],[-63.01598,-17.72708],[-63.01649,-17.72724],[-63.01687,-17.72737],[-63.01704,-17.72742],[-63.01711,-17.72746],[-63.01712,-17.72746],[-63.01713,-17.72746],[-63.01713,-17.72747],[-63.01714,-17.72747],[-63.01714,-17.72748],[-63.01714,-17.72749],[-63.01715,-17.7275],[-63.01714,-17.7275],[-63.01714,-17.72751]]]},"properties":{"description":"Unknown Area Type","styleUrl":"#area2","fill-opacity":0.7490196078431373,"fill":"#008000","stroke-opacity":1,"stroke":"#000000","stroke-width":1}},
{"type":"Feature","geometry":{"type":"Polygon","coordinates":[[[-63.01496,-17.72675],[-63.01496,-17.72676],[-63.01495,-17.72677],[-63.01494,-17.72677],[-63.01493,-17.72678],[-63.01492,-17.72678],[-63.01491,-17.72677],[-63.01466,-17.72668],[-63.0142,-17.7265],[-63.01355,-17.72624],[-63.01348,-17.72622],[-63.01347,-17.72621],[-63.01346,-17.7262],[-63.01346,-17.72618],[-63.01346,-17.72617],[-63.01347,-17.72616],[-63.01347,-17.72615],[-63.01349,-17.72615],[-63.01351,-17.72615],[-63.01419,-17.72642],[-63.01491,-17.72669],[-63.01494,-17.72671],[-63.01495,-17.72671],[-63.01496,-17.72672],[-63.01496,-17.72673],[-63.01496,-17.72675]]]},"properties":{"description":"Unknown Area Type","styleUrl":"#area2","fill-opacity":0.7490196078431373,"fill":"#008000","stroke-opacity":1,"stroke":"#000000","stroke-width":1}},
{"type":"Feature","geometry":{"type":"Polygon","coordinates":[[[-63.01337,-17.72614],[-63.01337,-17.72613],[-63.01337,-17.72614],[-63.01337,-17.72615],[-63.01336,-17.72615],[-63.01335,-17.72616],[-63.01333,-17.72616],[-63.01331,-17.72615],[-63.01306,-17.72605],[-63.01265,-17.72589],[-63.01262,-17.72589],[-63.0126,-17.72588],[-63.01258,-17.72587],[-63.01257,-17.72587],[-63.01256,-17.72587],[-63.01254,-17.72586],[-63.01253,-17.72586],[-63.01251,-17.72586],[-63.01249,-17.72586],[-63.01248,-17.72586],[-63.01246,-17.72586],[-63.01244,-17.72587],[-63.01241,-17.72587],[-63.01238,-17.72588],[-63.01237,-17.72589],[-63.01236,-17.72589],[-63.01235,-17.72589],[-63.01234,-17.7259],[-63.01244,-17.72579],[-63.01245,-17.72579],[-63.01246,-17.72579],[-63.01248,-17.72579],[-63.01249,-17.72579],[-63.01251,-17.72579],[-63.01252,-17.72579],[-63.01254,-17.72579],[-63.01255,-17.72579],[-63.01257,-17.72579],[-63.01258,-17.7258],[-63.0126,-17.7258],[-63.01261,-17.7258],[-63.01263,-17.72581],[-63.01281,-17.72588],[-63.01309,-17.72599],[-63.01334,-17.72609],[-63.01335,-17.72609],[-63.01336,-17.72609],[-63.01336,-17.7261],[-63.01337,-17.7261],[-63.01337,-17.72611],[-63.01337,-17.72612],[-63.01337,-17.72613],[-63.01337,-17.72614]]]},"properties":{"description":"Unknown Area Type","styleUrl":"#area2","fill-opacity":0.7490196078431373,"fill":"#008000","stroke-opacity":1,"stroke":"#000000","stroke-width":1}},
{"type":"Feature","geometry":{"type":"Polygon","coordinates":[[[-63.01954,-17.72361],[-63.01953,-17.72361],[-63.01953,-17.72362],[-63.01952,-17.72362],[-63.01951,-17.72362],[-63.0195,-17.72361],[-63.01944,-17.72359],[-63.01904,-17.72342],[-63.01859,-17.72323],[-63.01813,-17.72303],[-63.01767,-17.72283],[-63.01766,-17.72283],[-63.01765,-17.72282],[-63.01765,-17.72281],[-63.01765,-17.7228],[-63.01766,-17.7228],[-63.01766,-17.72279],[-63.01767,-17.72279],[-63.01768,-17.7228],[-63.01821,-17.72302],[-63.01891,-17.72332],[-63.0195,-17.72358],[-63.01952,-17.72358],[-63.01953,-17.72359],[-63.01954,-17.7236],[-63.01954,-17.72361]]]},"properties":{"description":"Unknown Area Type","styleUrl":"#area2","fill-opacity":0.7490196078431373,"fill":"#008000","stroke-opacity":1,"stroke":"#000000","stroke-width":1}},
{"type":"Feature","geometry":{"type":"Polygon","coordinates":[[[-63.01757,-17.72277],[-63.01756,-17.72278],[-63.01755,-17.72278],[-63.01754,-17.72278],[-63.01753,-17.72277],[-63.01748,-17.72275],[-63.01718,-17.72262],[-63.01673,-17.72243],[-63.01634,-17.72226],[-63.01596,-17.7221],[-63.01554,-17.72193],[-63.01511,-17.72174],[-63.01508,-17.72173],[-63.01508,-17.72172],[-63.01508,-17.72171],[-63.01508,-17.7217],[-63.01509,-17.7217],[-63.0151,-17.7217],[-63.01511,-17.7217],[-63.01561,-17.72191],[-63.0165,-17.7223],[-63.01755,-17.72274],[-63.01756,-17.72275],[-63.01757,-17.72275],[-63.01757,-17.72276],[-63.01757,-17.72277]]]},"properties":{"description":"Unknown Area Type","styleUrl":"#area2","fill-opacity":0.7490196078431373,"fill":"#008000","stroke-opacity":1,"stroke":"#000000","stroke-width":1}},
{"type":"Feature","geometry":{"type":"LineString","coordinates":[[-63.0126,-17.72561],[-63.01267,-17.72556]]},"properties":{"description":"PREDIO","styleUrl":"#line1","stroke-opacity":1,"stroke":"#FF0000","stroke-width":1,"name":"FONDO"}},
{"type":"Feature","geometry":{"type":"LineString","coordinates":[[-63.01267,-17.72556],[-63.01346,-17.72462]]},"properties":{"description":"PREDIO","styleUrl":"#line1","stroke-opacity":1,"stroke":"#FF0000","stroke-width":1,"name":"FONDO"}},
{"type":"Feature","geometry":{"type":"LineString","coordinates":[[-63.01346,-17.72462],[-63.01415,-17.72352]]},"properties":{"description":"PREDIO","styleUrl":"#line1","stroke-opacity":1,"stroke":"#FF0000","stroke-width":1,"name":"FONDO"}},
{"type":"Feature","geometry":{"type":"LineString","coordinates":[[-63.01415,-17.72352],[-63.01488,-17.72156]]},"properties":{"description":"PREDIO","styleUrl":"#line1","stroke-opacity":1,"stroke":"#FF0000","stroke-width":1,"name":"FONDO"}},
{"type":"Feature","geometry":{"type":"LineString","coordinates":[[-63.01488,-17.72156],[-63.01711,-17.71863]]},"properties":{"description":"PREDIO","styleUrl":"#line1","stroke-opacity":1,"stroke":"#FF0000","stroke-width":1,"name":"FONDO"}},
{"type":"Feature","geometry":{"type":"LineString","coordinates":[[-63.01711,-17.71863],[-63.01732,-17.71871]]},"properties":{"description":"PREDIO","styleUrl":"#line1","stroke-opacity":1,"stroke":"#FF0000","stroke-width":1,"name":"FONDO"}},
{"type":"Feature","geometry":{"type":"LineString","coordinates":[[-63.01732,-17.71871],[-63.0191,-17.71938]]},"properties":{"description":"PREDIO","styleUrl":"#line1","stroke-opacity":1,"stroke":"#FF0000","stroke-width":1,"name":"FONDO"}},
{"type":"Feature","geometry":{"type":"LineString","coordinates":[[-63.0191,-17.71938],[-63.02223,-17.72056]]},"properties":{"description":"PREDIO","styleUrl":"#line1","stroke-opacity":1,"stroke":"#FF0000","stroke-width":1,"name":"FONDO"}},
{"type":"Feature","geometry":{"type":"LineString","coordinates":[[-63.02223,-17.72056],[-63.02053,-17.72244]]},"properties":{"description":"PREDIO","styleUrl":"#line1","stroke-opacity":1,"stroke":"#FF0000","stroke-width":1,"name":"FONDO"}},
{"type":"Feature","geometry":{"type":"LineString","coordinates":[[-63.02053,-17.72244],[-63.02057,-17.72245]]},"properties":{"description":"PREDIO","styleUrl":"#line1","stroke-opacity":1,"stroke":"#FF0000","stroke-width":1,"name":"FONDO"}},
{"type":"Feature","geometry":{"type":"LineString","coordinates":[[-63.02057,-17.72245],[-63.02007,-17.72298]]},"properties":{"description":"PREDIO","styleUrl":"#line1","stroke-opacity":1,"stroke":"#FF0000","stroke-width":1,"name":"FONDO"}},
{"type":"Feature","geometry":{"type":"LineString","coordinates":[[-63.02007,-17.72298],[-63.01968,-17.72342]]},"properties":{"description":"PREDIO","styleUrl":"#line1","stroke-opacity":1,"stroke":"#FF0000","stroke-width":1,"name":"FONDO"}},
{"type":"Feature","geometry":{"type":"LineString","coordinates":[[-63.01968,-17.72342],[-63.01891,-17.72485]]},"properties":{"description":"PREDIO","styleUrl":"#line1","stroke-opacity":1,"stroke":"#FF0000","stroke-width":1,"name":"FONDO"}},
{"type":"Feature","geometry":{"type":"LineString","coordinates":[[-63.01891,-17.72485],[-63.01832,-17.72592]]},"properties":{"description":"PREDIO","styleUrl":"#line1","stroke-opacity":1,"stroke":"#FF0000","stroke-width":1,"name":"FONDO"}},
{"type":"Feature","geometry":{"type":"LineString","coordinates":[[-63.01832,-17.72592],[-63.01778,-17.72671]]},"properties":{"description":"PREDIO","styleUrl":"#line1","stroke-opacity":1,"stroke":"#FF0000","stroke-width":1,"name":"FONDO"}},
{"type":"Feature","geometry":{"type":"LineString","coordinates":[[-63.01778,-17.72671],[-63.01773,-17.72677]]},"properties":{"description":"PREDIO","styleUrl":"#line1","stroke-opacity":1,"stroke":"#FF0000","stroke-width":1,"name":"FONDO"}},
{"type":"Feature","geometry":{"type":"LineString","coordinates":[[-63.01773,-17.72677],[-63.0173,-17.72738]]},"properties":{"description":"PREDIO","styleUrl":"#line1","stroke-opacity":1,"stroke":"#FF0000","stroke-width":1,"name":"FONDO"}},
{"type":"Feature","geometry":{"type":"LineString","coordinates":[[-63.0173,-17.72738],[-63.01706,-17.72765]]},"properties":{"description":"PREDIO","styleUrl":"#line1","stroke-opacity":1,"stroke":"#FF0000","stroke-width":1,"name":"FONDO"}},
{"type":"Feature","geometry":{"type":"LineString","coordinates":[[-63.01706,-17.72765],[-63.01474,-17.73068]]},"properties":{"description":"PREDIO","styleUrl":"#line1","stroke-opacity":1,"stroke":"#FF0000","stroke-width":1,"name":"FONDO"}},
{"type":"Feature","geometry":{"type":"LineString","coordinates":[[-63.01474,-17.73068],[-63.01477,-17.73079]]},"properties":{"description":"PREDIO","styleUrl":"#line1","stroke-opacity":1,"stroke":"#FF0000","stroke-width":1,"name":"FONDO"}},
{"type":"Feature","geometry":{"type":"LineString","coordinates":[[-63.01477,-17.73079],[-63.01473,-17.73079]]},"properties":{"description":"PREDIO","styleUrl":"#line1","stroke-opacity":1,"stroke":"#FF0000","stroke-width":1,"name":"FONDO"}},
{"type":"Feature","geometry":{"type":"LineString","coordinates":[[-63.01473,-17.73079],[-63.01459,-17.7309]]},"properties":{"description":"PREDIO","styleUrl":"#line1","stroke-opacity":1,"stroke":"#FF0000","stroke-width":1,"name":"FONDO"}},
{"type":"Feature","geometry":{"type":"LineString","coordinates":[[-63.01459,-17.7309],[-63.01441,-17.73094]]},"properties":{"description":"PREDIO","styleUrl":"#line1","stroke-opacity":1,"stroke":"#FF0000","stroke-width":1,"name":"FONDO"}},
{"type":"Feature","geometry":{"type":"LineString","coordinates":[[-63.01441,-17.73094],[-63.01431,-17.73073]]},"properties":{"description":"PREDIO","styleUrl":"#line1","stroke-opacity":1,"stroke":"#FF0000","stroke-width":1,"name":"FONDO"}},
{"type":"Feature","geometry":{"type":"LineString","coordinates":[[-63.01431,-17.73073],[-63.01428,-17.73053]]},"properties":{"description":"PREDIO","styleUrl":"#line1","stroke-opacity":1,"stroke":"#FF0000","stroke-width":1,"name":"FONDO"}},
{"type":"Feature","geometry":{"type":"LineString","coordinates":[[-63.01428,-17.73053],[-63.0142,-17.73037]]},"properties":{"description":"PREDIO","styleUrl":"#line1","stroke-opacity":1,"stroke":"#FF0000","stroke-width":1,"name":"FONDO"}},
{"type":"Feature","geometry":{"type":"LineString","coordinates":[[-63.0142,-17.73037],[-63.01401,-17.73045]]},"properties":{"description":"PREDIO","styleUrl":"#line1","stroke-opacity":1,"stroke":"#FF0000","stroke-width":1,"name":"FONDO"}},
{"type":"Feature","geometry":{"type":"LineString","coordinates":[[-63.01401,-17.73045],[-63.01386,-17.73023]]},"properties":{"description":"PREDIO","styleUrl":"#line1","stroke-opacity":1,"stroke":"#FF0000","stroke-width":1,"name":"FONDO"}},
{"type":"Feature","geometry":{"type":"LineString","coordinates":[[-63.01386,-17.73023],[-63.0135,-17.73007]]},"properties":{"description":"PREDIO","styleUrl":"#line1","stroke-opacity":1,"stroke":"#FF0000","stroke-width":1,"name":"FONDO"}},
{"type":"Feature","geometry":{"type":"LineString","coordinates":[[-63.0135,-17.73007],[-63.01334,-17.73008]]},"properties":{"description":"PREDIO","styleUrl":"#line1","stroke-opacity":1,"stroke":"#FF0000","stroke-width":1,"name":"FONDO"}},
{"type":"Feature","geometry":{"type":"LineString","coordinates":[[-63.01334,-17.73008],[-63.01338,-17.73025]]},"properties":{"description":"PREDIO","styleUrl":"#line1","stroke-opacity":1,"stroke":"#FF0000","stroke-width":1,"name":"FONDO"}},
{"type":"Feature","geometry":{"type":"LineString","coordinates":[[-63.01338,-17.73025],[-63.01356,-17.73048]]},"properties":{"description":"PREDIO","styleUrl":"#line1","stroke-opacity":1,"stroke":"#FF0000","stroke-width":1,"name":"FONDO"}},
{"type":"Feature","geometry":{"type":"LineString","coordinates":[[-63.01356,-17.73048],[-63.01355,-17.73065]]},"properties":{"description":"PREDIO","styleUrl":"#line1","stroke-opacity":1,"stroke":"#FF0000","stroke-width":1,"name":"FONDO"}},
{"type":"Feature","geometry":{"type":"LineString","coordinates":[[-63.01355,-17.73065],[-63.01344,-17.73075]]},"properties":{"description":"PREDIO","styleUrl":"#line1","stroke-opacity":1,"stroke":"#FF0000","stroke-width":1,"name":"FONDO"}},
{"type":"Feature","geometry":{"type":"LineString","coordinates":[[-63.01344,-17.73075],[-63.01336,-17.73076]]},"properties":{"description":"PREDIO","styleUrl":"#line1","stroke-opacity":1,"stroke":"#FF0000","stroke-width":1,"name":"FONDO"}},
{"type":"Feature","geometry":{"type":"LineString","coordinates":[[-63.01336,-17.73076],[-63.0131,-17.731]]},"properties":{"description":"PREDIO","styleUrl":"#line1","stroke-opacity":1,"stroke":"#FF0000","stroke-width":1,"name":"FONDO"}},
{"type":"Feature","geometry":{"type":"LineString","coordinates":[[-63.0131,-17.731],[-63.01289,-17.73082]]},"properties":{"description":"PREDIO","styleUrl":"#line1","stroke-opacity":1,"stroke":"#FF0000","stroke-width":1,"name":"FONDO"}},
{"type":"Feature","geometry":{"type":"LineString","coordinates":[[-63.01289,-17.73082],[-63.01275,-17.73078]]},"properties":{"description":"PREDIO","styleUrl":"#line1","stroke-opacity":1,"stroke":"#FF0000","stroke-width":1,"name":"FONDO"}},
{"type":"Feature","geometry":{"type":"LineString","coordinates":[[-63.01275,-17.73078],[-63.01273,-17.73098]]},"properties":{"description":"PREDIO","styleUrl":"#line1","stroke-opacity":1,"stroke":"#FF0000","stroke-width":1,"name":"FONDO"}},
{"type":"Feature","geometry":{"type":"LineString","coordinates":[[-63.01273,-17.73098],[-63.01275,-17.73125]]},"properties":{"description":"PREDIO","styleUrl":"#line1","stroke-opacity":1,"stroke":"#FF0000","stroke-width":1,"name":"FONDO"}},
{"type":"Feature","geometry":{"type":"LineString","coordinates":[[-63.01275,-17.73125],[-63.01207,-17.73139]]},"properties":{"description":"PREDIO","styleUrl":"#line1","stroke-opacity":1,"stroke":"#FF0000","stroke-width":1,"name":"FONDO"}},
{"type":"Feature","geometry":{"type":"LineString","coordinates":[[-63.01207,-17.73139],[-63.01183,-17.73149]]},"properties":{"description":"PREDIO","styleUrl":"#line1","stroke-opacity":1,"stroke":"#FF0000","stroke-width":1,"name":"FONDO"}},
{"type":"Feature","geometry":{"type":"LineString","coordinates":[[-63.01183,-17.73149],[-63.01188,-17.73129]]},"properties":{"description":"PREDIO","styleUrl":"#line1","stroke-opacity":1,"stroke":"#FF0000","stroke-width":1,"name":"FONDO"}},
{"type":"Feature","geometry":{"type":"LineString","coordinates":[[-63.01188,-17.73129],[-63.01187,-17.73124]]},"properties":{"description":"PREDIO","styleUrl":"#line1","stroke-opacity":1,"stroke":"#FF0000","stroke-width":1,"name":"FONDO"}},
{"type":"Feature","geometry":{"type":"LineString","coordinates":[[-63.01187,-17.73124],[-63.01167,-17.73117]]},"properties":{"description":"PREDIO","styleUrl":"#line1","stroke-opacity":1,"stroke":"#FF0000","stroke-width":1,"name":"FONDO"}},
{"type":"Feature","geometry":{"type":"LineString","coordinates":[[-63.01167,-17.73117],[-63.01176,-17.73078]]},"properties":{"description":"PREDIO","styleUrl":"#line1","stroke-opacity":1,"stroke":"#FF0000","stroke-width":1,"name":"FONDO"}},
{"type":"Feature","geometry":{"type":"LineString","coordinates":[[-63.01176,-17.73078],[-63.01166,-17.73059]]},"properties":{"description":"PREDIO","styleUrl":"#line1","stroke-opacity":1,"stroke":"#FF0000","stroke-width":1,"name":"FONDO"}},
{"type":"Feature","geometry":{"type":"LineString","coordinates":[[-63.01166,-17.73059],[-63.0113,-17.73051]]},"properties":{"description":"PREDIO","styleUrl":"#line1","stroke-opacity":1,"stroke":"#FF0000","stroke-width":1,"name":"FONDO"}},
{"type":"Feature","geometry":{"type":"LineString","coordinates":[[-63.0113,-17.73051],[-63.01123,-17.73056]]},"properties":{"description":"PREDIO","styleUrl":"#line1","stroke-opacity":1,"stroke":"#FF0000","stroke-width":1,"name":"FONDO"}},
{"type":"Feature","geometry":{"type":"LineString","coordinates":[[-63.01123,-17.73056],[-63.01116,-17.73062]]},"properties":{"description":"PREDIO","styleUrl":"#line1","stroke-opacity":1,"stroke":"#FF0000","stroke-width":1,"name":"FONDO"}},
{"type":"Feature","geometry":{"type":"LineString","coordinates":[[-63.01116,-17.73062],[-63.01114,-17.73069]]},"properties":{"description":"PREDIO","styleUrl":"#line1","stroke-opacity":1,"stroke":"#FF0000","stroke-width":1,"name":"FONDO"}},
{"type":"Feature","geometry":{"type":"LineString","coordinates":[[-63.01114,-17.73069],[-63.01099,-17.73053]]},"properties":{"description":"PREDIO","styleUrl":"#line1","stroke-opacity":1,"stroke":"#FF0000","stroke-width":1,"name":"FONDO"}},
{"type":"Feature","geometry":{"type":"LineString","coordinates":[[-63.01099,-17.73053],[-63.01091,-17.73063]]},"properties":{"description":"PREDIO","styleUrl":"#line1","stroke-opacity":1,"stroke":"#FF0000","stroke-width":1,"name":"FONDO"}},
{"type":"Feature","geometry":{"type":"LineString","coordinates":[[-63.01083,-17.73108],[-63.01084,-17.73111]]},"properties":{"description":"PREDIO","styleUrl":"#line1","stroke-opacity":1,"stroke":"#FF0000","stroke-width":1,"name":"FONDO"}},
{"type":"Feature","geometry":{"type":"LineString","coordinates":[[-63.01083,-17.73112],[-63.01076,-17.73106]]},"properties":{"description":"PREDIO","styleUrl":"#line1","stroke-opacity":1,"stroke":"#FF0000","stroke-width":1,"name":"FONDO"}},
{"type":"Feature","geometry":{"type":"LineString","coordinates":[[-63.01024,-17.73097],[-63.01013,-17.73101]]},"properties":{"description":"PREDIO","styleUrl":"#line1","stroke-opacity":1,"stroke":"#FF0000","stroke-width":1,"name":"FONDO"}},
{"type":"Feature","geometry":{"type":"LineString","coordinates":[[-63.0098,-17.73067],[-63.00946,-17.73062]]},"properties":{"description":"PREDIO","styleUrl":"#line1","stroke-opacity":1,"stroke":"#FF0000","stroke-width":1,"name":"FONDO"}},
{"type":"Feature","geometry":{"type":"LineString","coordinates":[[-63.0094,-17.73063],[-63.00913,-17.73076]]},"properties":{"description":"PREDIO","styleUrl":"#line1","stroke-opacity":1,"stroke":"#FF0000","stroke-width":1,"name":"FONDO"}},
{"type":"Feature","geometry":{"type":"LineString","coordinates":[[-63.00882,-17.73109],[-63.00875,-17.73102]]},"properties":{"description":"PREDIO","styleUrl":"#line1","stroke-opacity":1,"stroke":"#FF0000","stroke-width":1,"name":"FONDO"}},
{"type":"Feature","geometry":{"type":"LineString","coordinates":[[-63.00848,-17.7309],[-63.00849,-17.73072]]},"properties":{"description":"PREDIO","styleUrl":"#line1","stroke-opacity":1,"stroke":"#FF0000","stroke-width":1,"name":"FONDO"}},
{"type":"Feature","geometry":{"type":"LineString","coordinates":[[-63.00849,-17.73072],[-63.00847,-17.72903]]},"properties":{"description":"PREDIO","styleUrl":"#line1","stroke-opacity":1,"stroke":"#FF0000","stroke-width":1,"name":"FONDO"}},
{"type":"Feature","geometry":{"type":"LineString","coordinates":[[-63.00847,-17.72903],[-63.00847,-17.72886]]},"properties":{"description":"PREDIO","styleUrl":"#line1","stroke-opacity":1,"stroke":"#FF0000","stroke-width":1,"name":"FONDO"}},
{"type":"Feature","geometry":{"type":"LineString","coordinates":[[-63.00847,-17.72886],[-63.00885,-17.72833]]},"properties":{"description":"PREDIO","styleUrl":"#line1","stroke-opacity":1,"stroke":"#FF0000","stroke-width":1,"name":"FONDO"}},
{"type":"Feature","geometry":{"type":"LineString","coordinates":[[-63.00885,-17.72833],[-63.00889,-17.72827]]},"properties":{"description":"PREDIO","styleUrl":"#line1","stroke-opacity":1,"stroke":"#FF0000","stroke-width":1,"name":"FONDO"}},
{"type":"Feature","geometry":{"type":"LineString","coordinates":[[-63.00889,-17.72827],[-63.00903,-17.72813]]},"properties":{"description":"PREDIO","styleUrl":"#line1","stroke-opacity":1,"stroke":"#FF0000","stroke-width":1,"name":"FONDO"}},
{"type":"Feature","geometry":{"type":"LineString","coordinates":[[-63.00903,-17.72813],[-63.00914,-17.72803]]},"properties":{"description":"PREDIO","styleUrl":"#line1","stroke-opacity":1,"stroke":"#FF0000","stroke-width":1,"name":"FONDO"}},
{"type":"Feature","geometry":{"type":"LineString","coordinates":[[-63.00914,-17.72803],[-63.00927,-17.72794]]},"properties":{"description":"PREDIO","styleUrl":"#line1","stroke-opacity":1,"stroke":"#FF0000","stroke-width":1,"name":"FONDO"}},
{"type":"Feature","geometry":{"type":"LineString","coordinates":[[-63.00927,-17.72794],[-63.01225,-17.72598]]},"properties":{"description":"PREDIO","styleUrl":"#line1","stroke-opacity":1,"stroke":"#FF0000","stroke-width":1,"name":"FONDO"}},
{"type":"Feature","geometry":{"type":"LineString","coordinates":[[-63.01225,-17.72598],[-63.01228,-17.72596]]},"properties":{"description":"PREDIO","styleUrl":"#line1","stroke-opacity":1,"stroke":"#FF0000","stroke-width":1,"name":"FONDO"}},
{"type":"Feature","geometry":{"type":"LineString","coordinates":[[-63.01228,-17.72596],[-63.0126,-17.72561]]},"properties":{"description":"PREDIO","styleUrl":"#line1","stroke-opacity":1,"stroke":"#FF0000","stroke-width":1,"name":"FONDO"}},
{"type":"Feature","geometry":{"type":"LineString","coordinates":[[-63.01083,-17.73108],[-63.01083,-17.73107],[-63.01083,-17.73106],[-63.01083,-17.73105],[-63.01082,-17.73105],[-63.01082,-17.73104],[-63.01082,-17.73103],[-63.01082,-17.73102],[-63.01082,-17.73101],[-63.01081,-17.73101],[-63.01081,-17.731],[-63.01081,-17.73099],[-63.01081,-17.73098],[-63.01081,-17.73097],[-63.01081,-17.73096],[-63.01081,-17.73095],[-63.01081,-17.73094],[-63.01081,-17.73093],[-63.01081,-17.73092],[-63.01081,-17.73091],[-63.01081,-17.7309],[-63.01081,-17.73089],[-63.01081,-17.73088],[-63.01081,-17.73087],[-63.01081,-17.73086],[-63.01081,-17.73085],[-63.01081,-17.73084],[-63.01082,-17.73084],[-63.01082,-17.73083],[-63.01082,-17.73082],[-63.01082,-17.73081],[-63.01082,-17.7308],[-63.01083,-17.7308],[-63.01083,-17.73079],[-63.01083,-17.73078],[-63.01083,-17.73077],[-63.01084,-17.73076],[-63.01084,-17.73075],[-63.01084,-17.73074],[-63.01085,-17.73074],[-63.01085,-17.73073],[-63.01085,-17.73072],[-63.01086,-17.73072],[-63.01086,-17.73071],[-63.01086,-17.7307],[-63.01087,-17.7307],[-63.01087,-17.73069],[-63.01087,-17.73068],[-63.01088,-17.73068],[-63.01088,-17.73067],[-63.01089,-17.73066],[-63.01089,-17.73065],[-63.0109,-17.73065],[-63.0109,-17.73064],[-63.01091,-17.73063]]},"properties":{"description":"PREDIO","styleUrl":"#line2","stroke-opacity":1,"stroke":"#FF00FF","stroke-width":1,"name":"FONDO"}},
{"type":"Feature","geometry":{"type":"LineString","coordinates":[[-63.01084,-17.73111],[-63.01084,-17.73112],[-63.01083,-17.73112]]},"properties":{"description":"PREDIO","styleUrl":"#line2","stroke-opacity":1,"stroke":"#FF00FF","stroke-width":1,"name":"FONDO"}},
{"type":"Feature","geometry":{"type":"LineString","coordinates":[[-63.01024,-17.73097],[-63.01025,-17.73097],[-63.01026,-17.73097],[-63.01026,-17.73096],[-63.01027,-17.73096],[-63.01028,-17.73096],[-63.01029,-17.73096],[-63.0103,-17.73096],[-63.0103,-17.73095],[-63.01031,-17.73095],[-63.01032,-17.73095],[-63.01033,-17.73095],[-63.01034,-17.73095],[-63.01035,-17.73095],[-63.01035,-17.73094],[-63.01036,-17.73094],[-63.01037,-17.73094],[-63.01038,-17.73094],[-63.01039,-17.73094],[-63.0104,-17.73094],[-63.01041,-17.73094],[-63.01042,-17.73094],[-63.01043,-17.73094],[-63.01044,-17.73094],[-63.01045,-17.73094],[-63.01046,-17.73094],[-63.01047,-17.73094],[-63.01048,-17.73094],[-63.01049,-17.73094],[-63.01049,-17.73095],[-63.0105,-17.73095],[-63.01051,-17.73095],[-63.01052,-17.73095],[-63.01053,-17.73095],[-63.01054,-17.73095],[-63.01055,-17.73096],[-63.01056,-17.73096],[-63.01057,-17.73096],[-63.01058,-17.73096],[-63.01058,-17.73097],[-63.01059,-17.73097],[-63.0106,-17.73097],[-63.01061,-17.73097],[-63.01061,-17.73098],[-63.01062,-17.73098],[-63.01063,-17.73098],[-63.01064,-17.73098],[-63.01064,-17.73099],[-63.01065,-17.73099],[-63.01066,-17.731],[-63.01067,-17.731],[-63.01068,-17.731],[-63.01068,-17.73101],[-63.01069,-17.73101],[-63.0107,-17.73102],[-63.01071,-17.73102],[-63.01071,-17.73103],[-63.01072,-17.73103],[-63.01073,-17.73104],[-63.01074,-17.73104],[-63.01074,-17.73105],[-63.01075,-17.73105],[-63.01075,-17.73106],[-63.01076,-17.73106]]},"properties":{"description":"PREDIO","styleUrl":"#line2","stroke-opacity":1,"stroke":"#FF00FF","stroke-width":1,"name":"FONDO"}},
{"type":"Feature","geometry":{"type":"LineString","coordinates":[[-63.01013,-17.73101],[-63.01012,-17.73101],[-63.01012,-17.731]]},"properties":{"description":"PREDIO","styleUrl":"#line2","stroke-opacity":1,"stroke":"#FF00FF","stroke-width":1,"name":"FONDO"}},
{"type":"Feature","geometry":{"type":"LineString","coordinates":[[-63.0098,-17.73067],[-63.00981,-17.73067],[-63.00982,-17.73067],[-63.00983,-17.73067],[-63.00984,-17.73067],[-63.00984,-17.73068],[-63.00985,-17.73068],[-63.00986,-17.73068],[-63.00987,-17.73068],[-63.00988,-17.73069],[-63.00989,-17.73069],[-63.0099,-17.73069],[-63.0099,-17.7307],[-63.00991,-17.7307],[-63.00992,-17.7307],[-63.00992,-17.73071],[-63.00993,-17.73071],[-63.00994,-17.73071],[-63.00994,-17.73072],[-63.00995,-17.73072],[-63.00996,-17.73072],[-63.00996,-17.73073],[-63.00997,-17.73073],[-63.00997,-17.73074],[-63.00998,-17.73074],[-63.00999,-17.73075],[-63.01,-17.73076],[-63.01001,-17.73076],[-63.01001,-17.73077],[-63.01002,-17.73077],[-63.01002,-17.73078],[-63.01003,-17.73078],[-63.01003,-17.73079],[-63.01004,-17.73079],[-63.01004,-17.7308],[-63.01004,-17.73081],[-63.01005,-17.73081],[-63.01005,-17.73082],[-63.01006,-17.73082],[-63.01006,-17.73083],[-63.01007,-17.73084],[-63.01007,-17.73085],[-63.01008,-17.73085],[-63.01008,-17.73086],[-63.01008,-17.73087],[-63.01009,-17.73087],[-63.01009,-17.73088],[-63.01009,-17.73089],[-63.0101,-17.73089],[-63.0101,-17.7309],[-63.0101,-17.73091],[-63.0101,-17.73092],[-63.01011,-17.73092],[-63.01011,-17.73093],[-63.01011,-17.73094],[-63.01011,-17.73095],[-63.01011,-17.73096],[-63.01012,-17.73096],[-63.01012,-17.73097],[-63.01012,-17.73098],[-63.01012,-17.73099],[-63.01012,-17.731]]},"properties":{"description":"PREDIO","styleUrl":"#line2","stroke-opacity":1,"stroke":"#FF00FF","stroke-width":1,"name":"FONDO"}},
{"type":"Feature","geometry":{"type":"LineString","coordinates":[[-63.0094,-17.73063],[-63.00941,-17.73063],[-63.00941,-17.73062],[-63.00942,-17.73062],[-63.00943,-17.73062],[-63.00944,-17.73062],[-63.00945,-17.73062],[-63.00946,-17.73062]]},"properties":{"description":"PREDIO","styleUrl":"#line2","stroke-opacity":1,"stroke":"#FF00FF","stroke-width":1,"name":"FONDO"}},
{"type":"Feature","geometry":{"type":"LineString","coordinates":[[-63.00886,-17.73108],[-63.00886,-17.73107],[-63.00886,-17.73106],[-63.00886,-17.73105],[-63.00887,-17.73105],[-63.00887,-17.73104],[-63.00887,-17.73103],[-63.00887,-17.73102],[-63.00888,-17.73102],[-63.00888,-17.73101],[-63.00888,-17.731],[-63.00889,-17.731],[-63.00889,-17.73099],[-63.00889,-17.73098],[-63.0089,-17.73098],[-63.0089,-17.73097],[-63.0089,-17.73096],[-63.00891,-17.73096],[-63.00891,-17.73095],[-63.00892,-17.73094],[-63.00892,-17.73093],[-63.00893,-17.73093],[-63.00893,-17.73092],[-63.00894,-17.73091],[-63.00894,-17.7309],[-63.00895,-17.7309],[-63.00895,-17.73089],[-63.00896,-17.73089],[-63.00896,-17.73088],[-63.00897,-17.73088],[-63.00897,-17.73087],[-63.00898,-17.73087],[-63.00898,-17.73086],[-63.00899,-17.73086],[-63.00899,-17.73085],[-63.009,-17.73085],[-63.009,-17.73084],[-63.00901,-17.73084],[-63.00901,-17.73083],[-63.00902,-17.73083],[-63.00902,-17.73082],[-63.00903,-17.73082],[-63.00904,-17.73081],[-63.00905,-17.73081],[-63.00905,-17.7308],[-63.00906,-17.7308],[-63.00906,-17.73079],[-63.00907,-17.73079],[-63.00908,-17.73079],[-63.00908,-17.73078],[-63.00909,-17.73078],[-63.0091,-17.73077],[-63.00911,-17.73077],[-63.00912,-17.73076],[-63.00913,-17.73076]]},"properties":{"description":"PREDIO","styleUrl":"#line2","stroke-opacity":1,"stroke":"#FF00FF","stroke-width":1,"name":"FONDO"}},
{"type":"Feature","geometry":{"type":"LineString","coordinates":[[-63.00886,-17.73108],[-63.00885,-17.73108],[-63.00885,-17.73109],[-63.00884,-17.73109],[-63.00883,-17.73109],[-63.00882,-17.73109]]},"properties":{"description":"PREDIO","styleUrl":"#line2","stroke-opacity":1,"stroke":"#FF00FF","stroke-width":1,"name":"FONDO"}},
{"type":"Feature","geometry":{"type":"LineString","coordinates":[[-63.00848,-17.7309],[-63.00849,-17.7309],[-63.0085,-17.7309],[-63.00851,-17.7309],[-63.00852,-17.7309],[-63.00853,-17.7309],[-63.00853,-17.73091],[-63.00854,-17.73091],[-63.00855,-17.73091],[-63.00856,-17.73091],[-63.00856,-17.73092],[-63.00857,-17.73092],[-63.00858,-17.73092],[-63.00859,-17.73092],[-63.00859,-17.73093],[-63.0086,-17.73093],[-63.00861,-17.73093],[-63.00862,-17.73093],[-63.00862,-17.73094],[-63.00863,-17.73094],[-63.00864,-17.73094],[-63.00864,-17.73095],[-63.00865,-17.73095],[-63.00866,-17.73095],[-63.00866,-17.73096],[-63.00867,-17.73096],[-63.00868,-17.73097],[-63.00869,-17.73097],[-63.00869,-17.73098],[-63.0087,-17.73098],[-63.00871,-17.73099],[-63.00872,-17.73099],[-63.00872,-17.731],[-63.00873,-17.731],[-63.00873,-17.73101],[-63.00874,-17.73101],[-63.00874,-17.73102],[-63.00875,-17.73102]]},"properties":{"description":"PREDIO","styleUrl":"#line2","stroke-opacity":1,"stroke":"#FF00FF","stroke-width":1,"name":"FONDO"}},
{"type":"Feature","geometry":{"type":"LineString","coordinates":[[-63.01523,-17.73168],[-63.0149,-17.73119]]},"properties":{"description":"0","styleUrl":"#line3","stroke-opacity":1,"stroke":"#000000","stroke-width":1,"name":"FONDO"}},
{"type":"Feature","geometry":{"type":"LineString","coordinates":[[-63.0149,-17.73119],[-63.01477,-17.73079]]},"properties":{"description":"0","styleUrl":"#line3","stroke-opacity":1,"stroke":"#000000","stroke-width":1,"name":"FONDO"}},
{"type":"Feature","geometry":{"type":"LineString","coordinates":[[-63.01114,-17.73069],[-63.01172,-17.73134]]},"properties":{"description":"0","styleUrl":"#line3","stroke-opacity":1,"stroke":"#000000","stroke-width":1,"name":"FONDO"}},
{"type":"Feature","geometry":{"type":"LineString","coordinates":[[-63.01172,-17.73134],[-63.01185,-17.7316]]},"properties":{"description":"0","styleUrl":"#line3","stroke-opacity":1,"stroke":"#000000","stroke-width":1,"name":"FONDO"}},
{"type":"Feature","geometry":{"type":"LineString","coordinates":[[-63.01185,-17.7316],[-63.01186,-17.73168]]},"properties":{"description":"0","styleUrl":"#line3","stroke-opacity":1,"stroke":"#000000","stroke-width":1,"name":"FONDO"}},
{"type":"Feature","geometry":{"type":"LineString","coordinates":[[-63.00941,-17.72844],[-63.00894,-17.72909]]},"properties":{"description":"LOTES","styleUrl":"#line4","stroke-opacity":1,"stroke":"#000000","stroke-width":1,"name":"FONDO"}},
{"type":"Feature","geometry":{"type":"LineString","coordinates":[[-63.01087,-17.72788],[-63.01297,-17.72871]]},"properties":{"description":"LOTES","styleUrl":"#line4","stroke-opacity":1,"stroke":"#000000","stroke-width":1,"name":"FONDO"}},
{"type":"Feature","geometry":{"type":"LineString","coordinates":[[-63.01019,-17.72833],[-63.01274,-17.72933]]},"properties":{"description":"LOTES","styleUrl":"#line4","stroke-opacity":1,"stroke":"#000000","stroke-width":1,"name":"FONDO"}},
{"type":"Feature","geometry":{"type":"LineString","coordinates":[[-63.01225,-17.72926],[-63.01261,-17.7294]]},"properties":{"description":"LOTES","styleUrl":"#line4","stroke-opacity":1,"stroke":"#000000","stroke-width":1,"name":"FONDO"}},
{"type":"Feature","geometry":{"type":"LineString","coordinates":[[-63.01286,-17.72896],[-63.01308,-17.72846]]},"properties":{"description":"LOTES","styleUrl":"#line4","stroke-opacity":1,"stroke":"#000000","stroke-width":1,"name":"FONDO"}},
{"type":"Feature","geometry":{"type":"LineString","coordinates":[[-63.01129,-17.72834],[-63.01151,-17.72784]]},"properties":{"description":"LOTES","styleUrl":"#line4","stroke-opacity":1,"stroke":"#000000","stroke-width":1,"name":"FONDO"}},
{"type":"Feature","geometry":{"type":"LineString","coordinates":[[-63.01246,-17.72922],[-63.01257,-17.72897]]},"properties":{"description":"LOTES","styleUrl":"#line4","stroke-opacity":1,"stroke":"#000000","stroke-width":1,"name":"FONDO"}},
{"type":"Feature","geometry":{"type":"LineString","coordinates":[[-63.01277,-17.72893],[-63.01299,-17.72843]]},"properties":{"description":"LOTES","styleUrl":"#line4","stroke-opacity":1,"stroke":"#000000","stroke-width":1,"name":"FONDO"}},
{"type":"Feature","geometry":{"type":"LineString","coordinates":[[-63.01269,-17.72889],[-63.0129,-17.72839]]},"properties":{"description":"LOTES","styleUrl":"#line4","stroke-opacity":1,"stroke":"#000000","stroke-width":1,"name":"FONDO"}},
{"type":"Feature","geometry":{"type":"LineString","coordinates":[[-63.0126,-17.72886],[-63.01282,-17.72836]]},"properties":{"description":"LOTES","styleUrl":"#line4","stroke-opacity":1,"stroke":"#000000","stroke-width":1,"name":"FONDO"}},
{"type":"Feature","geometry":{"type":"LineString","coordinates":[[-63.01251,-17.72882],[-63.01273,-17.72832]]},"properties":{"description":"LOTES","styleUrl":"#line4","stroke-opacity":1,"stroke":"#000000","stroke-width":1,"name":"FONDO"}},
{"type":"Feature","geometry":{"type":"LineString","coordinates":[[-63.01243,-17.72879],[-63.01264,-17.72829]]},"properties":{"description":"LOTES","styleUrl":"#line4","stroke-opacity":1,"stroke":"#000000","stroke-width":1,"name":"FONDO"}},
{"type":"Feature","geometry":{"type":"LineString","coordinates":[[-63.01234,-17.72875],[-63.01255,-17.72825]]},"properties":{"description":"LOTES","styleUrl":"#line4","stroke-opacity":1,"stroke":"#000000","stroke-width":1,"name":"FONDO"}},
{"type":"Feature","geometry":{"type":"LineString","coordinates":[[-63.01225,-17.72872],[-63.01247,-17.72822]]},"properties":{"description":"LOTES","styleUrl":"#line4","stroke-opacity":1,"stroke":"#000000","stroke-width":1,"name":"FONDO"}},
{"type":"Feature","geometry":{"type":"LineString","coordinates":[[-63.01216,-17.72869],[-63.01238,-17.72818]]},"properties":{"description":"LOTES","styleUrl":"#line4","stroke-opacity":1,"stroke":"#000000","stroke-width":1,"name":"FONDO"}},
{"type":"Feature","geometry":{"type":"LineString","coordinates":[[-63.01208,-17.72865],[-63.01229,-17.72815]]},"properties":{"description":"LOTES","styleUrl":"#line4","stroke-opacity":1,"stroke":"#000000","stroke-width":1,"name":"FONDO"}},
{"type":"Feature","geometry":{"type":"LineString","coordinates":[[-63.01199,-17.72862],[-63.01221,-17.72812]]},"properties":{"description":"LOTES","styleUrl":"#line4","stroke-opacity":1,"stroke":"#000000","stroke-width":1,"name":"FONDO"}},
{"type":"Feature","geometry":{"type":"LineString","coordinates":[[-63.0119,-17.72858],[-63.01212,-17.72808]]},"properties":{"description":"LOTES","styleUrl":"#line4","stroke-opacity":1,"stroke":"#000000","stroke-width":1,"name":"FONDO"}},
{"type":"Feature","geometry":{"type":"LineString","coordinates":[[-63.01182,-17.72855],[-63.01203,-17.72805]]},"properties":{"description":"LOTES","styleUrl":"#line4","stroke-opacity":1,"stroke":"#000000","stroke-width":1,"name":"FONDO"}},
{"type":"Feature","geometry":{"type":"LineString","coordinates":[[-63.01173,-17.72851],[-63.01194,-17.72801]]},"properties":{"description":"LOTES","styleUrl":"#line4","stroke-opacity":1,"stroke":"#000000","stroke-width":1,"name":"FONDO"}},
{"type":"Feature","geometry":{"type":"LineString","coordinates":[[-63.01164,-17.72848],[-63.01186,-17.72798]]},"properties":{"description":"LOTES","styleUrl":"#line4","stroke-opacity":1,"stroke":"#000000","stroke-width":1,"name":"FONDO"}},
{"type":"Feature","geometry":{"type":"LineString","coordinates":[[-63.01155,-17.72844],[-63.01177,-17.72794]]},"properties":{"description":"LOTES","styleUrl":"#line4","stroke-opacity":1,"stroke":"#000000","stroke-width":1,"name":"FONDO"}},
{"type":"Feature","geometry":{"type":"LineString","coordinates":[[-63.01147,-17.72841],[-63.01168,-17.72791]]},"properties":{"description":"LOTES","styleUrl":"#line4","stroke-opacity":1,"stroke":"#000000","stroke-width":1,"name":"FONDO"}},
{"type":"Feature","geometry":{"type":"LineString","coordinates":[[-63.01138,-17.72838],[-63.0116,-17.72787]]},"properties":{"description":"LOTES","styleUrl":"#line4","stroke-opacity":1,"stroke":"#000000","stroke-width":1,"name":"FONDO"}},
{"type":"Feature","geometry":{"type":"LineString","coordinates":[[-63.01121,-17.72831],[-63.01142,-17.72781]]},"properties":{"description":"LOTES","styleUrl":"#line4","stroke-opacity":1,"stroke":"#000000","stroke-width":1,"name":"FONDO"}},
{"type":"Feature","geometry":{"type":"LineString","coordinates":[[-63.01112,-17.72827],[-63.01133,-17.72777]]},"properties":{"description":"LOTES","styleUrl":"#line4","stroke-opacity":1,"stroke":"#000000","stroke-width":1,"name":"FONDO"}},
{"type":"Feature","geometry":{"type":"LineString","coordinates":[[-63.01103,-17.72824],[-63.01125,-17.72774]]},"properties":{"description":"LOTES","styleUrl":"#line4","stroke-opacity":1,"stroke":"#000000","stroke-width":1,"name":"FONDO"}},
{"type":"Feature","geometry":{"type":"LineString","coordinates":[[-63.01094,-17.7282],[-63.01105,-17.72795]]},"properties":{"description":"LOTES","styleUrl":"#line4","stroke-opacity":1,"stroke":"#000000","stroke-width":1,"name":"FONDO"}},
{"type":"Feature","geometry":{"type":"LineString","coordinates":[[-63.01238,-17.72919],[-63.01248,-17.72894]]},"properties":{"description":"LOTES","styleUrl":"#line4","stroke-opacity":1,"stroke":"#000000","stroke-width":1,"name":"FONDO"}},
{"type":"Feature","geometry":{"type":"LineString","coordinates":[[-63.01218,-17.72941],[-63.0124,-17.7289]]},"properties":{"description":"LOTES","styleUrl":"#line4","stroke-opacity":1,"stroke":"#000000","stroke-width":1,"name":"FONDO"}},
{"type":"Feature","geometry":{"type":"LineString","coordinates":[[-63.01209,-17.72937],[-63.01231,-17.72887]]},"properties":{"description":"LOTES","styleUrl":"#line4","stroke-opacity":1,"stroke":"#000000","stroke-width":1,"name":"FONDO"}},
{"type":"Feature","geometry":{"type":"LineString","coordinates":[[-63.01201,-17.72934],[-63.01222,-17.72884]]},"properties":{"description":"LOTES","styleUrl":"#line4","stroke-opacity":1,"stroke":"#000000","stroke-width":1,"name":"FONDO"}},
{"type":"Feature","geometry":{"type":"LineString","coordinates":[[-63.01192,-17.7293],[-63.01213,-17.7288]]},"properties":{"description":"LOTES","styleUrl":"#line4","stroke-opacity":1,"stroke":"#000000","stroke-width":1,"name":"FONDO"}},
{"type":"Feature","geometry":{"type":"LineString","coordinates":[[-63.01183,-17.72927],[-63.01205,-17.72877]]},"properties":{"description":"LOTES","styleUrl":"#line4","stroke-opacity":1,"stroke":"#000000","stroke-width":1,"name":"FONDO"}},
{"type":"Feature","geometry":{"type":"LineString","coordinates":[[-63.01174,-17.72923],[-63.01196,-17.72873]]},"properties":{"description":"LOTES","styleUrl":"#line4","stroke-opacity":1,"stroke":"#000000","stroke-width":1,"name":"FONDO"}},
{"type":"Feature","geometry":{"type":"LineString","coordinates":[[-63.01166,-17.7292],[-63.01187,-17.7287]]},"properties":{"description":"LOTES","styleUrl":"#line4","stroke-opacity":1,"stroke":"#000000","stroke-width":1,"name":"FONDO"}},
{"type":"Feature","geometry":{"type":"LineString","coordinates":[[-63.01157,-17.72916],[-63.01179,-17.72866]]},"properties":{"description":"LOTES","styleUrl":"#line4","stroke-opacity":1,"stroke":"#000000","stroke-width":1,"name":"FONDO"}},
{"type":"Feature","geometry":{"type":"LineString","coordinates":[[-63.01148,-17.72913],[-63.0117,-17.72863]]},"properties":{"description":"LOTES","styleUrl":"#line4","stroke-opacity":1,"stroke":"#000000","stroke-width":1,"name":"FONDO"}},
{"type":"Feature","geometry":{"type":"LineString","coordinates":[[-63.0114,-17.7291],[-63.01161,-17.72859]]},"properties":{"description":"LOTES","styleUrl":"#line4","stroke-opacity":1,"stroke":"#000000","stroke-width":1,"name":"FONDO"}},
{"type":"Feature","geometry":{"type":"LineString","coordinates":[[-63.01131,-17.72906],[-63.01152,-17.72856]]},"properties":{"description":"LOTES","styleUrl":"#line4","stroke-opacity":1,"stroke":"#000000","stroke-width":1,"name":"FONDO"}},
{"type":"Feature","geometry":{"type":"LineString","coordinates":[[-63.01122,-17.72903],[-63.01144,-17.72853]]},"properties":{"description":"LOTES","styleUrl":"#line4","stroke-opacity":1,"stroke":"#000000","stroke-width":1,"name":"FONDO"}},
{"type":"Feature","geometry":{"type":"LineString","coordinates":[[-63.01113,-17.72899],[-63.01135,-17.72849]]},"properties":{"description":"LOTES","styleUrl":"#line4","stroke-opacity":1,"stroke":"#000000","stroke-width":1,"name":"FONDO"}},
{"type":"Feature","geometry":{"type":"LineString","coordinates":[[-63.01105,-17.72896],[-63.01126,-17.72846]]},"properties":{"description":"LOTES","styleUrl":"#line4","stroke-opacity":1,"stroke":"#000000","stroke-width":1,"name":"FONDO"}},
{"type":"Feature","geometry":{"type":"LineString","coordinates":[[-63.01096,-17.72892],[-63.01118,-17.72842]]},"properties":{"description":"LOTES","styleUrl":"#line4","stroke-opacity":1,"stroke":"#000000","stroke-width":1,"name":"FONDO"}},
{"type":"Feature","geometry":{"type":"LineString","coordinates":[[-63.01087,-17.72889],[-63.01109,-17.72839]]},"properties":{"description":"LOTES","styleUrl":"#line4","stroke-opacity":1,"stroke":"#000000","stroke-width":1,"name":"FONDO"}},
{"type":"Feature","geometry":{"type":"LineString","coordinates":[[-63.01079,-17.72885],[-63.011,-17.72835]]},"properties":{"description":"LOTES","styleUrl":"#line4","stroke-opacity":1,"stroke":"#000000","stroke-width":1,"name":"FONDO"}},
{"type":"Feature","geometry":{"type":"LineString","coordinates":[[-63.0107,-17.72882],[-63.01091,-17.72832]]},"properties":{"description":"LOTES","styleUrl":"#line4","stroke-opacity":1,"stroke":"#000000","stroke-width":1,"name":"FONDO"}},
{"type":"Feature","geometry":{"type":"LineString","coordinates":[[-63.01061,-17.72879],[-63.01083,-17.72828]]},"properties":{"description":"LOTES","styleUrl":"#line4","stroke-opacity":1,"stroke":"#000000","stroke-width":1,"name":"FONDO"}},
{"type":"Feature","geometry":{"type":"LineString","coordinates":[[-63.01052,-17.72875],[-63.01074,-17.72825]]},"properties":{"description":"LOTES","styleUrl":"#line4","stroke-opacity":1,"stroke":"#000000","stroke-width":1,"name":"FONDO"}},
{"type":"Feature","geometry":{"type":"LineString","coordinates":[[-63.01044,-17.72872],[-63.01065,-17.72822]]},"properties":{"description":"LOTES","styleUrl":"#line4","stroke-opacity":1,"stroke":"#000000","stroke-width":1,"name":"FONDO"}},
{"type":"Feature","geometry":{"type":"LineString","coordinates":[[-63.01035,-17.72868],[-63.01056,-17.72818]]},"properties":{"description":"LOTES","styleUrl":"#line4","stroke-opacity":1,"stroke":"#000000","stroke-width":1,"name":"FONDO"}},
{"type":"Feature","geometry":{"type":"LineString","coordinates":[[-63.01026,-17.72865],[-63.01037,-17.7284]]},"properties":{"description":"LOTES","styleUrl":"#line4","stroke-opacity":1,"stroke":"#000000","stroke-width":1,"name":"FONDO"}},
{"type":"Feature","geometry":{"type":"LineString","coordinates":[[-63.01017,-17.72861],[-63.01028,-17.72836]]},"properties":{"description":"LOTES","styleUrl":"#line4","stroke-opacity":1,"stroke":"#000000","stroke-width":1,"name":"FONDO"}},
{"type":"Feature","geometry":{"type":"LineString","coordinates":[[-63.01086,-17.72817],[-63.01096,-17.72792]]},"properties":{"description":"LOTES","styleUrl":"#line4","stroke-opacity":1,"stroke":"#000000","stroke-width":1,"name":"FONDO"}},
{"type":"Feature","geometry":{"type":"LineString","coordinates":[[-63.01295,-17.72875],[-63.01333,-17.7289]]},"properties":{"description":"LOTES","styleUrl":"#line4","stroke-opacity":1,"stroke":"#000000","stroke-width":1,"name":"FONDO"}},
{"type":"Feature","geometry":{"type":"LineString","coordinates":[[-63.01292,-17.72884],[-63.01327,-17.72898]]},"properties":{"description":"LOTES","styleUrl":"#line4","stroke-opacity":1,"stroke":"#000000","stroke-width":1,"name":"FONDO"}},
{"type":"Feature","geometry":{"type":"LineString","coordinates":[[-63.01299,-17.72867],[-63.01339,-17.72883]]},"properties":{"description":"LOTES","styleUrl":"#line4","stroke-opacity":1,"stroke":"#000000","stroke-width":1,"name":"FONDO"}},
{"type":"Feature","geometry":{"type":"LineString","coordinates":[[-63.01302,-17.72859],[-63.01344,-17.72875]]},"properties":{"description":"LOTES","styleUrl":"#line4","stroke-opacity":1,"stroke":"#000000","stroke-width":1,"name":"FONDO"}},
{"type":"Feature","geometry":{"type":"LineString","coordinates":[[-63.01251,-17.72912],[-63.01287,-17.72927]]},"properties":{"description":"LOTES","styleUrl":"#line4","stroke-opacity":1,"stroke":"#000000","stroke-width":1,"name":"FONDO"}},
{"type":"Feature","geometry":{"type":"LineString","coordinates":[[-63.01192,-17.72706],[-63.01157,-17.72657]]},"properties":{"description":"LOTES","styleUrl":"#line4","stroke-opacity":1,"stroke":"#000000","stroke-width":1,"name":"FONDO"}},
{"type":"Feature","geometry":{"type":"LineString","coordinates":[[-63.01199,-17.72701],[-63.01165,-17.72652]]},"properties":{"description":"LOTES","styleUrl":"#line4","stroke-opacity":1,"stroke":"#000000","stroke-width":1,"name":"FONDO"}},
{"type":"Feature","geometry":{"type":"LineString","coordinates":[[-63.01207,-17.72696],[-63.01173,-17.72647]]},"properties":{"description":"LOTES","styleUrl":"#line4","stroke-opacity":1,"stroke":"#000000","stroke-width":1,"name":"FONDO"}},
{"type":"Feature","geometry":{"type":"LineString","coordinates":[[-63.01215,-17.72691],[-63.01181,-17.72642]]},"properties":{"description":"LOTES","styleUrl":"#line4","stroke-opacity":1,"stroke":"#000000","stroke-width":1,"name":"FONDO"}},
{"type":"Feature","geometry":{"type":"LineString","coordinates":[[-63.01223,-17.72686],[-63.01188,-17.72637]]},"properties":{"description":"LOTES","styleUrl":"#line4","stroke-opacity":1,"stroke":"#000000","stroke-width":1,"name":"FONDO"}},
{"type":"Feature","geometry":{"type":"LineString","coordinates":[[-63.01231,-17.7268],[-63.01196,-17.72632]]},"properties":{"description":"LOTES","styleUrl":"#line4","stroke-opacity":1,"stroke":"#000000","stroke-width":1,"name":"FONDO"}},
{"type":"Feature","geometry":{"type":"LineString","coordinates":[[-63.01238,-17.72675],[-63.01204,-17.72627]]},"properties":{"description":"LOTES","styleUrl":"#line4","stroke-opacity":1,"stroke":"#000000","stroke-width":1,"name":"FONDO"}},
{"type":"Feature","geometry":{"type":"LineString","coordinates":[[-63.01246,-17.7267],[-63.01212,-17.72622]]},"properties":{"description":"LOTES","styleUrl":"#line4","stroke-opacity":1,"stroke":"#000000","stroke-width":1,"name":"FONDO"}},
{"type":"Feature","geometry":{"type":"LineString","coordinates":[[-63.01254,-17.72665],[-63.0122,-17.72617]]},"properties":{"description":"LOTES","styleUrl":"#line4","stroke-opacity":1,"stroke":"#000000","stroke-width":1,"name":"FONDO"}},
{"type":"Feature","geometry":{"type":"LineString","coordinates":[[-63.01262,-17.7266],[-63.01227,-17.72612]]},"properties":{"description":"LOTES","styleUrl":"#line4","stroke-opacity":1,"stroke":"#000000","stroke-width":1,"name":"FONDO"}},
{"type":"Feature","geometry":{"type":"LineString","coordinates":[[-63.0127,-17.72655],[-63.01235,-17.72606]]},"properties":{"description":"LOTES","styleUrl":"#line4","stroke-opacity":1,"stroke":"#000000","stroke-width":1,"name":"FONDO"}},
{"type":"Feature","geometry":{"type":"LineString","coordinates":[[-63.01277,-17.7265],[-63.01262,-17.72628]]},"properties":{"description":"LOTES","styleUrl":"#line4","stroke-opacity":1,"stroke":"#000000","stroke-width":1,"name":"FONDO"}},
{"type":"Feature","geometry":{"type":"LineString","coordinates":[[-63.01285,-17.72645],[-63.01269,-17.72622]]},"properties":{"description":"LOTES","styleUrl":"#line4","stroke-opacity":1,"stroke":"#000000","stroke-width":1,"name":"FONDO"}},
{"type":"Feature","geometry":{"type":"LineString","coordinates":[[-63.01543,-17.72633],[-63.01747,-17.72703]]},"properties":{"description":"LOTES","styleUrl":"#line4","stroke-opacity":1,"stroke":"#000000","stroke-width":1,"name":"FONDO"}},
{"type":"Feature","geometry":{"type":"LineString","coordinates":[[-63.0155,-17.72623],[-63.01579,-17.72633]]},"properties":{"description":"LOTES","styleUrl":"#line4","stroke-opacity":1,"stroke":"#000000","stroke-width":1,"name":"FONDO"}},
{"type":"Feature","geometry":{"type":"LineString","coordinates":[[-63.01461,-17.7304],[-63.01566,-17.729]]},"properties":{"description":"LOTES","styleUrl":"#line4","stroke-opacity":1,"stroke":"#000000","stroke-width":1,"name":"FONDO"}},
{"type":"Feature","geometry":{"type":"LineString","coordinates":[[-63.0134,-17.72973],[-63.01444,-17.72835]]},"properties":{"description":"LOTES","styleUrl":"#line4","stroke-opacity":1,"stroke":"#000000","stroke-width":1,"name":"FONDO"}},
{"type":"Feature","geometry":{"type":"LineString","coordinates":[[-63.01452,-17.72825],[-63.01513,-17.72744]]},"properties":{"description":"LOTES","styleUrl":"#line4","stroke-opacity":1,"stroke":"#000000","stroke-width":1,"name":"FONDO"}},
{"type":"Feature","geometry":{"type":"LineString","coordinates":[[-63.0152,-17.7275],[-63.01548,-17.72713]]},"properties":{"description":"LOTES","styleUrl":"#line4","stroke-opacity":1,"stroke":"#000000","stroke-width":1,"name":"FONDO"}},
{"type":"Feature","geometry":{"type":"LineString","coordinates":[[-63.01511,-17.72743],[-63.01537,-17.72709]]},"properties":{"description":"LOTES","styleUrl":"#line4","stroke-opacity":1,"stroke":"#000000","stroke-width":1,"name":"FONDO"}},
{"type":"Feature","geometry":{"type":"LineString","coordinates":[[-63.01502,-17.72737],[-63.01526,-17.72705]]},"properties":{"description":"LOTES","styleUrl":"#line4","stroke-opacity":1,"stroke":"#000000","stroke-width":1,"name":"FONDO"}},
{"type":"Feature","geometry":{"type":"LineString","coordinates":[[-63.01417,-17.72991],[-63.01509,-17.7287]]},"properties":{"description":"LOTES","styleUrl":"#line4","stroke-opacity":1,"stroke":"#000000","stroke-width":1,"name":"FONDO"}},
{"type":"Feature","geometry":{"type":"LineString","coordinates":[[-63.01516,-17.7286],[-63.01611,-17.72735]]},"properties":{"description":"LOTES","styleUrl":"#line4","stroke-opacity":1,"stroke":"#000000","stroke-width":1,"name":"FONDO"}},
{"type":"Feature","geometry":{"type":"LineString","coordinates":[[-63.01578,-17.7276],[-63.01599,-17.72731]]},"properties":{"description":"LOTES","styleUrl":"#line4","stroke-opacity":1,"stroke":"#000000","stroke-width":1,"name":"FONDO"}},
{"type":"Feature","geometry":{"type":"LineString","coordinates":[[-63.01596,-17.72772],[-63.01622,-17.72738]]},"properties":{"description":"LOTES","styleUrl":"#line4","stroke-opacity":1,"stroke":"#000000","stroke-width":1,"name":"FONDO"}},
{"type":"Feature","geometry":{"type":"LineString","coordinates":[[-63.01573,-17.72891],[-63.01675,-17.72756]]},"properties":{"description":"LOTES","styleUrl":"#line4","stroke-opacity":1,"stroke":"#000000","stroke-width":1,"name":"FONDO"}},
{"type":"Feature","geometry":{"type":"LineString","coordinates":[[-63.01642,-17.72785],[-63.01666,-17.72753]]},"properties":{"description":"LOTES","styleUrl":"#line4","stroke-opacity":1,"stroke":"#000000","stroke-width":1,"name":"FONDO"}},
{"type":"Feature","geometry":{"type":"LineString","coordinates":[[-63.01657,-17.72795],[-63.01684,-17.72759]]},"properties":{"description":"LOTES","styleUrl":"#line4","stroke-opacity":1,"stroke":"#000000","stroke-width":1,"name":"FONDO"}},
{"type":"Feature","geometry":{"type":"LineString","coordinates":[[-63.02194,-17.72079],[-63.01955,-17.71989]]},"properties":{"description":"LOTES","styleUrl":"#line4","stroke-opacity":1,"stroke":"#000000","stroke-width":1,"name":"FONDO"}},
{"type":"Feature","geometry":{"type":"LineString","coordinates":[[-63.01986,-17.72011],[-63.0195,-17.71997]]},"properties":{"description":"LOTES","styleUrl":"#line4","stroke-opacity":1,"stroke":"#000000","stroke-width":1,"name":"FONDO"}},
{"type":"Feature","geometry":{"type":"LineString","coordinates":[[-63.01993,-17.71994],[-63.0196,-17.71981]]},"properties":{"description":"LOTES","styleUrl":"#line4","stroke-opacity":1,"stroke":"#000000","stroke-width":1,"name":"FONDO"}},
{"type":"Feature","geometry":{"type":"LineString","coordinates":[[-63.01941,-17.71984],[-63.01712,-17.71898]]},"properties":{"description":"LOTES","styleUrl":"#line4","stroke-opacity":1,"stroke":"#000000","stroke-width":1,"name":"FONDO"}},
{"type":"Feature","geometry":{"type":"LineString","coordinates":[[-63.01936,-17.71992],[-63.01903,-17.71979]]},"properties":{"description":"LOTES","styleUrl":"#line4","stroke-opacity":1,"stroke":"#000000","stroke-width":1,"name":"FONDO"}},
{"type":"Feature","geometry":{"type":"LineString","coordinates":[[-63.01745,-17.7192],[-63.01707,-17.71905]]},"properties":{"description":"LOTES","styleUrl":"#line4","stroke-opacity":1,"stroke":"#000000","stroke-width":1,"name":"FONDO"}},
{"type":"Feature","geometry":{"type":"LineString","coordinates":[[-63.01946,-17.71976],[-63.0191,-17.71962]]},"properties":{"description":"LOTES","styleUrl":"#line4","stroke-opacity":1,"stroke":"#000000","stroke-width":1,"name":"FONDO"}},
{"type":"Feature","geometry":{"type":"LineString","coordinates":[[-63.01752,-17.71903],[-63.01718,-17.7189]]},"properties":{"description":"LOTES","styleUrl":"#line4","stroke-opacity":1,"stroke":"#000000","stroke-width":1,"name":"FONDO"}},
{"type":"Feature","geometry":{"type":"LineString","coordinates":[[-63.01529,-17.72628],[-63.01302,-17.7255]]},"properties":{"description":"LOTES","styleUrl":"#line4","stroke-opacity":1,"stroke":"#000000","stroke-width":1,"name":"FONDO"}},
{"type":"Feature","geometry":{"type":"LineString","coordinates":[[-63.01535,-17.72618],[-63.01498,-17.72605]]},"properties":{"description":"LOTES","styleUrl":"#line4","stroke-opacity":1,"stroke":"#000000","stroke-width":1,"name":"FONDO"}},
{"type":"Feature","geometry":{"type":"LineString","coordinates":[[-63.01347,-17.72554],[-63.01309,-17.72541]]},"properties":{"description":"LOTES","styleUrl":"#line4","stroke-opacity":1,"stroke":"#000000","stroke-width":1,"name":"FONDO"}},
{"type":"Feature","geometry":{"type":"LineString","coordinates":[[-63.01785,-17.72646],[-63.01612,-17.72587]]},"properties":{"description":"LOTES","styleUrl":"#line4","stroke-opacity":1,"stroke":"#000000","stroke-width":1,"name":"FONDO"}},
{"type":"Feature","geometry":{"type":"LineString","coordinates":[[-63.01533,-17.72559],[-63.01382,-17.72507]]},"properties":{"description":"LOTES","styleUrl":"#line4","stroke-opacity":1,"stroke":"#000000","stroke-width":1,"name":"FONDO"}},
{"type":"Feature","geometry":{"type":"LineString","coordinates":[[-63.01381,-17.72512],[-63.01344,-17.72499]]},"properties":{"description":"LOTES","styleUrl":"#line4","stroke-opacity":1,"stroke":"#000000","stroke-width":1,"name":"FONDO"}},
{"type":"Feature","geometry":{"type":"LineString","coordinates":[[-63.01378,-17.7252],[-63.01338,-17.72507]]},"properties":{"description":"LOTES","styleUrl":"#line4","stroke-opacity":1,"stroke":"#000000","stroke-width":1,"name":"FONDO"}},
{"type":"Feature","geometry":{"type":"LineString","coordinates":[[-63.01384,-17.72503],[-63.0135,-17.72492]]},"properties":{"description":"LOTES","styleUrl":"#line4","stroke-opacity":1,"stroke":"#000000","stroke-width":1,"name":"FONDO"}},
{"type":"Feature","geometry":{"type":"LineString","coordinates":[[-63.01387,-17.72495],[-63.01356,-17.72484]]},"properties":{"description":"LOTES","styleUrl":"#line4","stroke-opacity":1,"stroke":"#000000","stroke-width":1,"name":"FONDO"}},
{"type":"Feature","geometry":{"type":"LineString","coordinates":[[-63.01563,-17.72575],[-63.01532,-17.72564]]},"properties":{"description":"LOTES","styleUrl":"#line4","stroke-opacity":1,"stroke":"#000000","stroke-width":1,"name":"FONDO"}},
{"type":"Feature","geometry":{"type":"LineString","coordinates":[[-63.01558,-17.72582],[-63.01528,-17.72572]]},"properties":{"description":"LOTES","styleUrl":"#line4","stroke-opacity":1,"stroke":"#000000","stroke-width":1,"name":"FONDO"}},
{"type":"Feature","geometry":{"type":"LineString","coordinates":[[-63.01568,-17.72567],[-63.01535,-17.72555]]},"properties":{"description":"LOTES","styleUrl":"#line4","stroke-opacity":1,"stroke":"#000000","stroke-width":1,"name":"FONDO"}},
{"type":"Feature","geometry":{"type":"LineString","coordinates":[[-63.01573,-17.72559],[-63.01538,-17.72547]]},"properties":{"description":"LOTES","styleUrl":"#line4","stroke-opacity":1,"stroke":"#000000","stroke-width":1,"name":"FONDO"}},
{"type":"Feature","geometry":{"type":"LineString","coordinates":[[-63.01623,-17.72557],[-63.01602,-17.72612]]},"properties":{"description":"LOTES","styleUrl":"#line4","stroke-opacity":1,"stroke":"#000000","stroke-width":1,"name":"FONDO"}},
{"type":"Feature","geometry":{"type":"LineString","coordinates":[[-63.01632,-17.7256],[-63.01611,-17.72615]]},"properties":{"description":"LOTES","styleUrl":"#line4","stroke-opacity":1,"stroke":"#000000","stroke-width":1,"name":"FONDO"}},
{"type":"Feature","geometry":{"type":"LineString","coordinates":[[-63.01641,-17.72563],[-63.0162,-17.72618]]},"properties":{"description":"LOTES","styleUrl":"#line4","stroke-opacity":1,"stroke":"#000000","stroke-width":1,"name":"FONDO"}},
{"type":"Feature","geometry":{"type":"LineString","coordinates":[[-63.0165,-17.72566],[-63.01629,-17.72621]]},"properties":{"description":"LOTES","styleUrl":"#line4","stroke-opacity":1,"stroke":"#000000","stroke-width":1,"name":"FONDO"}},
{"type":"Feature","geometry":{"type":"LineString","coordinates":[[-63.01659,-17.72569],[-63.01638,-17.72624]]},"properties":{"description":"LOTES","styleUrl":"#line4","stroke-opacity":1,"stroke":"#000000","stroke-width":1,"name":"FONDO"}},
{"type":"Feature","geometry":{"type":"LineString","coordinates":[[-63.01668,-17.72572],[-63.01647,-17.72627]]},"properties":{"description":"LOTES","styleUrl":"#line4","stroke-opacity":1,"stroke":"#000000","stroke-width":1,"name":"FONDO"}},
{"type":"Feature","geometry":{"type":"LineString","coordinates":[[-63.01676,-17.72575],[-63.01656,-17.72631]]},"properties":{"description":"LOTES","styleUrl":"#line4","stroke-opacity":1,"stroke":"#000000","stroke-width":1,"name":"FONDO"}},
{"type":"Feature","geometry":{"type":"LineString","coordinates":[[-63.01685,-17.72578],[-63.01665,-17.72634]]},"properties":{"description":"LOTES","styleUrl":"#line4","stroke-opacity":1,"stroke":"#000000","stroke-width":1,"name":"FONDO"}},
{"type":"Feature","geometry":{"type":"LineString","coordinates":[[-63.01694,-17.72581],[-63.01673,-17.72637]]},"properties":{"description":"LOTES","styleUrl":"#line4","stroke-opacity":1,"stroke":"#000000","stroke-width":1,"name":"FONDO"}},
{"type":"Feature","geometry":{"type":"LineString","coordinates":[[-63.01703,-17.72584],[-63.01682,-17.7264]]},"properties":{"description":"LOTES","styleUrl":"#line4","stroke-opacity":1,"stroke":"#000000","stroke-width":1,"name":"FONDO"}},
{"type":"Feature","geometry":{"type":"LineString","coordinates":[[-63.01712,-17.72587],[-63.01691,-17.72643]]},"properties":{"description":"LOTES","styleUrl":"#line4","stroke-opacity":1,"stroke":"#000000","stroke-width":1,"name":"FONDO"}},
{"type":"Feature","geometry":{"type":"LineString","coordinates":[[-63.01721,-17.72591],[-63.017,-17.72646]]},"properties":{"description":"LOTES","styleUrl":"#line4","stroke-opacity":1,"stroke":"#000000","stroke-width":1,"name":"FONDO"}},
{"type":"Feature","geometry":{"type":"LineString","coordinates":[[-63.0173,-17.72594],[-63.01709,-17.72649]]},"properties":{"description":"LOTES","styleUrl":"#line4","stroke-opacity":1,"stroke":"#000000","stroke-width":1,"name":"FONDO"}},
{"type":"Feature","geometry":{"type":"LineString","coordinates":[[-63.01739,-17.72597],[-63.01718,-17.72652]]},"properties":{"description":"LOTES","styleUrl":"#line4","stroke-opacity":1,"stroke":"#000000","stroke-width":1,"name":"FONDO"}},
{"type":"Feature","geometry":{"type":"LineString","coordinates":[[-63.01747,-17.726],[-63.01727,-17.72655]]},"properties":{"description":"LOTES","styleUrl":"#line4","stroke-opacity":1,"stroke":"#000000","stroke-width":1,"name":"FONDO"}},
{"type":"Feature","geometry":{"type":"LineString","coordinates":[[-63.01756,-17.72603],[-63.01736,-17.72658]]},"properties":{"description":"LOTES","styleUrl":"#line4","stroke-opacity":1,"stroke":"#000000","stroke-width":1,"name":"FONDO"}},
{"type":"Feature","geometry":{"type":"LineString","coordinates":[[-63.01765,-17.72606],[-63.01744,-17.72661]]},"properties":{"description":"LOTES","styleUrl":"#line4","stroke-opacity":1,"stroke":"#000000","stroke-width":1,"name":"FONDO"}},
{"type":"Feature","geometry":{"type":"LineString","coordinates":[[-63.01774,-17.72609],[-63.01753,-17.72664]]},"properties":{"description":"LOTES","styleUrl":"#line4","stroke-opacity":1,"stroke":"#000000","stroke-width":1,"name":"FONDO"}},
{"type":"Feature","geometry":{"type":"LineString","coordinates":[[-63.01783,-17.72612],[-63.01772,-17.72642]]},"properties":{"description":"LOTES","styleUrl":"#line4","stroke-opacity":1,"stroke":"#000000","stroke-width":1,"name":"FONDO"}},
{"type":"Feature","geometry":{"type":"LineString","coordinates":[[-63.0161,-17.72591],[-63.01577,-17.7258]]},"properties":{"description":"LOTES","styleUrl":"#line4","stroke-opacity":1,"stroke":"#000000","stroke-width":1,"name":"FONDO"}},
{"type":"Feature","geometry":{"type":"LineString","coordinates":[[-63.01614,-17.72582],[-63.01582,-17.72572]]},"properties":{"description":"LOTES","styleUrl":"#line4","stroke-opacity":1,"stroke":"#000000","stroke-width":1,"name":"FONDO"}},
{"type":"Feature","geometry":{"type":"LineString","coordinates":[[-63.01617,-17.72574],[-63.01587,-17.72564]]},"properties":{"description":"LOTES","styleUrl":"#line4","stroke-opacity":1,"stroke":"#000000","stroke-width":1,"name":"FONDO"}},
{"type":"Feature","geometry":{"type":"LineString","coordinates":[[-63.01607,-17.72599],[-63.01572,-17.72587]]},"properties":{"description":"LOTES","styleUrl":"#line4","stroke-opacity":1,"stroke":"#000000","stroke-width":1,"name":"FONDO"}},
{"type":"Feature","geometry":{"type":"LineString","coordinates":[[-63.01524,-17.72585],[-63.01544,-17.7253]]},"properties":{"description":"LOTES","styleUrl":"#line4","stroke-opacity":1,"stroke":"#000000","stroke-width":1,"name":"FONDO"}},
{"type":"Feature","geometry":{"type":"LineString","coordinates":[[-63.01515,-17.72582],[-63.01535,-17.72527]]},"properties":{"description":"LOTES","styleUrl":"#line4","stroke-opacity":1,"stroke":"#000000","stroke-width":1,"name":"FONDO"}},
{"type":"Feature","geometry":{"type":"LineString","coordinates":[[-63.01506,-17.72579],[-63.01527,-17.72524]]},"properties":{"description":"LOTES","styleUrl":"#line4","stroke-opacity":1,"stroke":"#000000","stroke-width":1,"name":"FONDO"}},
{"type":"Feature","geometry":{"type":"LineString","coordinates":[[-63.01497,-17.72576],[-63.01518,-17.72521]]},"properties":{"description":"LOTES","styleUrl":"#line4","stroke-opacity":1,"stroke":"#000000","stroke-width":1,"name":"FONDO"}},
{"type":"Feature","geometry":{"type":"LineString","coordinates":[[-63.01488,-17.72573],[-63.01509,-17.72517]]},"properties":{"description":"LOTES","styleUrl":"#line4","stroke-opacity":1,"stroke":"#000000","stroke-width":1,"name":"FONDO"}},
{"type":"Feature","geometry":{"type":"LineString","coordinates":[[-63.01479,-17.7257],[-63.015,-17.72514]]},"properties":{"description":"LOTES","styleUrl":"#line4","stroke-opacity":1,"stroke":"#000000","stroke-width":1,"name":"FONDO"}},
{"type":"Feature","geometry":{"type":"LineString","coordinates":[[-63.0147,-17.72567],[-63.01491,-17.72511]]},"properties":{"description":"LOTES","styleUrl":"#line4","stroke-opacity":1,"stroke":"#000000","stroke-width":1,"name":"FONDO"}},
{"type":"Feature","geometry":{"type":"LineString","coordinates":[[-63.01461,-17.72564],[-63.01482,-17.72508]]},"properties":{"description":"LOTES","styleUrl":"#line4","stroke-opacity":1,"stroke":"#000000","stroke-width":1,"name":"FONDO"}},
{"type":"Feature","geometry":{"type":"LineString","coordinates":[[-63.01453,-17.72561],[-63.01473,-17.72505]]},"properties":{"description":"LOTES","styleUrl":"#line4","stroke-opacity":1,"stroke":"#000000","stroke-width":1,"name":"FONDO"}},
{"type":"Feature","geometry":{"type":"LineString","coordinates":[[-63.01444,-17.72557],[-63.01464,-17.72502]]},"properties":{"description":"LOTES","styleUrl":"#line4","stroke-opacity":1,"stroke":"#000000","stroke-width":1,"name":"FONDO"}},
{"type":"Feature","geometry":{"type":"LineString","coordinates":[[-63.01435,-17.72554],[-63.01456,-17.72499]]},"properties":{"description":"LOTES","styleUrl":"#line4","stroke-opacity":1,"stroke":"#000000","stroke-width":1,"name":"FONDO"}},
{"type":"Feature","geometry":{"type":"LineString","coordinates":[[-63.01426,-17.72551],[-63.01447,-17.72496]]},"properties":{"description":"LOTES","styleUrl":"#line4","stroke-opacity":1,"stroke":"#000000","stroke-width":1,"name":"FONDO"}},
{"type":"Feature","geometry":{"type":"LineString","coordinates":[[-63.01417,-17.72548],[-63.01438,-17.72493]]},"properties":{"description":"LOTES","styleUrl":"#line4","stroke-opacity":1,"stroke":"#000000","stroke-width":1,"name":"FONDO"}},
{"type":"Feature","geometry":{"type":"LineString","coordinates":[[-63.01408,-17.72545],[-63.01429,-17.7249]]},"properties":{"description":"LOTES","styleUrl":"#line4","stroke-opacity":1,"stroke":"#000000","stroke-width":1,"name":"FONDO"}},
{"type":"Feature","geometry":{"type":"LineString","coordinates":[[-63.01399,-17.72542],[-63.0142,-17.72487]]},"properties":{"description":"LOTES","styleUrl":"#line4","stroke-opacity":1,"stroke":"#000000","stroke-width":1,"name":"FONDO"}},
{"type":"Feature","geometry":{"type":"LineString","coordinates":[[-63.0139,-17.72539],[-63.01411,-17.72484]]},"properties":{"description":"LOTES","styleUrl":"#line4","stroke-opacity":1,"stroke":"#000000","stroke-width":1,"name":"FONDO"}},
{"type":"Feature","geometry":{"type":"LineString","coordinates":[[-63.01382,-17.72536],[-63.01402,-17.72481]]},"properties":{"description":"LOTES","styleUrl":"#line4","stroke-opacity":1,"stroke":"#000000","stroke-width":1,"name":"FONDO"}},
{"type":"Feature","geometry":{"type":"LineString","coordinates":[[-63.01373,-17.72533],[-63.01394,-17.72478]]},"properties":{"description":"LOTES","styleUrl":"#line4","stroke-opacity":1,"stroke":"#000000","stroke-width":1,"name":"FONDO"}},
{"type":"Feature","geometry":{"type":"LineString","coordinates":[[-63.01562,-17.7268],[-63.01585,-17.72619]]},"properties":{"description":"LOTES","styleUrl":"#line4","stroke-opacity":1,"stroke":"#000000","stroke-width":1,"name":"FONDO"}},
{"type":"Feature","geometry":{"type":"LineString","coordinates":[[-63.01571,-17.72683],[-63.01594,-17.72622]]},"properties":{"description":"LOTES","styleUrl":"#line4","stroke-opacity":1,"stroke":"#000000","stroke-width":1,"name":"FONDO"}},
{"type":"Feature","geometry":{"type":"LineString","coordinates":[[-63.0158,-17.72686],[-63.01603,-17.72625]]},"properties":{"description":"LOTES","styleUrl":"#line4","stroke-opacity":1,"stroke":"#000000","stroke-width":1,"name":"FONDO"}},
{"type":"Feature","geometry":{"type":"LineString","coordinates":[[-63.01588,-17.72689],[-63.01611,-17.72628]]},"properties":{"description":"LOTES","styleUrl":"#line4","stroke-opacity":1,"stroke":"#000000","stroke-width":1,"name":"FONDO"}},
{"type":"Feature","geometry":{"type":"LineString","coordinates":[[-63.01597,-17.72692],[-63.0162,-17.72631]]},"properties":{"description":"LOTES","styleUrl":"#line4","stroke-opacity":1,"stroke":"#000000","stroke-width":1,"name":"FONDO"}},
{"type":"Feature","geometry":{"type":"LineString","coordinates":[[-63.01606,-17.72695],[-63.01629,-17.72634]]},"properties":{"description":"LOTES","styleUrl":"#line4","stroke-opacity":1,"stroke":"#000000","stroke-width":1,"name":"FONDO"}},
{"type":"Feature","geometry":{"type":"LineString","coordinates":[[-63.01615,-17.72698],[-63.01638,-17.72637]]},"properties":{"description":"LOTES","styleUrl":"#line4","stroke-opacity":1,"stroke":"#000000","stroke-width":1,"name":"FONDO"}},
{"type":"Feature","geometry":{"type":"LineString","coordinates":[[-63.01624,-17.72701],[-63.01647,-17.7264]]},"properties":{"description":"LOTES","styleUrl":"#line4","stroke-opacity":1,"stroke":"#000000","stroke-width":1,"name":"FONDO"}},
{"type":"Feature","geometry":{"type":"LineString","coordinates":[[-63.01633,-17.72704],[-63.01656,-17.72643]]},"properties":{"description":"LOTES","styleUrl":"#line4","stroke-opacity":1,"stroke":"#000000","stroke-width":1,"name":"FONDO"}},
{"type":"Feature","geometry":{"type":"LineString","coordinates":[[-63.01642,-17.72707],[-63.01665,-17.72646]]},"properties":{"description":"LOTES","styleUrl":"#line4","stroke-opacity":1,"stroke":"#000000","stroke-width":1,"name":"FONDO"}},
{"type":"Feature","geometry":{"type":"LineString","coordinates":[[-63.01651,-17.7271],[-63.01674,-17.72649]]},"properties":{"description":"LOTES","styleUrl":"#line4","stroke-opacity":1,"stroke":"#000000","stroke-width":1,"name":"FONDO"}},
{"type":"Feature","geometry":{"type":"LineString","coordinates":[[-63.0166,-17.72713],[-63.01682,-17.72652]]},"properties":{"description":"LOTES","styleUrl":"#line4","stroke-opacity":1,"stroke":"#000000","stroke-width":1,"name":"FONDO"}},
{"type":"Feature","geometry":{"type":"LineString","coordinates":[[-63.01669,-17.72715],[-63.01691,-17.72655]]},"properties":{"description":"LOTES","styleUrl":"#line4","stroke-opacity":1,"stroke":"#000000","stroke-width":1,"name":"FONDO"}},
{"type":"Feature","geometry":{"type":"LineString","coordinates":[[-63.01678,-17.72718],[-63.017,-17.72658]]},"properties":{"description":"LOTES","styleUrl":"#line4","stroke-opacity":1,"stroke":"#000000","stroke-width":1,"name":"FONDO"}},
{"type":"Feature","geometry":{"type":"LineString","coordinates":[[-63.01687,-17.72721],[-63.01709,-17.72661]]},"properties":{"description":"LOTES","styleUrl":"#line4","stroke-opacity":1,"stroke":"#000000","stroke-width":1,"name":"FONDO"}},
{"type":"Feature","geometry":{"type":"LineString","coordinates":[[-63.01696,-17.72724],[-63.01718,-17.72664]]},"properties":{"description":"LOTES","styleUrl":"#line4","stroke-opacity":1,"stroke":"#000000","stroke-width":1,"name":"FONDO"}},
{"type":"Feature","geometry":{"type":"LineString","coordinates":[[-63.01704,-17.72727],[-63.01727,-17.72668]]},"properties":{"description":"LOTES","styleUrl":"#line4","stroke-opacity":1,"stroke":"#000000","stroke-width":1,"name":"FONDO"}},
{"type":"Feature","geometry":{"type":"LineString","coordinates":[[-63.01713,-17.72731],[-63.01736,-17.72671]]},"properties":{"description":"LOTES","styleUrl":"#line4","stroke-opacity":1,"stroke":"#000000","stroke-width":1,"name":"FONDO"}},
{"type":"Feature","geometry":{"type":"LineString","coordinates":[[-63.01735,-17.72699],[-63.01745,-17.72674]]},"properties":{"description":"LOTES","styleUrl":"#line4","stroke-opacity":1,"stroke":"#000000","stroke-width":1,"name":"FONDO"}},
{"type":"Feature","geometry":{"type":"LineString","coordinates":[[-63.01553,-17.72677],[-63.01566,-17.72641]]},"properties":{"description":"LOTES","styleUrl":"#line4","stroke-opacity":1,"stroke":"#000000","stroke-width":1,"name":"FONDO"}},
{"type":"Feature","geometry":{"type":"LineString","coordinates":[[-63.01544,-17.72673],[-63.01557,-17.72638]]},"properties":{"description":"LOTES","styleUrl":"#line4","stroke-opacity":1,"stroke":"#000000","stroke-width":1,"name":"FONDO"}},
{"type":"Feature","geometry":{"type":"LineString","coordinates":[[-63.01482,-17.7265],[-63.01504,-17.72591]]},"properties":{"description":"LOTES","styleUrl":"#line4","stroke-opacity":1,"stroke":"#000000","stroke-width":1,"name":"FONDO"}},
{"type":"Feature","geometry":{"type":"LineString","coordinates":[[-63.01473,-17.72647],[-63.01495,-17.72588]]},"properties":{"description":"LOTES","styleUrl":"#line4","stroke-opacity":1,"stroke":"#000000","stroke-width":1,"name":"FONDO"}},
{"type":"Feature","geometry":{"type":"LineString","coordinates":[[-63.01464,-17.72643],[-63.01486,-17.72585]]},"properties":{"description":"LOTES","styleUrl":"#line4","stroke-opacity":1,"stroke":"#000000","stroke-width":1,"name":"FONDO"}},
{"type":"Feature","geometry":{"type":"LineString","coordinates":[[-63.01455,-17.7264],[-63.01477,-17.72582]]},"properties":{"description":"LOTES","styleUrl":"#line4","stroke-opacity":1,"stroke":"#000000","stroke-width":1,"name":"FONDO"}},
{"type":"Feature","geometry":{"type":"LineString","coordinates":[[-63.01447,-17.72637],[-63.01468,-17.72578]]},"properties":{"description":"LOTES","styleUrl":"#line4","stroke-opacity":1,"stroke":"#000000","stroke-width":1,"name":"FONDO"}},
{"type":"Feature","geometry":{"type":"LineString","coordinates":[[-63.01438,-17.72633],[-63.0146,-17.72575]]},"properties":{"description":"LOTES","styleUrl":"#line4","stroke-opacity":1,"stroke":"#000000","stroke-width":1,"name":"FONDO"}},
{"type":"Feature","geometry":{"type":"LineString","coordinates":[[-63.01429,-17.7263],[-63.01451,-17.72572]]},"properties":{"description":"LOTES","styleUrl":"#line4","stroke-opacity":1,"stroke":"#000000","stroke-width":1,"name":"FONDO"}},
{"type":"Feature","geometry":{"type":"LineString","coordinates":[[-63.0142,-17.72626],[-63.01442,-17.72569]]},"properties":{"description":"LOTES","styleUrl":"#line4","stroke-opacity":1,"stroke":"#000000","stroke-width":1,"name":"FONDO"}},
{"type":"Feature","geometry":{"type":"LineString","coordinates":[[-63.01412,-17.72623],[-63.01433,-17.72566]]},"properties":{"description":"LOTES","styleUrl":"#line4","stroke-opacity":1,"stroke":"#000000","stroke-width":1,"name":"FONDO"}},
{"type":"Feature","geometry":{"type":"LineString","coordinates":[[-63.01403,-17.7262],[-63.01424,-17.72563]]},"properties":{"description":"LOTES","styleUrl":"#line4","stroke-opacity":1,"stroke":"#000000","stroke-width":1,"name":"FONDO"}},
{"type":"Feature","geometry":{"type":"LineString","coordinates":[[-63.01394,-17.72616],[-63.01415,-17.7256]]},"properties":{"description":"LOTES","styleUrl":"#line4","stroke-opacity":1,"stroke":"#000000","stroke-width":1,"name":"FONDO"}},
{"type":"Feature","geometry":{"type":"LineString","coordinates":[[-63.01385,-17.72613],[-63.01406,-17.72557]]},"properties":{"description":"LOTES","styleUrl":"#line4","stroke-opacity":1,"stroke":"#000000","stroke-width":1,"name":"FONDO"}},
{"type":"Feature","geometry":{"type":"LineString","coordinates":[[-63.01377,-17.72609],[-63.01397,-17.72554]]},"properties":{"description":"LOTES","styleUrl":"#line4","stroke-opacity":1,"stroke":"#000000","stroke-width":1,"name":"FONDO"}},
{"type":"Feature","geometry":{"type":"LineString","coordinates":[[-63.01368,-17.72606],[-63.01389,-17.72551]]},"properties":{"description":"LOTES","styleUrl":"#line4","stroke-opacity":1,"stroke":"#000000","stroke-width":1,"name":"FONDO"}},
{"type":"Feature","geometry":{"type":"LineString","coordinates":[[-63.01359,-17.72603],[-63.0138,-17.72548]]},"properties":{"description":"LOTES","styleUrl":"#line4","stroke-opacity":1,"stroke":"#000000","stroke-width":1,"name":"FONDO"}},
{"type":"Feature","geometry":{"type":"LineString","coordinates":[[-63.0135,-17.72599],[-63.01371,-17.72545]]},"properties":{"description":"LOTES","styleUrl":"#line4","stroke-opacity":1,"stroke":"#000000","stroke-width":1,"name":"FONDO"}},
{"type":"Feature","geometry":{"type":"LineString","coordinates":[[-63.01342,-17.72596],[-63.01362,-17.72542]]},"properties":{"description":"LOTES","styleUrl":"#line4","stroke-opacity":1,"stroke":"#000000","stroke-width":1,"name":"FONDO"}},
{"type":"Feature","geometry":{"type":"LineString","coordinates":[[-63.01333,-17.72592],[-63.01353,-17.72539]]},"properties":{"description":"LOTES","styleUrl":"#line4","stroke-opacity":1,"stroke":"#000000","stroke-width":1,"name":"FONDO"}},
{"type":"Feature","geometry":{"type":"LineString","coordinates":[[-63.01324,-17.72589],[-63.01335,-17.72561]]},"properties":{"description":"LOTES","styleUrl":"#line4","stroke-opacity":1,"stroke":"#000000","stroke-width":1,"name":"FONDO"}},
{"type":"Feature","geometry":{"type":"LineString","coordinates":[[-63.01315,-17.72586],[-63.01326,-17.72558]]},"properties":{"description":"LOTES","styleUrl":"#line4","stroke-opacity":1,"stroke":"#000000","stroke-width":1,"name":"FONDO"}},
{"type":"Feature","geometry":{"type":"LineString","coordinates":[[-63.01307,-17.72582],[-63.01317,-17.72555]]},"properties":{"description":"LOTES","styleUrl":"#line4","stroke-opacity":1,"stroke":"#000000","stroke-width":1,"name":"FONDO"}},
{"type":"Feature","geometry":{"type":"LineString","coordinates":[[-63.0149,-17.72654],[-63.01503,-17.72619]]},"properties":{"description":"LOTES","styleUrl":"#line4","stroke-opacity":1,"stroke":"#000000","stroke-width":1,"name":"FONDO"}},
{"type":"Feature","geometry":{"type":"LineString","coordinates":[[-63.0101,-17.72871],[-63.00918,-17.72876]]},"properties":{"description":"LOTES","styleUrl":"#line4","stroke-opacity":1,"stroke":"#000000","stroke-width":1,"name":"FONDO"}},
{"type":"Feature","geometry":{"type":"LineString","coordinates":[[-63.00896,-17.73035],[-63.00894,-17.7299]]},"properties":{"description":"LOTES","styleUrl":"#line4","stroke-opacity":1,"stroke":"#000000","stroke-width":1,"name":"FONDO"}},
{"type":"Feature","geometry":{"type":"LineString","coordinates":[[-63.01054,-17.73022],[-63.01052,-17.72981]]},"properties":{"description":"LOTES","styleUrl":"#line4","stroke-opacity":1,"stroke":"#000000","stroke-width":1,"name":"FONDO"}},
{"type":"Feature","geometry":{"type":"LineString","coordinates":[[-63.01043,-17.73022],[-63.01041,-17.72982]]},"properties":{"description":"LOTES","styleUrl":"#line4","stroke-opacity":1,"stroke":"#000000","stroke-width":1,"name":"FONDO"}},
{"type":"Feature","geometry":{"type":"LineString","coordinates":[[-63.01099,-17.73019],[-63.01096,-17.72978]]},"properties":{"description":"LOTES","styleUrl":"#line4","stroke-opacity":1,"stroke":"#000000","stroke-width":1,"name":"FONDO"}},
{"type":"Feature","geometry":{"type":"LineString","coordinates":[[-63.0111,-17.73018],[-63.01107,-17.72978]]},"properties":{"description":"LOTES","styleUrl":"#line4","stroke-opacity":1,"stroke":"#000000","stroke-width":1,"name":"FONDO"}},
{"type":"Feature","geometry":{"type":"LineString","coordinates":[[-63.00941,-17.72973],[-63.00938,-17.72918]]},"properties":{"description":"LOTES","styleUrl":"#line4","stroke-opacity":1,"stroke":"#000000","stroke-width":1,"name":"FONDO"}},
{"type":"Feature","geometry":{"type":"LineString","coordinates":[[-63.00951,-17.72972],[-63.00947,-17.72918]]},"properties":{"description":"LOTES","styleUrl":"#line4","stroke-opacity":1,"stroke":"#000000","stroke-width":1,"name":"FONDO"}},
{"type":"Feature","geometry":{"type":"LineString","coordinates":[[-63.0096,-17.72972],[-63.00957,-17.72917]]},"properties":{"description":"LOTES","styleUrl":"#line4","stroke-opacity":1,"stroke":"#000000","stroke-width":1,"name":"FONDO"}},
{"type":"Feature","geometry":{"type":"LineString","coordinates":[[-63.0097,-17.72971],[-63.00966,-17.72917]]},"properties":{"description":"LOTES","styleUrl":"#line4","stroke-opacity":1,"stroke":"#000000","stroke-width":1,"name":"FONDO"}},
{"type":"Feature","geometry":{"type":"LineString","coordinates":[[-63.00979,-17.7297],[-63.00976,-17.72916]]},"properties":{"description":"LOTES","styleUrl":"#line4","stroke-opacity":1,"stroke":"#000000","stroke-width":1,"name":"FONDO"}},
{"type":"Feature","geometry":{"type":"LineString","coordinates":[[-63.00988,-17.7297],[-63.00985,-17.72916]]},"properties":{"description":"LOTES","styleUrl":"#line4","stroke-opacity":1,"stroke":"#000000","stroke-width":1,"name":"FONDO"}},
{"type":"Feature","geometry":{"type":"LineString","coordinates":[[-63.00998,-17.72969],[-63.00994,-17.72915]]},"properties":{"description":"LOTES","styleUrl":"#line4","stroke-opacity":1,"stroke":"#000000","stroke-width":1,"name":"FONDO"}},
{"type":"Feature","geometry":{"type":"LineString","coordinates":[[-63.01007,-17.72969],[-63.01004,-17.72915]]},"properties":{"description":"LOTES","styleUrl":"#line4","stroke-opacity":1,"stroke":"#000000","stroke-width":1,"name":"FONDO"}},
{"type":"Feature","geometry":{"type":"LineString","coordinates":[[-63.01017,-17.72968],[-63.01013,-17.72914]]},"properties":{"description":"LOTES","styleUrl":"#line4","stroke-opacity":1,"stroke":"#000000","stroke-width":1,"name":"FONDO"}},
{"type":"Feature","geometry":{"type":"LineString","coordinates":[[-63.01026,-17.72968],[-63.01023,-17.72914]]},"properties":{"description":"LOTES","styleUrl":"#line4","stroke-opacity":1,"stroke":"#000000","stroke-width":1,"name":"FONDO"}},
{"type":"Feature","geometry":{"type":"LineString","coordinates":[[-63.01035,-17.72967],[-63.01032,-17.72913]]},"properties":{"description":"LOTES","styleUrl":"#line4","stroke-opacity":1,"stroke":"#000000","stroke-width":1,"name":"FONDO"}},
{"type":"Feature","geometry":{"type":"LineString","coordinates":[[-63.01045,-17.72967],[-63.01042,-17.72913]]},"properties":{"description":"LOTES","styleUrl":"#line4","stroke-opacity":1,"stroke":"#000000","stroke-width":1,"name":"FONDO"}},
{"type":"Feature","geometry":{"type":"LineString","coordinates":[[-63.01054,-17.72966],[-63.01051,-17.72912]]},"properties":{"description":"LOTES","styleUrl":"#line4","stroke-opacity":1,"stroke":"#000000","stroke-width":1,"name":"FONDO"}},
{"type":"Feature","geometry":{"type":"LineString","coordinates":[[-63.01064,-17.72966],[-63.0106,-17.72912]]},"properties":{"description":"LOTES","styleUrl":"#line4","stroke-opacity":1,"stroke":"#000000","stroke-width":1,"name":"FONDO"}},
{"type":"Feature","geometry":{"type":"LineString","coordinates":[[-63.01073,-17.72965],[-63.0107,-17.72911]]},"properties":{"description":"LOTES","styleUrl":"#line4","stroke-opacity":1,"stroke":"#000000","stroke-width":1,"name":"FONDO"}},
{"type":"Feature","geometry":{"type":"LineString","coordinates":[[-63.01083,-17.72965],[-63.01079,-17.72911]]},"properties":{"description":"LOTES","styleUrl":"#line4","stroke-opacity":1,"stroke":"#000000","stroke-width":1,"name":"FONDO"}},
{"type":"Feature","geometry":{"type":"LineString","coordinates":[[-63.01092,-17.72964],[-63.01089,-17.7291]]},"properties":{"description":"LOTES","styleUrl":"#line4","stroke-opacity":1,"stroke":"#000000","stroke-width":1,"name":"FONDO"}},
{"type":"Feature","geometry":{"type":"LineString","coordinates":[[-63.01101,-17.72964],[-63.01098,-17.7291]]},"properties":{"description":"LOTES","styleUrl":"#line4","stroke-opacity":1,"stroke":"#000000","stroke-width":1,"name":"FONDO"}},
{"type":"Feature","geometry":{"type":"LineString","coordinates":[[-63.01111,-17.72963],[-63.01108,-17.7291]]},"properties":{"description":"LOTES","styleUrl":"#line4","stroke-opacity":1,"stroke":"#000000","stroke-width":1,"name":"FONDO"}},
{"type":"Feature","geometry":{"type":"LineString","coordinates":[[-63.0112,-17.72963],[-63.01119,-17.72936]]},"properties":{"description":"LOTES","styleUrl":"#line4","stroke-opacity":1,"stroke":"#000000","stroke-width":1,"name":"FONDO"}},
{"type":"Feature","geometry":{"type":"LineString","coordinates":[[-63.0113,-17.72962],[-63.01127,-17.72917]]},"properties":{"description":"LOTES","styleUrl":"#line4","stroke-opacity":1,"stroke":"#000000","stroke-width":1,"name":"FONDO"}},
{"type":"Feature","geometry":{"type":"LineString","coordinates":[[-63.01139,-17.72962],[-63.01137,-17.72935]]},"properties":{"description":"LOTES","styleUrl":"#line4","stroke-opacity":1,"stroke":"#000000","stroke-width":1,"name":"FONDO"}},
{"type":"Feature","geometry":{"type":"LineString","coordinates":[[-63.01148,-17.72961],[-63.01147,-17.72934]]},"properties":{"description":"LOTES","styleUrl":"#line4","stroke-opacity":1,"stroke":"#000000","stroke-width":1,"name":"FONDO"}},
{"type":"Feature","geometry":{"type":"LineString","coordinates":[[-63.01158,-17.72961],[-63.01156,-17.72933]]},"properties":{"description":"LOTES","styleUrl":"#line4","stroke-opacity":1,"stroke":"#000000","stroke-width":1,"name":"FONDO"}},
{"type":"Feature","geometry":{"type":"LineString","coordinates":[[-63.01168,-17.7296],[-63.01166,-17.72933]]},"properties":{"description":"LOTES","styleUrl":"#line4","stroke-opacity":1,"stroke":"#000000","stroke-width":1,"name":"FONDO"}},
{"type":"Feature","geometry":{"type":"LineString","coordinates":[[-63.01292,-17.72655],[-63.01462,-17.72722]]},"properties":{"description":"LOTES","styleUrl":"#line4","stroke-opacity":1,"stroke":"#000000","stroke-width":1,"name":"FONDO"}},
{"type":"Feature","geometry":{"type":"LineString","coordinates":[[-63.01419,-17.72717],[-63.01455,-17.72731]]},"properties":{"description":"LOTES","styleUrl":"#line4","stroke-opacity":1,"stroke":"#000000","stroke-width":1,"name":"FONDO"}},
{"type":"Feature","geometry":{"type":"LineString","coordinates":[[-63.0136,-17.72642],[-63.01335,-17.72701]]},"properties":{"description":"LOTES","styleUrl":"#line4","stroke-opacity":1,"stroke":"#000000","stroke-width":1,"name":"FONDO"}},
{"type":"Feature","geometry":{"type":"LineString","coordinates":[[-63.01369,-17.72645],[-63.01343,-17.72705]]},"properties":{"description":"LOTES","styleUrl":"#line4","stroke-opacity":1,"stroke":"#000000","stroke-width":1,"name":"FONDO"}},
{"type":"Feature","geometry":{"type":"LineString","coordinates":[[-63.01377,-17.72649],[-63.01352,-17.72708]]},"properties":{"description":"LOTES","styleUrl":"#line4","stroke-opacity":1,"stroke":"#000000","stroke-width":1,"name":"FONDO"}},
{"type":"Feature","geometry":{"type":"LineString","coordinates":[[-63.01386,-17.72652],[-63.01361,-17.72711]]},"properties":{"description":"LOTES","styleUrl":"#line4","stroke-opacity":1,"stroke":"#000000","stroke-width":1,"name":"FONDO"}},
{"type":"Feature","geometry":{"type":"LineString","coordinates":[[-63.01395,-17.72656],[-63.01369,-17.72715]]},"properties":{"description":"LOTES","styleUrl":"#line4","stroke-opacity":1,"stroke":"#000000","stroke-width":1,"name":"FONDO"}},
{"type":"Feature","geometry":{"type":"LineString","coordinates":[[-63.01421,-17.72666],[-63.01396,-17.72725]]},"properties":{"description":"LOTES","styleUrl":"#line4","stroke-opacity":1,"stroke":"#000000","stroke-width":1,"name":"FONDO"}},
{"type":"Feature","geometry":{"type":"LineString","coordinates":[[-63.0143,-17.72669],[-63.01404,-17.72729]]},"properties":{"description":"LOTES","styleUrl":"#line4","stroke-opacity":1,"stroke":"#000000","stroke-width":1,"name":"FONDO"}},
{"type":"Feature","geometry":{"type":"LineString","coordinates":[[-63.01439,-17.72673],[-63.01413,-17.72732]]},"properties":{"description":"LOTES","styleUrl":"#line4","stroke-opacity":1,"stroke":"#000000","stroke-width":1,"name":"FONDO"}},
{"type":"Feature","geometry":{"type":"LineString","coordinates":[[-63.01447,-17.72676],[-63.01433,-17.7271]]},"properties":{"description":"LOTES","styleUrl":"#line4","stroke-opacity":1,"stroke":"#000000","stroke-width":1,"name":"FONDO"}},
{"type":"Feature","geometry":{"type":"LineString","coordinates":[[-63.01342,-17.72635],[-63.01317,-17.72694]]},"properties":{"description":"LOTES","styleUrl":"#line4","stroke-opacity":1,"stroke":"#000000","stroke-width":1,"name":"FONDO"}},
{"type":"Feature","geometry":{"type":"LineString","coordinates":[[-63.01351,-17.72639],[-63.01326,-17.72698]]},"properties":{"description":"LOTES","styleUrl":"#line4","stroke-opacity":1,"stroke":"#000000","stroke-width":1,"name":"FONDO"}},
{"type":"Feature","geometry":{"type":"LineString","coordinates":[[-63.01404,-17.72659],[-63.01378,-17.72718]]},"properties":{"description":"LOTES","styleUrl":"#line4","stroke-opacity":1,"stroke":"#000000","stroke-width":1,"name":"FONDO"}},
{"type":"Feature","geometry":{"type":"LineString","coordinates":[[-63.01412,-17.72662],[-63.01387,-17.72722]]},"properties":{"description":"LOTES","styleUrl":"#line4","stroke-opacity":1,"stroke":"#000000","stroke-width":1,"name":"FONDO"}},
{"type":"Feature","geometry":{"type":"LineString","coordinates":[[-63.01456,-17.72679],[-63.01441,-17.72714]]},"properties":{"description":"LOTES","styleUrl":"#line4","stroke-opacity":1,"stroke":"#000000","stroke-width":1,"name":"FONDO"}},
{"type":"Feature","geometry":{"type":"LineString","coordinates":[[-63.01302,-17.72659],[-63.01291,-17.72684]]},"properties":{"description":"LOTES","styleUrl":"#line4","stroke-opacity":1,"stroke":"#000000","stroke-width":1,"name":"FONDO"}},
{"type":"Feature","geometry":{"type":"LineString","coordinates":[[-63.01334,-17.72632],[-63.01308,-17.72691]]},"properties":{"description":"LOTES","styleUrl":"#line4","stroke-opacity":1,"stroke":"#000000","stroke-width":1,"name":"FONDO"}},
{"type":"Feature","geometry":{"type":"LineString","coordinates":[[-63.0131,-17.72662],[-63.013,-17.72687]]},"properties":{"description":"LOTES","styleUrl":"#line4","stroke-opacity":1,"stroke":"#000000","stroke-width":1,"name":"FONDO"}},
{"type":"Feature","geometry":{"type":"LineString","coordinates":[[-63.01223,-17.72699],[-63.01381,-17.72761]]},"properties":{"description":"LOTES","styleUrl":"#line4","stroke-opacity":1,"stroke":"#000000","stroke-width":1,"name":"FONDO"}},
{"type":"Feature","geometry":{"type":"LineString","coordinates":[[-63.01335,-17.72773],[-63.01357,-17.72723]]},"properties":{"description":"LOTES","styleUrl":"#line4","stroke-opacity":1,"stroke":"#000000","stroke-width":1,"name":"FONDO"}},
{"type":"Feature","geometry":{"type":"LineString","coordinates":[[-63.01327,-17.72769],[-63.01348,-17.72719]]},"properties":{"description":"LOTES","styleUrl":"#line4","stroke-opacity":1,"stroke":"#000000","stroke-width":1,"name":"FONDO"}},
{"type":"Feature","geometry":{"type":"LineString","coordinates":[[-63.01318,-17.72766],[-63.01339,-17.72716]]},"properties":{"description":"LOTES","styleUrl":"#line4","stroke-opacity":1,"stroke":"#000000","stroke-width":1,"name":"FONDO"}},
{"type":"Feature","geometry":{"type":"LineString","coordinates":[[-63.01309,-17.72762],[-63.01331,-17.72712]]},"properties":{"description":"LOTES","styleUrl":"#line4","stroke-opacity":1,"stroke":"#000000","stroke-width":1,"name":"FONDO"}},
{"type":"Feature","geometry":{"type":"LineString","coordinates":[[-63.01379,-17.72766],[-63.01417,-17.72781]]},"properties":{"description":"LOTES","styleUrl":"#line4","stroke-opacity":1,"stroke":"#000000","stroke-width":1,"name":"FONDO"}},
{"type":"Feature","geometry":{"type":"LineString","coordinates":[[-63.01376,-17.72774],[-63.01411,-17.72788]]},"properties":{"description":"LOTES","styleUrl":"#line4","stroke-opacity":1,"stroke":"#000000","stroke-width":1,"name":"FONDO"}},
{"type":"Feature","geometry":{"type":"LineString","coordinates":[[-63.01383,-17.72757],[-63.01423,-17.72773]]},"properties":{"description":"LOTES","styleUrl":"#line4","stroke-opacity":1,"stroke":"#000000","stroke-width":1,"name":"FONDO"}},
{"type":"Feature","geometry":{"type":"LineString","coordinates":[[-63.0137,-17.72787],[-63.01392,-17.72736]]},"properties":{"description":"LOTES","styleUrl":"#line4","stroke-opacity":1,"stroke":"#000000","stroke-width":1,"name":"FONDO"}},
{"type":"Feature","geometry":{"type":"LineString","coordinates":[[-63.01361,-17.72783],[-63.01383,-17.72733]]},"properties":{"description":"LOTES","styleUrl":"#line4","stroke-opacity":1,"stroke":"#000000","stroke-width":1,"name":"FONDO"}},
{"type":"Feature","geometry":{"type":"LineString","coordinates":[[-63.01353,-17.7278],[-63.01374,-17.7273]]},"properties":{"description":"LOTES","styleUrl":"#line4","stroke-opacity":1,"stroke":"#000000","stroke-width":1,"name":"FONDO"}},
{"type":"Feature","geometry":{"type":"LineString","coordinates":[[-63.01344,-17.72776],[-63.01366,-17.72726]]},"properties":{"description":"LOTES","styleUrl":"#line4","stroke-opacity":1,"stroke":"#000000","stroke-width":1,"name":"FONDO"}},
{"type":"Feature","geometry":{"type":"LineString","coordinates":[[-63.01386,-17.72749],[-63.01428,-17.72766]]},"properties":{"description":"LOTES","styleUrl":"#line4","stroke-opacity":1,"stroke":"#000000","stroke-width":1,"name":"FONDO"}},
{"type":"Feature","geometry":{"type":"LineString","coordinates":[[-63.013,-17.72759],[-63.01322,-17.72709]]},"properties":{"description":"LOTES","styleUrl":"#line4","stroke-opacity":1,"stroke":"#000000","stroke-width":1,"name":"FONDO"}},
{"type":"Feature","geometry":{"type":"LineString","coordinates":[[-63.01292,-17.72756],[-63.01313,-17.72705]]},"properties":{"description":"LOTES","styleUrl":"#line4","stroke-opacity":1,"stroke":"#000000","stroke-width":1,"name":"FONDO"}},
{"type":"Feature","geometry":{"type":"LineString","coordinates":[[-63.01283,-17.72752],[-63.01305,-17.72702]]},"properties":{"description":"LOTES","styleUrl":"#line4","stroke-opacity":1,"stroke":"#000000","stroke-width":1,"name":"FONDO"}},
{"type":"Feature","geometry":{"type":"LineString","coordinates":[[-63.01274,-17.72749],[-63.01296,-17.72699]]},"properties":{"description":"LOTES","styleUrl":"#line4","stroke-opacity":1,"stroke":"#000000","stroke-width":1,"name":"FONDO"}},
{"type":"Feature","geometry":{"type":"LineString","coordinates":[[-63.01266,-17.72745],[-63.01287,-17.72695]]},"properties":{"description":"LOTES","styleUrl":"#line4","stroke-opacity":1,"stroke":"#000000","stroke-width":1,"name":"FONDO"}},
{"type":"Feature","geometry":{"type":"LineString","coordinates":[[-63.01257,-17.72742],[-63.01278,-17.72692]]},"properties":{"description":"LOTES","styleUrl":"#line4","stroke-opacity":1,"stroke":"#000000","stroke-width":1,"name":"FONDO"}},
{"type":"Feature","geometry":{"type":"LineString","coordinates":[[-63.01248,-17.72738],[-63.0127,-17.72688]]},"properties":{"description":"LOTES","styleUrl":"#line4","stroke-opacity":1,"stroke":"#000000","stroke-width":1,"name":"FONDO"}},
{"type":"Feature","geometry":{"type":"LineString","coordinates":[[-63.01239,-17.72735],[-63.01261,-17.72685]]},"properties":{"description":"LOTES","styleUrl":"#line4","stroke-opacity":1,"stroke":"#000000","stroke-width":1,"name":"FONDO"}},
{"type":"Feature","geometry":{"type":"LineString","coordinates":[[-63.01231,-17.72731],[-63.01241,-17.72706]]},"properties":{"description":"LOTES","styleUrl":"#line4","stroke-opacity":1,"stroke":"#000000","stroke-width":1,"name":"FONDO"}},
{"type":"Feature","geometry":{"type":"LineString","coordinates":[[-63.01222,-17.72728],[-63.01233,-17.72703]]},"properties":{"description":"LOTES","styleUrl":"#line4","stroke-opacity":1,"stroke":"#000000","stroke-width":1,"name":"FONDO"}},
{"type":"Feature","geometry":{"type":"LineString","coordinates":[[-63.02153,-17.72125],[-63.01924,-17.72038]]},"properties":{"description":"LOTES","styleUrl":"#line4","stroke-opacity":1,"stroke":"#000000","stroke-width":1,"name":"FONDO"}},
{"type":"Feature","geometry":{"type":"LineString","coordinates":[[-63.01958,-17.72061],[-63.01919,-17.72046]]},"properties":{"description":"LOTES","styleUrl":"#line4","stroke-opacity":1,"stroke":"#000000","stroke-width":1,"name":"FONDO"}},
{"type":"Feature","geometry":{"type":"LineString","coordinates":[[-63.01965,-17.72044],[-63.01929,-17.72031]]},"properties":{"description":"LOTES","styleUrl":"#line4","stroke-opacity":1,"stroke":"#000000","stroke-width":1,"name":"FONDO"}},
{"type":"Feature","geometry":{"type":"LineString","coordinates":[[-63.01929,-17.72102],[-63.01892,-17.72088]]},"properties":{"description":"LOTES","styleUrl":"#line4","stroke-opacity":1,"stroke":"#000000","stroke-width":1,"name":"FONDO"}},
{"type":"Feature","geometry":{"type":"LineString","coordinates":[[-63.01925,-17.7211],[-63.01887,-17.72096]]},"properties":{"description":"LOTES","styleUrl":"#line4","stroke-opacity":1,"stroke":"#000000","stroke-width":1,"name":"FONDO"}},
{"type":"Feature","geometry":{"type":"LineString","coordinates":[[-63.01932,-17.72093],[-63.01897,-17.7208]]},"properties":{"description":"LOTES","styleUrl":"#line4","stroke-opacity":1,"stroke":"#000000","stroke-width":1,"name":"FONDO"}},
{"type":"Feature","geometry":{"type":"LineString","coordinates":[[-63.01846,-17.72132],[-63.01605,-17.72041]]},"properties":{"description":"LOTES","styleUrl":"#line4","stroke-opacity":1,"stroke":"#000000","stroke-width":1,"name":"FONDO"}},
{"type":"Feature","geometry":{"type":"LineString","coordinates":[[-63.0164,-17.72063],[-63.01599,-17.72048]]},"properties":{"description":"LOTES","styleUrl":"#line4","stroke-opacity":1,"stroke":"#000000","stroke-width":1,"name":"FONDO"}},
{"type":"Feature","geometry":{"type":"LineString","coordinates":[[-63.01647,-17.72047],[-63.01611,-17.72033]]},"properties":{"description":"LOTES","styleUrl":"#line4","stroke-opacity":1,"stroke":"#000000","stroke-width":1,"name":"FONDO"}},
{"type":"Feature","geometry":{"type":"LineString","coordinates":[[-63.01841,-17.7214],[-63.01808,-17.72127]]},"properties":{"description":"LOTES","styleUrl":"#line4","stroke-opacity":1,"stroke":"#000000","stroke-width":1,"name":"FONDO"}},
{"type":"Feature","geometry":{"type":"LineString","coordinates":[[-63.01851,-17.72124],[-63.01815,-17.7211]]},"properties":{"description":"LOTES","styleUrl":"#line4","stroke-opacity":1,"stroke":"#000000","stroke-width":1,"name":"FONDO"}},
{"type":"Feature","geometry":{"type":"LineString","coordinates":[[-63.0207,-17.72216],[-63.0186,-17.72137]]},"properties":{"description":"LOTES","styleUrl":"#line4","stroke-opacity":1,"stroke":"#000000","stroke-width":1,"name":"FONDO"}},
{"type":"Feature","geometry":{"type":"LineString","coordinates":[[-63.01896,-17.72141],[-63.01865,-17.72129]]},"properties":{"description":"LOTES","styleUrl":"#line4","stroke-opacity":1,"stroke":"#000000","stroke-width":1,"name":"FONDO"}},
{"type":"Feature","geometry":{"type":"LineString","coordinates":[[-63.01889,-17.72158],[-63.01855,-17.72145]]},"properties":{"description":"LOTES","styleUrl":"#line4","stroke-opacity":1,"stroke":"#000000","stroke-width":1,"name":"FONDO"}},
{"type":"Feature","geometry":{"type":"LineString","coordinates":[[-63.02028,-17.72267],[-63.01862,-17.72204]]},"properties":{"description":"LOTES","styleUrl":"#line4","stroke-opacity":1,"stroke":"#000000","stroke-width":1,"name":"FONDO"}},
{"type":"Feature","geometry":{"type":"LineString","coordinates":[[-63.0186,-17.72208],[-63.01824,-17.72194]]},"properties":{"description":"LOTES","styleUrl":"#line4","stroke-opacity":1,"stroke":"#000000","stroke-width":1,"name":"FONDO"}},
{"type":"Feature","geometry":{"type":"LineString","coordinates":[[-63.01857,-17.72216],[-63.01819,-17.72202]]},"properties":{"description":"LOTES","styleUrl":"#line4","stroke-opacity":1,"stroke":"#000000","stroke-width":1,"name":"FONDO"}},
{"type":"Feature","geometry":{"type":"LineString","coordinates":[[-63.01863,-17.72199],[-63.01829,-17.72186]]},"properties":{"description":"LOTES","styleUrl":"#line4","stroke-opacity":1,"stroke":"#000000","stroke-width":1,"name":"FONDO"}},
{"type":"Feature","geometry":{"type":"LineString","coordinates":[[-63.01867,-17.72191],[-63.01834,-17.72179]]},"properties":{"description":"LOTES","styleUrl":"#line4","stroke-opacity":1,"stroke":"#000000","stroke-width":1,"name":"FONDO"}},
{"type":"Feature","geometry":{"type":"LineString","coordinates":[[-63.0198,-17.72319],[-63.01825,-17.72261]]},"properties":{"description":"LOTES","styleUrl":"#line4","stroke-opacity":1,"stroke":"#000000","stroke-width":1,"name":"FONDO"}},
{"type":"Feature","geometry":{"type":"LineString","coordinates":[[-63.01823,-17.72265],[-63.01787,-17.72251]]},"properties":{"description":"LOTES","styleUrl":"#line4","stroke-opacity":1,"stroke":"#000000","stroke-width":1,"name":"FONDO"}},
{"type":"Feature","geometry":{"type":"LineString","coordinates":[[-63.0182,-17.72273],[-63.01782,-17.72259]]},"properties":{"description":"LOTES","styleUrl":"#line4","stroke-opacity":1,"stroke":"#000000","stroke-width":1,"name":"FONDO"}},
{"type":"Feature","geometry":{"type":"LineString","coordinates":[[-63.01827,-17.72257],[-63.01792,-17.72243]]},"properties":{"description":"LOTES","styleUrl":"#line4","stroke-opacity":1,"stroke":"#000000","stroke-width":1,"name":"FONDO"}},
{"type":"Feature","geometry":{"type":"LineString","coordinates":[[-63.0183,-17.72248],[-63.01797,-17.72236]]},"properties":{"description":"LOTES","styleUrl":"#line4","stroke-opacity":1,"stroke":"#000000","stroke-width":1,"name":"FONDO"}},
{"type":"Feature","geometry":{"type":"LineString","coordinates":[[-63.01814,-17.72183],[-63.01568,-17.7209]]},"properties":{"description":"LOTES","styleUrl":"#line4","stroke-opacity":1,"stroke":"#000000","stroke-width":1,"name":"FONDO"}},
{"type":"Feature","geometry":{"type":"LineString","coordinates":[[-63.01596,-17.7211],[-63.01562,-17.72098]]},"properties":{"description":"LOTES","styleUrl":"#line4","stroke-opacity":1,"stroke":"#000000","stroke-width":1,"name":"FONDO"}},
{"type":"Feature","geometry":{"type":"LineString","coordinates":[[-63.01603,-17.72093],[-63.01574,-17.72082]]},"properties":{"description":"LOTES","styleUrl":"#line4","stroke-opacity":1,"stroke":"#000000","stroke-width":1,"name":"FONDO"}},
{"type":"Feature","geometry":{"type":"LineString","coordinates":[[-63.01809,-17.7219],[-63.01775,-17.72178]]},"properties":{"description":"LOTES","styleUrl":"#line4","stroke-opacity":1,"stroke":"#000000","stroke-width":1,"name":"FONDO"}},
{"type":"Feature","geometry":{"type":"LineString","coordinates":[[-63.01819,-17.72175],[-63.01782,-17.72161]]},"properties":{"description":"LOTES","styleUrl":"#line4","stroke-opacity":1,"stroke":"#000000","stroke-width":1,"name":"FONDO"}},
{"type":"Feature","geometry":{"type":"LineString","coordinates":[[-63.01742,-17.72224],[-63.01567,-17.72157]]},"properties":{"description":"LOTES","styleUrl":"#line4","stroke-opacity":1,"stroke":"#000000","stroke-width":1,"name":"FONDO"}},
{"type":"Feature","geometry":{"type":"LineString","coordinates":[[-63.00932,-17.72973],[-63.00929,-17.72919]]},"properties":{"description":"LOTES","styleUrl":"#line4","stroke-opacity":1,"stroke":"#000000","stroke-width":1,"name":"FONDO"}},
{"type":"Feature","geometry":{"type":"LineString","coordinates":[[-63.00922,-17.72974],[-63.00919,-17.72919]]},"properties":{"description":"LOTES","styleUrl":"#line4","stroke-opacity":1,"stroke":"#000000","stroke-width":1,"name":"FONDO"}},
{"type":"Feature","geometry":{"type":"LineString","coordinates":[[-63.00913,-17.72974],[-63.0091,-17.7292]]},"properties":{"description":"LOTES","styleUrl":"#line4","stroke-opacity":1,"stroke":"#000000","stroke-width":1,"name":"FONDO"}},
{"type":"Feature","geometry":{"type":"LineString","coordinates":[[-63.00904,-17.72975],[-63.009,-17.72921]]},"properties":{"description":"LOTES","styleUrl":"#line4","stroke-opacity":1,"stroke":"#000000","stroke-width":1,"name":"FONDO"}},
{"type":"Feature","geometry":{"type":"LineString","coordinates":[[-63.00894,-17.72975],[-63.00891,-17.72921]]},"properties":{"description":"LOTES","styleUrl":"#line4","stroke-opacity":1,"stroke":"#000000","stroke-width":1,"name":"FONDO"}},
{"type":"Feature","geometry":{"type":"LineString","coordinates":[[-63.01825,-17.72582],[-63.01662,-17.72513]]},"properties":{"description":"LOTES","styleUrl":"#line4","stroke-opacity":1,"stroke":"#000000","stroke-width":1,"name":"FONDO"}},
{"type":"Feature","geometry":{"type":"LineString","coordinates":[[-63.01649,-17.72541],[-63.01612,-17.72525]]},"properties":{"description":"LOTES","styleUrl":"#line4","stroke-opacity":1,"stroke":"#000000","stroke-width":1,"name":"FONDO"}},
{"type":"Feature","geometry":{"type":"LineString","coordinates":[[-63.01653,-17.72533],[-63.01617,-17.72518]]},"properties":{"description":"LOTES","styleUrl":"#line4","stroke-opacity":1,"stroke":"#000000","stroke-width":1,"name":"FONDO"}},
{"type":"Feature","geometry":{"type":"LineString","coordinates":[[-63.01656,-17.72525],[-63.01622,-17.7251]]},"properties":{"description":"LOTES","styleUrl":"#line4","stroke-opacity":1,"stroke":"#000000","stroke-width":1,"name":"FONDO"}},
{"type":"Feature","geometry":{"type":"LineString","coordinates":[[-63.0166,-17.72516],[-63.01627,-17.72502]]},"properties":{"description":"LOTES","styleUrl":"#line4","stroke-opacity":1,"stroke":"#000000","stroke-width":1,"name":"FONDO"}},
{"type":"Feature","geometry":{"type":"LineString","coordinates":[[-63.01664,-17.72508],[-63.01632,-17.72494]]},"properties":{"description":"LOTES","styleUrl":"#line4","stroke-opacity":1,"stroke":"#000000","stroke-width":1,"name":"FONDO"}},
{"type":"Feature","geometry":{"type":"LineString","coordinates":[[-63.01668,-17.725],[-63.01637,-17.72487]]},"properties":{"description":"LOTES","styleUrl":"#line4","stroke-opacity":1,"stroke":"#000000","stroke-width":1,"name":"FONDO"}},
{"type":"Feature","geometry":{"type":"LineString","coordinates":[[-63.01672,-17.72492],[-63.01642,-17.72479]]},"properties":{"description":"LOTES","styleUrl":"#line4","stroke-opacity":1,"stroke":"#000000","stroke-width":1,"name":"FONDO"}},
{"type":"Feature","geometry":{"type":"LineString","coordinates":[[-63.01867,-17.72513],[-63.01705,-17.72444]]},"properties":{"description":"LOTES","styleUrl":"#line4","stroke-opacity":1,"stroke":"#000000","stroke-width":1,"name":"FONDO"}},
{"type":"Feature","geometry":{"type":"LineString","coordinates":[[-63.01703,-17.72448],[-63.0167,-17.72434]]},"properties":{"description":"LOTES","styleUrl":"#line4","stroke-opacity":1,"stroke":"#000000","stroke-width":1,"name":"FONDO"}},
{"type":"Feature","geometry":{"type":"LineString","coordinates":[[-63.01699,-17.72457],[-63.01665,-17.72442]]},"properties":{"description":"LOTES","styleUrl":"#line4","stroke-opacity":1,"stroke":"#000000","stroke-width":1,"name":"FONDO"}},
{"type":"Feature","geometry":{"type":"LineString","coordinates":[[-63.01706,-17.7244],[-63.01675,-17.72427]]},"properties":{"description":"LOTES","styleUrl":"#line4","stroke-opacity":1,"stroke":"#000000","stroke-width":1,"name":"FONDO"}},
{"type":"Feature","geometry":{"type":"LineString","coordinates":[[-63.0171,-17.72432],[-63.0168,-17.72419]]},"properties":{"description":"LOTES","styleUrl":"#line4","stroke-opacity":1,"stroke":"#000000","stroke-width":1,"name":"FONDO"}},
{"type":"Feature","geometry":{"type":"LineString","coordinates":[[-63.01625,-17.7241],[-63.01449,-17.72335]]},"properties":{"description":"LOTES","styleUrl":"#line4","stroke-opacity":1,"stroke":"#000000","stroke-width":1,"name":"FONDO"}},
{"type":"Feature","geometry":{"type":"LineString","coordinates":[[-63.01483,-17.72338],[-63.01453,-17.72325]]},"properties":{"description":"LOTES","styleUrl":"#line4","stroke-opacity":1,"stroke":"#000000","stroke-width":1,"name":"FONDO"}},
{"type":"Feature","geometry":{"type":"LineString","coordinates":[[-63.01656,-17.72428],[-63.01623,-17.72414]]},"properties":{"description":"LOTES","styleUrl":"#line4","stroke-opacity":1,"stroke":"#000000","stroke-width":1,"name":"FONDO"}},
{"type":"Feature","geometry":{"type":"LineString","coordinates":[[-63.01651,-17.72436],[-63.01619,-17.72423]]},"properties":{"description":"LOTES","styleUrl":"#line4","stroke-opacity":1,"stroke":"#000000","stroke-width":1,"name":"FONDO"}},
{"type":"Feature","geometry":{"type":"LineString","coordinates":[[-63.01661,-17.72421],[-63.01627,-17.72406]]},"properties":{"description":"LOTES","styleUrl":"#line4","stroke-opacity":1,"stroke":"#000000","stroke-width":1,"name":"FONDO"}},
{"type":"Feature","geometry":{"type":"LineString","coordinates":[[-63.01666,-17.72413],[-63.01631,-17.72398]]},"properties":{"description":"LOTES","styleUrl":"#line4","stroke-opacity":1,"stroke":"#000000","stroke-width":1,"name":"FONDO"}},
{"type":"Feature","geometry":{"type":"LineString","coordinates":[[-63.019,-17.72455],[-63.01739,-17.72387]]},"properties":{"description":"LOTES","styleUrl":"#line4","stroke-opacity":1,"stroke":"#000000","stroke-width":1,"name":"FONDO"}},
{"type":"Feature","geometry":{"type":"LineString","coordinates":[[-63.01737,-17.72391],[-63.01706,-17.72378]]},"properties":{"description":"LOTES","styleUrl":"#line4","stroke-opacity":1,"stroke":"#000000","stroke-width":1,"name":"FONDO"}},
{"type":"Feature","geometry":{"type":"LineString","coordinates":[[-63.01733,-17.72399],[-63.01702,-17.72385]]},"properties":{"description":"LOTES","styleUrl":"#line4","stroke-opacity":1,"stroke":"#000000","stroke-width":1,"name":"FONDO"}},
{"type":"Feature","geometry":{"type":"LineString","coordinates":[[-63.01741,-17.72382],[-63.01711,-17.7237]]},"properties":{"description":"LOTES","styleUrl":"#line4","stroke-opacity":1,"stroke":"#000000","stroke-width":1,"name":"FONDO"}},
{"type":"Feature","geometry":{"type":"LineString","coordinates":[[-63.01745,-17.72374],[-63.01716,-17.72362]]},"properties":{"description":"LOTES","styleUrl":"#line4","stroke-opacity":1,"stroke":"#000000","stroke-width":1,"name":"FONDO"}},
{"type":"Feature","geometry":{"type":"LineString","coordinates":[[-63.01931,-17.72396],[-63.01779,-17.72331]]},"properties":{"description":"LOTES","styleUrl":"#line4","stroke-opacity":1,"stroke":"#000000","stroke-width":1,"name":"FONDO"}},
{"type":"Feature","geometry":{"type":"LineString","coordinates":[[-63.01777,-17.72336],[-63.01743,-17.72321]]},"properties":{"description":"LOTES","styleUrl":"#line4","stroke-opacity":1,"stroke":"#000000","stroke-width":1,"name":"FONDO"}},
{"type":"Feature","geometry":{"type":"LineString","coordinates":[[-63.01773,-17.72344],[-63.01738,-17.72329]]},"properties":{"description":"LOTES","styleUrl":"#line4","stroke-opacity":1,"stroke":"#000000","stroke-width":1,"name":"FONDO"}},
{"type":"Feature","geometry":{"type":"LineString","coordinates":[[-63.01781,-17.72327],[-63.01748,-17.72313]]},"properties":{"description":"LOTES","styleUrl":"#line4","stroke-opacity":1,"stroke":"#000000","stroke-width":1,"name":"FONDO"}},
{"type":"Feature","geometry":{"type":"LineString","coordinates":[[-63.01785,-17.72319],[-63.01753,-17.72305]]},"properties":{"description":"LOTES","styleUrl":"#line4","stroke-opacity":1,"stroke":"#000000","stroke-width":1,"name":"FONDO"}},
{"type":"Feature","geometry":{"type":"LineString","coordinates":[[-63.01898,-17.71992],[-63.01915,-17.7195]]},"properties":{"description":"LOTES","styleUrl":"#line4","stroke-opacity":1,"stroke":"#000000","stroke-width":1,"name":"FONDO"}},
{"type":"Feature","geometry":{"type":"LineString","coordinates":[[-63.01887,-17.71988],[-63.01904,-17.71946]]},"properties":{"description":"LOTES","styleUrl":"#line4","stroke-opacity":1,"stroke":"#000000","stroke-width":1,"name":"FONDO"}},
{"type":"Feature","geometry":{"type":"LineString","coordinates":[[-63.01877,-17.71984],[-63.01894,-17.71942]]},"properties":{"description":"LOTES","styleUrl":"#line4","stroke-opacity":1,"stroke":"#000000","stroke-width":1,"name":"FONDO"}},
{"type":"Feature","geometry":{"type":"LineString","coordinates":[[-63.01866,-17.7198],[-63.01883,-17.71938]]},"properties":{"description":"LOTES","styleUrl":"#line4","stroke-opacity":1,"stroke":"#000000","stroke-width":1,"name":"FONDO"}},
{"type":"Feature","geometry":{"type":"LineString","coordinates":[[-63.01855,-17.71976],[-63.01873,-17.71934]]},"properties":{"description":"LOTES","styleUrl":"#line4","stroke-opacity":1,"stroke":"#000000","stroke-width":1,"name":"FONDO"}},
{"type":"Feature","geometry":{"type":"LineString","coordinates":[[-63.01845,-17.71972],[-63.01862,-17.7193]]},"properties":{"description":"LOTES","styleUrl":"#line4","stroke-opacity":1,"stroke":"#000000","stroke-width":1,"name":"FONDO"}},
{"type":"Feature","geometry":{"type":"LineString","coordinates":[[-63.01834,-17.71968],[-63.01852,-17.71926]]},"properties":{"description":"LOTES","styleUrl":"#line4","stroke-opacity":1,"stroke":"#000000","stroke-width":1,"name":"FONDO"}},
{"type":"Feature","geometry":{"type":"LineString","coordinates":[[-63.01824,-17.71964],[-63.01841,-17.71922]]},"properties":{"description":"LOTES","styleUrl":"#line4","stroke-opacity":1,"stroke":"#000000","stroke-width":1,"name":"FONDO"}},
{"type":"Feature","geometry":{"type":"LineString","coordinates":[[-63.01813,-17.7196],[-63.01831,-17.71918]]},"properties":{"description":"LOTES","styleUrl":"#line4","stroke-opacity":1,"stroke":"#000000","stroke-width":1,"name":"FONDO"}},
{"type":"Feature","geometry":{"type":"LineString","coordinates":[[-63.01803,-17.71956],[-63.0182,-17.71914]]},"properties":{"description":"LOTES","styleUrl":"#line4","stroke-opacity":1,"stroke":"#000000","stroke-width":1,"name":"FONDO"}},
{"type":"Feature","geometry":{"type":"LineString","coordinates":[[-63.01792,-17.71952],[-63.0181,-17.7191]]},"properties":{"description":"LOTES","styleUrl":"#line4","stroke-opacity":1,"stroke":"#000000","stroke-width":1,"name":"FONDO"}},
{"type":"Feature","geometry":{"type":"LineString","coordinates":[[-63.01782,-17.71948],[-63.01799,-17.71906]]},"properties":{"description":"LOTES","styleUrl":"#line4","stroke-opacity":1,"stroke":"#000000","stroke-width":1,"name":"FONDO"}},
{"type":"Feature","geometry":{"type":"LineString","coordinates":[[-63.01771,-17.71944],[-63.01788,-17.71902]]},"properties":{"description":"LOTES","styleUrl":"#line4","stroke-opacity":1,"stroke":"#000000","stroke-width":1,"name":"FONDO"}},
{"type":"Feature","geometry":{"type":"LineString","coordinates":[[-63.01761,-17.7194],[-63.01778,-17.71898]]},"properties":{"description":"LOTES","styleUrl":"#line4","stroke-opacity":1,"stroke":"#000000","stroke-width":1,"name":"FONDO"}},
{"type":"Feature","geometry":{"type":"LineString","coordinates":[[-63.0175,-17.71936],[-63.01767,-17.71894]]},"properties":{"description":"LOTES","styleUrl":"#line4","stroke-opacity":1,"stroke":"#000000","stroke-width":1,"name":"FONDO"}},
{"type":"Feature","geometry":{"type":"LineString","coordinates":[[-63.0174,-17.71932],[-63.01757,-17.7189]]},"properties":{"description":"LOTES","styleUrl":"#line4","stroke-opacity":1,"stroke":"#000000","stroke-width":1,"name":"FONDO"}},
{"type":"Feature","geometry":{"type":"LineString","coordinates":[[-63.01022,-17.72876],[-63.01023,-17.72902]]},"properties":{"description":"LOTES","styleUrl":"#line4","stroke-opacity":1,"stroke":"#000000","stroke-width":1,"name":"FONDO"}},
{"type":"Feature","geometry":{"type":"LineString","coordinates":[[-63.01012,-17.72872],[-63.01014,-17.72902]]},"properties":{"description":"LOTES","styleUrl":"#line4","stroke-opacity":1,"stroke":"#000000","stroke-width":1,"name":"FONDO"}},
{"type":"Feature","geometry":{"type":"LineString","coordinates":[[-63.01002,-17.72871],[-63.01004,-17.72903]]},"properties":{"description":"LOTES","styleUrl":"#line4","stroke-opacity":1,"stroke":"#000000","stroke-width":1,"name":"FONDO"}},
{"type":"Feature","geometry":{"type":"LineString","coordinates":[[-63.00993,-17.72872],[-63.00995,-17.72904]]},"properties":{"description":"LOTES","styleUrl":"#line4","stroke-opacity":1,"stroke":"#000000","stroke-width":1,"name":"FONDO"}},
{"type":"Feature","geometry":{"type":"LineString","coordinates":[[-63.00984,-17.72872],[-63.00985,-17.72904]]},"properties":{"description":"LOTES","styleUrl":"#line4","stroke-opacity":1,"stroke":"#000000","stroke-width":1,"name":"FONDO"}},
{"type":"Feature","geometry":{"type":"LineString","coordinates":[[-63.00974,-17.72873],[-63.00976,-17.72905]]},"properties":{"description":"LOTES","styleUrl":"#line4","stroke-opacity":1,"stroke":"#000000","stroke-width":1,"name":"FONDO"}},
{"type":"Feature","geometry":{"type":"LineString","coordinates":[[-63.00965,-17.72874],[-63.00967,-17.72905]]},"properties":{"description":"LOTES","styleUrl":"#line4","stroke-opacity":1,"stroke":"#000000","stroke-width":1,"name":"FONDO"}},
{"type":"Feature","geometry":{"type":"LineString","coordinates":[[-63.00955,-17.72874],[-63.00957,-17.72906]]},"properties":{"description":"LOTES","styleUrl":"#line4","stroke-opacity":1,"stroke":"#000000","stroke-width":1,"name":"FONDO"}},
{"type":"Feature","geometry":{"type":"LineString","coordinates":[[-63.00946,-17.72875],[-63.00948,-17.72906]]},"properties":{"description":"LOTES","styleUrl":"#line4","stroke-opacity":1,"stroke":"#000000","stroke-width":1,"name":"FONDO"}},
{"type":"Feature","geometry":{"type":"LineString","coordinates":[[-63.00936,-17.72875],[-63.00938,-17.72907]]},"properties":{"description":"LOTES","styleUrl":"#line4","stroke-opacity":1,"stroke":"#000000","stroke-width":1,"name":"FONDO"}},
{"type":"Feature","geometry":{"type":"LineString","coordinates":[[-63.00927,-17.72876],[-63.00929,-17.72907]]},"properties":{"description":"LOTES","styleUrl":"#line4","stroke-opacity":1,"stroke":"#000000","stroke-width":1,"name":"FONDO"}},
{"type":"Feature","geometry":{"type":"LineString","coordinates":[[-63.00918,-17.72876],[-63.0092,-17.72908]]},"properties":{"description":"LOTES","styleUrl":"#line4","stroke-opacity":1,"stroke":"#000000","stroke-width":1,"name":"FONDO"}},
{"type":"Feature","geometry":{"type":"LineString","coordinates":[[-63.00897,-17.72841],[-63.00928,-17.72861]]},"properties":{"description":"LOTES","styleUrl":"#line4","stroke-opacity":1,"stroke":"#000000","stroke-width":1,"name":"FONDO"}},
{"type":"Feature","geometry":{"type":"LineString","coordinates":[[-63.00892,-17.72848],[-63.00923,-17.72869]]},"properties":{"description":"LOTES","styleUrl":"#line4","stroke-opacity":1,"stroke":"#000000","stroke-width":1,"name":"FONDO"}},
{"type":"Feature","geometry":{"type":"LineString","coordinates":[[-63.00887,-17.72856],[-63.00918,-17.72876]]},"properties":{"description":"LOTES","styleUrl":"#line4","stroke-opacity":1,"stroke":"#000000","stroke-width":1,"name":"FONDO"}},
{"type":"Feature","geometry":{"type":"LineString","coordinates":[[-63.00881,-17.72863],[-63.00912,-17.72884]]},"properties":{"description":"LOTES","styleUrl":"#line4","stroke-opacity":1,"stroke":"#000000","stroke-width":1,"name":"FONDO"}},
{"type":"Feature","geometry":{"type":"LineString","coordinates":[[-63.00876,-17.7287],[-63.00907,-17.72891]]},"properties":{"description":"LOTES","styleUrl":"#line4","stroke-opacity":1,"stroke":"#000000","stroke-width":1,"name":"FONDO"}},
{"type":"Feature","geometry":{"type":"LineString","coordinates":[[-63.00871,-17.72878],[-63.00902,-17.72898]]},"properties":{"description":"LOTES","styleUrl":"#line4","stroke-opacity":1,"stroke":"#000000","stroke-width":1,"name":"FONDO"}},
{"type":"Feature","geometry":{"type":"LineString","coordinates":[[-63.00932,-17.72875],[-63.0095,-17.72847]]},"properties":{"description":"LOTES","styleUrl":"#line4","stroke-opacity":1,"stroke":"#000000","stroke-width":1,"name":"FONDO"}},
{"type":"Feature","geometry":{"type":"LineString","coordinates":[[-63.00946,-17.72875],[-63.00958,-17.72851]]},"properties":{"description":"LOTES","styleUrl":"#line4","stroke-opacity":1,"stroke":"#000000","stroke-width":1,"name":"FONDO"}},
{"type":"Feature","geometry":{"type":"LineString","coordinates":[[-63.00967,-17.72854],[-63.0096,-17.72874]]},"properties":{"description":"LOTES","styleUrl":"#line4","stroke-opacity":1,"stroke":"#000000","stroke-width":1,"name":"FONDO"}},
{"type":"Feature","geometry":{"type":"LineString","coordinates":[[-63.01401,-17.72826],[-63.0146,-17.72868]]},"properties":{"description":"LOTES","styleUrl":"#line4","stroke-opacity":1,"stroke":"#000000","stroke-width":1,"name":"FONDO"}},
{"type":"Feature","geometry":{"type":"LineString","coordinates":[[-63.01395,-17.72834],[-63.01455,-17.72875]]},"properties":{"description":"LOTES","styleUrl":"#line4","stroke-opacity":1,"stroke":"#000000","stroke-width":1,"name":"FONDO"}},
{"type":"Feature","geometry":{"type":"LineString","coordinates":[[-63.01389,-17.72841],[-63.01449,-17.72882]]},"properties":{"description":"LOTES","styleUrl":"#line4","stroke-opacity":1,"stroke":"#000000","stroke-width":1,"name":"FONDO"}},
{"type":"Feature","geometry":{"type":"LineString","coordinates":[[-63.01384,-17.72848],[-63.01444,-17.7289]]},"properties":{"description":"LOTES","styleUrl":"#line4","stroke-opacity":1,"stroke":"#000000","stroke-width":1,"name":"FONDO"}},
{"type":"Feature","geometry":{"type":"LineString","coordinates":[[-63.01378,-17.72855],[-63.01438,-17.72897]]},"properties":{"description":"LOTES","styleUrl":"#line4","stroke-opacity":1,"stroke":"#000000","stroke-width":1,"name":"FONDO"}},
{"type":"Feature","geometry":{"type":"LineString","coordinates":[[-63.01373,-17.72863],[-63.01433,-17.72904]]},"properties":{"description":"LOTES","styleUrl":"#line4","stroke-opacity":1,"stroke":"#000000","stroke-width":1,"name":"FONDO"}},
{"type":"Feature","geometry":{"type":"LineString","coordinates":[[-63.01367,-17.7287],[-63.01427,-17.72912]]},"properties":{"description":"LOTES","styleUrl":"#line4","stroke-opacity":1,"stroke":"#000000","stroke-width":1,"name":"FONDO"}},
{"type":"Feature","geometry":{"type":"LineString","coordinates":[[-63.01361,-17.72877],[-63.01422,-17.72919]]},"properties":{"description":"LOTES","styleUrl":"#line4","stroke-opacity":1,"stroke":"#000000","stroke-width":1,"name":"FONDO"}},
{"type":"Feature","geometry":{"type":"LineString","coordinates":[[-63.01356,-17.72885],[-63.01416,-17.72926]]},"properties":{"description":"LOTES","styleUrl":"#line4","stroke-opacity":1,"stroke":"#000000","stroke-width":1,"name":"FONDO"}},
{"type":"Feature","geometry":{"type":"LineString","coordinates":[[-63.0135,-17.72892],[-63.01411,-17.72934]]},"properties":{"description":"LOTES","styleUrl":"#line4","stroke-opacity":1,"stroke":"#000000","stroke-width":1,"name":"FONDO"}},
{"type":"Feature","geometry":{"type":"LineString","coordinates":[[-63.01345,-17.72899],[-63.01405,-17.72941]]},"properties":{"description":"LOTES","styleUrl":"#line4","stroke-opacity":1,"stroke":"#000000","stroke-width":1,"name":"FONDO"}},
{"type":"Feature","geometry":{"type":"LineString","coordinates":[[-63.01339,-17.72906],[-63.014,-17.72948]]},"properties":{"description":"LOTES","styleUrl":"#line4","stroke-opacity":1,"stroke":"#000000","stroke-width":1,"name":"FONDO"}},
{"type":"Feature","geometry":{"type":"LineString","coordinates":[[-63.01334,-17.72914],[-63.01394,-17.72956]]},"properties":{"description":"LOTES","styleUrl":"#line4","stroke-opacity":1,"stroke":"#000000","stroke-width":1,"name":"FONDO"}},
{"type":"Feature","geometry":{"type":"LineString","coordinates":[[-63.01328,-17.72921],[-63.01388,-17.72963]]},"properties":{"description":"LOTES","styleUrl":"#line4","stroke-opacity":1,"stroke":"#000000","stroke-width":1,"name":"FONDO"}},
{"type":"Feature","geometry":{"type":"LineString","coordinates":[[-63.0132,-17.72926],[-63.01383,-17.7297]]},"properties":{"description":"LOTES","styleUrl":"#line4","stroke-opacity":1,"stroke":"#000000","stroke-width":1,"name":"FONDO"}},
{"type":"Feature","geometry":{"type":"LineString","coordinates":[[-63.0131,-17.72931],[-63.01351,-17.72959]]},"properties":{"description":"LOTES","styleUrl":"#line4","stroke-opacity":1,"stroke":"#000000","stroke-width":1,"name":"FONDO"}},
{"type":"Feature","geometry":{"type":"LineString","coordinates":[[-63.01301,-17.72936],[-63.01345,-17.72966]]},"properties":{"description":"LOTES","styleUrl":"#line4","stroke-opacity":1,"stroke":"#000000","stroke-width":1,"name":"FONDO"}},
{"type":"Feature","geometry":{"type":"LineString","coordinates":[[-63.01425,-17.72795],[-63.01457,-17.72818]]},"properties":{"description":"LOTES","styleUrl":"#line4","stroke-opacity":1,"stroke":"#000000","stroke-width":1,"name":"FONDO"}},
{"type":"Feature","geometry":{"type":"LineString","coordinates":[[-63.0143,-17.72788],[-63.0149,-17.72829]]},"properties":{"description":"LOTES","styleUrl":"#line4","stroke-opacity":1,"stroke":"#000000","stroke-width":1,"name":"FONDO"}},
{"type":"Feature","geometry":{"type":"LineString","coordinates":[[-63.01436,-17.7278],[-63.01495,-17.72821]]},"properties":{"description":"LOTES","styleUrl":"#line4","stroke-opacity":1,"stroke":"#000000","stroke-width":1,"name":"FONDO"}},
{"type":"Feature","geometry":{"type":"LineString","coordinates":[[-63.01441,-17.72773],[-63.01501,-17.72814]]},"properties":{"description":"LOTES","styleUrl":"#line4","stroke-opacity":1,"stroke":"#000000","stroke-width":1,"name":"FONDO"}},
{"type":"Feature","geometry":{"type":"LineString","coordinates":[[-63.01447,-17.72766],[-63.01506,-17.72807]]},"properties":{"description":"LOTES","styleUrl":"#line4","stroke-opacity":1,"stroke":"#000000","stroke-width":1,"name":"FONDO"}},
{"type":"Feature","geometry":{"type":"LineString","coordinates":[[-63.01453,-17.72759],[-63.01512,-17.72799]]},"properties":{"description":"LOTES","styleUrl":"#line4","stroke-opacity":1,"stroke":"#000000","stroke-width":1,"name":"FONDO"}},
{"type":"Feature","geometry":{"type":"LineString","coordinates":[[-63.01458,-17.72751],[-63.01517,-17.72792]]},"properties":{"description":"LOTES","styleUrl":"#line4","stroke-opacity":1,"stroke":"#000000","stroke-width":1,"name":"FONDO"}},
{"type":"Feature","geometry":{"type":"LineString","coordinates":[[-63.01464,-17.72744],[-63.01523,-17.72785]]},"properties":{"description":"LOTES","styleUrl":"#line4","stroke-opacity":1,"stroke":"#000000","stroke-width":1,"name":"FONDO"}},
{"type":"Feature","geometry":{"type":"LineString","coordinates":[[-63.01469,-17.72737],[-63.01528,-17.72777]]},"properties":{"description":"LOTES","styleUrl":"#line4","stroke-opacity":1,"stroke":"#000000","stroke-width":1,"name":"FONDO"}},
{"type":"Feature","geometry":{"type":"LineString","coordinates":[[-63.01475,-17.72729],[-63.01534,-17.7277]]},"properties":{"description":"LOTES","styleUrl":"#line4","stroke-opacity":1,"stroke":"#000000","stroke-width":1,"name":"FONDO"}},
{"type":"Feature","geometry":{"type":"LineString","coordinates":[[-63.0148,-17.72722],[-63.01539,-17.72763]]},"properties":{"description":"LOTES","styleUrl":"#line4","stroke-opacity":1,"stroke":"#000000","stroke-width":1,"name":"FONDO"}},
{"type":"Feature","geometry":{"type":"LineString","coordinates":[[-63.01795,-17.72604],[-63.01826,-17.72538]]},"properties":{"description":"LOTES","styleUrl":"#line4","stroke-opacity":1,"stroke":"#000000","stroke-width":1,"name":"FONDO"}},
{"type":"Feature","geometry":{"type":"LineString","coordinates":[[-63.01786,-17.72601],[-63.01817,-17.72535]]},"properties":{"description":"LOTES","styleUrl":"#line4","stroke-opacity":1,"stroke":"#000000","stroke-width":1,"name":"FONDO"}},
{"type":"Feature","geometry":{"type":"LineString","coordinates":[[-63.01777,-17.72598],[-63.01808,-17.72531]]},"properties":{"description":"LOTES","styleUrl":"#line4","stroke-opacity":1,"stroke":"#000000","stroke-width":1,"name":"FONDO"}},
{"type":"Feature","geometry":{"type":"LineString","coordinates":[[-63.01769,-17.72595],[-63.018,-17.72527]]},"properties":{"description":"LOTES","styleUrl":"#line4","stroke-opacity":1,"stroke":"#000000","stroke-width":1,"name":"FONDO"}},
{"type":"Feature","geometry":{"type":"LineString","coordinates":[[-63.0176,-17.72591],[-63.01791,-17.72524]]},"properties":{"description":"LOTES","styleUrl":"#line4","stroke-opacity":1,"stroke":"#000000","stroke-width":1,"name":"FONDO"}},
{"type":"Feature","geometry":{"type":"LineString","coordinates":[[-63.01751,-17.72588],[-63.01783,-17.7252]]},"properties":{"description":"LOTES","styleUrl":"#line4","stroke-opacity":1,"stroke":"#000000","stroke-width":1,"name":"FONDO"}},
{"type":"Feature","geometry":{"type":"LineString","coordinates":[[-63.01742,-17.72585],[-63.01774,-17.72516]]},"properties":{"description":"LOTES","styleUrl":"#line4","stroke-opacity":1,"stroke":"#000000","stroke-width":1,"name":"FONDO"}},
{"type":"Feature","geometry":{"type":"LineString","coordinates":[[-63.01733,-17.72582],[-63.01765,-17.72513]]},"properties":{"description":"LOTES","styleUrl":"#line4","stroke-opacity":1,"stroke":"#000000","stroke-width":1,"name":"FONDO"}},
{"type":"Feature","geometry":{"type":"LineString","coordinates":[[-63.01724,-17.72579],[-63.01757,-17.72509]]},"properties":{"description":"LOTES","styleUrl":"#line4","stroke-opacity":1,"stroke":"#000000","stroke-width":1,"name":"FONDO"}},
{"type":"Feature","geometry":{"type":"LineString","coordinates":[[-63.01715,-17.72576],[-63.01748,-17.72505]]},"properties":{"description":"LOTES","styleUrl":"#line4","stroke-opacity":1,"stroke":"#000000","stroke-width":1,"name":"FONDO"}},
{"type":"Feature","geometry":{"type":"LineString","coordinates":[[-63.01706,-17.72573],[-63.01739,-17.72502]]},"properties":{"description":"LOTES","styleUrl":"#line4","stroke-opacity":1,"stroke":"#000000","stroke-width":1,"name":"FONDO"}},
{"type":"Feature","geometry":{"type":"LineString","coordinates":[[-63.01697,-17.7257],[-63.01731,-17.72498]]},"properties":{"description":"LOTES","styleUrl":"#line4","stroke-opacity":1,"stroke":"#000000","stroke-width":1,"name":"FONDO"}},
{"type":"Feature","geometry":{"type":"LineString","coordinates":[[-63.01688,-17.72567],[-63.01722,-17.72494]]},"properties":{"description":"LOTES","styleUrl":"#line4","stroke-opacity":1,"stroke":"#000000","stroke-width":1,"name":"FONDO"}},
{"type":"Feature","geometry":{"type":"LineString","coordinates":[[-63.0168,-17.72564],[-63.01714,-17.72491]]},"properties":{"description":"LOTES","styleUrl":"#line4","stroke-opacity":1,"stroke":"#000000","stroke-width":1,"name":"FONDO"}},
{"type":"Feature","geometry":{"type":"LineString","coordinates":[[-63.01671,-17.72561],[-63.01705,-17.72487]]},"properties":{"description":"LOTES","styleUrl":"#line4","stroke-opacity":1,"stroke":"#000000","stroke-width":1,"name":"FONDO"}},
{"type":"Feature","geometry":{"type":"LineString","coordinates":[[-63.01662,-17.72558],[-63.01696,-17.72483]]},"properties":{"description":"LOTES","styleUrl":"#line4","stroke-opacity":1,"stroke":"#000000","stroke-width":1,"name":"FONDO"}},
{"type":"Feature","geometry":{"type":"LineString","coordinates":[[-63.01653,-17.72555],[-63.01688,-17.7248]]},"properties":{"description":"LOTES","styleUrl":"#line4","stroke-opacity":1,"stroke":"#000000","stroke-width":1,"name":"FONDO"}},
{"type":"Feature","geometry":{"type":"LineString","coordinates":[[-63.01644,-17.72552],[-63.01679,-17.72476]]},"properties":{"description":"LOTES","styleUrl":"#line4","stroke-opacity":1,"stroke":"#000000","stroke-width":1,"name":"FONDO"}},
{"type":"Feature","geometry":{"type":"LineString","coordinates":[[-63.01425,-17.7298],[-63.01402,-17.72965]]},"properties":{"description":"LOTES","styleUrl":"#line4","stroke-opacity":1,"stroke":"#000000","stroke-width":1,"name":"FONDO"}},
{"type":"Feature","geometry":{"type":"LineString","coordinates":[[-63.01454,-17.72989],[-63.01408,-17.72957]]},"properties":{"description":"LOTES","styleUrl":"#line4","stroke-opacity":1,"stroke":"#000000","stroke-width":1,"name":"FONDO"}},
{"type":"Feature","geometry":{"type":"LineString","coordinates":[[-63.01459,-17.72982],[-63.01413,-17.7295]]},"properties":{"description":"LOTES","styleUrl":"#line4","stroke-opacity":1,"stroke":"#000000","stroke-width":1,"name":"FONDO"}},
{"type":"Feature","geometry":{"type":"LineString","coordinates":[[-63.01465,-17.72974],[-63.01419,-17.72943]]},"properties":{"description":"LOTES","styleUrl":"#line4","stroke-opacity":1,"stroke":"#000000","stroke-width":1,"name":"FONDO"}},
{"type":"Feature","geometry":{"type":"LineString","coordinates":[[-63.0147,-17.72967],[-63.01424,-17.72935]]},"properties":{"description":"LOTES","styleUrl":"#line4","stroke-opacity":1,"stroke":"#000000","stroke-width":1,"name":"FONDO"}},
{"type":"Feature","geometry":{"type":"LineString","coordinates":[[-63.01476,-17.7296],[-63.0143,-17.72928]]},"properties":{"description":"LOTES","styleUrl":"#line4","stroke-opacity":1,"stroke":"#000000","stroke-width":1,"name":"FONDO"}},
{"type":"Feature","geometry":{"type":"LineString","coordinates":[[-63.01458,-17.72936],[-63.01436,-17.72921]]},"properties":{"description":"LOTES","styleUrl":"#line4","stroke-opacity":1,"stroke":"#000000","stroke-width":1,"name":"FONDO"}},
{"type":"Feature","geometry":{"type":"LineString","coordinates":[[-63.01464,-17.72929],[-63.01441,-17.72913]]},"properties":{"description":"LOTES","styleUrl":"#line4","stroke-opacity":1,"stroke":"#000000","stroke-width":1,"name":"FONDO"}},
{"type":"Feature","geometry":{"type":"LineString","coordinates":[[-63.01492,-17.72938],[-63.01447,-17.72906]]},"properties":{"description":"LOTES","styleUrl":"#line4","stroke-opacity":1,"stroke":"#000000","stroke-width":1,"name":"FONDO"}},
{"type":"Feature","geometry":{"type":"LineString","coordinates":[[-63.01475,-17.72914],[-63.01452,-17.72899]]},"properties":{"description":"LOTES","styleUrl":"#line4","stroke-opacity":1,"stroke":"#000000","stroke-width":1,"name":"FONDO"}},
{"type":"Feature","geometry":{"type":"LineString","coordinates":[[-63.01503,-17.72923],[-63.01458,-17.72891]]},"properties":{"description":"LOTES","styleUrl":"#line4","stroke-opacity":1,"stroke":"#000000","stroke-width":1,"name":"FONDO"}},
{"type":"Feature","geometry":{"type":"LineString","coordinates":[[-63.01509,-17.72916],[-63.01463,-17.72884]]},"properties":{"description":"LOTES","styleUrl":"#line4","stroke-opacity":1,"stroke":"#000000","stroke-width":1,"name":"FONDO"}},
{"type":"Feature","geometry":{"type":"LineString","coordinates":[[-63.01515,-17.72908],[-63.01469,-17.72877]]},"properties":{"description":"LOTES","styleUrl":"#line4","stroke-opacity":1,"stroke":"#000000","stroke-width":1,"name":"FONDO"}},
{"type":"Feature","geometry":{"type":"LineString","coordinates":[[-63.0152,-17.72901],[-63.01474,-17.72869]]},"properties":{"description":"LOTES","styleUrl":"#line4","stroke-opacity":1,"stroke":"#000000","stroke-width":1,"name":"FONDO"}},
{"type":"Feature","geometry":{"type":"LineString","coordinates":[[-63.01526,-17.72894],[-63.01503,-17.72878]]},"properties":{"description":"LOTES","styleUrl":"#line4","stroke-opacity":1,"stroke":"#000000","stroke-width":1,"name":"FONDO"}},
{"type":"Feature","geometry":{"type":"LineString","coordinates":[[-63.01509,-17.73016],[-63.01469,-17.72989]]},"properties":{"description":"LOTES","styleUrl":"#line4","stroke-opacity":1,"stroke":"#000000","stroke-width":1,"name":"FONDO"}},
{"type":"Feature","geometry":{"type":"LineString","coordinates":[[-63.01503,-17.73024],[-63.01463,-17.72996]]},"properties":{"description":"LOTES","styleUrl":"#line4","stroke-opacity":1,"stroke":"#000000","stroke-width":1,"name":"FONDO"}},
{"type":"Feature","geometry":{"type":"LineString","coordinates":[[-63.01514,-17.73009],[-63.01475,-17.72982]]},"properties":{"description":"LOTES","styleUrl":"#line4","stroke-opacity":1,"stroke":"#000000","stroke-width":1,"name":"FONDO"}},
{"type":"Feature","geometry":{"type":"LineString","coordinates":[[-63.0152,-17.73002],[-63.0148,-17.72974]]},"properties":{"description":"LOTES","styleUrl":"#line4","stroke-opacity":1,"stroke":"#000000","stroke-width":1,"name":"FONDO"}},
{"type":"Feature","geometry":{"type":"LineString","coordinates":[[-63.01525,-17.72994],[-63.01486,-17.72967]]},"properties":{"description":"LOTES","styleUrl":"#line4","stroke-opacity":1,"stroke":"#000000","stroke-width":1,"name":"FONDO"}},
{"type":"Feature","geometry":{"type":"LineString","coordinates":[[-63.01531,-17.72987],[-63.01491,-17.7296]]},"properties":{"description":"LOTES","styleUrl":"#line4","stroke-opacity":1,"stroke":"#000000","stroke-width":1,"name":"FONDO"}},
{"type":"Feature","geometry":{"type":"LineString","coordinates":[[-63.01536,-17.7298],[-63.01497,-17.72952]]},"properties":{"description":"LOTES","styleUrl":"#line4","stroke-opacity":1,"stroke":"#000000","stroke-width":1,"name":"FONDO"}},
{"type":"Feature","geometry":{"type":"LineString","coordinates":[[-63.01542,-17.72972],[-63.01502,-17.72945]]},"properties":{"description":"LOTES","styleUrl":"#line4","stroke-opacity":1,"stroke":"#000000","stroke-width":1,"name":"FONDO"}},
{"type":"Feature","geometry":{"type":"LineString","coordinates":[[-63.01547,-17.72965],[-63.01508,-17.72938]]},"properties":{"description":"LOTES","styleUrl":"#line4","stroke-opacity":1,"stroke":"#000000","stroke-width":1,"name":"FONDO"}},
{"type":"Feature","geometry":{"type":"LineString","coordinates":[[-63.01553,-17.72958],[-63.01513,-17.7293]]},"properties":{"description":"LOTES","styleUrl":"#line4","stroke-opacity":1,"stroke":"#000000","stroke-width":1,"name":"FONDO"}},
{"type":"Feature","geometry":{"type":"LineString","coordinates":[[-63.01558,-17.7295],[-63.01519,-17.72923]]},"properties":{"description":"LOTES","styleUrl":"#line4","stroke-opacity":1,"stroke":"#000000","stroke-width":1,"name":"FONDO"}},
{"type":"Feature","geometry":{"type":"LineString","coordinates":[[-63.01564,-17.72943],[-63.01524,-17.72916]]},"properties":{"description":"LOTES","styleUrl":"#line4","stroke-opacity":1,"stroke":"#000000","stroke-width":1,"name":"FONDO"}},
{"type":"Feature","geometry":{"type":"LineString","coordinates":[[-63.0157,-17.72936],[-63.0153,-17.72908]]},"properties":{"description":"LOTES","styleUrl":"#line4","stroke-opacity":1,"stroke":"#000000","stroke-width":1,"name":"FONDO"}},
{"type":"Feature","geometry":{"type":"LineString","coordinates":[[-63.01575,-17.72928],[-63.01535,-17.72901]]},"properties":{"description":"LOTES","styleUrl":"#line4","stroke-opacity":1,"stroke":"#000000","stroke-width":1,"name":"FONDO"}},
{"type":"Feature","geometry":{"type":"LineString","coordinates":[[-63.01498,-17.73031],[-63.01458,-17.73003]]},"properties":{"description":"LOTES","styleUrl":"#line4","stroke-opacity":1,"stroke":"#000000","stroke-width":1,"name":"FONDO"}},
{"type":"Feature","geometry":{"type":"LineString","coordinates":[[-63.01603,-17.72892],[-63.01563,-17.72864]]},"properties":{"description":"LOTES","styleUrl":"#line4","stroke-opacity":1,"stroke":"#000000","stroke-width":1,"name":"FONDO"}},
{"type":"Feature","geometry":{"type":"LineString","coordinates":[[-63.01608,-17.72884],[-63.01569,-17.72857]]},"properties":{"description":"LOTES","styleUrl":"#line4","stroke-opacity":1,"stroke":"#000000","stroke-width":1,"name":"FONDO"}},
{"type":"Feature","geometry":{"type":"LineString","coordinates":[[-63.01549,-17.72862],[-63.01503,-17.72831]]},"properties":{"description":"LOTES","styleUrl":"#line4","stroke-opacity":1,"stroke":"#000000","stroke-width":1,"name":"FONDO"}},
{"type":"Feature","geometry":{"type":"LineString","coordinates":[[-63.01555,-17.72855],[-63.01509,-17.72823]]},"properties":{"description":"LOTES","styleUrl":"#line4","stroke-opacity":1,"stroke":"#000000","stroke-width":1,"name":"FONDO"}},
{"type":"Feature","geometry":{"type":"LineString","coordinates":[[-63.01614,-17.72877],[-63.01574,-17.72849]]},"properties":{"description":"LOTES","styleUrl":"#line4","stroke-opacity":1,"stroke":"#000000","stroke-width":1,"name":"FONDO"}},
{"type":"Feature","geometry":{"type":"LineString","coordinates":[[-63.0156,-17.72848],[-63.01514,-17.72816]]},"properties":{"description":"LOTES","styleUrl":"#line4","stroke-opacity":1,"stroke":"#000000","stroke-width":1,"name":"FONDO"}},
{"type":"Feature","geometry":{"type":"LineString","coordinates":[[-63.01619,-17.7287],[-63.0158,-17.72842]]},"properties":{"description":"LOTES","styleUrl":"#line4","stroke-opacity":1,"stroke":"#000000","stroke-width":1,"name":"FONDO"}},
{"type":"Feature","geometry":{"type":"LineString","coordinates":[[-63.01566,-17.7284],[-63.0152,-17.72809]]},"properties":{"description":"LOTES","styleUrl":"#line4","stroke-opacity":1,"stroke":"#000000","stroke-width":1,"name":"FONDO"}},
{"type":"Feature","geometry":{"type":"LineString","coordinates":[[-63.01625,-17.72862],[-63.01585,-17.72835]]},"properties":{"description":"LOTES","styleUrl":"#line4","stroke-opacity":1,"stroke":"#000000","stroke-width":1,"name":"FONDO"}},
{"type":"Feature","geometry":{"type":"LineString","coordinates":[[-63.01571,-17.72833],[-63.01525,-17.72801]]},"properties":{"description":"LOTES","styleUrl":"#line4","stroke-opacity":1,"stroke":"#000000","stroke-width":1,"name":"FONDO"}},
{"type":"Feature","geometry":{"type":"LineString","coordinates":[[-63.01631,-17.72855],[-63.01591,-17.72827]]},"properties":{"description":"LOTES","styleUrl":"#line4","stroke-opacity":1,"stroke":"#000000","stroke-width":1,"name":"FONDO"}},
{"type":"Feature","geometry":{"type":"LineString","coordinates":[[-63.01577,-17.72826],[-63.01531,-17.72794]]},"properties":{"description":"LOTES","styleUrl":"#line4","stroke-opacity":1,"stroke":"#000000","stroke-width":1,"name":"FONDO"}},
{"type":"Feature","geometry":{"type":"LineString","coordinates":[[-63.01636,-17.72848],[-63.01596,-17.7282]]},"properties":{"description":"LOTES","styleUrl":"#line4","stroke-opacity":1,"stroke":"#000000","stroke-width":1,"name":"FONDO"}},
{"type":"Feature","geometry":{"type":"LineString","coordinates":[[-63.01582,-17.72818],[-63.01536,-17.72787]]},"properties":{"description":"LOTES","styleUrl":"#line4","stroke-opacity":1,"stroke":"#000000","stroke-width":1,"name":"FONDO"}},
{"type":"Feature","geometry":{"type":"LineString","coordinates":[[-63.01642,-17.7284],[-63.01602,-17.72813]]},"properties":{"description":"LOTES","styleUrl":"#line4","stroke-opacity":1,"stroke":"#000000","stroke-width":1,"name":"FONDO"}},
{"type":"Feature","geometry":{"type":"LineString","coordinates":[[-63.01588,-17.72811],[-63.01565,-17.72795]]},"properties":{"description":"LOTES","styleUrl":"#line4","stroke-opacity":1,"stroke":"#000000","stroke-width":1,"name":"FONDO"}},
{"type":"Feature","geometry":{"type":"LineString","coordinates":[[-63.01647,-17.72833],[-63.01607,-17.72805]]},"properties":{"description":"LOTES","styleUrl":"#line4","stroke-opacity":1,"stroke":"#000000","stroke-width":1,"name":"FONDO"}},
{"type":"Feature","geometry":{"type":"LineString","coordinates":[[-63.01593,-17.72804],[-63.01548,-17.72772]]},"properties":{"description":"LOTES","styleUrl":"#line4","stroke-opacity":1,"stroke":"#000000","stroke-width":1,"name":"FONDO"}},
{"type":"Feature","geometry":{"type":"LineString","coordinates":[[-63.01653,-17.72826],[-63.01613,-17.72798]]},"properties":{"description":"LOTES","styleUrl":"#line4","stroke-opacity":1,"stroke":"#000000","stroke-width":1,"name":"FONDO"}},
{"type":"Feature","geometry":{"type":"LineString","coordinates":[[-63.01599,-17.72796],[-63.01553,-17.72765]]},"properties":{"description":"LOTES","styleUrl":"#line4","stroke-opacity":1,"stroke":"#000000","stroke-width":1,"name":"FONDO"}},
{"type":"Feature","geometry":{"type":"LineString","coordinates":[[-63.01658,-17.72818],[-63.01618,-17.72791]]},"properties":{"description":"LOTES","styleUrl":"#line4","stroke-opacity":1,"stroke":"#000000","stroke-width":1,"name":"FONDO"}},
{"type":"Feature","geometry":{"type":"LineString","coordinates":[[-63.01604,-17.72789],[-63.01559,-17.72757]]},"properties":{"description":"LOTES","styleUrl":"#line4","stroke-opacity":1,"stroke":"#000000","stroke-width":1,"name":"FONDO"}},
{"type":"Feature","geometry":{"type":"LineString","coordinates":[[-63.01664,-17.72811],[-63.01624,-17.72783]]},"properties":{"description":"LOTES","styleUrl":"#line4","stroke-opacity":1,"stroke":"#000000","stroke-width":1,"name":"FONDO"}},
{"type":"Feature","geometry":{"type":"LineString","coordinates":[[-63.0161,-17.72782],[-63.01564,-17.7275]]},"properties":{"description":"LOTES","styleUrl":"#line4","stroke-opacity":1,"stroke":"#000000","stroke-width":1,"name":"FONDO"}},
{"type":"Feature","geometry":{"type":"LineString","coordinates":[[-63.01669,-17.72804],[-63.01629,-17.72776]]},"properties":{"description":"LOTES","styleUrl":"#line4","stroke-opacity":1,"stroke":"#000000","stroke-width":1,"name":"FONDO"}},
{"type":"Feature","geometry":{"type":"LineString","coordinates":[[-63.0184,-17.72531],[-63.01863,-17.72482]]},"properties":{"description":"LOTES","styleUrl":"#line4","stroke-opacity":1,"stroke":"#000000","stroke-width":1,"name":"FONDO"}},
{"type":"Feature","geometry":{"type":"LineString","coordinates":[[-63.01831,-17.72528],[-63.01854,-17.72478]]},"properties":{"description":"LOTES","styleUrl":"#line4","stroke-opacity":1,"stroke":"#000000","stroke-width":1,"name":"FONDO"}},
{"type":"Feature","geometry":{"type":"LineString","coordinates":[[-63.01822,-17.72524],[-63.01845,-17.72474]]},"properties":{"description":"LOTES","styleUrl":"#line4","stroke-opacity":1,"stroke":"#000000","stroke-width":1,"name":"FONDO"}},
{"type":"Feature","geometry":{"type":"LineString","coordinates":[[-63.01814,-17.7252],[-63.01837,-17.72471]]},"properties":{"description":"LOTES","styleUrl":"#line4","stroke-opacity":1,"stroke":"#000000","stroke-width":1,"name":"FONDO"}},
{"type":"Feature","geometry":{"type":"LineString","coordinates":[[-63.01805,-17.72517],[-63.01828,-17.72467]]},"properties":{"description":"LOTES","styleUrl":"#line4","stroke-opacity":1,"stroke":"#000000","stroke-width":1,"name":"FONDO"}},
{"type":"Feature","geometry":{"type":"LineString","coordinates":[[-63.01796,-17.72513],[-63.01819,-17.72463]]},"properties":{"description":"LOTES","styleUrl":"#line4","stroke-opacity":1,"stroke":"#000000","stroke-width":1,"name":"FONDO"}},
{"type":"Feature","geometry":{"type":"LineString","coordinates":[[-63.01788,-17.72509],[-63.01811,-17.7246]]},"properties":{"description":"LOTES","styleUrl":"#line4","stroke-opacity":1,"stroke":"#000000","stroke-width":1,"name":"FONDO"}},
{"type":"Feature","geometry":{"type":"LineString","coordinates":[[-63.01779,-17.72506],[-63.01802,-17.72456]]},"properties":{"description":"LOTES","styleUrl":"#line4","stroke-opacity":1,"stroke":"#000000","stroke-width":1,"name":"FONDO"}},
{"type":"Feature","geometry":{"type":"LineString","coordinates":[[-63.01771,-17.72502],[-63.01794,-17.72452]]},"properties":{"description":"LOTES","styleUrl":"#line4","stroke-opacity":1,"stroke":"#000000","stroke-width":1,"name":"FONDO"}},
{"type":"Feature","geometry":{"type":"LineString","coordinates":[[-63.01762,-17.72498],[-63.01785,-17.72449]]},"properties":{"description":"LOTES","styleUrl":"#line4","stroke-opacity":1,"stroke":"#000000","stroke-width":1,"name":"FONDO"}},
{"type":"Feature","geometry":{"type":"LineString","coordinates":[[-63.01753,-17.72495],[-63.01776,-17.72445]]},"properties":{"description":"LOTES","styleUrl":"#line4","stroke-opacity":1,"stroke":"#000000","stroke-width":1,"name":"FONDO"}},
{"type":"Feature","geometry":{"type":"LineString","coordinates":[[-63.01745,-17.72491],[-63.01768,-17.72441]]},"properties":{"description":"LOTES","styleUrl":"#line4","stroke-opacity":1,"stroke":"#000000","stroke-width":1,"name":"FONDO"}},
{"type":"Feature","geometry":{"type":"LineString","coordinates":[[-63.01736,-17.72487],[-63.01759,-17.72438]]},"properties":{"description":"LOTES","styleUrl":"#line4","stroke-opacity":1,"stroke":"#000000","stroke-width":1,"name":"FONDO"}},
{"type":"Feature","geometry":{"type":"LineString","coordinates":[[-63.01727,-17.72484],[-63.01751,-17.72434]]},"properties":{"description":"LOTES","styleUrl":"#line4","stroke-opacity":1,"stroke":"#000000","stroke-width":1,"name":"FONDO"}},
{"type":"Feature","geometry":{"type":"LineString","coordinates":[[-63.01719,-17.7248],[-63.01742,-17.7243]]},"properties":{"description":"LOTES","styleUrl":"#line4","stroke-opacity":1,"stroke":"#000000","stroke-width":1,"name":"FONDO"}},
{"type":"Feature","geometry":{"type":"LineString","coordinates":[[-63.0171,-17.72476],[-63.01733,-17.72427]]},"properties":{"description":"LOTES","styleUrl":"#line4","stroke-opacity":1,"stroke":"#000000","stroke-width":1,"name":"FONDO"}},
{"type":"Feature","geometry":{"type":"LineString","coordinates":[[-63.01702,-17.72473],[-63.01725,-17.72423]]},"properties":{"description":"LOTES","styleUrl":"#line4","stroke-opacity":1,"stroke":"#000000","stroke-width":1,"name":"FONDO"}},
{"type":"Feature","geometry":{"type":"LineString","coordinates":[[-63.01693,-17.72469],[-63.01716,-17.72419]]},"properties":{"description":"LOTES","styleUrl":"#line4","stroke-opacity":1,"stroke":"#000000","stroke-width":1,"name":"FONDO"}},
{"type":"Feature","geometry":{"type":"LineString","coordinates":[[-63.01874,-17.72474],[-63.01897,-17.72424]]},"properties":{"description":"LOTES","styleUrl":"#line4","stroke-opacity":1,"stroke":"#000000","stroke-width":1,"name":"FONDO"}},
{"type":"Feature","geometry":{"type":"LineString","coordinates":[[-63.01865,-17.7247],[-63.01888,-17.72421]]},"properties":{"description":"LOTES","styleUrl":"#line4","stroke-opacity":1,"stroke":"#000000","stroke-width":1,"name":"FONDO"}},
{"type":"Feature","geometry":{"type":"LineString","coordinates":[[-63.01857,-17.72467],[-63.0188,-17.72417]]},"properties":{"description":"LOTES","styleUrl":"#line4","stroke-opacity":1,"stroke":"#000000","stroke-width":1,"name":"FONDO"}},
{"type":"Feature","geometry":{"type":"LineString","coordinates":[[-63.01848,-17.72463],[-63.01871,-17.72413]]},"properties":{"description":"LOTES","styleUrl":"#line4","stroke-opacity":1,"stroke":"#000000","stroke-width":1,"name":"FONDO"}},
{"type":"Feature","geometry":{"type":"LineString","coordinates":[[-63.0184,-17.72459],[-63.01863,-17.7241]]},"properties":{"description":"LOTES","styleUrl":"#line4","stroke-opacity":1,"stroke":"#000000","stroke-width":1,"name":"FONDO"}},
{"type":"Feature","geometry":{"type":"LineString","coordinates":[[-63.01831,-17.72455],[-63.01854,-17.72406]]},"properties":{"description":"LOTES","styleUrl":"#line4","stroke-opacity":1,"stroke":"#000000","stroke-width":1,"name":"FONDO"}},
{"type":"Feature","geometry":{"type":"LineString","coordinates":[[-63.01822,-17.72452],[-63.01845,-17.72402]]},"properties":{"description":"LOTES","styleUrl":"#line4","stroke-opacity":1,"stroke":"#000000","stroke-width":1,"name":"FONDO"}},
{"type":"Feature","geometry":{"type":"LineString","coordinates":[[-63.01814,-17.72448],[-63.01837,-17.72399]]},"properties":{"description":"LOTES","styleUrl":"#line4","stroke-opacity":1,"stroke":"#000000","stroke-width":1,"name":"FONDO"}},
{"type":"Feature","geometry":{"type":"LineString","coordinates":[[-63.01805,-17.72444],[-63.01828,-17.72395]]},"properties":{"description":"LOTES","styleUrl":"#line4","stroke-opacity":1,"stroke":"#000000","stroke-width":1,"name":"FONDO"}},
{"type":"Feature","geometry":{"type":"LineString","coordinates":[[-63.01796,-17.72441],[-63.01819,-17.72391]]},"properties":{"description":"LOTES","styleUrl":"#line4","stroke-opacity":1,"stroke":"#000000","stroke-width":1,"name":"FONDO"}},
{"type":"Feature","geometry":{"type":"LineString","coordinates":[[-63.01788,-17.72437],[-63.01811,-17.72388]]},"properties":{"description":"LOTES","styleUrl":"#line4","stroke-opacity":1,"stroke":"#000000","stroke-width":1,"name":"FONDO"}},
{"type":"Feature","geometry":{"type":"LineString","coordinates":[[-63.01779,-17.72433],[-63.01802,-17.72384]]},"properties":{"description":"LOTES","styleUrl":"#line4","stroke-opacity":1,"stroke":"#000000","stroke-width":1,"name":"FONDO"}},
{"type":"Feature","geometry":{"type":"LineString","coordinates":[[-63.01771,-17.7243],[-63.01794,-17.7238]]},"properties":{"description":"LOTES","styleUrl":"#line4","stroke-opacity":1,"stroke":"#000000","stroke-width":1,"name":"FONDO"}},
{"type":"Feature","geometry":{"type":"LineString","coordinates":[[-63.01762,-17.72426],[-63.01785,-17.72377]]},"properties":{"description":"LOTES","styleUrl":"#line4","stroke-opacity":1,"stroke":"#000000","stroke-width":1,"name":"FONDO"}},
{"type":"Feature","geometry":{"type":"LineString","coordinates":[[-63.01753,-17.72422],[-63.01776,-17.72373]]},"properties":{"description":"LOTES","styleUrl":"#line4","stroke-opacity":1,"stroke":"#000000","stroke-width":1,"name":"FONDO"}},
{"type":"Feature","geometry":{"type":"LineString","coordinates":[[-63.01745,-17.72419],[-63.01768,-17.72369]]},"properties":{"description":"LOTES","styleUrl":"#line4","stroke-opacity":1,"stroke":"#000000","stroke-width":1,"name":"FONDO"}},
{"type":"Feature","geometry":{"type":"LineString","coordinates":[[-63.01736,-17.72415],[-63.01759,-17.72366]]},"properties":{"description":"LOTES","styleUrl":"#line4","stroke-opacity":1,"stroke":"#000000","stroke-width":1,"name":"FONDO"}},
{"type":"Feature","geometry":{"type":"LineString","coordinates":[[-63.01728,-17.72411],[-63.01751,-17.72362]]},"properties":{"description":"LOTES","styleUrl":"#line4","stroke-opacity":1,"stroke":"#000000","stroke-width":1,"name":"FONDO"}},
{"type":"Feature","geometry":{"type":"LineString","coordinates":[[-63.01905,-17.72415],[-63.0193,-17.72363]]},"properties":{"description":"LOTES","styleUrl":"#line4","stroke-opacity":1,"stroke":"#000000","stroke-width":1,"name":"FONDO"}},
{"type":"Feature","geometry":{"type":"LineString","coordinates":[[-63.01897,-17.72411],[-63.01921,-17.72359]]},"properties":{"description":"LOTES","styleUrl":"#line4","stroke-opacity":1,"stroke":"#000000","stroke-width":1,"name":"FONDO"}},
{"type":"Feature","geometry":{"type":"LineString","coordinates":[[-63.01888,-17.72408],[-63.01912,-17.72356]]},"properties":{"description":"LOTES","styleUrl":"#line4","stroke-opacity":1,"stroke":"#000000","stroke-width":1,"name":"FONDO"}},
{"type":"Feature","geometry":{"type":"LineString","coordinates":[[-63.0188,-17.72404],[-63.01904,-17.72352]]},"properties":{"description":"LOTES","styleUrl":"#line4","stroke-opacity":1,"stroke":"#000000","stroke-width":1,"name":"FONDO"}},
{"type":"Feature","geometry":{"type":"LineString","coordinates":[[-63.01871,-17.724],[-63.01895,-17.72348]]},"properties":{"description":"LOTES","styleUrl":"#line4","stroke-opacity":1,"stroke":"#000000","stroke-width":1,"name":"FONDO"}},
{"type":"Feature","geometry":{"type":"LineString","coordinates":[[-63.01862,-17.72397],[-63.01887,-17.72345]]},"properties":{"description":"LOTES","styleUrl":"#line4","stroke-opacity":1,"stroke":"#000000","stroke-width":1,"name":"FONDO"}},
{"type":"Feature","geometry":{"type":"LineString","coordinates":[[-63.01854,-17.72393],[-63.01878,-17.72341]]},"properties":{"description":"LOTES","styleUrl":"#line4","stroke-opacity":1,"stroke":"#000000","stroke-width":1,"name":"FONDO"}},
{"type":"Feature","geometry":{"type":"LineString","coordinates":[[-63.01845,-17.72389],[-63.01869,-17.72337]]},"properties":{"description":"LOTES","styleUrl":"#line4","stroke-opacity":1,"stroke":"#000000","stroke-width":1,"name":"FONDO"}},
{"type":"Feature","geometry":{"type":"LineString","coordinates":[[-63.01837,-17.72386],[-63.01861,-17.72334]]},"properties":{"description":"LOTES","styleUrl":"#line4","stroke-opacity":1,"stroke":"#000000","stroke-width":1,"name":"FONDO"}},
{"type":"Feature","geometry":{"type":"LineString","coordinates":[[-63.01828,-17.72382],[-63.01852,-17.7233]]},"properties":{"description":"LOTES","styleUrl":"#line4","stroke-opacity":1,"stroke":"#000000","stroke-width":1,"name":"FONDO"}},
{"type":"Feature","geometry":{"type":"LineString","coordinates":[[-63.01819,-17.72378],[-63.01843,-17.72326]]},"properties":{"description":"LOTES","styleUrl":"#line4","stroke-opacity":1,"stroke":"#000000","stroke-width":1,"name":"FONDO"}},
{"type":"Feature","geometry":{"type":"LineString","coordinates":[[-63.01811,-17.72375],[-63.01835,-17.72323]]},"properties":{"description":"LOTES","styleUrl":"#line4","stroke-opacity":1,"stroke":"#000000","stroke-width":1,"name":"FONDO"}},
{"type":"Feature","geometry":{"type":"LineString","coordinates":[[-63.01802,-17.72371],[-63.01826,-17.72319]]},"properties":{"description":"LOTES","styleUrl":"#line4","stroke-opacity":1,"stroke":"#000000","stroke-width":1,"name":"FONDO"}},
{"type":"Feature","geometry":{"type":"LineString","coordinates":[[-63.01793,-17.72367],[-63.01818,-17.72315]]},"properties":{"description":"LOTES","styleUrl":"#line4","stroke-opacity":1,"stroke":"#000000","stroke-width":1,"name":"FONDO"}},
{"type":"Feature","geometry":{"type":"LineString","coordinates":[[-63.01785,-17.72364],[-63.01809,-17.72312]]},"properties":{"description":"LOTES","styleUrl":"#line4","stroke-opacity":1,"stroke":"#000000","stroke-width":1,"name":"FONDO"}},
{"type":"Feature","geometry":{"type":"LineString","coordinates":[[-63.01776,-17.7236],[-63.018,-17.72308]]},"properties":{"description":"LOTES","styleUrl":"#line4","stroke-opacity":1,"stroke":"#000000","stroke-width":1,"name":"FONDO"}},
{"type":"Feature","geometry":{"type":"LineString","coordinates":[[-63.01768,-17.72356],[-63.01792,-17.72304]]},"properties":{"description":"LOTES","styleUrl":"#line4","stroke-opacity":1,"stroke":"#000000","stroke-width":1,"name":"FONDO"}},
{"type":"Feature","geometry":{"type":"LineString","coordinates":[[-63.01614,-17.72435],[-63.01637,-17.72386]]},"properties":{"description":"LOTES","styleUrl":"#line4","stroke-opacity":1,"stroke":"#000000","stroke-width":1,"name":"FONDO"}},
{"type":"Feature","geometry":{"type":"LineString","coordinates":[[-63.01605,-17.72431],[-63.01628,-17.72382]]},"properties":{"description":"LOTES","styleUrl":"#line4","stroke-opacity":1,"stroke":"#000000","stroke-width":1,"name":"FONDO"}},
{"type":"Feature","geometry":{"type":"LineString","coordinates":[[-63.01596,-17.72428],[-63.01619,-17.72378]]},"properties":{"description":"LOTES","styleUrl":"#line4","stroke-opacity":1,"stroke":"#000000","stroke-width":1,"name":"FONDO"}},
{"type":"Feature","geometry":{"type":"LineString","coordinates":[[-63.01588,-17.72424],[-63.01611,-17.72374]]},"properties":{"description":"LOTES","styleUrl":"#line4","stroke-opacity":1,"stroke":"#000000","stroke-width":1,"name":"FONDO"}},
{"type":"Feature","geometry":{"type":"LineString","coordinates":[[-63.01579,-17.7242],[-63.01602,-17.72371]]},"properties":{"description":"LOTES","styleUrl":"#line4","stroke-opacity":1,"stroke":"#000000","stroke-width":1,"name":"FONDO"}},
{"type":"Feature","geometry":{"type":"LineString","coordinates":[[-63.01571,-17.72417],[-63.01594,-17.72367]]},"properties":{"description":"LOTES","styleUrl":"#line4","stroke-opacity":1,"stroke":"#000000","stroke-width":1,"name":"FONDO"}},
{"type":"Feature","geometry":{"type":"LineString","coordinates":[[-63.01562,-17.72413],[-63.01585,-17.72363]]},"properties":{"description":"LOTES","styleUrl":"#line4","stroke-opacity":1,"stroke":"#000000","stroke-width":1,"name":"FONDO"}},
{"type":"Feature","geometry":{"type":"LineString","coordinates":[[-63.01553,-17.72409],[-63.01576,-17.7236]]},"properties":{"description":"LOTES","styleUrl":"#line4","stroke-opacity":1,"stroke":"#000000","stroke-width":1,"name":"FONDO"}},
{"type":"Feature","geometry":{"type":"LineString","coordinates":[[-63.01545,-17.72406],[-63.01568,-17.72356]]},"properties":{"description":"LOTES","styleUrl":"#line4","stroke-opacity":1,"stroke":"#000000","stroke-width":1,"name":"FONDO"}},
{"type":"Feature","geometry":{"type":"LineString","coordinates":[[-63.01536,-17.72402],[-63.01559,-17.72352]]},"properties":{"description":"LOTES","styleUrl":"#line4","stroke-opacity":1,"stroke":"#000000","stroke-width":1,"name":"FONDO"}},
{"type":"Feature","geometry":{"type":"LineString","coordinates":[[-63.01527,-17.72398],[-63.0155,-17.72349]]},"properties":{"description":"LOTES","styleUrl":"#line4","stroke-opacity":1,"stroke":"#000000","stroke-width":1,"name":"FONDO"}},
{"type":"Feature","geometry":{"type":"LineString","coordinates":[[-63.01519,-17.72395],[-63.01542,-17.72345]]},"properties":{"description":"LOTES","styleUrl":"#line4","stroke-opacity":1,"stroke":"#000000","stroke-width":1,"name":"FONDO"}},
{"type":"Feature","geometry":{"type":"LineString","coordinates":[[-63.0151,-17.72391],[-63.01533,-17.72341]]},"properties":{"description":"LOTES","styleUrl":"#line4","stroke-opacity":1,"stroke":"#000000","stroke-width":1,"name":"FONDO"}},
{"type":"Feature","geometry":{"type":"LineString","coordinates":[[-63.01502,-17.72387],[-63.01525,-17.72338]]},"properties":{"description":"LOTES","styleUrl":"#line4","stroke-opacity":1,"stroke":"#000000","stroke-width":1,"name":"FONDO"}},
{"type":"Feature","geometry":{"type":"LineString","coordinates":[[-63.01493,-17.72384],[-63.01516,-17.72334]]},"properties":{"description":"LOTES","styleUrl":"#line4","stroke-opacity":1,"stroke":"#000000","stroke-width":1,"name":"FONDO"}},
{"type":"Feature","geometry":{"type":"LineString","coordinates":[[-63.01484,-17.7238],[-63.01507,-17.7233]]},"properties":{"description":"LOTES","styleUrl":"#line4","stroke-opacity":1,"stroke":"#000000","stroke-width":1,"name":"FONDO"}},
{"type":"Feature","geometry":{"type":"LineString","coordinates":[[-63.01476,-17.72376],[-63.01499,-17.72327]]},"properties":{"description":"LOTES","styleUrl":"#line4","stroke-opacity":1,"stroke":"#000000","stroke-width":1,"name":"FONDO"}},
{"type":"Feature","geometry":{"type":"LineString","coordinates":[[-63.01467,-17.72373],[-63.0149,-17.72323]]},"properties":{"description":"LOTES","styleUrl":"#line4","stroke-opacity":1,"stroke":"#000000","stroke-width":1,"name":"FONDO"}},
{"type":"Feature","geometry":{"type":"LineString","coordinates":[[-63.01459,-17.72369],[-63.0147,-17.72344]]},"properties":{"description":"LOTES","styleUrl":"#line4","stroke-opacity":1,"stroke":"#000000","stroke-width":1,"name":"FONDO"}},
{"type":"Feature","geometry":{"type":"LineString","coordinates":[[-63.0145,-17.72365],[-63.01461,-17.7234]]},"properties":{"description":"LOTES","styleUrl":"#line4","stroke-opacity":1,"stroke":"#000000","stroke-width":1,"name":"FONDO"}},
{"type":"Feature","geometry":{"type":"LineString","coordinates":[[-63.01661,-17.72354],[-63.01506,-17.72287]]},"properties":{"description":"LOTES","styleUrl":"#line4","stroke-opacity":1,"stroke":"#000000","stroke-width":1,"name":"FONDO"}},
{"type":"Feature","geometry":{"type":"LineString","coordinates":[[-63.01693,-17.72372],[-63.0166,-17.72358]]},"properties":{"description":"LOTES","styleUrl":"#line4","stroke-opacity":1,"stroke":"#000000","stroke-width":1,"name":"FONDO"}},
{"type":"Feature","geometry":{"type":"LineString","coordinates":[[-63.01504,-17.72292],[-63.01469,-17.72277]]},"properties":{"description":"LOTES","styleUrl":"#line4","stroke-opacity":1,"stroke":"#000000","stroke-width":1,"name":"FONDO"}},
{"type":"Feature","geometry":{"type":"LineString","coordinates":[[-63.01688,-17.7238],[-63.01656,-17.72366]]},"properties":{"description":"LOTES","styleUrl":"#line4","stroke-opacity":1,"stroke":"#000000","stroke-width":1,"name":"FONDO"}},
{"type":"Feature","geometry":{"type":"LineString","coordinates":[[-63.01501,-17.723],[-63.01466,-17.72285]]},"properties":{"description":"LOTES","styleUrl":"#line4","stroke-opacity":1,"stroke":"#000000","stroke-width":1,"name":"FONDO"}},
{"type":"Feature","geometry":{"type":"LineString","coordinates":[[-63.01698,-17.72364],[-63.01663,-17.72349]]},"properties":{"description":"LOTES","styleUrl":"#line4","stroke-opacity":1,"stroke":"#000000","stroke-width":1,"name":"FONDO"}},
{"type":"Feature","geometry":{"type":"LineString","coordinates":[[-63.01508,-17.72283],[-63.01472,-17.72268]]},"properties":{"description":"LOTES","styleUrl":"#line4","stroke-opacity":1,"stroke":"#000000","stroke-width":1,"name":"FONDO"}},
{"type":"Feature","geometry":{"type":"LineString","coordinates":[[-63.01703,-17.72356],[-63.01667,-17.72341]]},"properties":{"description":"LOTES","styleUrl":"#line4","stroke-opacity":1,"stroke":"#000000","stroke-width":1,"name":"FONDO"}},
{"type":"Feature","geometry":{"type":"LineString","coordinates":[[-63.01512,-17.72275],[-63.01475,-17.72259]]},"properties":{"description":"LOTES","styleUrl":"#line4","stroke-opacity":1,"stroke":"#000000","stroke-width":1,"name":"FONDO"}},
{"type":"Feature","geometry":{"type":"LineString","coordinates":[[-63.0165,-17.72378],[-63.01673,-17.72329]]},"properties":{"description":"LOTES","styleUrl":"#line4","stroke-opacity":1,"stroke":"#000000","stroke-width":1,"name":"FONDO"}},
{"type":"Feature","geometry":{"type":"LineString","coordinates":[[-63.01641,-17.72375],[-63.01664,-17.72325]]},"properties":{"description":"LOTES","styleUrl":"#line4","stroke-opacity":1,"stroke":"#000000","stroke-width":1,"name":"FONDO"}},
{"type":"Feature","geometry":{"type":"LineString","coordinates":[[-63.01633,-17.72371],[-63.01656,-17.72321]]},"properties":{"description":"LOTES","styleUrl":"#line4","stroke-opacity":1,"stroke":"#000000","stroke-width":1,"name":"FONDO"}},
{"type":"Feature","geometry":{"type":"LineString","coordinates":[[-63.01624,-17.72367],[-63.01647,-17.72318]]},"properties":{"description":"LOTES","styleUrl":"#line4","stroke-opacity":1,"stroke":"#000000","stroke-width":1,"name":"FONDO"}},
{"type":"Feature","geometry":{"type":"LineString","coordinates":[[-63.01616,-17.72364],[-63.01639,-17.72314]]},"properties":{"description":"LOTES","styleUrl":"#line4","stroke-opacity":1,"stroke":"#000000","stroke-width":1,"name":"FONDO"}},
{"type":"Feature","geometry":{"type":"LineString","coordinates":[[-63.01607,-17.7236],[-63.0163,-17.7231]]},"properties":{"description":"LOTES","styleUrl":"#line4","stroke-opacity":1,"stroke":"#000000","stroke-width":1,"name":"FONDO"}},
{"type":"Feature","geometry":{"type":"LineString","coordinates":[[-63.01598,-17.72356],[-63.01621,-17.72307]]},"properties":{"description":"LOTES","styleUrl":"#line4","stroke-opacity":1,"stroke":"#000000","stroke-width":1,"name":"FONDO"}},
{"type":"Feature","geometry":{"type":"LineString","coordinates":[[-63.0159,-17.72353],[-63.01613,-17.72303]]},"properties":{"description":"LOTES","styleUrl":"#line4","stroke-opacity":1,"stroke":"#000000","stroke-width":1,"name":"FONDO"}},
{"type":"Feature","geometry":{"type":"LineString","coordinates":[[-63.01581,-17.72349],[-63.01604,-17.72299]]},"properties":{"description":"LOTES","styleUrl":"#line4","stroke-opacity":1,"stroke":"#000000","stroke-width":1,"name":"FONDO"}},
{"type":"Feature","geometry":{"type":"LineString","coordinates":[[-63.01572,-17.72345],[-63.01595,-17.72296]]},"properties":{"description":"LOTES","styleUrl":"#line4","stroke-opacity":1,"stroke":"#000000","stroke-width":1,"name":"FONDO"}},
{"type":"Feature","geometry":{"type":"LineString","coordinates":[[-63.01564,-17.72342],[-63.01587,-17.72292]]},"properties":{"description":"LOTES","styleUrl":"#line4","stroke-opacity":1,"stroke":"#000000","stroke-width":1,"name":"FONDO"}},
{"type":"Feature","geometry":{"type":"LineString","coordinates":[[-63.01555,-17.72338],[-63.01578,-17.72288]]},"properties":{"description":"LOTES","styleUrl":"#line4","stroke-opacity":1,"stroke":"#000000","stroke-width":1,"name":"FONDO"}},
{"type":"Feature","geometry":{"type":"LineString","coordinates":[[-63.01547,-17.72334],[-63.0157,-17.72285]]},"properties":{"description":"LOTES","styleUrl":"#line4","stroke-opacity":1,"stroke":"#000000","stroke-width":1,"name":"FONDO"}},
{"type":"Feature","geometry":{"type":"LineString","coordinates":[[-63.01538,-17.72331],[-63.01561,-17.72281]]},"properties":{"description":"LOTES","styleUrl":"#line4","stroke-opacity":1,"stroke":"#000000","stroke-width":1,"name":"FONDO"}},
{"type":"Feature","geometry":{"type":"LineString","coordinates":[[-63.01529,-17.72327],[-63.01552,-17.72277]]},"properties":{"description":"LOTES","styleUrl":"#line4","stroke-opacity":1,"stroke":"#000000","stroke-width":1,"name":"FONDO"}},
{"type":"Feature","geometry":{"type":"LineString","coordinates":[[-63.01521,-17.72323],[-63.01544,-17.72274]]},"properties":{"description":"LOTES","styleUrl":"#line4","stroke-opacity":1,"stroke":"#000000","stroke-width":1,"name":"FONDO"}},
{"type":"Feature","geometry":{"type":"LineString","coordinates":[[-63.01512,-17.7232],[-63.01535,-17.7227]]},"properties":{"description":"LOTES","styleUrl":"#line4","stroke-opacity":1,"stroke":"#000000","stroke-width":1,"name":"FONDO"}},
{"type":"Feature","geometry":{"type":"LineString","coordinates":[[-63.01503,-17.72316],[-63.01526,-17.72266]]},"properties":{"description":"LOTES","styleUrl":"#line4","stroke-opacity":1,"stroke":"#000000","stroke-width":1,"name":"FONDO"}},
{"type":"Feature","geometry":{"type":"LineString","coordinates":[[-63.01495,-17.72312],[-63.01518,-17.72263]]},"properties":{"description":"LOTES","styleUrl":"#line4","stroke-opacity":1,"stroke":"#000000","stroke-width":1,"name":"FONDO"}},
{"type":"Feature","geometry":{"type":"LineString","coordinates":[[-63.01698,-17.72297],[-63.01525,-17.72223]]},"properties":{"description":"LOTES","styleUrl":"#line4","stroke-opacity":1,"stroke":"#000000","stroke-width":1,"name":"FONDO"}},
{"type":"Feature","geometry":{"type":"LineString","coordinates":[[-63.01524,-17.72227],[-63.0149,-17.72213]]},"properties":{"description":"LOTES","styleUrl":"#line4","stroke-opacity":1,"stroke":"#000000","stroke-width":1,"name":"FONDO"}},
{"type":"Feature","geometry":{"type":"LineString","coordinates":[[-63.0152,-17.72236],[-63.01487,-17.72222]]},"properties":{"description":"LOTES","styleUrl":"#line4","stroke-opacity":1,"stroke":"#000000","stroke-width":1,"name":"FONDO"}},
{"type":"Feature","geometry":{"type":"LineString","coordinates":[[-63.01527,-17.72219],[-63.01493,-17.72205]]},"properties":{"description":"LOTES","styleUrl":"#line4","stroke-opacity":1,"stroke":"#000000","stroke-width":1,"name":"FONDO"}},
{"type":"Feature","geometry":{"type":"LineString","coordinates":[[-63.01531,-17.72211],[-63.01496,-17.72196]]},"properties":{"description":"LOTES","styleUrl":"#line4","stroke-opacity":1,"stroke":"#000000","stroke-width":1,"name":"FONDO"}},
{"type":"Feature","geometry":{"type":"LineString","coordinates":[[-63.01729,-17.72315],[-63.01696,-17.72301]]},"properties":{"description":"LOTES","styleUrl":"#line4","stroke-opacity":1,"stroke":"#000000","stroke-width":1,"name":"FONDO"}},
{"type":"Feature","geometry":{"type":"LineString","coordinates":[[-63.01724,-17.72323],[-63.01692,-17.72309]]},"properties":{"description":"LOTES","styleUrl":"#line4","stroke-opacity":1,"stroke":"#000000","stroke-width":1,"name":"FONDO"}},
{"type":"Feature","geometry":{"type":"LineString","coordinates":[[-63.01734,-17.72307],[-63.017,-17.72293]]},"properties":{"description":"LOTES","styleUrl":"#line4","stroke-opacity":1,"stroke":"#000000","stroke-width":1,"name":"FONDO"}},
{"type":"Feature","geometry":{"type":"LineString","coordinates":[[-63.01739,-17.72299],[-63.01704,-17.72284]]},"properties":{"description":"LOTES","styleUrl":"#line4","stroke-opacity":1,"stroke":"#000000","stroke-width":1,"name":"FONDO"}},
{"type":"Feature","geometry":{"type":"LineString","coordinates":[[-63.01686,-17.72322],[-63.0171,-17.7227]]},"properties":{"description":"LOTES","styleUrl":"#line4","stroke-opacity":1,"stroke":"#000000","stroke-width":1,"name":"FONDO"}},
{"type":"Feature","geometry":{"type":"LineString","coordinates":[[-63.01678,-17.72318],[-63.01702,-17.72266]]},"properties":{"description":"LOTES","styleUrl":"#line4","stroke-opacity":1,"stroke":"#000000","stroke-width":1,"name":"FONDO"}},
{"type":"Feature","geometry":{"type":"LineString","coordinates":[[-63.01669,-17.72314],[-63.01693,-17.72262]]},"properties":{"description":"LOTES","styleUrl":"#line4","stroke-opacity":1,"stroke":"#000000","stroke-width":1,"name":"FONDO"}},
{"type":"Feature","geometry":{"type":"LineString","coordinates":[[-63.0166,-17.72311],[-63.01685,-17.72259]]},"properties":{"description":"LOTES","styleUrl":"#line4","stroke-opacity":1,"stroke":"#000000","stroke-width":1,"name":"FONDO"}},
{"type":"Feature","geometry":{"type":"LineString","coordinates":[[-63.01652,-17.72307],[-63.01676,-17.72255]]},"properties":{"description":"LOTES","styleUrl":"#line4","stroke-opacity":1,"stroke":"#000000","stroke-width":1,"name":"FONDO"}},
{"type":"Feature","geometry":{"type":"LineString","coordinates":[[-63.01643,-17.72303],[-63.01667,-17.72251]]},"properties":{"description":"LOTES","styleUrl":"#line4","stroke-opacity":1,"stroke":"#000000","stroke-width":1,"name":"FONDO"}},
{"type":"Feature","geometry":{"type":"LineString","coordinates":[[-63.01635,-17.723],[-63.01659,-17.72248]]},"properties":{"description":"LOTES","styleUrl":"#line4","stroke-opacity":1,"stroke":"#000000","stroke-width":1,"name":"FONDO"}},
{"type":"Feature","geometry":{"type":"LineString","coordinates":[[-63.01626,-17.72296],[-63.0165,-17.72244]]},"properties":{"description":"LOTES","styleUrl":"#line4","stroke-opacity":1,"stroke":"#000000","stroke-width":1,"name":"FONDO"}},
{"type":"Feature","geometry":{"type":"LineString","coordinates":[[-63.01617,-17.72292],[-63.01641,-17.7224]]},"properties":{"description":"LOTES","styleUrl":"#line4","stroke-opacity":1,"stroke":"#000000","stroke-width":1,"name":"FONDO"}},
{"type":"Feature","geometry":{"type":"LineString","coordinates":[[-63.01609,-17.72289],[-63.01633,-17.72236]]},"properties":{"description":"LOTES","styleUrl":"#line4","stroke-opacity":1,"stroke":"#000000","stroke-width":1,"name":"FONDO"}},
{"type":"Feature","geometry":{"type":"LineString","coordinates":[[-63.016,-17.72285],[-63.01624,-17.72233]]},"properties":{"description":"LOTES","styleUrl":"#line4","stroke-opacity":1,"stroke":"#000000","stroke-width":1,"name":"FONDO"}},
{"type":"Feature","geometry":{"type":"LineString","coordinates":[[-63.01591,-17.72281],[-63.01616,-17.72229]]},"properties":{"description":"LOTES","styleUrl":"#line4","stroke-opacity":1,"stroke":"#000000","stroke-width":1,"name":"FONDO"}},
{"type":"Feature","geometry":{"type":"LineString","coordinates":[[-63.01583,-17.72277],[-63.01607,-17.72225]]},"properties":{"description":"LOTES","styleUrl":"#line4","stroke-opacity":1,"stroke":"#000000","stroke-width":1,"name":"FONDO"}},
{"type":"Feature","geometry":{"type":"LineString","coordinates":[[-63.01574,-17.72274],[-63.01598,-17.72222]]},"properties":{"description":"LOTES","styleUrl":"#line4","stroke-opacity":1,"stroke":"#000000","stroke-width":1,"name":"FONDO"}},
{"type":"Feature","geometry":{"type":"LineString","coordinates":[[-63.01566,-17.7227],[-63.0159,-17.72218]]},"properties":{"description":"LOTES","styleUrl":"#line4","stroke-opacity":1,"stroke":"#000000","stroke-width":1,"name":"FONDO"}},
{"type":"Feature","geometry":{"type":"LineString","coordinates":[[-63.01557,-17.72266],[-63.01581,-17.72214]]},"properties":{"description":"LOTES","styleUrl":"#line4","stroke-opacity":1,"stroke":"#000000","stroke-width":1,"name":"FONDO"}},
{"type":"Feature","geometry":{"type":"LineString","coordinates":[[-63.01548,-17.72263],[-63.01573,-17.72211]]},"properties":{"description":"LOTES","styleUrl":"#line4","stroke-opacity":1,"stroke":"#000000","stroke-width":1,"name":"FONDO"}},
{"type":"Feature","geometry":{"type":"LineString","coordinates":[[-63.0154,-17.72259],[-63.01564,-17.72207]]},"properties":{"description":"LOTES","styleUrl":"#line4","stroke-opacity":1,"stroke":"#000000","stroke-width":1,"name":"FONDO"}},
{"type":"Feature","geometry":{"type":"LineString","coordinates":[[-63.01531,-17.72255],[-63.01555,-17.72203]]},"properties":{"description":"LOTES","styleUrl":"#line4","stroke-opacity":1,"stroke":"#000000","stroke-width":1,"name":"FONDO"}},
{"type":"Feature","geometry":{"type":"LineString","coordinates":[[-63.01523,-17.72252],[-63.01547,-17.722]]},"properties":{"description":"LOTES","styleUrl":"#line4","stroke-opacity":1,"stroke":"#000000","stroke-width":1,"name":"FONDO"}},
{"type":"Feature","geometry":{"type":"LineString","coordinates":[[-63.01514,-17.72248],[-63.01538,-17.72196]]},"properties":{"description":"LOTES","styleUrl":"#line4","stroke-opacity":1,"stroke":"#000000","stroke-width":1,"name":"FONDO"}},
{"type":"Feature","geometry":{"type":"LineString","coordinates":[[-63.01814,-17.72289],[-63.01836,-17.72236]]},"properties":{"description":"LOTES","styleUrl":"#line4","stroke-opacity":1,"stroke":"#000000","stroke-width":1,"name":"FONDO"}},
{"type":"Feature","geometry":{"type":"LineString","coordinates":[[-63.01822,-17.72293],[-63.01844,-17.72239]]},"properties":{"description":"LOTES","styleUrl":"#line4","stroke-opacity":1,"stroke":"#000000","stroke-width":1,"name":"FONDO"}},
{"type":"Feature","geometry":{"type":"LineString","coordinates":[[-63.01831,-17.72296],[-63.01853,-17.72242]]},"properties":{"description":"LOTES","styleUrl":"#line4","stroke-opacity":1,"stroke":"#000000","stroke-width":1,"name":"FONDO"}},
{"type":"Feature","geometry":{"type":"LineString","coordinates":[[-63.0184,-17.723],[-63.01862,-17.72245]]},"properties":{"description":"LOTES","styleUrl":"#line4","stroke-opacity":1,"stroke":"#000000","stroke-width":1,"name":"FONDO"}},
{"type":"Feature","geometry":{"type":"LineString","coordinates":[[-63.01848,-17.72304],[-63.01871,-17.72249]]},"properties":{"description":"LOTES","styleUrl":"#line4","stroke-opacity":1,"stroke":"#000000","stroke-width":1,"name":"FONDO"}},
{"type":"Feature","geometry":{"type":"LineString","coordinates":[[-63.01857,-17.72307],[-63.01879,-17.72252]]},"properties":{"description":"LOTES","styleUrl":"#line4","stroke-opacity":1,"stroke":"#000000","stroke-width":1,"name":"FONDO"}},
{"type":"Feature","geometry":{"type":"LineString","coordinates":[[-63.01865,-17.72311],[-63.01888,-17.72255]]},"properties":{"description":"LOTES","styleUrl":"#line4","stroke-opacity":1,"stroke":"#000000","stroke-width":1,"name":"FONDO"}},
{"type":"Feature","geometry":{"type":"LineString","coordinates":[[-63.01874,-17.72315],[-63.01897,-17.72259]]},"properties":{"description":"LOTES","styleUrl":"#line4","stroke-opacity":1,"stroke":"#000000","stroke-width":1,"name":"FONDO"}},
{"type":"Feature","geometry":{"type":"LineString","coordinates":[[-63.01883,-17.72318],[-63.01906,-17.72262]]},"properties":{"description":"LOTES","styleUrl":"#line4","stroke-opacity":1,"stroke":"#000000","stroke-width":1,"name":"FONDO"}},
{"type":"Feature","geometry":{"type":"LineString","coordinates":[[-63.01891,-17.72322],[-63.01915,-17.72265]]},"properties":{"description":"LOTES","styleUrl":"#line4","stroke-opacity":1,"stroke":"#000000","stroke-width":1,"name":"FONDO"}},
{"type":"Feature","geometry":{"type":"LineString","coordinates":[[-63.019,-17.72326],[-63.01923,-17.72269]]},"properties":{"description":"LOTES","styleUrl":"#line4","stroke-opacity":1,"stroke":"#000000","stroke-width":1,"name":"FONDO"}},
{"type":"Feature","geometry":{"type":"LineString","coordinates":[[-63.01909,-17.72329],[-63.01932,-17.72272]]},"properties":{"description":"LOTES","styleUrl":"#line4","stroke-opacity":1,"stroke":"#000000","stroke-width":1,"name":"FONDO"}},
{"type":"Feature","geometry":{"type":"LineString","coordinates":[[-63.01917,-17.72333],[-63.01941,-17.72275]]},"properties":{"description":"LOTES","styleUrl":"#line4","stroke-opacity":1,"stroke":"#000000","stroke-width":1,"name":"FONDO"}},
{"type":"Feature","geometry":{"type":"LineString","coordinates":[[-63.01926,-17.72337],[-63.0195,-17.72279]]},"properties":{"description":"LOTES","styleUrl":"#line4","stroke-opacity":1,"stroke":"#000000","stroke-width":1,"name":"FONDO"}},
{"type":"Feature","geometry":{"type":"LineString","coordinates":[[-63.01934,-17.7234],[-63.01958,-17.72282]]},"properties":{"description":"LOTES","styleUrl":"#line4","stroke-opacity":1,"stroke":"#000000","stroke-width":1,"name":"FONDO"}},
{"type":"Feature","geometry":{"type":"LineString","coordinates":[[-63.01943,-17.72344],[-63.01967,-17.72285]]},"properties":{"description":"LOTES","styleUrl":"#line4","stroke-opacity":1,"stroke":"#000000","stroke-width":1,"name":"FONDO"}},
{"type":"Feature","geometry":{"type":"LineString","coordinates":[[-63.01966,-17.72314],[-63.01976,-17.72288]]},"properties":{"description":"LOTES","styleUrl":"#line4","stroke-opacity":1,"stroke":"#000000","stroke-width":1,"name":"FONDO"}},
{"type":"Feature","geometry":{"type":"LineString","coordinates":[[-63.01872,-17.72178],[-63.01851,-17.72229]]},"properties":{"description":"LOTES","styleUrl":"#line4","stroke-opacity":1,"stroke":"#000000","stroke-width":1,"name":"FONDO"}},
{"type":"Feature","geometry":{"type":"LineString","coordinates":[[-63.01881,-17.72182],[-63.0186,-17.72232]]},"properties":{"description":"LOTES","styleUrl":"#line4","stroke-opacity":1,"stroke":"#000000","stroke-width":1,"name":"FONDO"}},
{"type":"Feature","geometry":{"type":"LineString","coordinates":[[-63.0189,-17.72185],[-63.01869,-17.72235]]},"properties":{"description":"LOTES","styleUrl":"#line4","stroke-opacity":1,"stroke":"#000000","stroke-width":1,"name":"FONDO"}},
{"type":"Feature","geometry":{"type":"LineString","coordinates":[[-63.01898,-17.72188],[-63.01878,-17.72239]]},"properties":{"description":"LOTES","styleUrl":"#line4","stroke-opacity":1,"stroke":"#000000","stroke-width":1,"name":"FONDO"}},
{"type":"Feature","geometry":{"type":"LineString","coordinates":[[-63.01907,-17.72192],[-63.01886,-17.72242]]},"properties":{"description":"LOTES","styleUrl":"#line4","stroke-opacity":1,"stroke":"#000000","stroke-width":1,"name":"FONDO"}},
{"type":"Feature","geometry":{"type":"LineString","coordinates":[[-63.01916,-17.72195],[-63.01895,-17.72245]]},"properties":{"description":"LOTES","styleUrl":"#line4","stroke-opacity":1,"stroke":"#000000","stroke-width":1,"name":"FONDO"}},
{"type":"Feature","geometry":{"type":"LineString","coordinates":[[-63.01925,-17.72198],[-63.01904,-17.72249]]},"properties":{"description":"LOTES","styleUrl":"#line4","stroke-opacity":1,"stroke":"#000000","stroke-width":1,"name":"FONDO"}},
{"type":"Feature","geometry":{"type":"LineString","coordinates":[[-63.01934,-17.72202],[-63.01913,-17.72252]]},"properties":{"description":"LOTES","styleUrl":"#line4","stroke-opacity":1,"stroke":"#000000","stroke-width":1,"name":"FONDO"}},
{"type":"Feature","geometry":{"type":"LineString","coordinates":[[-63.01942,-17.72205],[-63.01922,-17.72255]]},"properties":{"description":"LOTES","styleUrl":"#line4","stroke-opacity":1,"stroke":"#000000","stroke-width":1,"name":"FONDO"}},
{"type":"Feature","geometry":{"type":"LineString","coordinates":[[-63.01951,-17.72208],[-63.0193,-17.72259]]},"properties":{"description":"LOTES","styleUrl":"#line4","stroke-opacity":1,"stroke":"#000000","stroke-width":1,"name":"FONDO"}},
{"type":"Feature","geometry":{"type":"LineString","coordinates":[[-63.0196,-17.72212],[-63.01939,-17.72262]]},"properties":{"description":"LOTES","styleUrl":"#line4","stroke-opacity":1,"stroke":"#000000","stroke-width":1,"name":"FONDO"}},
{"type":"Feature","geometry":{"type":"LineString","coordinates":[[-63.01969,-17.72215],[-63.01948,-17.72265]]},"properties":{"description":"LOTES","styleUrl":"#line4","stroke-opacity":1,"stroke":"#000000","stroke-width":1,"name":"FONDO"}},
{"type":"Feature","geometry":{"type":"LineString","coordinates":[[-63.01977,-17.72218],[-63.01957,-17.72269]]},"properties":{"description":"LOTES","styleUrl":"#line4","stroke-opacity":1,"stroke":"#000000","stroke-width":1,"name":"FONDO"}},
{"type":"Feature","geometry":{"type":"LineString","coordinates":[[-63.01986,-17.72221],[-63.01965,-17.72272]]},"properties":{"description":"LOTES","styleUrl":"#line4","stroke-opacity":1,"stroke":"#000000","stroke-width":1,"name":"FONDO"}},
{"type":"Feature","geometry":{"type":"LineString","coordinates":[[-63.01995,-17.72225],[-63.01974,-17.72275]]},"properties":{"description":"LOTES","styleUrl":"#line4","stroke-opacity":1,"stroke":"#000000","stroke-width":1,"name":"FONDO"}},
{"type":"Feature","geometry":{"type":"LineString","coordinates":[[-63.02004,-17.72228],[-63.01983,-17.72279]]},"properties":{"description":"LOTES","styleUrl":"#line4","stroke-opacity":1,"stroke":"#000000","stroke-width":1,"name":"FONDO"}},
{"type":"Feature","geometry":{"type":"LineString","coordinates":[[-63.02013,-17.72231],[-63.01992,-17.72282]]},"properties":{"description":"LOTES","styleUrl":"#line4","stroke-opacity":1,"stroke":"#000000","stroke-width":1,"name":"FONDO"}},
{"type":"Feature","geometry":{"type":"LineString","coordinates":[[-63.02021,-17.72235],[-63.02011,-17.7226]]},"properties":{"description":"LOTES","styleUrl":"#line4","stroke-opacity":1,"stroke":"#000000","stroke-width":1,"name":"FONDO"}},
{"type":"Feature","geometry":{"type":"LineString","coordinates":[[-63.01901,-17.72128],[-63.01884,-17.7217]]},"properties":{"description":"LOTES","styleUrl":"#line4","stroke-opacity":1,"stroke":"#000000","stroke-width":1,"name":"FONDO"}},
{"type":"Feature","geometry":{"type":"LineString","coordinates":[[-63.01912,-17.72132],[-63.01894,-17.72174]]},"properties":{"description":"LOTES","styleUrl":"#line4","stroke-opacity":1,"stroke":"#000000","stroke-width":1,"name":"FONDO"}},
{"type":"Feature","geometry":{"type":"LineString","coordinates":[[-63.01922,-17.72136],[-63.01905,-17.72178]]},"properties":{"description":"LOTES","styleUrl":"#line4","stroke-opacity":1,"stroke":"#000000","stroke-width":1,"name":"FONDO"}},
{"type":"Feature","geometry":{"type":"LineString","coordinates":[[-63.01933,-17.7214],[-63.01915,-17.72182]]},"properties":{"description":"LOTES","styleUrl":"#line4","stroke-opacity":1,"stroke":"#000000","stroke-width":1,"name":"FONDO"}},
{"type":"Feature","geometry":{"type":"LineString","coordinates":[[-63.01943,-17.72144],[-63.01926,-17.72186]]},"properties":{"description":"LOTES","styleUrl":"#line4","stroke-opacity":1,"stroke":"#000000","stroke-width":1,"name":"FONDO"}},
{"type":"Feature","geometry":{"type":"LineString","coordinates":[[-63.01954,-17.72148],[-63.01936,-17.7219]]},"properties":{"description":"LOTES","styleUrl":"#line4","stroke-opacity":1,"stroke":"#000000","stroke-width":1,"name":"FONDO"}},
{"type":"Feature","geometry":{"type":"LineString","coordinates":[[-63.01964,-17.72152],[-63.01947,-17.72194]]},"properties":{"description":"LOTES","styleUrl":"#line4","stroke-opacity":1,"stroke":"#000000","stroke-width":1,"name":"FONDO"}},
{"type":"Feature","geometry":{"type":"LineString","coordinates":[[-63.01975,-17.72156],[-63.01957,-17.72198]]},"properties":{"description":"LOTES","styleUrl":"#line4","stroke-opacity":1,"stroke":"#000000","stroke-width":1,"name":"FONDO"}},
{"type":"Feature","geometry":{"type":"LineString","coordinates":[[-63.01985,-17.7216],[-63.01968,-17.72202]]},"properties":{"description":"LOTES","styleUrl":"#line4","stroke-opacity":1,"stroke":"#000000","stroke-width":1,"name":"FONDO"}},
{"type":"Feature","geometry":{"type":"LineString","coordinates":[[-63.01996,-17.72164],[-63.01979,-17.72206]]},"properties":{"description":"LOTES","styleUrl":"#line4","stroke-opacity":1,"stroke":"#000000","stroke-width":1,"name":"FONDO"}},
{"type":"Feature","geometry":{"type":"LineString","coordinates":[[-63.02006,-17.72168],[-63.01989,-17.7221]]},"properties":{"description":"LOTES","styleUrl":"#line4","stroke-opacity":1,"stroke":"#000000","stroke-width":1,"name":"FONDO"}},
{"type":"Feature","geometry":{"type":"LineString","coordinates":[[-63.02017,-17.72172],[-63.02,-17.72214]]},"properties":{"description":"LOTES","styleUrl":"#line4","stroke-opacity":1,"stroke":"#000000","stroke-width":1,"name":"FONDO"}},
{"type":"Feature","geometry":{"type":"LineString","coordinates":[[-63.02027,-17.72176],[-63.0201,-17.72218]]},"properties":{"description":"LOTES","styleUrl":"#line4","stroke-opacity":1,"stroke":"#000000","stroke-width":1,"name":"FONDO"}},
{"type":"Feature","geometry":{"type":"LineString","coordinates":[[-63.02038,-17.7218],[-63.02021,-17.72222]]},"properties":{"description":"LOTES","styleUrl":"#line4","stroke-opacity":1,"stroke":"#000000","stroke-width":1,"name":"FONDO"}},
{"type":"Feature","geometry":{"type":"LineString","coordinates":[[-63.02048,-17.72184],[-63.02031,-17.72226]]},"properties":{"description":"LOTES","styleUrl":"#line4","stroke-opacity":1,"stroke":"#000000","stroke-width":1,"name":"FONDO"}},
{"type":"Feature","geometry":{"type":"LineString","coordinates":[[-63.02059,-17.72188],[-63.02042,-17.7223]]},"properties":{"description":"LOTES","styleUrl":"#line4","stroke-opacity":1,"stroke":"#000000","stroke-width":1,"name":"FONDO"}},
{"type":"Feature","geometry":{"type":"LineString","coordinates":[[-63.0197,-17.72032],[-63.01953,-17.72074]]},"properties":{"description":"LOTES","styleUrl":"#line4","stroke-opacity":1,"stroke":"#000000","stroke-width":1,"name":"FONDO"}},
{"type":"Feature","geometry":{"type":"LineString","coordinates":[[-63.01981,-17.72036],[-63.01964,-17.72078]]},"properties":{"description":"LOTES","styleUrl":"#line4","stroke-opacity":1,"stroke":"#000000","stroke-width":1,"name":"FONDO"}},
{"type":"Feature","geometry":{"type":"LineString","coordinates":[[-63.01991,-17.7204],[-63.01974,-17.72082]]},"properties":{"description":"LOTES","styleUrl":"#line4","stroke-opacity":1,"stroke":"#000000","stroke-width":1,"name":"FONDO"}},
{"type":"Feature","geometry":{"type":"LineString","coordinates":[[-63.02002,-17.72044],[-63.01985,-17.72086]]},"properties":{"description":"LOTES","styleUrl":"#line4","stroke-opacity":1,"stroke":"#000000","stroke-width":1,"name":"FONDO"}},
{"type":"Feature","geometry":{"type":"LineString","coordinates":[[-63.02012,-17.72048],[-63.01995,-17.7209]]},"properties":{"description":"LOTES","styleUrl":"#line4","stroke-opacity":1,"stroke":"#000000","stroke-width":1,"name":"FONDO"}},
{"type":"Feature","geometry":{"type":"LineString","coordinates":[[-63.02023,-17.72052],[-63.02006,-17.72094]]},"properties":{"description":"LOTES","styleUrl":"#line4","stroke-opacity":1,"stroke":"#000000","stroke-width":1,"name":"FONDO"}},
{"type":"Feature","geometry":{"type":"LineString","coordinates":[[-63.02033,-17.72056],[-63.02016,-17.72098]]},"properties":{"description":"LOTES","styleUrl":"#line4","stroke-opacity":1,"stroke":"#000000","stroke-width":1,"name":"FONDO"}},
{"type":"Feature","geometry":{"type":"LineString","coordinates":[[-63.02044,-17.7206],[-63.02027,-17.72102]]},"properties":{"description":"LOTES","styleUrl":"#line4","stroke-opacity":1,"stroke":"#000000","stroke-width":1,"name":"FONDO"}},
{"type":"Feature","geometry":{"type":"LineString","coordinates":[[-63.02055,-17.72064],[-63.02037,-17.72106]]},"properties":{"description":"LOTES","styleUrl":"#line4","stroke-opacity":1,"stroke":"#000000","stroke-width":1,"name":"FONDO"}},
{"type":"Feature","geometry":{"type":"LineString","coordinates":[[-63.02065,-17.72068],[-63.02048,-17.7211]]},"properties":{"description":"LOTES","styleUrl":"#line4","stroke-opacity":1,"stroke":"#000000","stroke-width":1,"name":"FONDO"}},
{"type":"Feature","geometry":{"type":"LineString","coordinates":[[-63.02076,-17.72072],[-63.02058,-17.72114]]},"properties":{"description":"LOTES","styleUrl":"#line4","stroke-opacity":1,"stroke":"#000000","stroke-width":1,"name":"FONDO"}},
{"type":"Feature","geometry":{"type":"LineString","coordinates":[[-63.02086,-17.72076],[-63.02069,-17.72118]]},"properties":{"description":"LOTES","styleUrl":"#line4","stroke-opacity":1,"stroke":"#000000","stroke-width":1,"name":"FONDO"}},
{"type":"Feature","geometry":{"type":"LineString","coordinates":[[-63.02097,-17.72079],[-63.02079,-17.72122]]},"properties":{"description":"LOTES","styleUrl":"#line4","stroke-opacity":1,"stroke":"#000000","stroke-width":1,"name":"FONDO"}},
{"type":"Feature","geometry":{"type":"LineString","coordinates":[[-63.02107,-17.72083],[-63.0209,-17.72126]]},"properties":{"description":"LOTES","styleUrl":"#line4","stroke-opacity":1,"stroke":"#000000","stroke-width":1,"name":"FONDO"}},
{"type":"Feature","geometry":{"type":"LineString","coordinates":[[-63.02118,-17.72087],[-63.021,-17.72129]]},"properties":{"description":"LOTES","styleUrl":"#line4","stroke-opacity":1,"stroke":"#000000","stroke-width":1,"name":"FONDO"}},
{"type":"Feature","geometry":{"type":"LineString","coordinates":[[-63.02128,-17.72091],[-63.02111,-17.72133]]},"properties":{"description":"LOTES","styleUrl":"#line4","stroke-opacity":1,"stroke":"#000000","stroke-width":1,"name":"FONDO"}},
{"type":"Feature","geometry":{"type":"LineString","coordinates":[[-63.02139,-17.72095],[-63.02121,-17.72137]]},"properties":{"description":"LOTES","styleUrl":"#line4","stroke-opacity":1,"stroke":"#000000","stroke-width":1,"name":"FONDO"}},
{"type":"Feature","geometry":{"type":"LineString","coordinates":[[-63.02149,-17.72099],[-63.02141,-17.7212]]},"properties":{"description":"LOTES","styleUrl":"#line4","stroke-opacity":1,"stroke":"#000000","stroke-width":1,"name":"FONDO"}},
{"type":"Feature","geometry":{"type":"LineString","coordinates":[[-63.01998,-17.71981],[-63.01981,-17.72023]]},"properties":{"description":"LOTES","styleUrl":"#line4","stroke-opacity":1,"stroke":"#000000","stroke-width":1,"name":"FONDO"}},
{"type":"Feature","geometry":{"type":"LineString","coordinates":[[-63.02009,-17.71985],[-63.01992,-17.72027]]},"properties":{"description":"LOTES","styleUrl":"#line4","stroke-opacity":1,"stroke":"#000000","stroke-width":1,"name":"FONDO"}},
{"type":"Feature","geometry":{"type":"LineString","coordinates":[[-63.02019,-17.71989],[-63.02002,-17.72031]]},"properties":{"description":"LOTES","styleUrl":"#line4","stroke-opacity":1,"stroke":"#000000","stroke-width":1,"name":"FONDO"}},
{"type":"Feature","geometry":{"type":"LineString","coordinates":[[-63.0203,-17.71993],[-63.02013,-17.72035]]},"properties":{"description":"LOTES","styleUrl":"#line4","stroke-opacity":1,"stroke":"#000000","stroke-width":1,"name":"FONDO"}},
{"type":"Feature","geometry":{"type":"LineString","coordinates":[[-63.0204,-17.71997],[-63.02023,-17.72039]]},"properties":{"description":"LOTES","styleUrl":"#line4","stroke-opacity":1,"stroke":"#000000","stroke-width":1,"name":"FONDO"}},
{"type":"Feature","geometry":{"type":"LineString","coordinates":[[-63.02051,-17.72001],[-63.02034,-17.72043]]},"properties":{"description":"LOTES","styleUrl":"#line4","stroke-opacity":1,"stroke":"#000000","stroke-width":1,"name":"FONDO"}},
{"type":"Feature","geometry":{"type":"LineString","coordinates":[[-63.02061,-17.72005],[-63.02044,-17.72047]]},"properties":{"description":"LOTES","styleUrl":"#line4","stroke-opacity":1,"stroke":"#000000","stroke-width":1,"name":"FONDO"}},
{"type":"Feature","geometry":{"type":"LineString","coordinates":[[-63.02072,-17.72009],[-63.02055,-17.72051]]},"properties":{"description":"LOTES","styleUrl":"#line4","stroke-opacity":1,"stroke":"#000000","stroke-width":1,"name":"FONDO"}},
{"type":"Feature","geometry":{"type":"LineString","coordinates":[[-63.02083,-17.72013],[-63.02065,-17.72055]]},"properties":{"description":"LOTES","styleUrl":"#line4","stroke-opacity":1,"stroke":"#000000","stroke-width":1,"name":"FONDO"}},
{"type":"Feature","geometry":{"type":"LineString","coordinates":[[-63.02093,-17.72017],[-63.02076,-17.72059]]},"properties":{"description":"LOTES","styleUrl":"#line4","stroke-opacity":1,"stroke":"#000000","stroke-width":1,"name":"FONDO"}},
{"type":"Feature","geometry":{"type":"LineString","coordinates":[[-63.02104,-17.72021],[-63.02086,-17.72063]]},"properties":{"description":"LOTES","styleUrl":"#line4","stroke-opacity":1,"stroke":"#000000","stroke-width":1,"name":"FONDO"}},
{"type":"Feature","geometry":{"type":"LineString","coordinates":[[-63.02114,-17.72025],[-63.02097,-17.72067]]},"properties":{"description":"LOTES","styleUrl":"#line4","stroke-opacity":1,"stroke":"#000000","stroke-width":1,"name":"FONDO"}},
{"type":"Feature","geometry":{"type":"LineString","coordinates":[[-63.02125,-17.72029],[-63.02107,-17.72071]]},"properties":{"description":"LOTES","styleUrl":"#line4","stroke-opacity":1,"stroke":"#000000","stroke-width":1,"name":"FONDO"}},
{"type":"Feature","geometry":{"type":"LineString","coordinates":[[-63.02135,-17.72033],[-63.02118,-17.72075]]},"properties":{"description":"LOTES","styleUrl":"#line4","stroke-opacity":1,"stroke":"#000000","stroke-width":1,"name":"FONDO"}},
{"type":"Feature","geometry":{"type":"LineString","coordinates":[[-63.02146,-17.72037],[-63.02128,-17.72079]]},"properties":{"description":"LOTES","styleUrl":"#line4","stroke-opacity":1,"stroke":"#000000","stroke-width":1,"name":"FONDO"}},
{"type":"Feature","geometry":{"type":"LineString","coordinates":[[-63.02156,-17.72041],[-63.02139,-17.72083]]},"properties":{"description":"LOTES","styleUrl":"#line4","stroke-opacity":1,"stroke":"#000000","stroke-width":1,"name":"FONDO"}},
{"type":"Feature","geometry":{"type":"LineString","coordinates":[[-63.02167,-17.72045],[-63.0215,-17.72087]]},"properties":{"description":"LOTES","styleUrl":"#line4","stroke-opacity":1,"stroke":"#000000","stroke-width":1,"name":"FONDO"}},
{"type":"Feature","geometry":{"type":"LineString","coordinates":[[-63.02177,-17.72049],[-63.0216,-17.72091]]},"properties":{"description":"LOTES","styleUrl":"#line4","stroke-opacity":1,"stroke":"#000000","stroke-width":1,"name":"FONDO"}},
{"type":"Feature","geometry":{"type":"LineString","coordinates":[[-63.02188,-17.72053],[-63.02179,-17.72074]]},"properties":{"description":"LOTES","styleUrl":"#line4","stroke-opacity":1,"stroke":"#000000","stroke-width":1,"name":"FONDO"}},
{"type":"Feature","geometry":{"type":"LineString","coordinates":[[-63.0173,-17.72253],[-63.01753,-17.72198]]},"properties":{"description":"LOTES","styleUrl":"#line4","stroke-opacity":1,"stroke":"#000000","stroke-width":1,"name":"FONDO"}},
{"type":"Feature","geometry":{"type":"LineString","coordinates":[[-63.01721,-17.7225],[-63.01744,-17.72195]]},"properties":{"description":"LOTES","styleUrl":"#line4","stroke-opacity":1,"stroke":"#000000","stroke-width":1,"name":"FONDO"}},
{"type":"Feature","geometry":{"type":"LineString","coordinates":[[-63.01713,-17.72246],[-63.01735,-17.72192]]},"properties":{"description":"LOTES","styleUrl":"#line4","stroke-opacity":1,"stroke":"#000000","stroke-width":1,"name":"FONDO"}},
{"type":"Feature","geometry":{"type":"LineString","coordinates":[[-63.01704,-17.72242],[-63.01726,-17.72188]]},"properties":{"description":"LOTES","styleUrl":"#line4","stroke-opacity":1,"stroke":"#000000","stroke-width":1,"name":"FONDO"}},
{"type":"Feature","geometry":{"type":"LineString","coordinates":[[-63.01696,-17.72238],[-63.01717,-17.72185]]},"properties":{"description":"LOTES","styleUrl":"#line4","stroke-opacity":1,"stroke":"#000000","stroke-width":1,"name":"FONDO"}},
{"type":"Feature","geometry":{"type":"LineString","coordinates":[[-63.01687,-17.72235],[-63.01709,-17.72182]]},"properties":{"description":"LOTES","styleUrl":"#line4","stroke-opacity":1,"stroke":"#000000","stroke-width":1,"name":"FONDO"}},
{"type":"Feature","geometry":{"type":"LineString","coordinates":[[-63.01678,-17.72231],[-63.017,-17.72179]]},"properties":{"description":"LOTES","styleUrl":"#line4","stroke-opacity":1,"stroke":"#000000","stroke-width":1,"name":"FONDO"}},
{"type":"Feature","geometry":{"type":"LineString","coordinates":[[-63.0167,-17.72227],[-63.01691,-17.72175]]},"properties":{"description":"LOTES","styleUrl":"#line4","stroke-opacity":1,"stroke":"#000000","stroke-width":1,"name":"FONDO"}},
{"type":"Feature","geometry":{"type":"LineString","coordinates":[[-63.01661,-17.72224],[-63.01682,-17.72172]]},"properties":{"description":"LOTES","styleUrl":"#line4","stroke-opacity":1,"stroke":"#000000","stroke-width":1,"name":"FONDO"}},
{"type":"Feature","geometry":{"type":"LineString","coordinates":[[-63.01652,-17.7222],[-63.01674,-17.72169]]},"properties":{"description":"LOTES","styleUrl":"#line4","stroke-opacity":1,"stroke":"#000000","stroke-width":1,"name":"FONDO"}},
{"type":"Feature","geometry":{"type":"LineString","coordinates":[[-63.01644,-17.72216],[-63.01665,-17.72165]]},"properties":{"description":"LOTES","styleUrl":"#line4","stroke-opacity":1,"stroke":"#000000","stroke-width":1,"name":"FONDO"}},
{"type":"Feature","geometry":{"type":"LineString","coordinates":[[-63.01635,-17.72213],[-63.01656,-17.72162]]},"properties":{"description":"LOTES","styleUrl":"#line4","stroke-opacity":1,"stroke":"#000000","stroke-width":1,"name":"FONDO"}},
{"type":"Feature","geometry":{"type":"LineString","coordinates":[[-63.01627,-17.72209],[-63.01647,-17.72159]]},"properties":{"description":"LOTES","styleUrl":"#line4","stroke-opacity":1,"stroke":"#000000","stroke-width":1,"name":"FONDO"}},
{"type":"Feature","geometry":{"type":"LineString","coordinates":[[-63.01618,-17.72205],[-63.01638,-17.72155]]},"properties":{"description":"LOTES","styleUrl":"#line4","stroke-opacity":1,"stroke":"#000000","stroke-width":1,"name":"FONDO"}},
{"type":"Feature","geometry":{"type":"LineString","coordinates":[[-63.01609,-17.72202],[-63.0163,-17.72152]]},"properties":{"description":"LOTES","styleUrl":"#line4","stroke-opacity":1,"stroke":"#000000","stroke-width":1,"name":"FONDO"}},
{"type":"Feature","geometry":{"type":"LineString","coordinates":[[-63.01601,-17.72198],[-63.01621,-17.72149]]},"properties":{"description":"LOTES","styleUrl":"#line4","stroke-opacity":1,"stroke":"#000000","stroke-width":1,"name":"FONDO"}},
{"type":"Feature","geometry":{"type":"LineString","coordinates":[[-63.01592,-17.72194],[-63.01612,-17.72145]]},"properties":{"description":"LOTES","styleUrl":"#line4","stroke-opacity":1,"stroke":"#000000","stroke-width":1,"name":"FONDO"}},
{"type":"Feature","geometry":{"type":"LineString","coordinates":[[-63.01583,-17.72191],[-63.01603,-17.72142]]},"properties":{"description":"LOTES","styleUrl":"#line4","stroke-opacity":1,"stroke":"#000000","stroke-width":1,"name":"FONDO"}},
{"type":"Feature","geometry":{"type":"LineString","coordinates":[[-63.01575,-17.72187],[-63.01595,-17.72139]]},"properties":{"description":"LOTES","styleUrl":"#line4","stroke-opacity":1,"stroke":"#000000","stroke-width":1,"name":"FONDO"}},
{"type":"Feature","geometry":{"type":"LineString","coordinates":[[-63.01566,-17.72183],[-63.01586,-17.72135]]},"properties":{"description":"LOTES","styleUrl":"#line4","stroke-opacity":1,"stroke":"#000000","stroke-width":1,"name":"FONDO"}},
{"type":"Feature","geometry":{"type":"LineString","coordinates":[[-63.01558,-17.7218],[-63.01577,-17.72132]]},"properties":{"description":"LOTES","styleUrl":"#line4","stroke-opacity":1,"stroke":"#000000","stroke-width":1,"name":"FONDO"}},
{"type":"Feature","geometry":{"type":"LineString","coordinates":[[-63.01526,-17.72147],[-63.01565,-17.72162]]},"properties":{"description":"LOTES","styleUrl":"#line4","stroke-opacity":1,"stroke":"#000000","stroke-width":1,"name":"FONDO"}},
{"type":"Feature","geometry":{"type":"LineString","coordinates":[[-63.01531,-17.72139],[-63.01568,-17.72153]]},"properties":{"description":"LOTES","styleUrl":"#line4","stroke-opacity":1,"stroke":"#000000","stroke-width":1,"name":"FONDO"}},
{"type":"Feature","geometry":{"type":"LineString","coordinates":[[-63.01537,-17.72132],[-63.01572,-17.72145]]},"properties":{"description":"LOTES","styleUrl":"#line4","stroke-opacity":1,"stroke":"#000000","stroke-width":1,"name":"FONDO"}},
{"type":"Feature","geometry":{"type":"LineString","coordinates":[[-63.01786,-17.72226],[-63.01747,-17.72211]]},"properties":{"description":"LOTES","styleUrl":"#line4","stroke-opacity":1,"stroke":"#000000","stroke-width":1,"name":"FONDO"}},
{"type":"Feature","geometry":{"type":"LineString","coordinates":[[-63.01781,-17.72233],[-63.01744,-17.72219]]},"properties":{"description":"LOTES","styleUrl":"#line4","stroke-opacity":1,"stroke":"#000000","stroke-width":1,"name":"FONDO"}},
{"type":"Feature","geometry":{"type":"LineString","coordinates":[[-63.01776,-17.72241],[-63.0174,-17.72228]]},"properties":{"description":"LOTES","styleUrl":"#line4","stroke-opacity":1,"stroke":"#000000","stroke-width":1,"name":"FONDO"}},
{"type":"Feature","geometry":{"type":"LineString","coordinates":[[-63.01771,-17.72249],[-63.01737,-17.72236]]},"properties":{"description":"LOTES","styleUrl":"#line4","stroke-opacity":1,"stroke":"#000000","stroke-width":1,"name":"FONDO"}},
{"type":"Feature","geometry":{"type":"LineString","coordinates":[[-63.01769,-17.72192],[-63.01788,-17.72147]]},"properties":{"description":"LOTES","styleUrl":"#line4","stroke-opacity":1,"stroke":"#000000","stroke-width":1,"name":"FONDO"}},
{"type":"Feature","geometry":{"type":"LineString","coordinates":[[-63.01759,-17.72188],[-63.01778,-17.72143]]},"properties":{"description":"LOTES","styleUrl":"#line4","stroke-opacity":1,"stroke":"#000000","stroke-width":1,"name":"FONDO"}},
{"type":"Feature","geometry":{"type":"LineString","coordinates":[[-63.01748,-17.72184],[-63.01767,-17.72139]]},"properties":{"description":"LOTES","styleUrl":"#line4","stroke-opacity":1,"stroke":"#000000","stroke-width":1,"name":"FONDO"}},
{"type":"Feature","geometry":{"type":"LineString","coordinates":[[-63.01738,-17.7218],[-63.01756,-17.72135]]},"properties":{"description":"LOTES","styleUrl":"#line4","stroke-opacity":1,"stroke":"#000000","stroke-width":1,"name":"FONDO"}},
{"type":"Feature","geometry":{"type":"LineString","coordinates":[[-63.01727,-17.72176],[-63.01746,-17.72131]]},"properties":{"description":"LOTES","styleUrl":"#line4","stroke-opacity":1,"stroke":"#000000","stroke-width":1,"name":"FONDO"}},
{"type":"Feature","geometry":{"type":"LineString","coordinates":[[-63.01717,-17.72172],[-63.01735,-17.72127]]},"properties":{"description":"LOTES","styleUrl":"#line4","stroke-opacity":1,"stroke":"#000000","stroke-width":1,"name":"FONDO"}},
{"type":"Feature","geometry":{"type":"LineString","coordinates":[[-63.01706,-17.72168],[-63.01725,-17.72123]]},"properties":{"description":"LOTES","styleUrl":"#line4","stroke-opacity":1,"stroke":"#000000","stroke-width":1,"name":"FONDO"}},
{"type":"Feature","geometry":{"type":"LineString","coordinates":[[-63.01696,-17.72164],[-63.01714,-17.72119]]},"properties":{"description":"LOTES","styleUrl":"#line4","stroke-opacity":1,"stroke":"#000000","stroke-width":1,"name":"FONDO"}},
{"type":"Feature","geometry":{"type":"LineString","coordinates":[[-63.01685,-17.7216],[-63.01704,-17.72115]]},"properties":{"description":"LOTES","styleUrl":"#line4","stroke-opacity":1,"stroke":"#000000","stroke-width":1,"name":"FONDO"}},
{"type":"Feature","geometry":{"type":"LineString","coordinates":[[-63.01675,-17.72156],[-63.01693,-17.72111]]},"properties":{"description":"LOTES","styleUrl":"#line4","stroke-opacity":1,"stroke":"#000000","stroke-width":1,"name":"FONDO"}},
{"type":"Feature","geometry":{"type":"LineString","coordinates":[[-63.01664,-17.72152],[-63.01683,-17.72107]]},"properties":{"description":"LOTES","styleUrl":"#line4","stroke-opacity":1,"stroke":"#000000","stroke-width":1,"name":"FONDO"}},
{"type":"Feature","geometry":{"type":"LineString","coordinates":[[-63.01654,-17.72148],[-63.01672,-17.72103]]},"properties":{"description":"LOTES","styleUrl":"#line4","stroke-opacity":1,"stroke":"#000000","stroke-width":1,"name":"FONDO"}},
{"type":"Feature","geometry":{"type":"LineString","coordinates":[[-63.01643,-17.72144],[-63.01662,-17.72099]]},"properties":{"description":"LOTES","styleUrl":"#line4","stroke-opacity":1,"stroke":"#000000","stroke-width":1,"name":"FONDO"}},
{"type":"Feature","geometry":{"type":"LineString","coordinates":[[-63.01632,-17.7214],[-63.01651,-17.72095]]},"properties":{"description":"LOTES","styleUrl":"#line4","stroke-opacity":1,"stroke":"#000000","stroke-width":1,"name":"FONDO"}},
{"type":"Feature","geometry":{"type":"LineString","coordinates":[[-63.01622,-17.72136],[-63.01641,-17.72091]]},"properties":{"description":"LOTES","styleUrl":"#line4","stroke-opacity":1,"stroke":"#000000","stroke-width":1,"name":"FONDO"}},
{"type":"Feature","geometry":{"type":"LineString","coordinates":[[-63.01611,-17.72133],[-63.0163,-17.72087]]},"properties":{"description":"LOTES","styleUrl":"#line4","stroke-opacity":1,"stroke":"#000000","stroke-width":1,"name":"FONDO"}},
{"type":"Feature","geometry":{"type":"LineString","coordinates":[[-63.01601,-17.72129],[-63.0162,-17.72083]]},"properties":{"description":"LOTES","styleUrl":"#line4","stroke-opacity":1,"stroke":"#000000","stroke-width":1,"name":"FONDO"}},
{"type":"Feature","geometry":{"type":"LineString","coordinates":[[-63.0159,-17.72125],[-63.01609,-17.72079]]},"properties":{"description":"LOTES","styleUrl":"#line4","stroke-opacity":1,"stroke":"#000000","stroke-width":1,"name":"FONDO"}},
{"type":"Feature","geometry":{"type":"LineString","coordinates":[[-63.01803,-17.7214],[-63.0182,-17.72098]]},"properties":{"description":"LOTES","styleUrl":"#line4","stroke-opacity":1,"stroke":"#000000","stroke-width":1,"name":"FONDO"}},
{"type":"Feature","geometry":{"type":"LineString","coordinates":[[-63.01792,-17.72136],[-63.0181,-17.72094]]},"properties":{"description":"LOTES","styleUrl":"#line4","stroke-opacity":1,"stroke":"#000000","stroke-width":1,"name":"FONDO"}},
{"type":"Feature","geometry":{"type":"LineString","coordinates":[[-63.01878,-17.72082],[-63.01641,-17.71993]]},"properties":{"description":"LOTES","styleUrl":"#line4","stroke-opacity":1,"stroke":"#000000","stroke-width":1,"name":"FONDO"}},
{"type":"Feature","geometry":{"type":"LineString","coordinates":[[-63.01873,-17.7209],[-63.0184,-17.72078]]},"properties":{"description":"LOTES","styleUrl":"#line4","stroke-opacity":1,"stroke":"#000000","stroke-width":1,"name":"FONDO"}},
{"type":"Feature","geometry":{"type":"LineString","coordinates":[[-63.01671,-17.72014],[-63.01635,-17.72001]]},"properties":{"description":"LOTES","styleUrl":"#line4","stroke-opacity":1,"stroke":"#000000","stroke-width":1,"name":"FONDO"}},
{"type":"Feature","geometry":{"type":"LineString","coordinates":[[-63.01883,-17.72075],[-63.01847,-17.72061]]},"properties":{"description":"LOTES","styleUrl":"#line4","stroke-opacity":1,"stroke":"#000000","stroke-width":1,"name":"FONDO"}},
{"type":"Feature","geometry":{"type":"LineString","coordinates":[[-63.01678,-17.71997],[-63.01647,-17.71986]]},"properties":{"description":"LOTES","styleUrl":"#line4","stroke-opacity":1,"stroke":"#000000","stroke-width":1,"name":"FONDO"}},
{"type":"Feature","geometry":{"type":"LineString","coordinates":[[-63.01834,-17.7209],[-63.01852,-17.72048]]},"properties":{"description":"LOTES","styleUrl":"#line4","stroke-opacity":1,"stroke":"#000000","stroke-width":1,"name":"FONDO"}},
{"type":"Feature","geometry":{"type":"LineString","coordinates":[[-63.01824,-17.72086],[-63.01841,-17.72044]]},"properties":{"description":"LOTES","styleUrl":"#line4","stroke-opacity":1,"stroke":"#000000","stroke-width":1,"name":"FONDO"}},
{"type":"Feature","geometry":{"type":"LineString","coordinates":[[-63.01909,-17.72033],[-63.01677,-17.71945]]},"properties":{"description":"LOTES","styleUrl":"#line4","stroke-opacity":1,"stroke":"#000000","stroke-width":1,"name":"FONDO"}},
{"type":"Feature","geometry":{"type":"LineString","coordinates":[[-63.01904,-17.72041],[-63.01871,-17.72028]]},"properties":{"description":"LOTES","styleUrl":"#line4","stroke-opacity":1,"stroke":"#000000","stroke-width":1,"name":"FONDO"}},
{"type":"Feature","geometry":{"type":"LineString","coordinates":[[-63.01713,-17.71969],[-63.01671,-17.71953]]},"properties":{"description":"LOTES","styleUrl":"#line4","stroke-opacity":1,"stroke":"#000000","stroke-width":1,"name":"FONDO"}},
{"type":"Feature","geometry":{"type":"LineString","coordinates":[[-63.01914,-17.72025],[-63.01878,-17.72012]]},"properties":{"description":"LOTES","styleUrl":"#line4","stroke-opacity":1,"stroke":"#000000","stroke-width":1,"name":"FONDO"}},
{"type":"Feature","geometry":{"type":"LineString","coordinates":[[-63.0172,-17.71952],[-63.01683,-17.71938]]},"properties":{"description":"LOTES","styleUrl":"#line4","stroke-opacity":1,"stroke":"#000000","stroke-width":1,"name":"FONDO"}},
{"type":"Feature","geometry":{"type":"LineString","coordinates":[[-63.01866,-17.72041],[-63.01883,-17.71999]]},"properties":{"description":"LOTES","styleUrl":"#line4","stroke-opacity":1,"stroke":"#000000","stroke-width":1,"name":"FONDO"}},
{"type":"Feature","geometry":{"type":"LineString","coordinates":[[-63.01855,-17.72037],[-63.01873,-17.71995]]},"properties":{"description":"LOTES","styleUrl":"#line4","stroke-opacity":1,"stroke":"#000000","stroke-width":1,"name":"FONDO"}},
{"type":"Feature","geometry":{"type":"LineString","coordinates":[[-63.01782,-17.72132],[-63.01799,-17.7209]]},"properties":{"description":"LOTES","styleUrl":"#line4","stroke-opacity":1,"stroke":"#000000","stroke-width":1,"name":"FONDO"}},
{"type":"Feature","geometry":{"type":"LineString","coordinates":[[-63.01813,-17.72082],[-63.01831,-17.7204]]},"properties":{"description":"LOTES","styleUrl":"#line4","stroke-opacity":1,"stroke":"#000000","stroke-width":1,"name":"FONDO"}},
{"type":"Feature","geometry":{"type":"LineString","coordinates":[[-63.01845,-17.72033],[-63.01862,-17.71991]]},"properties":{"description":"LOTES","styleUrl":"#line4","stroke-opacity":1,"stroke":"#000000","stroke-width":1,"name":"FONDO"}},
{"type":"Feature","geometry":{"type":"LineString","coordinates":[[-63.01771,-17.72128],[-63.01789,-17.72086]]},"properties":{"description":"LOTES","styleUrl":"#line4","stroke-opacity":1,"stroke":"#000000","stroke-width":1,"name":"FONDO"}},
{"type":"Feature","geometry":{"type":"LineString","coordinates":[[-63.01803,-17.72078],[-63.0182,-17.72036]]},"properties":{"description":"LOTES","styleUrl":"#line4","stroke-opacity":1,"stroke":"#000000","stroke-width":1,"name":"FONDO"}},
{"type":"Feature","geometry":{"type":"LineString","coordinates":[[-63.01834,-17.72029],[-63.01852,-17.71987]]},"properties":{"description":"LOTES","styleUrl":"#line4","stroke-opacity":1,"stroke":"#000000","stroke-width":1,"name":"FONDO"}},
{"type":"Feature","geometry":{"type":"LineString","coordinates":[[-63.01761,-17.72124],[-63.01778,-17.72082]]},"properties":{"description":"LOTES","styleUrl":"#line4","stroke-opacity":1,"stroke":"#000000","stroke-width":1,"name":"FONDO"}},
{"type":"Feature","geometry":{"type":"LineString","coordinates":[[-63.01792,-17.72074],[-63.0181,-17.72032]]},"properties":{"description":"LOTES","styleUrl":"#line4","stroke-opacity":1,"stroke":"#000000","stroke-width":1,"name":"FONDO"}},
{"type":"Feature","geometry":{"type":"LineString","coordinates":[[-63.01824,-17.72025],[-63.01841,-17.71983]]},"properties":{"description":"LOTES","styleUrl":"#line4","stroke-opacity":1,"stroke":"#000000","stroke-width":1,"name":"FONDO"}},
{"type":"Feature","geometry":{"type":"LineString","coordinates":[[-63.0175,-17.7212],[-63.01768,-17.72078]]},"properties":{"description":"LOTES","styleUrl":"#line4","stroke-opacity":1,"stroke":"#000000","stroke-width":1,"name":"FONDO"}},
{"type":"Feature","geometry":{"type":"LineString","coordinates":[[-63.01782,-17.72071],[-63.01799,-17.72028]]},"properties":{"description":"LOTES","styleUrl":"#line4","stroke-opacity":1,"stroke":"#000000","stroke-width":1,"name":"FONDO"}},
{"type":"Feature","geometry":{"type":"LineString","coordinates":[[-63.01813,-17.72021],[-63.01831,-17.71979]]},"properties":{"description":"LOTES","styleUrl":"#line4","stroke-opacity":1,"stroke":"#000000","stroke-width":1,"name":"FONDO"}},
{"type":"Feature","geometry":{"type":"LineString","coordinates":[[-63.0174,-17.72116],[-63.01757,-17.72074]]},"properties":{"description":"LOTES","styleUrl":"#line4","stroke-opacity":1,"stroke":"#000000","stroke-width":1,"name":"FONDO"}},
{"type":"Feature","geometry":{"type":"LineString","coordinates":[[-63.01771,-17.72067],[-63.01789,-17.72024]]},"properties":{"description":"LOTES","styleUrl":"#line4","stroke-opacity":1,"stroke":"#000000","stroke-width":1,"name":"FONDO"}},
{"type":"Feature","geometry":{"type":"LineString","coordinates":[[-63.01803,-17.72017],[-63.0182,-17.71975]]},"properties":{"description":"LOTES","styleUrl":"#line4","stroke-opacity":1,"stroke":"#000000","stroke-width":1,"name":"FONDO"}},
{"type":"Feature","geometry":{"type":"LineString","coordinates":[[-63.01729,-17.72112],[-63.01746,-17.7207]]},"properties":{"description":"LOTES","styleUrl":"#line4","stroke-opacity":1,"stroke":"#000000","stroke-width":1,"name":"FONDO"}},
{"type":"Feature","geometry":{"type":"LineString","coordinates":[[-63.01761,-17.72063],[-63.01778,-17.72021]]},"properties":{"description":"LOTES","styleUrl":"#line4","stroke-opacity":1,"stroke":"#000000","stroke-width":1,"name":"FONDO"}},
{"type":"Feature","geometry":{"type":"LineString","coordinates":[[-63.01792,-17.72013],[-63.0181,-17.71971]]},"properties":{"description":"LOTES","styleUrl":"#line4","stroke-opacity":1,"stroke":"#000000","stroke-width":1,"name":"FONDO"}},
{"type":"Feature","geometry":{"type":"LineString","coordinates":[[-63.01719,-17.72108],[-63.01736,-17.72066]]},"properties":{"description":"LOTES","styleUrl":"#line4","stroke-opacity":1,"stroke":"#000000","stroke-width":1,"name":"FONDO"}},
{"type":"Feature","geometry":{"type":"LineString","coordinates":[[-63.0175,-17.72059],[-63.01768,-17.72017]]},"properties":{"description":"LOTES","styleUrl":"#line4","stroke-opacity":1,"stroke":"#000000","stroke-width":1,"name":"FONDO"}},
{"type":"Feature","geometry":{"type":"LineString","coordinates":[[-63.01782,-17.72009],[-63.01799,-17.71967]]},"properties":{"description":"LOTES","styleUrl":"#line4","stroke-opacity":1,"stroke":"#000000","stroke-width":1,"name":"FONDO"}},
{"type":"Feature","geometry":{"type":"LineString","coordinates":[[-63.01708,-17.72104],[-63.01725,-17.72062]]},"properties":{"description":"LOTES","styleUrl":"#line4","stroke-opacity":1,"stroke":"#000000","stroke-width":1,"name":"FONDO"}},
{"type":"Feature","geometry":{"type":"LineString","coordinates":[[-63.0174,-17.72055],[-63.01757,-17.72013]]},"properties":{"description":"LOTES","styleUrl":"#line4","stroke-opacity":1,"stroke":"#000000","stroke-width":1,"name":"FONDO"}},
{"type":"Feature","geometry":{"type":"LineString","coordinates":[[-63.01771,-17.72005],[-63.01789,-17.71963]]},"properties":{"description":"LOTES","styleUrl":"#line4","stroke-opacity":1,"stroke":"#000000","stroke-width":1,"name":"FONDO"}},
{"type":"Feature","geometry":{"type":"LineString","coordinates":[[-63.01698,-17.721],[-63.01715,-17.72058]]},"properties":{"description":"LOTES","styleUrl":"#line4","stroke-opacity":1,"stroke":"#000000","stroke-width":1,"name":"FONDO"}},
{"type":"Feature","geometry":{"type":"LineString","coordinates":[[-63.01729,-17.72051],[-63.01746,-17.72009]]},"properties":{"description":"LOTES","styleUrl":"#line4","stroke-opacity":1,"stroke":"#000000","stroke-width":1,"name":"FONDO"}},
{"type":"Feature","geometry":{"type":"LineString","coordinates":[[-63.01761,-17.72001],[-63.01778,-17.71959]]},"properties":{"description":"LOTES","styleUrl":"#line4","stroke-opacity":1,"stroke":"#000000","stroke-width":1,"name":"FONDO"}},
{"type":"Feature","geometry":{"type":"LineString","coordinates":[[-63.01687,-17.72096],[-63.01704,-17.72054]]},"properties":{"description":"LOTES","styleUrl":"#line4","stroke-opacity":1,"stroke":"#000000","stroke-width":1,"name":"FONDO"}},
{"type":"Feature","geometry":{"type":"LineString","coordinates":[[-63.01719,-17.72047],[-63.01736,-17.72005]]},"properties":{"description":"LOTES","styleUrl":"#line4","stroke-opacity":1,"stroke":"#000000","stroke-width":1,"name":"FONDO"}},
{"type":"Feature","geometry":{"type":"LineString","coordinates":[[-63.0175,-17.71997],[-63.01767,-17.71955]]},"properties":{"description":"LOTES","styleUrl":"#line4","stroke-opacity":1,"stroke":"#000000","stroke-width":1,"name":"FONDO"}},
{"type":"Feature","geometry":{"type":"LineString","coordinates":[[-63.01677,-17.72092],[-63.01694,-17.7205]]},"properties":{"description":"LOTES","styleUrl":"#line4","stroke-opacity":1,"stroke":"#000000","stroke-width":1,"name":"FONDO"}},
{"type":"Feature","geometry":{"type":"LineString","coordinates":[[-63.01708,-17.72043],[-63.01725,-17.72001]]},"properties":{"description":"LOTES","styleUrl":"#line4","stroke-opacity":1,"stroke":"#000000","stroke-width":1,"name":"FONDO"}},
{"type":"Feature","geometry":{"type":"LineString","coordinates":[[-63.0174,-17.71993],[-63.01757,-17.71951]]},"properties":{"description":"LOTES","styleUrl":"#line4","stroke-opacity":1,"stroke":"#000000","stroke-width":1,"name":"FONDO"}},
{"type":"Feature","geometry":{"type":"LineString","coordinates":[[-63.01729,-17.71989],[-63.01746,-17.71947]]},"properties":{"description":"LOTES","styleUrl":"#line4","stroke-opacity":1,"stroke":"#000000","stroke-width":1,"name":"FONDO"}},
{"type":"Feature","geometry":{"type":"LineString","coordinates":[[-63.01719,-17.71985],[-63.01736,-17.71943]]},"properties":{"description":"LOTES","styleUrl":"#line4","stroke-opacity":1,"stroke":"#000000","stroke-width":1,"name":"FONDO"}},
{"type":"Feature","geometry":{"type":"LineString","coordinates":[[-63.01708,-17.71981],[-63.01725,-17.71939]]},"properties":{"description":"LOTES","styleUrl":"#line4","stroke-opacity":1,"stroke":"#000000","stroke-width":1,"name":"FONDO"}},
{"type":"Feature","geometry":{"type":"LineString","coordinates":[[-63.01698,-17.72039],[-63.01715,-17.71997]]},"properties":{"description":"LOTES","styleUrl":"#line4","stroke-opacity":1,"stroke":"#000000","stroke-width":1,"name":"FONDO"}},
{"type":"Feature","geometry":{"type":"LineString","coordinates":[[-63.01687,-17.72035],[-63.01704,-17.71993]]},"properties":{"description":"LOTES","styleUrl":"#line4","stroke-opacity":1,"stroke":"#000000","stroke-width":1,"name":"FONDO"}},
{"type":"Feature","geometry":{"type":"LineString","coordinates":[[-63.01677,-17.72031],[-63.01694,-17.71989]]},"properties":{"description":"LOTES","styleUrl":"#line4","stroke-opacity":1,"stroke":"#000000","stroke-width":1,"name":"FONDO"}},
{"type":"Feature","geometry":{"type":"LineString","coordinates":[[-63.01666,-17.72027],[-63.01683,-17.71985]]},"properties":{"description":"LOTES","styleUrl":"#line4","stroke-opacity":1,"stroke":"#000000","stroke-width":1,"name":"FONDO"}},
{"type":"Feature","geometry":{"type":"LineString","coordinates":[[-63.01666,-17.72088],[-63.01683,-17.72046]]},"properties":{"description":"LOTES","styleUrl":"#line4","stroke-opacity":1,"stroke":"#000000","stroke-width":1,"name":"FONDO"}},
{"type":"Feature","geometry":{"type":"LineString","coordinates":[[-63.01656,-17.72084],[-63.01673,-17.72042]]},"properties":{"description":"LOTES","styleUrl":"#line4","stroke-opacity":1,"stroke":"#000000","stroke-width":1,"name":"FONDO"}},
{"type":"Feature","geometry":{"type":"LineString","coordinates":[[-63.01645,-17.7208],[-63.01662,-17.72038]]},"properties":{"description":"LOTES","styleUrl":"#line4","stroke-opacity":1,"stroke":"#000000","stroke-width":1,"name":"FONDO"}},
{"type":"Feature","geometry":{"type":"LineString","coordinates":[[-63.01634,-17.72076],[-63.01652,-17.72034]]},"properties":{"description":"LOTES","styleUrl":"#line4","stroke-opacity":1,"stroke":"#000000","stroke-width":1,"name":"FONDO"}},
{"type":"Feature","geometry":{"type":"LineString","coordinates":[[-63.01492,-17.73038],[-63.01452,-17.73011]]},"properties":{"description":"LOTES","styleUrl":"#line4","stroke-opacity":1,"stroke":"#000000","stroke-width":1,"name":"FONDO"}},
{"type":"Feature","geometry":{"type":"LineString","coordinates":[[-63.01121,-17.73018],[-63.01119,-17.72977]]},"properties":{"description":"LOTES","styleUrl":"#line4","stroke-opacity":1,"stroke":"#000000","stroke-width":1,"name":"FONDO"}},
{"type":"Feature","geometry":{"type":"LineString","coordinates":[[-63.01133,-17.73017],[-63.0113,-17.72977]]},"properties":{"description":"LOTES","styleUrl":"#line4","stroke-opacity":1,"stroke":"#000000","stroke-width":1,"name":"FONDO"}},
{"type":"Feature","geometry":{"type":"LineString","coordinates":[[-63.01144,-17.73017],[-63.01141,-17.72976]]},"properties":{"description":"LOTES","styleUrl":"#line4","stroke-opacity":1,"stroke":"#000000","stroke-width":1,"name":"FONDO"}},
{"type":"Feature","geometry":{"type":"LineString","coordinates":[[-63.01155,-17.73016],[-63.01153,-17.72975]]},"properties":{"description":"LOTES","styleUrl":"#line4","stroke-opacity":1,"stroke":"#000000","stroke-width":1,"name":"FONDO"}},
{"type":"Feature","geometry":{"type":"LineString","coordinates":[[-63.01166,-17.73015],[-63.01164,-17.72975]]},"properties":{"description":"LOTES","styleUrl":"#line4","stroke-opacity":1,"stroke":"#000000","stroke-width":1,"name":"FONDO"}},
{"type":"Feature","geometry":{"type":"LineString","coordinates":[[-63.01178,-17.73015],[-63.01175,-17.72974]]},"properties":{"description":"LOTES","styleUrl":"#line4","stroke-opacity":1,"stroke":"#000000","stroke-width":1,"name":"FONDO"}},
{"type":"Feature","geometry":{"type":"LineString","coordinates":[[-63.01189,-17.73014],[-63.01187,-17.72973]]},"properties":{"description":"LOTES","styleUrl":"#line4","stroke-opacity":1,"stroke":"#000000","stroke-width":1,"name":"FONDO"}},
{"type":"Feature","geometry":{"type":"LineString","coordinates":[[-63.012,-17.73013],[-63.01198,-17.72973]]},"properties":{"description":"LOTES","styleUrl":"#line4","stroke-opacity":1,"stroke":"#000000","stroke-width":1,"name":"FONDO"}},
{"type":"Feature","geometry":{"type":"LineString","coordinates":[[-63.01212,-17.73013],[-63.01209,-17.72972]]},"properties":{"description":"LOTES","styleUrl":"#line4","stroke-opacity":1,"stroke":"#000000","stroke-width":1,"name":"FONDO"}},
{"type":"Feature","geometry":{"type":"LineString","coordinates":[[-63.01223,-17.73012],[-63.0122,-17.72972]]},"properties":{"description":"LOTES","styleUrl":"#line4","stroke-opacity":1,"stroke":"#000000","stroke-width":1,"name":"FONDO"}},
{"type":"Feature","geometry":{"type":"LineString","coordinates":[[-63.01032,-17.73023],[-63.01029,-17.72982]]},"properties":{"description":"LOTES","styleUrl":"#line4","stroke-opacity":1,"stroke":"#000000","stroke-width":1,"name":"FONDO"}},
{"type":"Feature","geometry":{"type":"LineString","coordinates":[[-63.01021,-17.73023],[-63.01018,-17.72983]]},"properties":{"description":"LOTES","styleUrl":"#line4","stroke-opacity":1,"stroke":"#000000","stroke-width":1,"name":"FONDO"}},
{"type":"Feature","geometry":{"type":"LineString","coordinates":[[-63.01009,-17.73024],[-63.01007,-17.72983]]},"properties":{"description":"LOTES","styleUrl":"#line4","stroke-opacity":1,"stroke":"#000000","stroke-width":1,"name":"FONDO"}},
{"type":"Feature","geometry":{"type":"LineString","coordinates":[[-63.00998,-17.73025],[-63.00995,-17.72984]]},"properties":{"description":"LOTES","styleUrl":"#line4","stroke-opacity":1,"stroke":"#000000","stroke-width":1,"name":"FONDO"}},
{"type":"Feature","geometry":{"type":"LineString","coordinates":[[-63.00987,-17.73025],[-63.00984,-17.72985]]},"properties":{"description":"LOTES","styleUrl":"#line4","stroke-opacity":1,"stroke":"#000000","stroke-width":1,"name":"FONDO"}},
{"type":"Feature","geometry":{"type":"LineString","coordinates":[[-63.00975,-17.73026],[-63.00973,-17.72985]]},"properties":{"description":"LOTES","styleUrl":"#line4","stroke-opacity":1,"stroke":"#000000","stroke-width":1,"name":"FONDO"}},
{"type":"Feature","geometry":{"type":"LineString","coordinates":[[-63.00964,-17.73027],[-63.00962,-17.72986]]},"properties":{"description":"LOTES","styleUrl":"#line4","stroke-opacity":1,"stroke":"#000000","stroke-width":1,"name":"FONDO"}},
{"type":"Feature","geometry":{"type":"LineString","coordinates":[[-63.00953,-17.73027],[-63.0095,-17.72987]]},"properties":{"description":"LOTES","styleUrl":"#line4","stroke-opacity":1,"stroke":"#000000","stroke-width":1,"name":"FONDO"}},
{"type":"Feature","geometry":{"type":"LineString","coordinates":[[-63.00941,-17.73028],[-63.00939,-17.72987]]},"properties":{"description":"LOTES","styleUrl":"#line4","stroke-opacity":1,"stroke":"#000000","stroke-width":1,"name":"FONDO"}},
{"type":"Feature","geometry":{"type":"LineString","coordinates":[[-63.0093,-17.73028],[-63.00928,-17.72988]]},"properties":{"description":"LOTES","styleUrl":"#line4","stroke-opacity":1,"stroke":"#000000","stroke-width":1,"name":"FONDO"}},
{"type":"Feature","geometry":{"type":"LineString","coordinates":[[-63.00919,-17.73029],[-63.00916,-17.72988]]},"properties":{"description":"LOTES","styleUrl":"#line4","stroke-opacity":1,"stroke":"#000000","stroke-width":1,"name":"FONDO"}},
{"type":"Feature","geometry":{"type":"LineString","coordinates":[[-63.00908,-17.7303],[-63.00905,-17.72989]]},"properties":{"description":"LOTES","styleUrl":"#line4","stroke-opacity":1,"stroke":"#000000","stroke-width":1,"name":"FONDO"}},
{"type":"Feature","geometry":{"type":"LineString","coordinates":[[-63.01234,-17.73012],[-63.01232,-17.72971]]},"properties":{"description":"LOTES","styleUrl":"#line4","stroke-opacity":1,"stroke":"#000000","stroke-width":1,"name":"FONDO"}},
{"type":"Feature","geometry":{"type":"LineString","coordinates":[[-63.01938,-17.72081],[-63.0192,-17.72123]]},"properties":{"description":"LOTES","styleUrl":"#line4","stroke-opacity":1,"stroke":"#000000","stroke-width":1,"name":"FONDO"}},
{"type":"Feature","geometry":{"type":"LineString","coordinates":[[-63.01276,-17.72821],[-63.01297,-17.72771]]},"properties":{"description":"LOTES","styleUrl":"#line4","stroke-opacity":1,"stroke":"#000000","stroke-width":1,"name":"FONDO"}},
{"type":"Feature","geometry":{"type":"LineString","coordinates":[[-63.01337,-17.7282],[-63.01375,-17.72835]]},"properties":{"description":"LOTES","styleUrl":"#line4","stroke-opacity":1,"stroke":"#000000","stroke-width":1,"name":"FONDO"}},
{"type":"Feature","geometry":{"type":"LineString","coordinates":[[-63.01334,-17.72829],[-63.01369,-17.72843]]},"properties":{"description":"LOTES","styleUrl":"#line4","stroke-opacity":1,"stroke":"#000000","stroke-width":1,"name":"FONDO"}},
{"type":"Feature","geometry":{"type":"LineString","coordinates":[[-63.01341,-17.72812],[-63.01381,-17.72828]]},"properties":{"description":"LOTES","styleUrl":"#line4","stroke-opacity":1,"stroke":"#000000","stroke-width":1,"name":"FONDO"}},
{"type":"Feature","geometry":{"type":"LineString","coordinates":[[-63.01328,-17.72841],[-63.0135,-17.72791]]},"properties":{"description":"LOTES","styleUrl":"#line4","stroke-opacity":1,"stroke":"#000000","stroke-width":1,"name":"FONDO"}},
{"type":"Feature","geometry":{"type":"LineString","coordinates":[[-63.01344,-17.72804],[-63.01386,-17.7282]]},"properties":{"description":"LOTES","styleUrl":"#line4","stroke-opacity":1,"stroke":"#000000","stroke-width":1,"name":"FONDO"}},
{"type":"Feature","geometry":{"type":"LineString","coordinates":[[-63.01319,-17.72838],[-63.01341,-17.72788]]},"properties":{"description":"LOTES","styleUrl":"#line4","stroke-opacity":1,"stroke":"#000000","stroke-width":1,"name":"FONDO"}},
{"type":"Feature","geometry":{"type":"LineString","coordinates":[[-63.01287,-17.72796],[-63.01339,-17.72816]]},"properties":{"description":"LOTES","styleUrl":"#line4","stroke-opacity":1,"stroke":"#000000","stroke-width":1,"name":"FONDO"}},
{"type":"Feature","geometry":{"type":"LineString","coordinates":[[-63.01311,-17.72834],[-63.01332,-17.72784]]},"properties":{"description":"LOTES","styleUrl":"#line4","stroke-opacity":1,"stroke":"#000000","stroke-width":1,"name":"FONDO"}},
{"type":"Feature","geometry":{"type":"LineString","coordinates":[[-63.01302,-17.72831],[-63.01324,-17.72781]]},"properties":{"description":"LOTES","styleUrl":"#line4","stroke-opacity":1,"stroke":"#000000","stroke-width":1,"name":"FONDO"}},
{"type":"Feature","geometry":{"type":"LineString","coordinates":[[-63.01293,-17.72828],[-63.01315,-17.72777]]},"properties":{"description":"LOTES","styleUrl":"#line4","stroke-opacity":1,"stroke":"#000000","stroke-width":1,"name":"FONDO"}},
{"type":"Feature","geometry":{"type":"LineString","coordinates":[[-63.01285,-17.72824],[-63.01306,-17.72774]]},"properties":{"description":"LOTES","styleUrl":"#line4","stroke-opacity":1,"stroke":"#000000","stroke-width":1,"name":"FONDO"}},
{"type":"Feature","geometry":{"type":"LineString","coordinates":[[-63.01276,-17.72821],[-63.01297,-17.72771]]},"properties":{"description":"LOTES","styleUrl":"#line4","stroke-opacity":1,"stroke":"#000000","stroke-width":1,"name":"FONDO"}},
{"type":"Feature","geometry":{"type":"LineString","coordinates":[[-63.01556,-17.71915],[-63.01538,-17.71931]]},"properties":{"description":"0","styleUrl":"#line4","stroke-opacity":1,"stroke":"#000000","stroke-width":1,"name":"FONDO"}},
{"type":"Feature","geometry":{"type":"LineString","coordinates":[[-63.01556,-17.71931],[-63.01538,-17.71915]]},"properties":{"description":"0","styleUrl":"#line4","stroke-opacity":1,"stroke":"#000000","stroke-width":1,"name":"FONDO"}},
{"type":"Feature","geometry":{"type":"LineString","coordinates":[[-63.01545,-17.71925],[-63.01547,-17.7194]]},"properties":{"description":"0","styleUrl":"#line4","stroke-opacity":1,"stroke":"#000000","stroke-width":1,"name":"FONDO"}},
{"type":"Feature","geometry":{"type":"LineString","coordinates":[[-63.01564,-17.71923],[-63.01529,-17.71923]]},"properties":{"description":"0","styleUrl":"#line4","stroke-opacity":1,"stroke":"#000000","stroke-width":1,"name":"FONDO"}},
{"type":"Feature","geometry":{"type":"LineString","coordinates":[[-63.01547,-17.71906],[-63.01549,-17.71921]]},"properties":{"description":"0","styleUrl":"#line4","stroke-opacity":1,"stroke":"#000000","stroke-width":1,"name":"FONDO"}},
{"type":"Feature","geometry":{"type":"LineString","coordinates":[[-63.01547,-17.7194],[-63.01547,-17.71906]]},"properties":{"description":"0","styleUrl":"#line4","stroke-opacity":1,"stroke":"#000000","stroke-width":1,"name":"FONDO"}},
{"type":"Feature","geometry":{"type":"LineString","coordinates":[[-63.01549,-17.71925],[-63.01564,-17.71923]]},"properties":{"description":"0","styleUrl":"#line4","stroke-opacity":1,"stroke":"#000000","stroke-width":1,"name":"FONDO"}},
{"type":"Feature","geometry":{"type":"LineString","coordinates":[[-63.01564,-17.71923],[-63.01569,-17.71923]]},"properties":{"description":"0","styleUrl":"#line4","stroke-opacity":1,"stroke":"#000000","stroke-width":1,"name":"FONDO"}},
{"type":"Feature","geometry":{"type":"LineString","coordinates":[[-63.01547,-17.7194],[-63.01547,-17.71944]]},"properties":{"description":"0","styleUrl":"#line4","stroke-opacity":1,"stroke":"#000000","stroke-width":1,"name":"FONDO"}},
{"type":"Feature","geometry":{"type":"LineString","coordinates":[[-63.01547,-17.71906],[-63.01547,-17.71896]]},"properties":{"description":"0","styleUrl":"#line4","stroke-opacity":1,"stroke":"#000000","stroke-width":1,"name":"FONDO"}},
{"type":"Feature","geometry":{"type":"LineString","coordinates":[[-63.01545,-17.71921],[-63.01529,-17.71923]]},"properties":{"description":"0","styleUrl":"#line4","stroke-opacity":1,"stroke":"#000000","stroke-width":1,"name":"FONDO"}},
{"type":"Feature","geometry":{"type":"LineString","coordinates":[[-63.01529,-17.71923],[-63.01524,-17.71923]]},"properties":{"description":"0","styleUrl":"#line4","stroke-opacity":1,"stroke":"#000000","stroke-width":1,"name":"FONDO"}},
{"type":"Feature","geometry":{"type":"LineString","coordinates":[[-63.01547,-17.71905],[-63.01548,-17.71905],[-63.01549,-17.71905],[-63.0155,-17.71905],[-63.0155,-17.71906],[-63.01551,-17.71906],[-63.01552,-17.71906],[-63.01553,-17.71906],[-63.01554,-17.71906],[-63.01554,-17.71907],[-63.01555,-17.71907],[-63.01556,-17.71907],[-63.01556,-17.71908],[-63.01557,-17.71908],[-63.01558,-17.71908],[-63.01558,-17.71909],[-63.01559,-17.71909],[-63.01559,-17.7191],[-63.0156,-17.7191],[-63.0156,-17.71911],[-63.01561,-17.71911],[-63.01561,-17.71912],[-63.01562,-17.71912],[-63.01562,-17.71913],[-63.01563,-17.71913],[-63.01563,-17.71914],[-63.01563,-17.71915],[-63.01564,-17.71915],[-63.01564,-17.71916],[-63.01564,-17.71917],[-63.01564,-17.71918],[-63.01565,-17.71918],[-63.01565,-17.71919],[-63.01565,-17.7192],[-63.01565,-17.71921],[-63.01565,-17.71922],[-63.01565,-17.71923]]},"properties":{"description":"0","styleUrl":"#line4","stroke-opacity":1,"stroke":"#000000","stroke-width":1,"name":"FONDO"}},
{"type":"Feature","geometry":{"type":"LineString","coordinates":[[-63.01547,-17.71941],[-63.01546,-17.71941],[-63.01545,-17.71941],[-63.01544,-17.71941],[-63.01543,-17.71941],[-63.01543,-17.7194],[-63.01542,-17.7194],[-63.01541,-17.7194],[-63.0154,-17.7194],[-63.0154,-17.71939],[-63.01539,-17.71939],[-63.01538,-17.71939],[-63.01537,-17.71939],[-63.01537,-17.71938],[-63.01536,-17.71938],[-63.01536,-17.71937],[-63.01535,-17.71937],[-63.01534,-17.71936],[-63.01533,-17.71936],[-63.01533,-17.71935],[-63.01532,-17.71935],[-63.01532,-17.71934],[-63.01532,-17.71933],[-63.01531,-17.71933],[-63.01531,-17.71932],[-63.0153,-17.71932],[-63.0153,-17.71931],[-63.0153,-17.7193],[-63.01529,-17.7193],[-63.01529,-17.71929],[-63.01529,-17.71928],[-63.01529,-17.71927],[-63.01528,-17.71927],[-63.01528,-17.71926],[-63.01528,-17.71925],[-63.01528,-17.71924],[-63.01528,-17.71923]]},"properties":{"description":"0","styleUrl":"#line4","stroke-opacity":1,"stroke":"#000000","stroke-width":1,"name":"FONDO"}},
{"type":"Feature","geometry":{"type":"LineString","coordinates":[[-63.01545,-17.71921],[-63.01547,-17.71906]]},"properties":{"description":"0","styleUrl":"#line4","stroke-opacity":1,"stroke":"#000000","stroke-width":1,"name":"FONDO"}},
{"type":"Feature","geometry":{"type":"LineString","coordinates":[[-63.01547,-17.71906],[-63.01547,-17.71923]]},"properties":{"description":"0","styleUrl":"#line4","stroke-opacity":1,"stroke":"#000000","stroke-width":1,"name":"FONDO"}},
{"type":"Feature","geometry":{"type":"LineString","coordinates":[[-63.01547,-17.71923],[-63.01545,-17.71921]]},"properties":{"description":"0","styleUrl":"#line4","stroke-opacity":1,"stroke":"#000000","stroke-width":1,"name":"FONDO"}},
{"type":"Feature","geometry":{"type":"LineString","coordinates":[[-63.01547,-17.71923],[-63.01545,-17.71921]]},"properties":{"description":"0","styleUrl":"#line4","stroke-opacity":1,"stroke":"#000000","stroke-width":1,"name":"FONDO"}},
{"type":"Feature","geometry":{"type":"LineString","coordinates":[[-63.01545,-17.71921],[-63.01547,-17.71906]]},"properties":{"description":"0","styleUrl":"#line4","stroke-opacity":1,"stroke":"#000000","stroke-width":1,"name":"FONDO"}},
{"type":"Feature","geometry":{"type":"LineString","coordinates":[[-63.01547,-17.71906],[-63.01547,-17.71923]]},"properties":{"description":"0","styleUrl":"#line4","stroke-opacity":1,"stroke":"#000000","stroke-width":1,"name":"FONDO"}},
{"type":"Feature","geometry":{"type":"LineString","coordinates":[[-63.01547,-17.71923],[-63.01529,-17.71923]]},"properties":{"description":"0","styleUrl":"#line4","stroke-opacity":1,"stroke":"#000000","stroke-width":1,"name":"FONDO"}},
{"type":"Feature","geometry":{"type":"LineString","coordinates":[[-63.01529,-17.71923],[-63.01545,-17.71925]]},"properties":{"description":"0","styleUrl":"#line4","stroke-opacity":1,"stroke":"#000000","stroke-width":1,"name":"FONDO"}},
{"type":"Feature","geometry":{"type":"LineString","coordinates":[[-63.01545,-17.71925],[-63.01549,-17.71921]]},"properties":{"description":"0","styleUrl":"#line4","stroke-opacity":1,"stroke":"#000000","stroke-width":1,"name":"FONDO"}},
{"type":"Feature","geometry":{"type":"LineString","coordinates":[[-63.01549,-17.71921],[-63.01564,-17.71923]]},"properties":{"description":"0","styleUrl":"#line4","stroke-opacity":1,"stroke":"#000000","stroke-width":1,"name":"FONDO"}},
{"type":"Feature","geometry":{"type":"LineString","coordinates":[[-63.01564,-17.71923],[-63.01547,-17.71923]]},"properties":{"description":"0","styleUrl":"#line4","stroke-opacity":1,"stroke":"#000000","stroke-width":1,"name":"FONDO"}},
{"type":"Feature","geometry":{"type":"LineString","coordinates":[[-63.01547,-17.71923],[-63.01549,-17.71925]]},"properties":{"description":"0","styleUrl":"#line4","stroke-opacity":1,"stroke":"#000000","stroke-width":1,"name":"FONDO"}},
{"type":"Feature","geometry":{"type":"LineString","coordinates":[[-63.01549,-17.71925],[-63.01547,-17.7194]]},"properties":{"description":"0","styleUrl":"#line4","stroke-opacity":1,"stroke":"#000000","stroke-width":1,"name":"FONDO"}},
{"type":"Feature","geometry":{"type":"LineString","coordinates":[[-63.01547,-17.7194],[-63.01547,-17.71923]]},"properties":{"description":"0","styleUrl":"#line4","stroke-opacity":1,"stroke":"#000000","stroke-width":1,"name":"FONDO"}},
{"type":"Feature","geometry":{"type":"LineString","coordinates":[[-63.01549,-17.71919],[-63.01556,-17.71915]]},"properties":{"description":"0","styleUrl":"#line4","stroke-opacity":1,"stroke":"#000000","stroke-width":1,"name":"FONDO"}},
{"type":"Feature","geometry":{"type":"LineString","coordinates":[[-63.01556,-17.71915],[-63.01551,-17.71921]]},"properties":{"description":"0","styleUrl":"#line4","stroke-opacity":1,"stroke":"#000000","stroke-width":1,"name":"FONDO"}},
{"type":"Feature","geometry":{"type":"LineString","coordinates":[[-63.01551,-17.71925],[-63.01556,-17.71931]]},"properties":{"description":"0","styleUrl":"#line4","stroke-opacity":1,"stroke":"#000000","stroke-width":1,"name":"FONDO"}},
{"type":"Feature","geometry":{"type":"LineString","coordinates":[[-63.01556,-17.71931],[-63.01549,-17.71927]]},"properties":{"description":"0","styleUrl":"#line4","stroke-opacity":1,"stroke":"#000000","stroke-width":1,"name":"FONDO"}},
{"type":"Feature","geometry":{"type":"LineString","coordinates":[[-63.01543,-17.71921],[-63.01538,-17.71915]]},"properties":{"description":"0","styleUrl":"#line4","stroke-opacity":1,"stroke":"#000000","stroke-width":1,"name":"FONDO"}},
{"type":"Feature","geometry":{"type":"LineString","coordinates":[[-63.01538,-17.71915],[-63.01545,-17.71919]]},"properties":{"description":"0","styleUrl":"#line4","stroke-opacity":1,"stroke":"#000000","stroke-width":1,"name":"FONDO"}},
{"type":"Feature","geometry":{"type":"LineString","coordinates":[[-63.01543,-17.71925],[-63.01538,-17.71931]]},"properties":{"description":"0","styleUrl":"#line4","stroke-opacity":1,"stroke":"#000000","stroke-width":1,"name":"FONDO"}},
{"type":"Feature","geometry":{"type":"LineString","coordinates":[[-63.01538,-17.71931],[-63.01545,-17.71927]]},"properties":{"description":"0","styleUrl":"#line4","stroke-opacity":1,"stroke":"#000000","stroke-width":1,"name":"FONDO"}},
{"type":"Feature","geometry":{"type":"LineString","coordinates":[[-63.00906,-17.72803],[-63.00898,-17.72814]]},"properties":{"description":"-Jardinera","styleUrl":"#line5","stroke-opacity":1,"stroke":"#269900","stroke-width":1,"name":"FONDO"}},
{"type":"Feature","geometry":{"type":"LineString","coordinates":[[-63.00898,-17.72814],[-63.00898,-17.72815],[-63.00897,-17.72815],[-63.00896,-17.72815],[-63.00896,-17.72816],[-63.00895,-17.72816],[-63.00894,-17.72816],[-63.00894,-17.72815]]},"properties":{"description":"-Jardinera","styleUrl":"#line5","stroke-opacity":1,"stroke":"#269900","stroke-width":1,"name":"FONDO"}},
{"type":"Feature","geometry":{"type":"LineString","coordinates":[[-63.0089,-17.72826],[-63.0084,-17.72895]]},"properties":{"description":"-Jardinera","styleUrl":"#line5","stroke-opacity":1,"stroke":"#269900","stroke-width":1,"name":"FONDO"}},
{"type":"Feature","geometry":{"type":"LineString","coordinates":[[-63.0084,-17.72895],[-63.00839,-17.72895],[-63.00839,-17.72896],[-63.00838,-17.72896],[-63.00838,-17.72897],[-63.00837,-17.72897],[-63.00836,-17.72897],[-63.00835,-17.72897],[-63.00835,-17.72896],[-63.00834,-17.72896],[-63.00834,-17.72895],[-63.00833,-17.72895],[-63.00833,-17.72894]]},"properties":{"description":"-Jardinera","styleUrl":"#line5","stroke-opacity":1,"stroke":"#269900","stroke-width":1,"name":"FONDO"}},
{"type":"Feature","geometry":{"type":"LineString","coordinates":[[-63.00901,-17.72798],[-63.00892,-17.7281]]},"properties":{"description":"-Jardinera","styleUrl":"#line5","stroke-opacity":1,"stroke":"#269900","stroke-width":1,"name":"FONDO"}},
{"type":"Feature","geometry":{"type":"LineString","coordinates":[[-63.00894,-17.72815],[-63.00893,-17.72815],[-63.00892,-17.72815],[-63.00892,-17.72814],[-63.00892,-17.72813],[-63.00891,-17.72813],[-63.00891,-17.72812],[-63.00891,-17.72811],[-63.00892,-17.72811],[-63.00892,-17.7281]]},"properties":{"description":"-Jardinera","styleUrl":"#line5","stroke-opacity":1,"stroke":"#269900","stroke-width":1,"name":"FONDO"}},
{"type":"Feature","geometry":{"type":"LineString","coordinates":[[-63.00884,-17.72821],[-63.00833,-17.72891]]},"properties":{"description":"-Jardinera","styleUrl":"#line5","stroke-opacity":1,"stroke":"#269900","stroke-width":1,"name":"FONDO"}},
{"type":"Feature","geometry":{"type":"LineString","coordinates":[[-63.00833,-17.72894],[-63.00833,-17.72893],[-63.00833,-17.72892],[-63.00833,-17.72891]]},"properties":{"description":"-Jardinera","styleUrl":"#line5","stroke-opacity":1,"stroke":"#269900","stroke-width":1,"name":"FONDO"}},
{"type":"Feature","geometry":{"type":"LineString","coordinates":[[-63.00884,-17.72821],[-63.00885,-17.72821],[-63.00885,-17.7282],[-63.00886,-17.7282],[-63.00887,-17.7282],[-63.00888,-17.7282]]},"properties":{"description":"-Jardinera","styleUrl":"#line5","stroke-opacity":1,"stroke":"#269900","stroke-width":1,"name":"FONDO"}},
{"type":"Feature","geometry":{"type":"LineString","coordinates":[[-63.01232,-17.72591],[-63.01121,-17.72663]]},"properties":{"description":"-Jardinera","styleUrl":"#line5","stroke-opacity":1,"stroke":"#269900","stroke-width":1,"name":"FONDO"}},
{"type":"Feature","geometry":{"type":"LineString","coordinates":[[-63.01121,-17.72663],[-63.01121,-17.72664],[-63.0112,-17.72664],[-63.01119,-17.72664],[-63.01118,-17.72664],[-63.01117,-17.72664],[-63.01117,-17.72663]]},"properties":{"description":"-Jardinera","styleUrl":"#line5","stroke-opacity":1,"stroke":"#269900","stroke-width":1,"name":"FONDO"}},
{"type":"Feature","geometry":{"type":"LineString","coordinates":[[-63.01109,-17.72671],[-63.00906,-17.72803]]},"properties":{"description":"-Jardinera","styleUrl":"#line5","stroke-opacity":1,"stroke":"#269900","stroke-width":1,"name":"FONDO"}},
{"type":"Feature","geometry":{"type":"LineString","coordinates":[[-63.01109,-17.72665],[-63.01109,-17.72666],[-63.0111,-17.72666],[-63.0111,-17.72667],[-63.0111,-17.72668],[-63.01111,-17.72668],[-63.01111,-17.72669],[-63.0111,-17.72669],[-63.0111,-17.7267],[-63.0111,-17.72671],[-63.01109,-17.72671]]},"properties":{"description":"-Jardinera","styleUrl":"#line5","stroke-opacity":1,"stroke":"#269900","stroke-width":1,"name":"FONDO"}},
{"type":"Feature","geometry":{"type":"LineString","coordinates":[[-63.01232,-17.72591],[-63.01233,-17.72591],[-63.01233,-17.7259],[-63.01234,-17.7259],[-63.01235,-17.7259],[-63.01235,-17.72589],[-63.01236,-17.72589],[-63.01237,-17.72589],[-63.01237,-17.72588],[-63.01238,-17.72588],[-63.01239,-17.72588],[-63.0124,-17.72588],[-63.0124,-17.72587],[-63.01241,-17.72587],[-63.01242,-17.72587],[-63.01243,-17.72587],[-63.01244,-17.72587],[-63.01244,-17.72586],[-63.01245,-17.72586],[-63.01246,-17.72586],[-63.01247,-17.72586],[-63.01248,-17.72586],[-63.01249,-17.72586],[-63.0125,-17.72586],[-63.01251,-17.72586],[-63.01252,-17.72586],[-63.01253,-17.72586],[-63.01254,-17.72586],[-63.01255,-17.72586],[-63.01255,-17.72587],[-63.01256,-17.72587],[-63.01257,-17.72587],[-63.01258,-17.72587],[-63.01259,-17.72587],[-63.0126,-17.72588],[-63.01261,-17.72588],[-63.01262,-17.72588]]},"properties":{"description":"-Jardinera","styleUrl":"#line5","stroke-opacity":1,"stroke":"#269900","stroke-width":1,"name":"FONDO"}},
{"type":"Feature","geometry":{"type":"LineString","coordinates":[[-63.01227,-17.72585],[-63.01228,-17.72585],[-63.01229,-17.72585],[-63.01229,-17.72584],[-63.0123,-17.72584],[-63.01231,-17.72583],[-63.01232,-17.72583],[-63.01233,-17.72583],[-63.01233,-17.72582],[-63.01234,-17.72582],[-63.01235,-17.72582],[-63.01235,-17.72581],[-63.01236,-17.72581],[-63.01237,-17.72581],[-63.01238,-17.72581],[-63.01238,-17.7258],[-63.01239,-17.7258],[-63.0124,-17.7258],[-63.01241,-17.7258],[-63.01242,-17.7258],[-63.01242,-17.72579],[-63.01243,-17.72579],[-63.01244,-17.72579],[-63.01245,-17.72579],[-63.01246,-17.72579],[-63.01247,-17.72579],[-63.01248,-17.72579],[-63.01249,-17.72579],[-63.0125,-17.72579],[-63.01251,-17.72579],[-63.01252,-17.72579],[-63.01253,-17.72579],[-63.01254,-17.72579],[-63.01255,-17.72579],[-63.01256,-17.72579],[-63.01257,-17.72579],[-63.01257,-17.7258],[-63.01258,-17.7258],[-63.01259,-17.7258],[-63.0126,-17.7258],[-63.01261,-17.7258],[-63.01262,-17.72581],[-63.01263,-17.72581],[-63.01264,-17.72581],[-63.01265,-17.72582]]},"properties":{"description":"-Jardinera","styleUrl":"#line5","stroke-opacity":1,"stroke":"#269900","stroke-width":1,"name":"FONDO"}},
{"type":"Feature","geometry":{"type":"LineString","coordinates":[[-63.01227,-17.72585],[-63.01117,-17.72657]]},"properties":{"description":"-Jardinera","styleUrl":"#line5","stroke-opacity":1,"stroke":"#269900","stroke-width":1,"name":"FONDO"}},
{"type":"Feature","geometry":{"type":"LineString","coordinates":[[-63.01117,-17.72663],[-63.01116,-17.72663],[-63.01116,-17.72662],[-63.01115,-17.72662],[-63.01115,-17.72661],[-63.01115,-17.7266],[-63.01115,-17.72659],[-63.01116,-17.72659],[-63.01116,-17.72658],[-63.01117,-17.72658],[-63.01117,-17.72657]]},"properties":{"description":"-Jardinera","styleUrl":"#line5","stroke-opacity":1,"stroke":"#269900","stroke-width":1,"name":"FONDO"}},
{"type":"Feature","geometry":{"type":"LineString","coordinates":[[-63.01105,-17.72665],[-63.00901,-17.72798]]},"properties":{"description":"-Jardinera","styleUrl":"#line5","stroke-opacity":1,"stroke":"#269900","stroke-width":1,"name":"FONDO"}},
{"type":"Feature","geometry":{"type":"LineString","coordinates":[[-63.01105,-17.72665],[-63.01106,-17.72665],[-63.01107,-17.72665],[-63.01108,-17.72665],[-63.01109,-17.72665]]},"properties":{"description":"-Jardinera","styleUrl":"#line5","stroke-opacity":1,"stroke":"#269900","stroke-width":1,"name":"FONDO"}},
{"type":"Feature","geometry":{"type":"LineString","coordinates":[[-63.01357,-17.72468],[-63.01359,-17.72465]]},"properties":{"description":"-Jardinera","styleUrl":"#line5","stroke-opacity":1,"stroke":"#269900","stroke-width":1,"name":"FONDO"}},
{"type":"Feature","geometry":{"type":"LineString","coordinates":[[-63.01358,-17.72463],[-63.01359,-17.72463],[-63.01359,-17.72464],[-63.01359,-17.72465]]},"properties":{"description":"-Jardinera","styleUrl":"#line5","stroke-opacity":1,"stroke":"#269900","stroke-width":1,"name":"FONDO"}},
{"type":"Feature","geometry":{"type":"LineString","coordinates":[[-63.01354,-17.72466],[-63.01356,-17.72463]]},"properties":{"description":"-Jardinera","styleUrl":"#line5","stroke-opacity":1,"stroke":"#269900","stroke-width":1,"name":"FONDO"}},
{"type":"Feature","geometry":{"type":"LineString","coordinates":[[-63.01356,-17.72463],[-63.01357,-17.72463],[-63.01357,-17.72462],[-63.01358,-17.72462],[-63.01358,-17.72463]]},"properties":{"description":"-Jardinera","styleUrl":"#line5","stroke-opacity":1,"stroke":"#269900","stroke-width":1,"name":"FONDO"}},
{"type":"Feature","geometry":{"type":"LineString","coordinates":[[-63.01361,-17.72455],[-63.01417,-17.72363]]},"properties":{"description":"-Jardinera","styleUrl":"#line5","stroke-opacity":1,"stroke":"#269900","stroke-width":1,"name":"FONDO"}},
{"type":"Feature","geometry":{"type":"LineString","coordinates":[[-63.01362,-17.72457],[-63.01361,-17.72457],[-63.01361,-17.72456],[-63.01361,-17.72455]]},"properties":{"description":"-Jardinera","styleUrl":"#line5","stroke-opacity":1,"stroke":"#269900","stroke-width":1,"name":"FONDO"}},
{"type":"Feature","geometry":{"type":"LineString","coordinates":[[-63.01417,-17.72363],[-63.01417,-17.72362],[-63.01418,-17.72362],[-63.01419,-17.72362]]},"properties":{"description":"-Jardinera","styleUrl":"#line5","stroke-opacity":1,"stroke":"#269900","stroke-width":1,"name":"FONDO"}},
{"type":"Feature","geometry":{"type":"LineString","coordinates":[[-63.01364,-17.72456],[-63.0142,-17.72365]]},"properties":{"description":"-Jardinera","styleUrl":"#line5","stroke-opacity":1,"stroke":"#269900","stroke-width":1,"name":"FONDO"}},
{"type":"Feature","geometry":{"type":"LineString","coordinates":[[-63.01419,-17.72362],[-63.0142,-17.72362],[-63.0142,-17.72363],[-63.0142,-17.72364],[-63.0142,-17.72365]]},"properties":{"description":"-Jardinera","styleUrl":"#line5","stroke-opacity":1,"stroke":"#269900","stroke-width":1,"name":"FONDO"}},
{"type":"Feature","geometry":{"type":"LineString","coordinates":[[-63.01425,-17.72356],[-63.01441,-17.72329]]},"properties":{"description":"-Jardinera","styleUrl":"#line5","stroke-opacity":1,"stroke":"#269900","stroke-width":1,"name":"FONDO"}},
{"type":"Feature","geometry":{"type":"LineString","coordinates":[[-63.01425,-17.72356],[-63.01425,-17.72357],[-63.01424,-17.72357],[-63.01423,-17.72357]]},"properties":{"description":"-Jardinera","styleUrl":"#line5","stroke-opacity":1,"stroke":"#269900","stroke-width":1,"name":"FONDO"}},
{"type":"Feature","geometry":{"type":"LineString","coordinates":[[-63.01422,-17.72354],[-63.01438,-17.72328]]},"properties":{"description":"-Jardinera","styleUrl":"#line5","stroke-opacity":1,"stroke":"#269900","stroke-width":1,"name":"FONDO"}},
{"type":"Feature","geometry":{"type":"LineString","coordinates":[[-63.01423,-17.72357],[-63.01423,-17.72356],[-63.01422,-17.72356],[-63.01422,-17.72355],[-63.01422,-17.72354]]},"properties":{"description":"-Jardinera","styleUrl":"#line5","stroke-opacity":1,"stroke":"#269900","stroke-width":1,"name":"FONDO"}},
{"type":"Feature","geometry":{"type":"LineString","coordinates":[[-63.01318,-17.72516],[-63.01357,-17.72468]]},"properties":{"description":"-Jardinera","styleUrl":"#line5","stroke-opacity":1,"stroke":"#269900","stroke-width":1,"name":"FONDO"}},
{"type":"Feature","geometry":{"type":"LineString","coordinates":[[-63.01318,-17.72516],[-63.01317,-17.72516],[-63.01316,-17.72516]]},"properties":{"description":"-Jardinera","styleUrl":"#line5","stroke-opacity":1,"stroke":"#269900","stroke-width":1,"name":"FONDO"}},
{"type":"Feature","geometry":{"type":"LineString","coordinates":[[-63.01315,-17.72513],[-63.01354,-17.72466]]},"properties":{"description":"-Jardinera","styleUrl":"#line5","stroke-opacity":1,"stroke":"#269900","stroke-width":1,"name":"FONDO"}},
{"type":"Feature","geometry":{"type":"LineString","coordinates":[[-63.01316,-17.72516],[-63.01315,-17.72516],[-63.01315,-17.72515],[-63.01314,-17.72515],[-63.01314,-17.72514],[-63.01315,-17.72514],[-63.01315,-17.72513]]},"properties":{"description":"-Jardinera","styleUrl":"#line5","stroke-opacity":1,"stroke":"#269900","stroke-width":1,"name":"FONDO"}},
{"type":"Feature","geometry":{"type":"LineString","coordinates":[[-63.01504,-17.72159],[-63.01536,-17.72116]]},"properties":{"description":"-Jardinera","styleUrl":"#line5","stroke-opacity":1,"stroke":"#269900","stroke-width":1,"name":"FONDO"}},
{"type":"Feature","geometry":{"type":"LineString","coordinates":[[-63.01504,-17.72159],[-63.01503,-17.72159],[-63.01502,-17.72159]]},"properties":{"description":"-Jardinera","styleUrl":"#line5","stroke-opacity":1,"stroke":"#269900","stroke-width":1,"name":"FONDO"}},
{"type":"Feature","geometry":{"type":"LineString","coordinates":[[-63.01535,-17.72113],[-63.01535,-17.72114],[-63.01536,-17.72114],[-63.01536,-17.72115],[-63.01536,-17.72116]]},"properties":{"description":"-Jardinera","styleUrl":"#line5","stroke-opacity":1,"stroke":"#269900","stroke-width":1,"name":"FONDO"}},
{"type":"Feature","geometry":{"type":"LineString","coordinates":[[-63.01501,-17.72157],[-63.01533,-17.72114]]},"properties":{"description":"-Jardinera","styleUrl":"#line5","stroke-opacity":1,"stroke":"#269900","stroke-width":1,"name":"FONDO"}},
{"type":"Feature","geometry":{"type":"LineString","coordinates":[[-63.01502,-17.72159],[-63.01501,-17.72159],[-63.01501,-17.72158],[-63.01501,-17.72157]]},"properties":{"description":"-Jardinera","styleUrl":"#line5","stroke-opacity":1,"stroke":"#269900","stroke-width":1,"name":"FONDO"}},
{"type":"Feature","geometry":{"type":"LineString","coordinates":[[-63.01533,-17.72114],[-63.01534,-17.72114],[-63.01534,-17.72113],[-63.01535,-17.72113]]},"properties":{"description":"-Jardinera","styleUrl":"#line5","stroke-opacity":1,"stroke":"#269900","stroke-width":1,"name":"FONDO"}},
{"type":"Feature","geometry":{"type":"LineString","coordinates":[[-63.01493,-17.72175],[-63.01474,-17.72232]]},"properties":{"description":"-Jardinera","styleUrl":"#line5","stroke-opacity":1,"stroke":"#269900","stroke-width":1,"name":"FONDO"}},
{"type":"Feature","geometry":{"type":"LineString","coordinates":[[-63.01474,-17.72232],[-63.01473,-17.72232],[-63.01473,-17.72233],[-63.01472,-17.72233],[-63.01471,-17.72233]]},"properties":{"description":"-Jardinera","styleUrl":"#line5","stroke-opacity":1,"stroke":"#269900","stroke-width":1,"name":"FONDO"}},
{"type":"Feature","geometry":{"type":"LineString","coordinates":[[-63.01492,-17.72173],[-63.01492,-17.72174],[-63.01493,-17.72174],[-63.01493,-17.72175]]},"properties":{"description":"-Jardinera","styleUrl":"#line5","stroke-opacity":1,"stroke":"#269900","stroke-width":1,"name":"FONDO"}},
{"type":"Feature","geometry":{"type":"LineString","coordinates":[[-63.01489,-17.72174],[-63.0147,-17.72231]]},"properties":{"description":"-Jardinera","styleUrl":"#line5","stroke-opacity":1,"stroke":"#269900","stroke-width":1,"name":"FONDO"}},
{"type":"Feature","geometry":{"type":"LineString","coordinates":[[-63.01471,-17.72233],[-63.01471,-17.72232],[-63.0147,-17.72232],[-63.0147,-17.72231]]},"properties":{"description":"-Jardinera","styleUrl":"#line5","stroke-opacity":1,"stroke":"#269900","stroke-width":1,"name":"FONDO"}},
{"type":"Feature","geometry":{"type":"LineString","coordinates":[[-63.01489,-17.72174],[-63.01489,-17.72173],[-63.0149,-17.72173],[-63.01491,-17.72173],[-63.01492,-17.72173]]},"properties":{"description":"-Jardinera","styleUrl":"#line5","stroke-opacity":1,"stroke":"#269900","stroke-width":1,"name":"FONDO"}},
{"type":"Feature","geometry":{"type":"LineString","coordinates":[[-63.01471,-17.72241],[-63.01453,-17.72295]]},"properties":{"description":"-Jardinera","styleUrl":"#line5","stroke-opacity":1,"stroke":"#269900","stroke-width":1,"name":"FONDO"}},
{"type":"Feature","geometry":{"type":"LineString","coordinates":[[-63.01453,-17.72295],[-63.01453,-17.72296],[-63.01452,-17.72296],[-63.01451,-17.72296],[-63.0145,-17.72296]]},"properties":{"description":"-Jardinera","styleUrl":"#line5","stroke-opacity":1,"stroke":"#269900","stroke-width":1,"name":"FONDO"}},
{"type":"Feature","geometry":{"type":"LineString","coordinates":[[-63.0147,-17.72239],[-63.0147,-17.7224],[-63.01471,-17.7224],[-63.01471,-17.72241]]},"properties":{"description":"-Jardinera","styleUrl":"#line5","stroke-opacity":1,"stroke":"#269900","stroke-width":1,"name":"FONDO"}},
{"type":"Feature","geometry":{"type":"LineString","coordinates":[[-63.01467,-17.7224],[-63.01449,-17.72294]]},"properties":{"description":"-Jardinera","styleUrl":"#line5","stroke-opacity":1,"stroke":"#269900","stroke-width":1,"name":"FONDO"}},
{"type":"Feature","geometry":{"type":"LineString","coordinates":[[-63.0145,-17.72296],[-63.01449,-17.72296],[-63.01449,-17.72295],[-63.01449,-17.72294]]},"properties":{"description":"-Jardinera","styleUrl":"#line5","stroke-opacity":1,"stroke":"#269900","stroke-width":1,"name":"FONDO"}},
{"type":"Feature","geometry":{"type":"LineString","coordinates":[[-63.01467,-17.7224],[-63.01468,-17.7224],[-63.01468,-17.72239],[-63.01469,-17.72239],[-63.0147,-17.72239]]},"properties":{"description":"-Jardinera","styleUrl":"#line5","stroke-opacity":1,"stroke":"#269900","stroke-width":1,"name":"FONDO"}},
{"type":"Feature","geometry":{"type":"LineString","coordinates":[[-63.0145,-17.72305],[-63.01441,-17.72329]]},"properties":{"description":"-Jardinera","styleUrl":"#line5","stroke-opacity":1,"stroke":"#269900","stroke-width":1,"name":"FONDO"}},
{"type":"Feature","geometry":{"type":"LineString","coordinates":[[-63.01449,-17.72302],[-63.01449,-17.72303],[-63.0145,-17.72303],[-63.0145,-17.72304],[-63.0145,-17.72305]]},"properties":{"description":"-Jardinera","styleUrl":"#line5","stroke-opacity":1,"stroke":"#269900","stroke-width":1,"name":"FONDO"}},
{"type":"Feature","geometry":{"type":"LineString","coordinates":[[-63.01446,-17.72303],[-63.01438,-17.72328]]},"properties":{"description":"-Jardinera","styleUrl":"#line5","stroke-opacity":1,"stroke":"#269900","stroke-width":1,"name":"FONDO"}},
{"type":"Feature","geometry":{"type":"LineString","coordinates":[[-63.01446,-17.72303],[-63.01447,-17.72303],[-63.01447,-17.72302],[-63.01448,-17.72302],[-63.01449,-17.72302]]},"properties":{"description":"-Jardinera","styleUrl":"#line5","stroke-opacity":1,"stroke":"#269900","stroke-width":1,"name":"FONDO"}},
{"type":"Feature","geometry":{"type":"LineString","coordinates":[[-63.01592,-17.72713],[-63.01513,-17.72686]]},"properties":{"description":"-Jardinera","styleUrl":"#line5","stroke-opacity":1,"stroke":"#269900","stroke-width":1,"name":"FONDO"}},
{"type":"Feature","geometry":{"type":"LineString","coordinates":[[-63.01513,-17.72686],[-63.01513,-17.72685],[-63.01512,-17.72685],[-63.01511,-17.72685],[-63.01511,-17.72684],[-63.01511,-17.72683],[-63.0151,-17.72683],[-63.0151,-17.72682],[-63.01511,-17.72682],[-63.01511,-17.72681],[-63.01511,-17.7268]]},"properties":{"description":"-Jardinera","styleUrl":"#line5","stroke-opacity":1,"stroke":"#269900","stroke-width":1,"name":"FONDO"}},
{"type":"Feature","geometry":{"type":"LineString","coordinates":[[-63.01594,-17.72706],[-63.01516,-17.72679]]},"properties":{"description":"-Jardinera","styleUrl":"#line5","stroke-opacity":1,"stroke":"#269900","stroke-width":1,"name":"FONDO"}},
{"type":"Feature","geometry":{"type":"LineString","coordinates":[[-63.01511,-17.7268],[-63.01512,-17.7268],[-63.01512,-17.72679],[-63.01513,-17.72679],[-63.01514,-17.72679],[-63.01515,-17.72679],[-63.01516,-17.72679]]},"properties":{"description":"-Jardinera","styleUrl":"#line5","stroke-opacity":1,"stroke":"#269900","stroke-width":1,"name":"FONDO"}},
{"type":"Feature","geometry":{"type":"LineString","coordinates":[[-63.01268,-17.7257],[-63.01308,-17.72522]]},"properties":{"description":"-Jardinera","styleUrl":"#line5","stroke-opacity":1,"stroke":"#269900","stroke-width":1,"name":"FONDO"}},
{"type":"Feature","geometry":{"type":"LineString","coordinates":[[-63.01308,-17.72522],[-63.01308,-17.72521],[-63.01309,-17.72521],[-63.0131,-17.72521]]},"properties":{"description":"-Jardinera","styleUrl":"#line5","stroke-opacity":1,"stroke":"#269900","stroke-width":1,"name":"FONDO"}},
{"type":"Feature","geometry":{"type":"LineString","coordinates":[[-63.01269,-17.72572],[-63.01268,-17.72572],[-63.01268,-17.72571],[-63.01268,-17.7257]]},"properties":{"description":"-Jardinera","styleUrl":"#line5","stroke-opacity":1,"stroke":"#269900","stroke-width":1,"name":"FONDO"}},
{"type":"Feature","geometry":{"type":"LineString","coordinates":[[-63.01271,-17.72572],[-63.01311,-17.72524]]},"properties":{"description":"-Jardinera","styleUrl":"#line5","stroke-opacity":1,"stroke":"#269900","stroke-width":1,"name":"FONDO"}},
{"type":"Feature","geometry":{"type":"LineString","coordinates":[[-63.0131,-17.72521],[-63.01311,-17.72521],[-63.01311,-17.72522],[-63.01311,-17.72523],[-63.01311,-17.72524]]},"properties":{"description":"-Jardinera","styleUrl":"#line5","stroke-opacity":1,"stroke":"#269900","stroke-width":1,"name":"FONDO"}},
{"type":"Feature","geometry":{"type":"LineString","coordinates":[[-63.01271,-17.72572],[-63.0127,-17.72572],[-63.0127,-17.72573],[-63.01269,-17.72573],[-63.01269,-17.72572]]},"properties":{"description":"-Jardinera","styleUrl":"#line5","stroke-opacity":1,"stroke":"#269900","stroke-width":1,"name":"FONDO"}},
{"type":"Feature","geometry":{"type":"LineString","coordinates":[[-63.01616,-17.7201],[-63.01646,-17.7197]]},"properties":{"description":"-Jardinera","styleUrl":"#line5","stroke-opacity":1,"stroke":"#269900","stroke-width":1,"name":"FONDO"}},
{"type":"Feature","geometry":{"type":"LineString","coordinates":[[-63.01616,-17.7201],[-63.01615,-17.7201],[-63.01614,-17.7201]]},"properties":{"description":"-Jardinera","styleUrl":"#line5","stroke-opacity":1,"stroke":"#269900","stroke-width":1,"name":"FONDO"}},
{"type":"Feature","geometry":{"type":"LineString","coordinates":[[-63.01645,-17.71967],[-63.01645,-17.71968],[-63.01646,-17.71968],[-63.01646,-17.71969],[-63.01646,-17.7197]]},"properties":{"description":"-Jardinera","styleUrl":"#line5","stroke-opacity":1,"stroke":"#269900","stroke-width":1,"name":"FONDO"}},
{"type":"Feature","geometry":{"type":"LineString","coordinates":[[-63.01613,-17.72007],[-63.01643,-17.71968]]},"properties":{"description":"-Jardinera","styleUrl":"#line5","stroke-opacity":1,"stroke":"#269900","stroke-width":1,"name":"FONDO"}},
{"type":"Feature","geometry":{"type":"LineString","coordinates":[[-63.01614,-17.7201],[-63.01613,-17.7201],[-63.01613,-17.72009],[-63.01613,-17.72008],[-63.01613,-17.72007]]},"properties":{"description":"-Jardinera","styleUrl":"#line5","stroke-opacity":1,"stroke":"#269900","stroke-width":1,"name":"FONDO"}},
{"type":"Feature","geometry":{"type":"LineString","coordinates":[[-63.01643,-17.71968],[-63.01644,-17.71968],[-63.01644,-17.71967],[-63.01645,-17.71967]]},"properties":{"description":"-Jardinera","styleUrl":"#line5","stroke-opacity":1,"stroke":"#269900","stroke-width":1,"name":"FONDO"}},
{"type":"Feature","geometry":{"type":"LineString","coordinates":[[-63.01652,-17.71962],[-63.01682,-17.71923]]},"properties":{"description":"-Jardinera","styleUrl":"#line5","stroke-opacity":1,"stroke":"#269900","stroke-width":1,"name":"FONDO"}},
{"type":"Feature","geometry":{"type":"LineString","coordinates":[[-63.01652,-17.71962],[-63.01652,-17.71963],[-63.01651,-17.71963],[-63.0165,-17.71963]]},"properties":{"description":"-Jardinera","styleUrl":"#line5","stroke-opacity":1,"stroke":"#269900","stroke-width":1,"name":"FONDO"}},
{"type":"Feature","geometry":{"type":"LineString","coordinates":[[-63.01681,-17.7192],[-63.01682,-17.7192],[-63.01682,-17.71921],[-63.01682,-17.71922],[-63.01682,-17.71923]]},"properties":{"description":"-Jardinera","styleUrl":"#line5","stroke-opacity":1,"stroke":"#269900","stroke-width":1,"name":"FONDO"}},
{"type":"Feature","geometry":{"type":"LineString","coordinates":[[-63.01649,-17.7196],[-63.01679,-17.7192]]},"properties":{"description":"-Jardinera","styleUrl":"#line5","stroke-opacity":1,"stroke":"#269900","stroke-width":1,"name":"FONDO"}},
{"type":"Feature","geometry":{"type":"LineString","coordinates":[[-63.0165,-17.71963],[-63.0165,-17.71962],[-63.01649,-17.71962],[-63.01649,-17.71961],[-63.01649,-17.7196]]},"properties":{"description":"-Jardinera","styleUrl":"#line5","stroke-opacity":1,"stroke":"#269900","stroke-width":1,"name":"FONDO"}},
{"type":"Feature","geometry":{"type":"LineString","coordinates":[[-63.01592,-17.72713],[-63.01701,-17.72749]]},"properties":{"description":"-Jardinera","styleUrl":"#line5","stroke-opacity":1,"stroke":"#269900","stroke-width":1,"name":"FONDO"}},
{"type":"Feature","geometry":{"type":"LineString","coordinates":[[-63.01594,-17.72706],[-63.01704,-17.72742]]},"properties":{"description":"-Jardinera","styleUrl":"#line5","stroke-opacity":1,"stroke":"#269900","stroke-width":1,"name":"FONDO"}},
{"type":"Feature","geometry":{"type":"LineString","coordinates":[[-63.01709,-17.72753],[-63.01701,-17.72749]]},"properties":{"description":"-Jardinera","styleUrl":"#line5","stroke-opacity":1,"stroke":"#269900","stroke-width":1,"name":"FONDO"}},
{"type":"Feature","geometry":{"type":"LineString","coordinates":[[-63.01714,-17.72752],[-63.01713,-17.72752],[-63.01713,-17.72753],[-63.01712,-17.72753],[-63.01711,-17.72753],[-63.0171,-17.72753],[-63.01709,-17.72753]]},"properties":{"description":"-Jardinera","styleUrl":"#line5","stroke-opacity":1,"stroke":"#269900","stroke-width":1,"name":"FONDO"}},
{"type":"Feature","geometry":{"type":"LineString","coordinates":[[-63.01712,-17.72746],[-63.01704,-17.72742]]},"properties":{"description":"-Jardinera","styleUrl":"#line5","stroke-opacity":1,"stroke":"#269900","stroke-width":1,"name":"FONDO"}},
{"type":"Feature","geometry":{"type":"LineString","coordinates":[[-63.01712,-17.72746],[-63.01713,-17.72746],[-63.01713,-17.72747],[-63.01714,-17.72747],[-63.01714,-17.72748],[-63.01714,-17.72749],[-63.01715,-17.72749],[-63.01715,-17.7275],[-63.01714,-17.7275],[-63.01714,-17.72751],[-63.01714,-17.72752]]},"properties":{"description":"-Jardinera","styleUrl":"#line5","stroke-opacity":1,"stroke":"#269900","stroke-width":1,"name":"FONDO"}},
{"type":"Feature","geometry":{"type":"LineString","coordinates":[[-63.01542,-17.72108],[-63.01574,-17.72066]]},"properties":{"description":"-Jardinera","styleUrl":"#line5","stroke-opacity":1,"stroke":"#269900","stroke-width":1,"name":"FONDO"}},
{"type":"Feature","geometry":{"type":"LineString","coordinates":[[-63.01542,-17.72108],[-63.01542,-17.72109],[-63.01541,-17.72109],[-63.0154,-17.72109]]},"properties":{"description":"-Jardinera","styleUrl":"#line5","stroke-opacity":1,"stroke":"#269900","stroke-width":1,"name":"FONDO"}},
{"type":"Feature","geometry":{"type":"LineString","coordinates":[[-63.01573,-17.72063],[-63.01574,-17.72063],[-63.01574,-17.72064],[-63.01575,-17.72064],[-63.01575,-17.72065],[-63.01574,-17.72065],[-63.01574,-17.72066]]},"properties":{"description":"-Jardinera","styleUrl":"#line5","stroke-opacity":1,"stroke":"#269900","stroke-width":1,"name":"FONDO"}},
{"type":"Feature","geometry":{"type":"LineString","coordinates":[[-63.01581,-17.72057],[-63.0161,-17.72018]]},"properties":{"description":"-Jardinera","styleUrl":"#line5","stroke-opacity":1,"stroke":"#269900","stroke-width":1,"name":"FONDO"}},
{"type":"Feature","geometry":{"type":"LineString","coordinates":[[-63.01581,-17.72057],[-63.0158,-17.72057],[-63.0158,-17.72058],[-63.01579,-17.72058],[-63.01578,-17.72058]]},"properties":{"description":"-Jardinera","styleUrl":"#line5","stroke-opacity":1,"stroke":"#269900","stroke-width":1,"name":"FONDO"}},
{"type":"Feature","geometry":{"type":"LineString","coordinates":[[-63.01539,-17.72106],[-63.01571,-17.72063]]},"properties":{"description":"-Jardinera","styleUrl":"#line5","stroke-opacity":1,"stroke":"#269900","stroke-width":1,"name":"FONDO"}},
{"type":"Feature","geometry":{"type":"LineString","coordinates":[[-63.0154,-17.72109],[-63.0154,-17.72108],[-63.01539,-17.72108],[-63.01539,-17.72107],[-63.01539,-17.72106]]},"properties":{"description":"-Jardinera","styleUrl":"#line5","stroke-opacity":1,"stroke":"#269900","stroke-width":1,"name":"FONDO"}},
{"type":"Feature","geometry":{"type":"LineString","coordinates":[[-63.01571,-17.72063],[-63.01572,-17.72063],[-63.01573,-17.72063]]},"properties":{"description":"-Jardinera","styleUrl":"#line5","stroke-opacity":1,"stroke":"#269900","stroke-width":1,"name":"FONDO"}},
{"type":"Feature","geometry":{"type":"LineString","coordinates":[[-63.01577,-17.72055],[-63.01607,-17.72016]]},"properties":{"description":"-Jardinera","styleUrl":"#line5","stroke-opacity":1,"stroke":"#269900","stroke-width":1,"name":"FONDO"}},
{"type":"Feature","geometry":{"type":"LineString","coordinates":[[-63.01578,-17.72058],[-63.01578,-17.72057],[-63.01577,-17.72057],[-63.01577,-17.72056],[-63.01577,-17.72055]]},"properties":{"description":"-Jardinera","styleUrl":"#line5","stroke-opacity":1,"stroke":"#269900","stroke-width":1,"name":"FONDO"}},
{"type":"Feature","geometry":{"type":"LineString","coordinates":[[-63.01607,-17.72016],[-63.01607,-17.72015],[-63.01608,-17.72015],[-63.01609,-17.72015]]},"properties":{"description":"-Jardinera","styleUrl":"#line5","stroke-opacity":1,"stroke":"#269900","stroke-width":1,"name":"FONDO"}},
{"type":"Feature","geometry":{"type":"LineString","coordinates":[[-63.01688,-17.71914],[-63.01718,-17.71873]]},"properties":{"description":"-Jardinera","styleUrl":"#line5","stroke-opacity":1,"stroke":"#269900","stroke-width":1,"name":"FONDO"}},
{"type":"Feature","geometry":{"type":"LineString","coordinates":[[-63.01688,-17.71914],[-63.01688,-17.71915],[-63.01687,-17.71915],[-63.01686,-17.71915]]},"properties":{"description":"-Jardinera","styleUrl":"#line5","stroke-opacity":1,"stroke":"#269900","stroke-width":1,"name":"FONDO"}},
{"type":"Feature","geometry":{"type":"LineString","coordinates":[[-63.01717,-17.71871],[-63.01718,-17.71871],[-63.01718,-17.71872],[-63.01718,-17.71873]]},"properties":{"description":"-Jardinera","styleUrl":"#line5","stroke-opacity":1,"stroke":"#269900","stroke-width":1,"name":"FONDO"}},
{"type":"Feature","geometry":{"type":"LineString","coordinates":[[-63.01685,-17.71912],[-63.01715,-17.71871]]},"properties":{"description":"-Jardinera","styleUrl":"#line5","stroke-opacity":1,"stroke":"#269900","stroke-width":1,"name":"FONDO"}},
{"type":"Feature","geometry":{"type":"LineString","coordinates":[[-63.01686,-17.71915],[-63.01685,-17.71915],[-63.01685,-17.71914],[-63.01685,-17.71913],[-63.01685,-17.71912]]},"properties":{"description":"-Jardinera","styleUrl":"#line5","stroke-opacity":1,"stroke":"#269900","stroke-width":1,"name":"FONDO"}},
{"type":"Feature","geometry":{"type":"LineString","coordinates":[[-63.01715,-17.71871],[-63.01716,-17.71871],[-63.01717,-17.71871]]},"properties":{"description":"-Jardinera","styleUrl":"#line5","stroke-opacity":1,"stroke":"#269900","stroke-width":1,"name":"FONDO"}},
{"type":"Feature","geometry":{"type":"LineString","coordinates":[[-63.01262,-17.72588],[-63.01332,-17.72616]]},"properties":{"description":"-Jardinera","styleUrl":"#line5","stroke-opacity":1,"stroke":"#269900","stroke-width":1,"name":"FONDO"}},
{"type":"Feature","geometry":{"type":"LineString","coordinates":[[-63.01336,-17.72615],[-63.01335,-17.72616],[-63.01334,-17.72616],[-63.01333,-17.72616],[-63.01332,-17.72616]]},"properties":{"description":"-Jardinera","styleUrl":"#line5","stroke-opacity":1,"stroke":"#269900","stroke-width":1,"name":"FONDO"}},
{"type":"Feature","geometry":{"type":"LineString","coordinates":[[-63.01348,-17.72622],[-63.01491,-17.72677]]},"properties":{"description":"-Jardinera","styleUrl":"#line5","stroke-opacity":1,"stroke":"#269900","stroke-width":1,"name":"FONDO"}},
{"type":"Feature","geometry":{"type":"LineString","coordinates":[[-63.01348,-17.72622],[-63.01347,-17.72622],[-63.01347,-17.72621],[-63.01346,-17.72621],[-63.01346,-17.7262],[-63.01346,-17.72619],[-63.01346,-17.72618],[-63.01346,-17.72617],[-63.01346,-17.72616],[-63.01347,-17.72616],[-63.01347,-17.72615]]},"properties":{"description":"-Jardinera","styleUrl":"#line5","stroke-opacity":1,"stroke":"#269900","stroke-width":1,"name":"FONDO"}},
{"type":"Feature","geometry":{"type":"LineString","coordinates":[[-63.01496,-17.72676],[-63.01495,-17.72676],[-63.01495,-17.72677],[-63.01494,-17.72677],[-63.01494,-17.72678],[-63.01493,-17.72678],[-63.01492,-17.72678],[-63.01491,-17.72678],[-63.01491,-17.72677]]},"properties":{"description":"-Jardinera","styleUrl":"#line5","stroke-opacity":1,"stroke":"#269900","stroke-width":1,"name":"FONDO"}},
{"type":"Feature","geometry":{"type":"LineString","coordinates":[[-63.01265,-17.72582],[-63.01335,-17.72609]]},"properties":{"description":"-Jardinera","styleUrl":"#line5","stroke-opacity":1,"stroke":"#269900","stroke-width":1,"name":"FONDO"}},
{"type":"Feature","geometry":{"type":"LineString","coordinates":[[-63.01335,-17.72609],[-63.01336,-17.72609],[-63.01336,-17.7261],[-63.01337,-17.7261],[-63.01337,-17.72611],[-63.01337,-17.72612],[-63.01337,-17.72613],[-63.01337,-17.72614],[-63.01337,-17.72615],[-63.01336,-17.72615]]},"properties":{"description":"-Jardinera","styleUrl":"#line5","stroke-opacity":1,"stroke":"#269900","stroke-width":1,"name":"FONDO"}},
{"type":"Feature","geometry":{"type":"LineString","coordinates":[[-63.01351,-17.72615],[-63.01494,-17.72671]]},"properties":{"description":"-Jardinera","styleUrl":"#line5","stroke-opacity":1,"stroke":"#269900","stroke-width":1,"name":"FONDO"}},
{"type":"Feature","geometry":{"type":"LineString","coordinates":[[-63.01347,-17.72615],[-63.01348,-17.72615],[-63.01349,-17.72615],[-63.0135,-17.72615],[-63.01351,-17.72615]]},"properties":{"description":"-Jardinera","styleUrl":"#line5","stroke-opacity":1,"stroke":"#269900","stroke-width":1,"name":"FONDO"}},
{"type":"Feature","geometry":{"type":"LineString","coordinates":[[-63.01494,-17.72671],[-63.01495,-17.72671],[-63.01495,-17.72672],[-63.01496,-17.72672],[-63.01496,-17.72673],[-63.01496,-17.72674],[-63.01496,-17.72675],[-63.01496,-17.72676]]},"properties":{"description":"-Jardinera","styleUrl":"#line5","stroke-opacity":1,"stroke":"#269900","stroke-width":1,"name":"FONDO"}},
{"type":"Feature","geometry":{"type":"LineString","coordinates":[[-63.00888,-17.7282],[-63.00889,-17.7282],[-63.00889,-17.72821],[-63.0089,-17.72821],[-63.0089,-17.72822],[-63.0089,-17.72823],[-63.00891,-17.72823],[-63.00891,-17.72824],[-63.0089,-17.72824],[-63.0089,-17.72825],[-63.0089,-17.72826]]},"properties":{"description":"-Jardinera","styleUrl":"#line5","stroke-opacity":1,"stroke":"#269900","stroke-width":1,"name":"FONDO"}},
{"type":"Feature","geometry":{"type":"LineString","coordinates":[[-63.01951,-17.72362],[-63.01766,-17.72283]]},"properties":{"description":"-Jardinera","styleUrl":"#line5","stroke-opacity":1,"stroke":"#269900","stroke-width":1,"name":"FONDO"}},
{"type":"Feature","geometry":{"type":"LineString","coordinates":[[-63.01954,-17.72361],[-63.01953,-17.72361],[-63.01953,-17.72362],[-63.01952,-17.72362],[-63.01951,-17.72362]]},"properties":{"description":"-Jardinera","styleUrl":"#line5","stroke-opacity":1,"stroke":"#269900","stroke-width":1,"name":"FONDO"}},
{"type":"Feature","geometry":{"type":"LineString","coordinates":[[-63.01755,-17.72278],[-63.01509,-17.72173]]},"properties":{"description":"-Jardinera","styleUrl":"#line5","stroke-opacity":1,"stroke":"#269900","stroke-width":1,"name":"FONDO"}},
{"type":"Feature","geometry":{"type":"LineString","coordinates":[[-63.01757,-17.72277],[-63.01757,-17.72278],[-63.01756,-17.72278],[-63.01755,-17.72278]]},"properties":{"description":"-Jardinera","styleUrl":"#line5","stroke-opacity":1,"stroke":"#269900","stroke-width":1,"name":"FONDO"}},
{"type":"Feature","geometry":{"type":"LineString","coordinates":[[-63.01509,-17.72173],[-63.01508,-17.72173],[-63.01508,-17.72172],[-63.01508,-17.72171]]},"properties":{"description":"-Jardinera","styleUrl":"#line5","stroke-opacity":1,"stroke":"#269900","stroke-width":1,"name":"FONDO"}},
{"type":"Feature","geometry":{"type":"LineString","coordinates":[[-63.01765,-17.7228],[-63.01766,-17.7228],[-63.01766,-17.72279],[-63.01767,-17.72279]]},"properties":{"description":"-Jardinera","styleUrl":"#line5","stroke-opacity":1,"stroke":"#269900","stroke-width":1,"name":"FONDO"}},
{"type":"Feature","geometry":{"type":"LineString","coordinates":[[-63.01953,-17.72359],[-63.01767,-17.72279]]},"properties":{"description":"-Jardinera","styleUrl":"#line5","stroke-opacity":1,"stroke":"#269900","stroke-width":1,"name":"FONDO"}},
{"type":"Feature","geometry":{"type":"LineString","coordinates":[[-63.01756,-17.72275],[-63.0151,-17.7217]]},"properties":{"description":"-Jardinera","styleUrl":"#line5","stroke-opacity":1,"stroke":"#269900","stroke-width":1,"name":"FONDO"}},
{"type":"Feature","geometry":{"type":"LineString","coordinates":[[-63.01508,-17.72171],[-63.01508,-17.7217],[-63.01509,-17.7217],[-63.0151,-17.7217]]},"properties":{"description":"-Jardinera","styleUrl":"#line5","stroke-opacity":1,"stroke":"#269900","stroke-width":1,"name":"FONDO"}},
{"type":"Feature","geometry":{"type":"LineString","coordinates":[[-63.01756,-17.72275],[-63.01757,-17.72275],[-63.01757,-17.72276],[-63.01757,-17.72277]]},"properties":{"description":"-Jardinera","styleUrl":"#line5","stroke-opacity":1,"stroke":"#269900","stroke-width":1,"name":"FONDO"}},
{"type":"Feature","geometry":{"type":"LineString","coordinates":[[-63.01953,-17.72359],[-63.01954,-17.72359],[-63.01954,-17.7236],[-63.01954,-17.72361]]},"properties":{"description":"-Jardinera","styleUrl":"#line5","stroke-opacity":1,"stroke":"#269900","stroke-width":1,"name":"FONDO"}},
{"type":"Feature","geometry":{"type":"LineString","coordinates":[[-63.01766,-17.72283],[-63.01765,-17.72283],[-63.01765,-17.72282],[-63.01765,-17.72281],[-63.01765,-17.7228]]},"properties":{"description":"-Jardinera","styleUrl":"#line5","stroke-opacity":1,"stroke":"#269900","stroke-width":1,"name":"FONDO"}},
{"type":"Feature","geometry":{"type":"LineString","coordinates":[[-63.01679,-17.7192],[-63.0168,-17.7192],[-63.01681,-17.7192]]},"properties":{"description":"-Jardinera","styleUrl":"#line5","stroke-opacity":1,"stroke":"#269900","stroke-width":1,"name":"FONDO"}},
{"type":"Feature","geometry":{"type":"LineString","coordinates":[[-63.01609,-17.72015],[-63.0161,-17.72015],[-63.0161,-17.72016],[-63.01611,-17.72016],[-63.01611,-17.72017],[-63.0161,-17.72017],[-63.0161,-17.72018]]},"properties":{"description":"-Jardinera","styleUrl":"#line5","stroke-opacity":1,"stroke":"#269900","stroke-width":1,"name":"FONDO"}},
{"type":"Feature","geometry":{"type":"LineString","coordinates":[[-63.01364,-17.72456],[-63.01364,-17.72457],[-63.01363,-17.72457],[-63.01362,-17.72457]]},"properties":{"description":"-Jardinera","styleUrl":"#line5","stroke-opacity":1,"stroke":"#269900","stroke-width":1,"name":"FONDO"}},
{"type":"Feature","geometry":{"type":"LineString","coordinates":[[-63.00903,-17.728],[-63.00823,-17.72912]]},"properties":{"description":"EJES","styleUrl":"#line6","stroke-opacity":1,"stroke":"#FF00FF","stroke-width":1,"name":"FONDO"}},
{"type":"Feature","geometry":{"type":"LineString","coordinates":[[-63.01245,-17.72578],[-63.00903,-17.728]]},"properties":{"description":"EJES","styleUrl":"#line6","stroke-opacity":1,"stroke":"#FF00FF","stroke-width":1,"name":"FONDO"}},
{"type":"Feature","geometry":{"type":"LineString","coordinates":[[-63.01342,-17.72615],[-63.00978,-17.72852]]},"properties":{"description":"EJES","styleUrl":"#line6","stroke-opacity":1,"stroke":"#FF00FF","stroke-width":1,"name":"FONDO"}},
{"type":"Feature","geometry":{"type":"LineString","coordinates":[[-63.01114,-17.72763],[-63.01364,-17.72862]]},"properties":{"description":"EJES","styleUrl":"#line6","stroke-opacity":1,"stroke":"#FF00FF","stroke-width":1,"name":"FONDO"}},
{"type":"Feature","geometry":{"type":"LineString","coordinates":[[-63.01046,-17.72808],[-63.01322,-17.72917]]},"properties":{"description":"EJES","styleUrl":"#line6","stroke-opacity":1,"stroke":"#FF00FF","stroke-width":1,"name":"FONDO"}},
{"type":"Feature","geometry":{"type":"LineString","coordinates":[[-63.00891,-17.72818],[-63.01244,-17.72957]]},"properties":{"description":"EJES","styleUrl":"#line6","stroke-opacity":1,"stroke":"#FF00FF","stroke-width":1,"name":"FONDO"}},
{"type":"Feature","geometry":{"type":"LineString","coordinates":[[-63.01504,-17.72679],[-63.01321,-17.72917]]},"properties":{"description":"EJES","styleUrl":"#line6","stroke-opacity":1,"stroke":"#FF00FF","stroke-width":1,"name":"FONDO"}},
{"type":"Feature","geometry":{"type":"LineString","coordinates":[[-63.01183,-17.72719],[-63.01113,-17.72664]]},"properties":{"description":"EJES","styleUrl":"#line6","stroke-opacity":1,"stroke":"#FF00FF","stroke-width":1,"name":"FONDO"}},
{"type":"Feature","geometry":{"type":"LineString","coordinates":[[-63.01355,-17.72467],[-63.0144,-17.72329]]},"properties":{"description":"EJES","styleUrl":"#line6","stroke-opacity":1,"stroke":"#FF00FF","stroke-width":1,"name":"FONDO"}},
{"type":"Feature","geometry":{"type":"LineString","coordinates":[[-63.01313,-17.72519],[-63.01355,-17.72467]]},"properties":{"description":"EJES","styleUrl":"#line6","stroke-opacity":1,"stroke":"#FF00FF","stroke-width":1,"name":"FONDO"}},
{"type":"Feature","geometry":{"type":"LineString","coordinates":[[-63.01492,-17.72172],[-63.01538,-17.72111]]},"properties":{"description":"EJES","styleUrl":"#line6","stroke-opacity":1,"stroke":"#FF00FF","stroke-width":1,"name":"FONDO"}},
{"type":"Feature","geometry":{"type":"LineString","coordinates":[[-63.01492,-17.72172],[-63.0144,-17.72329]]},"properties":{"description":"EJES","styleUrl":"#line6","stroke-opacity":1,"stroke":"#FF00FF","stroke-width":1,"name":"FONDO"}},
{"type":"Feature","geometry":{"type":"LineString","coordinates":[[-63.01593,-17.7271],[-63.01505,-17.72679]]},"properties":{"description":"EJES","styleUrl":"#line6","stroke-opacity":1,"stroke":"#FF00FF","stroke-width":1,"name":"FONDO"}},
{"type":"Feature","geometry":{"type":"LineString","coordinates":[[-63.01259,-17.72583],[-63.01313,-17.72519]]},"properties":{"description":"EJES","styleUrl":"#line6","stroke-opacity":1,"stroke":"#FF00FF","stroke-width":1,"name":"FONDO"}},
{"type":"Feature","geometry":{"type":"LineString","coordinates":[[-63.01576,-17.7206],[-63.01612,-17.72013]]},"properties":{"description":"EJES","styleUrl":"#line6","stroke-opacity":1,"stroke":"#FF00FF","stroke-width":1,"name":"FONDO"}},
{"type":"Feature","geometry":{"type":"LineString","coordinates":[[-63.01612,-17.72013],[-63.01684,-17.71917]]},"properties":{"description":"EJES","styleUrl":"#line6","stroke-opacity":1,"stroke":"#FF00FF","stroke-width":1,"name":"FONDO"}},
{"type":"Feature","geometry":{"type":"LineString","coordinates":[[-63.01596,-17.7291],[-63.01406,-17.72807]]},"properties":{"description":"EJES","styleUrl":"#line6","stroke-opacity":1,"stroke":"#FF00FF","stroke-width":1,"name":"FONDO"}},
{"type":"Feature","geometry":{"type":"LineString","coordinates":[[-63.01776,-17.72673],[-63.01809,-17.72619]]},"properties":{"description":"EJES","styleUrl":"#line6","stroke-opacity":1,"stroke":"#FF00FF","stroke-width":1,"name":"FONDO"}},
{"type":"Feature","geometry":{"type":"LineString","coordinates":[[-63.01855,-17.72544],[-63.01886,-17.72493]]},"properties":{"description":"EJES","styleUrl":"#line6","stroke-opacity":1,"stroke":"#FF00FF","stroke-width":1,"name":"FONDO"}},
{"type":"Feature","geometry":{"type":"LineString","coordinates":[[-63.01886,-17.72493],[-63.01957,-17.72362]]},"properties":{"description":"EJES","styleUrl":"#line6","stroke-opacity":1,"stroke":"#FF00FF","stroke-width":1,"name":"FONDO"}},
{"type":"Feature","geometry":{"type":"LineString","coordinates":[[-63.01716,-17.72752],[-63.01493,-17.73047]]},"properties":{"description":"EJES","styleUrl":"#line6","stroke-opacity":1,"stroke":"#FF00FF","stroke-width":1,"name":"FONDO"}},
{"type":"Feature","geometry":{"type":"LineString","coordinates":[[-63.01593,-17.7271],[-63.01702,-17.72746]]},"properties":{"description":"EJES","styleUrl":"#line6","stroke-opacity":1,"stroke":"#FF00FF","stroke-width":1,"name":"FONDO"}},
{"type":"Feature","geometry":{"type":"LineString","coordinates":[[-63.01313,-17.72519],[-63.01773,-17.72677]]},"properties":{"description":"EJES","styleUrl":"#line6","stroke-opacity":1,"stroke":"#FF00FF","stroke-width":1,"name":"FONDO"}},
{"type":"Feature","geometry":{"type":"LineString","coordinates":[[-63.01776,-17.72673],[-63.01719,-17.72753]]},"properties":{"description":"EJES","styleUrl":"#line6","stroke-opacity":1,"stroke":"#FF00FF","stroke-width":1,"name":"FONDO"}},
{"type":"Feature","geometry":{"type":"LineString","coordinates":[[-63.01719,-17.72753],[-63.01702,-17.72746]]},"properties":{"description":"EJES","styleUrl":"#line6","stroke-opacity":1,"stroke":"#FF00FF","stroke-width":1,"name":"FONDO"}},
{"type":"Feature","geometry":{"type":"LineString","coordinates":[[-63.01379,-17.72985],[-63.01588,-17.72708]]},"properties":{"description":"EJES","styleUrl":"#line6","stroke-opacity":1,"stroke":"#FF00FF","stroke-width":1,"name":"FONDO"}},
{"type":"Feature","geometry":{"type":"LineString","coordinates":[[-63.01442,-17.73014],[-63.01656,-17.7273]]},"properties":{"description":"EJES","styleUrl":"#line6","stroke-opacity":1,"stroke":"#FF00FF","stroke-width":1,"name":"FONDO"}},
{"type":"Feature","geometry":{"type":"LineString","coordinates":[[-63.01538,-17.72111],[-63.01576,-17.7206]]},"properties":{"description":"EJES","styleUrl":"#line6","stroke-opacity":1,"stroke":"#FF00FF","stroke-width":1,"name":"FONDO"}},
{"type":"Feature","geometry":{"type":"LineString","coordinates":[[-63.01683,-17.71917],[-63.01721,-17.71867]]},"properties":{"description":"EJES","styleUrl":"#line6","stroke-opacity":1,"stroke":"#FF00FF","stroke-width":1,"name":"FONDO"}},
{"type":"Feature","geometry":{"type":"LineString","coordinates":[[-63.01965,-17.71959],[-63.01505,-17.72679]]},"properties":{"description":"EJES","styleUrl":"#line6","stroke-opacity":1,"stroke":"#FF00FF","stroke-width":1,"name":"FONDO"}},
{"type":"Feature","geometry":{"type":"LineString","coordinates":[[-63.02055,-17.72241],[-63.02223,-17.72056]]},"properties":{"description":"EJES","styleUrl":"#line6","stroke-opacity":1,"stroke":"#FF00FF","stroke-width":1,"name":"FONDO"}},
{"type":"Feature","geometry":{"type":"LineString","coordinates":[[-63.02223,-17.72056],[-63.01721,-17.71867]]},"properties":{"description":"EJES","styleUrl":"#line6","stroke-opacity":1,"stroke":"#FF00FF","stroke-width":1,"name":"FONDO"}},
{"type":"Feature","geometry":{"type":"LineString","coordinates":[[-63.01957,-17.72362],[-63.01968,-17.72341]]},"properties":{"description":"EJES","styleUrl":"#line6","stroke-opacity":1,"stroke":"#FF00FF","stroke-width":1,"name":"FONDO"}},
{"type":"Feature","geometry":{"type":"LineString","coordinates":[[-63.0201,-17.72295],[-63.01968,-17.72341]]},"properties":{"description":"EJES","styleUrl":"#line6","stroke-opacity":1,"stroke":"#FF00FF","stroke-width":1,"name":"FONDO"}},
{"type":"Feature","geometry":{"type":"LineString","coordinates":[[-63.0201,-17.72295],[-63.02059,-17.72242]]},"properties":{"description":"EJES","styleUrl":"#line6","stroke-opacity":1,"stroke":"#FF00FF","stroke-width":1,"name":"FONDO"}},
{"type":"Feature","geometry":{"type":"LineString","coordinates":[[-63.01811,-17.72615],[-63.0136,-17.7246]]},"properties":{"description":"EJES","styleUrl":"#line6","stroke-opacity":1,"stroke":"#FF00FF","stroke-width":1,"name":"FONDO"}},
{"type":"Feature","geometry":{"type":"LineString","coordinates":[[-63.01809,-17.72619],[-63.01855,-17.72544]]},"properties":{"description":"EJES","styleUrl":"#line6","stroke-opacity":1,"stroke":"#FF00FF","stroke-width":1,"name":"FONDO"}},
{"type":"Feature","geometry":{"type":"LineString","coordinates":[[-63.01245,-17.72578],[-63.01505,-17.72679]]},"properties":{"description":"EJES","styleUrl":"#line6","stroke-opacity":1,"stroke":"#FF00FF","stroke-width":1,"name":"FONDO"}},
{"type":"Feature","geometry":{"type":"LineString","coordinates":[[-63.01286,-17.73012],[-63.01195,-17.73017]]},"properties":{"description":"EJES","styleUrl":"#line6","stroke-opacity":1,"stroke":"#FF00FF","stroke-width":1,"name":"FONDO"}},
{"type":"Feature","geometry":{"type":"LineString","coordinates":[[-63.01195,-17.73017],[-63.01004,-17.73028]]},"properties":{"description":"EJES","styleUrl":"#line6","stroke-opacity":1,"stroke":"#FF00FF","stroke-width":1,"name":"FONDO"}},
{"type":"Feature","geometry":{"type":"LineString","coordinates":[[-63.00972,-17.73029],[-63.00903,-17.73033]]},"properties":{"description":"EJES","styleUrl":"#line6","stroke-opacity":1,"stroke":"#FF00FF","stroke-width":1,"name":"FONDO"}},
{"type":"Feature","geometry":{"type":"LineString","coordinates":[[-63.01231,-17.72964],[-63.00824,-17.72986]]},"properties":{"description":"EJES","styleUrl":"#line6","stroke-opacity":1,"stroke":"#FF00FF","stroke-width":1,"name":"FONDO"}},
{"type":"Feature","geometry":{"type":"LineString","coordinates":[[-63.01107,-17.72903],[-63.00823,-17.72919]]},"properties":{"description":"EJES","styleUrl":"#line6","stroke-opacity":1,"stroke":"#FF00FF","stroke-width":1,"name":"FONDO"}},
{"type":"Feature","geometry":{"type":"LineString","coordinates":[[-63.01077,-17.73023],[-63.01074,-17.72972]]},"properties":{"description":"EJES","styleUrl":"#line6","stroke-opacity":1,"stroke":"#FF00FF","stroke-width":1,"name":"FONDO"}},
{"type":"Feature","geometry":{"type":"LineString","coordinates":[[-63.01321,-17.72917],[-63.01231,-17.72964]]},"properties":{"description":"EJES","styleUrl":"#line6","stroke-opacity":1,"stroke":"#FF00FF","stroke-width":1,"name":"FONDO"}},
{"type":"Feature","geometry":{"type":"LineString","coordinates":[[-63.01251,-17.72674],[-63.01448,-17.72752]]},"properties":{"description":"EJES","styleUrl":"#line6","stroke-opacity":1,"stroke":"#FF00FF","stroke-width":1,"name":"FONDO"}},
{"type":"Feature","geometry":{"type":"LineString","coordinates":[[-63.02179,-17.72104],[-63.01932,-17.72011]]},"properties":{"description":"EJES","styleUrl":"#line6","stroke-opacity":1,"stroke":"#FF00FF","stroke-width":1,"name":"FONDO"}},
{"type":"Feature","geometry":{"type":"LineString","coordinates":[[-63.01932,-17.72011],[-63.01683,-17.71917]]},"properties":{"description":"EJES","styleUrl":"#line6","stroke-opacity":1,"stroke":"#FF00FF","stroke-width":1,"name":"FONDO"}},
{"type":"Feature","geometry":{"type":"LineString","coordinates":[[-63.02138,-17.7215],[-63.01901,-17.7206]]},"properties":{"description":"EJES","styleUrl":"#line6","stroke-opacity":1,"stroke":"#FF00FF","stroke-width":1,"name":"FONDO"}},
{"type":"Feature","geometry":{"type":"LineString","coordinates":[[-63.01901,-17.7206],[-63.01648,-17.71965]]},"properties":{"description":"EJES","styleUrl":"#line6","stroke-opacity":1,"stroke":"#FF00FF","stroke-width":1,"name":"FONDO"}},
{"type":"Feature","geometry":{"type":"LineString","coordinates":[[-63.02096,-17.72195],[-63.01869,-17.7211]]},"properties":{"description":"EJES","styleUrl":"#line6","stroke-opacity":1,"stroke":"#FF00FF","stroke-width":1,"name":"FONDO"}},
{"type":"Feature","geometry":{"type":"LineString","coordinates":[[-63.01869,-17.7211],[-63.01612,-17.72013]]},"properties":{"description":"EJES","styleUrl":"#line6","stroke-opacity":1,"stroke":"#FF00FF","stroke-width":1,"name":"FONDO"}},
{"type":"Feature","geometry":{"type":"LineString","coordinates":[[-63.02059,-17.72242],[-63.01838,-17.72159]]},"properties":{"description":"EJES","styleUrl":"#line6","stroke-opacity":1,"stroke":"#FF00FF","stroke-width":1,"name":"FONDO"}},
{"type":"Feature","geometry":{"type":"LineString","coordinates":[[-63.0201,-17.72295],[-63.01801,-17.72216]]},"properties":{"description":"EJES","styleUrl":"#line6","stroke-opacity":1,"stroke":"#FF00FF","stroke-width":1,"name":"FONDO"}},
{"type":"Feature","geometry":{"type":"LineString","coordinates":[[-63.01838,-17.72159],[-63.01576,-17.7206]]},"properties":{"description":"EJES","styleUrl":"#line6","stroke-opacity":1,"stroke":"#FF00FF","stroke-width":1,"name":"FONDO"}},
{"type":"Feature","geometry":{"type":"LineString","coordinates":[[-63.01804,-17.72211],[-63.01538,-17.72111]]},"properties":{"description":"EJES","styleUrl":"#line6","stroke-opacity":1,"stroke":"#FF00FF","stroke-width":1,"name":"FONDO"}},
{"type":"Feature","geometry":{"type":"LineString","coordinates":[[-63.01855,-17.72544],[-63.01648,-17.72456]]},"properties":{"description":"EJES","styleUrl":"#line6","stroke-opacity":1,"stroke":"#FF00FF","stroke-width":1,"name":"FONDO"}},
{"type":"Feature","geometry":{"type":"LineString","coordinates":[[-63.01648,-17.72456],[-63.01421,-17.72359]]},"properties":{"description":"EJES","styleUrl":"#line6","stroke-opacity":1,"stroke":"#FF00FF","stroke-width":1,"name":"FONDO"}},
{"type":"Feature","geometry":{"type":"LineString","coordinates":[[-63.0189,-17.72487],[-63.01684,-17.72399]]},"properties":{"description":"EJES","styleUrl":"#line6","stroke-opacity":1,"stroke":"#FF00FF","stroke-width":1,"name":"FONDO"}},
{"type":"Feature","geometry":{"type":"LineString","coordinates":[[-63.01684,-17.72399],[-63.01449,-17.72299]]},"properties":{"description":"EJES","styleUrl":"#line6","stroke-opacity":1,"stroke":"#FF00FF","stroke-width":1,"name":"FONDO"}},
{"type":"Feature","geometry":{"type":"LineString","coordinates":[[-63.01921,-17.72428],[-63.0172,-17.72342]]},"properties":{"description":"EJES","styleUrl":"#line6","stroke-opacity":1,"stroke":"#FF00FF","stroke-width":1,"name":"FONDO"}},
{"type":"Feature","geometry":{"type":"LineString","coordinates":[[-63.0172,-17.72342],[-63.0147,-17.72236]]},"properties":{"description":"EJES","styleUrl":"#line6","stroke-opacity":1,"stroke":"#FF00FF","stroke-width":1,"name":"FONDO"}},
{"type":"Feature","geometry":{"type":"LineString","coordinates":[[-63.01957,-17.72362],[-63.01761,-17.72279]]},"properties":{"description":"EJES","styleUrl":"#line6","stroke-opacity":1,"stroke":"#FF00FF","stroke-width":1,"name":"FONDO"}},
{"type":"Feature","geometry":{"type":"LineString","coordinates":[[-63.01761,-17.72279],[-63.01496,-17.72166]]},"properties":{"description":"EJES","styleUrl":"#line6","stroke-opacity":1,"stroke":"#FF00FF","stroke-width":1,"name":"FONDO"}},
{"type":"Feature","geometry":{"type":"LineString","coordinates":[[-63.00827,-17.73168],[-63.00823,-17.72912]]},"properties":{"description":"EJES","styleUrl":"#line6","stroke-opacity":1,"stroke":"#FF00FF","stroke-width":1,"name":"FONDO"}},
{"type":"Feature","geometry":{"type":"LineString","coordinates":[[-63.01406,-17.72807],[-63.01183,-17.72719]]},"properties":{"description":"EJES","styleUrl":"#line6","stroke-opacity":1,"stroke":"#FF00FF","stroke-width":1,"name":"FONDO"}},
{"type":"Feature","geometry":{"type":"LineString","coordinates":[[-63.01286,-17.73012],[-63.01303,-17.72969]]},"properties":{"description":"EJES","styleUrl":"#line6","stroke-opacity":1,"stroke":"#FF00FF","stroke-width":1,"name":"FONDO"}},
{"type":"Feature","geometry":{"type":"LineString","coordinates":[[-63.01331,-17.72979],[-63.01255,-17.72951]]},"properties":{"description":"EJES","styleUrl":"#line6","stroke-opacity":1,"stroke":"#FF00FF","stroke-width":1,"name":"FONDO"}},
{"type":"Feature","geometry":{"type":"LineString","coordinates":[[-63.01442,-17.73014],[-63.0146,-17.73052]]},"properties":{"description":"EJES","styleUrl":"#line6","stroke-opacity":1,"stroke":"#FF00FF","stroke-width":1,"name":"FONDO"}},
{"type":"Feature","geometry":{"type":"LineString","coordinates":[[-63.01493,-17.73047],[-63.0146,-17.73052]]},"properties":{"description":"EJES","styleUrl":"#line6","stroke-opacity":1,"stroke":"#FF00FF","stroke-width":1,"name":"FONDO"}},
{"type":"Feature","geometry":{"type":"LineString","coordinates":[[-63.01448,-17.73007],[-63.01355,-17.72978]]},"properties":{"description":"EJES","styleUrl":"#line6","stroke-opacity":1,"stroke":"#FF00FF","stroke-width":1,"name":"FONDO"}},
{"type":"Feature","geometry":{"type":"LineString","coordinates":[[-63.01331,-17.72979],[-63.01355,-17.72978]]},"properties":{"description":"EJES","styleUrl":"#line6","stroke-opacity":1,"stroke":"#FF00FF","stroke-width":1,"name":"FONDO"}},
{"type":"Feature","geometry":{"type":"LineString","coordinates":[[-63.01489,-17.73062],[-63.01535,-17.73002]]},"properties":{"description":"URBANIZACIONES APROBADAS","styleUrl":"#line7","stroke-opacity":1,"stroke":"#000000","stroke-width":1,"name":"FONDO"}},
{"type":"Feature","geometry":{"type":"LineString","coordinates":[[-63.01535,-17.73002],[-63.01579,-17.73032]]},"properties":{"description":"URBANIZACIONES APROBADAS","styleUrl":"#line7","stroke-opacity":1,"stroke":"#000000","stroke-width":1,"name":"FONDO"}},
{"type":"Feature","geometry":{"type":"LineString","coordinates":[[-63.01579,-17.73032],[-63.01576,-17.73036]]},"properties":{"description":"URBANIZACIONES APROBADAS","styleUrl":"#line7","stroke-opacity":1,"stroke":"#000000","stroke-width":1,"name":"FONDO"}},
{"type":"Feature","geometry":{"type":"LineString","coordinates":[[-63.01576,-17.73036],[-63.01532,-17.73101]]},"properties":{"description":"URBANIZACIONES APROBADAS","styleUrl":"#line7","stroke-opacity":1,"stroke":"#000000","stroke-width":1,"name":"FONDO"}},
{"type":"Feature","geometry":{"type":"LineString","coordinates":[[-63.01532,-17.73101],[-63.01489,-17.73062]]},"properties":{"description":"URBANIZACIONES APROBADAS","styleUrl":"#line7","stroke-opacity":1,"stroke":"#000000","stroke-width":1,"name":"FONDO"}},
{"type":"Feature","geometry":{"type":"LineString","coordinates":[[-63.00786,-17.72985],[-63.00789,-17.72984]]},"properties":{"description":"URBANIZACIONES APROBADAS","styleUrl":"#line7","stroke-opacity":1,"stroke":"#000000","stroke-width":1,"name":"FONDO"}},
{"type":"Feature","geometry":{"type":"LineString","coordinates":[[-63.00789,-17.72984],[-63.0079,-17.72984],[-63.00791,-17.72984],[-63.00792,-17.72984],[-63.00793,-17.72984],[-63.00794,-17.72984],[-63.00795,-17.72984],[-63.00796,-17.72984],[-63.00796,-17.72985],[-63.00797,-17.72985],[-63.00798,-17.72985],[-63.00798,-17.72986],[-63.00799,-17.72986],[-63.00799,-17.72987],[-63.00799,-17.72988],[-63.008,-17.72988],[-63.008,-17.72989],[-63.008,-17.7299],[-63.00801,-17.7299],[-63.00801,-17.72991],[-63.00801,-17.72992]]},"properties":{"description":"URBANIZACIONES APROBADAS","styleUrl":"#line7","stroke-opacity":1,"stroke":"#000000","stroke-width":1,"name":"FONDO"}},
{"type":"Feature","geometry":{"type":"LineString","coordinates":[[-63.00801,-17.72992],[-63.00803,-17.73168]]},"properties":{"description":"URBANIZACIONES APROBADAS","styleUrl":"#line7","stroke-opacity":1,"stroke":"#000000","stroke-width":1,"name":"FONDO"}},
{"type":"Feature","geometry":{"type":"LineString","coordinates":[[-63.01547,-17.7312],[-63.01584,-17.73065]]},"properties":{"description":"URBANIZACIONES APROBADAS","styleUrl":"#line7","stroke-opacity":1,"stroke":"#000000","stroke-width":1,"name":"FONDO"}},
{"type":"Feature","geometry":{"type":"LineString","coordinates":[[-63.01584,-17.73065],[-63.01585,-17.73065],[-63.01585,-17.73064],[-63.01586,-17.73064],[-63.01586,-17.73063],[-63.01587,-17.73063],[-63.01587,-17.73062],[-63.01588,-17.73062],[-63.01589,-17.73062],[-63.0159,-17.73062],[-63.0159,-17.73061],[-63.01591,-17.73061],[-63.01592,-17.73061],[-63.01593,-17.73061],[-63.01594,-17.73061],[-63.01594,-17.73062],[-63.01595,-17.73062],[-63.01596,-17.73062],[-63.01596,-17.73063],[-63.01597,-17.73063],[-63.01597,-17.73064],[-63.01598,-17.73064]]},"properties":{"description":"URBANIZACIONES APROBADAS","styleUrl":"#line7","stroke-opacity":1,"stroke":"#000000","stroke-width":1,"name":"FONDO"}},
{"type":"Feature","geometry":{"type":"LineString","coordinates":[[-63.01598,-17.73064],[-63.01599,-17.73065],[-63.01599,-17.73066],[-63.016,-17.73066],[-63.016,-17.73067],[-63.01601,-17.73067],[-63.01601,-17.73068],[-63.01602,-17.73068],[-63.01602,-17.73069],[-63.01603,-17.73069],[-63.01603,-17.7307],[-63.01604,-17.73071],[-63.01605,-17.73072],[-63.01605,-17.73073],[-63.01606,-17.73073],[-63.01606,-17.73074],[-63.01607,-17.73075],[-63.01608,-17.73076],[-63.01609,-17.73077],[-63.01609,-17.73078],[-63.0161,-17.73078],[-63.0161,-17.73079],[-63.01611,-17.7308],[-63.01612,-17.73081],[-63.01612,-17.73082],[-63.01613,-17.73082],[-63.01613,-17.73083],[-63.01614,-17.73083],[-63.01614,-17.73084],[-63.01615,-17.73085],[-63.01616,-17.73086],[-63.01616,-17.73087],[-63.01617,-17.73088],[-63.01618,-17.73089],[-63.01618,-17.7309],[-63.01619,-17.7309],[-63.01619,-17.73091],[-63.0162,-17.73092],[-63.0162,-17.73093],[-63.01621,-17.73093],[-63.01621,-17.73094],[-63.01622,-17.73094],[-63.01622,-17.73095],[-63.01623,-17.73096],[-63.01623,-17.73097],[-63.01624,-17.73097],[-63.01624,-17.73098],[-63.01625,-17.73099],[-63.01625,-17.731],[-63.01626,-17.73101],[-63.01627,-17.73102],[-63.01627,-17.73103],[-63.01628,-17.73103],[-63.01628,-17.73104],[-63.01628,-17.73105],[-63.01629,-17.73105],[-63.01629,-17.73106],[-63.0163,-17.73106],[-63.0163,-17.73107],[-63.01631,-17.73108],[-63.01631,-17.73109],[-63.01632,-17.7311],[-63.01632,-17.73111],[-63.01633,-17.73111],[-63.01633,-17.73112],[-63.01634,-17.73113],[-63.01634,-17.73114],[-63.01635,-17.73114],[-63.01635,-17.73115],[-63.01635,-17.73116],[-63.01636,-17.73116],[-63.01636,-17.73117],[-63.01637,-17.73118],[-63.01637,-17.73119],[-63.01638,-17.7312],[-63.01638,-17.73121],[-63.01639,-17.73121],[-63.01639,-17.73122],[-63.01639,-17.73123],[-63.0164,-17.73123],[-63.0164,-17.73124],[-63.01641,-17.73125],[-63.01641,-17.73126],[-63.01642,-17.73127],[-63.01642,-17.73128],[-63.01643,-17.73129],[-63.01643,-17.7313],[-63.01644,-17.7313],[-63.01644,-17.73131],[-63.01644,-17.73132],[-63.01645,-17.73132],[-63.01645,-17.73133],[-63.01646,-17.73134],[-63.01646,-17.73135],[-63.01646,-17.73136],[-63.01647,-17.73136],[-63.01647,-17.73137],[-63.01647,-17.73138],[-63.01648,-17.73138],[-63.01648,-17.73139],[-63.01649,-17.7314],[-63.01649,-17.73141],[-63.01649,-17.73142],[-63.0165,-17.73142],[-63.0165,-17.73143],[-63.0165,-17.73144],[-63.01651,-17.73144],[-63.01651,-17.73145],[-63.01652,-17.73146],[-63.01652,-17.73147],[-63.01652,-17.73148],[-63.01653,-17.73149],[-63.01653,-17.7315],[-63.01654,-17.73151],[-63.01654,-17.73152],[-63.01655,-17.73153],[-63.01655,-17.73154],[-63.01655,-17.73155],[-63.01656,-17.73155],[-63.01656,-17.73156],[-63.01656,-17.73157],[-63.01657,-17.73158],[-63.01657,-17.73159],[-63.01658,-17.7316],[-63.01658,-17.73161],[-63.01658,-17.73162],[-63.01659,-17.73162],[-63.01659,-17.73163],[-63.01659,-17.73164],[-63.0166,-17.73165],[-63.0166,-17.73166],[-63.0166,-17.73167],[-63.01661,-17.73167],[-63.01661,-17.73168]]},"properties":{"description":"URBANIZACIONES APROBADAS","styleUrl":"#line7","stroke-opacity":1,"stroke":"#000000","stroke-width":1,"name":"FONDO"}},
{"type":"Feature","geometry":{"type":"LineString","coordinates":[[-63.01579,-17.73168],[-63.01547,-17.7312]]},"properties":{"description":"URBANIZACIONES APROBADAS","styleUrl":"#line7","stroke-opacity":1,"stroke":"#000000","stroke-width":1,"name":"FONDO"}},
{"type":"Feature","geometry":{"type":"LineString","coordinates":[[-63.00786,-17.72875],[-63.00794,-17.72905]]},"properties":{"description":"URBANIZACIONES APROBADAS","styleUrl":"#line7","stroke-opacity":1,"stroke":"#000000","stroke-width":1,"name":"FONDO"}},
{"type":"Feature","geometry":{"type":"LineString","coordinates":[[-63.00794,-17.72905],[-63.00794,-17.72906],[-63.00794,-17.72907],[-63.00794,-17.72908],[-63.00794,-17.72909],[-63.00794,-17.7291],[-63.00794,-17.72911],[-63.00793,-17.72911],[-63.00793,-17.72912],[-63.00792,-17.72912],[-63.00792,-17.72913],[-63.00791,-17.72913],[-63.00791,-17.72914],[-63.0079,-17.72914],[-63.0079,-17.72915],[-63.00789,-17.72915],[-63.00788,-17.72915],[-63.00787,-17.72915],[-63.00786,-17.72915]]},"properties":{"description":"URBANIZACIONES APROBADAS","styleUrl":"#line7","stroke-opacity":1,"stroke":"#000000","stroke-width":1,"name":"FONDO"}},
{"type":"Feature","geometry":{"type":"LineString","coordinates":[[-63.00794,-17.72905],[-63.00794,-17.72906]]},"properties":{"description":"URBANIZACIONES APROBADAS","styleUrl":"#line7","stroke-opacity":1,"stroke":"#000000","stroke-width":1,"name":"FONDO"}},
{"type":"Feature","geometry":{"type":"LineString","coordinates":[[-63.01006,-17.72503],[-63.01039,-17.72479]]},"properties":{"description":"URBANIZACIONES APROBADAS","styleUrl":"#line7","stroke-opacity":1,"stroke":"#000000","stroke-width":1,"name":"FONDO"}},
{"type":"Feature","geometry":{"type":"LineString","coordinates":[[-63.00816,-17.72591],[-63.00824,-17.72616]]},"properties":{"description":"URBANIZACIONES APROBADAS","styleUrl":"#line7","stroke-opacity":1,"stroke":"#000000","stroke-width":1,"name":"FONDO"}},
{"type":"Feature","geometry":{"type":"LineString","coordinates":[[-63.0104,-17.7247],[-63.01041,-17.7247],[-63.01041,-17.72471],[-63.01041,-17.72472],[-63.01042,-17.72472],[-63.01042,-17.72473],[-63.01042,-17.72474],[-63.01042,-17.72475],[-63.01042,-17.72476],[-63.01041,-17.72476],[-63.01041,-17.72477],[-63.01041,-17.72478],[-63.0104,-17.72478],[-63.0104,-17.72479],[-63.01039,-17.72479]]},"properties":{"description":"URBANIZACIONES APROBADAS","styleUrl":"#line7","stroke-opacity":1,"stroke":"#000000","stroke-width":1,"name":"FONDO"}},
{"type":"Feature","geometry":{"type":"LineString","coordinates":[[-63.01,-17.72535],[-63.01018,-17.72558]]},"properties":{"description":"URBANIZACIONES APROBADAS","styleUrl":"#line7","stroke-opacity":1,"stroke":"#000000","stroke-width":1,"name":"FONDO"}},
{"type":"Feature","geometry":{"type":"LineString","coordinates":[[-63.01018,-17.72558],[-63.01018,-17.72559],[-63.01019,-17.72559],[-63.01019,-17.7256],[-63.01019,-17.72561],[-63.01019,-17.72562],[-63.0102,-17.72562],[-63.0102,-17.72563],[-63.0102,-17.72564],[-63.0102,-17.72565],[-63.01019,-17.72565],[-63.01019,-17.72566],[-63.01019,-17.72567],[-63.01018,-17.72567],[-63.01018,-17.72568],[-63.01018,-17.72569],[-63.01017,-17.72569],[-63.01017,-17.7257],[-63.01016,-17.7257]]},"properties":{"description":"URBANIZACIONES APROBADAS","styleUrl":"#line7","stroke-opacity":1,"stroke":"#000000","stroke-width":1,"name":"FONDO"}},
{"type":"Feature","geometry":{"type":"LineString","coordinates":[[-63.01047,-17.72489],[-63.01014,-17.72513]]},"properties":{"description":"URBANIZACIONES APROBADAS","styleUrl":"#line7","stroke-opacity":1,"stroke":"#000000","stroke-width":1,"name":"FONDO"}},
{"type":"Feature","geometry":{"type":"LineString","coordinates":[[-63.01012,-17.72524],[-63.01012,-17.72523],[-63.01011,-17.72523],[-63.01011,-17.72522],[-63.01011,-17.72521],[-63.0101,-17.72521],[-63.0101,-17.7252],[-63.0101,-17.72519],[-63.0101,-17.72518],[-63.01011,-17.72517],[-63.01011,-17.72516],[-63.01011,-17.72515],[-63.01012,-17.72515],[-63.01012,-17.72514],[-63.01013,-17.72514],[-63.01013,-17.72513],[-63.01014,-17.72513]]},"properties":{"description":"URBANIZACIONES APROBADAS","styleUrl":"#line7","stroke-opacity":1,"stroke":"#000000","stroke-width":1,"name":"FONDO"}},
{"type":"Feature","geometry":{"type":"LineString","coordinates":[[-63.01035,-17.7258],[-63.01053,-17.72603]]},"properties":{"description":"URBANIZACIONES APROBADAS","styleUrl":"#line7","stroke-opacity":1,"stroke":"#000000","stroke-width":1,"name":"FONDO"}},
{"type":"Feature","geometry":{"type":"LineString","coordinates":[[-63.00832,-17.7264],[-63.00843,-17.72673]]},"properties":{"description":"URBANIZACIONES APROBADAS","styleUrl":"#line7","stroke-opacity":1,"stroke":"#000000","stroke-width":1,"name":"FONDO"}},
{"type":"Feature","geometry":{"type":"LineString","coordinates":[[-63.01053,-17.72603],[-63.01054,-17.72603],[-63.01054,-17.72604],[-63.01054,-17.72605],[-63.01055,-17.72605],[-63.01055,-17.72606],[-63.01055,-17.72607],[-63.01055,-17.72608],[-63.01055,-17.72609],[-63.01055,-17.7261],[-63.01055,-17.72611],[-63.01054,-17.72611],[-63.01054,-17.72612],[-63.01054,-17.72613],[-63.01053,-17.72613],[-63.01053,-17.72614],[-63.01052,-17.72614],[-63.01052,-17.72615],[-63.01051,-17.72615]]},"properties":{"description":"URBANIZACIONES APROBADAS","styleUrl":"#line7","stroke-opacity":1,"stroke":"#000000","stroke-width":1,"name":"FONDO"}},
{"type":"Feature","geometry":{"type":"LineString","coordinates":[[-63.01071,-17.72625],[-63.01085,-17.72643]]},"properties":{"description":"URBANIZACIONES APROBADAS","styleUrl":"#line7","stroke-opacity":1,"stroke":"#000000","stroke-width":1,"name":"FONDO"}},
{"type":"Feature","geometry":{"type":"LineString","coordinates":[[-63.01085,-17.72643],[-63.01086,-17.72643],[-63.01086,-17.72644],[-63.01086,-17.72645],[-63.01087,-17.72645],[-63.01087,-17.72646],[-63.01087,-17.72647],[-63.01088,-17.72647],[-63.01088,-17.72648],[-63.01088,-17.72649],[-63.01088,-17.7265],[-63.01088,-17.72651],[-63.01088,-17.72652],[-63.01088,-17.72653],[-63.01088,-17.72654],[-63.01088,-17.72655],[-63.01087,-17.72656],[-63.01087,-17.72657],[-63.01087,-17.72658],[-63.01086,-17.72658],[-63.01086,-17.72659],[-63.01085,-17.72659],[-63.01085,-17.7266],[-63.01084,-17.7266],[-63.01084,-17.72661],[-63.01083,-17.72661],[-63.01083,-17.72662],[-63.01082,-17.72662]]},"properties":{"description":"URBANIZACIONES APROBADAS","styleUrl":"#line7","stroke-opacity":1,"stroke":"#000000","stroke-width":1,"name":"FONDO"}},
{"type":"Feature","geometry":{"type":"LineString","coordinates":[[-63.00898,-17.72578],[-63.00897,-17.72578],[-63.00897,-17.72579],[-63.00896,-17.72579],[-63.00895,-17.72579],[-63.00894,-17.72579],[-63.00893,-17.72579],[-63.00892,-17.72579],[-63.00891,-17.72579],[-63.00891,-17.72578],[-63.0089,-17.72578],[-63.0089,-17.72577],[-63.00889,-17.72577],[-63.00889,-17.72576]]},"properties":{"description":"URBANIZACIONES APROBADAS","styleUrl":"#line7","stroke-opacity":1,"stroke":"#000000","stroke-width":1,"name":"FONDO"}},
{"type":"Feature","geometry":{"type":"LineString","coordinates":[[-63.00851,-17.72696],[-63.00861,-17.72729]]},"properties":{"description":"URBANIZACIONES APROBADAS","styleUrl":"#line7","stroke-opacity":1,"stroke":"#000000","stroke-width":1,"name":"FONDO"}},
{"type":"Feature","geometry":{"type":"LineString","coordinates":[[-63.00786,-17.72719],[-63.00795,-17.72747]]},"properties":{"description":"URBANIZACIONES APROBADAS","styleUrl":"#line7","stroke-opacity":1,"stroke":"#000000","stroke-width":1,"name":"FONDO"}},
{"type":"Feature","geometry":{"type":"LineString","coordinates":[[-63.00982,-17.72513],[-63.00982,-17.72514],[-63.00983,-17.72514],[-63.00983,-17.72515],[-63.00983,-17.72516],[-63.00983,-17.72517],[-63.00984,-17.72517],[-63.00984,-17.72518],[-63.00984,-17.72519],[-63.00983,-17.72519],[-63.00983,-17.7252],[-63.00983,-17.72521],[-63.00983,-17.72522],[-63.00982,-17.72522],[-63.00982,-17.72523],[-63.00981,-17.72523],[-63.00981,-17.72524],[-63.0098,-17.72524],[-63.0098,-17.72525]]},"properties":{"description":"URBANIZACIONES APROBADAS","styleUrl":"#line7","stroke-opacity":1,"stroke":"#000000","stroke-width":1,"name":"FONDO"}},
{"type":"Feature","geometry":{"type":"LineString","coordinates":[[-63.00873,-17.72802],[-63.00873,-17.72803],[-63.00873,-17.72804],[-63.00874,-17.72804],[-63.00874,-17.72805],[-63.00874,-17.72806],[-63.00874,-17.72807],[-63.00874,-17.72808],[-63.00873,-17.72808],[-63.00873,-17.72809],[-63.00873,-17.7281],[-63.00873,-17.72811],[-63.00872,-17.72811],[-63.00872,-17.72812],[-63.00872,-17.72813],[-63.00871,-17.72813]]},"properties":{"description":"URBANIZACIONES APROBADAS","styleUrl":"#line7","stroke-opacity":1,"stroke":"#000000","stroke-width":1,"name":"FONDO"}},
{"type":"Feature","geometry":{"type":"LineString","coordinates":[[-63.00822,-17.72648],[-63.00849,-17.7273]]},"properties":{"description":"URBANIZACIONES APROBADAS","styleUrl":"#line7","stroke-opacity":1,"stroke":"#000000","stroke-width":1,"name":"FONDO"}},
{"type":"Feature","geometry":{"type":"LineString","coordinates":[[-63.00849,-17.7273],[-63.00873,-17.72802]]},"properties":{"description":"URBANIZACIONES APROBADAS","styleUrl":"#line7","stroke-opacity":1,"stroke":"#000000","stroke-width":1,"name":"FONDO"}},
{"type":"Feature","geometry":{"type":"LineString","coordinates":[[-63.00853,-17.72676],[-63.00852,-17.72676],[-63.00852,-17.72677],[-63.00851,-17.72677],[-63.0085,-17.72677],[-63.00849,-17.72677],[-63.00848,-17.72677],[-63.00847,-17.72677],[-63.00846,-17.72677],[-63.00846,-17.72676],[-63.00845,-17.72676],[-63.00845,-17.72675],[-63.00844,-17.72675],[-63.00844,-17.72674],[-63.00843,-17.72674],[-63.00843,-17.72673]]},"properties":{"description":"URBANIZACIONES APROBADAS","styleUrl":"#line7","stroke-opacity":1,"stroke":"#000000","stroke-width":1,"name":"FONDO"}},
{"type":"Feature","geometry":{"type":"LineString","coordinates":[[-63.00795,-17.72747],[-63.00819,-17.72819]]},"properties":{"description":"URBANIZACIONES APROBADAS","styleUrl":"#line7","stroke-opacity":1,"stroke":"#000000","stroke-width":1,"name":"FONDO"}},
{"type":"Feature","geometry":{"type":"LineString","coordinates":[[-63.00869,-17.72752],[-63.00869,-17.72751],[-63.00869,-17.7275],[-63.00869,-17.72749],[-63.00869,-17.72748],[-63.00869,-17.72747],[-63.0087,-17.72747],[-63.0087,-17.72746],[-63.00871,-17.72746],[-63.00871,-17.72745],[-63.00872,-17.72745]]},"properties":{"description":"URBANIZACIONES APROBADAS","styleUrl":"#line7","stroke-opacity":1,"stroke":"#000000","stroke-width":1,"name":"FONDO"}},
{"type":"Feature","geometry":{"type":"LineString","coordinates":[[-63.00871,-17.72732],[-63.0087,-17.72732],[-63.0087,-17.72733],[-63.00869,-17.72733],[-63.00868,-17.72733],[-63.00867,-17.72733],[-63.00866,-17.72733],[-63.00865,-17.72733],[-63.00865,-17.72732],[-63.00864,-17.72732],[-63.00863,-17.72732],[-63.00863,-17.72731],[-63.00862,-17.72731],[-63.00862,-17.7273],[-63.00862,-17.72729],[-63.00861,-17.72729]]},"properties":{"description":"URBANIZACIONES APROBADAS","styleUrl":"#line7","stroke-opacity":1,"stroke":"#000000","stroke-width":1,"name":"FONDO"}},
{"type":"Feature","geometry":{"type":"LineString","coordinates":[[-63.00851,-17.72696],[-63.0085,-17.72696],[-63.0085,-17.72695],[-63.0085,-17.72694],[-63.0085,-17.72693],[-63.00851,-17.72692],[-63.00851,-17.72691],[-63.00852,-17.7269],[-63.00852,-17.72689],[-63.00853,-17.72689]]},"properties":{"description":"URBANIZACIONES APROBADAS","styleUrl":"#line7","stroke-opacity":1,"stroke":"#000000","stroke-width":1,"name":"FONDO"}},
{"type":"Feature","geometry":{"type":"LineString","coordinates":[[-63.00869,-17.72752],[-63.00877,-17.72775]]},"properties":{"description":"URBANIZACIONES APROBADAS","styleUrl":"#line7","stroke-opacity":1,"stroke":"#000000","stroke-width":1,"name":"FONDO"}},
{"type":"Feature","geometry":{"type":"LineString","coordinates":[[-63.00813,-17.72644],[-63.00814,-17.72644],[-63.00815,-17.72644],[-63.00816,-17.72644],[-63.00817,-17.72644],[-63.00818,-17.72644],[-63.00819,-17.72644],[-63.00819,-17.72645],[-63.0082,-17.72645],[-63.0082,-17.72646],[-63.00821,-17.72646],[-63.00821,-17.72647],[-63.00822,-17.72647],[-63.00822,-17.72648]]},"properties":{"description":"URBANIZACIONES APROBADAS","styleUrl":"#line7","stroke-opacity":1,"stroke":"#000000","stroke-width":1,"name":"FONDO"}},
{"type":"Feature","geometry":{"type":"LineString","coordinates":[[-63.00819,-17.72819],[-63.0082,-17.72819]]},"properties":{"description":"URBANIZACIONES APROBADAS","styleUrl":"#line7","stroke-opacity":1,"stroke":"#000000","stroke-width":1,"name":"FONDO"}},
{"type":"Feature","geometry":{"type":"LineString","coordinates":[[-63.00786,-17.72644],[-63.00811,-17.72632]]},"properties":{"description":"URBANIZACIONES APROBADAS","styleUrl":"#line7","stroke-opacity":1,"stroke":"#000000","stroke-width":1,"name":"FONDO"}},
{"type":"Feature","geometry":{"type":"LineString","coordinates":[[-63.00814,-17.72624],[-63.00814,-17.72625],[-63.00814,-17.72626],[-63.00814,-17.72627],[-63.00814,-17.72628],[-63.00814,-17.72629],[-63.00814,-17.7263],[-63.00813,-17.7263],[-63.00813,-17.72631],[-63.00812,-17.72631],[-63.00812,-17.72632],[-63.00811,-17.72632]]},"properties":{"description":"URBANIZACIONES APROBADAS","styleUrl":"#line7","stroke-opacity":1,"stroke":"#000000","stroke-width":1,"name":"FONDO"}},
{"type":"Feature","geometry":{"type":"LineString","coordinates":[[-63.0098,-17.72525],[-63.00946,-17.72547]]},"properties":{"description":"URBANIZACIONES APROBADAS","styleUrl":"#line7","stroke-opacity":1,"stroke":"#000000","stroke-width":1,"name":"FONDO"}},
{"type":"Feature","geometry":{"type":"LineString","coordinates":[[-63.00988,-17.72533],[-63.00989,-17.72533],[-63.0099,-17.72533],[-63.0099,-17.72532],[-63.00991,-17.72532],[-63.00992,-17.72532],[-63.00993,-17.72532],[-63.00994,-17.72532],[-63.00995,-17.72532],[-63.00996,-17.72532],[-63.00996,-17.72533],[-63.00997,-17.72533],[-63.00998,-17.72533],[-63.00998,-17.72534],[-63.00999,-17.72534],[-63.00999,-17.72535],[-63.01,-17.72535]]},"properties":{"description":"URBANIZACIONES APROBADAS","styleUrl":"#line7","stroke-opacity":1,"stroke":"#000000","stroke-width":1,"name":"FONDO"}},
{"type":"Feature","geometry":{"type":"LineString","coordinates":[[-63.01016,-17.7257],[-63.00853,-17.72676]]},"properties":{"description":"URBANIZACIONES APROBADAS","styleUrl":"#line7","stroke-opacity":1,"stroke":"#000000","stroke-width":1,"name":"FONDO"}},
{"type":"Feature","geometry":{"type":"LineString","coordinates":[[-63.01059,-17.72623],[-63.0106,-17.72622],[-63.01061,-17.72622],[-63.01062,-17.72622],[-63.01062,-17.72621],[-63.01063,-17.72621],[-63.01064,-17.72621],[-63.01065,-17.72621],[-63.01066,-17.72621],[-63.01066,-17.72622],[-63.01067,-17.72622],[-63.01068,-17.72622],[-63.01068,-17.72623],[-63.01069,-17.72623],[-63.0107,-17.72623],[-63.0107,-17.72624],[-63.01071,-17.72624],[-63.01071,-17.72625]]},"properties":{"description":"URBANIZACIONES APROBADAS","styleUrl":"#line7","stroke-opacity":1,"stroke":"#000000","stroke-width":1,"name":"FONDO"}},
{"type":"Feature","geometry":{"type":"LineString","coordinates":[[-63.01059,-17.72623],[-63.00872,-17.72745]]},"properties":{"description":"URBANIZACIONES APROBADAS","styleUrl":"#line7","stroke-opacity":1,"stroke":"#000000","stroke-width":1,"name":"FONDO"}},
{"type":"Feature","geometry":{"type":"LineString","coordinates":[[-63.00925,-17.7256],[-63.00898,-17.72578]]},"properties":{"description":"URBANIZACIONES APROBADAS","styleUrl":"#line7","stroke-opacity":1,"stroke":"#000000","stroke-width":1,"name":"FONDO"}},
{"type":"Feature","geometry":{"type":"LineString","coordinates":[[-63.00927,-17.72551],[-63.00927,-17.72552],[-63.00928,-17.72552],[-63.00928,-17.72553],[-63.00928,-17.72554],[-63.00928,-17.72555],[-63.00928,-17.72556],[-63.00928,-17.72557],[-63.00928,-17.72558],[-63.00927,-17.72558],[-63.00927,-17.72559],[-63.00926,-17.72559],[-63.00926,-17.7256],[-63.00925,-17.7256]]},"properties":{"description":"URBANIZACIONES APROBADAS","styleUrl":"#line7","stroke-opacity":1,"stroke":"#000000","stroke-width":1,"name":"FONDO"}},
{"type":"Feature","geometry":{"type":"LineString","coordinates":[[-63.00877,-17.72591],[-63.00834,-17.72619]]},"properties":{"description":"URBANIZACIONES APROBADAS","styleUrl":"#line7","stroke-opacity":1,"stroke":"#000000","stroke-width":1,"name":"FONDO"}},
{"type":"Feature","geometry":{"type":"LineString","coordinates":[[-63.00879,-17.72582],[-63.00879,-17.72583],[-63.0088,-17.72583],[-63.0088,-17.72584],[-63.0088,-17.72585],[-63.0088,-17.72586],[-63.0088,-17.72587],[-63.0088,-17.72588],[-63.0088,-17.72589],[-63.00879,-17.72589],[-63.00879,-17.7259],[-63.00878,-17.7259],[-63.00878,-17.72591],[-63.00877,-17.72591]]},"properties":{"description":"URBANIZACIONES APROBADAS","styleUrl":"#line7","stroke-opacity":1,"stroke":"#000000","stroke-width":1,"name":"FONDO"}},
{"type":"Feature","geometry":{"type":"LineString","coordinates":[[-63.01024,-17.72578],[-63.01025,-17.72578],[-63.01025,-17.72577],[-63.01026,-17.72577],[-63.01027,-17.72577],[-63.01028,-17.72577],[-63.01029,-17.72577],[-63.0103,-17.72577],[-63.01031,-17.72577],[-63.01032,-17.72577],[-63.01032,-17.72578],[-63.01033,-17.72578],[-63.01034,-17.72578],[-63.01034,-17.72579],[-63.01035,-17.72579],[-63.01035,-17.7258]]},"properties":{"description":"URBANIZACIONES APROBADAS","styleUrl":"#line7","stroke-opacity":1,"stroke":"#000000","stroke-width":1,"name":"FONDO"}},
{"type":"Feature","geometry":{"type":"LineString","coordinates":[[-63.01143,-17.72623],[-63.0112,-17.72638]]},"properties":{"description":"URBANIZACIONES APROBADAS","styleUrl":"#line7","stroke-opacity":1,"stroke":"#000000","stroke-width":1,"name":"FONDO"}},
{"type":"Feature","geometry":{"type":"LineString","coordinates":[[-63.01146,-17.72603],[-63.01146,-17.72604],[-63.01147,-17.72604],[-63.01147,-17.72605],[-63.01148,-17.72605],[-63.01148,-17.72606],[-63.01148,-17.72607],[-63.01149,-17.72607],[-63.01149,-17.72608],[-63.01149,-17.72609],[-63.01149,-17.7261],[-63.01149,-17.72611],[-63.01149,-17.72612],[-63.01149,-17.72613],[-63.01149,-17.72614],[-63.01149,-17.72615],[-63.01149,-17.72616],[-63.01148,-17.72616],[-63.01148,-17.72617],[-63.01148,-17.72618],[-63.01147,-17.72618],[-63.01147,-17.72619],[-63.01146,-17.7262],[-63.01146,-17.72621],[-63.01145,-17.72621],[-63.01145,-17.72622],[-63.01144,-17.72622],[-63.01143,-17.72622],[-63.01143,-17.72623]]},"properties":{"description":"URBANIZACIONES APROBADAS","styleUrl":"#line7","stroke-opacity":1,"stroke":"#000000","stroke-width":1,"name":"FONDO"}},
{"type":"Feature","geometry":{"type":"LineString","coordinates":[[-63.00898,-17.72782],[-63.00897,-17.72782],[-63.00897,-17.72783],[-63.00896,-17.72783],[-63.00895,-17.72783],[-63.00895,-17.72784],[-63.00894,-17.72784],[-63.00893,-17.72784],[-63.00892,-17.72784],[-63.00891,-17.72784],[-63.0089,-17.72784],[-63.00889,-17.72784],[-63.00888,-17.72784],[-63.00887,-17.72784],[-63.00886,-17.72784],[-63.00886,-17.72783],[-63.00885,-17.72783],[-63.00884,-17.72783],[-63.00883,-17.72783],[-63.00883,-17.72782],[-63.00882,-17.72782],[-63.00882,-17.72781],[-63.00881,-17.72781],[-63.0088,-17.7278],[-63.00879,-17.72779],[-63.00879,-17.72778],[-63.00878,-17.72778],[-63.00878,-17.72777],[-63.00878,-17.72776],[-63.00877,-17.72776],[-63.00877,-17.72775]]},"properties":{"description":"URBANIZACIONES APROBADAS","styleUrl":"#line7","stroke-opacity":1,"stroke":"#000000","stroke-width":1,"name":"FONDO"}},
{"type":"Feature","geometry":{"type":"LineString","coordinates":[[-63.01051,-17.72615],[-63.00871,-17.72732]]},"properties":{"description":"URBANIZACIONES APROBADAS","styleUrl":"#line7","stroke-opacity":1,"stroke":"#000000","stroke-width":1,"name":"FONDO"}},
{"type":"Feature","geometry":{"type":"LineString","coordinates":[[-63.01024,-17.72578],[-63.00853,-17.72689]]},"properties":{"description":"URBANIZACIONES APROBADAS","styleUrl":"#line7","stroke-opacity":1,"stroke":"#000000","stroke-width":1,"name":"FONDO"}},
{"type":"Feature","geometry":{"type":"LineString","coordinates":[[-63.01082,-17.72662],[-63.00898,-17.72782]]},"properties":{"description":"URBANIZACIONES APROBADAS","styleUrl":"#line7","stroke-opacity":1,"stroke":"#000000","stroke-width":1,"name":"FONDO"}},
{"type":"Feature","geometry":{"type":"LineString","coordinates":[[-63.00988,-17.72533],[-63.00835,-17.72633]]},"properties":{"description":"URBANIZACIONES APROBADAS","styleUrl":"#line7","stroke-opacity":1,"stroke":"#000000","stroke-width":1,"name":"FONDO"}},
{"type":"Feature","geometry":{"type":"LineString","coordinates":[[-63.00832,-17.7264],[-63.00832,-17.72639],[-63.00832,-17.72638],[-63.00832,-17.72637],[-63.00832,-17.72636],[-63.00833,-17.72636],[-63.00833,-17.72635],[-63.00833,-17.72634],[-63.00834,-17.72634],[-63.00834,-17.72633],[-63.00835,-17.72633]]},"properties":{"description":"URBANIZACIONES APROBADAS","styleUrl":"#line7","stroke-opacity":1,"stroke":"#000000","stroke-width":1,"name":"FONDO"}},
{"type":"Feature","geometry":{"type":"LineString","coordinates":[[-63.00786,-17.72657],[-63.00813,-17.72644]]},"properties":{"description":"URBANIZACIONES APROBADAS","styleUrl":"#line7","stroke-opacity":1,"stroke":"#000000","stroke-width":1,"name":"FONDO"}},
{"type":"Feature","geometry":{"type":"LineString","coordinates":[[-63.00871,-17.72813],[-63.00862,-17.72827]]},"properties":{"description":"URBANIZACIONES APROBADAS","styleUrl":"#line7","stroke-opacity":1,"stroke":"#000000","stroke-width":1,"name":"FONDO"}},
{"type":"Feature","geometry":{"type":"LineString","coordinates":[[-63.00862,-17.72827],[-63.00861,-17.72827],[-63.00861,-17.72828],[-63.0086,-17.72828],[-63.0086,-17.72829],[-63.00859,-17.72829],[-63.00859,-17.7283],[-63.00858,-17.7283],[-63.00858,-17.72831],[-63.00857,-17.72831],[-63.00857,-17.72832],[-63.00856,-17.72832],[-63.00855,-17.72833],[-63.00854,-17.72833],[-63.00854,-17.72834],[-63.00853,-17.72834],[-63.00852,-17.72834],[-63.00851,-17.72835],[-63.0085,-17.72835],[-63.00849,-17.72835],[-63.00848,-17.72835],[-63.00848,-17.72836],[-63.00847,-17.72836],[-63.00846,-17.72836],[-63.00845,-17.72836],[-63.00844,-17.72836],[-63.00843,-17.72836],[-63.00842,-17.72836],[-63.00841,-17.72836],[-63.0084,-17.72836],[-63.00839,-17.72836],[-63.00838,-17.72836],[-63.00837,-17.72836],[-63.00836,-17.72835],[-63.00835,-17.72835],[-63.00834,-17.72835],[-63.00833,-17.72835],[-63.00833,-17.72834],[-63.00832,-17.72834],[-63.00831,-17.72834],[-63.00831,-17.72833],[-63.0083,-17.72833],[-63.00829,-17.72833],[-63.00829,-17.72832],[-63.00828,-17.72832],[-63.00828,-17.72831],[-63.00827,-17.72831],[-63.00826,-17.7283],[-63.00825,-17.72829],[-63.00825,-17.72828],[-63.00824,-17.72828],[-63.00824,-17.72827],[-63.00823,-17.72827],[-63.00823,-17.72826],[-63.00822,-17.72826],[-63.00822,-17.72825],[-63.00822,-17.72824],[-63.00821,-17.72824],[-63.00821,-17.72823],[-63.00821,-17.72822],[-63.0082,-17.72822],[-63.0082,-17.72821],[-63.0082,-17.7282],[-63.0082,-17.72819]]},"properties":{"description":"URBANIZACIONES APROBADAS","styleUrl":"#line7","stroke-opacity":1,"stroke":"#000000","stroke-width":1,"name":"FONDO"}},
{"type":"Feature","geometry":{"type":"LineString","coordinates":[[-63.00946,-17.72547],[-63.00945,-17.72547],[-63.00944,-17.72547],[-63.00944,-17.72548],[-63.00943,-17.72548],[-63.00942,-17.72548],[-63.00941,-17.72548],[-63.0094,-17.72548],[-63.00939,-17.72548],[-63.00939,-17.72547],[-63.00938,-17.72547],[-63.00938,-17.72546],[-63.00937,-17.72546]]},"properties":{"description":"URBANIZACIONES APROBADAS","styleUrl":"#line7","stroke-opacity":1,"stroke":"#000000","stroke-width":1,"name":"FONDO"}},
{"type":"Feature","geometry":{"type":"LineString","coordinates":[[-63.00834,-17.72619],[-63.00834,-17.7262],[-63.00833,-17.7262],[-63.00832,-17.7262],[-63.00831,-17.7262],[-63.0083,-17.7262],[-63.00829,-17.7262],[-63.00828,-17.7262],[-63.00827,-17.7262],[-63.00827,-17.72619],[-63.00826,-17.72619],[-63.00826,-17.72618],[-63.00825,-17.72618],[-63.00825,-17.72617],[-63.00824,-17.72617],[-63.00824,-17.72616]]},"properties":{"description":"URBANIZACIONES APROBADAS","styleUrl":"#line7","stroke-opacity":1,"stroke":"#000000","stroke-width":1,"name":"FONDO"}},
{"type":"Feature","geometry":{"type":"LineString","coordinates":[[-63.01382,-17.72402],[-63.01381,-17.72402],[-63.01381,-17.72403],[-63.0138,-17.72403],[-63.0138,-17.72404],[-63.01379,-17.72404],[-63.01378,-17.72405],[-63.01377,-17.72405],[-63.01376,-17.72405],[-63.01375,-17.72406],[-63.01374,-17.72406],[-63.01373,-17.72406],[-63.01373,-17.72405],[-63.01372,-17.72405],[-63.01371,-17.72405],[-63.0137,-17.72405],[-63.0137,-17.72404],[-63.01369,-17.72404],[-63.01369,-17.72403],[-63.01368,-17.72403]]},"properties":{"description":"URBANIZACIONES APROBADAS","styleUrl":"#line7","stroke-opacity":1,"stroke":"#000000","stroke-width":1,"name":"FONDO"}},
{"type":"Feature","geometry":{"type":"LineString","coordinates":[[-63.01006,-17.72503],[-63.01006,-17.72504],[-63.01005,-17.72504],[-63.01004,-17.72504],[-63.01004,-17.72505],[-63.01003,-17.72505],[-63.01002,-17.72505],[-63.01001,-17.72505],[-63.01,-17.72505],[-63.00999,-17.72505],[-63.00998,-17.72505],[-63.00998,-17.72504],[-63.00997,-17.72504],[-63.00996,-17.72504],[-63.00996,-17.72503],[-63.00995,-17.72503],[-63.00995,-17.72502],[-63.00994,-17.72502]]},"properties":{"description":"URBANIZACIONES APROBADAS","styleUrl":"#line7","stroke-opacity":1,"stroke":"#000000","stroke-width":1,"name":"FONDO"}},
{"type":"Feature","geometry":{"type":"LineString","coordinates":[[-63.01012,-17.72524],[-63.011,-17.72635]]},"properties":{"description":"URBANIZACIONES APROBADAS","styleUrl":"#line7","stroke-opacity":1,"stroke":"#000000","stroke-width":1,"name":"FONDO"}},
{"type":"Feature","geometry":{"type":"LineString","coordinates":[[-63.0112,-17.72638],[-63.01119,-17.72638],[-63.01119,-17.72639],[-63.01118,-17.72639],[-63.01117,-17.72639],[-63.01117,-17.7264],[-63.01116,-17.7264],[-63.01115,-17.7264],[-63.01114,-17.7264],[-63.01113,-17.7264],[-63.01112,-17.7264],[-63.01111,-17.7264],[-63.0111,-17.7264],[-63.01109,-17.7264],[-63.01108,-17.7264],[-63.01107,-17.7264],[-63.01106,-17.72639],[-63.01105,-17.72639],[-63.01104,-17.72639],[-63.01104,-17.72638],[-63.01103,-17.72638],[-63.01103,-17.72637],[-63.01102,-17.72637],[-63.01102,-17.72636],[-63.01101,-17.72636],[-63.01101,-17.72635],[-63.011,-17.72635]]},"properties":{"description":"URBANIZACIONES APROBADAS","styleUrl":"#line7","stroke-opacity":1,"stroke":"#000000","stroke-width":1,"name":"FONDO"}},
{"type":"Feature","geometry":{"type":"LineString","coordinates":[[-63.01056,-17.7249],[-63.01146,-17.72603]]},"properties":{"description":"URBANIZACIONES APROBADAS","styleUrl":"#line7","stroke-opacity":1,"stroke":"#000000","stroke-width":1,"name":"FONDO"}},
{"type":"Feature","geometry":{"type":"LineString","coordinates":[[-63.01047,-17.72489],[-63.01047,-17.72488],[-63.01048,-17.72488],[-63.01049,-17.72488],[-63.01049,-17.72487],[-63.0105,-17.72487],[-63.01051,-17.72487],[-63.01052,-17.72487],[-63.01052,-17.72488],[-63.01053,-17.72488],[-63.01054,-17.72488],[-63.01055,-17.72488],[-63.01055,-17.72489],[-63.01056,-17.72489],[-63.01056,-17.7249]]},"properties":{"description":"URBANIZACIONES APROBADAS","styleUrl":"#line7","stroke-opacity":1,"stroke":"#000000","stroke-width":1,"name":"FONDO"}},
{"type":"Feature","geometry":{"type":"LineString","coordinates":[[-63.01273,-17.72548],[-63.01334,-17.72475]]},"properties":{"description":"URBANIZACIONES APROBADAS","styleUrl":"#line7","stroke-opacity":1,"stroke":"#000000","stroke-width":1,"name":"FONDO"}},
{"type":"Feature","geometry":{"type":"LineString","coordinates":[[-63.01334,-17.72475],[-63.01346,-17.72461]]},"properties":{"description":"URBANIZACIONES APROBADAS","styleUrl":"#line7","stroke-opacity":1,"stroke":"#000000","stroke-width":1,"name":"FONDO"}},
{"type":"Feature","geometry":{"type":"LineString","coordinates":[[-63.01346,-17.72461],[-63.01364,-17.72431]]},"properties":{"description":"URBANIZACIONES APROBADAS","styleUrl":"#line7","stroke-opacity":1,"stroke":"#000000","stroke-width":1,"name":"FONDO"}},
{"type":"Feature","geometry":{"type":"LineString","coordinates":[[-63.01363,-17.72423],[-63.01363,-17.72424],[-63.01364,-17.72424],[-63.01364,-17.72425],[-63.01365,-17.72425],[-63.01365,-17.72426],[-63.01365,-17.72427],[-63.01365,-17.72428],[-63.01365,-17.72429],[-63.01364,-17.7243],[-63.01364,-17.72431]]},"properties":{"description":"URBANIZACIONES APROBADAS","styleUrl":"#line7","stroke-opacity":1,"stroke":"#000000","stroke-width":1,"name":"FONDO"}},
{"type":"Feature","geometry":{"type":"LineString","coordinates":[[-63.01363,-17.72423],[-63.01354,-17.72413]]},"properties":{"description":"URBANIZACIONES APROBADAS","styleUrl":"#line7","stroke-opacity":1,"stroke":"#000000","stroke-width":1,"name":"FONDO"}},
{"type":"Feature","geometry":{"type":"LineString","coordinates":[[-63.01345,-17.72411],[-63.01346,-17.72411],[-63.01347,-17.72411],[-63.01347,-17.7241],[-63.01348,-17.7241],[-63.01349,-17.7241],[-63.0135,-17.7241],[-63.01351,-17.7241],[-63.01351,-17.72411],[-63.01352,-17.72411],[-63.01353,-17.72411],[-63.01353,-17.72412],[-63.01354,-17.72412],[-63.01354,-17.72413]]},"properties":{"description":"URBANIZACIONES APROBADAS","styleUrl":"#line7","stroke-opacity":1,"stroke":"#000000","stroke-width":1,"name":"FONDO"}},
{"type":"Feature","geometry":{"type":"LineString","coordinates":[[-63.01345,-17.72411],[-63.01138,-17.72563]]},"properties":{"description":"URBANIZACIONES APROBADAS","styleUrl":"#line7","stroke-opacity":1,"stroke":"#000000","stroke-width":1,"name":"FONDO"}},
{"type":"Feature","geometry":{"type":"LineString","coordinates":[[-63.01137,-17.72572],[-63.01136,-17.72572],[-63.01136,-17.72571],[-63.01136,-17.7257],[-63.01135,-17.7257],[-63.01135,-17.72569],[-63.01135,-17.72568],[-63.01135,-17.72567],[-63.01135,-17.72566],[-63.01136,-17.72566],[-63.01136,-17.72565],[-63.01136,-17.72564],[-63.01137,-17.72564],[-63.01137,-17.72563],[-63.01138,-17.72563]]},"properties":{"description":"URBANIZACIONES APROBADAS","styleUrl":"#line7","stroke-opacity":1,"stroke":"#000000","stroke-width":1,"name":"FONDO"}},
{"type":"Feature","geometry":{"type":"LineString","coordinates":[[-63.01137,-17.72572],[-63.01157,-17.72598]]},"properties":{"description":"URBANIZACIONES APROBADAS","styleUrl":"#line7","stroke-opacity":1,"stroke":"#000000","stroke-width":1,"name":"FONDO"}},
{"type":"Feature","geometry":{"type":"LineString","coordinates":[[-63.01177,-17.72601],[-63.01176,-17.72601],[-63.01176,-17.72602],[-63.01175,-17.72602],[-63.01174,-17.72602],[-63.01173,-17.72602],[-63.01173,-17.72603],[-63.01172,-17.72603],[-63.01171,-17.72603],[-63.0117,-17.72603],[-63.01169,-17.72603],[-63.01168,-17.72603],[-63.01167,-17.72603],[-63.01166,-17.72603],[-63.01165,-17.72603],[-63.01164,-17.72603],[-63.01164,-17.72602],[-63.01163,-17.72602],[-63.01162,-17.72602],[-63.01162,-17.72601],[-63.01161,-17.72601],[-63.0116,-17.72601],[-63.0116,-17.726],[-63.01159,-17.726],[-63.01159,-17.72599],[-63.01158,-17.72599],[-63.01158,-17.72598],[-63.01157,-17.72598]]},"properties":{"description":"URBANIZACIONES APROBADAS","styleUrl":"#line7","stroke-opacity":1,"stroke":"#000000","stroke-width":1,"name":"FONDO"}},
{"type":"Feature","geometry":{"type":"LineString","coordinates":[[-63.01177,-17.72601],[-63.01241,-17.72559]]},"properties":{"description":"URBANIZACIONES APROBADAS","styleUrl":"#line7","stroke-opacity":1,"stroke":"#000000","stroke-width":1,"name":"FONDO"}},
{"type":"Feature","geometry":{"type":"LineString","coordinates":[[-63.01241,-17.72559],[-63.01242,-17.72559],[-63.01242,-17.72558],[-63.01243,-17.72558],[-63.01244,-17.72558],[-63.01245,-17.72558],[-63.01246,-17.72558],[-63.01246,-17.72559],[-63.01247,-17.72559]]},"properties":{"description":"URBANIZACIONES APROBADAS","styleUrl":"#line7","stroke-opacity":1,"stroke":"#000000","stroke-width":1,"name":"FONDO"}},
{"type":"Feature","geometry":{"type":"LineString","coordinates":[[-63.01247,-17.72559],[-63.0125,-17.7256]]},"properties":{"description":"URBANIZACIONES APROBADAS","styleUrl":"#line7","stroke-opacity":1,"stroke":"#000000","stroke-width":1,"name":"FONDO"}},
{"type":"Feature","geometry":{"type":"LineString","coordinates":[[-63.01267,-17.72556],[-63.01266,-17.72556],[-63.01266,-17.72557],[-63.01265,-17.72557],[-63.01265,-17.72558],[-63.01264,-17.72558],[-63.01264,-17.72559],[-63.01263,-17.72559],[-63.01262,-17.7256],[-63.01261,-17.7256],[-63.0126,-17.7256],[-63.0126,-17.72561],[-63.01259,-17.72561],[-63.01258,-17.72561],[-63.01257,-17.72561],[-63.01256,-17.72561],[-63.01255,-17.72561],[-63.01254,-17.72561],[-63.01253,-17.72561],[-63.01252,-17.72561],[-63.01251,-17.72561],[-63.01251,-17.7256],[-63.0125,-17.7256]]},"properties":{"description":"URBANIZACIONES APROBADAS","styleUrl":"#line7","stroke-opacity":1,"stroke":"#000000","stroke-width":1,"name":"FONDO"}},
{"type":"Feature","geometry":{"type":"LineString","coordinates":[[-63.01267,-17.72556],[-63.01273,-17.72548]]},"properties":{"description":"URBANIZACIONES APROBADAS","styleUrl":"#line7","stroke-opacity":1,"stroke":"#000000","stroke-width":1,"name":"FONDO"}},
{"type":"Feature","geometry":{"type":"LineString","coordinates":[[-63.0143,-17.72142],[-63.01447,-17.72119]]},"properties":{"description":"URBANIZACIONES APROBADAS","styleUrl":"#line7","stroke-opacity":1,"stroke":"#000000","stroke-width":1,"name":"FONDO"}},
{"type":"Feature","geometry":{"type":"LineString","coordinates":[[-63.01447,-17.72119],[-63.01448,-17.72119],[-63.01448,-17.72118],[-63.01449,-17.72118],[-63.01449,-17.72117],[-63.0145,-17.72117],[-63.01451,-17.72117],[-63.01452,-17.72117],[-63.01453,-17.72117],[-63.01454,-17.72117],[-63.01455,-17.72117],[-63.01456,-17.72117],[-63.01456,-17.72118],[-63.01457,-17.72118]]},"properties":{"description":"URBANIZACIONES APROBADAS","styleUrl":"#line7","stroke-opacity":1,"stroke":"#000000","stroke-width":1,"name":"FONDO"}},
{"type":"Feature","geometry":{"type":"LineString","coordinates":[[-63.01457,-17.72118],[-63.01486,-17.72144]]},"properties":{"description":"URBANIZACIONES APROBADAS","styleUrl":"#line7","stroke-opacity":1,"stroke":"#000000","stroke-width":1,"name":"FONDO"}},
{"type":"Feature","geometry":{"type":"LineString","coordinates":[[-63.01486,-17.72144],[-63.01486,-17.72145],[-63.01487,-17.72145],[-63.01487,-17.72146],[-63.01488,-17.72146],[-63.01488,-17.72147],[-63.01488,-17.72148],[-63.01489,-17.72148],[-63.01489,-17.72149],[-63.01489,-17.7215],[-63.01489,-17.72151],[-63.01489,-17.72152],[-63.01489,-17.72153],[-63.01489,-17.72154],[-63.01489,-17.72155],[-63.01489,-17.72156],[-63.01489,-17.72157],[-63.01488,-17.72157],[-63.01488,-17.72158],[-63.01487,-17.72158],[-63.01487,-17.72159]]},"properties":{"description":"URBANIZACIONES APROBADAS","styleUrl":"#line7","stroke-opacity":1,"stroke":"#000000","stroke-width":1,"name":"FONDO"}},
{"type":"Feature","geometry":{"type":"LineString","coordinates":[[-63.01487,-17.72159],[-63.01481,-17.72167]]},"properties":{"description":"URBANIZACIONES APROBADAS","styleUrl":"#line7","stroke-opacity":1,"stroke":"#000000","stroke-width":1,"name":"FONDO"}},
{"type":"Feature","geometry":{"type":"LineString","coordinates":[[-63.01481,-17.72167],[-63.01429,-17.72324]]},"properties":{"description":"URBANIZACIONES APROBADAS","styleUrl":"#line7","stroke-opacity":1,"stroke":"#000000","stroke-width":1,"name":"FONDO"}},
{"type":"Feature","geometry":{"type":"LineString","coordinates":[[-63.01429,-17.72324],[-63.01417,-17.72343]]},"properties":{"description":"URBANIZACIONES APROBADAS","styleUrl":"#line7","stroke-opacity":1,"stroke":"#000000","stroke-width":1,"name":"FONDO"}},
{"type":"Feature","geometry":{"type":"LineString","coordinates":[[-63.01417,-17.72343],[-63.01417,-17.72344],[-63.01416,-17.72344],[-63.01416,-17.72345],[-63.01415,-17.72345],[-63.01414,-17.72345],[-63.01414,-17.72346],[-63.01413,-17.72346],[-63.01412,-17.72346],[-63.01411,-17.72346],[-63.0141,-17.72346],[-63.0141,-17.72345],[-63.01409,-17.72345],[-63.01408,-17.72345],[-63.01408,-17.72344],[-63.01407,-17.72344],[-63.01407,-17.72343]]},"properties":{"description":"URBANIZACIONES APROBADAS","styleUrl":"#line7","stroke-opacity":1,"stroke":"#000000","stroke-width":1,"name":"FONDO"}},
{"type":"Feature","geometry":{"type":"LineString","coordinates":[[-63.01407,-17.72343],[-63.01378,-17.72309]]},"properties":{"description":"URBANIZACIONES APROBADAS","styleUrl":"#line7","stroke-opacity":1,"stroke":"#000000","stroke-width":1,"name":"FONDO"}},
{"type":"Feature","geometry":{"type":"LineString","coordinates":[[-63.01378,-17.72309],[-63.01378,-17.72308],[-63.01377,-17.72308],[-63.01377,-17.72307],[-63.01376,-17.72306],[-63.01376,-17.72305],[-63.01376,-17.72304],[-63.01376,-17.72303],[-63.01377,-17.72303]]},"properties":{"description":"URBANIZACIONES APROBADAS","styleUrl":"#line7","stroke-opacity":1,"stroke":"#000000","stroke-width":1,"name":"FONDO"}},
{"type":"Feature","geometry":{"type":"LineString","coordinates":[[-63.01377,-17.72303],[-63.0143,-17.72142]]},"properties":{"description":"URBANIZACIONES APROBADAS","styleUrl":"#line7","stroke-opacity":1,"stroke":"#000000","stroke-width":1,"name":"FONDO"}},
{"type":"Feature","geometry":{"type":"LineString","coordinates":[[-63.01587,-17.72015],[-63.01588,-17.72015],[-63.01588,-17.72016],[-63.01589,-17.72016],[-63.01589,-17.72017],[-63.0159,-17.72017],[-63.0159,-17.72018],[-63.0159,-17.72019],[-63.0159,-17.7202],[-63.0159,-17.72021],[-63.0159,-17.72022],[-63.0159,-17.72023],[-63.01589,-17.72023],[-63.01589,-17.72024]]},"properties":{"description":"URBANIZACIONES APROBADAS","styleUrl":"#line7","stroke-opacity":1,"stroke":"#000000","stroke-width":1,"name":"FONDO"}},
{"type":"Feature","geometry":{"type":"LineString","coordinates":[[-63.01587,-17.72015],[-63.01553,-17.7199]]},"properties":{"description":"URBANIZACIONES APROBADAS","styleUrl":"#line7","stroke-opacity":1,"stroke":"#000000","stroke-width":1,"name":"FONDO"}},
{"type":"Feature","geometry":{"type":"LineString","coordinates":[[-63.01543,-17.71992],[-63.01543,-17.71991],[-63.01544,-17.71991],[-63.01544,-17.7199],[-63.01545,-17.7199],[-63.01546,-17.7199],[-63.01546,-17.71989],[-63.01547,-17.71989],[-63.01548,-17.71989],[-63.01549,-17.71989],[-63.0155,-17.71989],[-63.01551,-17.71989],[-63.01551,-17.7199],[-63.01552,-17.7199],[-63.01553,-17.7199]]},"properties":{"description":"URBANIZACIONES APROBADAS","styleUrl":"#line7","stroke-opacity":1,"stroke":"#000000","stroke-width":1,"name":"FONDO"}},
{"type":"Feature","geometry":{"type":"LineString","coordinates":[[-63.01463,-17.72108],[-63.01463,-17.72107],[-63.01462,-17.72107],[-63.01462,-17.72106],[-63.01461,-17.72105],[-63.01461,-17.72104],[-63.01461,-17.72103],[-63.01461,-17.72102],[-63.01461,-17.72101],[-63.01461,-17.721],[-63.01462,-17.721],[-63.01462,-17.72099]]},"properties":{"description":"URBANIZACIONES APROBADAS","styleUrl":"#line7","stroke-opacity":1,"stroke":"#000000","stroke-width":1,"name":"FONDO"}},
{"type":"Feature","geometry":{"type":"LineString","coordinates":[[-63.01463,-17.72108],[-63.01491,-17.72133]]},"properties":{"description":"URBANIZACIONES APROBADAS","styleUrl":"#line7","stroke-opacity":1,"stroke":"#000000","stroke-width":1,"name":"FONDO"}},
{"type":"Feature","geometry":{"type":"LineString","coordinates":[[-63.01508,-17.72131],[-63.01508,-17.72132],[-63.01507,-17.72132],[-63.01507,-17.72133],[-63.01506,-17.72133],[-63.01506,-17.72134],[-63.01505,-17.72134],[-63.01504,-17.72134],[-63.01504,-17.72135],[-63.01503,-17.72135],[-63.01502,-17.72135],[-63.01501,-17.72135],[-63.01501,-17.72136],[-63.015,-17.72136],[-63.01499,-17.72136],[-63.01498,-17.72136],[-63.01497,-17.72136],[-63.01496,-17.72136],[-63.01496,-17.72135],[-63.01495,-17.72135],[-63.01494,-17.72135],[-63.01493,-17.72134],[-63.01492,-17.72134],[-63.01492,-17.72133],[-63.01491,-17.72133]]},"properties":{"description":"URBANIZACIONES APROBADAS","styleUrl":"#line7","stroke-opacity":1,"stroke":"#000000","stroke-width":1,"name":"FONDO"}},
{"type":"Feature","geometry":{"type":"LineString","coordinates":[[-63.01508,-17.72131],[-63.01589,-17.72024]]},"properties":{"description":"URBANIZACIONES APROBADAS","styleUrl":"#line7","stroke-opacity":1,"stroke":"#000000","stroke-width":1,"name":"FONDO"}},
{"type":"Feature","geometry":{"type":"LineString","coordinates":[[-63.01462,-17.71844],[-63.01461,-17.71843]]},"properties":{"description":"URBANIZACIONES APROBADAS","styleUrl":"#line7","stroke-opacity":1,"stroke":"#000000","stroke-width":1,"name":"FONDO"}},
{"type":"Feature","geometry":{"type":"LineString","coordinates":[[-63.01365,-17.71843],[-63.01428,-17.71888]]},"properties":{"description":"URBANIZACIONES APROBADAS","styleUrl":"#line7","stroke-opacity":1,"stroke":"#000000","stroke-width":1,"name":"FONDO"}},
{"type":"Feature","geometry":{"type":"LineString","coordinates":[[-63.01438,-17.71886],[-63.01438,-17.71887],[-63.01437,-17.71887],[-63.01437,-17.71888],[-63.01436,-17.71888],[-63.01435,-17.71888],[-63.01435,-17.71889],[-63.01434,-17.71889],[-63.01433,-17.71889],[-63.01432,-17.71889],[-63.01431,-17.71889],[-63.0143,-17.71889],[-63.0143,-17.71888],[-63.01429,-17.71888],[-63.01428,-17.71888]]},"properties":{"description":"URBANIZACIONES APROBADAS","styleUrl":"#line7","stroke-opacity":1,"stroke":"#000000","stroke-width":1,"name":"FONDO"}},
{"type":"Feature","geometry":{"type":"LineString","coordinates":[[-63.01438,-17.71886],[-63.01463,-17.71853]]},"properties":{"description":"URBANIZACIONES APROBADAS","styleUrl":"#line7","stroke-opacity":1,"stroke":"#000000","stroke-width":1,"name":"FONDO"}},
{"type":"Feature","geometry":{"type":"LineString","coordinates":[[-63.01462,-17.71844],[-63.01462,-17.71845],[-63.01463,-17.71845],[-63.01463,-17.71846],[-63.01464,-17.71846],[-63.01464,-17.71847],[-63.01464,-17.71848],[-63.01464,-17.71849],[-63.01464,-17.7185],[-63.01464,-17.71851],[-63.01464,-17.71852],[-63.01463,-17.71852],[-63.01463,-17.71853]]},"properties":{"description":"URBANIZACIONES APROBADAS","styleUrl":"#line7","stroke-opacity":1,"stroke":"#000000","stroke-width":1,"name":"FONDO"}},
{"type":"Feature","geometry":{"type":"LineString","coordinates":[[-63.01403,-17.72358],[-63.01403,-17.72359],[-63.01404,-17.72359],[-63.01404,-17.7236],[-63.01404,-17.72361],[-63.01405,-17.72361],[-63.01405,-17.72362],[-63.01405,-17.72363],[-63.01404,-17.72363],[-63.01404,-17.72364],[-63.01404,-17.72365]]},"properties":{"description":"URBANIZACIONES APROBADAS","styleUrl":"#line7","stroke-opacity":1,"stroke":"#000000","stroke-width":1,"name":"FONDO"}},
{"type":"Feature","geometry":{"type":"LineString","coordinates":[[-63.01211,-17.72127],[-63.01324,-17.72263]]},"properties":{"description":"URBANIZACIONES APROBADAS","styleUrl":"#line7","stroke-opacity":1,"stroke":"#000000","stroke-width":1,"name":"FONDO"}},
{"type":"Feature","geometry":{"type":"LineString","coordinates":[[-63.01202,-17.72126],[-63.01203,-17.72126],[-63.01203,-17.72125],[-63.01204,-17.72125],[-63.01205,-17.72125],[-63.01206,-17.72125],[-63.01207,-17.72125],[-63.01208,-17.72125],[-63.01209,-17.72125],[-63.01209,-17.72126],[-63.0121,-17.72126],[-63.0121,-17.72127],[-63.01211,-17.72127]]},"properties":{"description":"URBANIZACIONES APROBADAS","styleUrl":"#line7","stroke-opacity":1,"stroke":"#000000","stroke-width":1,"name":"FONDO"}},
{"type":"Feature","geometry":{"type":"LineString","coordinates":[[-63.02219,-17.72045],[-63.01987,-17.71958]]},"properties":{"description":"URBANIZACIONES APROBADAS","styleUrl":"#line7","stroke-opacity":1,"stroke":"#000000","stroke-width":1,"name":"FONDO"}},
{"type":"Feature","geometry":{"type":"LineString","coordinates":[[-63.02228,-17.72043],[-63.02228,-17.72044],[-63.02227,-17.72044],[-63.02226,-17.72044],[-63.02226,-17.72045],[-63.02225,-17.72045],[-63.02224,-17.72045],[-63.02223,-17.72045],[-63.02223,-17.72046],[-63.02222,-17.72046],[-63.02221,-17.72046],[-63.02221,-17.72045],[-63.0222,-17.72045],[-63.02219,-17.72045]]},"properties":{"description":"URBANIZACIONES APROBADAS","styleUrl":"#line7","stroke-opacity":1,"stroke":"#000000","stroke-width":1,"name":"FONDO"}},
{"type":"Feature","geometry":{"type":"LineString","coordinates":[[-63.01987,-17.71958],[-63.01987,-17.71957],[-63.01986,-17.71957],[-63.01985,-17.71957],[-63.01985,-17.71956],[-63.01984,-17.71956],[-63.01984,-17.71955],[-63.01983,-17.71955],[-63.01983,-17.71954],[-63.01983,-17.71953],[-63.01982,-17.71953],[-63.01982,-17.71952],[-63.01982,-17.71951],[-63.01982,-17.7195],[-63.01982,-17.71949],[-63.01982,-17.71948],[-63.01982,-17.71947],[-63.01983,-17.71947],[-63.01983,-17.71946]]},"properties":{"description":"URBANIZACIONES APROBADAS","styleUrl":"#line7","stroke-opacity":1,"stroke":"#000000","stroke-width":1,"name":"FONDO"}},
{"type":"Feature","geometry":{"type":"LineString","coordinates":[[-63.01983,-17.71946],[-63.02013,-17.71892]]},"properties":{"description":"URBANIZACIONES APROBADAS","styleUrl":"#line7","stroke-opacity":1,"stroke":"#000000","stroke-width":1,"name":"FONDO"}},
{"type":"Feature","geometry":{"type":"LineString","coordinates":[[-63.02013,-17.71892],[-63.02014,-17.71892],[-63.02014,-17.71891],[-63.02015,-17.71891],[-63.02015,-17.7189],[-63.02016,-17.7189],[-63.02017,-17.7189],[-63.02017,-17.71889],[-63.02018,-17.71889],[-63.02019,-17.71889],[-63.0202,-17.71889],[-63.02021,-17.71889],[-63.02022,-17.71889]]},"properties":{"description":"URBANIZACIONES APROBADAS","styleUrl":"#line7","stroke-opacity":1,"stroke":"#000000","stroke-width":1,"name":"FONDO"}},
{"type":"Feature","geometry":{"type":"LineString","coordinates":[[-63.02022,-17.71889],[-63.02248,-17.71975]]},"properties":{"description":"URBANIZACIONES APROBADAS","styleUrl":"#line7","stroke-opacity":1,"stroke":"#000000","stroke-width":1,"name":"FONDO"}},
{"type":"Feature","geometry":{"type":"LineString","coordinates":[[-63.02248,-17.72024],[-63.02228,-17.72043]]},"properties":{"description":"URBANIZACIONES APROBADAS","styleUrl":"#line7","stroke-opacity":1,"stroke":"#000000","stroke-width":1,"name":"FONDO"}},
{"type":"Feature","geometry":{"type":"LineString","coordinates":[[-63.01998,-17.7188],[-63.01998,-17.71881],[-63.01999,-17.71881],[-63.02,-17.71882],[-63.02,-17.71883],[-63.02001,-17.71883],[-63.02001,-17.71884],[-63.02002,-17.71884],[-63.02002,-17.71885],[-63.02002,-17.71886],[-63.02002,-17.71887],[-63.02002,-17.71888],[-63.02001,-17.71888],[-63.02001,-17.71889]]},"properties":{"description":"URBANIZACIONES APROBADAS","styleUrl":"#line7","stroke-opacity":1,"stroke":"#000000","stroke-width":1,"name":"FONDO"}},
{"type":"Feature","geometry":{"type":"LineString","coordinates":[[-63.01973,-17.72344],[-63.02003,-17.72312]]},"properties":{"description":"URBANIZACIONES APROBADAS","styleUrl":"#line7","stroke-opacity":1,"stroke":"#000000","stroke-width":1,"name":"FONDO"}},
{"type":"Feature","geometry":{"type":"LineString","coordinates":[[-63.02003,-17.72312],[-63.02004,-17.72311],[-63.02005,-17.72311],[-63.02005,-17.7231],[-63.02006,-17.7231],[-63.02007,-17.7231],[-63.02008,-17.7231],[-63.02009,-17.7231],[-63.0201,-17.7231]]},"properties":{"description":"URBANIZACIONES APROBADAS","styleUrl":"#line7","stroke-opacity":1,"stroke":"#000000","stroke-width":1,"name":"FONDO"}},
{"type":"Feature","geometry":{"type":"LineString","coordinates":[[-63.0201,-17.7231],[-63.02184,-17.72355]]},"properties":{"description":"URBANIZACIONES APROBADAS","styleUrl":"#line7","stroke-opacity":1,"stroke":"#000000","stroke-width":1,"name":"FONDO"}},
{"type":"Feature","geometry":{"type":"LineString","coordinates":[[-63.0219,-17.72365],[-63.02189,-17.72365],[-63.02189,-17.72366],[-63.02189,-17.72367],[-63.02189,-17.72368],[-63.02188,-17.72369],[-63.02188,-17.7237],[-63.02188,-17.72371],[-63.02188,-17.72372],[-63.02187,-17.72372],[-63.02187,-17.72373],[-63.02187,-17.72374],[-63.02187,-17.72375],[-63.02186,-17.72375],[-63.02186,-17.72376],[-63.02186,-17.72377],[-63.02186,-17.72378],[-63.02185,-17.72378],[-63.02185,-17.72379],[-63.02185,-17.7238],[-63.02185,-17.72381],[-63.02184,-17.72381],[-63.02184,-17.72382],[-63.02184,-17.72383],[-63.02184,-17.72384],[-63.02183,-17.72384],[-63.02183,-17.72385],[-63.02183,-17.72386],[-63.02182,-17.72387],[-63.02182,-17.72388],[-63.02182,-17.72389],[-63.02181,-17.72389],[-63.02181,-17.7239],[-63.02181,-17.72391],[-63.02181,-17.72392],[-63.0218,-17.72392],[-63.0218,-17.72393],[-63.0218,-17.72394],[-63.0218,-17.72395],[-63.02179,-17.72395],[-63.02179,-17.72396],[-63.02179,-17.72397]]},"properties":{"description":"URBANIZACIONES APROBADAS","styleUrl":"#line7","stroke-opacity":1,"stroke":"#000000","stroke-width":1,"name":"FONDO"}},
{"type":"Feature","geometry":{"type":"LineString","coordinates":[[-63.02179,-17.72397],[-63.02178,-17.72398],[-63.02178,-17.72399],[-63.02177,-17.72399],[-63.02177,-17.724],[-63.02177,-17.72401],[-63.02176,-17.72401],[-63.02176,-17.72402],[-63.02175,-17.72402],[-63.02175,-17.72403],[-63.02174,-17.72403],[-63.02174,-17.72404],[-63.02173,-17.72404],[-63.02172,-17.72404],[-63.02172,-17.72405],[-63.02171,-17.72405],[-63.0217,-17.72405],[-63.02169,-17.72405],[-63.02169,-17.72406],[-63.02168,-17.72406],[-63.02167,-17.72406],[-63.02166,-17.72406],[-63.02165,-17.72406],[-63.02164,-17.72406],[-63.02163,-17.72406],[-63.02162,-17.72406]]},"properties":{"description":"URBANIZACIONES APROBADAS","styleUrl":"#line7","stroke-opacity":1,"stroke":"#000000","stroke-width":1,"name":"FONDO"}},
{"type":"Feature","geometry":{"type":"LineString","coordinates":[[-63.02184,-17.72355],[-63.02185,-17.72355],[-63.02185,-17.72356],[-63.02186,-17.72356],[-63.02187,-17.72356],[-63.02187,-17.72357],[-63.02188,-17.72357],[-63.02188,-17.72358],[-63.02189,-17.72359],[-63.02189,-17.7236],[-63.02189,-17.72361],[-63.0219,-17.72361],[-63.0219,-17.72362],[-63.0219,-17.72363],[-63.0219,-17.72364],[-63.0219,-17.72365]]},"properties":{"description":"URBANIZACIONES APROBADAS","styleUrl":"#line7","stroke-opacity":1,"stroke":"#000000","stroke-width":1,"name":"FONDO"}},
{"type":"Feature","geometry":{"type":"LineString","coordinates":[[-63.01977,-17.72358],[-63.01977,-17.72357],[-63.01976,-17.72357],[-63.01975,-17.72357],[-63.01975,-17.72356],[-63.01974,-17.72356],[-63.01974,-17.72355],[-63.01973,-17.72355],[-63.01973,-17.72354],[-63.01972,-17.72354],[-63.01972,-17.72353],[-63.01972,-17.72352],[-63.01971,-17.72352],[-63.01971,-17.72351]]},"properties":{"description":"URBANIZACIONES APROBADAS","styleUrl":"#line7","stroke-opacity":1,"stroke":"#000000","stroke-width":1,"name":"FONDO"}},
{"type":"Feature","geometry":{"type":"LineString","coordinates":[[-63.01972,-17.72346],[-63.01972,-17.72345],[-63.01973,-17.72345],[-63.01973,-17.72344]]},"properties":{"description":"URBANIZACIONES APROBADAS","styleUrl":"#line7","stroke-opacity":1,"stroke":"#000000","stroke-width":1,"name":"FONDO"}},
{"type":"Feature","geometry":{"type":"LineString","coordinates":[[-63.02162,-17.72406],[-63.01977,-17.72358]]},"properties":{"description":"URBANIZACIONES APROBADAS","styleUrl":"#line7","stroke-opacity":1,"stroke":"#000000","stroke-width":1,"name":"FONDO"}},
{"type":"Feature","geometry":{"type":"LineString","coordinates":[[-63.02187,-17.72344],[-63.02025,-17.72302]]},"properties":{"description":"URBANIZACIONES APROBADAS","styleUrl":"#line7","stroke-opacity":1,"stroke":"#000000","stroke-width":1,"name":"FONDO"}},
{"type":"Feature","geometry":{"type":"LineString","coordinates":[[-63.02248,-17.7236],[-63.02218,-17.72352]]},"properties":{"description":"URBANIZACIONES APROBADAS","styleUrl":"#line7","stroke-opacity":1,"stroke":"#000000","stroke-width":1,"name":"FONDO"}},
{"type":"Feature","geometry":{"type":"LineString","coordinates":[[-63.01594,-17.72924],[-63.01594,-17.72923],[-63.01595,-17.72923],[-63.01595,-17.72922],[-63.01596,-17.72922],[-63.01596,-17.72921],[-63.01597,-17.72921],[-63.01598,-17.72921],[-63.01599,-17.72921],[-63.016,-17.72921],[-63.01601,-17.72921],[-63.01602,-17.72921],[-63.01602,-17.72922],[-63.01603,-17.72922]]},"properties":{"description":"URBANIZACIONES APROBADAS","styleUrl":"#line7","stroke-opacity":1,"stroke":"#000000","stroke-width":1,"name":"FONDO"}},
{"type":"Feature","geometry":{"type":"LineString","coordinates":[[-63.01603,-17.72922],[-63.01633,-17.72943]]},"properties":{"description":"URBANIZACIONES APROBADAS","styleUrl":"#line7","stroke-opacity":1,"stroke":"#000000","stroke-width":1,"name":"FONDO"}},
{"type":"Feature","geometry":{"type":"LineString","coordinates":[[-63.01633,-17.72943],[-63.01634,-17.72943],[-63.01634,-17.72944],[-63.01635,-17.72944],[-63.01635,-17.72945],[-63.01635,-17.72946],[-63.01636,-17.72946],[-63.01636,-17.72947],[-63.01636,-17.72948],[-63.01636,-17.72949],[-63.01636,-17.7295],[-63.01636,-17.72951],[-63.01636,-17.72952],[-63.01636,-17.72953],[-63.01635,-17.72953],[-63.01635,-17.72954]]},"properties":{"description":"URBANIZACIONES APROBADAS","styleUrl":"#line7","stroke-opacity":1,"stroke":"#000000","stroke-width":1,"name":"FONDO"}},
{"type":"Feature","geometry":{"type":"LineString","coordinates":[[-63.01635,-17.72954],[-63.01579,-17.73032]]},"properties":{"description":"URBANIZACIONES APROBADAS","styleUrl":"#line7","stroke-opacity":1,"stroke":"#000000","stroke-width":1,"name":"FONDO"}},
{"type":"Feature","geometry":{"type":"LineString","coordinates":[[-63.01579,-17.73032],[-63.01535,-17.73002]]},"properties":{"description":"URBANIZACIONES APROBADAS","styleUrl":"#line7","stroke-opacity":1,"stroke":"#000000","stroke-width":1,"name":"FONDO"}},
{"type":"Feature","geometry":{"type":"LineString","coordinates":[[-63.01535,-17.73002],[-63.01594,-17.72924]]},"properties":{"description":"URBANIZACIONES APROBADAS","styleUrl":"#line7","stroke-opacity":1,"stroke":"#000000","stroke-width":1,"name":"FONDO"}},
{"type":"Feature","geometry":{"type":"LineString","coordinates":[[-63.01639,-17.72933],[-63.0161,-17.72913]]},"properties":{"description":"URBANIZACIONES APROBADAS","styleUrl":"#line7","stroke-opacity":1,"stroke":"#000000","stroke-width":1,"name":"FONDO"}},
{"type":"Feature","geometry":{"type":"LineString","coordinates":[[-63.01721,-17.72982],[-63.0172,-17.72982],[-63.0172,-17.72983],[-63.01719,-17.72983],[-63.01719,-17.72984],[-63.01718,-17.72984],[-63.01717,-17.72984],[-63.01716,-17.72984],[-63.01715,-17.72984],[-63.01714,-17.72984],[-63.01713,-17.72984],[-63.01713,-17.72983],[-63.01712,-17.72983]]},"properties":{"description":"URBANIZACIONES APROBADAS","styleUrl":"#line7","stroke-opacity":1,"stroke":"#000000","stroke-width":1,"name":"FONDO"}},
{"type":"Feature","geometry":{"type":"LineString","coordinates":[[-63.01609,-17.72904],[-63.01706,-17.72775]]},"properties":{"description":"URBANIZACIONES APROBADAS","styleUrl":"#line7","stroke-opacity":1,"stroke":"#000000","stroke-width":1,"name":"FONDO"}},
{"type":"Feature","geometry":{"type":"LineString","coordinates":[[-63.0161,-17.72913],[-63.0161,-17.72912],[-63.01609,-17.72912],[-63.01609,-17.72911],[-63.01608,-17.72911],[-63.01608,-17.7291],[-63.01608,-17.72909],[-63.01608,-17.72908],[-63.01608,-17.72907],[-63.01608,-17.72906],[-63.01608,-17.72905],[-63.01608,-17.72904],[-63.01609,-17.72904]]},"properties":{"description":"URBANIZACIONES APROBADAS","styleUrl":"#line7","stroke-opacity":1,"stroke":"#000000","stroke-width":1,"name":"FONDO"}},
{"type":"Feature","geometry":{"type":"LineString","coordinates":[[-63.02175,-17.72444],[-63.02175,-17.72445],[-63.02174,-17.72445],[-63.02174,-17.72446],[-63.02174,-17.72447],[-63.02173,-17.72447],[-63.02173,-17.72448],[-63.02173,-17.72449],[-63.02173,-17.7245],[-63.02172,-17.7245],[-63.02172,-17.72451],[-63.02172,-17.72452],[-63.02171,-17.72452],[-63.02171,-17.72453],[-63.02171,-17.72454],[-63.0217,-17.72454],[-63.0217,-17.72455],[-63.0217,-17.72456],[-63.02169,-17.72456],[-63.02169,-17.72457],[-63.02168,-17.72458],[-63.02168,-17.72459],[-63.02167,-17.7246],[-63.02167,-17.72461],[-63.02167,-17.72462],[-63.02166,-17.72462],[-63.02166,-17.72463],[-63.02165,-17.72464],[-63.02165,-17.72465],[-63.02164,-17.72466],[-63.02164,-17.72467],[-63.02163,-17.72467],[-63.02163,-17.72468],[-63.02163,-17.72469],[-63.02162,-17.72469],[-63.02162,-17.7247],[-63.02162,-17.72471],[-63.02161,-17.72471],[-63.02161,-17.72472],[-63.02161,-17.72473],[-63.0216,-17.72473],[-63.0216,-17.72474]]},"properties":{"description":"URBANIZACIONES APROBADAS","styleUrl":"#line7","stroke-opacity":1,"stroke":"#000000","stroke-width":1,"name":"FONDO"}},
{"type":"Feature","geometry":{"type":"LineString","coordinates":[[-63.02165,-17.72486],[-63.02164,-17.72486],[-63.02164,-17.72485],[-63.02163,-17.72485],[-63.02162,-17.72485],[-63.02162,-17.72484],[-63.02161,-17.72484],[-63.02161,-17.72483],[-63.0216,-17.72483],[-63.0216,-17.72482],[-63.02159,-17.72482],[-63.02159,-17.72481],[-63.02159,-17.7248],[-63.02159,-17.72479],[-63.02159,-17.72478],[-63.02159,-17.72477],[-63.02159,-17.72476],[-63.02159,-17.72475],[-63.0216,-17.72475],[-63.0216,-17.72474]]},"properties":{"description":"URBANIZACIONES APROBADAS","styleUrl":"#line7","stroke-opacity":1,"stroke":"#000000","stroke-width":1,"name":"FONDO"}},
{"type":"Feature","geometry":{"type":"LineString","coordinates":[[-63.02175,-17.72444],[-63.02175,-17.72443],[-63.02176,-17.72443],[-63.02176,-17.72442],[-63.02177,-17.72442],[-63.02177,-17.72441],[-63.02178,-17.72441],[-63.02178,-17.7244],[-63.02179,-17.7244],[-63.02179,-17.72439],[-63.0218,-17.72439],[-63.0218,-17.72438],[-63.02181,-17.72438],[-63.02182,-17.72438],[-63.02182,-17.72437],[-63.02183,-17.72437],[-63.02184,-17.72437],[-63.02185,-17.72437],[-63.02185,-17.72436],[-63.02186,-17.72436],[-63.02187,-17.72436],[-63.02188,-17.72436],[-63.02189,-17.72436],[-63.0219,-17.72436],[-63.02191,-17.72437],[-63.02192,-17.72437]]},"properties":{"description":"URBANIZACIONES APROBADAS","styleUrl":"#line7","stroke-opacity":1,"stroke":"#000000","stroke-width":1,"name":"FONDO"}},
{"type":"Feature","geometry":{"type":"LineString","coordinates":[[-63.02192,-17.72437],[-63.02248,-17.72451]]},"properties":{"description":"URBANIZACIONES APROBADAS","styleUrl":"#line7","stroke-opacity":1,"stroke":"#000000","stroke-width":1,"name":"FONDO"}},
{"type":"Feature","geometry":{"type":"LineString","coordinates":[[-63.02233,-17.72299],[-63.02248,-17.72303]]},"properties":{"description":"URBANIZACIONES APROBADAS","styleUrl":"#line7","stroke-opacity":1,"stroke":"#000000","stroke-width":1,"name":"FONDO"}},
{"type":"Feature","geometry":{"type":"LineString","coordinates":[[-63.02025,-17.72302],[-63.02025,-17.72301],[-63.02024,-17.72301],[-63.02023,-17.72301],[-63.02023,-17.723],[-63.02022,-17.723],[-63.02022,-17.72299],[-63.02021,-17.72299],[-63.02021,-17.72298],[-63.02021,-17.72297],[-63.0202,-17.72297],[-63.0202,-17.72296],[-63.0202,-17.72295],[-63.0202,-17.72294],[-63.02021,-17.72294],[-63.02021,-17.72293],[-63.02021,-17.72292],[-63.02022,-17.72292],[-63.02022,-17.72291]]},"properties":{"description":"URBANIZACIONES APROBADAS","styleUrl":"#line7","stroke-opacity":1,"stroke":"#000000","stroke-width":1,"name":"FONDO"}},
{"type":"Feature","geometry":{"type":"LineString","coordinates":[[-63.02022,-17.72291],[-63.02053,-17.72257]]},"properties":{"description":"URBANIZACIONES APROBADAS","styleUrl":"#line7","stroke-opacity":1,"stroke":"#000000","stroke-width":1,"name":"FONDO"}},
{"type":"Feature","geometry":{"type":"LineString","coordinates":[[-63.02053,-17.72257],[-63.02054,-17.72257],[-63.02054,-17.72256],[-63.02055,-17.72256],[-63.02056,-17.72256],[-63.02056,-17.72255],[-63.02057,-17.72255],[-63.02058,-17.72255],[-63.02059,-17.72255],[-63.0206,-17.72255],[-63.02061,-17.72255],[-63.02062,-17.72255]]},"properties":{"description":"URBANIZACIONES APROBADAS","styleUrl":"#line7","stroke-opacity":1,"stroke":"#000000","stroke-width":1,"name":"FONDO"}},
{"type":"Feature","geometry":{"type":"LineString","coordinates":[[-63.02062,-17.72255],[-63.02196,-17.72289]]},"properties":{"description":"URBANIZACIONES APROBADAS","styleUrl":"#line7","stroke-opacity":1,"stroke":"#000000","stroke-width":1,"name":"FONDO"}},
{"type":"Feature","geometry":{"type":"LineString","coordinates":[[-63.02205,-17.72302],[-63.02204,-17.72302],[-63.02204,-17.72303],[-63.02204,-17.72304],[-63.02204,-17.72305],[-63.02204,-17.72306],[-63.02204,-17.72307],[-63.02204,-17.72308],[-63.02203,-17.72308],[-63.02203,-17.72309],[-63.02203,-17.7231],[-63.02203,-17.72311],[-63.02203,-17.72312],[-63.02203,-17.72313],[-63.02202,-17.72313],[-63.02202,-17.72314],[-63.02202,-17.72315],[-63.02202,-17.72316],[-63.02202,-17.72317],[-63.02202,-17.72318],[-63.02201,-17.72318],[-63.02201,-17.72319],[-63.02201,-17.7232],[-63.02201,-17.72321],[-63.02201,-17.72322],[-63.02201,-17.72323],[-63.022,-17.72323],[-63.022,-17.72324],[-63.022,-17.72325],[-63.022,-17.72326],[-63.022,-17.72327],[-63.02199,-17.72327],[-63.02199,-17.72328],[-63.02199,-17.72329],[-63.02199,-17.7233],[-63.02199,-17.72331],[-63.02199,-17.72332],[-63.02198,-17.72332],[-63.02198,-17.72333],[-63.02198,-17.72334],[-63.02198,-17.72335],[-63.02198,-17.72336],[-63.02197,-17.72336],[-63.02197,-17.72337],[-63.02197,-17.72338]]},"properties":{"description":"URBANIZACIONES APROBADAS","styleUrl":"#line7","stroke-opacity":1,"stroke":"#000000","stroke-width":1,"name":"FONDO"}},
{"type":"Feature","geometry":{"type":"LineString","coordinates":[[-63.02197,-17.72338],[-63.02197,-17.72339],[-63.02196,-17.72339],[-63.02196,-17.7234],[-63.02196,-17.72341],[-63.02195,-17.72341],[-63.02195,-17.72342],[-63.02194,-17.72342],[-63.02194,-17.72343],[-63.02193,-17.72343],[-63.02192,-17.72343],[-63.02192,-17.72344],[-63.02191,-17.72344],[-63.0219,-17.72344],[-63.02189,-17.72344],[-63.02188,-17.72344],[-63.02187,-17.72344]]},"properties":{"description":"URBANIZACIONES APROBADAS","styleUrl":"#line7","stroke-opacity":1,"stroke":"#000000","stroke-width":1,"name":"FONDO"}},
{"type":"Feature","geometry":{"type":"LineString","coordinates":[[-63.02196,-17.72289],[-63.02197,-17.72289],[-63.02197,-17.7229],[-63.02198,-17.7229],[-63.02199,-17.7229],[-63.02199,-17.72291],[-63.022,-17.72291],[-63.02201,-17.72291],[-63.02201,-17.72292],[-63.02202,-17.72292],[-63.02202,-17.72293],[-63.02203,-17.72293],[-63.02203,-17.72294],[-63.02203,-17.72295],[-63.02204,-17.72295],[-63.02204,-17.72296],[-63.02204,-17.72297],[-63.02205,-17.72298],[-63.02205,-17.72299],[-63.02205,-17.723],[-63.02205,-17.72301],[-63.02205,-17.72302]]},"properties":{"description":"URBANIZACIONES APROBADAS","styleUrl":"#line7","stroke-opacity":1,"stroke":"#000000","stroke-width":1,"name":"FONDO"}},
{"type":"Feature","geometry":{"type":"LineString","coordinates":[[-63.02028,-17.72406],[-63.02029,-17.72406],[-63.02029,-17.72405],[-63.0203,-17.72405],[-63.0203,-17.72404],[-63.02031,-17.72403],[-63.02032,-17.72403],[-63.02032,-17.72402],[-63.02033,-17.72402],[-63.02033,-17.72401],[-63.02034,-17.72401],[-63.02035,-17.72401],[-63.02035,-17.724],[-63.02036,-17.724],[-63.02037,-17.724],[-63.02037,-17.72399],[-63.02038,-17.72399],[-63.02039,-17.72399],[-63.0204,-17.72399],[-63.02041,-17.72399],[-63.02042,-17.72399],[-63.02043,-17.72399],[-63.02044,-17.72399],[-63.02045,-17.72399],[-63.02046,-17.72399],[-63.02047,-17.72399]]},"properties":{"description":"URBANIZACIONES APROBADAS","styleUrl":"#line7","stroke-opacity":1,"stroke":"#000000","stroke-width":1,"name":"FONDO"}},
{"type":"Feature","geometry":{"type":"LineString","coordinates":[[-63.02047,-17.72399],[-63.02149,-17.72426]]},"properties":{"description":"URBANIZACIONES APROBADAS","styleUrl":"#line7","stroke-opacity":1,"stroke":"#000000","stroke-width":1,"name":"FONDO"}},
{"type":"Feature","geometry":{"type":"LineString","coordinates":[[-63.02158,-17.72445],[-63.02158,-17.72446],[-63.02157,-17.72446],[-63.02157,-17.72447],[-63.02157,-17.72448],[-63.02156,-17.72448],[-63.02156,-17.72449],[-63.02156,-17.7245],[-63.02155,-17.7245],[-63.02155,-17.72451],[-63.02155,-17.72452],[-63.02154,-17.72452],[-63.02154,-17.72453],[-63.02154,-17.72454],[-63.02153,-17.72454],[-63.02153,-17.72455],[-63.02153,-17.72456],[-63.02152,-17.72456],[-63.02152,-17.72457],[-63.02152,-17.72458],[-63.02151,-17.72458],[-63.02151,-17.72459],[-63.0215,-17.7246],[-63.0215,-17.72461],[-63.02149,-17.72462],[-63.02149,-17.72463],[-63.02148,-17.72463],[-63.02148,-17.72464],[-63.02148,-17.72465],[-63.02147,-17.72465],[-63.02147,-17.72466],[-63.02147,-17.72467],[-63.02146,-17.72467],[-63.02146,-17.72468],[-63.02146,-17.72469],[-63.02145,-17.72469],[-63.02145,-17.7247],[-63.02145,-17.72471],[-63.02144,-17.72471],[-63.02144,-17.72472],[-63.02143,-17.72472],[-63.02143,-17.72473],[-63.02143,-17.72474]]},"properties":{"description":"URBANIZACIONES APROBADAS","styleUrl":"#line7","stroke-opacity":1,"stroke":"#000000","stroke-width":1,"name":"FONDO"}},
{"type":"Feature","geometry":{"type":"LineString","coordinates":[[-63.02143,-17.72474],[-63.02142,-17.72474],[-63.02142,-17.72475],[-63.02141,-17.72475],[-63.02141,-17.72476],[-63.0214,-17.72476],[-63.0214,-17.72477],[-63.02139,-17.72477],[-63.02138,-17.72477],[-63.02138,-17.72478],[-63.02137,-17.72478],[-63.02136,-17.72478],[-63.02135,-17.72478],[-63.02134,-17.72478],[-63.02133,-17.72478]]},"properties":{"description":"URBANIZACIONES APROBADAS","styleUrl":"#line7","stroke-opacity":1,"stroke":"#000000","stroke-width":1,"name":"FONDO"}},
{"type":"Feature","geometry":{"type":"LineString","coordinates":[[-63.02149,-17.72426],[-63.0215,-17.72426],[-63.02151,-17.72426],[-63.02151,-17.72427],[-63.02152,-17.72427],[-63.02153,-17.72427],[-63.02153,-17.72428],[-63.02154,-17.72428],[-63.02155,-17.72428],[-63.02155,-17.72429],[-63.02156,-17.72429],[-63.02156,-17.7243],[-63.02157,-17.7243],[-63.02157,-17.72431],[-63.02157,-17.72432],[-63.02158,-17.72432],[-63.02158,-17.72433],[-63.02158,-17.72434],[-63.02159,-17.72434],[-63.02159,-17.72435],[-63.02159,-17.72436],[-63.02159,-17.72437],[-63.02159,-17.72438],[-63.0216,-17.72438],[-63.0216,-17.72439],[-63.0216,-17.7244],[-63.02159,-17.7244],[-63.02159,-17.72441],[-63.02159,-17.72442],[-63.02159,-17.72443],[-63.02159,-17.72444],[-63.02158,-17.72444],[-63.02158,-17.72445]]},"properties":{"description":"URBANIZACIONES APROBADAS","styleUrl":"#line7","stroke-opacity":1,"stroke":"#000000","stroke-width":1,"name":"FONDO"}},
{"type":"Feature","geometry":{"type":"LineString","coordinates":[[-63.02133,-17.72478],[-63.02014,-17.72447]]},"properties":{"description":"URBANIZACIONES APROBADAS","styleUrl":"#line7","stroke-opacity":1,"stroke":"#000000","stroke-width":1,"name":"FONDO"}},
{"type":"Feature","geometry":{"type":"LineString","coordinates":[[-63.02014,-17.72447],[-63.02013,-17.72447],[-63.02013,-17.72446],[-63.02012,-17.72446],[-63.02012,-17.72445],[-63.02011,-17.72445],[-63.0201,-17.72445],[-63.0201,-17.72444],[-63.0201,-17.72443],[-63.02009,-17.72443],[-63.02009,-17.72442],[-63.02009,-17.72441],[-63.02008,-17.72441],[-63.02008,-17.7244],[-63.02008,-17.72439],[-63.02008,-17.72438],[-63.02009,-17.72438],[-63.02009,-17.72437],[-63.02009,-17.72436],[-63.02009,-17.72435],[-63.0201,-17.72435]]},"properties":{"description":"URBANIZACIONES APROBADAS","styleUrl":"#line7","stroke-opacity":1,"stroke":"#000000","stroke-width":1,"name":"FONDO"}},
{"type":"Feature","geometry":{"type":"LineString","coordinates":[[-63.0201,-17.72435],[-63.02028,-17.72406]]},"properties":{"description":"URBANIZACIONES APROBADAS","styleUrl":"#line7","stroke-opacity":1,"stroke":"#000000","stroke-width":1,"name":"FONDO"}},
{"type":"Feature","geometry":{"type":"LineString","coordinates":[[-63.01741,-17.72805],[-63.01651,-17.72931]]},"properties":{"description":"URBANIZACIONES APROBADAS","styleUrl":"#line7","stroke-opacity":1,"stroke":"#000000","stroke-width":1,"name":"FONDO"}},
{"type":"Feature","geometry":{"type":"LineString","coordinates":[[-63.01706,-17.72775],[-63.01706,-17.72774],[-63.01707,-17.72774],[-63.01707,-17.72773],[-63.01708,-17.72773],[-63.01709,-17.72773],[-63.01709,-17.72772],[-63.0171,-17.72772],[-63.01711,-17.72772],[-63.01712,-17.72772],[-63.01713,-17.72772],[-63.01714,-17.72772],[-63.01715,-17.72772],[-63.01716,-17.72772],[-63.01717,-17.72772],[-63.01717,-17.72773]]},"properties":{"description":"URBANIZACIONES APROBADAS","styleUrl":"#line7","stroke-opacity":1,"stroke":"#000000","stroke-width":1,"name":"FONDO"}},
{"type":"Feature","geometry":{"type":"LineString","coordinates":[[-63.01717,-17.72773],[-63.01718,-17.72773],[-63.01719,-17.72773],[-63.01719,-17.72774],[-63.0172,-17.72774],[-63.01721,-17.72774],[-63.01721,-17.72775],[-63.01722,-17.72775],[-63.01723,-17.72775],[-63.01723,-17.72776],[-63.01724,-17.72776],[-63.01725,-17.72776],[-63.01725,-17.72777],[-63.01726,-17.72777],[-63.01727,-17.72777],[-63.01727,-17.72778],[-63.01728,-17.72778],[-63.01729,-17.72778],[-63.01729,-17.72779],[-63.0173,-17.72779],[-63.01731,-17.7278],[-63.01732,-17.7278],[-63.01732,-17.72781],[-63.01733,-17.72781],[-63.01734,-17.72781],[-63.01734,-17.72782],[-63.01735,-17.72782]]},"properties":{"description":"URBANIZACIONES APROBADAS","styleUrl":"#line7","stroke-opacity":1,"stroke":"#000000","stroke-width":1,"name":"FONDO"}},
{"type":"Feature","geometry":{"type":"LineString","coordinates":[[-63.01735,-17.72782],[-63.01736,-17.72782],[-63.01736,-17.72783],[-63.01737,-17.72783],[-63.01738,-17.72783],[-63.01738,-17.72784],[-63.01739,-17.72784],[-63.01739,-17.72785],[-63.0174,-17.72785],[-63.0174,-17.72786],[-63.01741,-17.72786],[-63.01741,-17.72787],[-63.01742,-17.72788],[-63.01742,-17.72789],[-63.01743,-17.72789],[-63.01743,-17.7279],[-63.01743,-17.72791],[-63.01743,-17.72792],[-63.01744,-17.72792],[-63.01744,-17.72793],[-63.01744,-17.72794],[-63.01744,-17.72795],[-63.01744,-17.72796],[-63.01744,-17.72797],[-63.01744,-17.72798],[-63.01744,-17.72799],[-63.01744,-17.728],[-63.01744,-17.72801],[-63.01743,-17.72801],[-63.01743,-17.72802],[-63.01743,-17.72803],[-63.01742,-17.72803],[-63.01742,-17.72804],[-63.01742,-17.72805],[-63.01741,-17.72805]]},"properties":{"description":"URBANIZACIONES APROBADAS","styleUrl":"#line7","stroke-opacity":1,"stroke":"#000000","stroke-width":1,"name":"FONDO"}},
{"type":"Feature","geometry":{"type":"LineString","coordinates":[[-63.01651,-17.72931],[-63.01651,-17.72932],[-63.0165,-17.72932],[-63.0165,-17.72933],[-63.01649,-17.72933],[-63.01648,-17.72933],[-63.01648,-17.72934],[-63.01647,-17.72934],[-63.01646,-17.72934],[-63.01645,-17.72934],[-63.01644,-17.72934],[-63.01643,-17.72934],[-63.01642,-17.72934],[-63.01641,-17.72934],[-63.01641,-17.72933],[-63.0164,-17.72933],[-63.01639,-17.72933]]},"properties":{"description":"URBANIZACIONES APROBADAS","styleUrl":"#line7","stroke-opacity":1,"stroke":"#000000","stroke-width":1,"name":"FONDO"}},
{"type":"Feature","geometry":{"type":"LineString","coordinates":[[-63.01763,-17.72815],[-63.01763,-17.72814],[-63.01764,-17.72814],[-63.01764,-17.72813],[-63.01765,-17.72813],[-63.01765,-17.72812],[-63.01766,-17.72812],[-63.01766,-17.72811],[-63.01767,-17.72811],[-63.01768,-17.72811],[-63.01768,-17.7281],[-63.01769,-17.7281],[-63.0177,-17.7281],[-63.0177,-17.72809],[-63.01771,-17.72809],[-63.01772,-17.72809],[-63.01773,-17.72808],[-63.01774,-17.72808],[-63.01775,-17.72808],[-63.01776,-17.72808],[-63.01777,-17.72808],[-63.01778,-17.72808],[-63.01779,-17.72808],[-63.0178,-17.72808],[-63.01781,-17.72808],[-63.01781,-17.72809],[-63.01782,-17.72809],[-63.01783,-17.72809],[-63.01784,-17.72809],[-63.01784,-17.7281],[-63.01785,-17.7281],[-63.01786,-17.7281]]},"properties":{"description":"URBANIZACIONES APROBADAS","styleUrl":"#line7","stroke-opacity":1,"stroke":"#000000","stroke-width":1,"name":"FONDO"}},
{"type":"Feature","geometry":{"type":"LineString","coordinates":[[-63.01786,-17.7281],[-63.01786,-17.72811],[-63.01787,-17.72811],[-63.01788,-17.72811],[-63.01788,-17.72812],[-63.01789,-17.72812],[-63.01789,-17.72813],[-63.0179,-17.72813],[-63.01791,-17.72813],[-63.01791,-17.72814],[-63.01792,-17.72814],[-63.01793,-17.72814],[-63.01793,-17.72815],[-63.01794,-17.72815],[-63.01794,-17.72816],[-63.01795,-17.72816],[-63.01796,-17.72816],[-63.01796,-17.72817],[-63.01797,-17.72817],[-63.01798,-17.72818],[-63.01799,-17.72818],[-63.01799,-17.72819],[-63.018,-17.72819],[-63.01801,-17.7282],[-63.01802,-17.7282],[-63.01802,-17.72821],[-63.01803,-17.72821],[-63.01804,-17.72821],[-63.01804,-17.72822],[-63.01805,-17.72822],[-63.01806,-17.72823],[-63.01807,-17.72823],[-63.01807,-17.72824],[-63.01808,-17.72824],[-63.01809,-17.72825],[-63.0181,-17.72825],[-63.0181,-17.72826],[-63.01811,-17.72826],[-63.01812,-17.72827],[-63.01813,-17.72827],[-63.01813,-17.72828],[-63.01814,-17.72828],[-63.01815,-17.72828],[-63.01815,-17.72829],[-63.01816,-17.72829],[-63.01816,-17.7283],[-63.01817,-17.7283],[-63.01818,-17.7283],[-63.01818,-17.72831],[-63.01819,-17.72831],[-63.01819,-17.72832],[-63.0182,-17.72832],[-63.01821,-17.72832],[-63.01821,-17.72833],[-63.01822,-17.72833],[-63.01822,-17.72834]]},"properties":{"description":"URBANIZACIONES APROBADAS","styleUrl":"#line7","stroke-opacity":1,"stroke":"#000000","stroke-width":1,"name":"FONDO"}},
{"type":"Feature","geometry":{"type":"LineString","coordinates":[[-63.01822,-17.72834],[-63.01823,-17.72834],[-63.01823,-17.72835],[-63.01824,-17.72835],[-63.01824,-17.72836],[-63.01825,-17.72836],[-63.01825,-17.72837],[-63.01825,-17.72838],[-63.01826,-17.72838],[-63.01826,-17.72839],[-63.01826,-17.7284],[-63.01826,-17.72841],[-63.01826,-17.72842],[-63.01825,-17.72842],[-63.01825,-17.72843],[-63.01825,-17.72844],[-63.01825,-17.72845],[-63.01824,-17.72845]]},"properties":{"description":"URBANIZACIONES APROBADAS","styleUrl":"#line7","stroke-opacity":1,"stroke":"#000000","stroke-width":1,"name":"FONDO"}},
{"type":"Feature","geometry":{"type":"LineString","coordinates":[[-63.01824,-17.72845],[-63.01721,-17.72982]]},"properties":{"description":"URBANIZACIONES APROBADAS","styleUrl":"#line7","stroke-opacity":1,"stroke":"#000000","stroke-width":1,"name":"FONDO"}},
{"type":"Feature","geometry":{"type":"LineString","coordinates":[[-63.01712,-17.72983],[-63.01672,-17.72956]]},"properties":{"description":"URBANIZACIONES APROBADAS","styleUrl":"#line7","stroke-opacity":1,"stroke":"#000000","stroke-width":1,"name":"FONDO"}},
{"type":"Feature","geometry":{"type":"LineString","coordinates":[[-63.01672,-17.72956],[-63.01672,-17.72955],[-63.01671,-17.72955],[-63.01671,-17.72954],[-63.0167,-17.72954],[-63.0167,-17.72953],[-63.0167,-17.72952],[-63.01669,-17.72952],[-63.01669,-17.72951],[-63.01669,-17.7295],[-63.01669,-17.72949],[-63.01669,-17.72948],[-63.01669,-17.72947],[-63.01669,-17.72946],[-63.0167,-17.72946],[-63.0167,-17.72945],[-63.0167,-17.72944]]},"properties":{"description":"URBANIZACIONES APROBADAS","styleUrl":"#line7","stroke-opacity":1,"stroke":"#000000","stroke-width":1,"name":"FONDO"}},
{"type":"Feature","geometry":{"type":"LineString","coordinates":[[-63.0167,-17.72944],[-63.01763,-17.72815]]},"properties":{"description":"URBANIZACIONES APROBADAS","styleUrl":"#line7","stroke-opacity":1,"stroke":"#000000","stroke-width":1,"name":"FONDO"}},
{"type":"Feature","geometry":{"type":"LineString","coordinates":[[-63.02248,-17.72508],[-63.02165,-17.72486]]},"properties":{"description":"URBANIZACIONES APROBADAS","styleUrl":"#line7","stroke-opacity":1,"stroke":"#000000","stroke-width":1,"name":"FONDO"}},
{"type":"Feature","geometry":{"type":"LineString","coordinates":[[-63.02204,-17.72369],[-63.02204,-17.7237],[-63.02204,-17.72371],[-63.02203,-17.72371],[-63.02203,-17.72372],[-63.02203,-17.72373],[-63.02203,-17.72374],[-63.02202,-17.72374],[-63.02202,-17.72375],[-63.02202,-17.72376],[-63.02202,-17.72377],[-63.02201,-17.72377],[-63.02201,-17.72378],[-63.02201,-17.72379],[-63.02201,-17.7238],[-63.022,-17.7238],[-63.022,-17.72381],[-63.022,-17.72382],[-63.022,-17.72383],[-63.02199,-17.72383],[-63.02199,-17.72384],[-63.02199,-17.72385],[-63.02199,-17.72386],[-63.02198,-17.72386],[-63.02198,-17.72387],[-63.02198,-17.72388],[-63.02198,-17.72389],[-63.02197,-17.72389],[-63.02197,-17.7239],[-63.02197,-17.72391],[-63.02197,-17.72392],[-63.02196,-17.72392],[-63.02196,-17.72393],[-63.02196,-17.72394],[-63.02196,-17.72395],[-63.02195,-17.72395],[-63.02195,-17.72396],[-63.02195,-17.72397],[-63.02195,-17.72398],[-63.02194,-17.72398],[-63.02194,-17.72399]]},"properties":{"description":"URBANIZACIONES APROBADAS","styleUrl":"#line7","stroke-opacity":1,"stroke":"#000000","stroke-width":1,"name":"FONDO"}},
{"type":"Feature","geometry":{"type":"LineString","coordinates":[[-63.02204,-17.72416],[-63.02203,-17.72416],[-63.02202,-17.72416],[-63.02201,-17.72416],[-63.02201,-17.72415],[-63.022,-17.72415],[-63.02199,-17.72415],[-63.02199,-17.72414],[-63.02198,-17.72414],[-63.02198,-17.72413],[-63.02197,-17.72413],[-63.02197,-17.72412],[-63.02196,-17.72412],[-63.02196,-17.72411],[-63.02195,-17.72411],[-63.02195,-17.7241],[-63.02195,-17.72409],[-63.02194,-17.72409],[-63.02194,-17.72408],[-63.02194,-17.72407],[-63.02194,-17.72406],[-63.02193,-17.72406],[-63.02193,-17.72405],[-63.02193,-17.72404],[-63.02193,-17.72403],[-63.02193,-17.72402],[-63.02193,-17.72401],[-63.02194,-17.72401],[-63.02194,-17.724],[-63.02194,-17.72399]]},"properties":{"description":"URBANIZACIONES APROBADAS","styleUrl":"#line7","stroke-opacity":1,"stroke":"#000000","stroke-width":1,"name":"FONDO"}},
{"type":"Feature","geometry":{"type":"LineString","coordinates":[[-63.02204,-17.72369],[-63.02204,-17.72368],[-63.02205,-17.72368],[-63.02205,-17.72367],[-63.02205,-17.72366],[-63.02206,-17.72366],[-63.02206,-17.72365],[-63.02207,-17.72365],[-63.02207,-17.72364],[-63.02208,-17.72364],[-63.02209,-17.72364],[-63.02209,-17.72363],[-63.0221,-17.72363],[-63.02211,-17.72363],[-63.02212,-17.72363],[-63.02213,-17.72363],[-63.02214,-17.72363],[-63.02215,-17.72363]]},"properties":{"description":"URBANIZACIONES APROBADAS","styleUrl":"#line7","stroke-opacity":1,"stroke":"#000000","stroke-width":1,"name":"FONDO"}},
{"type":"Feature","geometry":{"type":"LineString","coordinates":[[-63.02215,-17.72363],[-63.02248,-17.72372]]},"properties":{"description":"URBANIZACIONES APROBADAS","styleUrl":"#line7","stroke-opacity":1,"stroke":"#000000","stroke-width":1,"name":"FONDO"}},
{"type":"Feature","geometry":{"type":"LineString","coordinates":[[-63.02248,-17.72428],[-63.02204,-17.72416]]},"properties":{"description":"URBANIZACIONES APROBADAS","styleUrl":"#line7","stroke-opacity":1,"stroke":"#000000","stroke-width":1,"name":"FONDO"}},
{"type":"Feature","geometry":{"type":"LineString","coordinates":[[-63.01666,-17.72965],[-63.01705,-17.72993]]},"properties":{"description":"URBANIZACIONES APROBADAS","styleUrl":"#line7","stroke-opacity":1,"stroke":"#000000","stroke-width":1,"name":"FONDO"}},
{"type":"Feature","geometry":{"type":"LineString","coordinates":[[-63.01705,-17.72993],[-63.01706,-17.72993],[-63.01706,-17.72994],[-63.01707,-17.72994],[-63.01707,-17.72995],[-63.01707,-17.72996],[-63.01707,-17.72997],[-63.01707,-17.72998],[-63.01707,-17.72999],[-63.01707,-17.73],[-63.01707,-17.73001],[-63.01706,-17.73001]]},"properties":{"description":"URBANIZACIONES APROBADAS","styleUrl":"#line7","stroke-opacity":1,"stroke":"#000000","stroke-width":1,"name":"FONDO"}},
{"type":"Feature","geometry":{"type":"LineString","coordinates":[[-63.01706,-17.73001],[-63.01642,-17.73087]]},"properties":{"description":"URBANIZACIONES APROBADAS","styleUrl":"#line7","stroke-opacity":1,"stroke":"#000000","stroke-width":1,"name":"FONDO"}},
{"type":"Feature","geometry":{"type":"LineString","coordinates":[[-63.01642,-17.73087],[-63.01641,-17.73087],[-63.01641,-17.73088],[-63.0164,-17.73088],[-63.0164,-17.73089],[-63.01639,-17.73089],[-63.01638,-17.73089],[-63.01637,-17.73089],[-63.01636,-17.73089],[-63.01635,-17.73089],[-63.01634,-17.73089],[-63.01633,-17.73089],[-63.01633,-17.73088],[-63.01632,-17.73088],[-63.01632,-17.73087],[-63.01631,-17.73087]]},"properties":{"description":"URBANIZACIONES APROBADAS","styleUrl":"#line7","stroke-opacity":1,"stroke":"#000000","stroke-width":1,"name":"FONDO"}},
{"type":"Feature","geometry":{"type":"LineString","coordinates":[[-63.01602,-17.7305],[-63.01601,-17.7305],[-63.01601,-17.73049],[-63.01601,-17.73048],[-63.016,-17.73048],[-63.016,-17.73047],[-63.016,-17.73046],[-63.016,-17.73045],[-63.016,-17.73044],[-63.016,-17.73043],[-63.016,-17.73042],[-63.01601,-17.73042],[-63.01601,-17.73041]]},"properties":{"description":"URBANIZACIONES APROBADAS","styleUrl":"#line7","stroke-opacity":1,"stroke":"#000000","stroke-width":1,"name":"FONDO"}},
{"type":"Feature","geometry":{"type":"LineString","coordinates":[[-63.01602,-17.7305],[-63.01602,-17.73051],[-63.01603,-17.73051],[-63.01603,-17.73052],[-63.01604,-17.73052],[-63.01604,-17.73053],[-63.01605,-17.73053],[-63.01605,-17.73054],[-63.01606,-17.73055],[-63.01607,-17.73056],[-63.01608,-17.73057],[-63.01608,-17.73058],[-63.01609,-17.73058],[-63.01609,-17.73059],[-63.0161,-17.73059],[-63.0161,-17.7306],[-63.01611,-17.7306],[-63.01611,-17.73061],[-63.01612,-17.73061],[-63.01612,-17.73062],[-63.01613,-17.73063],[-63.01613,-17.73064],[-63.01614,-17.73064],[-63.01614,-17.73065],[-63.01615,-17.73065],[-63.01615,-17.73066],[-63.01616,-17.73066],[-63.01616,-17.73067],[-63.01617,-17.73067],[-63.01617,-17.73068],[-63.01618,-17.73069],[-63.01618,-17.7307],[-63.01619,-17.7307],[-63.01619,-17.73071],[-63.0162,-17.73071],[-63.0162,-17.73072],[-63.01621,-17.73072],[-63.01621,-17.73073],[-63.01621,-17.73074],[-63.01622,-17.73074],[-63.01622,-17.73075],[-63.01623,-17.73075],[-63.01623,-17.73076],[-63.01624,-17.73076],[-63.01624,-17.73077],[-63.01624,-17.73078],[-63.01625,-17.73078],[-63.01625,-17.73079],[-63.01626,-17.73079],[-63.01626,-17.7308],[-63.01627,-17.73081],[-63.01627,-17.73082],[-63.01628,-17.73082],[-63.01628,-17.73083],[-63.01629,-17.73083],[-63.01629,-17.73084],[-63.0163,-17.73085],[-63.0163,-17.73086],[-63.01631,-17.73086],[-63.01631,-17.73087]]},"properties":{"description":"URBANIZACIONES APROBADAS","styleUrl":"#line7","stroke-opacity":1,"stroke":"#000000","stroke-width":1,"name":"FONDO"}},
{"type":"Feature","geometry":{"type":"LineString","coordinates":[[-63.01601,-17.73041],[-63.01654,-17.72967]]},"properties":{"description":"URBANIZACIONES APROBADAS","styleUrl":"#line7","stroke-opacity":1,"stroke":"#000000","stroke-width":1,"name":"FONDO"}},
{"type":"Feature","geometry":{"type":"LineString","coordinates":[[-63.01654,-17.72967],[-63.01655,-17.72967],[-63.01655,-17.72966],[-63.01656,-17.72966],[-63.01656,-17.72965],[-63.01657,-17.72965],[-63.01658,-17.72965],[-63.01658,-17.72964],[-63.01659,-17.72964],[-63.0166,-17.72964],[-63.01661,-17.72964],[-63.01662,-17.72964],[-63.01663,-17.72964],[-63.01664,-17.72964],[-63.01664,-17.72965],[-63.01665,-17.72965],[-63.01666,-17.72965]]},"properties":{"description":"URBANIZACIONES APROBADAS","styleUrl":"#line7","stroke-opacity":1,"stroke":"#000000","stroke-width":1,"name":"FONDO"}},
{"type":"Feature","geometry":{"type":"LineString","coordinates":[[-63.01846,-17.7285],[-63.01847,-17.72851],[-63.01848,-17.72851],[-63.01848,-17.72852],[-63.01849,-17.72852],[-63.01849,-17.72853],[-63.0185,-17.72853],[-63.01851,-17.72853],[-63.01851,-17.72854],[-63.01852,-17.72854],[-63.01852,-17.72855],[-63.01853,-17.72855],[-63.01854,-17.72856],[-63.01855,-17.72856],[-63.01855,-17.72857],[-63.01856,-17.72857],[-63.01856,-17.72858],[-63.01857,-17.72858],[-63.01858,-17.72859],[-63.01859,-17.72859],[-63.01859,-17.7286],[-63.0186,-17.7286],[-63.0186,-17.72861],[-63.01861,-17.72861],[-63.01862,-17.72861],[-63.01862,-17.72862],[-63.01863,-17.72862],[-63.01863,-17.72863],[-63.01864,-17.72863],[-63.01864,-17.72864],[-63.01865,-17.72864],[-63.01866,-17.72865],[-63.01867,-17.72865],[-63.01867,-17.72866],[-63.01868,-17.72866],[-63.01868,-17.72867],[-63.01869,-17.72867],[-63.0187,-17.72868],[-63.01871,-17.72868],[-63.01871,-17.72869],[-63.01872,-17.72869],[-63.01872,-17.7287],[-63.01873,-17.7287],[-63.01873,-17.72871],[-63.01874,-17.72871],[-63.01875,-17.72872],[-63.01876,-17.72872],[-63.01876,-17.72873],[-63.01877,-17.72873],[-63.01877,-17.72874],[-63.01878,-17.72874]]},"properties":{"description":"URBANIZACIONES APROBADAS","styleUrl":"#line7","stroke-opacity":1,"stroke":"#000000","stroke-width":1,"name":"FONDO"}},
{"type":"Feature","geometry":{"type":"LineString","coordinates":[[-63.01878,-17.72874],[-63.01878,-17.72875],[-63.01879,-17.72875],[-63.01879,-17.72876],[-63.0188,-17.72876],[-63.0188,-17.72877],[-63.0188,-17.72878],[-63.0188,-17.72879],[-63.01881,-17.72879],[-63.01881,-17.7288],[-63.01881,-17.72881],[-63.01881,-17.72882],[-63.0188,-17.72882],[-63.0188,-17.72883],[-63.0188,-17.72884],[-63.01879,-17.72884],[-63.01879,-17.72885]]},"properties":{"description":"URBANIZACIONES APROBADAS","styleUrl":"#line7","stroke-opacity":1,"stroke":"#000000","stroke-width":1,"name":"FONDO"}},
{"type":"Feature","geometry":{"type":"LineString","coordinates":[[-63.01834,-17.72852],[-63.01834,-17.72851],[-63.01835,-17.72851],[-63.01835,-17.7285],[-63.01836,-17.7285],[-63.01837,-17.7285],[-63.01837,-17.72849],[-63.01838,-17.72849],[-63.01839,-17.72849],[-63.0184,-17.72849],[-63.01841,-17.72849],[-63.01841,-17.72848],[-63.01841,-17.72849],[-63.01842,-17.72849],[-63.01843,-17.72849],[-63.01844,-17.72849],[-63.01845,-17.72849],[-63.01845,-17.7285],[-63.01846,-17.7285]]},"properties":{"description":"URBANIZACIONES APROBADAS","styleUrl":"#line7","stroke-opacity":1,"stroke":"#000000","stroke-width":1,"name":"FONDO"}},
{"type":"Feature","geometry":{"type":"LineString","coordinates":[[-63.01777,-17.7302],[-63.01777,-17.73021],[-63.01776,-17.73021],[-63.01776,-17.73022],[-63.01775,-17.73022],[-63.01774,-17.73022],[-63.01774,-17.73023],[-63.01773,-17.73023],[-63.01772,-17.73023],[-63.01771,-17.73023],[-63.0177,-17.73023],[-63.01769,-17.73023],[-63.01769,-17.73022],[-63.01768,-17.73022]]},"properties":{"description":"URBANIZACIONES APROBADAS","styleUrl":"#line7","stroke-opacity":1,"stroke":"#000000","stroke-width":1,"name":"FONDO"}},
{"type":"Feature","geometry":{"type":"LineString","coordinates":[[-63.01879,-17.72885],[-63.01777,-17.7302]]},"properties":{"description":"URBANIZACIONES APROBADAS","styleUrl":"#line7","stroke-opacity":1,"stroke":"#000000","stroke-width":1,"name":"FONDO"}},
{"type":"Feature","geometry":{"type":"LineString","coordinates":[[-63.01733,-17.72997],[-63.01732,-17.72997],[-63.01732,-17.72996],[-63.01731,-17.72996],[-63.01731,-17.72995],[-63.0173,-17.72995],[-63.0173,-17.72994],[-63.0173,-17.72993],[-63.0173,-17.72992],[-63.0173,-17.72991],[-63.0173,-17.7299],[-63.0173,-17.72989],[-63.01731,-17.72989],[-63.01731,-17.72988]]},"properties":{"description":"URBANIZACIONES APROBADAS","styleUrl":"#line7","stroke-opacity":1,"stroke":"#000000","stroke-width":1,"name":"FONDO"}},
{"type":"Feature","geometry":{"type":"LineString","coordinates":[[-63.01768,-17.73022],[-63.01733,-17.72997]]},"properties":{"description":"URBANIZACIONES APROBADAS","styleUrl":"#line7","stroke-opacity":1,"stroke":"#000000","stroke-width":1,"name":"FONDO"}},
{"type":"Feature","geometry":{"type":"LineString","coordinates":[[-63.019,-17.72892],[-63.019,-17.72893],[-63.01901,-17.72893],[-63.01902,-17.72894],[-63.01903,-17.72894],[-63.01903,-17.72895],[-63.01904,-17.72895],[-63.01904,-17.72896],[-63.01905,-17.72896],[-63.01905,-17.72897],[-63.01906,-17.72897],[-63.01906,-17.72898],[-63.01907,-17.72898],[-63.01908,-17.72899],[-63.01909,-17.72899],[-63.01909,-17.729],[-63.0191,-17.729],[-63.0191,-17.72901],[-63.01911,-17.72901],[-63.01911,-17.72902],[-63.01912,-17.72902],[-63.01912,-17.72903],[-63.01913,-17.72903],[-63.01913,-17.72904],[-63.01914,-17.72904],[-63.01914,-17.72905],[-63.01915,-17.72905],[-63.01916,-17.72906],[-63.01917,-17.72907],[-63.01918,-17.72907],[-63.01918,-17.72908],[-63.01919,-17.72908],[-63.01919,-17.72909],[-63.0192,-17.72909],[-63.0192,-17.7291],[-63.01921,-17.7291],[-63.01921,-17.72911],[-63.01922,-17.72911],[-63.01922,-17.72912],[-63.01923,-17.72912],[-63.01923,-17.72913],[-63.01924,-17.72913],[-63.01925,-17.72914],[-63.01926,-17.72914],[-63.01926,-17.72915],[-63.01927,-17.72916],[-63.01928,-17.72916],[-63.01928,-17.72917],[-63.01929,-17.72917],[-63.01929,-17.72918],[-63.0193,-17.72918]]},"properties":{"description":"URBANIZACIONES APROBADAS","styleUrl":"#line7","stroke-opacity":1,"stroke":"#000000","stroke-width":1,"name":"FONDO"}},
{"type":"Feature","geometry":{"type":"LineString","coordinates":[[-63.01731,-17.72988],[-63.01834,-17.72852]]},"properties":{"description":"URBANIZACIONES APROBADAS","styleUrl":"#line7","stroke-opacity":1,"stroke":"#000000","stroke-width":1,"name":"FONDO"}},
{"type":"Feature","geometry":{"type":"LineString","coordinates":[[-63.0193,-17.72918],[-63.0193,-17.72919],[-63.01931,-17.72919],[-63.01931,-17.7292],[-63.01931,-17.72921],[-63.01932,-17.72921],[-63.01932,-17.72922],[-63.01932,-17.72923],[-63.01932,-17.72924],[-63.01932,-17.72925],[-63.01932,-17.72926],[-63.01932,-17.72927],[-63.01932,-17.72928],[-63.01931,-17.72928],[-63.01931,-17.72929]]},"properties":{"description":"URBANIZACIONES APROBADAS","styleUrl":"#line7","stroke-opacity":1,"stroke":"#000000","stroke-width":1,"name":"FONDO"}},
{"type":"Feature","geometry":{"type":"LineString","coordinates":[[-63.01888,-17.72894],[-63.01888,-17.72893],[-63.01889,-17.72893],[-63.01889,-17.72892],[-63.0189,-17.72892],[-63.0189,-17.72891],[-63.01891,-17.72891],[-63.01892,-17.72891],[-63.01892,-17.7289],[-63.01893,-17.7289],[-63.01894,-17.7289],[-63.01895,-17.7289],[-63.01896,-17.7289],[-63.01897,-17.7289],[-63.01897,-17.72891],[-63.01898,-17.72891],[-63.01899,-17.72891],[-63.01899,-17.72892],[-63.019,-17.72892]]},"properties":{"description":"URBANIZACIONES APROBADAS","styleUrl":"#line7","stroke-opacity":1,"stroke":"#000000","stroke-width":1,"name":"FONDO"}},
{"type":"Feature","geometry":{"type":"LineString","coordinates":[[-63.01833,-17.73059],[-63.01832,-17.73059],[-63.01832,-17.7306],[-63.01831,-17.7306],[-63.01831,-17.73061],[-63.0183,-17.73061],[-63.01829,-17.73061],[-63.01828,-17.73061],[-63.01828,-17.73062],[-63.01827,-17.73062],[-63.01827,-17.73061],[-63.01826,-17.73061],[-63.01825,-17.73061],[-63.01824,-17.73061],[-63.01824,-17.7306]]},"properties":{"description":"URBANIZACIONES APROBADAS","styleUrl":"#line7","stroke-opacity":1,"stroke":"#000000","stroke-width":1,"name":"FONDO"}},
{"type":"Feature","geometry":{"type":"LineString","coordinates":[[-63.01824,-17.7306],[-63.01788,-17.73036]]},"properties":{"description":"URBANIZACIONES APROBADAS","styleUrl":"#line7","stroke-opacity":1,"stroke":"#000000","stroke-width":1,"name":"FONDO"}},
{"type":"Feature","geometry":{"type":"LineString","coordinates":[[-63.01787,-17.73027],[-63.01888,-17.72894]]},"properties":{"description":"URBANIZACIONES APROBADAS","styleUrl":"#line7","stroke-opacity":1,"stroke":"#000000","stroke-width":1,"name":"FONDO"}},
{"type":"Feature","geometry":{"type":"LineString","coordinates":[[-63.01788,-17.73036],[-63.01788,-17.73035],[-63.01787,-17.73035],[-63.01787,-17.73034],[-63.01786,-17.73034],[-63.01786,-17.73033],[-63.01786,-17.73032],[-63.01786,-17.73031],[-63.01786,-17.7303],[-63.01786,-17.73029],[-63.01786,-17.73028],[-63.01787,-17.73028],[-63.01787,-17.73027]]},"properties":{"description":"URBANIZACIONES APROBADAS","styleUrl":"#line7","stroke-opacity":1,"stroke":"#000000","stroke-width":1,"name":"FONDO"}},
{"type":"Feature","geometry":{"type":"LineString","coordinates":[[-63.02219,-17.72307],[-63.02219,-17.72308],[-63.02219,-17.72309],[-63.02218,-17.72309],[-63.02218,-17.7231],[-63.02218,-17.72311],[-63.02218,-17.72312],[-63.02218,-17.72313],[-63.02218,-17.72314],[-63.02218,-17.72315],[-63.02217,-17.72315],[-63.02217,-17.72316],[-63.02217,-17.72317],[-63.02217,-17.72318],[-63.02217,-17.72319],[-63.02217,-17.7232],[-63.02216,-17.7232],[-63.02216,-17.72321],[-63.02216,-17.72322],[-63.02216,-17.72323],[-63.02216,-17.72324],[-63.02215,-17.72325],[-63.02215,-17.72326],[-63.02215,-17.72327],[-63.02215,-17.72328],[-63.02215,-17.72329],[-63.02214,-17.72329],[-63.02214,-17.7233],[-63.02214,-17.72331],[-63.02214,-17.72332],[-63.02214,-17.72333],[-63.02214,-17.72334],[-63.02213,-17.72334],[-63.02213,-17.72335],[-63.02213,-17.72336],[-63.02213,-17.72337],[-63.02213,-17.72338],[-63.02212,-17.72338],[-63.02212,-17.72339],[-63.02212,-17.7234],[-63.02212,-17.72341],[-63.02212,-17.72342],[-63.02211,-17.72342]]},"properties":{"description":"URBANIZACIONES APROBADAS","styleUrl":"#line7","stroke-opacity":1,"stroke":"#000000","stroke-width":1,"name":"FONDO"}},
{"type":"Feature","geometry":{"type":"LineString","coordinates":[[-63.02218,-17.72352],[-63.02217,-17.72352],[-63.02217,-17.72351],[-63.02216,-17.72351],[-63.02215,-17.72351],[-63.02215,-17.7235],[-63.02214,-17.7235],[-63.02214,-17.72349],[-63.02213,-17.72349],[-63.02213,-17.72348],[-63.02212,-17.72348],[-63.02212,-17.72347],[-63.02212,-17.72346],[-63.02211,-17.72346],[-63.02211,-17.72345],[-63.02211,-17.72344],[-63.02211,-17.72343],[-63.02211,-17.72342]]},"properties":{"description":"URBANIZACIONES APROBADAS","styleUrl":"#line7","stroke-opacity":1,"stroke":"#000000","stroke-width":1,"name":"FONDO"}},
{"type":"Feature","geometry":{"type":"LineString","coordinates":[[-63.02219,-17.72307],[-63.02219,-17.72306],[-63.02219,-17.72305],[-63.0222,-17.72305],[-63.0222,-17.72304],[-63.0222,-17.72303],[-63.02221,-17.72303],[-63.02221,-17.72302],[-63.02222,-17.72302],[-63.02222,-17.72301],[-63.02223,-17.72301],[-63.02223,-17.723],[-63.02224,-17.723],[-63.02225,-17.723],[-63.02225,-17.72299],[-63.02226,-17.72299],[-63.02227,-17.72299],[-63.02228,-17.72299],[-63.02228,-17.72298],[-63.02229,-17.72298],[-63.0223,-17.72298],[-63.02231,-17.72298],[-63.02232,-17.72298],[-63.02232,-17.72299],[-63.02233,-17.72299]]},"properties":{"description":"URBANIZACIONES APROBADAS","styleUrl":"#line7","stroke-opacity":1,"stroke":"#000000","stroke-width":1,"name":"FONDO"}},
{"type":"Feature","geometry":{"type":"LineString","coordinates":[[-63.01864,-17.72555],[-63.01886,-17.72568]]},"properties":{"description":"URBANIZACIONES APROBADAS","styleUrl":"#line7","stroke-opacity":1,"stroke":"#000000","stroke-width":1,"name":"FONDO"}},
{"type":"Feature","geometry":{"type":"LineString","coordinates":[[-63.01886,-17.72568],[-63.01887,-17.72568],[-63.01887,-17.72569],[-63.01888,-17.72569],[-63.01888,-17.7257],[-63.01889,-17.7257],[-63.01889,-17.72571],[-63.0189,-17.72571],[-63.0189,-17.72572],[-63.0189,-17.72573],[-63.0189,-17.72574],[-63.0189,-17.72575],[-63.0189,-17.72576],[-63.0189,-17.72577],[-63.0189,-17.72578],[-63.0189,-17.72579],[-63.01889,-17.72579]]},"properties":{"description":"URBANIZACIONES APROBADAS","styleUrl":"#line7","stroke-opacity":1,"stroke":"#000000","stroke-width":1,"name":"FONDO"}},
{"type":"Feature","geometry":{"type":"LineString","coordinates":[[-63.01889,-17.72579],[-63.01781,-17.72747]]},"properties":{"description":"URBANIZACIONES APROBADAS","styleUrl":"#line7","stroke-opacity":1,"stroke":"#000000","stroke-width":1,"name":"FONDO"}},
{"type":"Feature","geometry":{"type":"LineString","coordinates":[[-63.01781,-17.72747],[-63.01781,-17.72748],[-63.0178,-17.72748],[-63.0178,-17.72749],[-63.01779,-17.72749],[-63.01779,-17.7275],[-63.01778,-17.7275],[-63.01778,-17.72751],[-63.01777,-17.72751],[-63.01777,-17.72752],[-63.01776,-17.72752],[-63.01775,-17.72752],[-63.01775,-17.72753],[-63.01774,-17.72753],[-63.01773,-17.72753],[-63.01773,-17.72754],[-63.01772,-17.72754],[-63.01771,-17.72754],[-63.0177,-17.72754],[-63.0177,-17.72755],[-63.01769,-17.72755],[-63.01768,-17.72755],[-63.01767,-17.72755],[-63.01766,-17.72755],[-63.01765,-17.72755],[-63.01764,-17.72755],[-63.01763,-17.72755],[-63.01763,-17.72754],[-63.01762,-17.72754],[-63.01761,-17.72754],[-63.0176,-17.72754],[-63.0176,-17.72753],[-63.01759,-17.72753],[-63.01758,-17.72753]]},"properties":{"description":"URBANIZACIONES APROBADAS","styleUrl":"#line7","stroke-opacity":1,"stroke":"#000000","stroke-width":1,"name":"FONDO"}},
{"type":"Feature","geometry":{"type":"LineString","coordinates":[[-63.01744,-17.72745],[-63.01744,-17.72746],[-63.01745,-17.72746],[-63.01746,-17.72746],[-63.01746,-17.72747],[-63.01747,-17.72747],[-63.01748,-17.72747],[-63.01748,-17.72748],[-63.01749,-17.72748],[-63.0175,-17.72748],[-63.0175,-17.72749],[-63.01751,-17.72749],[-63.01752,-17.72749],[-63.01752,-17.7275],[-63.01753,-17.7275],[-63.01754,-17.7275],[-63.01754,-17.72751],[-63.01755,-17.72751],[-63.01756,-17.72751],[-63.01756,-17.72752],[-63.01757,-17.72752],[-63.01758,-17.72752],[-63.01758,-17.72753]]},"properties":{"description":"URBANIZACIONES APROBADAS","styleUrl":"#line7","stroke-opacity":1,"stroke":"#000000","stroke-width":1,"name":"FONDO"}},
{"type":"Feature","geometry":{"type":"LineString","coordinates":[[-63.01744,-17.72745],[-63.01743,-17.72745],[-63.01742,-17.72745],[-63.01742,-17.72744],[-63.01741,-17.72744],[-63.01741,-17.72743],[-63.01741,-17.72742],[-63.0174,-17.72742],[-63.0174,-17.72741],[-63.0174,-17.7274],[-63.01739,-17.7274],[-63.01739,-17.72739],[-63.01739,-17.72738],[-63.01739,-17.72737],[-63.01739,-17.72736],[-63.0174,-17.72736],[-63.0174,-17.72735],[-63.0174,-17.72734],[-63.01741,-17.72734]]},"properties":{"description":"URBANIZACIONES APROBADAS","styleUrl":"#line7","stroke-opacity":1,"stroke":"#000000","stroke-width":1,"name":"FONDO"}},
{"type":"Feature","geometry":{"type":"LineString","coordinates":[[-63.01741,-17.72734],[-63.01775,-17.72684]]},"properties":{"description":"URBANIZACIONES APROBADAS","styleUrl":"#line7","stroke-opacity":1,"stroke":"#000000","stroke-width":1,"name":"FONDO"}},
{"type":"Feature","geometry":{"type":"LineString","coordinates":[[-63.01779,-17.72679],[-63.01781,-17.72676]]},"properties":{"description":"URBANIZACIONES APROBADAS","styleUrl":"#line7","stroke-opacity":1,"stroke":"#000000","stroke-width":1,"name":"FONDO"}},
{"type":"Feature","geometry":{"type":"LineString","coordinates":[[-63.01781,-17.72676],[-63.01782,-17.72675]]},"properties":{"description":"URBANIZACIONES APROBADAS","styleUrl":"#line7","stroke-opacity":1,"stroke":"#000000","stroke-width":1,"name":"FONDO"}},
{"type":"Feature","geometry":{"type":"LineString","coordinates":[[-63.01785,-17.7267],[-63.01855,-17.72557]]},"properties":{"description":"URBANIZACIONES APROBADAS","styleUrl":"#line7","stroke-opacity":1,"stroke":"#000000","stroke-width":1,"name":"FONDO"}},
{"type":"Feature","geometry":{"type":"LineString","coordinates":[[-63.01855,-17.72557],[-63.01855,-17.72556],[-63.01855,-17.72555],[-63.01856,-17.72555],[-63.01857,-17.72555],[-63.01857,-17.72554],[-63.01858,-17.72554],[-63.01859,-17.72554],[-63.0186,-17.72554],[-63.01861,-17.72554],[-63.01862,-17.72554],[-63.01863,-17.72554],[-63.01864,-17.72554],[-63.01864,-17.72555]]},"properties":{"description":"URBANIZACIONES APROBADAS","styleUrl":"#line7","stroke-opacity":1,"stroke":"#000000","stroke-width":1,"name":"FONDO"}},
{"type":"Feature","geometry":{"type":"LineString","coordinates":[[-63.01543,-17.71992],[-63.01462,-17.72099]]},"properties":{"description":"URBANIZACIONES APROBADAS","styleUrl":"#line7","stroke-opacity":1,"stroke":"#000000","stroke-width":1,"name":"FONDO"}},
{"type":"Feature","geometry":{"type":"LineString","coordinates":[[-63.00786,-17.72932],[-63.00797,-17.72939]]},"properties":{"description":"URBANIZACIONES APROBADAS","styleUrl":"#line7","stroke-opacity":1,"stroke":"#000000","stroke-width":1,"name":"FONDO"}},
{"type":"Feature","geometry":{"type":"LineString","coordinates":[[-63.00797,-17.72939],[-63.00797,-17.7294],[-63.00798,-17.7294],[-63.00798,-17.72941],[-63.00799,-17.72941],[-63.00799,-17.72942],[-63.00799,-17.72943],[-63.008,-17.72943],[-63.008,-17.72944],[-63.008,-17.72945],[-63.008,-17.72946]]},"properties":{"description":"URBANIZACIONES APROBADAS","styleUrl":"#line7","stroke-opacity":1,"stroke":"#000000","stroke-width":1,"name":"FONDO"}},
{"type":"Feature","geometry":{"type":"LineString","coordinates":[[-63.008,-17.72946],[-63.008,-17.72962]]},"properties":{"description":"URBANIZACIONES APROBADAS","styleUrl":"#line7","stroke-opacity":1,"stroke":"#000000","stroke-width":1,"name":"FONDO"}},
{"type":"Feature","geometry":{"type":"LineString","coordinates":[[-63.008,-17.72962],[-63.008,-17.72963],[-63.008,-17.72964],[-63.008,-17.72965],[-63.00799,-17.72965],[-63.00799,-17.72966],[-63.00799,-17.72967],[-63.00798,-17.72967],[-63.00798,-17.72968],[-63.00797,-17.72968],[-63.00797,-17.72969],[-63.00796,-17.72969],[-63.00795,-17.72969],[-63.00795,-17.7297]]},"properties":{"description":"URBANIZACIONES APROBADAS","styleUrl":"#line7","stroke-opacity":1,"stroke":"#000000","stroke-width":1,"name":"FONDO"}},
{"type":"Feature","geometry":{"type":"LineString","coordinates":[[-63.00795,-17.7297],[-63.00786,-17.72973]]},"properties":{"description":"URBANIZACIONES APROBADAS","styleUrl":"#line7","stroke-opacity":1,"stroke":"#000000","stroke-width":1,"name":"FONDO"}},
{"type":"Feature","geometry":{"type":"LineString","coordinates":[[-63.02234,-17.72054],[-63.02235,-17.72054],[-63.02235,-17.72053],[-63.02236,-17.72053],[-63.02237,-17.72053],[-63.02237,-17.72052],[-63.02238,-17.72052],[-63.02239,-17.72052],[-63.0224,-17.72052],[-63.02241,-17.72053]]},"properties":{"description":"URBANIZACIONES APROBADAS","styleUrl":"#line7","stroke-opacity":1,"stroke":"#000000","stroke-width":1,"name":"FONDO"}},
{"type":"Feature","geometry":{"type":"LineString","coordinates":[[-63.02241,-17.72053],[-63.02248,-17.72054]]},"properties":{"description":"URBANIZACIONES APROBADAS","styleUrl":"#line7","stroke-opacity":1,"stroke":"#000000","stroke-width":1,"name":"FONDO"}},
{"type":"Feature","geometry":{"type":"LineString","coordinates":[[-63.02248,-17.72132],[-63.02135,-17.72256]]},"properties":{"description":"URBANIZACIONES APROBADAS","styleUrl":"#line7","stroke-opacity":1,"stroke":"#000000","stroke-width":1,"name":"FONDO"}},
{"type":"Feature","geometry":{"type":"LineString","coordinates":[[-63.02135,-17.72256],[-63.02135,-17.72257],[-63.02134,-17.72257],[-63.02133,-17.72257],[-63.02133,-17.72258],[-63.02132,-17.72258],[-63.02131,-17.72258],[-63.0213,-17.72258],[-63.02129,-17.72258],[-63.02128,-17.72258]]},"properties":{"description":"URBANIZACIONES APROBADAS","styleUrl":"#line7","stroke-opacity":1,"stroke":"#000000","stroke-width":1,"name":"FONDO"}},
{"type":"Feature","geometry":{"type":"LineString","coordinates":[[-63.02128,-17.72258],[-63.02073,-17.72244]]},"properties":{"description":"URBANIZACIONES APROBADAS","styleUrl":"#line7","stroke-opacity":1,"stroke":"#000000","stroke-width":1,"name":"FONDO"}},
{"type":"Feature","geometry":{"type":"LineString","coordinates":[[-63.02073,-17.72244],[-63.02072,-17.72244],[-63.02072,-17.72243],[-63.02071,-17.72243],[-63.0207,-17.72243],[-63.0207,-17.72242],[-63.02069,-17.72242],[-63.02069,-17.72241],[-63.02069,-17.7224],[-63.02068,-17.7224],[-63.02068,-17.72239],[-63.02068,-17.72238],[-63.02068,-17.72237],[-63.02068,-17.72236],[-63.02069,-17.72236],[-63.02069,-17.72235],[-63.02069,-17.72234],[-63.0207,-17.72234]]},"properties":{"description":"URBANIZACIONES APROBADAS","styleUrl":"#line7","stroke-opacity":1,"stroke":"#000000","stroke-width":1,"name":"FONDO"}},
{"type":"Feature","geometry":{"type":"LineString","coordinates":[[-63.0207,-17.72234],[-63.02227,-17.72061]]},"properties":{"description":"URBANIZACIONES APROBADAS","styleUrl":"#line7","stroke-opacity":1,"stroke":"#000000","stroke-width":1,"name":"FONDO"}},
{"type":"Feature","geometry":{"type":"LineString","coordinates":[[-63.02227,-17.72061],[-63.02234,-17.72054]]},"properties":{"description":"URBANIZACIONES APROBADAS","styleUrl":"#line7","stroke-opacity":1,"stroke":"#000000","stroke-width":1,"name":"FONDO"}},
{"type":"Feature","geometry":{"type":"LineString","coordinates":[[-63.02248,-17.72289],[-63.02229,-17.72284]]},"properties":{"description":"URBANIZACIONES APROBADAS","styleUrl":"#line7","stroke-opacity":1,"stroke":"#000000","stroke-width":1,"name":"FONDO"}},
{"type":"Feature","geometry":{"type":"LineString","coordinates":[[-63.02229,-17.72284],[-63.02228,-17.72284],[-63.02228,-17.72283],[-63.02227,-17.72283],[-63.02226,-17.72283],[-63.02226,-17.72282],[-63.02225,-17.72282],[-63.02225,-17.72281],[-63.02225,-17.7228],[-63.02224,-17.7228],[-63.02224,-17.72279],[-63.02224,-17.72278],[-63.02224,-17.72277],[-63.02224,-17.72276]]},"properties":{"description":"URBANIZACIONES APROBADAS","styleUrl":"#line7","stroke-opacity":1,"stroke":"#000000","stroke-width":1,"name":"FONDO"}},
{"type":"Feature","geometry":{"type":"LineString","coordinates":[[-63.02224,-17.72276],[-63.02228,-17.72264]]},"properties":{"description":"URBANIZACIONES APROBADAS","styleUrl":"#line7","stroke-opacity":1,"stroke":"#000000","stroke-width":1,"name":"FONDO"}},
{"type":"Feature","geometry":{"type":"LineString","coordinates":[[-63.0223,-17.72258],[-63.02248,-17.72193]]},"properties":{"description":"URBANIZACIONES APROBADAS","styleUrl":"#line7","stroke-opacity":1,"stroke":"#000000","stroke-width":1,"name":"FONDO"}},
{"type":"Feature","geometry":{"type":"LineString","coordinates":[[-63.02151,-17.72255],[-63.02236,-17.72162]]},"properties":{"description":"URBANIZACIONES APROBADAS","styleUrl":"#line7","stroke-opacity":1,"stroke":"#000000","stroke-width":1,"name":"FONDO"}},
{"type":"Feature","geometry":{"type":"LineString","coordinates":[[-63.02236,-17.72162],[-63.02236,-17.72161],[-63.02237,-17.72161],[-63.02238,-17.72161],[-63.02239,-17.72161],[-63.0224,-17.72161],[-63.02241,-17.72161],[-63.02242,-17.72161],[-63.02242,-17.72162],[-63.02243,-17.72162],[-63.02243,-17.72163],[-63.02244,-17.72163],[-63.02244,-17.72164],[-63.02244,-17.72165],[-63.02244,-17.72166]]},"properties":{"description":"URBANIZACIONES APROBADAS","styleUrl":"#line7","stroke-opacity":1,"stroke":"#000000","stroke-width":1,"name":"FONDO"}},
{"type":"Feature","geometry":{"type":"LineString","coordinates":[[-63.02244,-17.72166],[-63.02213,-17.72273]]},"properties":{"description":"URBANIZACIONES APROBADAS","styleUrl":"#line7","stroke-opacity":1,"stroke":"#000000","stroke-width":1,"name":"FONDO"}},
{"type":"Feature","geometry":{"type":"LineString","coordinates":[[-63.02213,-17.72273],[-63.02213,-17.72274],[-63.02213,-17.72275],[-63.02212,-17.72275],[-63.02212,-17.72276],[-63.02211,-17.72276],[-63.02211,-17.72277],[-63.0221,-17.72277],[-63.02209,-17.72277],[-63.02209,-17.72278],[-63.02208,-17.72278],[-63.02207,-17.72278],[-63.02206,-17.72278],[-63.02205,-17.72278]]},"properties":{"description":"URBANIZACIONES APROBADAS","styleUrl":"#line7","stroke-opacity":1,"stroke":"#000000","stroke-width":1,"name":"FONDO"}},
{"type":"Feature","geometry":{"type":"LineString","coordinates":[[-63.02205,-17.72278],[-63.02155,-17.72265]]},"properties":{"description":"URBANIZACIONES APROBADAS","styleUrl":"#line7","stroke-opacity":1,"stroke":"#000000","stroke-width":1,"name":"FONDO"}},
{"type":"Feature","geometry":{"type":"LineString","coordinates":[[-63.02155,-17.72265],[-63.02154,-17.72265],[-63.02154,-17.72264],[-63.02153,-17.72264],[-63.02152,-17.72264],[-63.02152,-17.72263],[-63.02151,-17.72263],[-63.02151,-17.72262],[-63.02151,-17.72261],[-63.0215,-17.72261],[-63.0215,-17.7226],[-63.0215,-17.72259],[-63.0215,-17.72258],[-63.0215,-17.72257],[-63.0215,-17.72256],[-63.02151,-17.72256],[-63.02151,-17.72255]]},"properties":{"description":"URBANIZACIONES APROBADAS","styleUrl":"#line7","stroke-opacity":1,"stroke":"#000000","stroke-width":1,"name":"FONDO"}},
{"type":"Feature","geometry":{"type":"LineString","coordinates":[[-63.01309,-17.72368],[-63.01102,-17.72518]]},"properties":{"description":"URBANIZACIONES APROBADAS","styleUrl":"#line7","stroke-opacity":1,"stroke":"#000000","stroke-width":1,"name":"FONDO"}},
{"type":"Feature","geometry":{"type":"LineString","coordinates":[[-63.01101,-17.72527],[-63.01101,-17.72526],[-63.011,-17.72526],[-63.011,-17.72525],[-63.011,-17.72524],[-63.011,-17.72523],[-63.011,-17.72522],[-63.011,-17.72521],[-63.01101,-17.7252],[-63.01101,-17.72519],[-63.01102,-17.72519],[-63.01102,-17.72518]]},"properties":{"description":"URBANIZACIONES APROBADAS","styleUrl":"#line7","stroke-opacity":1,"stroke":"#000000","stroke-width":1,"name":"FONDO"}},
{"type":"Feature","geometry":{"type":"LineString","coordinates":[[-63.01101,-17.72527],[-63.01122,-17.72553]]},"properties":{"description":"URBANIZACIONES APROBADAS","styleUrl":"#line7","stroke-opacity":1,"stroke":"#000000","stroke-width":1,"name":"FONDO"}},
{"type":"Feature","geometry":{"type":"LineString","coordinates":[[-63.01131,-17.72554],[-63.01131,-17.72555],[-63.0113,-17.72555],[-63.01129,-17.72555],[-63.01128,-17.72555],[-63.01128,-17.72556],[-63.01127,-17.72556],[-63.01126,-17.72556],[-63.01126,-17.72555],[-63.01125,-17.72555],[-63.01124,-17.72555],[-63.01123,-17.72555],[-63.01123,-17.72554],[-63.01122,-17.72554],[-63.01122,-17.72553]]},"properties":{"description":"URBANIZACIONES APROBADAS","styleUrl":"#line7","stroke-opacity":1,"stroke":"#000000","stroke-width":1,"name":"FONDO"}},
{"type":"Feature","geometry":{"type":"LineString","coordinates":[[-63.01131,-17.72554],[-63.01338,-17.72403]]},"properties":{"description":"URBANIZACIONES APROBADAS","styleUrl":"#line7","stroke-opacity":1,"stroke":"#000000","stroke-width":1,"name":"FONDO"}},
{"type":"Feature","geometry":{"type":"LineString","coordinates":[[-63.01339,-17.72394],[-63.01339,-17.72395],[-63.0134,-17.72395],[-63.0134,-17.72396],[-63.0134,-17.72397],[-63.0134,-17.72398],[-63.0134,-17.72399],[-63.0134,-17.724],[-63.0134,-17.72401],[-63.01339,-17.72401],[-63.01339,-17.72402],[-63.01339,-17.72403],[-63.01338,-17.72403]]},"properties":{"description":"URBANIZACIONES APROBADAS","styleUrl":"#line7","stroke-opacity":1,"stroke":"#000000","stroke-width":1,"name":"FONDO"}},
{"type":"Feature","geometry":{"type":"LineString","coordinates":[[-63.01339,-17.72394],[-63.01318,-17.72369]]},"properties":{"description":"URBANIZACIONES APROBADAS","styleUrl":"#line7","stroke-opacity":1,"stroke":"#000000","stroke-width":1,"name":"FONDO"}},
{"type":"Feature","geometry":{"type":"LineString","coordinates":[[-63.01309,-17.72368],[-63.01309,-17.72367],[-63.0131,-17.72367],[-63.01311,-17.72367],[-63.01311,-17.72366],[-63.01312,-17.72366],[-63.01313,-17.72366],[-63.01314,-17.72366],[-63.01314,-17.72367],[-63.01315,-17.72367],[-63.01316,-17.72367],[-63.01317,-17.72367],[-63.01317,-17.72368],[-63.01318,-17.72368],[-63.01318,-17.72369]]},"properties":{"description":"URBANIZACIONES APROBADAS","styleUrl":"#line7","stroke-opacity":1,"stroke":"#000000","stroke-width":1,"name":"FONDO"}},
{"type":"Feature","geometry":{"type":"LineString","coordinates":[[-63.01272,-17.72324],[-63.01067,-17.72474]]},"properties":{"description":"URBANIZACIONES APROBADAS","styleUrl":"#line7","stroke-opacity":1,"stroke":"#000000","stroke-width":1,"name":"FONDO"}},
{"type":"Feature","geometry":{"type":"LineString","coordinates":[[-63.01066,-17.72483],[-63.01066,-17.72482],[-63.01065,-17.72482],[-63.01065,-17.72481],[-63.01065,-17.7248],[-63.01064,-17.7248],[-63.01064,-17.72479],[-63.01064,-17.72478],[-63.01064,-17.72477],[-63.01065,-17.72477],[-63.01065,-17.72476],[-63.01065,-17.72475],[-63.01066,-17.72475],[-63.01066,-17.72474],[-63.01067,-17.72474]]},"properties":{"description":"URBANIZACIONES APROBADAS","styleUrl":"#line7","stroke-opacity":1,"stroke":"#000000","stroke-width":1,"name":"FONDO"}},
{"type":"Feature","geometry":{"type":"LineString","coordinates":[[-63.01066,-17.72483],[-63.01086,-17.72509]]},"properties":{"description":"URBANIZACIONES APROBADAS","styleUrl":"#line7","stroke-opacity":1,"stroke":"#000000","stroke-width":1,"name":"FONDO"}},
{"type":"Feature","geometry":{"type":"LineString","coordinates":[[-63.01096,-17.7251],[-63.01095,-17.7251],[-63.01094,-17.7251],[-63.01094,-17.72511],[-63.01093,-17.72511],[-63.01092,-17.72511],[-63.01091,-17.72511],[-63.0109,-17.72511],[-63.01089,-17.72511],[-63.01089,-17.7251],[-63.01088,-17.7251],[-63.01087,-17.7251],[-63.01087,-17.72509],[-63.01086,-17.72509]]},"properties":{"description":"URBANIZACIONES APROBADAS","styleUrl":"#line7","stroke-opacity":1,"stroke":"#000000","stroke-width":1,"name":"FONDO"}},
{"type":"Feature","geometry":{"type":"LineString","coordinates":[[-63.01096,-17.7251],[-63.01301,-17.72359]]},"properties":{"description":"URBANIZACIONES APROBADAS","styleUrl":"#line7","stroke-opacity":1,"stroke":"#000000","stroke-width":1,"name":"FONDO"}},
{"type":"Feature","geometry":{"type":"LineString","coordinates":[[-63.01303,-17.7235],[-63.01303,-17.72351],[-63.01303,-17.72352],[-63.01304,-17.72352],[-63.01304,-17.72353],[-63.01304,-17.72354],[-63.01304,-17.72355],[-63.01304,-17.72356],[-63.01304,-17.72357],[-63.01303,-17.72357],[-63.01303,-17.72358],[-63.01302,-17.72358],[-63.01302,-17.72359],[-63.01301,-17.72359]]},"properties":{"description":"URBANIZACIONES APROBADAS","styleUrl":"#line7","stroke-opacity":1,"stroke":"#000000","stroke-width":1,"name":"FONDO"}},
{"type":"Feature","geometry":{"type":"LineString","coordinates":[[-63.01303,-17.7235],[-63.01281,-17.72325]]},"properties":{"description":"URBANIZACIONES APROBADAS","styleUrl":"#line7","stroke-opacity":1,"stroke":"#000000","stroke-width":1,"name":"FONDO"}},
{"type":"Feature","geometry":{"type":"LineString","coordinates":[[-63.01272,-17.72324],[-63.01273,-17.72324],[-63.01273,-17.72323],[-63.01274,-17.72323],[-63.01275,-17.72323],[-63.01276,-17.72323],[-63.01276,-17.72322],[-63.01277,-17.72322],[-63.01277,-17.72323],[-63.01278,-17.72323],[-63.01279,-17.72323],[-63.0128,-17.72323],[-63.0128,-17.72324],[-63.01281,-17.72324],[-63.01281,-17.72325]]},"properties":{"description":"URBANIZACIONES APROBADAS","styleUrl":"#line7","stroke-opacity":1,"stroke":"#000000","stroke-width":1,"name":"FONDO"}},
{"type":"Feature","geometry":{"type":"LineString","coordinates":[[-63.01229,-17.72272],[-63.01025,-17.72421]]},"properties":{"description":"URBANIZACIONES APROBADAS","styleUrl":"#line7","stroke-opacity":1,"stroke":"#000000","stroke-width":1,"name":"FONDO"}},
{"type":"Feature","geometry":{"type":"LineString","coordinates":[[-63.01024,-17.7243],[-63.01023,-17.7243],[-63.01023,-17.72429],[-63.01023,-17.72428],[-63.01023,-17.72427],[-63.01023,-17.72426],[-63.01023,-17.72425],[-63.01023,-17.72424],[-63.01023,-17.72423],[-63.01024,-17.72423],[-63.01024,-17.72422],[-63.01025,-17.72422],[-63.01025,-17.72421]]},"properties":{"description":"URBANIZACIONES APROBADAS","styleUrl":"#line7","stroke-opacity":1,"stroke":"#000000","stroke-width":1,"name":"FONDO"}},
{"type":"Feature","geometry":{"type":"LineString","coordinates":[[-63.01024,-17.7243],[-63.0105,-17.72463]]},"properties":{"description":"URBANIZACIONES APROBADAS","styleUrl":"#line7","stroke-opacity":1,"stroke":"#000000","stroke-width":1,"name":"FONDO"}},
{"type":"Feature","geometry":{"type":"LineString","coordinates":[[-63.01059,-17.72464],[-63.01059,-17.72465],[-63.01058,-17.72465],[-63.01057,-17.72465],[-63.01057,-17.72466],[-63.01056,-17.72466],[-63.01055,-17.72466],[-63.01054,-17.72466],[-63.01054,-17.72465],[-63.01053,-17.72465],[-63.01052,-17.72465],[-63.01052,-17.72464],[-63.01051,-17.72464],[-63.0105,-17.72464],[-63.0105,-17.72463]]},"properties":{"description":"URBANIZACIONES APROBADAS","styleUrl":"#line7","stroke-opacity":1,"stroke":"#000000","stroke-width":1,"name":"FONDO"}},
{"type":"Feature","geometry":{"type":"LineString","coordinates":[[-63.01059,-17.72464],[-63.01264,-17.72315]]},"properties":{"description":"URBANIZACIONES APROBADAS","styleUrl":"#line7","stroke-opacity":1,"stroke":"#000000","stroke-width":1,"name":"FONDO"}},
{"type":"Feature","geometry":{"type":"LineString","coordinates":[[-63.01266,-17.72306],[-63.01266,-17.72307],[-63.01267,-17.72307],[-63.01267,-17.72308],[-63.01267,-17.72309],[-63.01267,-17.7231],[-63.01267,-17.72311],[-63.01267,-17.72312],[-63.01266,-17.72312],[-63.01266,-17.72313],[-63.01266,-17.72314],[-63.01265,-17.72314],[-63.01265,-17.72315],[-63.01264,-17.72315]]},"properties":{"description":"URBANIZACIONES APROBADAS","styleUrl":"#line7","stroke-opacity":1,"stroke":"#000000","stroke-width":1,"name":"FONDO"}},
{"type":"Feature","geometry":{"type":"LineString","coordinates":[[-63.01266,-17.72306],[-63.01238,-17.72273]]},"properties":{"description":"URBANIZACIONES APROBADAS","styleUrl":"#line7","stroke-opacity":1,"stroke":"#000000","stroke-width":1,"name":"FONDO"}},
{"type":"Feature","geometry":{"type":"LineString","coordinates":[[-63.01229,-17.72272],[-63.0123,-17.72272],[-63.0123,-17.72271],[-63.01231,-17.72271],[-63.01232,-17.72271],[-63.01233,-17.72271],[-63.01234,-17.72271],[-63.01235,-17.72271],[-63.01236,-17.72271],[-63.01236,-17.72272],[-63.01237,-17.72272],[-63.01238,-17.72272],[-63.01238,-17.72273]]},"properties":{"description":"URBANIZACIONES APROBADAS","styleUrl":"#line7","stroke-opacity":1,"stroke":"#000000","stroke-width":1,"name":"FONDO"}},
{"type":"Feature","geometry":{"type":"LineString","coordinates":[[-63.01343,-17.72023],[-63.01344,-17.72023],[-63.01344,-17.72022],[-63.01345,-17.72022],[-63.01346,-17.72022],[-63.01347,-17.72022],[-63.01348,-17.72022],[-63.01349,-17.72022],[-63.0135,-17.72022],[-63.01351,-17.72023],[-63.01352,-17.72023]]},"properties":{"description":"URBANIZACIONES APROBADAS","styleUrl":"#line7","stroke-opacity":1,"stroke":"#000000","stroke-width":1,"name":"FONDO"}},
{"type":"Feature","geometry":{"type":"LineString","coordinates":[[-63.01352,-17.72023],[-63.01377,-17.72046]]},"properties":{"description":"URBANIZACIONES APROBADAS","styleUrl":"#line7","stroke-opacity":1,"stroke":"#000000","stroke-width":1,"name":"FONDO"}},
{"type":"Feature","geometry":{"type":"LineString","coordinates":[[-63.01377,-17.72046],[-63.01377,-17.72047],[-63.01378,-17.72047],[-63.01378,-17.72048],[-63.01379,-17.72048],[-63.01379,-17.72049],[-63.01379,-17.7205],[-63.01379,-17.72051],[-63.01379,-17.72052],[-63.01379,-17.72053],[-63.01378,-17.72053],[-63.01378,-17.72054],[-63.01377,-17.72055],[-63.01376,-17.72056]]},"properties":{"description":"URBANIZACIONES APROBADAS","styleUrl":"#line7","stroke-opacity":1,"stroke":"#000000","stroke-width":1,"name":"FONDO"}},
{"type":"Feature","geometry":{"type":"LineString","coordinates":[[-63.01376,-17.72056],[-63.01251,-17.72147]]},"properties":{"description":"URBANIZACIONES APROBADAS","styleUrl":"#line7","stroke-opacity":1,"stroke":"#000000","stroke-width":1,"name":"FONDO"}},
{"type":"Feature","geometry":{"type":"LineString","coordinates":[[-63.01251,-17.72147],[-63.0125,-17.72147],[-63.0125,-17.72148],[-63.01249,-17.72148],[-63.01248,-17.72148],[-63.01247,-17.72148],[-63.01246,-17.72148],[-63.01245,-17.72148],[-63.01244,-17.72148],[-63.01244,-17.72147],[-63.01243,-17.72147],[-63.01243,-17.72146],[-63.01242,-17.72146]]},"properties":{"description":"URBANIZACIONES APROBADAS","styleUrl":"#line7","stroke-opacity":1,"stroke":"#000000","stroke-width":1,"name":"FONDO"}},
{"type":"Feature","geometry":{"type":"LineString","coordinates":[[-63.01242,-17.72146],[-63.01221,-17.7212]]},"properties":{"description":"URBANIZACIONES APROBADAS","styleUrl":"#line7","stroke-opacity":1,"stroke":"#000000","stroke-width":1,"name":"FONDO"}},
{"type":"Feature","geometry":{"type":"LineString","coordinates":[[-63.01221,-17.7212],[-63.0122,-17.7212],[-63.0122,-17.72119],[-63.0122,-17.72118],[-63.0122,-17.72117],[-63.0122,-17.72116],[-63.0122,-17.72115],[-63.0122,-17.72114],[-63.0122,-17.72113],[-63.01221,-17.72113],[-63.01221,-17.72112],[-63.01222,-17.72112],[-63.01222,-17.72111]]},"properties":{"description":"URBANIZACIONES APROBADAS","styleUrl":"#line7","stroke-opacity":1,"stroke":"#000000","stroke-width":1,"name":"FONDO"}},
{"type":"Feature","geometry":{"type":"LineString","coordinates":[[-63.01222,-17.72111],[-63.01343,-17.72023]]},"properties":{"description":"URBANIZACIONES APROBADAS","styleUrl":"#line7","stroke-opacity":1,"stroke":"#000000","stroke-width":1,"name":"FONDO"}},
{"type":"Feature","geometry":{"type":"LineString","coordinates":[[-63.01258,-17.72164],[-63.01257,-17.72164],[-63.01257,-17.72163],[-63.01256,-17.72162],[-63.01256,-17.72161],[-63.01256,-17.7216],[-63.01256,-17.72159],[-63.01256,-17.72158],[-63.01257,-17.72158],[-63.01257,-17.72157],[-63.01257,-17.72156],[-63.01258,-17.72156],[-63.01258,-17.72155],[-63.01259,-17.72155]]},"properties":{"description":"URBANIZACIONES APROBADAS","styleUrl":"#line7","stroke-opacity":1,"stroke":"#000000","stroke-width":1,"name":"FONDO"}},
{"type":"Feature","geometry":{"type":"LineString","coordinates":[[-63.01259,-17.72155],[-63.01386,-17.72062]]},"properties":{"description":"URBANIZACIONES APROBADAS","styleUrl":"#line7","stroke-opacity":1,"stroke":"#000000","stroke-width":1,"name":"FONDO"}},
{"type":"Feature","geometry":{"type":"LineString","coordinates":[[-63.01386,-17.72062],[-63.01387,-17.72062],[-63.01387,-17.72061],[-63.01388,-17.72061],[-63.01389,-17.72061],[-63.0139,-17.72061],[-63.01391,-17.72061],[-63.01392,-17.72061],[-63.01393,-17.72061],[-63.01394,-17.72061],[-63.01394,-17.72062],[-63.01395,-17.72062]]},"properties":{"description":"URBANIZACIONES APROBADAS","styleUrl":"#line7","stroke-opacity":1,"stroke":"#000000","stroke-width":1,"name":"FONDO"}},
{"type":"Feature","geometry":{"type":"LineString","coordinates":[[-63.01395,-17.72062],[-63.01438,-17.72101]]},"properties":{"description":"URBANIZACIONES APROBADAS","styleUrl":"#line7","stroke-opacity":1,"stroke":"#000000","stroke-width":1,"name":"FONDO"}},
{"type":"Feature","geometry":{"type":"LineString","coordinates":[[-63.01438,-17.72101],[-63.01438,-17.72102],[-63.01439,-17.72102],[-63.01439,-17.72103],[-63.0144,-17.72103],[-63.0144,-17.72104],[-63.0144,-17.72105],[-63.0144,-17.72106],[-63.0144,-17.72107],[-63.0144,-17.72108],[-63.0144,-17.72109],[-63.01439,-17.72109],[-63.01439,-17.7211]]},"properties":{"description":"URBANIZACIONES APROBADAS","styleUrl":"#line7","stroke-opacity":1,"stroke":"#000000","stroke-width":1,"name":"FONDO"}},
{"type":"Feature","geometry":{"type":"LineString","coordinates":[[-63.01439,-17.7211],[-63.01419,-17.72137]]},"properties":{"description":"URBANIZACIONES APROBADAS","styleUrl":"#line7","stroke-opacity":1,"stroke":"#000000","stroke-width":1,"name":"FONDO"}},
{"type":"Feature","geometry":{"type":"LineString","coordinates":[[-63.01419,-17.72137],[-63.0137,-17.72284]]},"properties":{"description":"URBANIZACIONES APROBADAS","styleUrl":"#line7","stroke-opacity":1,"stroke":"#000000","stroke-width":1,"name":"FONDO"}},
{"type":"Feature","geometry":{"type":"LineString","coordinates":[[-63.0137,-17.72284],[-63.0137,-17.72285],[-63.01369,-17.72285],[-63.01369,-17.72286],[-63.01368,-17.72286],[-63.01368,-17.72287],[-63.01367,-17.72287],[-63.01366,-17.72288],[-63.01365,-17.72288],[-63.01364,-17.72288],[-63.01363,-17.72288],[-63.01362,-17.72288],[-63.01361,-17.72288],[-63.01361,-17.72287],[-63.0136,-17.72287],[-63.01359,-17.72287],[-63.01359,-17.72286]]},"properties":{"description":"URBANIZACIONES APROBADAS","styleUrl":"#line7","stroke-opacity":1,"stroke":"#000000","stroke-width":1,"name":"FONDO"}},
{"type":"Feature","geometry":{"type":"LineString","coordinates":[[-63.01359,-17.72286],[-63.01258,-17.72164]]},"properties":{"description":"URBANIZACIONES APROBADAS","styleUrl":"#line7","stroke-opacity":1,"stroke":"#000000","stroke-width":1,"name":"FONDO"}},
{"type":"Feature","geometry":{"type":"LineString","coordinates":[[-63.01604,-17.72004],[-63.01603,-17.72004],[-63.01603,-17.72005],[-63.01602,-17.72005],[-63.01602,-17.72006],[-63.01601,-17.72006],[-63.016,-17.72006],[-63.016,-17.72007],[-63.01599,-17.72007],[-63.01598,-17.72007],[-63.01597,-17.72007],[-63.01597,-17.72006],[-63.01596,-17.72006],[-63.01595,-17.72006],[-63.01595,-17.72005]]},"properties":{"description":"URBANIZACIONES APROBADAS","styleUrl":"#line7","stroke-opacity":1,"stroke":"#000000","stroke-width":1,"name":"FONDO"}},
{"type":"Feature","geometry":{"type":"LineString","coordinates":[[-63.01604,-17.72004],[-63.0167,-17.71917]]},"properties":{"description":"URBANIZACIONES APROBADAS","styleUrl":"#line7","stroke-opacity":1,"stroke":"#000000","stroke-width":1,"name":"FONDO"}},
{"type":"Feature","geometry":{"type":"LineString","coordinates":[[-63.01668,-17.71908],[-63.01669,-17.71908],[-63.01669,-17.71909],[-63.0167,-17.71909],[-63.0167,-17.7191],[-63.0167,-17.71911],[-63.01671,-17.71911],[-63.01671,-17.71912],[-63.01671,-17.71913],[-63.01671,-17.71914],[-63.01671,-17.71915],[-63.0167,-17.71915],[-63.0167,-17.71916],[-63.0167,-17.71917]]},"properties":{"description":"URBANIZACIONES APROBADAS","styleUrl":"#line7","stroke-opacity":1,"stroke":"#000000","stroke-width":1,"name":"FONDO"}},
{"type":"Feature","geometry":{"type":"LineString","coordinates":[[-63.01668,-17.71908],[-63.01633,-17.71883]]},"properties":{"description":"URBANIZACIONES APROBADAS","styleUrl":"#line7","stroke-opacity":1,"stroke":"#000000","stroke-width":1,"name":"FONDO"}},
{"type":"Feature","geometry":{"type":"LineString","coordinates":[[-63.01624,-17.71885],[-63.01624,-17.71884],[-63.01625,-17.71884],[-63.01625,-17.71883],[-63.01626,-17.71883],[-63.01627,-17.71883],[-63.01627,-17.71882],[-63.01628,-17.71882],[-63.01629,-17.71882],[-63.0163,-17.71882],[-63.01631,-17.71882],[-63.01632,-17.71882],[-63.01632,-17.71883],[-63.01633,-17.71883]]},"properties":{"description":"URBANIZACIONES APROBADAS","styleUrl":"#line7","stroke-opacity":1,"stroke":"#000000","stroke-width":1,"name":"FONDO"}},
{"type":"Feature","geometry":{"type":"LineString","coordinates":[[-63.01624,-17.71885],[-63.01558,-17.71972]]},"properties":{"description":"URBANIZACIONES APROBADAS","styleUrl":"#line7","stroke-opacity":1,"stroke":"#000000","stroke-width":1,"name":"FONDO"}},
{"type":"Feature","geometry":{"type":"LineString","coordinates":[[-63.0156,-17.71981],[-63.01559,-17.71981],[-63.01559,-17.7198],[-63.01558,-17.7198],[-63.01558,-17.71979],[-63.01558,-17.71978],[-63.01557,-17.71978],[-63.01557,-17.71977],[-63.01557,-17.71976],[-63.01557,-17.71975],[-63.01557,-17.71974],[-63.01557,-17.71973],[-63.01558,-17.71973],[-63.01558,-17.71972]]},"properties":{"description":"URBANIZACIONES APROBADAS","styleUrl":"#line7","stroke-opacity":1,"stroke":"#000000","stroke-width":1,"name":"FONDO"}},
{"type":"Feature","geometry":{"type":"LineString","coordinates":[[-63.0156,-17.71981],[-63.01595,-17.72005]]},"properties":{"description":"URBANIZACIONES APROBADAS","styleUrl":"#line7","stroke-opacity":1,"stroke":"#000000","stroke-width":1,"name":"FONDO"}},
{"type":"Feature","geometry":{"type":"LineString","coordinates":[[-63.01555,-17.71843],[-63.01493,-17.71926]]},"properties":{"description":"URBANIZACIONES APROBADAS","styleUrl":"#line7","stroke-opacity":1,"stroke":"#000000","stroke-width":1,"name":"FONDO"}},
{"type":"Feature","geometry":{"type":"LineString","coordinates":[[-63.01493,-17.71926],[-63.01492,-17.71926],[-63.01492,-17.71927],[-63.01491,-17.71927],[-63.01491,-17.71928],[-63.0149,-17.71928],[-63.01489,-17.71928],[-63.01488,-17.71928],[-63.01487,-17.71928],[-63.01486,-17.71928],[-63.01485,-17.71928],[-63.01485,-17.71927],[-63.01484,-17.71927]]},"properties":{"description":"URBANIZACIONES APROBADAS","styleUrl":"#line7","stroke-opacity":1,"stroke":"#000000","stroke-width":1,"name":"FONDO"}},
{"type":"Feature","geometry":{"type":"LineString","coordinates":[[-63.01484,-17.71927],[-63.01449,-17.71902]]},"properties":{"description":"URBANIZACIONES APROBADAS","styleUrl":"#line7","stroke-opacity":1,"stroke":"#000000","stroke-width":1,"name":"FONDO"}},
{"type":"Feature","geometry":{"type":"LineString","coordinates":[[-63.01449,-17.71902],[-63.01448,-17.71902],[-63.01448,-17.71901],[-63.01447,-17.71901],[-63.01447,-17.719],[-63.01447,-17.71899],[-63.01446,-17.71899],[-63.01446,-17.71898],[-63.01446,-17.71897],[-63.01446,-17.71896],[-63.01446,-17.71895],[-63.01447,-17.71895],[-63.01447,-17.71894]]},"properties":{"description":"URBANIZACIONES APROBADAS","styleUrl":"#line7","stroke-opacity":1,"stroke":"#000000","stroke-width":1,"name":"FONDO"}},
{"type":"Feature","geometry":{"type":"LineString","coordinates":[[-63.01447,-17.71894],[-63.01485,-17.71843]]},"properties":{"description":"URBANIZACIONES APROBADAS","styleUrl":"#line7","stroke-opacity":1,"stroke":"#000000","stroke-width":1,"name":"FONDO"}},
{"type":"Feature","geometry":{"type":"LineString","coordinates":[[-63.01548,-17.71965],[-63.01548,-17.71966],[-63.01547,-17.71966],[-63.01546,-17.71966],[-63.01546,-17.71967],[-63.01545,-17.71967],[-63.01544,-17.71967],[-63.01543,-17.71967],[-63.01542,-17.71967],[-63.01541,-17.71967],[-63.0154,-17.71967],[-63.0154,-17.71966],[-63.01539,-17.71966]]},"properties":{"description":"URBANIZACIONES APROBADAS","styleUrl":"#line7","stroke-opacity":1,"stroke":"#000000","stroke-width":1,"name":"FONDO"}},
{"type":"Feature","geometry":{"type":"LineString","coordinates":[[-63.01548,-17.71965],[-63.01614,-17.71878]]},"properties":{"description":"URBANIZACIONES APROBADAS","styleUrl":"#line7","stroke-opacity":1,"stroke":"#000000","stroke-width":1,"name":"FONDO"}},
{"type":"Feature","geometry":{"type":"LineString","coordinates":[[-63.01613,-17.71869],[-63.01614,-17.71869],[-63.01614,-17.7187],[-63.01614,-17.71871],[-63.01615,-17.71871],[-63.01615,-17.71872],[-63.01615,-17.71873],[-63.01615,-17.71874],[-63.01615,-17.71875],[-63.01615,-17.71876],[-63.01615,-17.71877],[-63.01614,-17.71877],[-63.01614,-17.71878]]},"properties":{"description":"URBANIZACIONES APROBADAS","styleUrl":"#line7","stroke-opacity":1,"stroke":"#000000","stroke-width":1,"name":"FONDO"}},
{"type":"Feature","geometry":{"type":"LineString","coordinates":[[-63.01613,-17.71869],[-63.01578,-17.71844]]},"properties":{"description":"URBANIZACIONES APROBADAS","styleUrl":"#line7","stroke-opacity":1,"stroke":"#000000","stroke-width":1,"name":"FONDO"}},
{"type":"Feature","geometry":{"type":"LineString","coordinates":[[-63.01568,-17.71845],[-63.01569,-17.71845],[-63.01569,-17.71844],[-63.0157,-17.71844],[-63.01571,-17.71844],[-63.01571,-17.71843],[-63.01572,-17.71843],[-63.01573,-17.71843],[-63.01574,-17.71843],[-63.01575,-17.71843],[-63.01576,-17.71843],[-63.01577,-17.71843],[-63.01577,-17.71844],[-63.01578,-17.71844]]},"properties":{"description":"URBANIZACIONES APROBADAS","styleUrl":"#line7","stroke-opacity":1,"stroke":"#000000","stroke-width":1,"name":"FONDO"}},
{"type":"Feature","geometry":{"type":"LineString","coordinates":[[-63.01568,-17.71845],[-63.01503,-17.71933]]},"properties":{"description":"URBANIZACIONES APROBADAS","styleUrl":"#line7","stroke-opacity":1,"stroke":"#000000","stroke-width":1,"name":"FONDO"}},
{"type":"Feature","geometry":{"type":"LineString","coordinates":[[-63.01504,-17.71941],[-63.01503,-17.71941],[-63.01503,-17.7194],[-63.01502,-17.7194],[-63.01502,-17.71939],[-63.01502,-17.71938],[-63.01502,-17.71937],[-63.01502,-17.71936],[-63.01502,-17.71935],[-63.01502,-17.71934],[-63.01502,-17.71933],[-63.01503,-17.71933]]},"properties":{"description":"URBANIZACIONES APROBADAS","styleUrl":"#line7","stroke-opacity":1,"stroke":"#000000","stroke-width":1,"name":"FONDO"}},
{"type":"Feature","geometry":{"type":"LineString","coordinates":[[-63.01504,-17.71941],[-63.01539,-17.71966]]},"properties":{"description":"URBANIZACIONES APROBADAS","styleUrl":"#line7","stroke-opacity":1,"stroke":"#000000","stroke-width":1,"name":"FONDO"}},
{"type":"Feature","geometry":{"type":"LineString","coordinates":[[-63.01454,-17.7209],[-63.01454,-17.72091],[-63.01453,-17.72091],[-63.01452,-17.72091],[-63.01452,-17.72092],[-63.01451,-17.72092],[-63.0145,-17.72092],[-63.01449,-17.72092],[-63.01448,-17.72092],[-63.01447,-17.72092],[-63.01446,-17.72092],[-63.01445,-17.72092],[-63.01445,-17.72091],[-63.01444,-17.72091]]},"properties":{"description":"URBANIZACIONES APROBADAS","styleUrl":"#line7","stroke-opacity":1,"stroke":"#000000","stroke-width":1,"name":"FONDO"}},
{"type":"Feature","geometry":{"type":"LineString","coordinates":[[-63.01454,-17.7209],[-63.01533,-17.71985]]},"properties":{"description":"URBANIZACIONES APROBADAS","styleUrl":"#line7","stroke-opacity":1,"stroke":"#000000","stroke-width":1,"name":"FONDO"}},
{"type":"Feature","geometry":{"type":"LineString","coordinates":[[-63.01532,-17.71976],[-63.01533,-17.71976],[-63.01533,-17.71977],[-63.01534,-17.71977],[-63.01534,-17.71978],[-63.01534,-17.71979],[-63.01535,-17.71979],[-63.01535,-17.7198],[-63.01535,-17.71981],[-63.01535,-17.71982],[-63.01535,-17.71983],[-63.01534,-17.71983],[-63.01534,-17.71984],[-63.01534,-17.71985],[-63.01533,-17.71985]]},"properties":{"description":"URBANIZACIONES APROBADAS","styleUrl":"#line7","stroke-opacity":1,"stroke":"#000000","stroke-width":1,"name":"FONDO"}},
{"type":"Feature","geometry":{"type":"LineString","coordinates":[[-63.01532,-17.71976],[-63.01497,-17.71951]]},"properties":{"description":"URBANIZACIONES APROBADAS","styleUrl":"#line7","stroke-opacity":1,"stroke":"#000000","stroke-width":1,"name":"FONDO"}},
{"type":"Feature","geometry":{"type":"LineString","coordinates":[[-63.01488,-17.71952],[-63.01489,-17.71952],[-63.01489,-17.71951],[-63.0149,-17.71951],[-63.0149,-17.7195],[-63.01491,-17.7195],[-63.01492,-17.7195],[-63.01493,-17.7195],[-63.01494,-17.7195],[-63.01495,-17.7195],[-63.01496,-17.7195],[-63.01496,-17.71951],[-63.01497,-17.71951]]},"properties":{"description":"URBANIZACIONES APROBADAS","styleUrl":"#line7","stroke-opacity":1,"stroke":"#000000","stroke-width":1,"name":"FONDO"}},
{"type":"Feature","geometry":{"type":"LineString","coordinates":[[-63.01488,-17.71952],[-63.01412,-17.72054]]},"properties":{"description":"URBANIZACIONES APROBADAS","styleUrl":"#line7","stroke-opacity":1,"stroke":"#000000","stroke-width":1,"name":"FONDO"}},
{"type":"Feature","geometry":{"type":"LineString","coordinates":[[-63.01412,-17.72062],[-63.01412,-17.72061],[-63.01411,-17.72061],[-63.01411,-17.7206],[-63.01411,-17.72059],[-63.0141,-17.72059],[-63.0141,-17.72058],[-63.0141,-17.72057],[-63.0141,-17.72056],[-63.01411,-17.72056],[-63.01411,-17.72055],[-63.01411,-17.72054],[-63.01412,-17.72054]]},"properties":{"description":"URBANIZACIONES APROBADAS","styleUrl":"#line7","stroke-opacity":1,"stroke":"#000000","stroke-width":1,"name":"FONDO"}},
{"type":"Feature","geometry":{"type":"LineString","coordinates":[[-63.01412,-17.72062],[-63.01444,-17.72091]]},"properties":{"description":"URBANIZACIONES APROBADAS","styleUrl":"#line7","stroke-opacity":1,"stroke":"#000000","stroke-width":1,"name":"FONDO"}},
{"type":"Feature","geometry":{"type":"LineString","coordinates":[[-63.01477,-17.71937],[-63.01442,-17.71912]]},"properties":{"description":"URBANIZACIONES APROBADAS","styleUrl":"#line7","stroke-opacity":1,"stroke":"#000000","stroke-width":1,"name":"FONDO"}},
{"type":"Feature","geometry":{"type":"LineString","coordinates":[[-63.01432,-17.71913],[-63.01433,-17.71913],[-63.01433,-17.71912],[-63.01434,-17.71912],[-63.01435,-17.71912],[-63.01435,-17.71911],[-63.01436,-17.71911],[-63.01437,-17.71911],[-63.01438,-17.71911],[-63.01439,-17.71911],[-63.0144,-17.71911],[-63.01441,-17.71911],[-63.01441,-17.71912],[-63.01442,-17.71912]]},"properties":{"description":"URBANIZACIONES APROBADAS","styleUrl":"#line7","stroke-opacity":1,"stroke":"#000000","stroke-width":1,"name":"FONDO"}},
{"type":"Feature","geometry":{"type":"LineString","coordinates":[[-63.01432,-17.71913],[-63.01361,-17.72008]]},"properties":{"description":"URBANIZACIONES APROBADAS","styleUrl":"#line7","stroke-opacity":1,"stroke":"#000000","stroke-width":1,"name":"FONDO"}},
{"type":"Feature","geometry":{"type":"LineString","coordinates":[[-63.01362,-17.72016],[-63.01361,-17.72016],[-63.01361,-17.72015],[-63.0136,-17.72015],[-63.0136,-17.72014],[-63.0136,-17.72013],[-63.0136,-17.72012],[-63.0136,-17.72011],[-63.0136,-17.7201],[-63.0136,-17.72009],[-63.01361,-17.72009],[-63.01361,-17.72008]]},"properties":{"description":"URBANIZACIONES APROBADAS","styleUrl":"#line7","stroke-opacity":1,"stroke":"#000000","stroke-width":1,"name":"FONDO"}},
{"type":"Feature","geometry":{"type":"LineString","coordinates":[[-63.01362,-17.72016],[-63.01394,-17.72045]]},"properties":{"description":"URBANIZACIONES APROBADAS","styleUrl":"#line7","stroke-opacity":1,"stroke":"#000000","stroke-width":1,"name":"FONDO"}},
{"type":"Feature","geometry":{"type":"LineString","coordinates":[[-63.01404,-17.72044],[-63.01403,-17.72044],[-63.01403,-17.72045],[-63.01402,-17.72045],[-63.01402,-17.72046],[-63.01401,-17.72046],[-63.014,-17.72046],[-63.014,-17.72047],[-63.01399,-17.72047],[-63.01398,-17.72047],[-63.01397,-17.72047],[-63.01396,-17.72047],[-63.01396,-17.72046],[-63.01395,-17.72046],[-63.01394,-17.72046],[-63.01394,-17.72045]]},"properties":{"description":"URBANIZACIONES APROBADAS","styleUrl":"#line7","stroke-opacity":1,"stroke":"#000000","stroke-width":1,"name":"FONDO"}},
{"type":"Feature","geometry":{"type":"LineString","coordinates":[[-63.01404,-17.72044],[-63.01478,-17.71945]]},"properties":{"description":"URBANIZACIONES APROBADAS","styleUrl":"#line7","stroke-opacity":1,"stroke":"#000000","stroke-width":1,"name":"FONDO"}},
{"type":"Feature","geometry":{"type":"LineString","coordinates":[[-63.01477,-17.71937],[-63.01478,-17.71937],[-63.01478,-17.71938],[-63.01478,-17.71939],[-63.01479,-17.71939],[-63.01479,-17.7194],[-63.01479,-17.71941],[-63.01479,-17.71942],[-63.01479,-17.71943],[-63.01479,-17.71944],[-63.01479,-17.71945],[-63.01478,-17.71945]]},"properties":{"description":"URBANIZACIONES APROBADAS","styleUrl":"#line7","stroke-opacity":1,"stroke":"#000000","stroke-width":1,"name":"FONDO"}},
{"type":"Feature","geometry":{"type":"LineString","coordinates":[[-63.01706,-17.71853],[-63.01692,-17.71843]]},"properties":{"description":"URBANIZACIONES APROBADAS","styleUrl":"#line7","stroke-opacity":1,"stroke":"#000000","stroke-width":1,"name":"FONDO"}},
{"type":"Feature","geometry":{"type":"LineString","coordinates":[[-63.01597,-17.71843],[-63.01675,-17.71898]]},"properties":{"description":"URBANIZACIONES APROBADAS","styleUrl":"#line7","stroke-opacity":1,"stroke":"#000000","stroke-width":1,"name":"FONDO"}},
{"type":"Feature","geometry":{"type":"LineString","coordinates":[[-63.01684,-17.71897],[-63.01683,-17.71897],[-63.01683,-17.71898],[-63.01682,-17.71898],[-63.01682,-17.71899],[-63.01681,-17.71899],[-63.0168,-17.71899],[-63.01679,-17.71899],[-63.01678,-17.71899],[-63.01677,-17.71899],[-63.01676,-17.71899],[-63.01675,-17.71899],[-63.01675,-17.71898]]},"properties":{"description":"URBANIZACIONES APROBADAS","styleUrl":"#line7","stroke-opacity":1,"stroke":"#000000","stroke-width":1,"name":"FONDO"}},
{"type":"Feature","geometry":{"type":"LineString","coordinates":[[-63.01684,-17.71897],[-63.01708,-17.71864]]},"properties":{"description":"URBANIZACIONES APROBADAS","styleUrl":"#line7","stroke-opacity":1,"stroke":"#000000","stroke-width":1,"name":"FONDO"}},
{"type":"Feature","geometry":{"type":"LineString","coordinates":[[-63.01706,-17.71853],[-63.01707,-17.71853],[-63.01707,-17.71854],[-63.01708,-17.71854],[-63.01708,-17.71855],[-63.01709,-17.71855],[-63.01709,-17.71856],[-63.01709,-17.71857],[-63.01709,-17.71858],[-63.0171,-17.71858],[-63.0171,-17.71859],[-63.0171,-17.7186],[-63.0171,-17.71861],[-63.01709,-17.71861],[-63.01709,-17.71862],[-63.01709,-17.71863],[-63.01708,-17.71863],[-63.01708,-17.71864]]},"properties":{"description":"URBANIZACIONES APROBADAS","styleUrl":"#line7","stroke-opacity":1,"stroke":"#000000","stroke-width":1,"name":"FONDO"}},
{"type":"Feature","geometry":{"type":"LineString","coordinates":[[-63.02248,-17.71904],[-63.02087,-17.71843]]},"properties":{"description":"URBANIZACIONES APROBADAS","styleUrl":"#line7","stroke-opacity":1,"stroke":"#000000","stroke-width":1,"name":"FONDO"}},
{"type":"Feature","geometry":{"type":"LineString","coordinates":[[-63.02041,-17.71843],[-63.02026,-17.71871]]},"properties":{"description":"URBANIZACIONES APROBADAS","styleUrl":"#line7","stroke-opacity":1,"stroke":"#000000","stroke-width":1,"name":"FONDO"}},
{"type":"Feature","geometry":{"type":"LineString","coordinates":[[-63.02029,-17.7188],[-63.02029,-17.71879],[-63.02028,-17.71879],[-63.02027,-17.71879],[-63.02027,-17.71878],[-63.02026,-17.71878],[-63.02026,-17.71877],[-63.02025,-17.71877],[-63.02025,-17.71876],[-63.02025,-17.71875],[-63.02025,-17.71874],[-63.02025,-17.71873],[-63.02025,-17.71872],[-63.02025,-17.71871],[-63.02026,-17.71871]]},"properties":{"description":"URBANIZACIONES APROBADAS","styleUrl":"#line7","stroke-opacity":1,"stroke":"#000000","stroke-width":1,"name":"FONDO"}},
{"type":"Feature","geometry":{"type":"LineString","coordinates":[[-63.02029,-17.7188],[-63.02248,-17.71962]]},"properties":{"description":"URBANIZACIONES APROBADAS","styleUrl":"#line7","stroke-opacity":1,"stroke":"#000000","stroke-width":1,"name":"FONDO"}},
{"type":"Feature","geometry":{"type":"LineString","coordinates":[[-63.01932,-17.71843],[-63.02005,-17.71871]]},"properties":{"description":"URBANIZACIONES APROBADAS","styleUrl":"#line7","stroke-opacity":1,"stroke":"#000000","stroke-width":1,"name":"FONDO"}},
{"type":"Feature","geometry":{"type":"LineString","coordinates":[[-63.02013,-17.71868],[-63.02013,-17.71869],[-63.02012,-17.71869],[-63.02012,-17.7187],[-63.02011,-17.7187],[-63.0201,-17.7187],[-63.0201,-17.71871],[-63.02009,-17.71871],[-63.02008,-17.71871],[-63.02007,-17.71871],[-63.02006,-17.71871],[-63.02005,-17.71871]]},"properties":{"description":"URBANIZACIONES APROBADAS","styleUrl":"#line7","stroke-opacity":1,"stroke":"#000000","stroke-width":1,"name":"FONDO"}},
{"type":"Feature","geometry":{"type":"LineString","coordinates":[[-63.02013,-17.71868],[-63.02027,-17.71843]]},"properties":{"description":"URBANIZACIONES APROBADAS","styleUrl":"#line7","stroke-opacity":1,"stroke":"#000000","stroke-width":1,"name":"FONDO"}},
{"type":"Feature","geometry":{"type":"LineString","coordinates":[[-63.02001,-17.71889],[-63.0197,-17.71944]]},"properties":{"description":"URBANIZACIONES APROBADAS","styleUrl":"#line7","stroke-opacity":1,"stroke":"#000000","stroke-width":1,"name":"FONDO"}},
{"type":"Feature","geometry":{"type":"LineString","coordinates":[[-63.0197,-17.71944],[-63.0197,-17.71945],[-63.01969,-17.71945],[-63.01969,-17.71946],[-63.01968,-17.71946],[-63.01967,-17.71946],[-63.01967,-17.71947],[-63.01966,-17.71947],[-63.01965,-17.71947],[-63.01965,-17.71948],[-63.01964,-17.71948],[-63.01963,-17.71948],[-63.01962,-17.71948],[-63.01961,-17.71948],[-63.01961,-17.71947],[-63.0196,-17.71947]]},"properties":{"description":"URBANIZACIONES APROBADAS","styleUrl":"#line7","stroke-opacity":1,"stroke":"#000000","stroke-width":1,"name":"FONDO"}},
{"type":"Feature","geometry":{"type":"LineString","coordinates":[[-63.0196,-17.71947],[-63.01752,-17.71869]]},"properties":{"description":"URBANIZACIONES APROBADAS","styleUrl":"#line7","stroke-opacity":1,"stroke":"#000000","stroke-width":1,"name":"FONDO"}},
{"type":"Feature","geometry":{"type":"LineString","coordinates":[[-63.01752,-17.71869],[-63.01751,-17.71869],[-63.01751,-17.71868],[-63.0175,-17.71868],[-63.01749,-17.71868],[-63.01749,-17.71867],[-63.01748,-17.71867],[-63.01748,-17.71866],[-63.01747,-17.71866],[-63.01747,-17.71865],[-63.01746,-17.71865],[-63.01746,-17.71864],[-63.01746,-17.71863],[-63.01745,-17.71863],[-63.01745,-17.71862],[-63.01745,-17.71861],[-63.01745,-17.7186],[-63.01744,-17.7186],[-63.01744,-17.71859],[-63.01744,-17.71858],[-63.01744,-17.71857],[-63.01745,-17.71857],[-63.01745,-17.71856],[-63.01745,-17.71855],[-63.01745,-17.71854],[-63.01746,-17.71854],[-63.01746,-17.71853],[-63.01746,-17.71852]]},"properties":{"description":"URBANIZACIONES APROBADAS","styleUrl":"#line7","stroke-opacity":1,"stroke":"#000000","stroke-width":1,"name":"FONDO"}},
{"type":"Feature","geometry":{"type":"LineString","coordinates":[[-63.01746,-17.71852],[-63.01753,-17.71843]]},"properties":{"description":"URBANIZACIONES APROBADAS","styleUrl":"#line7","stroke-opacity":1,"stroke":"#000000","stroke-width":1,"name":"FONDO"}},
{"type":"Feature","geometry":{"type":"LineString","coordinates":[[-63.01899,-17.71843],[-63.01998,-17.7188]]},"properties":{"description":"URBANIZACIONES APROBADAS","styleUrl":"#line7","stroke-opacity":1,"stroke":"#000000","stroke-width":1,"name":"FONDO"}},
{"type":"Feature","geometry":{"type":"LineString","coordinates":[[-63.00832,-17.73119],[-63.00824,-17.73119]]},"properties":{"description":"URBANIZACIONES APROBADAS","styleUrl":"#line7","stroke-opacity":1,"stroke":"#000000","stroke-width":1,"name":"FONDO"}},
{"type":"Feature","geometry":{"type":"LineString","coordinates":[[-63.00824,-17.73119],[-63.00824,-17.73105]]},"properties":{"description":"URBANIZACIONES APROBADAS","styleUrl":"#line7","stroke-opacity":1,"stroke":"#000000","stroke-width":1,"name":"FONDO"}},
{"type":"Feature","geometry":{"type":"LineString","coordinates":[[-63.00824,-17.73105],[-63.00832,-17.73105]]},"properties":{"description":"URBANIZACIONES APROBADAS","styleUrl":"#line7","stroke-opacity":1,"stroke":"#000000","stroke-width":1,"name":"FONDO"}},
{"type":"Feature","geometry":{"type":"LineString","coordinates":[[-63.00832,-17.73105],[-63.00832,-17.73119]]},"properties":{"description":"URBANIZACIONES APROBADAS","styleUrl":"#line7","stroke-opacity":1,"stroke":"#000000","stroke-width":1,"name":"FONDO"}},
{"type":"Feature","geometry":{"type":"LineString","coordinates":[[-63.01296,-17.72317],[-63.01296,-17.72316],[-63.01295,-17.72316],[-63.01295,-17.72315],[-63.01295,-17.72314],[-63.01295,-17.72313],[-63.01294,-17.72313],[-63.01294,-17.72312],[-63.01294,-17.72311],[-63.01295,-17.7231],[-63.01295,-17.72309],[-63.01295,-17.72308],[-63.01296,-17.72308],[-63.01296,-17.72307],[-63.01296,-17.72306],[-63.01297,-17.72306],[-63.01297,-17.72305],[-63.01298,-17.72305]]},"properties":{"description":"URBANIZACIONES APROBADAS","styleUrl":"#line7","stroke-opacity":1,"stroke":"#000000","stroke-width":1,"name":"FONDO"}},
{"type":"Feature","geometry":{"type":"LineString","coordinates":[[-63.01298,-17.72305],[-63.01331,-17.72281]]},"properties":{"description":"URBANIZACIONES APROBADAS","styleUrl":"#line7","stroke-opacity":1,"stroke":"#000000","stroke-width":1,"name":"FONDO"}},
{"type":"Feature","geometry":{"type":"LineString","coordinates":[[-63.01331,-17.72281],[-63.01332,-17.72281],[-63.01332,-17.7228],[-63.01333,-17.7228],[-63.01334,-17.7228],[-63.01335,-17.7228],[-63.01336,-17.7228],[-63.01337,-17.7228],[-63.01338,-17.7228],[-63.01338,-17.72281],[-63.01339,-17.72281],[-63.01339,-17.72282],[-63.0134,-17.72282]]},"properties":{"description":"URBANIZACIONES APROBADAS","styleUrl":"#line7","stroke-opacity":1,"stroke":"#000000","stroke-width":1,"name":"FONDO"}},
{"type":"Feature","geometry":{"type":"LineString","coordinates":[[-63.0134,-17.72282],[-63.01403,-17.72358]]},"properties":{"description":"URBANIZACIONES APROBADAS","styleUrl":"#line7","stroke-opacity":1,"stroke":"#000000","stroke-width":1,"name":"FONDO"}},
{"type":"Feature","geometry":{"type":"LineString","coordinates":[[-63.01403,-17.72358],[-63.01403,-17.72359],[-63.01404,-17.72359],[-63.01404,-17.7236],[-63.01404,-17.72361],[-63.01405,-17.72361],[-63.01405,-17.72362],[-63.01405,-17.72363],[-63.01404,-17.72363],[-63.01404,-17.72364],[-63.01404,-17.72365]]},"properties":{"description":"URBANIZACIONES APROBADAS","styleUrl":"#line7","stroke-opacity":1,"stroke":"#000000","stroke-width":1,"name":"FONDO"}},
{"type":"Feature","geometry":{"type":"LineString","coordinates":[[-63.01404,-17.72365],[-63.01382,-17.72402]]},"properties":{"description":"URBANIZACIONES APROBADAS","styleUrl":"#line7","stroke-opacity":1,"stroke":"#000000","stroke-width":1,"name":"FONDO"}},
{"type":"Feature","geometry":{"type":"LineString","coordinates":[[-63.01382,-17.72402],[-63.01381,-17.72402],[-63.01381,-17.72403],[-63.0138,-17.72403],[-63.0138,-17.72404],[-63.01379,-17.72404],[-63.01378,-17.72405],[-63.01377,-17.72405],[-63.01376,-17.72405],[-63.01375,-17.72406],[-63.01374,-17.72406],[-63.01373,-17.72406],[-63.01373,-17.72405],[-63.01372,-17.72405],[-63.01371,-17.72405],[-63.0137,-17.72405],[-63.0137,-17.72404],[-63.01369,-17.72404],[-63.01369,-17.72403],[-63.01368,-17.72403]]},"properties":{"description":"URBANIZACIONES APROBADAS","styleUrl":"#line7","stroke-opacity":1,"stroke":"#000000","stroke-width":1,"name":"FONDO"}},
{"type":"Feature","geometry":{"type":"LineString","coordinates":[[-63.01368,-17.72403],[-63.01296,-17.72317]]},"properties":{"description":"URBANIZACIONES APROBADAS","styleUrl":"#line7","stroke-opacity":1,"stroke":"#000000","stroke-width":1,"name":"FONDO"}},
{"type":"Feature","geometry":{"type":"LineString","coordinates":[[-63.02145,-17.72499],[-63.02145,-17.72498],[-63.02146,-17.72498],[-63.02146,-17.72497],[-63.02147,-17.72497],[-63.02147,-17.72496],[-63.02148,-17.72496],[-63.02149,-17.72496],[-63.02149,-17.72495],[-63.0215,-17.72495],[-63.02151,-17.72495],[-63.02152,-17.72495],[-63.02153,-17.72495],[-63.02154,-17.72495]]},"properties":{"description":"URBANIZACIONES APROBADAS","styleUrl":"#line7","stroke-opacity":1,"stroke":"#000000","stroke-width":1,"name":"FONDO"}},
{"type":"Feature","geometry":{"type":"LineString","coordinates":[[-63.02154,-17.72495],[-63.02197,-17.72507]]},"properties":{"description":"URBANIZACIONES APROBADAS","styleUrl":"#line7","stroke-opacity":1,"stroke":"#000000","stroke-width":1,"name":"FONDO"}},
{"type":"Feature","geometry":{"type":"LineString","coordinates":[[-63.02197,-17.72507],[-63.02198,-17.72507],[-63.02199,-17.72507],[-63.02199,-17.72508],[-63.022,-17.72508],[-63.02201,-17.72508],[-63.02201,-17.72509],[-63.02201,-17.7251],[-63.02202,-17.7251],[-63.02202,-17.72511],[-63.02202,-17.72512],[-63.02202,-17.72513],[-63.02202,-17.72514],[-63.02202,-17.72515],[-63.02202,-17.72516],[-63.02201,-17.72516]]},"properties":{"description":"URBANIZACIONES APROBADAS","styleUrl":"#line7","stroke-opacity":1,"stroke":"#000000","stroke-width":1,"name":"FONDO"}},
{"type":"Feature","geometry":{"type":"LineString","coordinates":[[-63.02201,-17.72516],[-63.021,-17.72673]]},"properties":{"description":"URBANIZACIONES APROBADAS","styleUrl":"#line7","stroke-opacity":1,"stroke":"#000000","stroke-width":1,"name":"FONDO"}},
{"type":"Feature","geometry":{"type":"LineString","coordinates":[[-63.021,-17.72673],[-63.021,-17.72674],[-63.02099,-17.72674],[-63.02099,-17.72675],[-63.02098,-17.72675],[-63.02098,-17.72676],[-63.02097,-17.72676],[-63.02096,-17.72676],[-63.02095,-17.72676],[-63.02094,-17.72676],[-63.02093,-17.72676],[-63.02092,-17.72676],[-63.02091,-17.72676],[-63.02091,-17.72675]]},"properties":{"description":"URBANIZACIONES APROBADAS","styleUrl":"#line7","stroke-opacity":1,"stroke":"#000000","stroke-width":1,"name":"FONDO"}},
{"type":"Feature","geometry":{"type":"LineString","coordinates":[[-63.02091,-17.72675],[-63.02055,-17.72654]]},"properties":{"description":"URBANIZACIONES APROBADAS","styleUrl":"#line7","stroke-opacity":1,"stroke":"#000000","stroke-width":1,"name":"FONDO"}},
{"type":"Feature","geometry":{"type":"LineString","coordinates":[[-63.02055,-17.72654],[-63.02054,-17.72654],[-63.02054,-17.72653],[-63.02053,-17.72653],[-63.02053,-17.72652],[-63.02052,-17.72652],[-63.02052,-17.72651],[-63.02052,-17.7265],[-63.02051,-17.7265],[-63.02051,-17.72649],[-63.02051,-17.72648],[-63.02051,-17.72647],[-63.02051,-17.72646],[-63.02051,-17.72645],[-63.02051,-17.72644],[-63.02052,-17.72644],[-63.02052,-17.72643]]},"properties":{"description":"URBANIZACIONES APROBADAS","styleUrl":"#line7","stroke-opacity":1,"stroke":"#000000","stroke-width":1,"name":"FONDO"}},
{"type":"Feature","geometry":{"type":"LineString","coordinates":[[-63.02052,-17.72643],[-63.02145,-17.72499]]},"properties":{"description":"URBANIZACIONES APROBADAS","styleUrl":"#line7","stroke-opacity":1,"stroke":"#000000","stroke-width":1,"name":"FONDO"}},
{"type":"Feature","geometry":{"type":"LineString","coordinates":[[-63.01681,-17.73168],[-63.01772,-17.73047]]},"properties":{"description":"URBANIZACIONES APROBADAS","styleUrl":"#line7","stroke-opacity":1,"stroke":"#000000","stroke-width":1,"name":"FONDO"}},
{"type":"Feature","geometry":{"type":"LineString","coordinates":[[-63.01772,-17.73047],[-63.01772,-17.73046],[-63.01773,-17.73046],[-63.01773,-17.73045],[-63.01774,-17.73045],[-63.01775,-17.73045],[-63.01776,-17.73045],[-63.01776,-17.73044],[-63.01777,-17.73044],[-63.01778,-17.73044],[-63.01779,-17.73044],[-63.01779,-17.73045],[-63.0178,-17.73045],[-63.01781,-17.73045]]},"properties":{"description":"URBANIZACIONES APROBADAS","styleUrl":"#line7","stroke-opacity":1,"stroke":"#000000","stroke-width":1,"name":"FONDO"}},
{"type":"Feature","geometry":{"type":"LineString","coordinates":[[-63.01781,-17.73045],[-63.01816,-17.7307]]},"properties":{"description":"URBANIZACIONES APROBADAS","styleUrl":"#line7","stroke-opacity":1,"stroke":"#000000","stroke-width":1,"name":"FONDO"}},
{"type":"Feature","geometry":{"type":"LineString","coordinates":[[-63.01816,-17.7307],[-63.01817,-17.7307],[-63.01817,-17.73071],[-63.01818,-17.73071],[-63.01818,-17.73072],[-63.01819,-17.73072],[-63.01819,-17.73073],[-63.01819,-17.73074],[-63.01819,-17.73075],[-63.01819,-17.73076],[-63.01819,-17.73077],[-63.01819,-17.73078],[-63.01818,-17.73078],[-63.01818,-17.73079]]},"properties":{"description":"URBANIZACIONES APROBADAS","styleUrl":"#line7","stroke-opacity":1,"stroke":"#000000","stroke-width":1,"name":"FONDO"}},
{"type":"Feature","geometry":{"type":"LineString","coordinates":[[-63.01818,-17.73079],[-63.01751,-17.73168]]},"properties":{"description":"URBANIZACIONES APROBADAS","styleUrl":"#line7","stroke-opacity":1,"stroke":"#000000","stroke-width":1,"name":"FONDO"}},
{"type":"Feature","geometry":{"type":"LineString","coordinates":[[-63.01716,-17.73008],[-63.01717,-17.73008],[-63.01717,-17.73007],[-63.01718,-17.73007],[-63.01718,-17.73006],[-63.01719,-17.73006],[-63.0172,-17.73006],[-63.01721,-17.73006],[-63.01722,-17.73006],[-63.01723,-17.73006],[-63.01724,-17.73006],[-63.01725,-17.73006],[-63.01725,-17.73007]]},"properties":{"description":"URBANIZACIONES APROBADAS","styleUrl":"#line7","stroke-opacity":1,"stroke":"#000000","stroke-width":1,"name":"FONDO"}},
{"type":"Feature","geometry":{"type":"LineString","coordinates":[[-63.01725,-17.73007],[-63.01761,-17.73031]]},"properties":{"description":"URBANIZACIONES APROBADAS","styleUrl":"#line7","stroke-opacity":1,"stroke":"#000000","stroke-width":1,"name":"FONDO"}},
{"type":"Feature","geometry":{"type":"LineString","coordinates":[[-63.01761,-17.73031],[-63.01761,-17.73032],[-63.01762,-17.73032],[-63.01762,-17.73033],[-63.01763,-17.73033],[-63.01763,-17.73034],[-63.01763,-17.73035],[-63.01763,-17.73036],[-63.01763,-17.73037],[-63.01763,-17.73038],[-63.01763,-17.73039],[-63.01762,-17.73039],[-63.01762,-17.7304]]},"properties":{"description":"URBANIZACIONES APROBADAS","styleUrl":"#line7","stroke-opacity":1,"stroke":"#000000","stroke-width":1,"name":"FONDO"}},
{"type":"Feature","geometry":{"type":"LineString","coordinates":[[-63.01762,-17.7304],[-63.01678,-17.73151]]},"properties":{"description":"URBANIZACIONES APROBADAS","styleUrl":"#line7","stroke-opacity":1,"stroke":"#000000","stroke-width":1,"name":"FONDO"}},
{"type":"Feature","geometry":{"type":"LineString","coordinates":[[-63.01678,-17.73151],[-63.01678,-17.73152],[-63.01677,-17.73152],[-63.01677,-17.73153],[-63.01676,-17.73153],[-63.01675,-17.73153],[-63.01675,-17.73154],[-63.01674,-17.73154],[-63.01673,-17.73154],[-63.01672,-17.73154],[-63.01671,-17.73154],[-63.0167,-17.73154],[-63.0167,-17.73153],[-63.01669,-17.73153],[-63.01669,-17.73152],[-63.01668,-17.73152],[-63.01668,-17.73151],[-63.01667,-17.73151],[-63.01667,-17.7315]]},"properties":{"description":"URBANIZACIONES APROBADAS","styleUrl":"#line7","stroke-opacity":1,"stroke":"#000000","stroke-width":1,"name":"FONDO"}},
{"type":"Feature","geometry":{"type":"LineString","coordinates":[[-63.01645,-17.73109],[-63.01646,-17.73109],[-63.01646,-17.7311],[-63.01647,-17.73111],[-63.01647,-17.73112],[-63.01648,-17.73112],[-63.01648,-17.73113],[-63.01648,-17.73114],[-63.01649,-17.73114],[-63.01649,-17.73115],[-63.01649,-17.73116],[-63.0165,-17.73116],[-63.0165,-17.73117],[-63.01651,-17.73118],[-63.01651,-17.73119],[-63.01652,-17.73119],[-63.01652,-17.7312],[-63.01652,-17.73121],[-63.01653,-17.73121],[-63.01653,-17.73122],[-63.01653,-17.73123],[-63.01654,-17.73123],[-63.01654,-17.73124],[-63.01654,-17.73125],[-63.01655,-17.73125],[-63.01655,-17.73126],[-63.01655,-17.73127],[-63.01656,-17.73127],[-63.01656,-17.73128],[-63.01656,-17.73129],[-63.01657,-17.73129],[-63.01657,-17.7313],[-63.01657,-17.73131],[-63.01658,-17.73131],[-63.01658,-17.73132],[-63.01659,-17.73133],[-63.01659,-17.73134],[-63.0166,-17.73135],[-63.0166,-17.73136],[-63.0166,-17.73137],[-63.01661,-17.73137],[-63.01661,-17.73138],[-63.01661,-17.73139],[-63.01662,-17.73139],[-63.01662,-17.7314],[-63.01662,-17.73141],[-63.01663,-17.73141],[-63.01663,-17.73142],[-63.01663,-17.73143],[-63.01664,-17.73143],[-63.01664,-17.73144],[-63.01664,-17.73145],[-63.01665,-17.73145],[-63.01665,-17.73146],[-63.01665,-17.73147],[-63.01666,-17.73147],[-63.01666,-17.73148],[-63.01666,-17.73149],[-63.01666,-17.7315],[-63.01667,-17.7315]]},"properties":{"description":"URBANIZACIONES APROBADAS","styleUrl":"#line7","stroke-opacity":1,"stroke":"#000000","stroke-width":1,"name":"FONDO"}},
{"type":"Feature","geometry":{"type":"LineString","coordinates":[[-63.01645,-17.73109],[-63.01645,-17.73108],[-63.01645,-17.73107],[-63.01645,-17.73106],[-63.01644,-17.73106],[-63.01644,-17.73105],[-63.01645,-17.73104],[-63.01645,-17.73103],[-63.01645,-17.73102],[-63.01646,-17.73102]]},"properties":{"description":"URBANIZACIONES APROBADAS","styleUrl":"#line7","stroke-opacity":1,"stroke":"#000000","stroke-width":1,"name":"FONDO"}},
{"type":"Feature","geometry":{"type":"LineString","coordinates":[[-63.01646,-17.73102],[-63.01716,-17.73008]]},"properties":{"description":"URBANIZACIONES APROBADAS","styleUrl":"#line7","stroke-opacity":1,"stroke":"#000000","stroke-width":1,"name":"FONDO"}},
{"type":"Feature","geometry":{"type":"LineString","coordinates":[[-63.02006,-17.72819],[-63.01963,-17.72886]]},"properties":{"description":"URBANIZACIONES APROBADAS","styleUrl":"#line7","stroke-opacity":1,"stroke":"#000000","stroke-width":1,"name":"FONDO"}},
{"type":"Feature","geometry":{"type":"LineString","coordinates":[[-63.01963,-17.72886],[-63.01963,-17.72887],[-63.01962,-17.72887],[-63.01962,-17.72888],[-63.01961,-17.72888],[-63.0196,-17.72888],[-63.0196,-17.72889],[-63.01959,-17.72889],[-63.01958,-17.72889],[-63.01957,-17.72889],[-63.01956,-17.72889],[-63.01955,-17.72889],[-63.01954,-17.72889],[-63.01953,-17.72889],[-63.01952,-17.72889],[-63.01952,-17.72888],[-63.01951,-17.72888],[-63.01951,-17.72887],[-63.0195,-17.72887]]},"properties":{"description":"URBANIZACIONES APROBADAS","styleUrl":"#line7","stroke-opacity":1,"stroke":"#000000","stroke-width":1,"name":"FONDO"}},
{"type":"Feature","geometry":{"type":"LineString","coordinates":[[-63.01925,-17.72865],[-63.01926,-17.72866],[-63.01927,-17.72866],[-63.01927,-17.72867],[-63.01928,-17.72867],[-63.01928,-17.72868],[-63.01929,-17.72868],[-63.01929,-17.72869],[-63.0193,-17.72869],[-63.0193,-17.7287],[-63.01931,-17.7287],[-63.01932,-17.72871],[-63.01933,-17.72871],[-63.01933,-17.72872],[-63.01934,-17.72872],[-63.01934,-17.72873],[-63.01935,-17.72873],[-63.01935,-17.72874],[-63.01936,-17.72874],[-63.01936,-17.72875],[-63.01937,-17.72875],[-63.01937,-17.72876],[-63.01938,-17.72876],[-63.01938,-17.72877],[-63.01939,-17.72877],[-63.0194,-17.72878],[-63.01941,-17.72879],[-63.01942,-17.72879],[-63.01942,-17.7288],[-63.01943,-17.7288],[-63.01943,-17.72881],[-63.01944,-17.72881],[-63.01944,-17.72882],[-63.01945,-17.72882],[-63.01945,-17.72883],[-63.01946,-17.72883],[-63.01946,-17.72884],[-63.01947,-17.72884],[-63.01947,-17.72885],[-63.01948,-17.72885],[-63.01948,-17.72886],[-63.01949,-17.72886],[-63.0195,-17.72887]]},"properties":{"description":"URBANIZACIONES APROBADAS","styleUrl":"#line7","stroke-opacity":1,"stroke":"#000000","stroke-width":1,"name":"FONDO"}},
{"type":"Feature","geometry":{"type":"LineString","coordinates":[[-63.01925,-17.72865],[-63.01924,-17.72865],[-63.01924,-17.72864],[-63.01923,-17.72863],[-63.01923,-17.72862],[-63.01922,-17.72862],[-63.01922,-17.72861],[-63.01921,-17.72861],[-63.01921,-17.7286],[-63.01921,-17.72859],[-63.0192,-17.72858],[-63.0192,-17.72857],[-63.0192,-17.72856],[-63.0192,-17.72855],[-63.0192,-17.72854],[-63.0192,-17.72853],[-63.0192,-17.72852],[-63.0192,-17.72851],[-63.0192,-17.7285],[-63.0192,-17.72849],[-63.0192,-17.72848],[-63.01921,-17.72848],[-63.01921,-17.72847],[-63.01921,-17.72846],[-63.01922,-17.72846],[-63.01922,-17.72845]]},"properties":{"description":"URBANIZACIONES APROBADAS","styleUrl":"#line7","stroke-opacity":1,"stroke":"#000000","stroke-width":1,"name":"FONDO"}},
{"type":"Feature","geometry":{"type":"LineString","coordinates":[[-63.01922,-17.72845],[-63.02037,-17.72667]]},"properties":{"description":"URBANIZACIONES APROBADAS","styleUrl":"#line7","stroke-opacity":1,"stroke":"#000000","stroke-width":1,"name":"FONDO"}},
{"type":"Feature","geometry":{"type":"LineString","coordinates":[[-63.02037,-17.72667],[-63.02037,-17.72666],[-63.02038,-17.72666],[-63.02038,-17.72665],[-63.02039,-17.72665],[-63.02039,-17.72664],[-63.0204,-17.72664],[-63.0204,-17.72663],[-63.02041,-17.72663],[-63.02042,-17.72663],[-63.02043,-17.72663],[-63.02044,-17.72663],[-63.02045,-17.72663],[-63.02046,-17.72663],[-63.02047,-17.72663],[-63.02048,-17.72663],[-63.02048,-17.72664]]},"properties":{"description":"URBANIZACIONES APROBADAS","styleUrl":"#line7","stroke-opacity":1,"stroke":"#000000","stroke-width":1,"name":"FONDO"}},
{"type":"Feature","geometry":{"type":"LineString","coordinates":[[-63.02048,-17.72664],[-63.02085,-17.72685]]},"properties":{"description":"URBANIZACIONES APROBADAS","styleUrl":"#line7","stroke-opacity":1,"stroke":"#000000","stroke-width":1,"name":"FONDO"}},
{"type":"Feature","geometry":{"type":"LineString","coordinates":[[-63.02085,-17.72685],[-63.02085,-17.72686],[-63.02086,-17.72686],[-63.02086,-17.72687],[-63.02087,-17.72687],[-63.02087,-17.72688],[-63.02087,-17.72689],[-63.02088,-17.72689],[-63.02088,-17.7269],[-63.02088,-17.72691],[-63.02088,-17.72692],[-63.02087,-17.72692],[-63.02087,-17.72693],[-63.02087,-17.72694]]},"properties":{"description":"URBANIZACIONES APROBADAS","styleUrl":"#line7","stroke-opacity":1,"stroke":"#000000","stroke-width":1,"name":"FONDO"}},
{"type":"Feature","geometry":{"type":"LineString","coordinates":[[-63.02087,-17.72694],[-63.02056,-17.72742]]},"properties":{"description":"URBANIZACIONES APROBADAS","styleUrl":"#line7","stroke-opacity":1,"stroke":"#000000","stroke-width":1,"name":"FONDO"}},
{"type":"Feature","geometry":{"type":"LineString","coordinates":[[-63.01921,-17.72588],[-63.01963,-17.72613]]},"properties":{"description":"URBANIZACIONES APROBADAS","styleUrl":"#line7","stroke-opacity":1,"stroke":"#000000","stroke-width":1,"name":"FONDO"}},
{"type":"Feature","geometry":{"type":"LineString","coordinates":[[-63.01963,-17.72613],[-63.01963,-17.72614],[-63.01964,-17.72614],[-63.01964,-17.72615],[-63.01965,-17.72615],[-63.01965,-17.72616],[-63.01965,-17.72617],[-63.01966,-17.72617],[-63.01966,-17.72618],[-63.01966,-17.72619],[-63.01966,-17.7262],[-63.01965,-17.7262],[-63.01965,-17.72621],[-63.01965,-17.72622]]},"properties":{"description":"URBANIZACIONES APROBADAS","styleUrl":"#line7","stroke-opacity":1,"stroke":"#000000","stroke-width":1,"name":"FONDO"}},
{"type":"Feature","geometry":{"type":"LineString","coordinates":[[-63.01965,-17.72622],[-63.01851,-17.72798]]},"properties":{"description":"URBANIZACIONES APROBADAS","styleUrl":"#line7","stroke-opacity":1,"stroke":"#000000","stroke-width":1,"name":"FONDO"}},
{"type":"Feature","geometry":{"type":"LineString","coordinates":[[-63.01851,-17.72798],[-63.01851,-17.72799],[-63.0185,-17.72799],[-63.0185,-17.728],[-63.01849,-17.728],[-63.01849,-17.72801],[-63.01848,-17.72801],[-63.01847,-17.72801],[-63.01847,-17.72802],[-63.01846,-17.72802],[-63.01845,-17.72802],[-63.01844,-17.72802],[-63.01843,-17.72802],[-63.01842,-17.72802],[-63.01841,-17.72802],[-63.01841,-17.72801],[-63.0184,-17.72801],[-63.01839,-17.72801]]},"properties":{"description":"URBANIZACIONES APROBADAS","styleUrl":"#line7","stroke-opacity":1,"stroke":"#000000","stroke-width":1,"name":"FONDO"}},
{"type":"Feature","geometry":{"type":"LineString","coordinates":[[-63.01807,-17.7278],[-63.01807,-17.72781],[-63.01808,-17.72781],[-63.01809,-17.72781],[-63.01809,-17.72782],[-63.0181,-17.72782],[-63.01811,-17.72783],[-63.01812,-17.72783],[-63.01812,-17.72784],[-63.01813,-17.72784],[-63.01814,-17.72784],[-63.01814,-17.72785],[-63.01815,-17.72785],[-63.01815,-17.72786],[-63.01816,-17.72786],[-63.01817,-17.72786],[-63.01817,-17.72787],[-63.01818,-17.72787],[-63.01819,-17.72787],[-63.01819,-17.72788],[-63.0182,-17.72788],[-63.0182,-17.72789],[-63.01821,-17.72789],[-63.01822,-17.72789],[-63.01822,-17.7279],[-63.01823,-17.7279],[-63.01823,-17.72791],[-63.01824,-17.72791],[-63.01825,-17.72791],[-63.01825,-17.72792],[-63.01826,-17.72792],[-63.01827,-17.72793],[-63.01828,-17.72793],[-63.01828,-17.72794],[-63.01829,-17.72794],[-63.0183,-17.72795],[-63.01831,-17.72795],[-63.01831,-17.72796],[-63.01832,-17.72796],[-63.01833,-17.72796],[-63.01833,-17.72797],[-63.01834,-17.72797],[-63.01834,-17.72798],[-63.01835,-17.72798],[-63.01836,-17.72798],[-63.01836,-17.72799],[-63.01837,-17.72799],[-63.01837,-17.728],[-63.01838,-17.728],[-63.01839,-17.728],[-63.01839,-17.72801]]},"properties":{"description":"URBANIZACIONES APROBADAS","styleUrl":"#line7","stroke-opacity":1,"stroke":"#000000","stroke-width":1,"name":"FONDO"}},
{"type":"Feature","geometry":{"type":"LineString","coordinates":[[-63.01807,-17.7278],[-63.01806,-17.7278],[-63.01806,-17.72779],[-63.01805,-17.72779],[-63.01804,-17.72779],[-63.01804,-17.72778],[-63.01803,-17.72778],[-63.01803,-17.72777],[-63.01803,-17.72776],[-63.01802,-17.72776],[-63.01802,-17.72775],[-63.01801,-17.72775],[-63.01801,-17.72774],[-63.01801,-17.72773],[-63.018,-17.72773],[-63.018,-17.72772],[-63.018,-17.72771],[-63.018,-17.7277],[-63.01799,-17.7277],[-63.01799,-17.72769],[-63.01799,-17.72768],[-63.01799,-17.72767],[-63.01799,-17.72766],[-63.01799,-17.72765],[-63.01799,-17.72764],[-63.01799,-17.72763],[-63.018,-17.72763],[-63.018,-17.72762],[-63.018,-17.72761],[-63.018,-17.7276],[-63.01801,-17.7276],[-63.01801,-17.72759],[-63.01801,-17.72758],[-63.01802,-17.72758]]},"properties":{"description":"URBANIZACIONES APROBADAS","styleUrl":"#line7","stroke-opacity":1,"stroke":"#000000","stroke-width":1,"name":"FONDO"}},
{"type":"Feature","geometry":{"type":"LineString","coordinates":[[-63.01802,-17.72758],[-63.01909,-17.72591]]},"properties":{"description":"URBANIZACIONES APROBADAS","styleUrl":"#line7","stroke-opacity":1,"stroke":"#000000","stroke-width":1,"name":"FONDO"}},
{"type":"Feature","geometry":{"type":"LineString","coordinates":[[-63.01909,-17.72591],[-63.0191,-17.72591],[-63.0191,-17.7259],[-63.01911,-17.72589],[-63.01912,-17.72589],[-63.01912,-17.72588],[-63.01913,-17.72588],[-63.01914,-17.72588],[-63.01914,-17.72587],[-63.01915,-17.72587],[-63.01916,-17.72587],[-63.01917,-17.72587],[-63.01918,-17.72587],[-63.01919,-17.72587],[-63.01919,-17.72588],[-63.0192,-17.72588],[-63.01921,-17.72588]]},"properties":{"description":"URBANIZACIONES APROBADAS","styleUrl":"#line7","stroke-opacity":1,"stroke":"#000000","stroke-width":1,"name":"FONDO"}},
{"type":"Feature","geometry":{"type":"LineString","coordinates":[[-63.01984,-17.72626],[-63.02021,-17.72648]]},"properties":{"description":"URBANIZACIONES APROBADAS","styleUrl":"#line7","stroke-opacity":1,"stroke":"#000000","stroke-width":1,"name":"FONDO"}},
{"type":"Feature","geometry":{"type":"LineString","coordinates":[[-63.02021,-17.72648],[-63.02022,-17.72648],[-63.02022,-17.72649],[-63.02023,-17.72649],[-63.02023,-17.7265],[-63.02024,-17.7265],[-63.02024,-17.72651],[-63.02025,-17.72651],[-63.02025,-17.72652],[-63.02025,-17.72653],[-63.02025,-17.72654],[-63.02025,-17.72655],[-63.02025,-17.72656],[-63.02025,-17.72657],[-63.02025,-17.72658],[-63.02024,-17.72658],[-63.02024,-17.72659]]},"properties":{"description":"URBANIZACIONES APROBADAS","styleUrl":"#line7","stroke-opacity":1,"stroke":"#000000","stroke-width":1,"name":"FONDO"}},
{"type":"Feature","geometry":{"type":"LineString","coordinates":[[-63.02024,-17.72659],[-63.01913,-17.72831]]},"properties":{"description":"URBANIZACIONES APROBADAS","styleUrl":"#line7","stroke-opacity":1,"stroke":"#000000","stroke-width":1,"name":"FONDO"}},
{"type":"Feature","geometry":{"type":"LineString","coordinates":[[-63.01913,-17.72831],[-63.01913,-17.72832],[-63.01912,-17.72832],[-63.01912,-17.72833],[-63.01911,-17.72833],[-63.01911,-17.72834],[-63.0191,-17.72834],[-63.0191,-17.72835],[-63.01909,-17.72835],[-63.01909,-17.72836],[-63.01908,-17.72836],[-63.01907,-17.72836],[-63.01907,-17.72837],[-63.01906,-17.72837],[-63.01905,-17.72837],[-63.01905,-17.72838],[-63.01904,-17.72838],[-63.01903,-17.72838],[-63.01902,-17.72838],[-63.01902,-17.72839],[-63.01901,-17.72839],[-63.019,-17.72839],[-63.01899,-17.72839],[-63.01898,-17.72839],[-63.01897,-17.72839],[-63.01896,-17.72839],[-63.01895,-17.72839],[-63.01895,-17.72838],[-63.01894,-17.72838],[-63.01893,-17.72838],[-63.01892,-17.72838],[-63.01892,-17.72837],[-63.01891,-17.72837],[-63.0189,-17.72837],[-63.0189,-17.72836],[-63.01889,-17.72836],[-63.01888,-17.72836],[-63.01888,-17.72835]]},"properties":{"description":"URBANIZACIONES APROBADAS","styleUrl":"#line7","stroke-opacity":1,"stroke":"#000000","stroke-width":1,"name":"FONDO"}},
{"type":"Feature","geometry":{"type":"LineString","coordinates":[[-63.01863,-17.72817],[-63.01864,-17.72818],[-63.01865,-17.72818],[-63.01865,-17.72819],[-63.01866,-17.72819],[-63.01866,-17.7282],[-63.01867,-17.7282],[-63.01868,-17.7282],[-63.01868,-17.72821],[-63.01869,-17.72821],[-63.01869,-17.72822],[-63.0187,-17.72822],[-63.01871,-17.72823],[-63.01872,-17.72823],[-63.01872,-17.72824],[-63.01873,-17.72824],[-63.01873,-17.72825],[-63.01874,-17.72825],[-63.01875,-17.72825],[-63.01875,-17.72826],[-63.01876,-17.72826],[-63.01876,-17.72827],[-63.01877,-17.72827],[-63.01877,-17.72828],[-63.01878,-17.72828],[-63.01879,-17.72828],[-63.01879,-17.72829],[-63.0188,-17.72829],[-63.0188,-17.7283],[-63.01881,-17.7283],[-63.01882,-17.72831],[-63.01883,-17.72831],[-63.01883,-17.72832],[-63.01884,-17.72832],[-63.01884,-17.72833],[-63.01885,-17.72833],[-63.01885,-17.72834],[-63.01886,-17.72834],[-63.01887,-17.72834],[-63.01887,-17.72835],[-63.01888,-17.72835]]},"properties":{"description":"URBANIZACIONES APROBADAS","styleUrl":"#line7","stroke-opacity":1,"stroke":"#000000","stroke-width":1,"name":"FONDO"}},
{"type":"Feature","geometry":{"type":"LineString","coordinates":[[-63.01863,-17.72817],[-63.01862,-17.72817],[-63.01862,-17.72816],[-63.01861,-17.72816],[-63.01861,-17.72815],[-63.0186,-17.72815],[-63.0186,-17.72814],[-63.0186,-17.72813],[-63.01859,-17.72812],[-63.01859,-17.72811],[-63.01859,-17.7281],[-63.01859,-17.72809],[-63.01859,-17.72808],[-63.0186,-17.72808],[-63.0186,-17.72807],[-63.0186,-17.72806]]},"properties":{"description":"URBANIZACIONES APROBADAS","styleUrl":"#line7","stroke-opacity":1,"stroke":"#000000","stroke-width":1,"name":"FONDO"}},
{"type":"Feature","geometry":{"type":"LineString","coordinates":[[-63.0186,-17.72806],[-63.01975,-17.72628]]},"properties":{"description":"URBANIZACIONES APROBADAS","styleUrl":"#line7","stroke-opacity":1,"stroke":"#000000","stroke-width":1,"name":"FONDO"}},
{"type":"Feature","geometry":{"type":"LineString","coordinates":[[-63.01975,-17.72628],[-63.01976,-17.72628],[-63.01976,-17.72627],[-63.01977,-17.72626],[-63.01978,-17.72626],[-63.01978,-17.72625],[-63.01979,-17.72625],[-63.0198,-17.72625],[-63.01981,-17.72625],[-63.01982,-17.72625],[-63.01983,-17.72625],[-63.01984,-17.72626]]},"properties":{"description":"URBANIZACIONES APROBADAS","styleUrl":"#line7","stroke-opacity":1,"stroke":"#000000","stroke-width":1,"name":"FONDO"}},
{"type":"Feature","geometry":{"type":"LineString","coordinates":[[-63.01898,-17.72484],[-63.01953,-17.72381]]},"properties":{"description":"URBANIZACIONES APROBADAS","styleUrl":"#line7","stroke-opacity":1,"stroke":"#000000","stroke-width":1,"name":"FONDO"}},
{"type":"Feature","geometry":{"type":"LineString","coordinates":[[-63.01953,-17.72381],[-63.01954,-17.72381],[-63.01954,-17.7238],[-63.01955,-17.7238],[-63.01955,-17.72379],[-63.01956,-17.72379],[-63.01956,-17.72378],[-63.01957,-17.72378],[-63.01958,-17.72378],[-63.01958,-17.72377],[-63.01959,-17.72377],[-63.0196,-17.72377],[-63.01961,-17.72377],[-63.01962,-17.72377],[-63.01963,-17.72377]]},"properties":{"description":"URBANIZACIONES APROBADAS","styleUrl":"#line7","stroke-opacity":1,"stroke":"#000000","stroke-width":1,"name":"FONDO"}},
{"type":"Feature","geometry":{"type":"LineString","coordinates":[[-63.01963,-17.72377],[-63.01989,-17.72384]]},"properties":{"description":"URBANIZACIONES APROBADAS","styleUrl":"#line7","stroke-opacity":1,"stroke":"#000000","stroke-width":1,"name":"FONDO"}},
{"type":"Feature","geometry":{"type":"LineString","coordinates":[[-63.01989,-17.72384],[-63.0199,-17.72384],[-63.01991,-17.72384],[-63.01991,-17.72385],[-63.01992,-17.72385],[-63.01993,-17.72385],[-63.01993,-17.72386],[-63.01994,-17.72386],[-63.01995,-17.72387],[-63.01996,-17.72387],[-63.01996,-17.72388],[-63.01997,-17.72388],[-63.01997,-17.72389],[-63.01998,-17.72389],[-63.01998,-17.7239],[-63.01999,-17.7239],[-63.01999,-17.72391],[-63.01999,-17.72392],[-63.02,-17.72392],[-63.02,-17.72393],[-63.02,-17.72394],[-63.02001,-17.72394],[-63.02001,-17.72395],[-63.02001,-17.72396],[-63.02001,-17.72397],[-63.02002,-17.72397],[-63.02002,-17.72398],[-63.02002,-17.72399],[-63.02002,-17.724],[-63.02002,-17.72401],[-63.02002,-17.72402],[-63.02002,-17.72403],[-63.02001,-17.72403],[-63.02001,-17.72404],[-63.02001,-17.72405],[-63.02001,-17.72406],[-63.02,-17.72406],[-63.02,-17.72407],[-63.02,-17.72408],[-63.01999,-17.72408]]},"properties":{"description":"URBANIZACIONES APROBADAS","styleUrl":"#line7","stroke-opacity":1,"stroke":"#000000","stroke-width":1,"name":"FONDO"}},
{"type":"Feature","geometry":{"type":"LineString","coordinates":[[-63.01999,-17.72408],[-63.01905,-17.72555]]},"properties":{"description":"URBANIZACIONES APROBADAS","styleUrl":"#line7","stroke-opacity":1,"stroke":"#000000","stroke-width":1,"name":"FONDO"}},
{"type":"Feature","geometry":{"type":"LineString","coordinates":[[-63.01905,-17.72555],[-63.01904,-17.72555],[-63.01904,-17.72556],[-63.01904,-17.72557],[-63.01903,-17.72557],[-63.01902,-17.72557],[-63.01902,-17.72558],[-63.01901,-17.72558],[-63.01901,-17.72559],[-63.019,-17.72559],[-63.01899,-17.72559],[-63.01898,-17.72559],[-63.01897,-17.72559],[-63.01896,-17.72559],[-63.01895,-17.72559],[-63.01894,-17.72559],[-63.01894,-17.72558],[-63.01893,-17.72558]]},"properties":{"description":"URBANIZACIONES APROBADAS","styleUrl":"#line7","stroke-opacity":1,"stroke":"#000000","stroke-width":1,"name":"FONDO"}},
{"type":"Feature","geometry":{"type":"LineString","coordinates":[[-63.01893,-17.72558],[-63.0187,-17.72544]]},"properties":{"description":"URBANIZACIONES APROBADAS","styleUrl":"#line7","stroke-opacity":1,"stroke":"#000000","stroke-width":1,"name":"FONDO"}},
{"type":"Feature","geometry":{"type":"LineString","coordinates":[[-63.0187,-17.72544],[-63.01869,-17.72544],[-63.01869,-17.72543],[-63.01868,-17.72543],[-63.01868,-17.72542],[-63.01867,-17.72542],[-63.01867,-17.72541],[-63.01867,-17.7254],[-63.01867,-17.72539],[-63.01867,-17.72538],[-63.01867,-17.72537],[-63.01867,-17.72536]]},"properties":{"description":"URBANIZACIONES APROBADAS","styleUrl":"#line7","stroke-opacity":1,"stroke":"#000000","stroke-width":1,"name":"FONDO"}},
{"type":"Feature","geometry":{"type":"LineString","coordinates":[[-63.01867,-17.72536],[-63.01892,-17.72496]]},"properties":{"description":"URBANIZACIONES APROBADAS","styleUrl":"#line7","stroke-opacity":1,"stroke":"#000000","stroke-width":1,"name":"FONDO"}},
{"type":"Feature","geometry":{"type":"LineString","coordinates":[[-63.01892,-17.72496],[-63.01896,-17.72489]]},"properties":{"description":"URBANIZACIONES APROBADAS","styleUrl":"#line7","stroke-opacity":1,"stroke":"#000000","stroke-width":1,"name":"FONDO"}},
{"type":"Feature","geometry":{"type":"LineString","coordinates":[[-63.01994,-17.7246],[-63.01994,-17.72459],[-63.01995,-17.72459],[-63.01995,-17.72458],[-63.01996,-17.72458],[-63.01996,-17.72457],[-63.01997,-17.72457],[-63.01998,-17.72457],[-63.01998,-17.72456],[-63.01999,-17.72456],[-63.02,-17.72456],[-63.02001,-17.72456],[-63.02002,-17.72456],[-63.02003,-17.72456]]},"properties":{"description":"URBANIZACIONES APROBADAS","styleUrl":"#line7","stroke-opacity":1,"stroke":"#000000","stroke-width":1,"name":"FONDO"}},
{"type":"Feature","geometry":{"type":"LineString","coordinates":[[-63.02003,-17.72456],[-63.02053,-17.72469]]},"properties":{"description":"URBANIZACIONES APROBADAS","styleUrl":"#line7","stroke-opacity":1,"stroke":"#000000","stroke-width":1,"name":"FONDO"}},
{"type":"Feature","geometry":{"type":"LineString","coordinates":[[-63.02053,-17.72469],[-63.02054,-17.72469],[-63.02054,-17.7247],[-63.02055,-17.7247],[-63.02056,-17.7247],[-63.02056,-17.72471],[-63.02057,-17.72471],[-63.02057,-17.72472],[-63.02057,-17.72473],[-63.02058,-17.72473],[-63.02058,-17.72474],[-63.02058,-17.72475],[-63.02058,-17.72476],[-63.02058,-17.72477],[-63.02058,-17.72478],[-63.02057,-17.72478],[-63.02057,-17.72479]]},"properties":{"description":"URBANIZACIONES APROBADAS","styleUrl":"#line7","stroke-opacity":1,"stroke":"#000000","stroke-width":1,"name":"FONDO"}},
{"type":"Feature","geometry":{"type":"LineString","coordinates":[[-63.02057,-17.72479],[-63.01978,-17.72601]]},"properties":{"description":"URBANIZACIONES APROBADAS","styleUrl":"#line7","stroke-opacity":1,"stroke":"#000000","stroke-width":1,"name":"FONDO"}},
{"type":"Feature","geometry":{"type":"LineString","coordinates":[[-63.01978,-17.72601],[-63.01978,-17.72602],[-63.01977,-17.72602],[-63.01977,-17.72603],[-63.01976,-17.72603],[-63.01975,-17.72603],[-63.01975,-17.72604],[-63.01974,-17.72604],[-63.01973,-17.72604],[-63.01972,-17.72604],[-63.01971,-17.72604],[-63.0197,-17.72604],[-63.0197,-17.72603],[-63.01969,-17.72603]]},"properties":{"description":"URBANIZACIONES APROBADAS","styleUrl":"#line7","stroke-opacity":1,"stroke":"#000000","stroke-width":1,"name":"FONDO"}},
{"type":"Feature","geometry":{"type":"LineString","coordinates":[[-63.01969,-17.72603],[-63.01927,-17.72578]]},"properties":{"description":"URBANIZACIONES APROBADAS","styleUrl":"#line7","stroke-opacity":1,"stroke":"#000000","stroke-width":1,"name":"FONDO"}},
{"type":"Feature","geometry":{"type":"LineString","coordinates":[[-63.01927,-17.72578],[-63.01926,-17.72578],[-63.01926,-17.72577],[-63.01925,-17.72577],[-63.01925,-17.72576],[-63.01924,-17.72576],[-63.01924,-17.72575],[-63.01924,-17.72574],[-63.01924,-17.72573],[-63.01923,-17.72573],[-63.01923,-17.72572],[-63.01923,-17.72571],[-63.01923,-17.7257],[-63.01924,-17.7257],[-63.01924,-17.72569],[-63.01924,-17.72568],[-63.01924,-17.72567],[-63.01925,-17.72567]]},"properties":{"description":"URBANIZACIONES APROBADAS","styleUrl":"#line7","stroke-opacity":1,"stroke":"#000000","stroke-width":1,"name":"FONDO"}},
{"type":"Feature","geometry":{"type":"LineString","coordinates":[[-63.01925,-17.72567],[-63.01994,-17.7246]]},"properties":{"description":"URBANIZACIONES APROBADAS","styleUrl":"#line7","stroke-opacity":1,"stroke":"#000000","stroke-width":1,"name":"FONDO"}},
{"type":"Feature","geometry":{"type":"LineString","coordinates":[[-63.02071,-17.72479],[-63.02072,-17.72478],[-63.02072,-17.72477],[-63.02073,-17.72477],[-63.02074,-17.72477],[-63.02074,-17.72476],[-63.02075,-17.72476],[-63.02076,-17.72476],[-63.02077,-17.72476],[-63.02078,-17.72476],[-63.02079,-17.72476]]},"properties":{"description":"URBANIZACIONES APROBADAS","styleUrl":"#line7","stroke-opacity":1,"stroke":"#000000","stroke-width":1,"name":"FONDO"}},
{"type":"Feature","geometry":{"type":"LineString","coordinates":[[-63.02079,-17.72476],[-63.02122,-17.72487]]},"properties":{"description":"URBANIZACIONES APROBADAS","styleUrl":"#line7","stroke-opacity":1,"stroke":"#000000","stroke-width":1,"name":"FONDO"}},
{"type":"Feature","geometry":{"type":"LineString","coordinates":[[-63.02122,-17.72487],[-63.02123,-17.72487],[-63.02123,-17.72488],[-63.02124,-17.72488],[-63.02125,-17.72488],[-63.02125,-17.72489],[-63.02126,-17.72489],[-63.02126,-17.7249],[-63.02127,-17.7249],[-63.02127,-17.72491],[-63.02127,-17.72492],[-63.02128,-17.72492],[-63.02128,-17.72493],[-63.02128,-17.72494],[-63.02128,-17.72495],[-63.02128,-17.72496],[-63.02128,-17.72497],[-63.02128,-17.72498],[-63.02127,-17.72498],[-63.02127,-17.72499]]},"properties":{"description":"URBANIZACIONES APROBADAS","styleUrl":"#line7","stroke-opacity":1,"stroke":"#000000","stroke-width":1,"name":"FONDO"}},
{"type":"Feature","geometry":{"type":"LineString","coordinates":[[-63.02127,-17.72499],[-63.02039,-17.72635]]},"properties":{"description":"URBANIZACIONES APROBADAS","styleUrl":"#line7","stroke-opacity":1,"stroke":"#000000","stroke-width":1,"name":"FONDO"}},
{"type":"Feature","geometry":{"type":"LineString","coordinates":[[-63.02039,-17.72635],[-63.02039,-17.72636],[-63.02038,-17.72636],[-63.02038,-17.72637],[-63.02037,-17.72637],[-63.02037,-17.72638],[-63.02036,-17.72638],[-63.02035,-17.72638],[-63.02035,-17.72639],[-63.02034,-17.72639],[-63.02033,-17.72639],[-63.02032,-17.72639],[-63.02031,-17.72639],[-63.0203,-17.72639],[-63.02029,-17.72639],[-63.02029,-17.72638],[-63.02028,-17.72638]]},"properties":{"description":"URBANIZACIONES APROBADAS","styleUrl":"#line7","stroke-opacity":1,"stroke":"#000000","stroke-width":1,"name":"FONDO"}},
{"type":"Feature","geometry":{"type":"LineString","coordinates":[[-63.02028,-17.72638],[-63.01991,-17.72616]]},"properties":{"description":"URBANIZACIONES APROBADAS","styleUrl":"#line7","stroke-opacity":1,"stroke":"#000000","stroke-width":1,"name":"FONDO"}},
{"type":"Feature","geometry":{"type":"LineString","coordinates":[[-63.01991,-17.72616],[-63.0199,-17.72616],[-63.0199,-17.72615],[-63.01989,-17.72615],[-63.01989,-17.72614],[-63.01988,-17.72614],[-63.01988,-17.72613],[-63.01988,-17.72612],[-63.01988,-17.72611],[-63.01988,-17.7261],[-63.01988,-17.72609],[-63.01988,-17.72608],[-63.01988,-17.72607],[-63.01989,-17.72607]]},"properties":{"description":"URBANIZACIONES APROBADAS","styleUrl":"#line7","stroke-opacity":1,"stroke":"#000000","stroke-width":1,"name":"FONDO"}},
{"type":"Feature","geometry":{"type":"LineString","coordinates":[[-63.01989,-17.72607],[-63.02071,-17.72479]]},"properties":{"description":"URBANIZACIONES APROBADAS","styleUrl":"#line7","stroke-opacity":1,"stroke":"#000000","stroke-width":1,"name":"FONDO"}},
{"type":"Feature","geometry":{"type":"LineString","coordinates":[[-63.01137,-17.72755],[-63.01127,-17.72762]]},"properties":{"description":"RADIOS","styleUrl":"#line8","stroke-opacity":1,"stroke":"#000000","stroke-width":1,"name":"FONDO"}},
{"type":"Feature","geometry":{"type":"LineString","coordinates":[[-63.01127,-17.72762],[-63.01139,-17.72766]]},"properties":{"description":"RADIOS","styleUrl":"#line8","stroke-opacity":1,"stroke":"#000000","stroke-width":1,"name":"FONDO"}},
{"type":"Feature","geometry":{"type":"LineString","coordinates":[[-63.01118,-17.72771],[-63.01115,-17.7277]]},"properties":{"description":"RADIOS","styleUrl":"#line8","stroke-opacity":1,"stroke":"#000000","stroke-width":1,"name":"FONDO"}},
{"type":"Feature","geometry":{"type":"LineString","coordinates":[[-63.01115,-17.7277],[-63.01112,-17.72772]]},"properties":{"description":"RADIOS","styleUrl":"#line8","stroke-opacity":1,"stroke":"#000000","stroke-width":1,"name":"FONDO"}},
{"type":"Feature","geometry":{"type":"LineString","coordinates":[[-63.01069,-17.728],[-63.01059,-17.72806]]},"properties":{"description":"RADIOS","styleUrl":"#line8","stroke-opacity":1,"stroke":"#000000","stroke-width":1,"name":"FONDO"}},
{"type":"Feature","geometry":{"type":"LineString","coordinates":[[-63.01059,-17.72806],[-63.0107,-17.72811]]},"properties":{"description":"RADIOS","styleUrl":"#line8","stroke-opacity":1,"stroke":"#000000","stroke-width":1,"name":"FONDO"}},
{"type":"Feature","geometry":{"type":"LineString","coordinates":[[-63.0105,-17.72816],[-63.01047,-17.72814]]},"properties":{"description":"RADIOS","styleUrl":"#line8","stroke-opacity":1,"stroke":"#000000","stroke-width":1,"name":"FONDO"}},
{"type":"Feature","geometry":{"type":"LineString","coordinates":[[-63.01047,-17.72814],[-63.01044,-17.72816]]},"properties":{"description":"RADIOS","styleUrl":"#line8","stroke-opacity":1,"stroke":"#000000","stroke-width":1,"name":"FONDO"}},
{"type":"Feature","geometry":{"type":"LineString","coordinates":[[-63.01001,-17.72844],[-63.00991,-17.72851]]},"properties":{"description":"RADIOS","styleUrl":"#line8","stroke-opacity":1,"stroke":"#000000","stroke-width":1,"name":"FONDO"}},
{"type":"Feature","geometry":{"type":"LineString","coordinates":[[-63.00991,-17.72851],[-63.01002,-17.72855]]},"properties":{"description":"RADIOS","styleUrl":"#line8","stroke-opacity":1,"stroke":"#000000","stroke-width":1,"name":"FONDO"}},
{"type":"Feature","geometry":{"type":"LineString","coordinates":[[-63.00899,-17.72839],[-63.00905,-17.7283]]},"properties":{"description":"RADIOS","styleUrl":"#line8","stroke-opacity":1,"stroke":"#000000","stroke-width":1,"name":"FONDO"}},
{"type":"Feature","geometry":{"type":"LineString","coordinates":[[-63.00905,-17.7283],[-63.00916,-17.72834]]},"properties":{"description":"RADIOS","styleUrl":"#line8","stroke-opacity":1,"stroke":"#000000","stroke-width":1,"name":"FONDO"}},
{"type":"Feature","geometry":{"type":"LineString","coordinates":[[-63.0098,-17.72844],[-63.00977,-17.72845]]},"properties":{"description":"RADIOS","styleUrl":"#line8","stroke-opacity":1,"stroke":"#000000","stroke-width":1,"name":"FONDO"}},
{"type":"Feature","geometry":{"type":"LineString","coordinates":[[-63.00977,-17.72845],[-63.00974,-17.72844]]},"properties":{"description":"RADIOS","styleUrl":"#line8","stroke-opacity":1,"stroke":"#000000","stroke-width":1,"name":"FONDO"}},
{"type":"Feature","geometry":{"type":"LineString","coordinates":[[-63.01256,-17.72602],[-63.01248,-17.72598]]},"properties":{"description":"RADIOS","styleUrl":"#line8","stroke-opacity":1,"stroke":"#000000","stroke-width":1,"name":"FONDO"}},
{"type":"Feature","geometry":{"type":"LineString","coordinates":[[-63.01248,-17.72598],[-63.0124,-17.72603]]},"properties":{"description":"RADIOS","styleUrl":"#line8","stroke-opacity":1,"stroke":"#000000","stroke-width":1,"name":"FONDO"}},
{"type":"Feature","geometry":{"type":"LineString","coordinates":[[-63.01081,-17.72987],[-63.0108,-17.72979]]},"properties":{"description":"RADIOS","styleUrl":"#line8","stroke-opacity":1,"stroke":"#000000","stroke-width":1,"name":"FONDO"}},
{"type":"Feature","geometry":{"type":"LineString","coordinates":[[-63.0108,-17.72979],[-63.01089,-17.72979]]},"properties":{"description":"RADIOS","styleUrl":"#line8","stroke-opacity":1,"stroke":"#000000","stroke-width":1,"name":"FONDO"}},
{"type":"Feature","geometry":{"type":"LineString","coordinates":[[-63.01059,-17.72981],[-63.01068,-17.7298]]},"properties":{"description":"RADIOS","styleUrl":"#line8","stroke-opacity":1,"stroke":"#000000","stroke-width":1,"name":"FONDO"}},
{"type":"Feature","geometry":{"type":"LineString","coordinates":[[-63.01068,-17.7298],[-63.01068,-17.72988]]},"properties":{"description":"RADIOS","styleUrl":"#line8","stroke-opacity":1,"stroke":"#000000","stroke-width":1,"name":"FONDO"}},
{"type":"Feature","geometry":{"type":"LineString","coordinates":[[-63.01107,-17.7291],[-63.01106,-17.72909]]},"properties":{"description":"RADIOS","styleUrl":"#line8","stroke-opacity":1,"stroke":"#000000","stroke-width":1,"name":"FONDO"}},
{"type":"Feature","geometry":{"type":"LineString","coordinates":[[-63.01106,-17.72909],[-63.01105,-17.72909]]},"properties":{"description":"RADIOS","styleUrl":"#line8","stroke-opacity":1,"stroke":"#000000","stroke-width":1,"name":"FONDO"}},
{"type":"Feature","geometry":{"type":"LineString","coordinates":[[-63.01475,-17.72705],[-63.01486,-17.72691]]},"properties":{"description":"RADIOS","styleUrl":"#line8","stroke-opacity":1,"stroke":"#000000","stroke-width":1,"name":"FONDO"}},
{"type":"Feature","geometry":{"type":"LineString","coordinates":[[-63.01486,-17.72691],[-63.01469,-17.72684]]},"properties":{"description":"RADIOS","styleUrl":"#line8","stroke-opacity":1,"stroke":"#000000","stroke-width":1,"name":"FONDO"}},
{"type":"Feature","geometry":{"type":"LineString","coordinates":[[-63.01334,-17.72632],[-63.0133,-17.7263]]},"properties":{"description":"RADIOS","styleUrl":"#line8","stroke-opacity":1,"stroke":"#000000","stroke-width":1,"name":"FONDO"}},
{"type":"Feature","geometry":{"type":"LineString","coordinates":[[-63.0133,-17.7263],[-63.01326,-17.72633]]},"properties":{"description":"RADIOS","styleUrl":"#line8","stroke-opacity":1,"stroke":"#000000","stroke-width":1,"name":"FONDO"}},
{"type":"Feature","geometry":{"type":"LineString","coordinates":[[-63.01364,-17.72849],[-63.01361,-17.72854]]},"properties":{"description":"RADIOS","styleUrl":"#line8","stroke-opacity":1,"stroke":"#000000","stroke-width":1,"name":"FONDO"}},
{"type":"Feature","geometry":{"type":"LineString","coordinates":[[-63.01361,-17.72854],[-63.01354,-17.72852]]},"properties":{"description":"RADIOS","styleUrl":"#line8","stroke-opacity":1,"stroke":"#000000","stroke-width":1,"name":"FONDO"}},
{"type":"Feature","geometry":{"type":"LineString","coordinates":[[-63.01343,-17.7286],[-63.01353,-17.72864]]},"properties":{"description":"RADIOS","styleUrl":"#line8","stroke-opacity":1,"stroke":"#000000","stroke-width":1,"name":"FONDO"}},
{"type":"Feature","geometry":{"type":"LineString","coordinates":[[-63.01353,-17.72864],[-63.01347,-17.72872]]},"properties":{"description":"RADIOS","styleUrl":"#line8","stroke-opacity":1,"stroke":"#000000","stroke-width":1,"name":"FONDO"}},
{"type":"Feature","geometry":{"type":"LineString","coordinates":[[-63.01312,-17.72906],[-63.01319,-17.72909]]},"properties":{"description":"RADIOS","styleUrl":"#line8","stroke-opacity":1,"stroke":"#000000","stroke-width":1,"name":"FONDO"}},
{"type":"Feature","geometry":{"type":"LineString","coordinates":[[-63.01319,-17.72909],[-63.01322,-17.72904]]},"properties":{"description":"RADIOS","styleUrl":"#line8","stroke-opacity":1,"stroke":"#000000","stroke-width":1,"name":"FONDO"}},
{"type":"Feature","geometry":{"type":"LineString","coordinates":[[-63.01326,-17.72529],[-63.0132,-17.72527]]},"properties":{"description":"RADIOS","styleUrl":"#line8","stroke-opacity":1,"stroke":"#000000","stroke-width":1,"name":"FONDO"}},
{"type":"Feature","geometry":{"type":"LineString","coordinates":[[-63.0132,-17.72527],[-63.01317,-17.72532]]},"properties":{"description":"RADIOS","styleUrl":"#line8","stroke-opacity":1,"stroke":"#000000","stroke-width":1,"name":"FONDO"}},
{"type":"Feature","geometry":{"type":"LineString","coordinates":[[-63.0134,-17.72522],[-63.01329,-17.72518]]},"properties":{"description":"RADIOS","styleUrl":"#line8","stroke-opacity":1,"stroke":"#000000","stroke-width":1,"name":"FONDO"}},
{"type":"Feature","geometry":{"type":"LineString","coordinates":[[-63.01329,-17.72518],[-63.01336,-17.72509]]},"properties":{"description":"RADIOS","styleUrl":"#line8","stroke-opacity":1,"stroke":"#000000","stroke-width":1,"name":"FONDO"}},
{"type":"Feature","geometry":{"type":"LineString","coordinates":[[-63.01974,-17.71972],[-63.01968,-17.7197]]},"properties":{"description":"RADIOS","styleUrl":"#line8","stroke-opacity":1,"stroke":"#000000","stroke-width":1,"name":"FONDO"}},
{"type":"Feature","geometry":{"type":"LineString","coordinates":[[-63.01968,-17.7197],[-63.01964,-17.71975]]},"properties":{"description":"RADIOS","styleUrl":"#line8","stroke-opacity":1,"stroke":"#000000","stroke-width":1,"name":"FONDO"}},
{"type":"Feature","geometry":{"type":"LineString","coordinates":[[-63.01944,-17.71961],[-63.01953,-17.71964]]},"properties":{"description":"RADIOS","styleUrl":"#line8","stroke-opacity":1,"stroke":"#000000","stroke-width":1,"name":"FONDO"}},
{"type":"Feature","geometry":{"type":"LineString","coordinates":[[-63.01953,-17.71964],[-63.01948,-17.71973]]},"properties":{"description":"RADIOS","styleUrl":"#line8","stroke-opacity":1,"stroke":"#000000","stroke-width":1,"name":"FONDO"}},
{"type":"Feature","geometry":{"type":"LineString","coordinates":[[-63.01497,-17.72656],[-63.01508,-17.7266]]},"properties":{"description":"RADIOS","styleUrl":"#line8","stroke-opacity":1,"stroke":"#000000","stroke-width":1,"name":"FONDO"}},
{"type":"Feature","geometry":{"type":"LineString","coordinates":[[-63.01508,-17.7266],[-63.01514,-17.72651]]},"properties":{"description":"RADIOS","styleUrl":"#line8","stroke-opacity":1,"stroke":"#000000","stroke-width":1,"name":"FONDO"}},
{"type":"Feature","geometry":{"type":"LineString","coordinates":[[-63.01555,-17.72615],[-63.01558,-17.72609]]},"properties":{"description":"RADIOS","styleUrl":"#line8","stroke-opacity":1,"stroke":"#000000","stroke-width":1,"name":"FONDO"}},
{"type":"Feature","geometry":{"type":"LineString","coordinates":[[-63.01558,-17.72609],[-63.01565,-17.72612]]},"properties":{"description":"RADIOS","styleUrl":"#line8","stroke-opacity":1,"stroke":"#000000","stroke-width":1,"name":"FONDO"}},
{"type":"Feature","geometry":{"type":"LineString","coordinates":[[-63.01538,-17.72613],[-63.01544,-17.72604]]},"properties":{"description":"RADIOS","styleUrl":"#line8","stroke-opacity":1,"stroke":"#000000","stroke-width":1,"name":"FONDO"}},
{"type":"Feature","geometry":{"type":"LineString","coordinates":[[-63.01544,-17.72604],[-63.01534,-17.72601]]},"properties":{"description":"RADIOS","styleUrl":"#line8","stroke-opacity":1,"stroke":"#000000","stroke-width":1,"name":"FONDO"}},
{"type":"Feature","geometry":{"type":"LineString","coordinates":[[-63.0157,-17.72591],[-63.01565,-17.72599]]},"properties":{"description":"RADIOS","styleUrl":"#line8","stroke-opacity":1,"stroke":"#000000","stroke-width":1,"name":"FONDO"}},
{"type":"Feature","geometry":{"type":"LineString","coordinates":[[-63.01565,-17.72599],[-63.01575,-17.72603]]},"properties":{"description":"RADIOS","styleUrl":"#line8","stroke-opacity":1,"stroke":"#000000","stroke-width":1,"name":"FONDO"}},
{"type":"Feature","geometry":{"type":"LineString","coordinates":[[-63.01554,-17.72589],[-63.0155,-17.72594]]},"properties":{"description":"RADIOS","styleUrl":"#line8","stroke-opacity":1,"stroke":"#000000","stroke-width":1,"name":"FONDO"}},
{"type":"Feature","geometry":{"type":"LineString","coordinates":[[-63.0155,-17.72594],[-63.01544,-17.72592]]},"properties":{"description":"RADIOS","styleUrl":"#line8","stroke-opacity":1,"stroke":"#000000","stroke-width":1,"name":"FONDO"}},
{"type":"Feature","geometry":{"type":"LineString","coordinates":[[-63.01728,-17.7273],[-63.01724,-17.72736]]},"properties":{"description":"RADIOS","styleUrl":"#line8","stroke-opacity":1,"stroke":"#000000","stroke-width":1,"name":"FONDO"}},
{"type":"Feature","geometry":{"type":"LineString","coordinates":[[-63.01724,-17.72736],[-63.01718,-17.72733]]},"properties":{"description":"RADIOS","styleUrl":"#line8","stroke-opacity":1,"stroke":"#000000","stroke-width":1,"name":"FONDO"}},
{"type":"Feature","geometry":{"type":"LineString","coordinates":[[-63.01759,-17.72687],[-63.01763,-17.7268]]},"properties":{"description":"RADIOS","styleUrl":"#line8","stroke-opacity":1,"stroke":"#000000","stroke-width":1,"name":"FONDO"}},
{"type":"Feature","geometry":{"type":"LineString","coordinates":[[-63.01763,-17.7268],[-63.01755,-17.72677]]},"properties":{"description":"RADIOS","styleUrl":"#line8","stroke-opacity":1,"stroke":"#000000","stroke-width":1,"name":"FONDO"}},
{"type":"Feature","geometry":{"type":"LineString","coordinates":[[-63.01765,-17.72668],[-63.01771,-17.7267]]},"properties":{"description":"RADIOS","styleUrl":"#line8","stroke-opacity":1,"stroke":"#000000","stroke-width":1,"name":"FONDO"}},
{"type":"Feature","geometry":{"type":"LineString","coordinates":[[-63.01771,-17.7267],[-63.01773,-17.72666]]},"properties":{"description":"RADIOS","styleUrl":"#line8","stroke-opacity":1,"stroke":"#000000","stroke-width":1,"name":"FONDO"}},
{"type":"Feature","geometry":{"type":"LineString","coordinates":[[-63.01245,-17.72948],[-63.01242,-17.7295]]},"properties":{"description":"RADIOS","styleUrl":"#line8","stroke-opacity":1,"stroke":"#000000","stroke-width":1,"name":"FONDO"}},
{"type":"Feature","geometry":{"type":"LineString","coordinates":[[-63.01242,-17.7295],[-63.01238,-17.72948]]},"properties":{"description":"RADIOS","styleUrl":"#line8","stroke-opacity":1,"stroke":"#000000","stroke-width":1,"name":"FONDO"}},
{"type":"Feature","geometry":{"type":"LineString","coordinates":[[-63.01932,-17.71998],[-63.01928,-17.72003]]},"properties":{"description":"RADIOS","styleUrl":"#line8","stroke-opacity":1,"stroke":"#000000","stroke-width":1,"name":"FONDO"}},
{"type":"Feature","geometry":{"type":"LineString","coordinates":[[-63.01928,-17.72003],[-63.01922,-17.72001]]},"properties":{"description":"RADIOS","styleUrl":"#line8","stroke-opacity":1,"stroke":"#000000","stroke-width":1,"name":"FONDO"}},
{"type":"Feature","geometry":{"type":"LineString","coordinates":[[-63.01131,-17.72686],[-63.01123,-17.7268]]},"properties":{"description":"RADIOS","styleUrl":"#line8","stroke-opacity":1,"stroke":"#000000","stroke-width":1,"name":"FONDO"}},
{"type":"Feature","geometry":{"type":"LineString","coordinates":[[-63.01123,-17.7268],[-63.01114,-17.72685]]},"properties":{"description":"RADIOS","styleUrl":"#line8","stroke-opacity":1,"stroke":"#000000","stroke-width":1,"name":"FONDO"}},
{"type":"Feature","geometry":{"type":"LineString","coordinates":[[-63.01165,-17.72723],[-63.01172,-17.72718]]},"properties":{"description":"RADIOS","styleUrl":"#line8","stroke-opacity":1,"stroke":"#000000","stroke-width":1,"name":"FONDO"}},
{"type":"Feature","geometry":{"type":"LineString","coordinates":[[-63.01172,-17.72718],[-63.01165,-17.72713]]},"properties":{"description":"RADIOS","styleUrl":"#line8","stroke-opacity":1,"stroke":"#000000","stroke-width":1,"name":"FONDO"}},
{"type":"Feature","geometry":{"type":"LineString","coordinates":[[-63.01179,-17.72709],[-63.01183,-17.72712]]},"properties":{"description":"RADIOS","styleUrl":"#line8","stroke-opacity":1,"stroke":"#000000","stroke-width":1,"name":"FONDO"}},
{"type":"Feature","geometry":{"type":"LineString","coordinates":[[-63.01183,-17.72712],[-63.01187,-17.72709]]},"properties":{"description":"RADIOS","styleUrl":"#line8","stroke-opacity":1,"stroke":"#000000","stroke-width":1,"name":"FONDO"}},
{"type":"Feature","geometry":{"type":"LineString","coordinates":[[-63.01207,-17.72722],[-63.01195,-17.72718]]},"properties":{"description":"RADIOS","styleUrl":"#line8","stroke-opacity":1,"stroke":"#000000","stroke-width":1,"name":"FONDO"}},
{"type":"Feature","geometry":{"type":"LineString","coordinates":[[-63.01195,-17.72718],[-63.01206,-17.72711]]},"properties":{"description":"RADIOS","styleUrl":"#line8","stroke-opacity":1,"stroke":"#000000","stroke-width":1,"name":"FONDO"}},
{"type":"Feature","geometry":{"type":"LineString","coordinates":[[-63.01249,-17.72683],[-63.01252,-17.72681]]},"properties":{"description":"RADIOS","styleUrl":"#line8","stroke-opacity":1,"stroke":"#000000","stroke-width":1,"name":"FONDO"}},
{"type":"Feature","geometry":{"type":"LineString","coordinates":[[-63.01252,-17.72681],[-63.01255,-17.72682]]},"properties":{"description":"RADIOS","styleUrl":"#line8","stroke-opacity":1,"stroke":"#000000","stroke-width":1,"name":"FONDO"}},
{"type":"Feature","geometry":{"type":"LineString","coordinates":[[-63.01275,-17.72678],[-63.01264,-17.72673]]},"properties":{"description":"RADIOS","styleUrl":"#line8","stroke-opacity":1,"stroke":"#000000","stroke-width":1,"name":"FONDO"}},
{"type":"Feature","geometry":{"type":"LineString","coordinates":[[-63.01264,-17.72673],[-63.01274,-17.72667]]},"properties":{"description":"RADIOS","styleUrl":"#line8","stroke-opacity":1,"stroke":"#000000","stroke-width":1,"name":"FONDO"}},
{"type":"Feature","geometry":{"type":"LineString","coordinates":[[-63.01448,-17.72739],[-63.01445,-17.72745]]},"properties":{"description":"RADIOS","styleUrl":"#line8","stroke-opacity":1,"stroke":"#000000","stroke-width":1,"name":"FONDO"}},
{"type":"Feature","geometry":{"type":"LineString","coordinates":[[-63.01445,-17.72745],[-63.01438,-17.72742]]},"properties":{"description":"RADIOS","styleUrl":"#line8","stroke-opacity":1,"stroke":"#000000","stroke-width":1,"name":"FONDO"}},
{"type":"Feature","geometry":{"type":"LineString","coordinates":[[-63.01431,-17.72763],[-63.01437,-17.72754]]},"properties":{"description":"RADIOS","styleUrl":"#line8","stroke-opacity":1,"stroke":"#000000","stroke-width":1,"name":"FONDO"}},
{"type":"Feature","geometry":{"type":"LineString","coordinates":[[-63.01437,-17.72754],[-63.01427,-17.7275]]},"properties":{"description":"RADIOS","styleUrl":"#line8","stroke-opacity":1,"stroke":"#000000","stroke-width":1,"name":"FONDO"}},
{"type":"Feature","geometry":{"type":"LineString","coordinates":[[-63.01396,-17.72797],[-63.01403,-17.72799]]},"properties":{"description":"RADIOS","styleUrl":"#line8","stroke-opacity":1,"stroke":"#000000","stroke-width":1,"name":"FONDO"}},
{"type":"Feature","geometry":{"type":"LineString","coordinates":[[-63.01403,-17.72799],[-63.01406,-17.72794]]},"properties":{"description":"RADIOS","styleUrl":"#line8","stroke-opacity":1,"stroke":"#000000","stroke-width":1,"name":"FONDO"}},
{"type":"Feature","geometry":{"type":"LineString","coordinates":[[-63.01389,-17.72817],[-63.01395,-17.72809]]},"properties":{"description":"RADIOS","styleUrl":"#line8","stroke-opacity":1,"stroke":"#000000","stroke-width":1,"name":"FONDO"}},
{"type":"Feature","geometry":{"type":"LineString","coordinates":[[-63.01395,-17.72809],[-63.01385,-17.72805]]},"properties":{"description":"RADIOS","styleUrl":"#line8","stroke-opacity":1,"stroke":"#000000","stroke-width":1,"name":"FONDO"}},
{"type":"Feature","geometry":{"type":"LineString","coordinates":[[-63.0118,-17.72727],[-63.01183,-17.72725]]},"properties":{"description":"RADIOS","styleUrl":"#line8","stroke-opacity":1,"stroke":"#000000","stroke-width":1,"name":"FONDO"}},
{"type":"Feature","geometry":{"type":"LineString","coordinates":[[-63.01183,-17.72725],[-63.01187,-17.72727]]},"properties":{"description":"RADIOS","styleUrl":"#line8","stroke-opacity":1,"stroke":"#000000","stroke-width":1,"name":"FONDO"}},
{"type":"Feature","geometry":{"type":"LineString","coordinates":[[-63.01469,-17.72856],[-63.01473,-17.7285]]},"properties":{"description":"RADIOS","styleUrl":"#line8","stroke-opacity":1,"stroke":"#000000","stroke-width":1,"name":"FONDO"}},
{"type":"Feature","geometry":{"type":"LineString","coordinates":[[-63.01473,-17.7285],[-63.01467,-17.72847]]},"properties":{"description":"RADIOS","styleUrl":"#line8","stroke-opacity":1,"stroke":"#000000","stroke-width":1,"name":"FONDO"}},
{"type":"Feature","geometry":{"type":"LineString","coordinates":[[-63.01484,-17.72836],[-63.01481,-17.72841]]},"properties":{"description":"RADIOS","styleUrl":"#line8","stroke-opacity":1,"stroke":"#000000","stroke-width":1,"name":"FONDO"}},
{"type":"Feature","geometry":{"type":"LineString","coordinates":[[-63.01481,-17.72841],[-63.01475,-17.72838]]},"properties":{"description":"RADIOS","styleUrl":"#line8","stroke-opacity":1,"stroke":"#000000","stroke-width":1,"name":"FONDO"}},
{"type":"Feature","geometry":{"type":"LineString","coordinates":[[-63.01496,-17.72841],[-63.01491,-17.72847]]},"properties":{"description":"RADIOS","styleUrl":"#line8","stroke-opacity":1,"stroke":"#000000","stroke-width":1,"name":"FONDO"}},
{"type":"Feature","geometry":{"type":"LineString","coordinates":[[-63.01491,-17.72847],[-63.01498,-17.7285]]},"properties":{"description":"RADIOS","styleUrl":"#line8","stroke-opacity":1,"stroke":"#000000","stroke-width":1,"name":"FONDO"}},
{"type":"Feature","geometry":{"type":"LineString","coordinates":[[-63.01489,-17.72859],[-63.01484,-17.72856]]},"properties":{"description":"RADIOS","styleUrl":"#line8","stroke-opacity":1,"stroke":"#000000","stroke-width":1,"name":"FONDO"}},
{"type":"Feature","geometry":{"type":"LineString","coordinates":[[-63.01484,-17.72856],[-63.01481,-17.72861]]},"properties":{"description":"RADIOS","styleUrl":"#line8","stroke-opacity":1,"stroke":"#000000","stroke-width":1,"name":"FONDO"}},
{"type":"Feature","geometry":{"type":"LineString","coordinates":[[-63.01416,-17.72819],[-63.01409,-17.72815]]},"properties":{"description":"RADIOS","styleUrl":"#line8","stroke-opacity":1,"stroke":"#000000","stroke-width":1,"name":"FONDO"}},
{"type":"Feature","geometry":{"type":"LineString","coordinates":[[-63.01409,-17.72815],[-63.01404,-17.72821]]},"properties":{"description":"RADIOS","styleUrl":"#line8","stroke-opacity":1,"stroke":"#000000","stroke-width":1,"name":"FONDO"}},
{"type":"Feature","geometry":{"type":"LineString","coordinates":[[-63.01422,-17.72798],[-63.01416,-17.72806]]},"properties":{"description":"RADIOS","styleUrl":"#line8","stroke-opacity":1,"stroke":"#000000","stroke-width":1,"name":"FONDO"}},
{"type":"Feature","geometry":{"type":"LineString","coordinates":[[-63.01416,-17.72806],[-63.01425,-17.7281]]},"properties":{"description":"RADIOS","styleUrl":"#line8","stroke-opacity":1,"stroke":"#000000","stroke-width":1,"name":"FONDO"}},
{"type":"Feature","geometry":{"type":"LineString","coordinates":[[-63.01374,-17.72471],[-63.01369,-17.72469]]},"properties":{"description":"RADIOS","styleUrl":"#line8","stroke-opacity":1,"stroke":"#000000","stroke-width":1,"name":"FONDO"}},
{"type":"Feature","geometry":{"type":"LineString","coordinates":[[-63.01369,-17.72469],[-63.01365,-17.72474]]},"properties":{"description":"RADIOS","styleUrl":"#line8","stroke-opacity":1,"stroke":"#000000","stroke-width":1,"name":"FONDO"}},
{"type":"Feature","geometry":{"type":"LineString","coordinates":[[-63.01604,-17.7255],[-63.01597,-17.72548]]},"properties":{"description":"RADIOS","styleUrl":"#line8","stroke-opacity":1,"stroke":"#000000","stroke-width":1,"name":"FONDO"}},
{"type":"Feature","geometry":{"type":"LineString","coordinates":[[-63.01597,-17.72548],[-63.01594,-17.72554]]},"properties":{"description":"RADIOS","styleUrl":"#line8","stroke-opacity":1,"stroke":"#000000","stroke-width":1,"name":"FONDO"}},
{"type":"Feature","geometry":{"type":"LineString","coordinates":[[-63.01798,-17.72625],[-63.01802,-17.72619]]},"properties":{"description":"RADIOS","styleUrl":"#line8","stroke-opacity":1,"stroke":"#000000","stroke-width":1,"name":"FONDO"}},
{"type":"Feature","geometry":{"type":"LineString","coordinates":[[-63.01802,-17.72619],[-63.01795,-17.72616]]},"properties":{"description":"RADIOS","styleUrl":"#line8","stroke-opacity":1,"stroke":"#000000","stroke-width":1,"name":"FONDO"}},
{"type":"Feature","geometry":{"type":"LineString","coordinates":[[-63.01803,-17.72607],[-63.01809,-17.72608]]},"properties":{"description":"RADIOS","styleUrl":"#line8","stroke-opacity":1,"stroke":"#000000","stroke-width":1,"name":"FONDO"}},
{"type":"Feature","geometry":{"type":"LineString","coordinates":[[-63.01809,-17.72608],[-63.01811,-17.72604]]},"properties":{"description":"RADIOS","styleUrl":"#line8","stroke-opacity":1,"stroke":"#000000","stroke-width":1,"name":"FONDO"}},
{"type":"Feature","geometry":{"type":"LineString","coordinates":[[-63.01593,-17.72527],[-63.0159,-17.72533]]},"properties":{"description":"RADIOS","styleUrl":"#line8","stroke-opacity":1,"stroke":"#000000","stroke-width":1,"name":"FONDO"}},
{"type":"Feature","geometry":{"type":"LineString","coordinates":[[-63.0159,-17.72533],[-63.01583,-17.72531]]},"properties":{"description":"RADIOS","styleUrl":"#line8","stroke-opacity":1,"stroke":"#000000","stroke-width":1,"name":"FONDO"}},
{"type":"Feature","geometry":{"type":"LineString","coordinates":[[-63.01573,-17.7254],[-63.01583,-17.72543]]},"properties":{"description":"RADIOS","styleUrl":"#line8","stroke-opacity":1,"stroke":"#000000","stroke-width":1,"name":"FONDO"}},
{"type":"Feature","geometry":{"type":"LineString","coordinates":[[-63.01583,-17.72543],[-63.01578,-17.72552]]},"properties":{"description":"RADIOS","styleUrl":"#line8","stroke-opacity":1,"stroke":"#000000","stroke-width":1,"name":"FONDO"}},
{"type":"Feature","geometry":{"type":"LineString","coordinates":[[-63.01384,-17.72462],[-63.01374,-17.72459]]},"properties":{"description":"RADIOS","styleUrl":"#line8","stroke-opacity":1,"stroke":"#000000","stroke-width":1,"name":"FONDO"}},
{"type":"Feature","geometry":{"type":"LineString","coordinates":[[-63.01374,-17.72459],[-63.01379,-17.7245]]},"properties":{"description":"RADIOS","styleUrl":"#line8","stroke-opacity":1,"stroke":"#000000","stroke-width":1,"name":"FONDO"}},
{"type":"Feature","geometry":{"type":"LineString","coordinates":[[-63.01425,-17.72375],[-63.01429,-17.72369]]},"properties":{"description":"RADIOS","styleUrl":"#line8","stroke-opacity":1,"stroke":"#000000","stroke-width":1,"name":"FONDO"}},
{"type":"Feature","geometry":{"type":"LineString","coordinates":[[-63.01429,-17.72369],[-63.01436,-17.72372]]},"properties":{"description":"RADIOS","styleUrl":"#line8","stroke-opacity":1,"stroke":"#000000","stroke-width":1,"name":"FONDO"}},
{"type":"Feature","geometry":{"type":"LineString","coordinates":[[-63.01632,-17.72466],[-63.01637,-17.72458]]},"properties":{"description":"RADIOS","styleUrl":"#line8","stroke-opacity":1,"stroke":"#000000","stroke-width":1,"name":"FONDO"}},
{"type":"Feature","geometry":{"type":"LineString","coordinates":[[-63.01637,-17.72458],[-63.01629,-17.72454]]},"properties":{"description":"RADIOS","styleUrl":"#line8","stroke-opacity":1,"stroke":"#000000","stroke-width":1,"name":"FONDO"}},
{"type":"Feature","geometry":{"type":"LineString","coordinates":[[-63.01658,-17.72467],[-63.01651,-17.72464]]},"properties":{"description":"RADIOS","styleUrl":"#line8","stroke-opacity":1,"stroke":"#000000","stroke-width":1,"name":"FONDO"}},
{"type":"Feature","geometry":{"type":"LineString","coordinates":[[-63.01651,-17.72464],[-63.01647,-17.7247]]},"properties":{"description":"RADIOS","styleUrl":"#line8","stroke-opacity":1,"stroke":"#000000","stroke-width":1,"name":"FONDO"}},
{"type":"Feature","geometry":{"type":"LineString","coordinates":[[-63.01614,-17.72541],[-63.01604,-17.72538]]},"properties":{"description":"RADIOS","styleUrl":"#line8","stroke-opacity":1,"stroke":"#000000","stroke-width":1,"name":"FONDO"}},
{"type":"Feature","geometry":{"type":"LineString","coordinates":[[-63.01604,-17.72538],[-63.01609,-17.72529]]},"properties":{"description":"RADIOS","styleUrl":"#line8","stroke-opacity":1,"stroke":"#000000","stroke-width":1,"name":"FONDO"}},
{"type":"Feature","geometry":{"type":"LineString","coordinates":[[-63.01839,-17.72544],[-63.01846,-17.72547]]},"properties":{"description":"RADIOS","styleUrl":"#line8","stroke-opacity":1,"stroke":"#000000","stroke-width":1,"name":"FONDO"}},
{"type":"Feature","geometry":{"type":"LineString","coordinates":[[-63.01846,-17.72547],[-63.01842,-17.72553]]},"properties":{"description":"RADIOS","styleUrl":"#line8","stroke-opacity":1,"stroke":"#000000","stroke-width":1,"name":"FONDO"}},
{"type":"Feature","geometry":{"type":"LineString","coordinates":[[-63.0151,-17.727],[-63.015,-17.72696]]},"properties":{"description":"RADIOS","styleUrl":"#line8","stroke-opacity":1,"stroke":"#000000","stroke-width":1,"name":"FONDO"}},
{"type":"Feature","geometry":{"type":"LineString","coordinates":[[-63.015,-17.72696],[-63.01494,-17.72705]]},"properties":{"description":"RADIOS","styleUrl":"#line8","stroke-opacity":1,"stroke":"#000000","stroke-width":1,"name":"FONDO"}},
{"type":"Feature","geometry":{"type":"LineString","coordinates":[[-63.01544,-17.72869],[-63.01541,-17.72873]]},"properties":{"description":"RADIOS","styleUrl":"#line8","stroke-opacity":1,"stroke":"#000000","stroke-width":1,"name":"FONDO"}},
{"type":"Feature","geometry":{"type":"LineString","coordinates":[[-63.01541,-17.72873],[-63.01536,-17.72871]]},"properties":{"description":"RADIOS","styleUrl":"#line8","stroke-opacity":1,"stroke":"#000000","stroke-width":1,"name":"FONDO"}},
{"type":"Feature","geometry":{"type":"LineString","coordinates":[[-63.01529,-17.72889],[-63.01534,-17.72883]]},"properties":{"description":"RADIOS","styleUrl":"#line8","stroke-opacity":1,"stroke":"#000000","stroke-width":1,"name":"FONDO"}},
{"type":"Feature","geometry":{"type":"LineString","coordinates":[[-63.01534,-17.72883],[-63.01527,-17.7288]]},"properties":{"description":"RADIOS","styleUrl":"#line8","stroke-opacity":1,"stroke":"#000000","stroke-width":1,"name":"FONDO"}},
{"type":"Feature","geometry":{"type":"LineString","coordinates":[[-63.0155,-17.72892],[-63.01544,-17.72889]]},"properties":{"description":"RADIOS","styleUrl":"#line8","stroke-opacity":1,"stroke":"#000000","stroke-width":1,"name":"FONDO"}},
{"type":"Feature","geometry":{"type":"LineString","coordinates":[[-63.01544,-17.72889],[-63.01541,-17.72893]]},"properties":{"description":"RADIOS","styleUrl":"#line8","stroke-opacity":1,"stroke":"#000000","stroke-width":1,"name":"FONDO"}},
{"type":"Feature","geometry":{"type":"LineString","coordinates":[[-63.01558,-17.72883],[-63.01552,-17.72879]]},"properties":{"description":"RADIOS","styleUrl":"#line8","stroke-opacity":1,"stroke":"#000000","stroke-width":1,"name":"FONDO"}},
{"type":"Feature","geometry":{"type":"LineString","coordinates":[[-63.01552,-17.72879],[-63.01556,-17.72873]]},"properties":{"description":"RADIOS","styleUrl":"#line8","stroke-opacity":1,"stroke":"#000000","stroke-width":1,"name":"FONDO"}},
{"type":"Feature","geometry":{"type":"LineString","coordinates":[[-63.01583,-17.72918],[-63.01587,-17.72912]]},"properties":{"description":"RADIOS","styleUrl":"#line8","stroke-opacity":1,"stroke":"#000000","stroke-width":1,"name":"FONDO"}},
{"type":"Feature","geometry":{"type":"LineString","coordinates":[[-63.01587,-17.72912],[-63.01581,-17.72909]]},"properties":{"description":"RADIOS","styleUrl":"#line8","stroke-opacity":1,"stroke":"#000000","stroke-width":1,"name":"FONDO"}},
{"type":"Feature","geometry":{"type":"LineString","coordinates":[[-63.01598,-17.72898],[-63.01595,-17.72903]]},"properties":{"description":"RADIOS","styleUrl":"#line8","stroke-opacity":1,"stroke":"#000000","stroke-width":1,"name":"FONDO"}},
{"type":"Feature","geometry":{"type":"LineString","coordinates":[[-63.01595,-17.72903],[-63.01589,-17.729]]},"properties":{"description":"RADIOS","styleUrl":"#line8","stroke-opacity":1,"stroke":"#000000","stroke-width":1,"name":"FONDO"}},
{"type":"Feature","geometry":{"type":"LineString","coordinates":[[-63.01661,-17.72751],[-63.01651,-17.72748]]},"properties":{"description":"RADIOS","styleUrl":"#line8","stroke-opacity":1,"stroke":"#000000","stroke-width":1,"name":"FONDO"}},
{"type":"Feature","geometry":{"type":"LineString","coordinates":[[-63.01651,-17.72748],[-63.01645,-17.72756]]},"properties":{"description":"RADIOS","styleUrl":"#line8","stroke-opacity":1,"stroke":"#000000","stroke-width":1,"name":"FONDO"}},
{"type":"Feature","geometry":{"type":"LineString","coordinates":[[-63.01593,-17.72729],[-63.01583,-17.72725]]},"properties":{"description":"RADIOS","styleUrl":"#line8","stroke-opacity":1,"stroke":"#000000","stroke-width":1,"name":"FONDO"}},
{"type":"Feature","geometry":{"type":"LineString","coordinates":[[-63.01583,-17.72725],[-63.01577,-17.72734]]},"properties":{"description":"RADIOS","styleUrl":"#line8","stroke-opacity":1,"stroke":"#000000","stroke-width":1,"name":"FONDO"}},
{"type":"Feature","geometry":{"type":"LineString","coordinates":[[-63.02098,-17.72185],[-63.02095,-17.72188]]},"properties":{"description":"RADIOS","styleUrl":"#line8","stroke-opacity":1,"stroke":"#000000","stroke-width":1,"name":"FONDO"}},
{"type":"Feature","geometry":{"type":"LineString","coordinates":[[-63.02095,-17.72188],[-63.0209,-17.72187]]},"properties":{"description":"RADIOS","styleUrl":"#line8","stroke-opacity":1,"stroke":"#000000","stroke-width":1,"name":"FONDO"}},
{"type":"Feature","geometry":{"type":"LineString","coordinates":[[-63.02121,-17.72159],[-63.02128,-17.72152]]},"properties":{"description":"RADIOS","styleUrl":"#line8","stroke-opacity":1,"stroke":"#000000","stroke-width":1,"name":"FONDO"}},
{"type":"Feature","geometry":{"type":"LineString","coordinates":[[-63.02128,-17.72152],[-63.02119,-17.72149]]},"properties":{"description":"RADIOS","styleUrl":"#line8","stroke-opacity":1,"stroke":"#000000","stroke-width":1,"name":"FONDO"}},
{"type":"Feature","geometry":{"type":"LineString","coordinates":[[-63.01911,-17.72071],[-63.01904,-17.72068]]},"properties":{"description":"RADIOS","styleUrl":"#line8","stroke-opacity":1,"stroke":"#000000","stroke-width":1,"name":"FONDO"}},
{"type":"Feature","geometry":{"type":"LineString","coordinates":[[-63.01904,-17.72068],[-63.01901,-17.72074]]},"properties":{"description":"RADIOS","styleUrl":"#line8","stroke-opacity":1,"stroke":"#000000","stroke-width":1,"name":"FONDO"}},
{"type":"Feature","geometry":{"type":"LineString","coordinates":[[-63.01889,-17.72111],[-63.01879,-17.72107]]},"properties":{"description":"RADIOS","styleUrl":"#line8","stroke-opacity":1,"stroke":"#000000","stroke-width":1,"name":"FONDO"}},
{"type":"Feature","geometry":{"type":"LineString","coordinates":[[-63.01879,-17.72107],[-63.01885,-17.72099]]},"properties":{"description":"RADIOS","styleUrl":"#line8","stroke-opacity":1,"stroke":"#000000","stroke-width":1,"name":"FONDO"}},
{"type":"Feature","geometry":{"type":"LineString","coordinates":[[-63.01694,-17.7241],[-63.01688,-17.72407]]},"properties":{"description":"RADIOS","styleUrl":"#line8","stroke-opacity":1,"stroke":"#000000","stroke-width":1,"name":"FONDO"}},
{"type":"Feature","geometry":{"type":"LineString","coordinates":[[-63.01688,-17.72407],[-63.01684,-17.72413]]},"properties":{"description":"RADIOS","styleUrl":"#line8","stroke-opacity":1,"stroke":"#000000","stroke-width":1,"name":"FONDO"}},
{"type":"Feature","geometry":{"type":"LineString","coordinates":[[-63.01667,-17.72458],[-63.01658,-17.72454]]},"properties":{"description":"RADIOS","styleUrl":"#line8","stroke-opacity":1,"stroke":"#000000","stroke-width":1,"name":"FONDO"}},
{"type":"Feature","geometry":{"type":"LineString","coordinates":[[-63.01658,-17.72454],[-63.01663,-17.72446]]},"properties":{"description":"RADIOS","styleUrl":"#line8","stroke-opacity":1,"stroke":"#000000","stroke-width":1,"name":"FONDO"}},
{"type":"Feature","geometry":{"type":"LineString","coordinates":[[-63.01875,-17.72487],[-63.01881,-17.7249]]},"properties":{"description":"RADIOS","styleUrl":"#line8","stroke-opacity":1,"stroke":"#000000","stroke-width":1,"name":"FONDO"}},
{"type":"Feature","geometry":{"type":"LineString","coordinates":[[-63.01881,-17.7249],[-63.01878,-17.72496]]},"properties":{"description":"RADIOS","styleUrl":"#line8","stroke-opacity":1,"stroke":"#000000","stroke-width":1,"name":"FONDO"}},
{"type":"Feature","geometry":{"type":"LineString","coordinates":[[-63.01847,-17.72535],[-63.01852,-17.72537]]},"properties":{"description":"RADIOS","styleUrl":"#line8","stroke-opacity":1,"stroke":"#000000","stroke-width":1,"name":"FONDO"}},
{"type":"Feature","geometry":{"type":"LineString","coordinates":[[-63.01852,-17.72537],[-63.01855,-17.72532]]},"properties":{"description":"RADIOS","styleUrl":"#line8","stroke-opacity":1,"stroke":"#000000","stroke-width":1,"name":"FONDO"}},
{"type":"Feature","geometry":{"type":"LineString","coordinates":[[-63.01881,-17.72477],[-63.01887,-17.72479]]},"properties":{"description":"RADIOS","styleUrl":"#line8","stroke-opacity":1,"stroke":"#000000","stroke-width":1,"name":"FONDO"}},
{"type":"Feature","geometry":{"type":"LineString","coordinates":[[-63.01887,-17.72479],[-63.0189,-17.72474]]},"properties":{"description":"RADIOS","styleUrl":"#line8","stroke-opacity":1,"stroke":"#000000","stroke-width":1,"name":"FONDO"}},
{"type":"Feature","geometry":{"type":"LineString","coordinates":[[-63.01906,-17.72428],[-63.01913,-17.72431]]},"properties":{"description":"RADIOS","styleUrl":"#line8","stroke-opacity":1,"stroke":"#000000","stroke-width":1,"name":"FONDO"}},
{"type":"Feature","geometry":{"type":"LineString","coordinates":[[-63.01913,-17.72431],[-63.0191,-17.72437]]},"properties":{"description":"RADIOS","styleUrl":"#line8","stroke-opacity":1,"stroke":"#000000","stroke-width":1,"name":"FONDO"}},
{"type":"Feature","geometry":{"type":"LineString","coordinates":[[-63.01731,-17.72353],[-63.01724,-17.7235]]},"properties":{"description":"RADIOS","styleUrl":"#line8","stroke-opacity":1,"stroke":"#000000","stroke-width":1,"name":"FONDO"}},
{"type":"Feature","geometry":{"type":"LineString","coordinates":[[-63.01724,-17.7235],[-63.0172,-17.72357]]},"properties":{"description":"RADIOS","styleUrl":"#line8","stroke-opacity":1,"stroke":"#000000","stroke-width":1,"name":"FONDO"}},
{"type":"Feature","geometry":{"type":"LineString","coordinates":[[-63.01699,-17.72389],[-63.01694,-17.72397]]},"properties":{"description":"RADIOS","styleUrl":"#line8","stroke-opacity":1,"stroke":"#000000","stroke-width":1,"name":"FONDO"}},
{"type":"Feature","geometry":{"type":"LineString","coordinates":[[-63.01694,-17.72397],[-63.01703,-17.72401]]},"properties":{"description":"RADIOS","styleUrl":"#line8","stroke-opacity":1,"stroke":"#000000","stroke-width":1,"name":"FONDO"}},
{"type":"Feature","geometry":{"type":"LineString","coordinates":[[-63.01921,-17.72415],[-63.01918,-17.72421]]},"properties":{"description":"RADIOS","styleUrl":"#line8","stroke-opacity":1,"stroke":"#000000","stroke-width":1,"name":"FONDO"}},
{"type":"Feature","geometry":{"type":"LineString","coordinates":[[-63.01918,-17.72421],[-63.01913,-17.72418]]},"properties":{"description":"RADIOS","styleUrl":"#line8","stroke-opacity":1,"stroke":"#000000","stroke-width":1,"name":"FONDO"}},
{"type":"Feature","geometry":{"type":"LineString","coordinates":[[-63.01941,-17.72377],[-63.01946,-17.7237]]},"properties":{"description":"RADIOS","styleUrl":"#line8","stroke-opacity":1,"stroke":"#000000","stroke-width":1,"name":"FONDO"}},
{"type":"Feature","geometry":{"type":"LineString","coordinates":[[-63.01946,-17.7237],[-63.01937,-17.72366]]},"properties":{"description":"RADIOS","styleUrl":"#line8","stroke-opacity":1,"stroke":"#000000","stroke-width":1,"name":"FONDO"}},
{"type":"Feature","geometry":{"type":"LineString","coordinates":[[-63.01771,-17.72295],[-63.01762,-17.72291]]},"properties":{"description":"RADIOS","styleUrl":"#line8","stroke-opacity":1,"stroke":"#000000","stroke-width":1,"name":"FONDO"}},
{"type":"Feature","geometry":{"type":"LineString","coordinates":[[-63.01762,-17.72291],[-63.01756,-17.723]]},"properties":{"description":"RADIOS","styleUrl":"#line8","stroke-opacity":1,"stroke":"#000000","stroke-width":1,"name":"FONDO"}},
{"type":"Feature","geometry":{"type":"LineString","coordinates":[[-63.01735,-17.72332],[-63.0173,-17.7234]]},"properties":{"description":"RADIOS","styleUrl":"#line8","stroke-opacity":1,"stroke":"#000000","stroke-width":1,"name":"FONDO"}},
{"type":"Feature","geometry":{"type":"LineString","coordinates":[[-63.0173,-17.7234],[-63.01739,-17.72344]]},"properties":{"description":"RADIOS","styleUrl":"#line8","stroke-opacity":1,"stroke":"#000000","stroke-width":1,"name":"FONDO"}},
{"type":"Feature","geometry":{"type":"LineString","coordinates":[[-63.01781,-17.72261],[-63.01774,-17.72272]]},"properties":{"description":"RADIOS","styleUrl":"#line8","stroke-opacity":1,"stroke":"#000000","stroke-width":1,"name":"FONDO"}},
{"type":"Feature","geometry":{"type":"LineString","coordinates":[[-63.01774,-17.72272],[-63.01786,-17.72277]]},"properties":{"description":"RADIOS","styleUrl":"#line8","stroke-opacity":1,"stroke":"#000000","stroke-width":1,"name":"FONDO"}},
{"type":"Feature","geometry":{"type":"LineString","coordinates":[[-63.01949,-17.72347],[-63.01957,-17.7235]]},"properties":{"description":"RADIOS","styleUrl":"#line8","stroke-opacity":1,"stroke":"#000000","stroke-width":1,"name":"FONDO"}},
{"type":"Feature","geometry":{"type":"LineString","coordinates":[[-63.01957,-17.7235],[-63.0196,-17.72343]]},"properties":{"description":"RADIOS","styleUrl":"#line8","stroke-opacity":1,"stroke":"#000000","stroke-width":1,"name":"FONDO"}},
{"type":"Feature","geometry":{"type":"LineString","coordinates":[[-63.01848,-17.72169],[-63.01841,-17.72167]]},"properties":{"description":"RADIOS","styleUrl":"#line8","stroke-opacity":1,"stroke":"#000000","stroke-width":1,"name":"FONDO"}},
{"type":"Feature","geometry":{"type":"LineString","coordinates":[[-63.01841,-17.72167],[-63.01838,-17.72173]]},"properties":{"description":"RADIOS","styleUrl":"#line8","stroke-opacity":1,"stroke":"#000000","stroke-width":1,"name":"FONDO"}},
{"type":"Feature","geometry":{"type":"LineString","coordinates":[[-63.02042,-17.72252],[-63.02048,-17.72245]]},"properties":{"description":"RADIOS","styleUrl":"#line8","stroke-opacity":1,"stroke":"#000000","stroke-width":1,"name":"FONDO"}},
{"type":"Feature","geometry":{"type":"LineString","coordinates":[[-63.02048,-17.72245],[-63.0204,-17.72242]]},"properties":{"description":"RADIOS","styleUrl":"#line8","stroke-opacity":1,"stroke":"#000000","stroke-width":1,"name":"FONDO"}},
{"type":"Feature","geometry":{"type":"LineString","coordinates":[[-63.02056,-17.72231],[-63.02053,-17.72234]]},"properties":{"description":"RADIOS","styleUrl":"#line8","stroke-opacity":1,"stroke":"#000000","stroke-width":1,"name":"FONDO"}},
{"type":"Feature","geometry":{"type":"LineString","coordinates":[[-63.02053,-17.72234],[-63.02049,-17.72232]]},"properties":{"description":"RADIOS","styleUrl":"#line8","stroke-opacity":1,"stroke":"#000000","stroke-width":1,"name":"FONDO"}},
{"type":"Feature","geometry":{"type":"LineString","coordinates":[[-63.01857,-17.7216],[-63.01848,-17.72157]]},"properties":{"description":"RADIOS","styleUrl":"#line8","stroke-opacity":1,"stroke":"#000000","stroke-width":1,"name":"FONDO"}},
{"type":"Feature","geometry":{"type":"LineString","coordinates":[[-63.01848,-17.72157],[-63.01853,-17.72148]]},"properties":{"description":"RADIOS","styleUrl":"#line8","stroke-opacity":1,"stroke":"#000000","stroke-width":1,"name":"FONDO"}},
{"type":"Feature","geometry":{"type":"LineString","coordinates":[[-63.0188,-17.7212],[-63.01873,-17.72118]]},"properties":{"description":"RADIOS","styleUrl":"#line8","stroke-opacity":1,"stroke":"#000000","stroke-width":1,"name":"FONDO"}},
{"type":"Feature","geometry":{"type":"LineString","coordinates":[[-63.01873,-17.72118],[-63.01869,-17.72123]]},"properties":{"description":"RADIOS","styleUrl":"#line8","stroke-opacity":1,"stroke":"#000000","stroke-width":1,"name":"FONDO"}},
{"type":"Feature","geometry":{"type":"LineString","coordinates":[[-63.0208,-17.72205],[-63.02086,-17.72198]]},"properties":{"description":"RADIOS","styleUrl":"#line8","stroke-opacity":1,"stroke":"#000000","stroke-width":1,"name":"FONDO"}},
{"type":"Feature","geometry":{"type":"LineString","coordinates":[[-63.02086,-17.72198],[-63.02077,-17.72195]]},"properties":{"description":"RADIOS","styleUrl":"#line8","stroke-opacity":1,"stroke":"#000000","stroke-width":1,"name":"FONDO"}},
{"type":"Feature","geometry":{"type":"LineString","coordinates":[[-63.02139,-17.7214],[-63.02136,-17.72143]]},"properties":{"description":"RADIOS","styleUrl":"#line8","stroke-opacity":1,"stroke":"#000000","stroke-width":1,"name":"FONDO"}},
{"type":"Feature","geometry":{"type":"LineString","coordinates":[[-63.02136,-17.72143],[-63.02132,-17.72141]]},"properties":{"description":"RADIOS","styleUrl":"#line8","stroke-opacity":1,"stroke":"#000000","stroke-width":1,"name":"FONDO"}},
{"type":"Feature","geometry":{"type":"LineString","coordinates":[[-63.02163,-17.72114],[-63.02169,-17.72107]]},"properties":{"description":"RADIOS","styleUrl":"#line8","stroke-opacity":1,"stroke":"#000000","stroke-width":1,"name":"FONDO"}},
{"type":"Feature","geometry":{"type":"LineString","coordinates":[[-63.02169,-17.72107],[-63.0216,-17.72104]]},"properties":{"description":"RADIOS","styleUrl":"#line8","stroke-opacity":1,"stroke":"#000000","stroke-width":1,"name":"FONDO"}},
{"type":"Feature","geometry":{"type":"LineString","coordinates":[[-63.02181,-17.72094],[-63.02178,-17.72097]]},"properties":{"description":"RADIOS","styleUrl":"#line8","stroke-opacity":1,"stroke":"#000000","stroke-width":1,"name":"FONDO"}},
{"type":"Feature","geometry":{"type":"LineString","coordinates":[[-63.02178,-17.72097],[-63.02173,-17.72096]]},"properties":{"description":"RADIOS","styleUrl":"#line8","stroke-opacity":1,"stroke":"#000000","stroke-width":1,"name":"FONDO"}},
{"type":"Feature","geometry":{"type":"LineString","coordinates":[[-63.02203,-17.7207],[-63.02211,-17.72061]]},"properties":{"description":"RADIOS","styleUrl":"#line8","stroke-opacity":1,"stroke":"#000000","stroke-width":1,"name":"FONDO"}},
{"type":"Feature","geometry":{"type":"LineString","coordinates":[[-63.02211,-17.72061],[-63.02199,-17.72057]]},"properties":{"description":"RADIOS","styleUrl":"#line8","stroke-opacity":1,"stroke":"#000000","stroke-width":1,"name":"FONDO"}},
{"type":"Feature","geometry":{"type":"LineString","coordinates":[[-63.01948,-17.72],[-63.01943,-17.72009]]},"properties":{"description":"RADIOS","styleUrl":"#line8","stroke-opacity":1,"stroke":"#000000","stroke-width":1,"name":"FONDO"}},
{"type":"Feature","geometry":{"type":"LineString","coordinates":[[-63.01943,-17.72009],[-63.01952,-17.72012]]},"properties":{"description":"RADIOS","styleUrl":"#line8","stroke-opacity":1,"stroke":"#000000","stroke-width":1,"name":"FONDO"}},
{"type":"Feature","geometry":{"type":"LineString","coordinates":[[-63.01943,-17.72021],[-63.01936,-17.72019]]},"properties":{"description":"RADIOS","styleUrl":"#line8","stroke-opacity":1,"stroke":"#000000","stroke-width":1,"name":"FONDO"}},
{"type":"Feature","geometry":{"type":"LineString","coordinates":[[-63.01936,-17.72019],[-63.01932,-17.72025]]},"properties":{"description":"RADIOS","styleUrl":"#line8","stroke-opacity":1,"stroke":"#000000","stroke-width":1,"name":"FONDO"}},
{"type":"Feature","geometry":{"type":"LineString","coordinates":[[-63.01916,-17.7205],[-63.01911,-17.72058]]},"properties":{"description":"RADIOS","styleUrl":"#line8","stroke-opacity":1,"stroke":"#000000","stroke-width":1,"name":"FONDO"}},
{"type":"Feature","geometry":{"type":"LineString","coordinates":[[-63.01911,-17.72058],[-63.0192,-17.72062]]},"properties":{"description":"RADIOS","styleUrl":"#line8","stroke-opacity":1,"stroke":"#000000","stroke-width":1,"name":"FONDO"}},
{"type":"Feature","geometry":{"type":"LineString","coordinates":[[-63.01916,-17.72022],[-63.01922,-17.72014]]},"properties":{"description":"RADIOS","styleUrl":"#line8","stroke-opacity":1,"stroke":"#000000","stroke-width":1,"name":"FONDO"}},
{"type":"Feature","geometry":{"type":"LineString","coordinates":[[-63.01922,-17.72014],[-63.01912,-17.7201]]},"properties":{"description":"RADIOS","styleUrl":"#line8","stroke-opacity":1,"stroke":"#000000","stroke-width":1,"name":"FONDO"}},
{"type":"Feature","geometry":{"type":"LineString","coordinates":[[-63.019,-17.72047],[-63.01897,-17.72053]]},"properties":{"description":"RADIOS","styleUrl":"#line8","stroke-opacity":1,"stroke":"#000000","stroke-width":1,"name":"FONDO"}},
{"type":"Feature","geometry":{"type":"LineString","coordinates":[[-63.01897,-17.72053],[-63.0189,-17.7205]]},"properties":{"description":"RADIOS","styleUrl":"#line8","stroke-opacity":1,"stroke":"#000000","stroke-width":1,"name":"FONDO"}},
{"type":"Feature","geometry":{"type":"LineString","coordinates":[[-63.01885,-17.72071],[-63.0189,-17.72063]]},"properties":{"description":"RADIOS","styleUrl":"#line8","stroke-opacity":1,"stroke":"#000000","stroke-width":1,"name":"FONDO"}},
{"type":"Feature","geometry":{"type":"LineString","coordinates":[[-63.0189,-17.72063],[-63.01881,-17.72059]]},"properties":{"description":"RADIOS","styleUrl":"#line8","stroke-opacity":1,"stroke":"#000000","stroke-width":1,"name":"FONDO"}},
{"type":"Feature","geometry":{"type":"LineString","coordinates":[[-63.01853,-17.7212],[-63.01859,-17.72112]]},"properties":{"description":"RADIOS","styleUrl":"#line8","stroke-opacity":1,"stroke":"#000000","stroke-width":1,"name":"FONDO"}},
{"type":"Feature","geometry":{"type":"LineString","coordinates":[[-63.01859,-17.72112],[-63.01849,-17.72109]]},"properties":{"description":"RADIOS","styleUrl":"#line8","stroke-opacity":1,"stroke":"#000000","stroke-width":1,"name":"FONDO"}},
{"type":"Feature","geometry":{"type":"LineString","coordinates":[[-63.01869,-17.72096],[-63.01865,-17.72102]]},"properties":{"description":"RADIOS","styleUrl":"#line8","stroke-opacity":1,"stroke":"#000000","stroke-width":1,"name":"FONDO"}},
{"type":"Feature","geometry":{"type":"LineString","coordinates":[[-63.01865,-17.72102],[-63.01859,-17.72099]]},"properties":{"description":"RADIOS","styleUrl":"#line8","stroke-opacity":1,"stroke":"#000000","stroke-width":1,"name":"FONDO"}},
{"type":"Feature","geometry":{"type":"LineString","coordinates":[[-63.01837,-17.72145],[-63.01834,-17.72151]]},"properties":{"description":"RADIOS","styleUrl":"#line8","stroke-opacity":1,"stroke":"#000000","stroke-width":1,"name":"FONDO"}},
{"type":"Feature","geometry":{"type":"LineString","coordinates":[[-63.01834,-17.72151],[-63.01827,-17.72149]]},"properties":{"description":"RADIOS","styleUrl":"#line8","stroke-opacity":1,"stroke":"#000000","stroke-width":1,"name":"FONDO"}},
{"type":"Feature","geometry":{"type":"LineString","coordinates":[[-63.01818,-17.72158],[-63.01827,-17.72161]]},"properties":{"description":"RADIOS","styleUrl":"#line8","stroke-opacity":1,"stroke":"#000000","stroke-width":1,"name":"FONDO"}},
{"type":"Feature","geometry":{"type":"LineString","coordinates":[[-63.01827,-17.72161],[-63.01822,-17.7217]]},"properties":{"description":"RADIOS","styleUrl":"#line8","stroke-opacity":1,"stroke":"#000000","stroke-width":1,"name":"FONDO"}},
{"type":"Feature","geometry":{"type":"LineString","coordinates":[[-63.01765,-17.72258],[-63.0176,-17.72266]]},"properties":{"description":"RADIOS","styleUrl":"#line8","stroke-opacity":1,"stroke":"#000000","stroke-width":1,"name":"FONDO"}},
{"type":"Feature","geometry":{"type":"LineString","coordinates":[[-63.0176,-17.72266],[-63.01751,-17.72262]]},"properties":{"description":"RADIOS","styleUrl":"#line8","stroke-opacity":1,"stroke":"#000000","stroke-width":1,"name":"FONDO"}},
{"type":"Feature","geometry":{"type":"LineString","coordinates":[[-63.01741,-17.72296],[-63.01748,-17.72285]]},"properties":{"description":"RADIOS","styleUrl":"#line8","stroke-opacity":1,"stroke":"#000000","stroke-width":1,"name":"FONDO"}},
{"type":"Feature","geometry":{"type":"LineString","coordinates":[[-63.01748,-17.72285],[-63.01736,-17.7228]]},"properties":{"description":"RADIOS","styleUrl":"#line8","stroke-opacity":1,"stroke":"#000000","stroke-width":1,"name":"FONDO"}},
{"type":"Feature","geometry":{"type":"LineString","coordinates":[[-63.0172,-17.72328],[-63.01716,-17.72334]]},"properties":{"description":"RADIOS","styleUrl":"#line8","stroke-opacity":1,"stroke":"#000000","stroke-width":1,"name":"FONDO"}},
{"type":"Feature","geometry":{"type":"LineString","coordinates":[[-63.01716,-17.72334],[-63.0171,-17.72332]]},"properties":{"description":"RADIOS","styleUrl":"#line8","stroke-opacity":1,"stroke":"#000000","stroke-width":1,"name":"FONDO"}},
{"type":"Feature","geometry":{"type":"LineString","coordinates":[[-63.01705,-17.72352],[-63.0171,-17.72345]]},"properties":{"description":"RADIOS","styleUrl":"#line8","stroke-opacity":1,"stroke":"#000000","stroke-width":1,"name":"FONDO"}},
{"type":"Feature","geometry":{"type":"LineString","coordinates":[[-63.0171,-17.72345],[-63.01701,-17.72341]]},"properties":{"description":"RADIOS","styleUrl":"#line8","stroke-opacity":1,"stroke":"#000000","stroke-width":1,"name":"FONDO"}},
{"type":"Feature","geometry":{"type":"LineString","coordinates":[[-63.01684,-17.72385],[-63.0168,-17.72391]]},"properties":{"description":"RADIOS","styleUrl":"#line8","stroke-opacity":1,"stroke":"#000000","stroke-width":1,"name":"FONDO"}},
{"type":"Feature","geometry":{"type":"LineString","coordinates":[[-63.0168,-17.72391],[-63.01673,-17.72388]]},"properties":{"description":"RADIOS","styleUrl":"#line8","stroke-opacity":1,"stroke":"#000000","stroke-width":1,"name":"FONDO"}},
{"type":"Feature","geometry":{"type":"LineString","coordinates":[[-63.01665,-17.72398],[-63.01674,-17.72401]]},"properties":{"description":"RADIOS","styleUrl":"#line8","stroke-opacity":1,"stroke":"#000000","stroke-width":1,"name":"FONDO"}},
{"type":"Feature","geometry":{"type":"LineString","coordinates":[[-63.01674,-17.72401],[-63.01669,-17.72409]]},"properties":{"description":"RADIOS","styleUrl":"#line8","stroke-opacity":1,"stroke":"#000000","stroke-width":1,"name":"FONDO"}},
{"type":"Feature","geometry":{"type":"LineString","coordinates":[[-63.01648,-17.72442],[-63.01644,-17.72448]]},"properties":{"description":"RADIOS","styleUrl":"#line8","stroke-opacity":1,"stroke":"#000000","stroke-width":1,"name":"FONDO"}},
{"type":"Feature","geometry":{"type":"LineString","coordinates":[[-63.01644,-17.72448],[-63.01637,-17.72445]]},"properties":{"description":"RADIOS","styleUrl":"#line8","stroke-opacity":1,"stroke":"#000000","stroke-width":1,"name":"FONDO"}},
{"type":"Feature","geometry":{"type":"LineString","coordinates":[[-63.01444,-17.72363],[-63.01435,-17.72359]]},"properties":{"description":"RADIOS","styleUrl":"#line8","stroke-opacity":1,"stroke":"#000000","stroke-width":1,"name":"FONDO"}},
{"type":"Feature","geometry":{"type":"LineString","coordinates":[[-63.01435,-17.72359],[-63.0144,-17.72351]]},"properties":{"description":"RADIOS","styleUrl":"#line8","stroke-opacity":1,"stroke":"#000000","stroke-width":1,"name":"FONDO"}},
{"type":"Feature","geometry":{"type":"LineString","coordinates":[[-63.01456,-17.72318],[-63.01458,-17.7231]]},"properties":{"description":"RADIOS","styleUrl":"#line8","stroke-opacity":1,"stroke":"#000000","stroke-width":1,"name":"FONDO"}},
{"type":"Feature","geometry":{"type":"LineString","coordinates":[[-63.01458,-17.7231],[-63.01467,-17.72313]]},"properties":{"description":"RADIOS","styleUrl":"#line8","stroke-opacity":1,"stroke":"#000000","stroke-width":1,"name":"FONDO"}},
{"type":"Feature","geometry":{"type":"LineString","coordinates":[[-63.01469,-17.72301],[-63.01462,-17.72298]]},"properties":{"description":"RADIOS","styleUrl":"#line8","stroke-opacity":1,"stroke":"#000000","stroke-width":1,"name":"FONDO"}},
{"type":"Feature","geometry":{"type":"LineString","coordinates":[[-63.01462,-17.72298],[-63.01464,-17.72291]]},"properties":{"description":"RADIOS","styleUrl":"#line8","stroke-opacity":1,"stroke":"#000000","stroke-width":1,"name":"FONDO"}},
{"type":"Feature","geometry":{"type":"LineString","coordinates":[[-63.01477,-17.72255],[-63.01479,-17.72246]]},"properties":{"description":"RADIOS","styleUrl":"#line8","stroke-opacity":1,"stroke":"#000000","stroke-width":1,"name":"FONDO"}},
{"type":"Feature","geometry":{"type":"LineString","coordinates":[[-63.01479,-17.72246],[-63.01488,-17.7225]]},"properties":{"description":"RADIOS","styleUrl":"#line8","stroke-opacity":1,"stroke":"#000000","stroke-width":1,"name":"FONDO"}},
{"type":"Feature","geometry":{"type":"LineString","coordinates":[[-63.0149,-17.72238],[-63.01483,-17.72235]]},"properties":{"description":"RADIOS","styleUrl":"#line8","stroke-opacity":1,"stroke":"#000000","stroke-width":1,"name":"FONDO"}},
{"type":"Feature","geometry":{"type":"LineString","coordinates":[[-63.01483,-17.72235],[-63.01485,-17.72228]]},"properties":{"description":"RADIOS","styleUrl":"#line8","stroke-opacity":1,"stroke":"#000000","stroke-width":1,"name":"FONDO"}},
{"type":"Feature","geometry":{"type":"LineString","coordinates":[[-63.0159,-17.72072],[-63.01584,-17.7207]]},"properties":{"description":"RADIOS","styleUrl":"#line8","stroke-opacity":1,"stroke":"#000000","stroke-width":1,"name":"FONDO"}},
{"type":"Feature","geometry":{"type":"LineString","coordinates":[[-63.01584,-17.7207],[-63.0158,-17.72075]]},"properties":{"description":"RADIOS","styleUrl":"#line8","stroke-opacity":1,"stroke":"#000000","stroke-width":1,"name":"FONDO"}},
{"type":"Feature","geometry":{"type":"LineString","coordinates":[[-63.01601,-17.72064],[-63.01591,-17.7206]]},"properties":{"description":"RADIOS","styleUrl":"#line8","stroke-opacity":1,"stroke":"#000000","stroke-width":1,"name":"FONDO"}},
{"type":"Feature","geometry":{"type":"LineString","coordinates":[[-63.01591,-17.7206],[-63.01597,-17.72051]]},"properties":{"description":"RADIOS","styleUrl":"#line8","stroke-opacity":1,"stroke":"#000000","stroke-width":1,"name":"FONDO"}},
{"type":"Feature","geometry":{"type":"LineString","coordinates":[[-63.01626,-17.72024],[-63.01619,-17.72022]]},"properties":{"description":"RADIOS","styleUrl":"#line8","stroke-opacity":1,"stroke":"#000000","stroke-width":1,"name":"FONDO"}},
{"type":"Feature","geometry":{"type":"LineString","coordinates":[[-63.01619,-17.72022],[-63.01616,-17.72027]]},"properties":{"description":"RADIOS","styleUrl":"#line8","stroke-opacity":1,"stroke":"#000000","stroke-width":1,"name":"FONDO"}},
{"type":"Feature","geometry":{"type":"LineString","coordinates":[[-63.01637,-17.72016],[-63.01627,-17.72012]]},"properties":{"description":"RADIOS","styleUrl":"#line8","stroke-opacity":1,"stroke":"#000000","stroke-width":1,"name":"FONDO"}},
{"type":"Feature","geometry":{"type":"LineString","coordinates":[[-63.01627,-17.72012],[-63.01633,-17.72004]]},"properties":{"description":"RADIOS","styleUrl":"#line8","stroke-opacity":1,"stroke":"#000000","stroke-width":1,"name":"FONDO"}},
{"type":"Feature","geometry":{"type":"LineString","coordinates":[[-63.01661,-17.71977],[-63.01655,-17.71974]]},"properties":{"description":"RADIOS","styleUrl":"#line8","stroke-opacity":1,"stroke":"#000000","stroke-width":1,"name":"FONDO"}},
{"type":"Feature","geometry":{"type":"LineString","coordinates":[[-63.01655,-17.71974],[-63.01651,-17.71979]]},"properties":{"description":"RADIOS","styleUrl":"#line8","stroke-opacity":1,"stroke":"#000000","stroke-width":1,"name":"FONDO"}},
{"type":"Feature","geometry":{"type":"LineString","coordinates":[[-63.01673,-17.71968],[-63.01663,-17.71964]]},"properties":{"description":"RADIOS","styleUrl":"#line8","stroke-opacity":1,"stroke":"#000000","stroke-width":1,"name":"FONDO"}},
{"type":"Feature","geometry":{"type":"LineString","coordinates":[[-63.01663,-17.71964],[-63.01669,-17.71956]]},"properties":{"description":"RADIOS","styleUrl":"#line8","stroke-opacity":1,"stroke":"#000000","stroke-width":1,"name":"FONDO"}},
{"type":"Feature","geometry":{"type":"LineString","coordinates":[[-63.01697,-17.71929],[-63.01691,-17.71927]]},"properties":{"description":"RADIOS","styleUrl":"#line8","stroke-opacity":1,"stroke":"#000000","stroke-width":1,"name":"FONDO"}},
{"type":"Feature","geometry":{"type":"LineString","coordinates":[[-63.01691,-17.71927],[-63.01687,-17.71932]]},"properties":{"description":"RADIOS","styleUrl":"#line8","stroke-opacity":1,"stroke":"#000000","stroke-width":1,"name":"FONDO"}},
{"type":"Feature","geometry":{"type":"LineString","coordinates":[[-63.01705,-17.71908],[-63.01698,-17.71917]]},"properties":{"description":"RADIOS","styleUrl":"#line8","stroke-opacity":1,"stroke":"#000000","stroke-width":1,"name":"FONDO"}},
{"type":"Feature","geometry":{"type":"LineString","coordinates":[[-63.01698,-17.71917],[-63.01708,-17.7192]]},"properties":{"description":"RADIOS","styleUrl":"#line8","stroke-opacity":1,"stroke":"#000000","stroke-width":1,"name":"FONDO"}},
{"type":"Feature","geometry":{"type":"LineString","coordinates":[[-63.01994,-17.72304],[-63.02,-17.72298]]},"properties":{"description":"RADIOS","styleUrl":"#line8","stroke-opacity":1,"stroke":"#000000","stroke-width":1,"name":"FONDO"}},
{"type":"Feature","geometry":{"type":"LineString","coordinates":[[-63.02,-17.72298],[-63.01991,-17.72294]]},"properties":{"description":"RADIOS","styleUrl":"#line8","stroke-opacity":1,"stroke":"#000000","stroke-width":1,"name":"FONDO"}},
{"type":"Feature","geometry":{"type":"LineString","coordinates":[[-63.02012,-17.72285],[-63.02009,-17.72288]]},"properties":{"description":"RADIOS","styleUrl":"#line8","stroke-opacity":1,"stroke":"#000000","stroke-width":1,"name":"FONDO"}},
{"type":"Feature","geometry":{"type":"LineString","coordinates":[[-63.02009,-17.72288],[-63.02004,-17.72287]]},"properties":{"description":"RADIOS","styleUrl":"#line8","stroke-opacity":1,"stroke":"#000000","stroke-width":1,"name":"FONDO"}},
{"type":"Feature","geometry":{"type":"LineString","coordinates":[[-63.01821,-17.72217],[-63.01811,-17.72214]]},"properties":{"description":"RADIOS","styleUrl":"#line8","stroke-opacity":1,"stroke":"#000000","stroke-width":1,"name":"FONDO"}},
{"type":"Feature","geometry":{"type":"LineString","coordinates":[[-63.01811,-17.72214],[-63.01817,-17.72205]]},"properties":{"description":"RADIOS","styleUrl":"#line8","stroke-opacity":1,"stroke":"#000000","stroke-width":1,"name":"FONDO"}},
{"type":"Feature","geometry":{"type":"LineString","coordinates":[[-63.01811,-17.72226],[-63.01805,-17.72224]]},"properties":{"description":"RADIOS","styleUrl":"#line8","stroke-opacity":1,"stroke":"#000000","stroke-width":1,"name":"FONDO"}},
{"type":"Feature","geometry":{"type":"LineString","coordinates":[[-63.01805,-17.72224],[-63.01801,-17.7223]]},"properties":{"description":"RADIOS","styleUrl":"#line8","stroke-opacity":1,"stroke":"#000000","stroke-width":1,"name":"FONDO"}},
{"type":"Feature","geometry":{"type":"LineString","coordinates":[[-63.01551,-17.72123],[-63.01545,-17.7212]]},"properties":{"description":"RADIOS","styleUrl":"#line8","stroke-opacity":1,"stroke":"#000000","stroke-width":1,"name":"FONDO"}},
{"type":"Feature","geometry":{"type":"LineString","coordinates":[[-63.01545,-17.7212],[-63.01541,-17.72125]]},"properties":{"description":"RADIOS","styleUrl":"#line8","stroke-opacity":1,"stroke":"#000000","stroke-width":1,"name":"FONDO"}},
{"type":"Feature","geometry":{"type":"LineString","coordinates":[[-63.01559,-17.72102],[-63.01553,-17.7211]]},"properties":{"description":"RADIOS","styleUrl":"#line8","stroke-opacity":1,"stroke":"#000000","stroke-width":1,"name":"FONDO"}},
{"type":"Feature","geometry":{"type":"LineString","coordinates":[[-63.01553,-17.7211],[-63.01563,-17.72114]]},"properties":{"description":"RADIOS","styleUrl":"#line8","stroke-opacity":1,"stroke":"#000000","stroke-width":1,"name":"FONDO"}},
{"type":"Feature","geometry":{"type":"LineString","coordinates":[[-63.01788,-17.72222],[-63.01794,-17.72214]]},"properties":{"description":"RADIOS","styleUrl":"#line8","stroke-opacity":1,"stroke":"#000000","stroke-width":1,"name":"FONDO"}},
{"type":"Feature","geometry":{"type":"LineString","coordinates":[[-63.01794,-17.72214],[-63.01784,-17.7221]]},"properties":{"description":"RADIOS","styleUrl":"#line8","stroke-opacity":1,"stroke":"#000000","stroke-width":1,"name":"FONDO"}},
{"type":"Feature","geometry":{"type":"LineString","coordinates":[[-63.01804,-17.72198],[-63.018,-17.72204]]},"properties":{"description":"RADIOS","styleUrl":"#line8","stroke-opacity":1,"stroke":"#000000","stroke-width":1,"name":"FONDO"}},
{"type":"Feature","geometry":{"type":"LineString","coordinates":[[-63.018,-17.72204],[-63.01793,-17.72201]]},"properties":{"description":"RADIOS","styleUrl":"#line8","stroke-opacity":1,"stroke":"#000000","stroke-width":1,"name":"FONDO"}},
{"type":"Feature","geometry":{"type":"LineString","coordinates":[[-63.0126,-17.7296],[-63.01257,-17.72959]]},"properties":{"description":"RADIOS","styleUrl":"#line8","stroke-opacity":1,"stroke":"#000000","stroke-width":1,"name":"FONDO"}},
{"type":"Feature","geometry":{"type":"LineString","coordinates":[[-63.01257,-17.72959],[-63.01253,-17.7296]]},"properties":{"description":"RADIOS","styleUrl":"#line8","stroke-opacity":1,"stroke":"#000000","stroke-width":1,"name":"FONDO"}},
{"type":"Feature","geometry":{"type":"LineString","coordinates":[[-63.01089,-17.7302],[-63.01083,-17.7302]]},"properties":{"description":"RADIOS","styleUrl":"#line8","stroke-opacity":1,"stroke":"#000000","stroke-width":1,"name":"FONDO"}},
{"type":"Feature","geometry":{"type":"LineString","coordinates":[[-63.01083,-17.7302],[-63.01082,-17.73014]]},"properties":{"description":"RADIOS","styleUrl":"#line8","stroke-opacity":1,"stroke":"#000000","stroke-width":1,"name":"FONDO"}},
{"type":"Feature","geometry":{"type":"LineString","coordinates":[[-63.0107,-17.73014],[-63.0107,-17.73021]]},"properties":{"description":"RADIOS","styleUrl":"#line8","stroke-opacity":1,"stroke":"#000000","stroke-width":1,"name":"FONDO"}},
{"type":"Feature","geometry":{"type":"LineString","coordinates":[[-63.0107,-17.73021],[-63.01064,-17.73021]]},"properties":{"description":"RADIOS","styleUrl":"#line8","stroke-opacity":1,"stroke":"#000000","stroke-width":1,"name":"FONDO"}},
{"type":"Feature","geometry":{"type":"LineString","coordinates":[[-63.01234,-17.7297],[-63.01233,-17.72971]]},"properties":{"description":"RADIOS","styleUrl":"#line8","stroke-opacity":1,"stroke":"#000000","stroke-width":1,"name":"FONDO"}},
{"type":"Feature","geometry":{"type":"LineString","coordinates":[[-63.01233,-17.72971],[-63.01231,-17.72971]]},"properties":{"description":"RADIOS","styleUrl":"#line8","stroke-opacity":1,"stroke":"#000000","stroke-width":1,"name":"FONDO"}},
{"type":"Feature","geometry":{"type":"LineString","coordinates":[[-63.01491,-17.7304],[-63.0149,-17.73042]]},"properties":{"description":"RADIOS","styleUrl":"#line8","stroke-opacity":1,"stroke":"#000000","stroke-width":1,"name":"FONDO"}},
{"type":"Feature","geometry":{"type":"LineString","coordinates":[[-63.0149,-17.73042],[-63.01487,-17.73042]]},"properties":{"description":"RADIOS","styleUrl":"#line8","stroke-opacity":1,"stroke":"#000000","stroke-width":1,"name":"FONDO"}},
{"type":"Feature","geometry":{"type":"LineString","coordinates":[[-63.01469,-17.73045],[-63.01464,-17.73046]]},"properties":{"description":"RADIOS","styleUrl":"#line8","stroke-opacity":1,"stroke":"#000000","stroke-width":1,"name":"FONDO"}},
{"type":"Feature","geometry":{"type":"LineString","coordinates":[[-63.01464,-17.73046],[-63.01462,-17.73041]]},"properties":{"description":"RADIOS","styleUrl":"#line8","stroke-opacity":1,"stroke":"#000000","stroke-width":1,"name":"FONDO"}},
{"type":"Feature","geometry":{"type":"LineString","coordinates":[[-63.01451,-17.73012],[-63.01449,-17.73015]]},"properties":{"description":"RADIOS","styleUrl":"#line8","stroke-opacity":1,"stroke":"#000000","stroke-width":1,"name":"FONDO"}},
{"type":"Feature","geometry":{"type":"LineString","coordinates":[[-63.01449,-17.73015],[-63.01451,-17.73018]]},"properties":{"description":"RADIOS","styleUrl":"#line8","stroke-opacity":1,"stroke":"#000000","stroke-width":1,"name":"FONDO"}},
{"type":"Feature","geometry":{"type":"LineString","coordinates":[[-63.01448,-17.72996],[-63.01446,-17.73]]},"properties":{"description":"RADIOS","styleUrl":"#line8","stroke-opacity":1,"stroke":"#000000","stroke-width":1,"name":"FONDO"}},
{"type":"Feature","geometry":{"type":"LineString","coordinates":[[-63.01446,-17.73],[-63.01441,-17.72998]]},"properties":{"description":"RADIOS","styleUrl":"#line8","stroke-opacity":1,"stroke":"#000000","stroke-width":1,"name":"FONDO"}},
{"type":"Feature","geometry":{"type":"LineString","coordinates":[[-63.01394,-17.72975],[-63.01389,-17.72982]]},"properties":{"description":"RADIOS","styleUrl":"#line8","stroke-opacity":1,"stroke":"#000000","stroke-width":1,"name":"FONDO"}},
{"type":"Feature","geometry":{"type":"LineString","coordinates":[[-63.01389,-17.72982],[-63.01398,-17.72985]]},"properties":{"description":"RADIOS","styleUrl":"#line8","stroke-opacity":1,"stroke":"#000000","stroke-width":1,"name":"FONDO"}},
{"type":"Feature","geometry":{"type":"LineString","coordinates":[[-63.01331,-17.72973],[-63.01332,-17.72973]]},"properties":{"description":"RADIOS","styleUrl":"#line8","stroke-opacity":1,"stroke":"#000000","stroke-width":1,"name":"FONDO"}},
{"type":"Feature","geometry":{"type":"LineString","coordinates":[[-63.01332,-17.72973],[-63.01333,-17.72973]]},"properties":{"description":"RADIOS","styleUrl":"#line8","stroke-opacity":1,"stroke":"#000000","stroke-width":1,"name":"FONDO"}},
{"type":"Feature","geometry":{"type":"LineString","coordinates":[[-63.01352,-17.72972],[-63.01356,-17.72972]]},"properties":{"description":"RADIOS","styleUrl":"#line8","stroke-opacity":1,"stroke":"#000000","stroke-width":1,"name":"FONDO"}},
{"type":"Feature","geometry":{"type":"LineString","coordinates":[[-63.01356,-17.72972],[-63.01359,-17.72973]]},"properties":{"description":"RADIOS","styleUrl":"#line8","stroke-opacity":1,"stroke":"#000000","stroke-width":1,"name":"FONDO"}},
{"type":"Feature","geometry":{"type":"LineString","coordinates":[[-63.0138,-17.72975],[-63.01377,-17.72978]]},"properties":{"description":"RADIOS","styleUrl":"#line8","stroke-opacity":1,"stroke":"#000000","stroke-width":1,"name":"FONDO"}},
{"type":"Feature","geometry":{"type":"LineString","coordinates":[[-63.01377,-17.72978],[-63.01372,-17.72977]]},"properties":{"description":"RADIOS","styleUrl":"#line8","stroke-opacity":1,"stroke":"#000000","stroke-width":1,"name":"FONDO"}},
{"type":"Feature","geometry":{"type":"LineString","coordinates":[[-63.01289,-17.7297],[-63.01295,-17.72972]]},"properties":{"description":"RADIOS","styleUrl":"#line8","stroke-opacity":1,"stroke":"#000000","stroke-width":1,"name":"FONDO"}},
{"type":"Feature","geometry":{"type":"LineString","coordinates":[[-63.01295,-17.72972],[-63.01293,-17.72978]]},"properties":{"description":"RADIOS","styleUrl":"#line8","stroke-opacity":1,"stroke":"#000000","stroke-width":1,"name":"FONDO"}},
{"type":"Feature","geometry":{"type":"LineString","coordinates":[[-63.01282,-17.73005],[-63.0128,-17.73009]]},"properties":{"description":"RADIOS","styleUrl":"#line8","stroke-opacity":1,"stroke":"#000000","stroke-width":1,"name":"FONDO"}},
{"type":"Feature","geometry":{"type":"LineString","coordinates":[[-63.0128,-17.73009],[-63.01276,-17.73009]]},"properties":{"description":"RADIOS","styleUrl":"#line8","stroke-opacity":1,"stroke":"#000000","stroke-width":1,"name":"FONDO"}},
{"type":"Feature","geometry":{"type":"LineString","coordinates":[[-63.00895,-17.72837],[-63.00858,-17.72888]]},"properties":{"description":"ACERAS","styleUrl":"#line9","stroke-opacity":1,"stroke":"#FF7F00","stroke-width":1,"name":"FONDO"}},
{"type":"Feature","geometry":{"type":"LineString","coordinates":[[-63.00895,-17.72837],[-63.00895,-17.72836],[-63.00895,-17.72835],[-63.00896,-17.72835],[-63.00896,-17.72834],[-63.00897,-17.72834],[-63.00898,-17.72833],[-63.00899,-17.72833],[-63.00899,-17.72832],[-63.009,-17.72832],[-63.00901,-17.72831],[-63.00902,-17.72831],[-63.00903,-17.72831],[-63.00903,-17.7283],[-63.00904,-17.7283],[-63.00905,-17.7283],[-63.00906,-17.7283],[-63.00907,-17.7283],[-63.00908,-17.7283],[-63.00909,-17.7283],[-63.0091,-17.7283],[-63.00911,-17.7283],[-63.00912,-17.7283],[-63.00913,-17.7283],[-63.00914,-17.7283],[-63.00914,-17.72831],[-63.00915,-17.72831]]},"properties":{"description":"ACERAS","styleUrl":"#line9","stroke-opacity":1,"stroke":"#FF7F00","stroke-width":1,"name":"FONDO"}},
{"type":"Feature","geometry":{"type":"LineString","coordinates":[[-63.00893,-17.72791],[-63.00822,-17.72889]]},"properties":{"description":"ACERAS","styleUrl":"#line9","stroke-opacity":1,"stroke":"#FF7F00","stroke-width":1,"name":"FONDO"}},
{"type":"Feature","geometry":{"type":"LineString","coordinates":[[-63.01237,-17.726],[-63.01146,-17.72659]]},"properties":{"description":"ACERAS","styleUrl":"#line9","stroke-opacity":1,"stroke":"#FF7F00","stroke-width":1,"name":"FONDO"}},
{"type":"Feature","geometry":{"type":"LineString","coordinates":[[-63.01145,-17.72685],[-63.01144,-17.72685],[-63.01144,-17.72684],[-63.01143,-17.72684],[-63.01143,-17.72683],[-63.01142,-17.72683],[-63.01142,-17.72682],[-63.01141,-17.72682],[-63.01141,-17.72681],[-63.01141,-17.7268],[-63.0114,-17.7268],[-63.0114,-17.72679],[-63.0114,-17.72678],[-63.01139,-17.72678],[-63.01139,-17.72677],[-63.01139,-17.72676],[-63.01139,-17.72675],[-63.01139,-17.72674],[-63.01139,-17.72673],[-63.01139,-17.72672],[-63.01139,-17.72671],[-63.01139,-17.7267],[-63.01139,-17.72669],[-63.01139,-17.72668],[-63.01139,-17.72667],[-63.0114,-17.72667],[-63.0114,-17.72666],[-63.0114,-17.72665],[-63.01141,-17.72665],[-63.01141,-17.72664],[-63.01141,-17.72663],[-63.01142,-17.72663],[-63.01142,-17.72662],[-63.01143,-17.72662],[-63.01143,-17.72661],[-63.01144,-17.72661],[-63.01144,-17.7266],[-63.01145,-17.7266],[-63.01145,-17.72659],[-63.01146,-17.72659]]},"properties":{"description":"ACERAS","styleUrl":"#line9","stroke-opacity":1,"stroke":"#FF7F00","stroke-width":1,"name":"FONDO"}},
{"type":"Feature","geometry":{"type":"LineString","coordinates":[[-63.01111,-17.72682],[-63.00927,-17.72801]]},"properties":{"description":"ACERAS","styleUrl":"#line9","stroke-opacity":1,"stroke":"#FF7F00","stroke-width":1,"name":"FONDO"}},
{"type":"Feature","geometry":{"type":"LineString","coordinates":[[-63.01237,-17.726],[-63.01238,-17.72599],[-63.01239,-17.72599],[-63.01239,-17.72598],[-63.0124,-17.72598],[-63.01241,-17.72598],[-63.01241,-17.72597],[-63.01242,-17.72597],[-63.01243,-17.72597],[-63.01244,-17.72597],[-63.01245,-17.72597],[-63.01245,-17.72596],[-63.01246,-17.72596],[-63.01247,-17.72596],[-63.01248,-17.72596],[-63.01249,-17.72596],[-63.0125,-17.72596],[-63.01251,-17.72596],[-63.01252,-17.72596],[-63.01253,-17.72596],[-63.01254,-17.72596],[-63.01255,-17.72596],[-63.01255,-17.72597],[-63.01256,-17.72597],[-63.01257,-17.72597],[-63.01258,-17.72597]]},"properties":{"description":"ACERAS","styleUrl":"#line9","stroke-opacity":1,"stroke":"#FF7F00","stroke-width":1,"name":"FONDO"}},
{"type":"Feature","geometry":{"type":"LineString","coordinates":[[-63.01236,-17.72568],[-63.00893,-17.72791]]},"properties":{"description":"ACERAS","styleUrl":"#line9","stroke-opacity":1,"stroke":"#FF7F00","stroke-width":1,"name":"FONDO"}},
{"type":"Feature","geometry":{"type":"LineString","coordinates":[[-63.01326,-17.72629],[-63.01272,-17.72664]]},"properties":{"description":"ACERAS","styleUrl":"#line9","stroke-opacity":1,"stroke":"#FF7F00","stroke-width":1,"name":"FONDO"}},
{"type":"Feature","geometry":{"type":"LineString","coordinates":[[-63.01274,-17.7268],[-63.01273,-17.7268],[-63.01273,-17.72679],[-63.01272,-17.72679],[-63.01271,-17.72679],[-63.01271,-17.72678],[-63.0127,-17.72678],[-63.0127,-17.72677],[-63.01269,-17.72676],[-63.01269,-17.72675],[-63.01269,-17.72674],[-63.01268,-17.72674],[-63.01268,-17.72673],[-63.01268,-17.72672],[-63.01268,-17.72671],[-63.01268,-17.7267],[-63.01268,-17.72669],[-63.01269,-17.72669],[-63.01269,-17.72668],[-63.01269,-17.72667],[-63.0127,-17.72667],[-63.0127,-17.72666],[-63.01271,-17.72666],[-63.01271,-17.72665],[-63.01272,-17.72665],[-63.01272,-17.72664]]},"properties":{"description":"ACERAS","styleUrl":"#line9","stroke-opacity":1,"stroke":"#FF7F00","stroke-width":1,"name":"FONDO"}},
{"type":"Feature","geometry":{"type":"LineString","coordinates":[[-63.01326,-17.72629],[-63.01327,-17.72629],[-63.01328,-17.72628],[-63.01329,-17.72628],[-63.0133,-17.72628],[-63.01331,-17.72628],[-63.01331,-17.72627],[-63.01332,-17.72627],[-63.01333,-17.72627],[-63.01334,-17.72627],[-63.01334,-17.72628],[-63.01335,-17.72628],[-63.01336,-17.72628],[-63.01337,-17.72628]]},"properties":{"description":"ACERAS","styleUrl":"#line9","stroke-opacity":1,"stroke":"#FF7F00","stroke-width":1,"name":"FONDO"}},
{"type":"Feature","geometry":{"type":"LineString","coordinates":[[-63.01247,-17.72681],[-63.01204,-17.72709]]},"properties":{"description":"ACERAS","styleUrl":"#line9","stroke-opacity":1,"stroke":"#FF7F00","stroke-width":1,"name":"FONDO"}},
{"type":"Feature","geometry":{"type":"LineString","coordinates":[[-63.01247,-17.72681],[-63.01247,-17.7268],[-63.01248,-17.7268],[-63.01249,-17.7268],[-63.0125,-17.7268],[-63.0125,-17.72679],[-63.01251,-17.72679],[-63.01252,-17.72679],[-63.01253,-17.72679],[-63.01254,-17.72679],[-63.01255,-17.72679],[-63.01255,-17.7268],[-63.01256,-17.7268]]},"properties":{"description":"ACERAS","styleUrl":"#line9","stroke-opacity":1,"stroke":"#FF7F00","stroke-width":1,"name":"FONDO"}},
{"type":"Feature","geometry":{"type":"LineString","coordinates":[[-63.01206,-17.72725],[-63.01205,-17.72724],[-63.01204,-17.72724],[-63.01204,-17.72723],[-63.01203,-17.72723],[-63.01203,-17.72722],[-63.01202,-17.72722],[-63.01202,-17.72721],[-63.01201,-17.72721],[-63.01201,-17.7272],[-63.01201,-17.72719],[-63.012,-17.72719],[-63.012,-17.72718],[-63.012,-17.72717],[-63.012,-17.72716],[-63.012,-17.72715],[-63.012,-17.72714],[-63.012,-17.72713],[-63.01201,-17.72713],[-63.01201,-17.72712],[-63.01201,-17.72711],[-63.01202,-17.72711],[-63.01202,-17.7271],[-63.01203,-17.7271],[-63.01203,-17.72709],[-63.01204,-17.72709]]},"properties":{"description":"ACERAS","styleUrl":"#line9","stroke-opacity":1,"stroke":"#FF7F00","stroke-width":1,"name":"FONDO"}},
{"type":"Feature","geometry":{"type":"LineString","coordinates":[[-63.01179,-17.72725],[-63.01136,-17.72753]]},"properties":{"description":"ACERAS","styleUrl":"#line9","stroke-opacity":1,"stroke":"#FF7F00","stroke-width":1,"name":"FONDO"}},
{"type":"Feature","geometry":{"type":"LineString","coordinates":[[-63.01137,-17.72769],[-63.01136,-17.72768],[-63.01135,-17.72768],[-63.01135,-17.72767],[-63.01134,-17.72767],[-63.01134,-17.72766],[-63.01133,-17.72766],[-63.01133,-17.72765],[-63.01132,-17.72764],[-63.01132,-17.72763],[-63.01132,-17.72762],[-63.01132,-17.72761],[-63.01132,-17.7276],[-63.01132,-17.72759],[-63.01132,-17.72758],[-63.01132,-17.72757],[-63.01133,-17.72757],[-63.01133,-17.72756],[-63.01133,-17.72755],[-63.01134,-17.72755],[-63.01134,-17.72754],[-63.01135,-17.72754],[-63.01135,-17.72753],[-63.01136,-17.72753]]},"properties":{"description":"ACERAS","styleUrl":"#line9","stroke-opacity":1,"stroke":"#FF7F00","stroke-width":1,"name":"FONDO"}},
{"type":"Feature","geometry":{"type":"LineString","coordinates":[[-63.0111,-17.7277],[-63.01067,-17.72798]]},"properties":{"description":"ACERAS","styleUrl":"#line9","stroke-opacity":1,"stroke":"#FF7F00","stroke-width":1,"name":"FONDO"}},
{"type":"Feature","geometry":{"type":"LineString","coordinates":[[-63.01069,-17.72813],[-63.01068,-17.72813],[-63.01067,-17.72813],[-63.01067,-17.72812],[-63.01066,-17.72812],[-63.01066,-17.72811],[-63.01065,-17.72811],[-63.01065,-17.7281],[-63.01065,-17.72809],[-63.01064,-17.72809],[-63.01064,-17.72808],[-63.01064,-17.72807],[-63.01063,-17.72807],[-63.01063,-17.72806],[-63.01063,-17.72805],[-63.01063,-17.72804],[-63.01063,-17.72803],[-63.01064,-17.72803],[-63.01064,-17.72802],[-63.01064,-17.72801],[-63.01065,-17.72801],[-63.01065,-17.728],[-63.01065,-17.72799],[-63.01066,-17.72799],[-63.01066,-17.72798],[-63.01067,-17.72798]]},"properties":{"description":"ACERAS","styleUrl":"#line9","stroke-opacity":1,"stroke":"#FF7F00","stroke-width":1,"name":"FONDO"}},
{"type":"Feature","geometry":{"type":"LineString","coordinates":[[-63.01042,-17.72814],[-63.00999,-17.72842]]},"properties":{"description":"ACERAS","styleUrl":"#line9","stroke-opacity":1,"stroke":"#FF7F00","stroke-width":1,"name":"FONDO"}},
{"type":"Feature","geometry":{"type":"LineString","coordinates":[[-63.01001,-17.72858],[-63.01,-17.72858],[-63.01,-17.72857],[-63.00999,-17.72857],[-63.00999,-17.72856],[-63.00998,-17.72856],[-63.00997,-17.72855],[-63.00997,-17.72854],[-63.00996,-17.72854],[-63.00996,-17.72853],[-63.00996,-17.72852],[-63.00995,-17.72852],[-63.00995,-17.72851],[-63.00995,-17.7285],[-63.00995,-17.72849],[-63.00995,-17.72848],[-63.00995,-17.72847],[-63.00996,-17.72847],[-63.00996,-17.72846],[-63.00996,-17.72845],[-63.00997,-17.72845],[-63.00997,-17.72844],[-63.00997,-17.72843],[-63.00998,-17.72843],[-63.00998,-17.72842],[-63.00999,-17.72842]]},"properties":{"description":"ACERAS","styleUrl":"#line9","stroke-opacity":1,"stroke":"#FF7F00","stroke-width":1,"name":"FONDO"}},
{"type":"Feature","geometry":{"type":"LineString","coordinates":[[-63.01042,-17.72814],[-63.01043,-17.72814],[-63.01043,-17.72813],[-63.01044,-17.72813],[-63.01045,-17.72813],[-63.01046,-17.72813],[-63.01046,-17.72812],[-63.01047,-17.72812],[-63.01048,-17.72812],[-63.01049,-17.72812],[-63.01049,-17.72813],[-63.0105,-17.72813],[-63.01051,-17.72813]]},"properties":{"description":"ACERAS","styleUrl":"#line9","stroke-opacity":1,"stroke":"#FF7F00","stroke-width":1,"name":"FONDO"}},
{"type":"Feature","geometry":{"type":"LineString","coordinates":[[-63.0111,-17.7277],[-63.01111,-17.7277],[-63.01111,-17.72769],[-63.01112,-17.72769],[-63.01113,-17.72769],[-63.01113,-17.72768],[-63.01114,-17.72768],[-63.01115,-17.72768],[-63.01116,-17.72768],[-63.01117,-17.72768],[-63.01118,-17.72768],[-63.01119,-17.72768],[-63.01119,-17.72769]]},"properties":{"description":"ACERAS","styleUrl":"#line9","stroke-opacity":1,"stroke":"#FF7F00","stroke-width":1,"name":"FONDO"}},
{"type":"Feature","geometry":{"type":"LineString","coordinates":[[-63.01306,-17.72635],[-63.01189,-17.72711]]},"properties":{"description":"ACERAS","styleUrl":"#line9","stroke-opacity":1,"stroke":"#FF7F00","stroke-width":1,"name":"FONDO"}},
{"type":"Feature","geometry":{"type":"LineString","coordinates":[[-63.01167,-17.72725],[-63.00982,-17.72846]]},"properties":{"description":"ACERAS","styleUrl":"#line9","stroke-opacity":1,"stroke":"#FF7F00","stroke-width":1,"name":"FONDO"}},
{"type":"Feature","geometry":{"type":"LineString","coordinates":[[-63.01167,-17.72711],[-63.01168,-17.72711],[-63.01168,-17.72712],[-63.01169,-17.72712],[-63.01169,-17.72713],[-63.0117,-17.72714],[-63.0117,-17.72715],[-63.0117,-17.72716],[-63.01171,-17.72716],[-63.01171,-17.72717],[-63.01171,-17.72718],[-63.01171,-17.72719],[-63.01171,-17.7272],[-63.0117,-17.7272],[-63.0117,-17.72721],[-63.0117,-17.72722],[-63.01169,-17.72722],[-63.01169,-17.72723],[-63.01169,-17.72724],[-63.01168,-17.72724],[-63.01168,-17.72725],[-63.01167,-17.72725]]},"properties":{"description":"ACERAS","styleUrl":"#line9","stroke-opacity":1,"stroke":"#FF7F00","stroke-width":1,"name":"FONDO"}},
{"type":"Feature","geometry":{"type":"LineString","coordinates":[[-63.01119,-17.72769],[-63.01345,-17.72858]]},"properties":{"description":"ACERAS","styleUrl":"#line9","stroke-opacity":1,"stroke":"#FF7F00","stroke-width":1,"name":"FONDO"}},
{"type":"Feature","geometry":{"type":"LineString","coordinates":[[-63.01345,-17.72858],[-63.01346,-17.72858],[-63.01346,-17.72859],[-63.01347,-17.72859],[-63.01348,-17.72859],[-63.01348,-17.7286],[-63.01349,-17.7286],[-63.01349,-17.72861],[-63.0135,-17.72861],[-63.0135,-17.72862],[-63.0135,-17.72863],[-63.01351,-17.72863],[-63.01351,-17.72864],[-63.01351,-17.72865],[-63.01351,-17.72866],[-63.01352,-17.72867],[-63.01352,-17.72868],[-63.01352,-17.72869],[-63.01351,-17.72869],[-63.01351,-17.7287],[-63.01351,-17.72871],[-63.01351,-17.72872],[-63.0135,-17.72872],[-63.0135,-17.72873],[-63.0135,-17.72874],[-63.01349,-17.72874]]},"properties":{"description":"ACERAS","styleUrl":"#line9","stroke-opacity":1,"stroke":"#FF7F00","stroke-width":1,"name":"FONDO"}},
{"type":"Feature","geometry":{"type":"LineString","coordinates":[[-63.01137,-17.72769],[-63.01354,-17.72854]]},"properties":{"description":"ACERAS","styleUrl":"#line9","stroke-opacity":1,"stroke":"#FF7F00","stroke-width":1,"name":"FONDO"}},
{"type":"Feature","geometry":{"type":"LineString","coordinates":[[-63.01051,-17.72813],[-63.01291,-17.72908]]},"properties":{"description":"ACERAS","styleUrl":"#line9","stroke-opacity":1,"stroke":"#FF7F00","stroke-width":1,"name":"FONDO"}},
{"type":"Feature","geometry":{"type":"LineString","coordinates":[[-63.01291,-17.72908],[-63.01292,-17.72908],[-63.01293,-17.72908],[-63.01293,-17.72909],[-63.01294,-17.72909],[-63.01294,-17.7291],[-63.01295,-17.7291],[-63.01295,-17.72911],[-63.01296,-17.72911],[-63.01296,-17.72912],[-63.01297,-17.72912],[-63.01297,-17.72913],[-63.01297,-17.72914],[-63.01298,-17.72914],[-63.01298,-17.72915],[-63.01298,-17.72916],[-63.01298,-17.72917],[-63.01298,-17.72918],[-63.01298,-17.72919],[-63.01298,-17.7292],[-63.01298,-17.72921],[-63.01298,-17.72922],[-63.01297,-17.72922],[-63.01297,-17.72923],[-63.01297,-17.72924],[-63.01296,-17.72924],[-63.01296,-17.72925],[-63.01295,-17.72925],[-63.01295,-17.72926],[-63.01294,-17.72926],[-63.01294,-17.72927],[-63.01293,-17.72927],[-63.01292,-17.72928]]},"properties":{"description":"ACERAS","styleUrl":"#line9","stroke-opacity":1,"stroke":"#FF7F00","stroke-width":1,"name":"FONDO"}},
{"type":"Feature","geometry":{"type":"LineString","coordinates":[[-63.01069,-17.72813],[-63.01312,-17.72909]]},"properties":{"description":"ACERAS","styleUrl":"#line9","stroke-opacity":1,"stroke":"#FF7F00","stroke-width":1,"name":"FONDO"}},
{"type":"Feature","geometry":{"type":"LineString","coordinates":[[-63.01325,-17.72906],[-63.01324,-17.72906],[-63.01324,-17.72907],[-63.01323,-17.72907],[-63.01323,-17.72908],[-63.01322,-17.72908],[-63.01322,-17.72909],[-63.01321,-17.72909],[-63.0132,-17.72909],[-63.01319,-17.72909],[-63.01319,-17.7291],[-63.01318,-17.7291],[-63.01317,-17.7291],[-63.01316,-17.7291],[-63.01315,-17.7291],[-63.01314,-17.7291],[-63.01313,-17.7291],[-63.01313,-17.72909],[-63.01312,-17.72909]]},"properties":{"description":"ACERAS","styleUrl":"#line9","stroke-opacity":1,"stroke":"#FF7F00","stroke-width":1,"name":"FONDO"}},
{"type":"Feature","geometry":{"type":"LineString","coordinates":[[-63.00915,-17.72831],[-63.01054,-17.72886]]},"properties":{"description":"ACERAS","styleUrl":"#line9","stroke-opacity":1,"stroke":"#FF7F00","stroke-width":1,"name":"FONDO"}},
{"type":"Feature","geometry":{"type":"LineString","coordinates":[[-63.01054,-17.72886],[-63.01055,-17.72886],[-63.01056,-17.72886],[-63.01056,-17.72887],[-63.01057,-17.72887],[-63.01057,-17.72888],[-63.01058,-17.72888],[-63.01058,-17.72889],[-63.01059,-17.72889],[-63.01059,-17.7289],[-63.01059,-17.72891],[-63.0106,-17.72891],[-63.0106,-17.72892],[-63.0106,-17.72893],[-63.0106,-17.72894],[-63.0106,-17.72895],[-63.0106,-17.72896],[-63.0106,-17.72897],[-63.01059,-17.72897],[-63.01059,-17.72898],[-63.01059,-17.72899],[-63.01058,-17.72899],[-63.01058,-17.729],[-63.01057,-17.729],[-63.01057,-17.72901],[-63.01056,-17.72901],[-63.01056,-17.72902],[-63.01055,-17.72902],[-63.01054,-17.72902],[-63.01054,-17.72903],[-63.01053,-17.72903],[-63.01052,-17.72903],[-63.01051,-17.72903]]},"properties":{"description":"ACERAS","styleUrl":"#line9","stroke-opacity":1,"stroke":"#FF7F00","stroke-width":1,"name":"FONDO"}},
{"type":"Feature","geometry":{"type":"LineString","coordinates":[[-63.01109,-17.72907],[-63.01194,-17.72941]]},"properties":{"description":"ACERAS","styleUrl":"#line9","stroke-opacity":1,"stroke":"#FF7F00","stroke-width":1,"name":"FONDO"}},
{"type":"Feature","geometry":{"type":"LineString","coordinates":[[-63.01194,-17.72941],[-63.01195,-17.72941],[-63.01195,-17.72942],[-63.01196,-17.72942],[-63.01197,-17.72942],[-63.01197,-17.72943],[-63.01198,-17.72943],[-63.01198,-17.72944],[-63.01199,-17.72944],[-63.01199,-17.72945],[-63.012,-17.72945],[-63.012,-17.72946],[-63.012,-17.72947],[-63.01201,-17.72947],[-63.01201,-17.72948],[-63.01201,-17.72949],[-63.01201,-17.7295],[-63.01201,-17.72951],[-63.01201,-17.72952],[-63.01201,-17.72953],[-63.01201,-17.72954],[-63.01201,-17.72955],[-63.012,-17.72955],[-63.012,-17.72956],[-63.012,-17.72957],[-63.01199,-17.72957],[-63.01199,-17.72958],[-63.01198,-17.72958],[-63.01198,-17.72959],[-63.01197,-17.72959],[-63.01197,-17.7296],[-63.01196,-17.7296],[-63.01196,-17.72961],[-63.01195,-17.72961],[-63.01194,-17.72961],[-63.01193,-17.72961],[-63.01193,-17.72962],[-63.01192,-17.72962],[-63.01191,-17.72962]]},"properties":{"description":"ACERAS","styleUrl":"#line9","stroke-opacity":1,"stroke":"#FF7F00","stroke-width":1,"name":"FONDO"}},
{"type":"Feature","geometry":{"type":"LineString","coordinates":[[-63.0093,-17.7283],[-63.00973,-17.72847]]},"properties":{"description":"ACERAS","styleUrl":"#line9","stroke-opacity":1,"stroke":"#FF7F00","stroke-width":1,"name":"FONDO"}},
{"type":"Feature","geometry":{"type":"LineString","coordinates":[[-63.0093,-17.7283],[-63.00929,-17.7283],[-63.00929,-17.72829],[-63.00928,-17.72829],[-63.00927,-17.72828],[-63.00926,-17.72828],[-63.00926,-17.72827],[-63.00925,-17.72827],[-63.00925,-17.72826],[-63.00924,-17.72826],[-63.00924,-17.72825],[-63.00923,-17.72825],[-63.00923,-17.72824],[-63.00922,-17.72824],[-63.00922,-17.72823],[-63.00922,-17.72822],[-63.00921,-17.72822],[-63.00921,-17.72821],[-63.00921,-17.7282],[-63.0092,-17.7282],[-63.0092,-17.72819],[-63.0092,-17.72818],[-63.0092,-17.72817],[-63.0092,-17.72816],[-63.0092,-17.72815],[-63.0092,-17.72814],[-63.0092,-17.72813],[-63.0092,-17.72812],[-63.0092,-17.72811],[-63.0092,-17.7281],[-63.00921,-17.7281],[-63.00921,-17.72809],[-63.00921,-17.72808],[-63.00922,-17.72808],[-63.00922,-17.72807],[-63.00922,-17.72806],[-63.00923,-17.72806],[-63.00923,-17.72805],[-63.00924,-17.72805],[-63.00924,-17.72804],[-63.00925,-17.72804],[-63.00925,-17.72803],[-63.00926,-17.72803],[-63.00926,-17.72802],[-63.00927,-17.72802],[-63.00927,-17.72801]]},"properties":{"description":"ACERAS","styleUrl":"#line9","stroke-opacity":1,"stroke":"#FF7F00","stroke-width":1,"name":"FONDO"}},
{"type":"Feature","geometry":{"type":"LineString","coordinates":[[-63.00982,-17.72846],[-63.00981,-17.72846],[-63.0098,-17.72846],[-63.0098,-17.72847],[-63.00979,-17.72847],[-63.00978,-17.72847],[-63.00977,-17.72847],[-63.00976,-17.72847],[-63.00975,-17.72847],[-63.00974,-17.72847],[-63.00973,-17.72847]]},"properties":{"description":"ACERAS","styleUrl":"#line9","stroke-opacity":1,"stroke":"#FF7F00","stroke-width":1,"name":"FONDO"}},
{"type":"Feature","geometry":{"type":"LineString","coordinates":[[-63.01001,-17.72858],[-63.01237,-17.72951]]},"properties":{"description":"ACERAS","styleUrl":"#line9","stroke-opacity":1,"stroke":"#FF7F00","stroke-width":1,"name":"FONDO"}},
{"type":"Feature","geometry":{"type":"LineString","coordinates":[[-63.01247,-17.72951],[-63.01246,-17.72951],[-63.01245,-17.72951],[-63.01245,-17.72952],[-63.01244,-17.72952],[-63.01243,-17.72952],[-63.01242,-17.72952],[-63.01241,-17.72952],[-63.0124,-17.72952],[-63.01239,-17.72952],[-63.01238,-17.72952],[-63.01238,-17.72951],[-63.01237,-17.72951]]},"properties":{"description":"ACERAS","styleUrl":"#line9","stroke-opacity":1,"stroke":"#FF7F00","stroke-width":1,"name":"FONDO"}},
{"type":"Feature","geometry":{"type":"LineString","coordinates":[[-63.01492,-17.72702],[-63.01419,-17.72797]]},"properties":{"description":"ACERAS","styleUrl":"#line9","stroke-opacity":1,"stroke":"#FF7F00","stroke-width":1,"name":"FONDO"}},
{"type":"Feature","geometry":{"type":"LineString","coordinates":[[-63.01423,-17.72813],[-63.01423,-17.72812],[-63.01422,-17.72812],[-63.01421,-17.72812],[-63.01421,-17.72811],[-63.0142,-17.72811],[-63.0142,-17.7281],[-63.01419,-17.7281],[-63.01419,-17.72809],[-63.01419,-17.72808],[-63.01418,-17.72808],[-63.01418,-17.72807],[-63.01418,-17.72806],[-63.01417,-17.72806],[-63.01417,-17.72805],[-63.01417,-17.72804],[-63.01417,-17.72803],[-63.01417,-17.72802],[-63.01417,-17.72801],[-63.01417,-17.728],[-63.01418,-17.728],[-63.01418,-17.72799],[-63.01418,-17.72798],[-63.01419,-17.72798],[-63.01419,-17.72797]]},"properties":{"description":"ACERAS","styleUrl":"#line9","stroke-opacity":1,"stroke":"#FF7F00","stroke-width":1,"name":"FONDO"}},
{"type":"Feature","geometry":{"type":"LineString","coordinates":[[-63.01402,-17.72819],[-63.01325,-17.7292]]},"properties":{"description":"ACERAS","styleUrl":"#line9","stroke-opacity":1,"stroke":"#FF7F00","stroke-width":1,"name":"FONDO"}},
{"type":"Feature","geometry":{"type":"LineString","coordinates":[[-63.01325,-17.7292],[-63.01324,-17.7292],[-63.01324,-17.72921],[-63.01323,-17.72921]]},"properties":{"description":"ACERAS","styleUrl":"#line9","stroke-opacity":1,"stroke":"#FF7F00","stroke-width":1,"name":"FONDO"}},
{"type":"Feature","geometry":{"type":"LineString","coordinates":[[-63.01478,-17.72706],[-63.0145,-17.72742]]},"properties":{"description":"ACERAS","styleUrl":"#line9","stroke-opacity":1,"stroke":"#FF7F00","stroke-width":1,"name":"FONDO"}},
{"type":"Feature","geometry":{"type":"LineString","coordinates":[[-63.01435,-17.72763],[-63.01408,-17.72797]]},"properties":{"description":"ACERAS","styleUrl":"#line9","stroke-opacity":1,"stroke":"#FF7F00","stroke-width":1,"name":"FONDO"}},
{"type":"Feature","geometry":{"type":"LineString","coordinates":[[-63.01393,-17.72817],[-63.01367,-17.72851]]},"properties":{"description":"ACERAS","styleUrl":"#line9","stroke-opacity":1,"stroke":"#FF7F00","stroke-width":1,"name":"FONDO"}},
{"type":"Feature","geometry":{"type":"LineString","coordinates":[[-63.01367,-17.72851],[-63.01367,-17.72852],[-63.01366,-17.72852],[-63.01365,-17.72853],[-63.01364,-17.72853],[-63.01364,-17.72854],[-63.01363,-17.72854],[-63.01362,-17.72854],[-63.01362,-17.72855],[-63.01361,-17.72855],[-63.0136,-17.72855],[-63.01359,-17.72855],[-63.01358,-17.72855],[-63.01357,-17.72855],[-63.01356,-17.72855],[-63.01355,-17.72855],[-63.01354,-17.72855],[-63.01354,-17.72854]]},"properties":{"description":"ACERAS","styleUrl":"#line9","stroke-opacity":1,"stroke":"#FF7F00","stroke-width":1,"name":"FONDO"}},
{"type":"Feature","geometry":{"type":"LineString","coordinates":[[-63.01349,-17.72874],[-63.01325,-17.72906]]},"properties":{"description":"ACERAS","styleUrl":"#line9","stroke-opacity":1,"stroke":"#FF7F00","stroke-width":1,"name":"FONDO"}},
{"type":"Feature","geometry":{"type":"LineString","coordinates":[[-63.0147,-17.73054],[-63.01488,-17.73051]]},"properties":{"description":"ACERAS","styleUrl":"#line9","stroke-opacity":1,"stroke":"#FF7F00","stroke-width":1,"name":"FONDO"}},
{"type":"Feature","geometry":{"type":"LineString","coordinates":[[-63.01167,-17.72711],[-63.01131,-17.72683]]},"properties":{"description":"ACERAS","styleUrl":"#line9","stroke-opacity":1,"stroke":"#FF7F00","stroke-width":1,"name":"FONDO"}},
{"type":"Feature","geometry":{"type":"LineString","coordinates":[[-63.01111,-17.72682],[-63.01112,-17.72681],[-63.01113,-17.72681],[-63.01114,-17.7268],[-63.01115,-17.7268],[-63.01116,-17.7268],[-63.01116,-17.72679],[-63.01117,-17.72679],[-63.01118,-17.72679],[-63.01119,-17.72679],[-63.0112,-17.72679],[-63.01121,-17.72679],[-63.01122,-17.72679],[-63.01123,-17.72679],[-63.01124,-17.72679],[-63.01125,-17.7268],[-63.01126,-17.7268],[-63.01127,-17.7268],[-63.01128,-17.72681],[-63.01129,-17.72681],[-63.0113,-17.72682],[-63.01131,-17.72682],[-63.01131,-17.72683]]},"properties":{"description":"ACERAS","styleUrl":"#line9","stroke-opacity":1,"stroke":"#FF7F00","stroke-width":1,"name":"FONDO"}},
{"type":"Feature","geometry":{"type":"LineString","coordinates":[[-63.01177,-17.72711],[-63.01145,-17.72685]]},"properties":{"description":"ACERAS","styleUrl":"#line9","stroke-opacity":1,"stroke":"#FF7F00","stroke-width":1,"name":"FONDO"}},
{"type":"Feature","geometry":{"type":"LineString","coordinates":[[-63.01189,-17.72711],[-63.01188,-17.72711],[-63.01188,-17.72712],[-63.01187,-17.72712],[-63.01186,-17.72712],[-63.01185,-17.72712],[-63.01185,-17.72713],[-63.01184,-17.72713],[-63.01183,-17.72713],[-63.01182,-17.72713],[-63.01181,-17.72713],[-63.01181,-17.72712],[-63.0118,-17.72712],[-63.01179,-17.72712],[-63.01179,-17.72711],[-63.01178,-17.72711],[-63.01177,-17.72711]]},"properties":{"description":"ACERAS","styleUrl":"#line9","stroke-opacity":1,"stroke":"#FF7F00","stroke-width":1,"name":"FONDO"}},
{"type":"Feature","geometry":{"type":"LineString","coordinates":[[-63.01348,-17.72462],[-63.01385,-17.72402]]},"properties":{"description":"ACERAS","styleUrl":"#line9","stroke-opacity":1,"stroke":"#FF7F00","stroke-width":1,"name":"FONDO"}},
{"type":"Feature","geometry":{"type":"LineString","coordinates":[[-63.01376,-17.72449],[-63.01422,-17.72374]]},"properties":{"description":"ACERAS","styleUrl":"#line9","stroke-opacity":1,"stroke":"#FF7F00","stroke-width":1,"name":"FONDO"}},
{"type":"Feature","geometry":{"type":"LineString","coordinates":[[-63.01385,-17.72402],[-63.01421,-17.72344]]},"properties":{"description":"ACERAS","styleUrl":"#line9","stroke-opacity":1,"stroke":"#FF7F00","stroke-width":1,"name":"FONDO"}},
{"type":"Feature","geometry":{"type":"LineString","coordinates":[[-63.01437,-17.72349],[-63.01448,-17.72332]]},"properties":{"description":"ACERAS","styleUrl":"#line9","stroke-opacity":1,"stroke":"#FF7F00","stroke-width":1,"name":"FONDO"}},
{"type":"Feature","geometry":{"type":"LineString","coordinates":[[-63.01421,-17.72344],[-63.01432,-17.72325]]},"properties":{"description":"ACERAS","styleUrl":"#line9","stroke-opacity":1,"stroke":"#FF7F00","stroke-width":1,"name":"FONDO"}},
{"type":"Feature","geometry":{"type":"LineString","coordinates":[[-63.01333,-17.72507],[-63.01362,-17.72472]]},"properties":{"description":"ACERAS","styleUrl":"#line9","stroke-opacity":1,"stroke":"#FF7F00","stroke-width":1,"name":"FONDO"}},
{"type":"Feature","geometry":{"type":"LineString","coordinates":[[-63.01338,-17.72524],[-63.01337,-17.72524],[-63.01337,-17.72523],[-63.01336,-17.72523],[-63.01335,-17.72523],[-63.01335,-17.72522],[-63.01334,-17.72522],[-63.01334,-17.72521],[-63.01333,-17.72521],[-63.01333,-17.7252],[-63.01332,-17.72519],[-63.01332,-17.72518],[-63.01331,-17.72518],[-63.01331,-17.72517],[-63.01331,-17.72516],[-63.01331,-17.72515],[-63.01331,-17.72514],[-63.01331,-17.72513],[-63.01331,-17.72512],[-63.01331,-17.72511],[-63.01331,-17.7251],[-63.01332,-17.7251],[-63.01332,-17.72509],[-63.01332,-17.72508],[-63.01333,-17.72508],[-63.01333,-17.72507]]},"properties":{"description":"ACERAS","styleUrl":"#line9","stroke-opacity":1,"stroke":"#FF7F00","stroke-width":1,"name":"FONDO"}},
{"type":"Feature","geometry":{"type":"LineString","coordinates":[[-63.01306,-17.72514],[-63.01348,-17.72462]]},"properties":{"description":"ACERAS","styleUrl":"#line9","stroke-opacity":1,"stroke":"#FF7F00","stroke-width":1,"name":"FONDO"}},
{"type":"Feature","geometry":{"type":"LineString","coordinates":[[-63.01524,-17.72143],[-63.01539,-17.72124]]},"properties":{"description":"ACERAS","styleUrl":"#line9","stroke-opacity":1,"stroke":"#FF7F00","stroke-width":1,"name":"FONDO"}},
{"type":"Feature","geometry":{"type":"LineString","coordinates":[[-63.01532,-17.72172],[-63.01531,-17.72172],[-63.0153,-17.72171],[-63.01529,-17.72171],[-63.01529,-17.7217],[-63.01528,-17.7217],[-63.01527,-17.72169],[-63.01526,-17.72169],[-63.01526,-17.72168],[-63.01525,-17.72168],[-63.01525,-17.72167],[-63.01524,-17.72167],[-63.01524,-17.72166],[-63.01524,-17.72165],[-63.01523,-17.72165],[-63.01523,-17.72164],[-63.01522,-17.72164],[-63.01522,-17.72163],[-63.01522,-17.72162],[-63.01521,-17.72162],[-63.01521,-17.72161],[-63.01521,-17.7216],[-63.01521,-17.72159],[-63.01521,-17.72158],[-63.0152,-17.72158],[-63.0152,-17.72157],[-63.0152,-17.72156],[-63.0152,-17.72155],[-63.0152,-17.72154],[-63.0152,-17.72153],[-63.0152,-17.72152],[-63.0152,-17.72151],[-63.01521,-17.72151],[-63.01521,-17.7215],[-63.01521,-17.72149],[-63.01521,-17.72148],[-63.01522,-17.72147],[-63.01522,-17.72146],[-63.01522,-17.72145],[-63.01523,-17.72145],[-63.01523,-17.72144],[-63.01524,-17.72144],[-63.01524,-17.72143]]},"properties":{"description":"ACERAS","styleUrl":"#line9","stroke-opacity":1,"stroke":"#FF7F00","stroke-width":1,"name":"FONDO"}},
{"type":"Feature","geometry":{"type":"LineString","coordinates":[[-63.01484,-17.72168],[-63.01529,-17.72108]]},"properties":{"description":"ACERAS","styleUrl":"#line9","stroke-opacity":1,"stroke":"#FF7F00","stroke-width":1,"name":"FONDO"}},
{"type":"Feature","geometry":{"type":"LineString","coordinates":[[-63.01492,-17.72197],[-63.01482,-17.72227]]},"properties":{"description":"ACERAS","styleUrl":"#line9","stroke-opacity":1,"stroke":"#FF7F00","stroke-width":1,"name":"FONDO"}},
{"type":"Feature","geometry":{"type":"LineString","coordinates":[[-63.01492,-17.72197],[-63.01493,-17.72196],[-63.01493,-17.72195],[-63.01493,-17.72194],[-63.01494,-17.72194],[-63.01494,-17.72193],[-63.01494,-17.72192],[-63.01495,-17.72192],[-63.01495,-17.72191],[-63.01496,-17.72191],[-63.01496,-17.7219],[-63.01497,-17.7219],[-63.01497,-17.72189],[-63.01498,-17.72189],[-63.01498,-17.72188],[-63.01499,-17.72188],[-63.01499,-17.72187],[-63.015,-17.72187],[-63.01501,-17.72186],[-63.01502,-17.72186],[-63.01502,-17.72185],[-63.01503,-17.72185],[-63.01504,-17.72185],[-63.01505,-17.72184],[-63.01506,-17.72184],[-63.01507,-17.72184],[-63.01508,-17.72184],[-63.01508,-17.72183],[-63.01509,-17.72183],[-63.0151,-17.72183],[-63.01511,-17.72183],[-63.01512,-17.72183],[-63.01513,-17.72183],[-63.01514,-17.72183],[-63.01515,-17.72183],[-63.01515,-17.72184],[-63.01516,-17.72184],[-63.01517,-17.72184],[-63.01518,-17.72184],[-63.01519,-17.72184],[-63.01519,-17.72185],[-63.0152,-17.72185]]},"properties":{"description":"ACERAS","styleUrl":"#line9","stroke-opacity":1,"stroke":"#FF7F00","stroke-width":1,"name":"FONDO"}},
{"type":"Feature","geometry":{"type":"LineString","coordinates":[[-63.01484,-17.72168],[-63.01462,-17.72236]]},"properties":{"description":"ACERAS","styleUrl":"#line9","stroke-opacity":1,"stroke":"#FF7F00","stroke-width":1,"name":"FONDO"}},
{"type":"Feature","geometry":{"type":"LineString","coordinates":[[-63.01461,-17.72236],[-63.01446,-17.72284]]},"properties":{"description":"ACERAS","styleUrl":"#line9","stroke-opacity":1,"stroke":"#FF7F00","stroke-width":1,"name":"FONDO"}},
{"type":"Feature","geometry":{"type":"LineString","coordinates":[[-63.01452,-17.72317],[-63.01448,-17.72332]]},"properties":{"description":"ACERAS","styleUrl":"#line9","stroke-opacity":1,"stroke":"#FF7F00","stroke-width":1,"name":"FONDO"}},
{"type":"Feature","geometry":{"type":"LineString","coordinates":[[-63.01446,-17.72284],[-63.01432,-17.72325]]},"properties":{"description":"ACERAS","styleUrl":"#line9","stroke-opacity":1,"stroke":"#FF7F00","stroke-width":1,"name":"FONDO"}},
{"type":"Feature","geometry":{"type":"LineString","coordinates":[[-63.01555,-17.72711],[-63.01512,-17.72696]]},"properties":{"description":"ACERAS","styleUrl":"#line9","stroke-opacity":1,"stroke":"#FF7F00","stroke-width":1,"name":"FONDO"}},
{"type":"Feature","geometry":{"type":"LineString","coordinates":[[-63.01555,-17.72711],[-63.01556,-17.72711],[-63.01557,-17.72711],[-63.01557,-17.72712],[-63.01558,-17.72712],[-63.01559,-17.72713],[-63.0156,-17.72713],[-63.0156,-17.72714],[-63.01561,-17.72714],[-63.01561,-17.72715],[-63.01562,-17.72715],[-63.01562,-17.72716],[-63.01563,-17.72716],[-63.01563,-17.72717],[-63.01564,-17.72717],[-63.01564,-17.72718],[-63.01564,-17.72719],[-63.01565,-17.72719],[-63.01565,-17.7272],[-63.01565,-17.72721],[-63.01566,-17.72721],[-63.01566,-17.72722],[-63.01566,-17.72723],[-63.01566,-17.72724],[-63.01566,-17.72725],[-63.01566,-17.72726],[-63.01566,-17.72727],[-63.01566,-17.72728],[-63.01566,-17.72729],[-63.01566,-17.7273],[-63.01566,-17.72731],[-63.01565,-17.72732],[-63.01565,-17.72733],[-63.01565,-17.72734],[-63.01564,-17.72734],[-63.01564,-17.72735],[-63.01563,-17.72736]]},"properties":{"description":"ACERAS","styleUrl":"#line9","stroke-opacity":1,"stroke":"#FF7F00","stroke-width":1,"name":"FONDO"}},
{"type":"Feature","geometry":{"type":"LineString","coordinates":[[-63.01492,-17.72702],[-63.01492,-17.72701],[-63.01493,-17.72701],[-63.01493,-17.727],[-63.01494,-17.727],[-63.01494,-17.72699],[-63.01495,-17.72699],[-63.01495,-17.72698],[-63.01496,-17.72698],[-63.01497,-17.72698],[-63.01497,-17.72697],[-63.01498,-17.72697],[-63.01499,-17.72696],[-63.015,-17.72696],[-63.01501,-17.72696],[-63.01501,-17.72695],[-63.01502,-17.72695],[-63.01503,-17.72695],[-63.01504,-17.72695],[-63.01505,-17.72695],[-63.01506,-17.72695],[-63.01507,-17.72695],[-63.01508,-17.72695],[-63.01509,-17.72695],[-63.0151,-17.72695],[-63.01511,-17.72695],[-63.01511,-17.72696],[-63.01512,-17.72696]]},"properties":{"description":"ACERAS","styleUrl":"#line9","stroke-opacity":1,"stroke":"#FF7F00","stroke-width":1,"name":"FONDO"}},
{"type":"Feature","geometry":{"type":"LineString","coordinates":[[-63.01598,-17.72697],[-63.01537,-17.72676]]},"properties":{"description":"ACERAS","styleUrl":"#line9","stroke-opacity":1,"stroke":"#FF7F00","stroke-width":1,"name":"FONDO"}},
{"type":"Feature","geometry":{"type":"LineString","coordinates":[[-63.01265,-17.72563],[-63.01306,-17.72514]]},"properties":{"description":"ACERAS","styleUrl":"#line9","stroke-opacity":1,"stroke":"#FF7F00","stroke-width":1,"name":"FONDO"}},
{"type":"Feature","geometry":{"type":"LineString","coordinates":[[-63.01293,-17.72555],[-63.01314,-17.7253]]},"properties":{"description":"ACERAS","styleUrl":"#line9","stroke-opacity":1,"stroke":"#FF7F00","stroke-width":1,"name":"FONDO"}},
{"type":"Feature","geometry":{"type":"LineString","coordinates":[[-63.01314,-17.7253],[-63.01315,-17.7253],[-63.01315,-17.72529],[-63.01316,-17.72529],[-63.01316,-17.72528],[-63.01317,-17.72528],[-63.01317,-17.72527],[-63.01318,-17.72527],[-63.01319,-17.72527],[-63.0132,-17.72527],[-63.0132,-17.72526],[-63.01321,-17.72526],[-63.01322,-17.72526],[-63.01323,-17.72526],[-63.01324,-17.72526],[-63.01325,-17.72526],[-63.01326,-17.72526],[-63.01326,-17.72527],[-63.01327,-17.72527]]},"properties":{"description":"ACERAS","styleUrl":"#line9","stroke-opacity":1,"stroke":"#FF7F00","stroke-width":1,"name":"FONDO"}},
{"type":"Feature","geometry":{"type":"LineString","coordinates":[[-63.01302,-17.72585],[-63.01301,-17.72585],[-63.013,-17.72585],[-63.013,-17.72584],[-63.01299,-17.72584],[-63.01298,-17.72584],[-63.01298,-17.72583],[-63.01297,-17.72583],[-63.01297,-17.72582],[-63.01296,-17.72582],[-63.01295,-17.72581],[-63.01294,-17.7258],[-63.01293,-17.72579],[-63.01293,-17.72578],[-63.01292,-17.72578],[-63.01292,-17.72577],[-63.01291,-17.72577],[-63.01291,-17.72576],[-63.01291,-17.72575],[-63.0129,-17.72575],[-63.0129,-17.72574],[-63.0129,-17.72573],[-63.0129,-17.72572],[-63.01289,-17.72571],[-63.01289,-17.7257],[-63.01289,-17.72569],[-63.01289,-17.72568],[-63.01289,-17.72567],[-63.01289,-17.72566],[-63.01289,-17.72565],[-63.01289,-17.72564],[-63.01289,-17.72563],[-63.0129,-17.72563],[-63.0129,-17.72562],[-63.0129,-17.72561],[-63.0129,-17.7256],[-63.01291,-17.7256],[-63.01291,-17.72559],[-63.01291,-17.72558],[-63.01292,-17.72558],[-63.01292,-17.72557],[-63.01292,-17.72556],[-63.01293,-17.72556],[-63.01293,-17.72555]]},"properties":{"description":"ACERAS","styleUrl":"#line9","stroke-opacity":1,"stroke":"#FF7F00","stroke-width":1,"name":"FONDO"}},
{"type":"Feature","geometry":{"type":"LineString","coordinates":[[-63.01595,-17.72049],[-63.01613,-17.72025]]},"properties":{"description":"ACERAS","styleUrl":"#line9","stroke-opacity":1,"stroke":"#FF7F00","stroke-width":1,"name":"FONDO"}},
{"type":"Feature","geometry":{"type":"LineString","coordinates":[[-63.01613,-17.72025],[-63.01613,-17.72024],[-63.01614,-17.72024],[-63.01614,-17.72023],[-63.01615,-17.72023],[-63.01616,-17.72023],[-63.01616,-17.72022],[-63.01617,-17.72022],[-63.01618,-17.72022],[-63.01618,-17.72021],[-63.01619,-17.72021],[-63.0162,-17.72021],[-63.01621,-17.72021],[-63.01622,-17.72021],[-63.01623,-17.72021],[-63.01624,-17.72021],[-63.01625,-17.72021],[-63.01626,-17.72021]]},"properties":{"description":"ACERAS","styleUrl":"#line9","stroke-opacity":1,"stroke":"#FF7F00","stroke-width":1,"name":"FONDO"}},
{"type":"Feature","geometry":{"type":"LineString","coordinates":[[-63.01576,-17.72046],[-63.01619,-17.71989]]},"properties":{"description":"ACERAS","styleUrl":"#line9","stroke-opacity":1,"stroke":"#FF7F00","stroke-width":1,"name":"FONDO"}},
{"type":"Feature","geometry":{"type":"LineString","coordinates":[[-63.02108,-17.72187],[-63.02159,-17.72132]]},"properties":{"description":"ACERAS","styleUrl":"#line9","stroke-opacity":1,"stroke":"#FF7F00","stroke-width":1,"name":"FONDO"}},
{"type":"Feature","geometry":{"type":"LineString","coordinates":[[-63.021,-17.72187],[-63.02123,-17.72161]]},"properties":{"description":"ACERAS","styleUrl":"#line9","stroke-opacity":1,"stroke":"#FF7F00","stroke-width":1,"name":"FONDO"}},
{"type":"Feature","geometry":{"type":"LineString","coordinates":[[-63.021,-17.72187],[-63.02099,-17.72187],[-63.02099,-17.72188],[-63.02098,-17.72188],[-63.02098,-17.72189],[-63.02097,-17.72189],[-63.02096,-17.72189],[-63.02096,-17.7219],[-63.02095,-17.7219],[-63.02094,-17.7219],[-63.02093,-17.7219],[-63.02092,-17.7219],[-63.02091,-17.7219],[-63.0209,-17.7219],[-63.02089,-17.72189]]},"properties":{"description":"ACERAS","styleUrl":"#line9","stroke-opacity":1,"stroke":"#FF7F00","stroke-width":1,"name":"FONDO"}},
{"type":"Feature","geometry":{"type":"LineString","coordinates":[[-63.0163,-17.72002],[-63.01649,-17.71978]]},"properties":{"description":"ACERAS","styleUrl":"#line9","stroke-opacity":1,"stroke":"#FF7F00","stroke-width":1,"name":"FONDO"}},
{"type":"Feature","geometry":{"type":"LineString","coordinates":[[-63.01666,-17.71954],[-63.01685,-17.7193]]},"properties":{"description":"ACERAS","styleUrl":"#line9","stroke-opacity":1,"stroke":"#FF7F00","stroke-width":1,"name":"FONDO"}},
{"type":"Feature","geometry":{"type":"LineString","coordinates":[[-63.01685,-17.7193],[-63.01685,-17.71929],[-63.01686,-17.71929],[-63.01686,-17.71928],[-63.01687,-17.71928],[-63.01687,-17.71927],[-63.01688,-17.71927],[-63.01689,-17.71927],[-63.01689,-17.71926],[-63.0169,-17.71926],[-63.01691,-17.71926],[-63.01692,-17.71926],[-63.01692,-17.71925],[-63.01693,-17.71925],[-63.01694,-17.71925],[-63.01695,-17.71925],[-63.01695,-17.71926],[-63.01696,-17.71926],[-63.01697,-17.71926],[-63.01698,-17.71926]]},"properties":{"description":"ACERAS","styleUrl":"#line9","stroke-opacity":1,"stroke":"#FF7F00","stroke-width":1,"name":"FONDO"}},
{"type":"Feature","geometry":{"type":"LineString","coordinates":[[-63.01619,-17.71989],[-63.01662,-17.71933]]},"properties":{"description":"ACERAS","styleUrl":"#line9","stroke-opacity":1,"stroke":"#FF7F00","stroke-width":1,"name":"FONDO"}},
{"type":"Feature","geometry":{"type":"LineString","coordinates":[[-63.02159,-17.72132],[-63.02209,-17.72077]]},"properties":{"description":"ACERAS","styleUrl":"#line9","stroke-opacity":1,"stroke":"#FF7F00","stroke-width":1,"name":"FONDO"}},
{"type":"Feature","geometry":{"type":"LineString","coordinates":[[-63.02141,-17.72141],[-63.02165,-17.72115]]},"properties":{"description":"ACERAS","styleUrl":"#line9","stroke-opacity":1,"stroke":"#FF7F00","stroke-width":1,"name":"FONDO"}},
{"type":"Feature","geometry":{"type":"LineString","coordinates":[[-63.02141,-17.72141],[-63.02141,-17.72142],[-63.0214,-17.72142],[-63.0214,-17.72143],[-63.02139,-17.72143],[-63.02138,-17.72143],[-63.02138,-17.72144],[-63.02137,-17.72144],[-63.02136,-17.72144],[-63.02135,-17.72144],[-63.02134,-17.72144],[-63.02133,-17.72144],[-63.02132,-17.72144],[-63.02131,-17.72144]]},"properties":{"description":"ACERAS","styleUrl":"#line9","stroke-opacity":1,"stroke":"#FF7F00","stroke-width":1,"name":"FONDO"}},
{"type":"Feature","geometry":{"type":"LineString","coordinates":[[-63.01582,-17.72906],[-63.01551,-17.72889]]},"properties":{"description":"ACERAS","styleUrl":"#line9","stroke-opacity":1,"stroke":"#FF7F00","stroke-width":1,"name":"FONDO"}},
{"type":"Feature","geometry":{"type":"LineString","coordinates":[[-63.01582,-17.72906],[-63.01583,-17.72906],[-63.01583,-17.72907],[-63.01584,-17.72907],[-63.01584,-17.72908],[-63.01585,-17.72908],[-63.01585,-17.72909],[-63.01586,-17.72909],[-63.01586,-17.7291],[-63.01586,-17.72911],[-63.01587,-17.72911],[-63.01587,-17.72912],[-63.01587,-17.72913],[-63.01587,-17.72914],[-63.01587,-17.72915],[-63.01587,-17.72916],[-63.01587,-17.72917],[-63.01586,-17.72917],[-63.01586,-17.72918],[-63.01586,-17.72919],[-63.01585,-17.72919]]},"properties":{"description":"ACERAS","styleUrl":"#line9","stroke-opacity":1,"stroke":"#FF7F00","stroke-width":1,"name":"FONDO"}},
{"type":"Feature","geometry":{"type":"LineString","coordinates":[[-63.01539,-17.72892],[-63.01539,-17.72891],[-63.0154,-17.72891],[-63.0154,-17.7289],[-63.01541,-17.7289],[-63.01541,-17.72889],[-63.01542,-17.72889],[-63.01543,-17.72889],[-63.01543,-17.72888],[-63.01544,-17.72888],[-63.01545,-17.72888],[-63.01546,-17.72888],[-63.01547,-17.72888],[-63.01548,-17.72888],[-63.01549,-17.72888],[-63.01549,-17.72889],[-63.0155,-17.72889],[-63.01551,-17.72889]]},"properties":{"description":"ACERAS","styleUrl":"#line9","stroke-opacity":1,"stroke":"#FF7F00","stroke-width":1,"name":"FONDO"}},
{"type":"Feature","geometry":{"type":"LineString","coordinates":[[-63.01529,-17.72877],[-63.01491,-17.72857]]},"properties":{"description":"ACERAS","styleUrl":"#line9","stroke-opacity":1,"stroke":"#FF7F00","stroke-width":1,"name":"FONDO"}},
{"type":"Feature","geometry":{"type":"LineString","coordinates":[[-63.01529,-17.72877],[-63.01529,-17.72878],[-63.0153,-17.72878],[-63.01531,-17.72879],[-63.01532,-17.7288],[-63.01532,-17.72881],[-63.01533,-17.72881],[-63.01533,-17.72882],[-63.01533,-17.72883],[-63.01533,-17.72884],[-63.01533,-17.72885],[-63.01533,-17.72886],[-63.01533,-17.72887],[-63.01533,-17.72888],[-63.01533,-17.72889],[-63.01532,-17.72889],[-63.01532,-17.7289]]},"properties":{"description":"ACERAS","styleUrl":"#line9","stroke-opacity":1,"stroke":"#FF7F00","stroke-width":1,"name":"FONDO"}},
{"type":"Feature","geometry":{"type":"LineString","coordinates":[[-63.01478,-17.72859],[-63.01479,-17.72859],[-63.01479,-17.72858],[-63.0148,-17.72858],[-63.0148,-17.72857],[-63.01481,-17.72857],[-63.01482,-17.72856],[-63.01483,-17.72856],[-63.01484,-17.72856],[-63.01485,-17.72855],[-63.01486,-17.72855],[-63.01487,-17.72855],[-63.01488,-17.72856],[-63.01489,-17.72856],[-63.0149,-17.72856],[-63.01491,-17.72856],[-63.01491,-17.72857]]},"properties":{"description":"ACERAS","styleUrl":"#line9","stroke-opacity":1,"stroke":"#FF7F00","stroke-width":1,"name":"FONDO"}},
{"type":"Feature","geometry":{"type":"LineString","coordinates":[[-63.01468,-17.72844],[-63.01416,-17.72816]]},"properties":{"description":"ACERAS","styleUrl":"#line9","stroke-opacity":1,"stroke":"#FF7F00","stroke-width":1,"name":"FONDO"}},
{"type":"Feature","geometry":{"type":"LineString","coordinates":[[-63.01468,-17.72844],[-63.01468,-17.72845],[-63.01469,-17.72845],[-63.0147,-17.72845],[-63.0147,-17.72846],[-63.01471,-17.72846],[-63.01471,-17.72847],[-63.01472,-17.72847],[-63.01472,-17.72848],[-63.01472,-17.72849],[-63.01473,-17.72849],[-63.01473,-17.7285],[-63.01473,-17.72851],[-63.01473,-17.72852],[-63.01473,-17.72853],[-63.01473,-17.72854],[-63.01473,-17.72855],[-63.01473,-17.72856],[-63.01472,-17.72856],[-63.01472,-17.72857],[-63.01471,-17.72857],[-63.01471,-17.72858]]},"properties":{"description":"ACERAS","styleUrl":"#line9","stroke-opacity":1,"stroke":"#FF7F00","stroke-width":1,"name":"FONDO"}},
{"type":"Feature","geometry":{"type":"LineString","coordinates":[[-63.01402,-17.72819],[-63.01403,-17.72818],[-63.01404,-17.72818],[-63.01404,-17.72817],[-63.01405,-17.72817],[-63.01405,-17.72816],[-63.01406,-17.72816],[-63.01407,-17.72816],[-63.01407,-17.72815],[-63.01408,-17.72815],[-63.01409,-17.72815],[-63.0141,-17.72815],[-63.01411,-17.72815],[-63.01412,-17.72815],[-63.01413,-17.72815],[-63.01414,-17.72815],[-63.01414,-17.72816],[-63.01415,-17.72816],[-63.01416,-17.72816]]},"properties":{"description":"ACERAS","styleUrl":"#line9","stroke-opacity":1,"stroke":"#FF7F00","stroke-width":1,"name":"FONDO"}},
{"type":"Feature","geometry":{"type":"LineString","coordinates":[[-63.01588,-17.72902],[-63.01557,-17.72885]]},"properties":{"description":"ACERAS","styleUrl":"#line9","stroke-opacity":1,"stroke":"#FF7F00","stroke-width":1,"name":"FONDO"}},
{"type":"Feature","geometry":{"type":"LineString","coordinates":[[-63.016,-17.729],[-63.01599,-17.72901],[-63.01598,-17.72901],[-63.01598,-17.72902],[-63.01597,-17.72902],[-63.01596,-17.72903],[-63.01595,-17.72903],[-63.01594,-17.72903],[-63.01593,-17.72903],[-63.01592,-17.72903],[-63.01591,-17.72903],[-63.0159,-17.72903],[-63.01589,-17.72903],[-63.01589,-17.72902],[-63.01588,-17.72902]]},"properties":{"description":"ACERAS","styleUrl":"#line9","stroke-opacity":1,"stroke":"#FF7F00","stroke-width":1,"name":"FONDO"}},
{"type":"Feature","geometry":{"type":"LineString","coordinates":[[-63.01557,-17.72885],[-63.01556,-17.72885],[-63.01556,-17.72884],[-63.01555,-17.72884],[-63.01555,-17.72883],[-63.01554,-17.72883],[-63.01554,-17.72882],[-63.01553,-17.72882],[-63.01553,-17.72881],[-63.01553,-17.7288],[-63.01552,-17.7288],[-63.01552,-17.72879],[-63.01552,-17.72878],[-63.01552,-17.72877],[-63.01552,-17.72876],[-63.01552,-17.72875],[-63.01552,-17.72874],[-63.01553,-17.72874],[-63.01553,-17.72873],[-63.01553,-17.72872],[-63.01554,-17.72872]]},"properties":{"description":"ACERAS","styleUrl":"#line9","stroke-opacity":1,"stroke":"#FF7F00","stroke-width":1,"name":"FONDO"}},
{"type":"Feature","geometry":{"type":"LineString","coordinates":[[-63.01534,-17.72873],[-63.01496,-17.72852]]},"properties":{"description":"ACERAS","styleUrl":"#line9","stroke-opacity":1,"stroke":"#FF7F00","stroke-width":1,"name":"FONDO"}},
{"type":"Feature","geometry":{"type":"LineString","coordinates":[[-63.01474,-17.7284],[-63.01423,-17.72813]]},"properties":{"description":"ACERAS","styleUrl":"#line9","stroke-opacity":1,"stroke":"#FF7F00","stroke-width":1,"name":"FONDO"}},
{"type":"Feature","geometry":{"type":"LineString","coordinates":[[-63.01486,-17.72838],[-63.01486,-17.72839],[-63.01485,-17.72839],[-63.01485,-17.7284],[-63.01484,-17.7284],[-63.01483,-17.7284],[-63.01483,-17.72841],[-63.01482,-17.72841],[-63.01481,-17.72841],[-63.0148,-17.72841],[-63.01479,-17.72841],[-63.01478,-17.72841],[-63.01477,-17.72841],[-63.01476,-17.72841],[-63.01475,-17.72841],[-63.01474,-17.72841],[-63.01474,-17.7284]]},"properties":{"description":"ACERAS","styleUrl":"#line9","stroke-opacity":1,"stroke":"#FF7F00","stroke-width":1,"name":"FONDO"}},
{"type":"Feature","geometry":{"type":"LineString","coordinates":[[-63.01776,-17.72667],[-63.01801,-17.72627]]},"properties":{"description":"ACERAS","styleUrl":"#line9","stroke-opacity":1,"stroke":"#FF7F00","stroke-width":1,"name":"FONDO"}},
{"type":"Feature","geometry":{"type":"LineString","coordinates":[[-63.01776,-17.72667],[-63.01775,-17.72667],[-63.01775,-17.72668],[-63.01775,-17.72669],[-63.01774,-17.72669],[-63.01773,-17.7267],[-63.01772,-17.7267],[-63.01772,-17.72671],[-63.01771,-17.72671],[-63.0177,-17.72671],[-63.01769,-17.72671],[-63.01768,-17.72671],[-63.01767,-17.72671],[-63.01766,-17.72671],[-63.01765,-17.72671],[-63.01764,-17.72671]]},"properties":{"description":"ACERAS","styleUrl":"#line9","stroke-opacity":1,"stroke":"#FF7F00","stroke-width":1,"name":"FONDO"}},
{"type":"Feature","geometry":{"type":"LineString","coordinates":[[-63.01779,-17.72674],[-63.01812,-17.72621]]},"properties":{"description":"ACERAS","styleUrl":"#line9","stroke-opacity":1,"stroke":"#FF7F00","stroke-width":1,"name":"FONDO"}},
{"type":"Feature","geometry":{"type":"LineString","coordinates":[[-63.01828,-17.72594],[-63.01847,-17.72563]]},"properties":{"description":"ACERAS","styleUrl":"#line9","stroke-opacity":1,"stroke":"#FF7F00","stroke-width":1,"name":"FONDO"}},
{"type":"Feature","geometry":{"type":"LineString","coordinates":[[-63.01858,-17.72533],[-63.0188,-17.72497]]},"properties":{"description":"ACERAS","styleUrl":"#line9","stroke-opacity":1,"stroke":"#FF7F00","stroke-width":1,"name":"FONDO"}},
{"type":"Feature","geometry":{"type":"LineString","coordinates":[[-63.01858,-17.72533],[-63.01858,-17.72534],[-63.01857,-17.72534],[-63.01857,-17.72535],[-63.01856,-17.72535],[-63.01856,-17.72536],[-63.01855,-17.72536],[-63.01855,-17.72537],[-63.01854,-17.72537],[-63.01853,-17.72537],[-63.01852,-17.72537],[-63.01852,-17.72538],[-63.01851,-17.72538],[-63.0185,-17.72538],[-63.01849,-17.72538],[-63.01848,-17.72538],[-63.01847,-17.72538],[-63.01847,-17.72537],[-63.01846,-17.72537]]},"properties":{"description":"ACERAS","styleUrl":"#line9","stroke-opacity":1,"stroke":"#FF7F00","stroke-width":1,"name":"FONDO"}},
{"type":"Feature","geometry":{"type":"LineString","coordinates":[[-63.01847,-17.72563],[-63.01889,-17.72495]]},"properties":{"description":"ACERAS","styleUrl":"#line9","stroke-opacity":1,"stroke":"#FF7F00","stroke-width":1,"name":"FONDO"}},
{"type":"Feature","geometry":{"type":"LineString","coordinates":[[-63.01889,-17.72495],[-63.01893,-17.72488]]},"properties":{"description":"ACERAS","styleUrl":"#line9","stroke-opacity":1,"stroke":"#FF7F00","stroke-width":1,"name":"FONDO"}},
{"type":"Feature","geometry":{"type":"LineString","coordinates":[[-63.01895,-17.72484],[-63.01915,-17.72446]]},"properties":{"description":"ACERAS","styleUrl":"#line9","stroke-opacity":1,"stroke":"#FF7F00","stroke-width":1,"name":"FONDO"}},
{"type":"Feature","geometry":{"type":"LineString","coordinates":[[-63.01892,-17.72475],[-63.01912,-17.72438]]},"properties":{"description":"ACERAS","styleUrl":"#line9","stroke-opacity":1,"stroke":"#FF7F00","stroke-width":1,"name":"FONDO"}},
{"type":"Feature","geometry":{"type":"LineString","coordinates":[[-63.01892,-17.72475],[-63.01892,-17.72476],[-63.01891,-17.72477],[-63.01891,-17.72478],[-63.0189,-17.72478],[-63.01889,-17.72478],[-63.01889,-17.72479],[-63.01888,-17.72479],[-63.01887,-17.7248],[-63.01886,-17.7248],[-63.01885,-17.7248],[-63.01884,-17.7248],[-63.01883,-17.7248],[-63.01882,-17.7248],[-63.01881,-17.7248],[-63.0188,-17.7248],[-63.0188,-17.72479]]},"properties":{"description":"ACERAS","styleUrl":"#line9","stroke-opacity":1,"stroke":"#FF7F00","stroke-width":1,"name":"FONDO"}},
{"type":"Feature","geometry":{"type":"LineString","coordinates":[[-63.01705,-17.72772],[-63.01499,-17.73045]]},"properties":{"description":"ACERAS","styleUrl":"#line9","stroke-opacity":1,"stroke":"#FF7F00","stroke-width":1,"name":"FONDO"}},
{"type":"Feature","geometry":{"type":"LineString","coordinates":[[-63.01499,-17.73045],[-63.01498,-17.73045],[-63.01498,-17.73046],[-63.01497,-17.73046],[-63.01497,-17.73047],[-63.01496,-17.73047],[-63.01496,-17.73048],[-63.01495,-17.73048],[-63.01495,-17.73049],[-63.01494,-17.73049],[-63.01493,-17.73049],[-63.01493,-17.7305],[-63.01492,-17.7305],[-63.01491,-17.7305],[-63.01491,-17.73051],[-63.0149,-17.73051],[-63.01489,-17.73051],[-63.01488,-17.73051]]},"properties":{"description":"ACERAS","styleUrl":"#line9","stroke-opacity":1,"stroke":"#FF7F00","stroke-width":1,"name":"FONDO"}},
{"type":"Feature","geometry":{"type":"LineString","coordinates":[[-63.01692,-17.72779],[-63.016,-17.729]]},"properties":{"description":"ACERAS","styleUrl":"#line9","stroke-opacity":1,"stroke":"#FF7F00","stroke-width":1,"name":"FONDO"}},
{"type":"Feature","geometry":{"type":"LineString","coordinates":[[-63.01585,-17.72919],[-63.01493,-17.73041]]},"properties":{"description":"ACERAS","styleUrl":"#line9","stroke-opacity":1,"stroke":"#FF7F00","stroke-width":1,"name":"FONDO"}},
{"type":"Feature","geometry":{"type":"LineString","coordinates":[[-63.01493,-17.73041],[-63.01493,-17.73042],[-63.01492,-17.73042],[-63.01492,-17.73043],[-63.01491,-17.73043],[-63.01491,-17.73044],[-63.0149,-17.73044],[-63.01489,-17.73044],[-63.01489,-17.73045],[-63.01488,-17.73045],[-63.01487,-17.73045]]},"properties":{"description":"ACERAS","styleUrl":"#line9","stroke-opacity":1,"stroke":"#FF7F00","stroke-width":1,"name":"FONDO"}},
{"type":"Feature","geometry":{"type":"LineString","coordinates":[[-63.01595,-17.72725],[-63.01623,-17.72734]]},"properties":{"description":"ACERAS","styleUrl":"#line9","stroke-opacity":1,"stroke":"#FF7F00","stroke-width":1,"name":"FONDO"}},
{"type":"Feature","geometry":{"type":"LineString","coordinates":[[-63.01623,-17.72734],[-63.01624,-17.72734],[-63.01624,-17.72735],[-63.01625,-17.72735],[-63.01626,-17.72735],[-63.01626,-17.72736],[-63.01627,-17.72736],[-63.01628,-17.72736],[-63.01628,-17.72737],[-63.01629,-17.72737],[-63.01629,-17.72738],[-63.0163,-17.72738],[-63.0163,-17.72739],[-63.01631,-17.72739],[-63.01631,-17.7274],[-63.01631,-17.72741],[-63.01632,-17.72741],[-63.01632,-17.72742],[-63.01633,-17.72742],[-63.01633,-17.72743],[-63.01633,-17.72744],[-63.01633,-17.72745],[-63.01634,-17.72745],[-63.01634,-17.72746],[-63.01634,-17.72747],[-63.01634,-17.72748],[-63.01634,-17.72749],[-63.01634,-17.7275],[-63.01634,-17.72751],[-63.01634,-17.72752],[-63.01634,-17.72753],[-63.01633,-17.72754],[-63.01633,-17.72755],[-63.01633,-17.72756],[-63.01632,-17.72756],[-63.01632,-17.72757],[-63.01632,-17.72758],[-63.01631,-17.72758],[-63.01631,-17.72759]]},"properties":{"description":"ACERAS","styleUrl":"#line9","stroke-opacity":1,"stroke":"#FF7F00","stroke-width":1,"name":"FONDO"}},
{"type":"Feature","geometry":{"type":"LineString","coordinates":[[-63.01663,-17.72747],[-63.01683,-17.72754]]},"properties":{"description":"ACERAS","styleUrl":"#line9","stroke-opacity":1,"stroke":"#FF7F00","stroke-width":1,"name":"FONDO"}},
{"type":"Feature","geometry":{"type":"LineString","coordinates":[[-63.01683,-17.72754],[-63.01684,-17.72754],[-63.01685,-17.72754],[-63.01685,-17.72755],[-63.01686,-17.72755],[-63.01687,-17.72755],[-63.01687,-17.72756],[-63.01688,-17.72756],[-63.01689,-17.72756],[-63.01689,-17.72757],[-63.0169,-17.72757],[-63.0169,-17.72758],[-63.01691,-17.72758],[-63.01691,-17.72759],[-63.01692,-17.7276],[-63.01692,-17.72761],[-63.01693,-17.72761],[-63.01693,-17.72762],[-63.01693,-17.72763],[-63.01694,-17.72763],[-63.01694,-17.72764],[-63.01694,-17.72765],[-63.01694,-17.72766],[-63.01695,-17.72766],[-63.01695,-17.72767],[-63.01695,-17.72768],[-63.01695,-17.72769],[-63.01695,-17.7277],[-63.01695,-17.72771],[-63.01695,-17.72772],[-63.01694,-17.72772],[-63.01694,-17.72773],[-63.01694,-17.72774],[-63.01694,-17.72775],[-63.01693,-17.72775],[-63.01693,-17.72776],[-63.01693,-17.72777],[-63.01692,-17.72777],[-63.01692,-17.72778],[-63.01692,-17.72779]]},"properties":{"description":"ACERAS","styleUrl":"#line9","stroke-opacity":1,"stroke":"#FF7F00","stroke-width":1,"name":"FONDO"}},
{"type":"Feature","geometry":{"type":"LineString","coordinates":[[-63.01598,-17.72697],[-63.01708,-17.72733]]},"properties":{"description":"ACERAS","styleUrl":"#line9","stroke-opacity":1,"stroke":"#FF7F00","stroke-width":1,"name":"FONDO"}},
{"type":"Feature","geometry":{"type":"LineString","coordinates":[[-63.01719,-17.72769],[-63.0172,-17.72769],[-63.01721,-17.72769],[-63.01721,-17.7277],[-63.01722,-17.7277],[-63.01723,-17.7277],[-63.01723,-17.72771],[-63.01724,-17.72771],[-63.01725,-17.72771],[-63.01725,-17.72772],[-63.01726,-17.72772],[-63.01727,-17.72772],[-63.01727,-17.72773],[-63.01728,-17.72773],[-63.01729,-17.72773],[-63.01729,-17.72774],[-63.0173,-17.72774],[-63.01731,-17.72774],[-63.01731,-17.72775],[-63.01732,-17.72775],[-63.01733,-17.72775],[-63.01733,-17.72776],[-63.01734,-17.72776],[-63.01735,-17.72776],[-63.01735,-17.72777],[-63.01736,-17.72777],[-63.01737,-17.72777],[-63.01737,-17.72778],[-63.01738,-17.72778]]},"properties":{"description":"ACERAS","styleUrl":"#line9","stroke-opacity":1,"stroke":"#FF7F00","stroke-width":1,"name":"FONDO"}},
{"type":"Feature","geometry":{"type":"LineString","coordinates":[[-63.01705,-17.72772],[-63.01705,-17.72771],[-63.01706,-17.72771],[-63.01706,-17.7277],[-63.01707,-17.7277],[-63.01707,-17.72769],[-63.01708,-17.72769],[-63.01709,-17.72769],[-63.01709,-17.72768],[-63.0171,-17.72768],[-63.01711,-17.72768],[-63.01712,-17.72768],[-63.01713,-17.72768],[-63.01713,-17.72767],[-63.01714,-17.72767],[-63.01715,-17.72767],[-63.01715,-17.72768],[-63.01716,-17.72768],[-63.01717,-17.72768],[-63.01718,-17.72768],[-63.01719,-17.72768],[-63.01719,-17.72769]]},"properties":{"description":"ACERAS","styleUrl":"#line9","stroke-opacity":1,"stroke":"#FF7F00","stroke-width":1,"name":"FONDO"}},
{"type":"Feature","geometry":{"type":"LineString","coordinates":[[-63.01327,-17.72527],[-63.01535,-17.72599]]},"properties":{"description":"ACERAS","styleUrl":"#line9","stroke-opacity":1,"stroke":"#FF7F00","stroke-width":1,"name":"FONDO"}},
{"type":"Feature","geometry":{"type":"LineString","coordinates":[[-63.01565,-17.72609],[-63.01756,-17.72675]]},"properties":{"description":"ACERAS","styleUrl":"#line9","stroke-opacity":1,"stroke":"#FF7F00","stroke-width":1,"name":"FONDO"}},
{"type":"Feature","geometry":{"type":"LineString","coordinates":[[-63.01756,-17.72675],[-63.01757,-17.72675],[-63.01758,-17.72675],[-63.01758,-17.72676],[-63.01759,-17.72676],[-63.01759,-17.72677],[-63.0176,-17.72677],[-63.0176,-17.72678],[-63.01761,-17.72678],[-63.01761,-17.72679],[-63.01762,-17.72679],[-63.01762,-17.7268],[-63.01762,-17.72681],[-63.01762,-17.72682],[-63.01763,-17.72682],[-63.01763,-17.72683],[-63.01763,-17.72684],[-63.01763,-17.72685],[-63.01762,-17.72685],[-63.01762,-17.72686],[-63.01762,-17.72687],[-63.01762,-17.72688],[-63.01761,-17.72688]]},"properties":{"description":"ACERAS","styleUrl":"#line9","stroke-opacity":1,"stroke":"#FF7F00","stroke-width":1,"name":"FONDO"}},
{"type":"Feature","geometry":{"type":"LineString","coordinates":[[-63.01552,-17.72613],[-63.01552,-17.72612],[-63.01553,-17.72612],[-63.01553,-17.72611],[-63.01554,-17.72611],[-63.01555,-17.7261],[-63.01556,-17.7261],[-63.01556,-17.72609],[-63.01557,-17.72609],[-63.01558,-17.72609],[-63.01559,-17.72609],[-63.01559,-17.72608],[-63.0156,-17.72608],[-63.01561,-17.72608],[-63.01562,-17.72608],[-63.01563,-17.72608],[-63.01564,-17.72609],[-63.01565,-17.72609]]},"properties":{"description":"ACERAS","styleUrl":"#line9","stroke-opacity":1,"stroke":"#FF7F00","stroke-width":1,"name":"FONDO"}},
{"type":"Feature","geometry":{"type":"LineString","coordinates":[[-63.01338,-17.72524],[-63.01543,-17.72595]]},"properties":{"description":"ACERAS","styleUrl":"#line9","stroke-opacity":1,"stroke":"#FF7F00","stroke-width":1,"name":"FONDO"}},
{"type":"Feature","geometry":{"type":"LineString","coordinates":[[-63.01557,-17.7259],[-63.01556,-17.7259],[-63.01556,-17.72591],[-63.01556,-17.72592],[-63.01555,-17.72592],[-63.01555,-17.72593],[-63.01554,-17.72593],[-63.01553,-17.72593],[-63.01553,-17.72594],[-63.01552,-17.72594],[-63.01551,-17.72594],[-63.01551,-17.72595],[-63.0155,-17.72595],[-63.01549,-17.72595],[-63.01548,-17.72595],[-63.01547,-17.72595],[-63.01546,-17.72595],[-63.01545,-17.72595],[-63.01544,-17.72595],[-63.01543,-17.72595]]},"properties":{"description":"ACERAS","styleUrl":"#line9","stroke-opacity":1,"stroke":"#FF7F00","stroke-width":1,"name":"FONDO"}},
{"type":"Feature","geometry":{"type":"LineString","coordinates":[[-63.01573,-17.72605],[-63.01764,-17.72671]]},"properties":{"description":"ACERAS","styleUrl":"#line9","stroke-opacity":1,"stroke":"#FF7F00","stroke-width":1,"name":"FONDO"}},
{"type":"Feature","geometry":{"type":"LineString","coordinates":[[-63.01761,-17.72688],[-63.0173,-17.72733]]},"properties":{"description":"ACERAS","styleUrl":"#line9","stroke-opacity":1,"stroke":"#FF7F00","stroke-width":1,"name":"FONDO"}},
{"type":"Feature","geometry":{"type":"LineString","coordinates":[[-63.01779,-17.72674],[-63.01737,-17.72734]]},"properties":{"description":"ACERAS","styleUrl":"#line9","stroke-opacity":1,"stroke":"#FF7F00","stroke-width":1,"name":"FONDO"}},
{"type":"Feature","geometry":{"type":"LineString","coordinates":[[-63.01715,-17.72737],[-63.01708,-17.72733]]},"properties":{"description":"ACERAS","styleUrl":"#line9","stroke-opacity":1,"stroke":"#FF7F00","stroke-width":1,"name":"FONDO"}},
{"type":"Feature","geometry":{"type":"LineString","coordinates":[[-63.0173,-17.72733],[-63.01729,-17.72733],[-63.01729,-17.72734],[-63.01728,-17.72734],[-63.01728,-17.72735],[-63.01727,-17.72735],[-63.01727,-17.72736],[-63.01726,-17.72736],[-63.01726,-17.72737],[-63.01725,-17.72737],[-63.01724,-17.72737],[-63.01723,-17.72737],[-63.01722,-17.72738],[-63.01721,-17.72738],[-63.0172,-17.72738],[-63.01719,-17.72738],[-63.01718,-17.72738],[-63.01718,-17.72737],[-63.01717,-17.72737],[-63.01716,-17.72737],[-63.01715,-17.72737]]},"properties":{"description":"ACERAS","styleUrl":"#line9","stroke-opacity":1,"stroke":"#FF7F00","stroke-width":1,"name":"FONDO"}},
{"type":"Feature","geometry":{"type":"LineString","coordinates":[[-63.01382,-17.72976],[-63.01471,-17.72858]]},"properties":{"description":"ACERAS","styleUrl":"#line9","stroke-opacity":1,"stroke":"#FF7F00","stroke-width":1,"name":"FONDO"}},
{"type":"Feature","geometry":{"type":"LineString","coordinates":[[-63.01382,-17.72976],[-63.01382,-17.72977],[-63.01381,-17.72977],[-63.01381,-17.72978],[-63.0138,-17.72978],[-63.01379,-17.72978],[-63.01379,-17.72979],[-63.01378,-17.72979],[-63.01377,-17.72979],[-63.01377,-17.7298],[-63.01376,-17.7298],[-63.01375,-17.7298],[-63.01374,-17.7298],[-63.01373,-17.7298],[-63.01372,-17.7298],[-63.01371,-17.7298],[-63.01371,-17.72979]]},"properties":{"description":"ACERAS","styleUrl":"#line9","stroke-opacity":1,"stroke":"#FF7F00","stroke-width":1,"name":"FONDO"}},
{"type":"Feature","geometry":{"type":"LineString","coordinates":[[-63.01486,-17.72838],[-63.01563,-17.72736]]},"properties":{"description":"ACERAS","styleUrl":"#line9","stroke-opacity":1,"stroke":"#FF7F00","stroke-width":1,"name":"FONDO"}},
{"type":"Feature","geometry":{"type":"LineString","coordinates":[[-63.01392,-17.72974],[-63.01478,-17.72859]]},"properties":{"description":"ACERAS","styleUrl":"#line9","stroke-opacity":1,"stroke":"#FF7F00","stroke-width":1,"name":"FONDO"}},
{"type":"Feature","geometry":{"type":"LineString","coordinates":[[-63.01397,-17.72987],[-63.01396,-17.72987],[-63.01395,-17.72987],[-63.01395,-17.72986],[-63.01394,-17.72986],[-63.01393,-17.72986],[-63.01393,-17.72985],[-63.01392,-17.72985],[-63.01392,-17.72984],[-63.01392,-17.72983],[-63.01391,-17.72983],[-63.01391,-17.72982],[-63.01391,-17.72981],[-63.0139,-17.72981],[-63.0139,-17.7298],[-63.0139,-17.72979],[-63.0139,-17.72978],[-63.0139,-17.72977],[-63.01391,-17.72977],[-63.01391,-17.72976],[-63.01391,-17.72975],[-63.01391,-17.72974],[-63.01392,-17.72974]]},"properties":{"description":"ACERAS","styleUrl":"#line9","stroke-opacity":1,"stroke":"#FF7F00","stroke-width":1,"name":"FONDO"}},
{"type":"Feature","geometry":{"type":"LineString","coordinates":[[-63.01493,-17.72839],[-63.01575,-17.7273]]},"properties":{"description":"ACERAS","styleUrl":"#line9","stroke-opacity":1,"stroke":"#FF7F00","stroke-width":1,"name":"FONDO"}},
{"type":"Feature","geometry":{"type":"LineString","coordinates":[[-63.01575,-17.7273],[-63.01576,-17.7273],[-63.01576,-17.72729],[-63.01577,-17.72729],[-63.01577,-17.72728],[-63.01578,-17.72728],[-63.01578,-17.72727],[-63.01579,-17.72727],[-63.0158,-17.72727],[-63.0158,-17.72726],[-63.01581,-17.72726],[-63.01581,-17.72725],[-63.01582,-17.72725],[-63.01583,-17.72725],[-63.01584,-17.72725],[-63.01584,-17.72724],[-63.01585,-17.72724],[-63.01586,-17.72724],[-63.01587,-17.72724],[-63.01588,-17.72724],[-63.01589,-17.72724],[-63.0159,-17.72724],[-63.01591,-17.72724],[-63.01592,-17.72724],[-63.01593,-17.72724],[-63.01594,-17.72724],[-63.01594,-17.72725],[-63.01595,-17.72725]]},"properties":{"description":"ACERAS","styleUrl":"#line9","stroke-opacity":1,"stroke":"#FF7F00","stroke-width":1,"name":"FONDO"}},
{"type":"Feature","geometry":{"type":"LineString","coordinates":[[-63.01496,-17.72852],[-63.01495,-17.72852],[-63.01495,-17.72851],[-63.01494,-17.72851],[-63.01494,-17.7285],[-63.01493,-17.7285],[-63.01493,-17.72849],[-63.01493,-17.72848],[-63.01492,-17.72848],[-63.01492,-17.72847],[-63.01492,-17.72846],[-63.01492,-17.72845],[-63.01492,-17.72844],[-63.01492,-17.72843],[-63.01492,-17.72842],[-63.01492,-17.72841],[-63.01493,-17.72841],[-63.01493,-17.7284],[-63.01493,-17.72839]]},"properties":{"description":"ACERAS","styleUrl":"#line9","stroke-opacity":1,"stroke":"#FF7F00","stroke-width":1,"name":"FONDO"}},
{"type":"Feature","geometry":{"type":"LineString","coordinates":[[-63.01451,-17.72998],[-63.01532,-17.7289]]},"properties":{"description":"ACERAS","styleUrl":"#line9","stroke-opacity":1,"stroke":"#FF7F00","stroke-width":1,"name":"FONDO"}},
{"type":"Feature","geometry":{"type":"LineString","coordinates":[[-63.01451,-17.72998],[-63.0145,-17.72998],[-63.0145,-17.72999],[-63.01449,-17.72999],[-63.01449,-17.73],[-63.01448,-17.73],[-63.01447,-17.73],[-63.01447,-17.73001],[-63.01446,-17.73001],[-63.01445,-17.73001],[-63.01444,-17.73001],[-63.01443,-17.73001],[-63.01442,-17.73001],[-63.01441,-17.73001],[-63.0144,-17.73001]]},"properties":{"description":"ACERAS","styleUrl":"#line9","stroke-opacity":1,"stroke":"#FF7F00","stroke-width":1,"name":"FONDO"}},
{"type":"Feature","geometry":{"type":"LineString","coordinates":[[-63.01547,-17.7287],[-63.01631,-17.72759]]},"properties":{"description":"ACERAS","styleUrl":"#line9","stroke-opacity":1,"stroke":"#FF7F00","stroke-width":1,"name":"FONDO"}},
{"type":"Feature","geometry":{"type":"LineString","coordinates":[[-63.01547,-17.7287],[-63.01547,-17.72871],[-63.01546,-17.72871],[-63.01546,-17.72872],[-63.01545,-17.72872],[-63.01544,-17.72872],[-63.01544,-17.72873],[-63.01543,-17.72873],[-63.01542,-17.72874],[-63.01541,-17.72874],[-63.0154,-17.72874],[-63.01539,-17.72874],[-63.01538,-17.72874],[-63.01537,-17.72874],[-63.01536,-17.72874],[-63.01535,-17.72873],[-63.01534,-17.72873]]},"properties":{"description":"ACERAS","styleUrl":"#line9","stroke-opacity":1,"stroke":"#FF7F00","stroke-width":1,"name":"FONDO"}},
{"type":"Feature","geometry":{"type":"LineString","coordinates":[[-63.01449,-17.7301],[-63.01539,-17.72892]]},"properties":{"description":"ACERAS","styleUrl":"#line9","stroke-opacity":1,"stroke":"#FF7F00","stroke-width":1,"name":"FONDO"}},
{"type":"Feature","geometry":{"type":"LineString","coordinates":[[-63.01448,-17.73019],[-63.01448,-17.73018],[-63.01448,-17.73017],[-63.01447,-17.73017],[-63.01447,-17.73016],[-63.01447,-17.73015],[-63.01447,-17.73014],[-63.01448,-17.73014],[-63.01448,-17.73013],[-63.01448,-17.73012],[-63.01449,-17.73011],[-63.01449,-17.7301]]},"properties":{"description":"ACERAS","styleUrl":"#line9","stroke-opacity":1,"stroke":"#FF7F00","stroke-width":1,"name":"FONDO"}},
{"type":"Feature","geometry":{"type":"LineString","coordinates":[[-63.01554,-17.72872],[-63.01643,-17.72753]]},"properties":{"description":"ACERAS","styleUrl":"#line9","stroke-opacity":1,"stroke":"#FF7F00","stroke-width":1,"name":"FONDO"}},
{"type":"Feature","geometry":{"type":"LineString","coordinates":[[-63.01643,-17.72753],[-63.01644,-17.72753],[-63.01644,-17.72752],[-63.01645,-17.72752],[-63.01645,-17.72751],[-63.01646,-17.72751],[-63.01646,-17.7275],[-63.01647,-17.7275],[-63.01647,-17.72749],[-63.01648,-17.72749],[-63.01648,-17.72748],[-63.01649,-17.72748],[-63.0165,-17.72748],[-63.0165,-17.72747],[-63.01651,-17.72747],[-63.01652,-17.72747],[-63.01653,-17.72747],[-63.01653,-17.72746],[-63.01654,-17.72746],[-63.01655,-17.72746],[-63.01656,-17.72746],[-63.01657,-17.72746],[-63.01658,-17.72746],[-63.01659,-17.72746],[-63.0166,-17.72746],[-63.01661,-17.72746],[-63.01661,-17.72747],[-63.01662,-17.72747],[-63.01663,-17.72747]]},"properties":{"description":"ACERAS","styleUrl":"#line9","stroke-opacity":1,"stroke":"#FF7F00","stroke-width":1,"name":"FONDO"}},
{"type":"Feature","geometry":{"type":"LineString","coordinates":[[-63.01741,-17.72749],[-63.01742,-17.72749],[-63.01742,-17.7275],[-63.01743,-17.7275],[-63.01744,-17.7275],[-63.01744,-17.72751],[-63.01745,-17.72751],[-63.01746,-17.72751],[-63.01746,-17.72752],[-63.01747,-17.72752],[-63.01748,-17.72752],[-63.01748,-17.72753],[-63.01749,-17.72753],[-63.0175,-17.72753],[-63.0175,-17.72754],[-63.01751,-17.72754],[-63.01752,-17.72754],[-63.01752,-17.72755],[-63.01753,-17.72755],[-63.01754,-17.72755],[-63.01754,-17.72756],[-63.01755,-17.72756],[-63.01756,-17.72757]]},"properties":{"description":"ACERAS","styleUrl":"#line9","stroke-opacity":1,"stroke":"#FF7F00","stroke-width":1,"name":"FONDO"}},
{"type":"Feature","geometry":{"type":"LineString","coordinates":[[-63.01741,-17.72749],[-63.0174,-17.72749],[-63.0174,-17.72748],[-63.01739,-17.72748],[-63.01739,-17.72747],[-63.01738,-17.72747],[-63.01738,-17.72746],[-63.01737,-17.72746],[-63.01737,-17.72745],[-63.01737,-17.72744],[-63.01736,-17.72744],[-63.01736,-17.72743],[-63.01736,-17.72742],[-63.01735,-17.72741],[-63.01735,-17.7274],[-63.01735,-17.72739],[-63.01735,-17.72738],[-63.01736,-17.72738],[-63.01736,-17.72737],[-63.01736,-17.72736],[-63.01736,-17.72735],[-63.01737,-17.72735],[-63.01737,-17.72734]]},"properties":{"description":"ACERAS","styleUrl":"#line9","stroke-opacity":1,"stroke":"#FF7F00","stroke-width":1,"name":"FONDO"}},
{"type":"Feature","geometry":{"type":"LineString","coordinates":[[-63.01556,-17.721],[-63.01577,-17.72073]]},"properties":{"description":"ACERAS","styleUrl":"#line9","stroke-opacity":1,"stroke":"#FF7F00","stroke-width":1,"name":"FONDO"}},
{"type":"Feature","geometry":{"type":"LineString","coordinates":[[-63.01561,-17.72117],[-63.01561,-17.72116],[-63.0156,-17.72116],[-63.01559,-17.72116],[-63.01559,-17.72115],[-63.01558,-17.72115],[-63.01558,-17.72114],[-63.01557,-17.72114],[-63.01557,-17.72113],[-63.01556,-17.72113],[-63.01556,-17.72112],[-63.01555,-17.72111],[-63.01555,-17.7211],[-63.01555,-17.72109],[-63.01554,-17.72109],[-63.01554,-17.72108],[-63.01554,-17.72107],[-63.01554,-17.72106],[-63.01554,-17.72105],[-63.01554,-17.72104],[-63.01555,-17.72104],[-63.01555,-17.72103],[-63.01555,-17.72102],[-63.01556,-17.72101],[-63.01556,-17.721]]},"properties":{"description":"ACERAS","styleUrl":"#line9","stroke-opacity":1,"stroke":"#FF7F00","stroke-width":1,"name":"FONDO"}},
{"type":"Feature","geometry":{"type":"LineString","coordinates":[[-63.01529,-17.72108],[-63.01576,-17.72046]]},"properties":{"description":"ACERAS","styleUrl":"#line9","stroke-opacity":1,"stroke":"#FF7F00","stroke-width":1,"name":"FONDO"}},
{"type":"Feature","geometry":{"type":"LineString","coordinates":[[-63.01702,-17.71906],[-63.01716,-17.71886]]},"properties":{"description":"ACERAS","styleUrl":"#line9","stroke-opacity":1,"stroke":"#FF7F00","stroke-width":1,"name":"FONDO"}},
{"type":"Feature","geometry":{"type":"LineString","coordinates":[[-63.01716,-17.71886],[-63.01717,-17.71886],[-63.01717,-17.71885],[-63.01718,-17.71885],[-63.01718,-17.71884],[-63.01719,-17.71884],[-63.01719,-17.71883],[-63.0172,-17.71883],[-63.0172,-17.71882],[-63.01721,-17.71882],[-63.01722,-17.71882],[-63.01722,-17.71881],[-63.01723,-17.71881],[-63.01724,-17.7188],[-63.01725,-17.7188],[-63.01726,-17.7188],[-63.01726,-17.71879],[-63.01727,-17.71879],[-63.01728,-17.71879],[-63.01729,-17.71879],[-63.01729,-17.71878],[-63.0173,-17.71878],[-63.01731,-17.71878],[-63.01732,-17.71878],[-63.01733,-17.71878],[-63.01734,-17.71878],[-63.01735,-17.71878],[-63.01736,-17.71878],[-63.01737,-17.71878],[-63.01737,-17.71879],[-63.01738,-17.71879],[-63.01739,-17.71879],[-63.0174,-17.71879],[-63.0174,-17.7188]]},"properties":{"description":"ACERAS","styleUrl":"#line9","stroke-opacity":1,"stroke":"#FF7F00","stroke-width":1,"name":"FONDO"}},
{"type":"Feature","geometry":{"type":"LineString","coordinates":[[-63.01662,-17.71933],[-63.01714,-17.71862]]},"properties":{"description":"ACERAS","styleUrl":"#line9","stroke-opacity":1,"stroke":"#FF7F00","stroke-width":1,"name":"FONDO"}},
{"type":"Feature","geometry":{"type":"LineString","coordinates":[[-63.01717,-17.72355],[-63.01696,-17.72388]]},"properties":{"description":"ACERAS","styleUrl":"#line9","stroke-opacity":1,"stroke":"#FF7F00","stroke-width":1,"name":"FONDO"}},
{"type":"Feature","geometry":{"type":"LineString","coordinates":[[-63.01717,-17.72355],[-63.01717,-17.72354],[-63.01718,-17.72354],[-63.01718,-17.72353],[-63.01719,-17.72353],[-63.01719,-17.72352],[-63.0172,-17.72352],[-63.01721,-17.72352],[-63.01721,-17.72351],[-63.01722,-17.72351],[-63.01723,-17.72351],[-63.01723,-17.7235],[-63.01724,-17.7235],[-63.01725,-17.7235],[-63.01726,-17.7235],[-63.01727,-17.7235],[-63.01728,-17.7235],[-63.01729,-17.7235],[-63.0173,-17.7235],[-63.01731,-17.7235],[-63.01731,-17.72351]]},"properties":{"description":"ACERAS","styleUrl":"#line9","stroke-opacity":1,"stroke":"#FF7F00","stroke-width":1,"name":"FONDO"}},
{"type":"Feature","geometry":{"type":"LineString","coordinates":[[-63.01701,-17.72403],[-63.017,-17.72403],[-63.017,-17.72402],[-63.01699,-17.72402],[-63.01698,-17.72401],[-63.01697,-17.72401],[-63.01697,-17.724],[-63.01697,-17.72399],[-63.01696,-17.72399],[-63.01696,-17.72398],[-63.01695,-17.72398],[-63.01695,-17.72397],[-63.01695,-17.72396],[-63.01695,-17.72395],[-63.01695,-17.72394],[-63.01695,-17.72393],[-63.01695,-17.72392],[-63.01695,-17.72391],[-63.01695,-17.7239],[-63.01695,-17.72389],[-63.01696,-17.72389],[-63.01696,-17.72388]]},"properties":{"description":"ACERAS","styleUrl":"#line9","stroke-opacity":1,"stroke":"#FF7F00","stroke-width":1,"name":"FONDO"}},
{"type":"Feature","geometry":{"type":"LineString","coordinates":[[-63.01681,-17.72412],[-63.0166,-17.72444]]},"properties":{"description":"ACERAS","styleUrl":"#line9","stroke-opacity":1,"stroke":"#FF7F00","stroke-width":1,"name":"FONDO"}},
{"type":"Feature","geometry":{"type":"LineString","coordinates":[[-63.01645,-17.72468],[-63.01607,-17.72528]]},"properties":{"description":"ACERAS","styleUrl":"#line9","stroke-opacity":1,"stroke":"#FF7F00","stroke-width":1,"name":"FONDO"}},
{"type":"Feature","geometry":{"type":"LineString","coordinates":[[-63.01612,-17.72544],[-63.01612,-17.72543],[-63.01611,-17.72543],[-63.0161,-17.72543],[-63.0161,-17.72542],[-63.01609,-17.72542],[-63.01609,-17.72541],[-63.01608,-17.72541],[-63.01608,-17.7254],[-63.01607,-17.7254],[-63.01607,-17.72539],[-63.01606,-17.72539],[-63.01606,-17.72538],[-63.01606,-17.72537],[-63.01605,-17.72537],[-63.01605,-17.72536],[-63.01605,-17.72535],[-63.01605,-17.72534],[-63.01605,-17.72533],[-63.01605,-17.72532],[-63.01605,-17.72531],[-63.01605,-17.7253],[-63.01606,-17.7253],[-63.01606,-17.72529],[-63.01606,-17.72528],[-63.01607,-17.72528]]},"properties":{"description":"ACERAS","styleUrl":"#line9","stroke-opacity":1,"stroke":"#FF7F00","stroke-width":1,"name":"FONDO"}},
{"type":"Feature","geometry":{"type":"LineString","coordinates":[[-63.01591,-17.72552],[-63.01567,-17.72589]]},"properties":{"description":"ACERAS","styleUrl":"#line9","stroke-opacity":1,"stroke":"#FF7F00","stroke-width":1,"name":"FONDO"}},
{"type":"Feature","geometry":{"type":"LineString","coordinates":[[-63.01573,-17.72605],[-63.01572,-17.72605],[-63.01572,-17.72604],[-63.01571,-17.72604],[-63.0157,-17.72604],[-63.0157,-17.72603],[-63.01569,-17.72603],[-63.01569,-17.72602],[-63.01568,-17.72602],[-63.01568,-17.72601],[-63.01567,-17.72601],[-63.01567,-17.726],[-63.01567,-17.72599],[-63.01566,-17.72599],[-63.01566,-17.72598],[-63.01566,-17.72597],[-63.01566,-17.72596],[-63.01566,-17.72595],[-63.01566,-17.72594],[-63.01566,-17.72593],[-63.01566,-17.72592],[-63.01566,-17.72591],[-63.01567,-17.72591],[-63.01567,-17.7259],[-63.01567,-17.72589]]},"properties":{"description":"ACERAS","styleUrl":"#line9","stroke-opacity":1,"stroke":"#FF7F00","stroke-width":1,"name":"FONDO"}},
{"type":"Feature","geometry":{"type":"LineString","coordinates":[[-63.01552,-17.72613],[-63.01528,-17.72651]]},"properties":{"description":"ACERAS","styleUrl":"#line9","stroke-opacity":1,"stroke":"#FF7F00","stroke-width":1,"name":"FONDO"}},
{"type":"Feature","geometry":{"type":"LineString","coordinates":[[-63.01537,-17.72676],[-63.01536,-17.72675],[-63.01535,-17.72675],[-63.01534,-17.72675],[-63.01534,-17.72674],[-63.01533,-17.72674],[-63.01532,-17.72673],[-63.01531,-17.72673],[-63.01531,-17.72672],[-63.0153,-17.72672],[-63.0153,-17.72671],[-63.01529,-17.72671],[-63.01529,-17.7267],[-63.01528,-17.7267],[-63.01528,-17.72669],[-63.01528,-17.72668],[-63.01527,-17.72668],[-63.01527,-17.72667],[-63.01527,-17.72666],[-63.01526,-17.72666],[-63.01526,-17.72665],[-63.01526,-17.72664],[-63.01526,-17.72663],[-63.01525,-17.72663],[-63.01525,-17.72662],[-63.01525,-17.72661],[-63.01525,-17.7266],[-63.01525,-17.72659],[-63.01525,-17.72658],[-63.01525,-17.72657],[-63.01525,-17.72656],[-63.01526,-17.72656],[-63.01526,-17.72655],[-63.01526,-17.72654],[-63.01526,-17.72653],[-63.01527,-17.72653],[-63.01527,-17.72652],[-63.01527,-17.72651],[-63.01528,-17.72651]]},"properties":{"description":"ACERAS","styleUrl":"#line9","stroke-opacity":1,"stroke":"#FF7F00","stroke-width":1,"name":"FONDO"}},
{"type":"Feature","geometry":{"type":"LineString","coordinates":[[-63.01671,-17.72411],[-63.01651,-17.72443]]},"properties":{"description":"ACERAS","styleUrl":"#line9","stroke-opacity":1,"stroke":"#FF7F00","stroke-width":1,"name":"FONDO"}},
{"type":"Feature","geometry":{"type":"LineString","coordinates":[[-63.01635,-17.72468],[-63.01596,-17.72529]]},"properties":{"description":"ACERAS","styleUrl":"#line9","stroke-opacity":1,"stroke":"#FF7F00","stroke-width":1,"name":"FONDO"}},
{"type":"Feature","geometry":{"type":"LineString","coordinates":[[-63.0163,-17.72452],[-63.01631,-17.72452],[-63.01631,-17.72453],[-63.01632,-17.72453],[-63.01633,-17.72453],[-63.01633,-17.72454],[-63.01634,-17.72454],[-63.01634,-17.72455],[-63.01635,-17.72455],[-63.01635,-17.72456],[-63.01635,-17.72457],[-63.01636,-17.72457],[-63.01636,-17.72458],[-63.01636,-17.72459],[-63.01637,-17.72459],[-63.01637,-17.7246],[-63.01637,-17.72461],[-63.01637,-17.72462],[-63.01637,-17.72463],[-63.01637,-17.72464],[-63.01636,-17.72465],[-63.01636,-17.72466],[-63.01636,-17.72467],[-63.01635,-17.72467],[-63.01635,-17.72468]]},"properties":{"description":"ACERAS","styleUrl":"#line9","stroke-opacity":1,"stroke":"#FF7F00","stroke-width":1,"name":"FONDO"}},
{"type":"Feature","geometry":{"type":"LineString","coordinates":[[-63.01596,-17.72529],[-63.01595,-17.72529],[-63.01595,-17.7253],[-63.01595,-17.72531],[-63.01594,-17.72531],[-63.01593,-17.72532],[-63.01592,-17.72532],[-63.01592,-17.72533],[-63.01591,-17.72533],[-63.0159,-17.72533],[-63.01589,-17.72533],[-63.01589,-17.72534],[-63.01588,-17.72534],[-63.01587,-17.72534],[-63.01586,-17.72534],[-63.01585,-17.72534],[-63.01584,-17.72534],[-63.01583,-17.72534],[-63.01583,-17.72533]]},"properties":{"description":"ACERAS","styleUrl":"#line9","stroke-opacity":1,"stroke":"#FF7F00","stroke-width":1,"name":"FONDO"}},
{"type":"Feature","geometry":{"type":"LineString","coordinates":[[-63.0158,-17.72553],[-63.01557,-17.7259]]},"properties":{"description":"ACERAS","styleUrl":"#line9","stroke-opacity":1,"stroke":"#FF7F00","stroke-width":1,"name":"FONDO"}},
{"type":"Feature","geometry":{"type":"LineString","coordinates":[[-63.01541,-17.72615],[-63.01516,-17.72654]]},"properties":{"description":"ACERAS","styleUrl":"#line9","stroke-opacity":1,"stroke":"#FF7F00","stroke-width":1,"name":"FONDO"}},
{"type":"Feature","geometry":{"type":"LineString","coordinates":[[-63.01535,-17.72599],[-63.01536,-17.72599],[-63.01537,-17.72599],[-63.01537,-17.726],[-63.01538,-17.726],[-63.01539,-17.726],[-63.01539,-17.72601],[-63.0154,-17.72601],[-63.0154,-17.72602],[-63.01541,-17.72602],[-63.01541,-17.72603],[-63.01541,-17.72604],[-63.01542,-17.72604],[-63.01542,-17.72605],[-63.01542,-17.72606],[-63.01543,-17.72607],[-63.01543,-17.72608],[-63.01543,-17.72609],[-63.01543,-17.7261],[-63.01543,-17.72611],[-63.01542,-17.72611],[-63.01542,-17.72612],[-63.01542,-17.72613],[-63.01542,-17.72614],[-63.01541,-17.72614],[-63.01541,-17.72615]]},"properties":{"description":"ACERAS","styleUrl":"#line9","stroke-opacity":1,"stroke":"#FF7F00","stroke-width":1,"name":"FONDO"}},
{"type":"Feature","geometry":{"type":"LineString","coordinates":[[-63.02068,-17.72232],[-63.02108,-17.72187]]},"properties":{"description":"ACERAS","styleUrl":"#line9","stroke-opacity":1,"stroke":"#FF7F00","stroke-width":1,"name":"FONDO"}},
{"type":"Feature","geometry":{"type":"LineString","coordinates":[[-63.02058,-17.72232],[-63.02082,-17.72206]]},"properties":{"description":"ACERAS","styleUrl":"#line9","stroke-opacity":1,"stroke":"#FF7F00","stroke-width":1,"name":"FONDO"}},
{"type":"Feature","geometry":{"type":"LineString","coordinates":[[-63.02058,-17.72232],[-63.02058,-17.72233],[-63.02057,-17.72233],[-63.02057,-17.72234],[-63.02056,-17.72234],[-63.02056,-17.72235],[-63.02055,-17.72235],[-63.02054,-17.72235],[-63.02053,-17.72235],[-63.02052,-17.72235],[-63.02052,-17.72236],[-63.02051,-17.72236],[-63.0205,-17.72236],[-63.0205,-17.72235],[-63.02049,-17.72235],[-63.02048,-17.72235]]},"properties":{"description":"ACERAS","styleUrl":"#line9","stroke-opacity":1,"stroke":"#FF7F00","stroke-width":1,"name":"FONDO"}},
{"type":"Feature","geometry":{"type":"LineString","coordinates":[[-63.02209,-17.72077],[-63.02226,-17.72058]]},"properties":{"description":"ACERAS","styleUrl":"#line9","stroke-opacity":1,"stroke":"#FF7F00","stroke-width":1,"name":"FONDO"}},
{"type":"Feature","geometry":{"type":"LineString","coordinates":[[-63.02183,-17.72096],[-63.02206,-17.72071]]},"properties":{"description":"ACERAS","styleUrl":"#line9","stroke-opacity":1,"stroke":"#FF7F00","stroke-width":1,"name":"FONDO"}},
{"type":"Feature","geometry":{"type":"LineString","coordinates":[[-63.02183,-17.72096],[-63.02182,-17.72096],[-63.02182,-17.72097],[-63.02181,-17.72097],[-63.02181,-17.72098],[-63.0218,-17.72098],[-63.02179,-17.72098],[-63.02178,-17.72099],[-63.02177,-17.72099],[-63.02176,-17.72099],[-63.02175,-17.72099],[-63.02174,-17.72099],[-63.02173,-17.72099],[-63.02173,-17.72098],[-63.02172,-17.72098]]},"properties":{"description":"ACERAS","styleUrl":"#line9","stroke-opacity":1,"stroke":"#FF7F00","stroke-width":1,"name":"FONDO"}},
{"type":"Feature","geometry":{"type":"LineString","coordinates":[[-63.02201,-17.72053],[-63.01976,-17.71968]]},"properties":{"description":"ACERAS","styleUrl":"#line9","stroke-opacity":1,"stroke":"#FF7F00","stroke-width":1,"name":"FONDO"}},
{"type":"Feature","geometry":{"type":"LineString","coordinates":[[-63.02201,-17.72053],[-63.02202,-17.72054],[-63.02203,-17.72054],[-63.02203,-17.72055],[-63.02204,-17.72055],[-63.02205,-17.72055],[-63.02205,-17.72056],[-63.02206,-17.72056],[-63.02206,-17.72057],[-63.02207,-17.72057],[-63.02207,-17.72058],[-63.02207,-17.72059],[-63.02208,-17.72059],[-63.02208,-17.7206],[-63.02208,-17.72061],[-63.02208,-17.72062],[-63.02208,-17.72063],[-63.02209,-17.72063],[-63.02209,-17.72064],[-63.02208,-17.72064],[-63.02208,-17.72065],[-63.02208,-17.72066],[-63.02208,-17.72067],[-63.02208,-17.72068],[-63.02207,-17.72068],[-63.02207,-17.72069],[-63.02207,-17.7207],[-63.02206,-17.7207],[-63.02206,-17.72071]]},"properties":{"description":"ACERAS","styleUrl":"#line9","stroke-opacity":1,"stroke":"#FF7F00","stroke-width":1,"name":"FONDO"}},
{"type":"Feature","geometry":{"type":"LineString","coordinates":[[-63.02217,-17.72049],[-63.01917,-17.71935]]},"properties":{"description":"ACERAS","styleUrl":"#line9","stroke-opacity":1,"stroke":"#FF7F00","stroke-width":1,"name":"FONDO"}},
{"type":"Feature","geometry":{"type":"LineString","coordinates":[[-63.01909,-17.71933],[-63.01738,-17.71868]]},"properties":{"description":"ACERAS","styleUrl":"#line9","stroke-opacity":1,"stroke":"#FF7F00","stroke-width":1,"name":"FONDO"}},
{"type":"Feature","geometry":{"type":"LineString","coordinates":[[-63.01946,-17.71957],[-63.0174,-17.7188]]},"properties":{"description":"ACERAS","styleUrl":"#line9","stroke-opacity":1,"stroke":"#FF7F00","stroke-width":1,"name":"FONDO"}},
{"type":"Feature","geometry":{"type":"LineString","coordinates":[[-63.01946,-17.71957],[-63.01947,-17.71957],[-63.01947,-17.71958],[-63.01948,-17.71958],[-63.01948,-17.71959],[-63.01949,-17.71959],[-63.0195,-17.71959],[-63.0195,-17.7196],[-63.01951,-17.7196],[-63.01951,-17.71961],[-63.01951,-17.71962],[-63.01952,-17.71962],[-63.01952,-17.71963],[-63.01952,-17.71964],[-63.01953,-17.71964],[-63.01953,-17.71965],[-63.01953,-17.71966],[-63.01953,-17.71967],[-63.01953,-17.71968],[-63.01953,-17.71969],[-63.01953,-17.7197],[-63.01953,-17.71971],[-63.01952,-17.71971],[-63.01952,-17.71972],[-63.01952,-17.71973],[-63.01951,-17.71973]]},"properties":{"description":"ACERAS","styleUrl":"#line9","stroke-opacity":1,"stroke":"#FF7F00","stroke-width":1,"name":"FONDO"}},
{"type":"Feature","geometry":{"type":"LineString","coordinates":[[-63.0195,-17.7238],[-63.01915,-17.72446]]},"properties":{"description":"ACERAS","styleUrl":"#line9","stroke-opacity":1,"stroke":"#FF7F00","stroke-width":1,"name":"FONDO"}},
{"type":"Feature","geometry":{"type":"LineString","coordinates":[[-63.01708,-17.72354],[-63.01687,-17.72387]]},"properties":{"description":"ACERAS","styleUrl":"#line9","stroke-opacity":1,"stroke":"#FF7F00","stroke-width":1,"name":"FONDO"}},
{"type":"Feature","geometry":{"type":"LineString","coordinates":[[-63.01461,-17.7229],[-63.01473,-17.72254]]},"properties":{"description":"ACERAS","styleUrl":"#line9","stroke-opacity":1,"stroke":"#FF7F00","stroke-width":1,"name":"FONDO"}},
{"type":"Feature","geometry":{"type":"LineString","coordinates":[[-63.01944,-17.72378],[-63.01924,-17.72416]]},"properties":{"description":"ACERAS","styleUrl":"#line9","stroke-opacity":1,"stroke":"#FF7F00","stroke-width":1,"name":"FONDO"}},
{"type":"Feature","geometry":{"type":"LineString","coordinates":[[-63.01924,-17.72416],[-63.01924,-17.72417],[-63.01923,-17.72417],[-63.01923,-17.72418],[-63.01922,-17.72418],[-63.01922,-17.72419],[-63.01921,-17.72419],[-63.01921,-17.7242],[-63.0192,-17.7242],[-63.01919,-17.72421],[-63.01918,-17.72421],[-63.01917,-17.72421],[-63.01916,-17.72421],[-63.01915,-17.72421],[-63.01914,-17.72421],[-63.01913,-17.72421],[-63.01912,-17.72421]]},"properties":{"description":"ACERAS","styleUrl":"#line9","stroke-opacity":1,"stroke":"#FF7F00","stroke-width":1,"name":"FONDO"}},
{"type":"Feature","geometry":{"type":"LineString","coordinates":[[-63.01733,-17.72331],[-63.01754,-17.72298]]},"properties":{"description":"ACERAS","styleUrl":"#line9","stroke-opacity":1,"stroke":"#FF7F00","stroke-width":1,"name":"FONDO"}},
{"type":"Feature","geometry":{"type":"LineString","coordinates":[[-63.01738,-17.72346],[-63.01737,-17.72346],[-63.01736,-17.72346],[-63.01736,-17.72345],[-63.01735,-17.72345],[-63.01734,-17.72344],[-63.01734,-17.72343],[-63.01733,-17.72343],[-63.01733,-17.72342],[-63.01732,-17.72342],[-63.01732,-17.72341],[-63.01732,-17.7234],[-63.01731,-17.7234],[-63.01731,-17.72339],[-63.01731,-17.72338],[-63.01731,-17.72337],[-63.01731,-17.72336],[-63.01731,-17.72335],[-63.01731,-17.72334],[-63.01731,-17.72333],[-63.01732,-17.72333],[-63.01732,-17.72332],[-63.01732,-17.72331],[-63.01733,-17.72331]]},"properties":{"description":"ACERAS","styleUrl":"#line9","stroke-opacity":1,"stroke":"#FF7F00","stroke-width":1,"name":"FONDO"}},
{"type":"Feature","geometry":{"type":"LineString","coordinates":[[-63.01723,-17.7233],[-63.01744,-17.72297]]},"properties":{"description":"ACERAS","styleUrl":"#line9","stroke-opacity":1,"stroke":"#FF7F00","stroke-width":1,"name":"FONDO"}},
{"type":"Feature","geometry":{"type":"LineString","coordinates":[[-63.01723,-17.7233],[-63.01723,-17.72331],[-63.01722,-17.72331],[-63.01722,-17.72332],[-63.01721,-17.72332],[-63.01721,-17.72333],[-63.0172,-17.72333],[-63.01719,-17.72334],[-63.01718,-17.72334],[-63.01717,-17.72334],[-63.01717,-17.72335],[-63.01716,-17.72335],[-63.01715,-17.72335],[-63.01714,-17.72335],[-63.01713,-17.72335],[-63.01712,-17.72335],[-63.01711,-17.72335],[-63.0171,-17.72335],[-63.0171,-17.72334],[-63.01709,-17.72334]]},"properties":{"description":"ACERAS","styleUrl":"#line9","stroke-opacity":1,"stroke":"#FF7F00","stroke-width":1,"name":"FONDO"}},
{"type":"Feature","geometry":{"type":"LineString","coordinates":[[-63.01768,-17.7226],[-63.01791,-17.72224]]},"properties":{"description":"ACERAS","styleUrl":"#line9","stroke-opacity":1,"stroke":"#FF7F00","stroke-width":1,"name":"FONDO"}},
{"type":"Feature","geometry":{"type":"LineString","coordinates":[[-63.01807,-17.72199],[-63.01825,-17.72171]]},"properties":{"description":"ACERAS","styleUrl":"#line9","stroke-opacity":1,"stroke":"#FF7F00","stroke-width":1,"name":"FONDO"}},
{"type":"Feature","geometry":{"type":"LineString","coordinates":[[-63.01807,-17.72199],[-63.01807,-17.722],[-63.01806,-17.722],[-63.01806,-17.72201],[-63.01805,-17.72201],[-63.01805,-17.72202],[-63.01804,-17.72202],[-63.01804,-17.72203],[-63.01803,-17.72203],[-63.01802,-17.72203],[-63.01802,-17.72204],[-63.01801,-17.72204],[-63.018,-17.72204],[-63.01799,-17.72204],[-63.01799,-17.72205],[-63.01798,-17.72205],[-63.01797,-17.72205],[-63.01796,-17.72205],[-63.01795,-17.72205],[-63.01795,-17.72204],[-63.01794,-17.72204],[-63.01793,-17.72204]]},"properties":{"description":"ACERAS","styleUrl":"#line9","stroke-opacity":1,"stroke":"#FF7F00","stroke-width":1,"name":"FONDO"}},
{"type":"Feature","geometry":{"type":"LineString","coordinates":[[-63.01872,-17.72098],[-63.01888,-17.72073]]},"properties":{"description":"ACERAS","styleUrl":"#line9","stroke-opacity":1,"stroke":"#FF7F00","stroke-width":1,"name":"FONDO"}},
{"type":"Feature","geometry":{"type":"LineString","coordinates":[[-63.01903,-17.72048],[-63.01919,-17.72023]]},"properties":{"description":"ACERAS","styleUrl":"#line9","stroke-opacity":1,"stroke":"#FF7F00","stroke-width":1,"name":"FONDO"}},
{"type":"Feature","geometry":{"type":"LineString","coordinates":[[-63.01903,-17.72048],[-63.01903,-17.72049],[-63.01903,-17.7205],[-63.01902,-17.7205],[-63.01902,-17.72051],[-63.01901,-17.72051],[-63.019,-17.72051],[-63.019,-17.72052],[-63.01899,-17.72052],[-63.01899,-17.72053],[-63.01898,-17.72053],[-63.01897,-17.72053],[-63.01896,-17.72053],[-63.01895,-17.72053],[-63.01895,-17.72054],[-63.01894,-17.72054],[-63.01893,-17.72054],[-63.01892,-17.72054],[-63.01892,-17.72053],[-63.01891,-17.72053],[-63.0189,-17.72053]]},"properties":{"description":"ACERAS","styleUrl":"#line9","stroke-opacity":1,"stroke":"#FF7F00","stroke-width":1,"name":"FONDO"}},
{"type":"Feature","geometry":{"type":"LineString","coordinates":[[-63.01935,-17.71999],[-63.01951,-17.71973]]},"properties":{"description":"ACERAS","styleUrl":"#line9","stroke-opacity":1,"stroke":"#FF7F00","stroke-width":1,"name":"FONDO"}},
{"type":"Feature","geometry":{"type":"LineString","coordinates":[[-63.01935,-17.71999],[-63.01935,-17.72],[-63.01934,-17.72],[-63.01934,-17.72001],[-63.01933,-17.72001],[-63.01933,-17.72002],[-63.01932,-17.72002],[-63.01931,-17.72003],[-63.0193,-17.72003],[-63.01929,-17.72004],[-63.01928,-17.72004],[-63.01927,-17.72004],[-63.01926,-17.72004],[-63.01925,-17.72004],[-63.01924,-17.72004],[-63.01923,-17.72004],[-63.01922,-17.72004],[-63.01921,-17.72004]]},"properties":{"description":"ACERAS","styleUrl":"#line9","stroke-opacity":1,"stroke":"#FF7F00","stroke-width":1,"name":"FONDO"}},
{"type":"Feature","geometry":{"type":"LineString","coordinates":[[-63.01962,-17.71973],[-63.01945,-17.71999]]},"properties":{"description":"ACERAS","styleUrl":"#line9","stroke-opacity":1,"stroke":"#FF7F00","stroke-width":1,"name":"FONDO"}},
{"type":"Feature","geometry":{"type":"LineString","coordinates":[[-63.0195,-17.72015],[-63.0195,-17.72014],[-63.01949,-17.72014],[-63.01948,-17.72014],[-63.01948,-17.72013],[-63.01947,-17.72013],[-63.01947,-17.72012],[-63.01946,-17.72012],[-63.01946,-17.72011],[-63.01945,-17.72011],[-63.01945,-17.7201],[-63.01945,-17.72009],[-63.01944,-17.72009],[-63.01944,-17.72008],[-63.01944,-17.72007],[-63.01943,-17.72007],[-63.01943,-17.72006],[-63.01943,-17.72005],[-63.01943,-17.72004],[-63.01943,-17.72003],[-63.01944,-17.72003],[-63.01944,-17.72002],[-63.01944,-17.72001],[-63.01944,-17.72],[-63.01945,-17.72],[-63.01945,-17.71999]]},"properties":{"description":"ACERAS","styleUrl":"#line9","stroke-opacity":1,"stroke":"#FF7F00","stroke-width":1,"name":"FONDO"}},
{"type":"Feature","geometry":{"type":"LineString","coordinates":[[-63.01962,-17.71973],[-63.01962,-17.71972],[-63.01963,-17.71972],[-63.01963,-17.71971],[-63.01964,-17.71971],[-63.01964,-17.7197],[-63.01965,-17.7197],[-63.01965,-17.71969],[-63.01966,-17.71969],[-63.01967,-17.71969],[-63.01967,-17.71968],[-63.01968,-17.71968],[-63.01969,-17.71968],[-63.0197,-17.71968],[-63.01971,-17.71968],[-63.01972,-17.71968],[-63.01973,-17.71968],[-63.01974,-17.71968],[-63.01975,-17.71968],[-63.01976,-17.71968]]},"properties":{"description":"ACERAS","styleUrl":"#line9","stroke-opacity":1,"stroke":"#FF7F00","stroke-width":1,"name":"FONDO"}},
{"type":"Feature","geometry":{"type":"LineString","coordinates":[[-63.01929,-17.72023],[-63.01913,-17.72048]]},"properties":{"description":"ACERAS","styleUrl":"#line9","stroke-opacity":1,"stroke":"#FF7F00","stroke-width":1,"name":"FONDO"}},
{"type":"Feature","geometry":{"type":"LineString","coordinates":[[-63.01919,-17.72064],[-63.01918,-17.72064],[-63.01918,-17.72063],[-63.01917,-17.72063],[-63.01916,-17.72063],[-63.01916,-17.72062],[-63.01915,-17.72062],[-63.01915,-17.72061],[-63.01914,-17.72061],[-63.01914,-17.7206],[-63.01913,-17.7206],[-63.01913,-17.72059],[-63.01913,-17.72058],[-63.01912,-17.72058],[-63.01912,-17.72057],[-63.01912,-17.72056],[-63.01912,-17.72055],[-63.01912,-17.72054],[-63.01912,-17.72053],[-63.01912,-17.72052],[-63.01912,-17.72051],[-63.01912,-17.7205],[-63.01913,-17.7205],[-63.01913,-17.72049],[-63.01913,-17.72048]]},"properties":{"description":"ACERAS","styleUrl":"#line9","stroke-opacity":1,"stroke":"#FF7F00","stroke-width":1,"name":"FONDO"}},
{"type":"Feature","geometry":{"type":"LineString","coordinates":[[-63.01898,-17.72072],[-63.01882,-17.72097]]},"properties":{"description":"ACERAS","styleUrl":"#line9","stroke-opacity":1,"stroke":"#FF7F00","stroke-width":1,"name":"FONDO"}},
{"type":"Feature","geometry":{"type":"LineString","coordinates":[[-63.01887,-17.72113],[-63.01886,-17.72113],[-63.01886,-17.72112],[-63.01885,-17.72112],[-63.01884,-17.72112],[-63.01884,-17.72111],[-63.01883,-17.72111],[-63.01883,-17.7211],[-63.01882,-17.7211],[-63.01882,-17.72109],[-63.01882,-17.72108],[-63.01881,-17.72108],[-63.01881,-17.72107],[-63.01881,-17.72106],[-63.0188,-17.72106],[-63.0188,-17.72105],[-63.0188,-17.72104],[-63.0188,-17.72103],[-63.0188,-17.72102],[-63.0188,-17.72101],[-63.01881,-17.72101],[-63.01881,-17.721],[-63.01881,-17.72099],[-63.01881,-17.72098],[-63.01882,-17.72098],[-63.01882,-17.72097]]},"properties":{"description":"ACERAS","styleUrl":"#line9","stroke-opacity":1,"stroke":"#FF7F00","stroke-width":1,"name":"FONDO"}},
{"type":"Feature","geometry":{"type":"LineString","coordinates":[[-63.01866,-17.72122],[-63.0185,-17.72147]]},"properties":{"description":"ACERAS","styleUrl":"#line9","stroke-opacity":1,"stroke":"#FF7F00","stroke-width":1,"name":"FONDO"}},
{"type":"Feature","geometry":{"type":"LineString","coordinates":[[-63.01856,-17.72122],[-63.0184,-17.72147]]},"properties":{"description":"ACERAS","styleUrl":"#line9","stroke-opacity":1,"stroke":"#FF7F00","stroke-width":1,"name":"FONDO"}},
{"type":"Feature","geometry":{"type":"LineString","coordinates":[[-63.0184,-17.72147],[-63.0184,-17.72148],[-63.01839,-17.72148],[-63.01839,-17.72149],[-63.01838,-17.72149],[-63.01838,-17.7215],[-63.01837,-17.7215],[-63.01837,-17.72151],[-63.01836,-17.72151],[-63.01835,-17.72151],[-63.01835,-17.72152],[-63.01834,-17.72152],[-63.01833,-17.72152],[-63.01832,-17.72152],[-63.01831,-17.72152],[-63.0183,-17.72152],[-63.01829,-17.72152],[-63.01828,-17.72152],[-63.01827,-17.72152],[-63.01827,-17.72151],[-63.01826,-17.72151]]},"properties":{"description":"ACERAS","styleUrl":"#line9","stroke-opacity":1,"stroke":"#FF7F00","stroke-width":1,"name":"FONDO"}},
{"type":"Feature","geometry":{"type":"LineString","coordinates":[[-63.01835,-17.72171],[-63.01814,-17.72204]]},"properties":{"description":"ACERAS","styleUrl":"#line9","stroke-opacity":1,"stroke":"#FF7F00","stroke-width":1,"name":"FONDO"}},
{"type":"Feature","geometry":{"type":"LineString","coordinates":[[-63.01819,-17.7222],[-63.01819,-17.72219],[-63.01818,-17.72219],[-63.01817,-17.72219],[-63.01817,-17.72218],[-63.01816,-17.72218],[-63.01816,-17.72217],[-63.01815,-17.72217],[-63.01815,-17.72216],[-63.01814,-17.72216],[-63.01814,-17.72215],[-63.01813,-17.72215],[-63.01813,-17.72214],[-63.01813,-17.72213],[-63.01813,-17.72212],[-63.01812,-17.72212],[-63.01812,-17.72211],[-63.01812,-17.7221],[-63.01812,-17.72209],[-63.01812,-17.72208],[-63.01812,-17.72207],[-63.01813,-17.72207],[-63.01813,-17.72206],[-63.01813,-17.72205],[-63.01813,-17.72204],[-63.01814,-17.72204]]},"properties":{"description":"ACERAS","styleUrl":"#line9","stroke-opacity":1,"stroke":"#FF7F00","stroke-width":1,"name":"FONDO"}},
{"type":"Feature","geometry":{"type":"LineString","coordinates":[[-63.01835,-17.72171],[-63.01835,-17.7217],[-63.01836,-17.7217],[-63.01836,-17.72169],[-63.01837,-17.72169],[-63.01837,-17.72168],[-63.01838,-17.72168],[-63.01839,-17.72167],[-63.0184,-17.72167],[-63.01841,-17.72167],[-63.01841,-17.72166],[-63.01842,-17.72166],[-63.01843,-17.72166],[-63.01844,-17.72166],[-63.01845,-17.72166],[-63.01846,-17.72166],[-63.01847,-17.72166],[-63.01848,-17.72166],[-63.01848,-17.72167],[-63.01849,-17.72167]]},"properties":{"description":"ACERAS","styleUrl":"#line9","stroke-opacity":1,"stroke":"#FF7F00","stroke-width":1,"name":"FONDO"}},
{"type":"Feature","geometry":{"type":"LineString","coordinates":[[-63.01798,-17.72228],[-63.01778,-17.7226]]},"properties":{"description":"ACERAS","styleUrl":"#line9","stroke-opacity":1,"stroke":"#FF7F00","stroke-width":1,"name":"FONDO"}},
{"type":"Feature","geometry":{"type":"LineString","coordinates":[[-63.01784,-17.7228],[-63.01784,-17.72279],[-63.01783,-17.72279],[-63.01782,-17.72279],[-63.01782,-17.72278],[-63.01781,-17.72278],[-63.0178,-17.72277],[-63.01779,-17.72277],[-63.01779,-17.72276],[-63.01779,-17.72275],[-63.01778,-17.72275],[-63.01778,-17.72274],[-63.01777,-17.72274],[-63.01777,-17.72273],[-63.01777,-17.72272],[-63.01776,-17.72272],[-63.01776,-17.72271],[-63.01776,-17.7227],[-63.01776,-17.72269],[-63.01776,-17.72268],[-63.01776,-17.72267],[-63.01776,-17.72266],[-63.01776,-17.72265],[-63.01776,-17.72264],[-63.01776,-17.72263],[-63.01777,-17.72263],[-63.01777,-17.72262],[-63.01777,-17.72261],[-63.01778,-17.72261],[-63.01778,-17.7226]]},"properties":{"description":"ACERAS","styleUrl":"#line9","stroke-opacity":1,"stroke":"#FF7F00","stroke-width":1,"name":"FONDO"}},
{"type":"Feature","geometry":{"type":"LineString","coordinates":[[-63.01963,-17.72345],[-63.01965,-17.7234]]},"properties":{"description":"ACERAS","styleUrl":"#line9","stroke-opacity":1,"stroke":"#FF7F00","stroke-width":1,"name":"FONDO"}},
{"type":"Feature","geometry":{"type":"LineString","coordinates":[[-63.01963,-17.72345],[-63.01962,-17.72345],[-63.01962,-17.72346],[-63.01961,-17.72346],[-63.01961,-17.72347],[-63.0196,-17.72347],[-63.0196,-17.72348],[-63.01959,-17.72348],[-63.01959,-17.72349],[-63.01958,-17.72349],[-63.01957,-17.72349],[-63.01957,-17.7235],[-63.01956,-17.7235],[-63.01955,-17.7235],[-63.01954,-17.7235],[-63.01953,-17.7235],[-63.01952,-17.7235],[-63.01951,-17.7235],[-63.0195,-17.7235],[-63.01949,-17.7235],[-63.01948,-17.7235]]},"properties":{"description":"ACERAS","styleUrl":"#line9","stroke-opacity":1,"stroke":"#FF7F00","stroke-width":1,"name":"FONDO"}},
{"type":"Feature","geometry":{"type":"LineString","coordinates":[[-63.01965,-17.7234],[-63.01965,-17.72339],[-63.01966,-17.72339],[-63.01966,-17.72338]]},"properties":{"description":"ACERAS","styleUrl":"#line9","stroke-opacity":1,"stroke":"#FF7F00","stroke-width":1,"name":"FONDO"}},
{"type":"Feature","geometry":{"type":"LineString","coordinates":[[-63.02006,-17.72304],[-63.01972,-17.72342]]},"properties":{"description":"ACERAS","styleUrl":"#line9","stroke-opacity":1,"stroke":"#FF7F00","stroke-width":1,"name":"FONDO"}},
{"type":"Feature","geometry":{"type":"LineString","coordinates":[[-63.01996,-17.72306],[-63.01966,-17.72338]]},"properties":{"description":"ACERAS","styleUrl":"#line9","stroke-opacity":1,"stroke":"#FF7F00","stroke-width":1,"name":"FONDO"}},
{"type":"Feature","geometry":{"type":"LineString","coordinates":[[-63.02006,-17.72304],[-63.02051,-17.72256]]},"properties":{"description":"ACERAS","styleUrl":"#line9","stroke-opacity":1,"stroke":"#FF7F00","stroke-width":1,"name":"FONDO"}},
{"type":"Feature","geometry":{"type":"LineString","coordinates":[[-63.02014,-17.72287],[-63.02044,-17.72253]]},"properties":{"description":"ACERAS","styleUrl":"#line9","stroke-opacity":1,"stroke":"#FF7F00","stroke-width":1,"name":"FONDO"}},
{"type":"Feature","geometry":{"type":"LineString","coordinates":[[-63.01796,-17.72613],[-63.01604,-17.72548]]},"properties":{"description":"ACERAS","styleUrl":"#line9","stroke-opacity":1,"stroke":"#FF7F00","stroke-width":1,"name":"FONDO"}},
{"type":"Feature","geometry":{"type":"LineString","coordinates":[[-63.01796,-17.72613],[-63.01796,-17.72614],[-63.01797,-17.72614],[-63.01798,-17.72614],[-63.01798,-17.72615],[-63.01799,-17.72615],[-63.01799,-17.72616],[-63.018,-17.72616],[-63.018,-17.72617],[-63.01801,-17.72617],[-63.01801,-17.72618],[-63.01801,-17.72619],[-63.01802,-17.72619],[-63.01802,-17.7262],[-63.01802,-17.72621],[-63.01802,-17.72622],[-63.01802,-17.72623],[-63.01802,-17.72624],[-63.01802,-17.72625],[-63.01801,-17.72625],[-63.01801,-17.72626],[-63.01801,-17.72627]]},"properties":{"description":"ACERAS","styleUrl":"#line9","stroke-opacity":1,"stroke":"#FF7F00","stroke-width":1,"name":"FONDO"}},
{"type":"Feature","geometry":{"type":"LineString","coordinates":[[-63.01591,-17.72552],[-63.01591,-17.72551],[-63.01592,-17.72551],[-63.01592,-17.7255],[-63.01593,-17.7255],[-63.01593,-17.72549],[-63.01594,-17.72549],[-63.01595,-17.72549],[-63.01595,-17.72548],[-63.01596,-17.72548],[-63.01597,-17.72548],[-63.01597,-17.72547],[-63.01598,-17.72547],[-63.01599,-17.72547],[-63.016,-17.72547],[-63.01601,-17.72547],[-63.01602,-17.72547],[-63.01603,-17.72547],[-63.01604,-17.72547],[-63.01604,-17.72548]]},"properties":{"description":"ACERAS","styleUrl":"#line9","stroke-opacity":1,"stroke":"#FF7F00","stroke-width":1,"name":"FONDO"}},
{"type":"Feature","geometry":{"type":"LineString","coordinates":[[-63.01802,-17.72609],[-63.01612,-17.72544]]},"properties":{"description":"ACERAS","styleUrl":"#line9","stroke-opacity":1,"stroke":"#FF7F00","stroke-width":1,"name":"FONDO"}},
{"type":"Feature","geometry":{"type":"LineString","coordinates":[[-63.01583,-17.72533],[-63.01382,-17.72464]]},"properties":{"description":"ACERAS","styleUrl":"#line9","stroke-opacity":1,"stroke":"#FF7F00","stroke-width":1,"name":"FONDO"}},
{"type":"Feature","geometry":{"type":"LineString","coordinates":[[-63.01382,-17.72464],[-63.01381,-17.72464],[-63.01381,-17.72463],[-63.0138,-17.72463],[-63.01379,-17.72463],[-63.01379,-17.72462],[-63.01378,-17.72462],[-63.01378,-17.72461],[-63.01377,-17.72461],[-63.01377,-17.7246],[-63.01376,-17.7246],[-63.01376,-17.72459],[-63.01376,-17.72458],[-63.01376,-17.72457],[-63.01375,-17.72457],[-63.01375,-17.72456],[-63.01375,-17.72455],[-63.01375,-17.72454],[-63.01375,-17.72453],[-63.01375,-17.72452],[-63.01375,-17.72451],[-63.01376,-17.72451],[-63.01376,-17.7245],[-63.01376,-17.72449]]},"properties":{"description":"ACERAS","styleUrl":"#line9","stroke-opacity":1,"stroke":"#FF7F00","stroke-width":1,"name":"FONDO"}},
{"type":"Feature","geometry":{"type":"LineString","coordinates":[[-63.01575,-17.72537],[-63.01375,-17.72468]]},"properties":{"description":"ACERAS","styleUrl":"#line9","stroke-opacity":1,"stroke":"#FF7F00","stroke-width":1,"name":"FONDO"}},
{"type":"Feature","geometry":{"type":"LineString","coordinates":[[-63.01362,-17.72472],[-63.01363,-17.72472],[-63.01363,-17.72471],[-63.01364,-17.72471],[-63.01364,-17.7247],[-63.01365,-17.7247],[-63.01365,-17.72469],[-63.01366,-17.72469],[-63.01367,-17.72469],[-63.01367,-17.72468],[-63.01368,-17.72468],[-63.01369,-17.72468],[-63.0137,-17.72468],[-63.01371,-17.72468],[-63.01372,-17.72468],[-63.01373,-17.72468],[-63.01374,-17.72468],[-63.01375,-17.72468]]},"properties":{"description":"ACERAS","styleUrl":"#line9","stroke-opacity":1,"stroke":"#FF7F00","stroke-width":1,"name":"FONDO"}},
{"type":"Feature","geometry":{"type":"LineString","coordinates":[[-63.01575,-17.72537],[-63.01575,-17.72538],[-63.01576,-17.72538],[-63.01577,-17.72538],[-63.01577,-17.72539],[-63.01578,-17.72539],[-63.01578,-17.7254],[-63.01579,-17.7254],[-63.01579,-17.72541],[-63.0158,-17.72541],[-63.0158,-17.72542],[-63.01581,-17.72542],[-63.01581,-17.72543],[-63.01581,-17.72544],[-63.01582,-17.72544],[-63.01582,-17.72545],[-63.01582,-17.72546],[-63.01582,-17.72547],[-63.01582,-17.72548],[-63.01582,-17.72549],[-63.01582,-17.7255],[-63.01582,-17.72551],[-63.01581,-17.72551],[-63.01581,-17.72552],[-63.01581,-17.72553],[-63.0158,-17.72553]]},"properties":{"description":"ACERAS","styleUrl":"#line9","stroke-opacity":1,"stroke":"#FF7F00","stroke-width":1,"name":"FONDO"}},
{"type":"Feature","geometry":{"type":"LineString","coordinates":[[-63.01814,-17.72605],[-63.01845,-17.72555]]},"properties":{"description":"ACERAS","styleUrl":"#line9","stroke-opacity":1,"stroke":"#FF7F00","stroke-width":1,"name":"FONDO"}},
{"type":"Feature","geometry":{"type":"LineString","coordinates":[[-63.01814,-17.72605],[-63.01814,-17.72606],[-63.01813,-17.72606],[-63.01813,-17.72607],[-63.01812,-17.72607],[-63.01812,-17.72608],[-63.01811,-17.72608],[-63.0181,-17.72608],[-63.0181,-17.72609],[-63.01809,-17.72609],[-63.01808,-17.72609],[-63.01807,-17.72609],[-63.01807,-17.7261],[-63.01806,-17.7261],[-63.01805,-17.7261],[-63.01804,-17.7261],[-63.01804,-17.72609],[-63.01803,-17.72609],[-63.01802,-17.72609]]},"properties":{"description":"ACERAS","styleUrl":"#line9","stroke-opacity":1,"stroke":"#FF7F00","stroke-width":1,"name":"FONDO"}},
{"type":"Feature","geometry":{"type":"LineString","coordinates":[[-63.01812,-17.72621],[-63.01828,-17.72594]]},"properties":{"description":"ACERAS","styleUrl":"#line9","stroke-opacity":1,"stroke":"#FF7F00","stroke-width":1,"name":"FONDO"}},
{"type":"Feature","geometry":{"type":"LineString","coordinates":[[-63.01258,-17.72597],[-63.01304,-17.72615]]},"properties":{"description":"ACERAS","styleUrl":"#line9","stroke-opacity":1,"stroke":"#FF7F00","stroke-width":1,"name":"FONDO"}},
{"type":"Feature","geometry":{"type":"LineString","coordinates":[[-63.01304,-17.72615],[-63.01304,-17.72616],[-63.01305,-17.72616],[-63.01306,-17.72616],[-63.01306,-17.72617],[-63.01307,-17.72617],[-63.01308,-17.72617],[-63.01308,-17.72618],[-63.01309,-17.72619],[-63.01309,-17.7262],[-63.0131,-17.7262],[-63.0131,-17.72621],[-63.0131,-17.72622],[-63.01311,-17.72622],[-63.01311,-17.72623],[-63.01311,-17.72624],[-63.01311,-17.72625],[-63.01311,-17.72626],[-63.01311,-17.72627],[-63.01311,-17.72628],[-63.01311,-17.72629],[-63.0131,-17.72629],[-63.0131,-17.7263],[-63.0131,-17.72631],[-63.01309,-17.72631],[-63.01309,-17.72632],[-63.01309,-17.72633],[-63.01308,-17.72633],[-63.01308,-17.72634],[-63.01307,-17.72634],[-63.01306,-17.72634],[-63.01306,-17.72635]]},"properties":{"description":"ACERAS","styleUrl":"#line9","stroke-opacity":1,"stroke":"#FF7F00","stroke-width":1,"name":"FONDO"}},
{"type":"Feature","geometry":{"type":"LineString","coordinates":[[-63.01337,-17.72628],[-63.01471,-17.7268]]},"properties":{"description":"ACERAS","styleUrl":"#line9","stroke-opacity":1,"stroke":"#FF7F00","stroke-width":1,"name":"FONDO"}},
{"type":"Feature","geometry":{"type":"LineString","coordinates":[[-63.01471,-17.7268],[-63.01472,-17.72681],[-63.01473,-17.72681],[-63.01473,-17.72682],[-63.01474,-17.72682],[-63.01475,-17.72682],[-63.01475,-17.72683],[-63.01476,-17.72683],[-63.01476,-17.72684],[-63.01477,-17.72684],[-63.01477,-17.72685],[-63.01478,-17.72685],[-63.01478,-17.72686],[-63.01479,-17.72686],[-63.01479,-17.72687],[-63.0148,-17.72688],[-63.0148,-17.72689],[-63.01481,-17.7269],[-63.01481,-17.72691],[-63.01481,-17.72692],[-63.01482,-17.72693],[-63.01482,-17.72694],[-63.01482,-17.72695],[-63.01482,-17.72696],[-63.01482,-17.72697],[-63.01482,-17.72698],[-63.01482,-17.72699],[-63.01481,-17.72699],[-63.01481,-17.727],[-63.01481,-17.72701],[-63.01481,-17.72702],[-63.0148,-17.72702],[-63.0148,-17.72703],[-63.0148,-17.72704],[-63.01479,-17.72704],[-63.01479,-17.72705],[-63.01479,-17.72706],[-63.01478,-17.72706]]},"properties":{"description":"ACERAS","styleUrl":"#line9","stroke-opacity":1,"stroke":"#FF7F00","stroke-width":1,"name":"FONDO"}},
{"type":"Feature","geometry":{"type":"LineString","coordinates":[[-63.01302,-17.72585],[-63.01495,-17.7266]]},"properties":{"description":"ACERAS","styleUrl":"#line9","stroke-opacity":1,"stroke":"#FF7F00","stroke-width":1,"name":"FONDO"}},
{"type":"Feature","geometry":{"type":"LineString","coordinates":[[-63.01516,-17.72654],[-63.01515,-17.72655],[-63.01515,-17.72656],[-63.01514,-17.72656],[-63.01514,-17.72657],[-63.01513,-17.72657],[-63.01512,-17.72658],[-63.01511,-17.72658],[-63.01511,-17.72659],[-63.0151,-17.72659],[-63.01509,-17.7266],[-63.01508,-17.7266],[-63.01507,-17.7266],[-63.01507,-17.72661],[-63.01506,-17.72661],[-63.01505,-17.72661],[-63.01504,-17.72661],[-63.01503,-17.72661],[-63.01502,-17.72661],[-63.01501,-17.72661],[-63.01501,-17.72662],[-63.01501,-17.72661],[-63.015,-17.72661],[-63.01499,-17.72661],[-63.01498,-17.72661],[-63.01497,-17.72661],[-63.01496,-17.72661],[-63.01495,-17.72661],[-63.01495,-17.7266]]},"properties":{"description":"ACERAS","styleUrl":"#line9","stroke-opacity":1,"stroke":"#FF7F00","stroke-width":1,"name":"FONDO"}},
{"type":"Feature","geometry":{"type":"LineString","coordinates":[[-63.01265,-17.72563],[-63.01265,-17.72564],[-63.01264,-17.72564],[-63.01264,-17.72565],[-63.01263,-17.72565],[-63.01262,-17.72566],[-63.01261,-17.72566],[-63.01261,-17.72567],[-63.0126,-17.72567],[-63.01259,-17.72567],[-63.01259,-17.72568],[-63.01258,-17.72568],[-63.01257,-17.72568],[-63.01256,-17.72568],[-63.01256,-17.72569],[-63.01255,-17.72569],[-63.01254,-17.72569],[-63.01253,-17.72569],[-63.01252,-17.72569],[-63.01251,-17.72569],[-63.0125,-17.72569],[-63.01249,-17.72569],[-63.01248,-17.72568],[-63.01247,-17.72568],[-63.01246,-17.72568],[-63.01245,-17.72568],[-63.01245,-17.72567]]},"properties":{"description":"ACERAS","styleUrl":"#line9","stroke-opacity":1,"stroke":"#FF7F00","stroke-width":1,"name":"FONDO"}},
{"type":"Feature","geometry":{"type":"LineString","coordinates":[[-63.01236,-17.72568],[-63.01236,-17.72567],[-63.01237,-17.72567],[-63.01238,-17.72567],[-63.01239,-17.72567],[-63.0124,-17.72567],[-63.0124,-17.72566],[-63.01241,-17.72566],[-63.01242,-17.72566],[-63.01242,-17.72567],[-63.01243,-17.72567],[-63.01244,-17.72567],[-63.01245,-17.72567]]},"properties":{"description":"ACERAS","styleUrl":"#line9","stroke-opacity":1,"stroke":"#FF7F00","stroke-width":1,"name":"FONDO"}},
{"type":"Feature","geometry":{"type":"LineString","coordinates":[[-63.01278,-17.73015],[-63.00909,-17.73035]]},"properties":{"description":"ACERAS","styleUrl":"#line9","stroke-opacity":1,"stroke":"#FF7F00","stroke-width":1,"name":"FONDO"}},
{"type":"Feature","geometry":{"type":"LineString","coordinates":[[-63.01277,-17.7301],[-63.01087,-17.73021]]},"properties":{"description":"ACERAS","styleUrl":"#line9","stroke-opacity":1,"stroke":"#FF7F00","stroke-width":1,"name":"FONDO"}},
{"type":"Feature","geometry":{"type":"LineString","coordinates":[[-63.01066,-17.73022],[-63.00903,-17.73031]]},"properties":{"description":"ACERAS","styleUrl":"#line9","stroke-opacity":1,"stroke":"#FF7F00","stroke-width":1,"name":"FONDO"}},
{"type":"Feature","geometry":{"type":"LineString","coordinates":[[-63.01231,-17.72968],[-63.01088,-17.72976]]},"properties":{"description":"ACERAS","styleUrl":"#line9","stroke-opacity":1,"stroke":"#FF7F00","stroke-width":1,"name":"FONDO"}},
{"type":"Feature","geometry":{"type":"LineString","coordinates":[[-63.01233,-17.72967],[-63.01232,-17.72967],[-63.01232,-17.72968],[-63.01231,-17.72968]]},"properties":{"description":"ACERAS","styleUrl":"#line9","stroke-opacity":1,"stroke":"#FF7F00","stroke-width":1,"name":"FONDO"}},
{"type":"Feature","geometry":{"type":"LineString","coordinates":[[-63.01078,-17.72987],[-63.01078,-17.72986],[-63.01078,-17.72985],[-63.01078,-17.72984],[-63.01078,-17.72983],[-63.01079,-17.72983],[-63.01079,-17.72982],[-63.01079,-17.72981],[-63.0108,-17.72981],[-63.0108,-17.7298],[-63.01081,-17.7298],[-63.01081,-17.72979],[-63.01082,-17.72978],[-63.01083,-17.72978],[-63.01083,-17.72977],[-63.01084,-17.72977],[-63.01085,-17.72977],[-63.01085,-17.72976],[-63.01086,-17.72976],[-63.01087,-17.72976],[-63.01088,-17.72976]]},"properties":{"description":"ACERAS","styleUrl":"#line9","stroke-opacity":1,"stroke":"#FF7F00","stroke-width":1,"name":"FONDO"}},
{"type":"Feature","geometry":{"type":"LineString","coordinates":[[-63.01059,-17.72977],[-63.00873,-17.72988]]},"properties":{"description":"ACERAS","styleUrl":"#line9","stroke-opacity":1,"stroke":"#FF7F00","stroke-width":1,"name":"FONDO"}},
{"type":"Feature","geometry":{"type":"LineString","coordinates":[[-63.00844,-17.73018],[-63.00844,-17.73017],[-63.00844,-17.73016],[-63.00844,-17.73015],[-63.00844,-17.73014],[-63.00844,-17.73013],[-63.00844,-17.73012],[-63.00844,-17.73011],[-63.00845,-17.7301],[-63.00845,-17.73009],[-63.00845,-17.73008],[-63.00846,-17.73007],[-63.00846,-17.73006],[-63.00846,-17.73005],[-63.00847,-17.73005],[-63.00847,-17.73004],[-63.00847,-17.73003],[-63.00848,-17.73003],[-63.00848,-17.73002],[-63.00849,-17.73001],[-63.00849,-17.73],[-63.0085,-17.73],[-63.0085,-17.72999],[-63.00851,-17.72999],[-63.00851,-17.72998],[-63.00852,-17.72998],[-63.00852,-17.72997],[-63.00853,-17.72997],[-63.00853,-17.72996],[-63.00854,-17.72996],[-63.00854,-17.72995],[-63.00855,-17.72995],[-63.00855,-17.72994],[-63.00856,-17.72994],[-63.00857,-17.72993],[-63.00858,-17.72993],[-63.00858,-17.72992],[-63.00859,-17.72992],[-63.0086,-17.72992],[-63.0086,-17.72991],[-63.00861,-17.72991],[-63.00862,-17.72991],[-63.00862,-17.7299],[-63.00863,-17.7299],[-63.00864,-17.7299],[-63.00864,-17.72989],[-63.00865,-17.72989],[-63.00866,-17.72989],[-63.00867,-17.72989],[-63.00868,-17.72988],[-63.00869,-17.72988],[-63.0087,-17.72988],[-63.00871,-17.72988],[-63.00872,-17.72988],[-63.00873,-17.72988]]},"properties":{"description":"ACERAS","styleUrl":"#line9","stroke-opacity":1,"stroke":"#FF7F00","stroke-width":1,"name":"FONDO"}},
{"type":"Feature","geometry":{"type":"LineString","coordinates":[[-63.01059,-17.72977],[-63.0106,-17.72977],[-63.01061,-17.72977],[-63.01062,-17.72977],[-63.01062,-17.72978],[-63.01063,-17.72978],[-63.01064,-17.72978],[-63.01065,-17.72978],[-63.01065,-17.72979],[-63.01066,-17.72979],[-63.01067,-17.72979],[-63.01067,-17.7298],[-63.01068,-17.7298],[-63.01068,-17.72981],[-63.01069,-17.72981],[-63.01069,-17.72982],[-63.0107,-17.72982],[-63.0107,-17.72983],[-63.0107,-17.72984],[-63.01071,-17.72984],[-63.01071,-17.72985],[-63.01071,-17.72986],[-63.01071,-17.72987],[-63.01071,-17.72988]]},"properties":{"description":"ACERAS","styleUrl":"#line9","stroke-opacity":1,"stroke":"#FF7F00","stroke-width":1,"name":"FONDO"}},
{"type":"Feature","geometry":{"type":"LineString","coordinates":[[-63.01191,-17.72962],[-63.00876,-17.72979]]},"properties":{"description":"ACERAS","styleUrl":"#line9","stroke-opacity":1,"stroke":"#FF7F00","stroke-width":1,"name":"FONDO"}},
{"type":"Feature","geometry":{"type":"LineString","coordinates":[[-63.01104,-17.72906],[-63.00858,-17.7292]]},"properties":{"description":"ACERAS","styleUrl":"#line9","stroke-opacity":1,"stroke":"#FF7F00","stroke-width":1,"name":"FONDO"}},
{"type":"Feature","geometry":{"type":"LineString","coordinates":[[-63.00842,-17.72937],[-63.00842,-17.72936],[-63.00842,-17.72935],[-63.00842,-17.72934],[-63.00843,-17.72934],[-63.00843,-17.72933],[-63.00843,-17.72932],[-63.00843,-17.72931],[-63.00844,-17.7293],[-63.00844,-17.72929],[-63.00845,-17.72928],[-63.00845,-17.72927],[-63.00846,-17.72927],[-63.00846,-17.72926],[-63.00847,-17.72926],[-63.00847,-17.72925],[-63.00848,-17.72925],[-63.00848,-17.72924],[-63.00849,-17.72924],[-63.00849,-17.72923],[-63.0085,-17.72923],[-63.00851,-17.72922],[-63.00852,-17.72922],[-63.00853,-17.72921],[-63.00854,-17.72921],[-63.00855,-17.72921],[-63.00856,-17.72921],[-63.00856,-17.7292],[-63.00857,-17.7292],[-63.00858,-17.7292]]},"properties":{"description":"ACERAS","styleUrl":"#line9","stroke-opacity":1,"stroke":"#FF7F00","stroke-width":1,"name":"FONDO"}},
{"type":"Feature","geometry":{"type":"LineString","coordinates":[[-63.01104,-17.72906],[-63.01105,-17.72906],[-63.01106,-17.72906],[-63.01106,-17.72907],[-63.01107,-17.72907],[-63.01108,-17.72907],[-63.01109,-17.72907]]},"properties":{"description":"ACERAS","styleUrl":"#line9","stroke-opacity":1,"stroke":"#FF7F00","stroke-width":1,"name":"FONDO"}},
{"type":"Feature","geometry":{"type":"LineString","coordinates":[[-63.01051,-17.72903],[-63.00873,-17.72913]]},"properties":{"description":"ACERAS","styleUrl":"#line9","stroke-opacity":1,"stroke":"#FF7F00","stroke-width":1,"name":"FONDO"}},
{"type":"Feature","geometry":{"type":"LineString","coordinates":[[-63.00873,-17.72913],[-63.00872,-17.72913],[-63.00871,-17.72913],[-63.0087,-17.72913],[-63.00869,-17.72913],[-63.00868,-17.72913],[-63.00867,-17.72913],[-63.00867,-17.72912],[-63.00866,-17.72912],[-63.00865,-17.72912],[-63.00865,-17.72911],[-63.00864,-17.72911],[-63.00863,-17.72911],[-63.00862,-17.7291],[-63.00861,-17.7291],[-63.00861,-17.72909],[-63.0086,-17.72909],[-63.0086,-17.72908],[-63.00859,-17.72908],[-63.00859,-17.72907],[-63.00858,-17.72907],[-63.00858,-17.72906],[-63.00857,-17.72906],[-63.00857,-17.72905],[-63.00857,-17.72904],[-63.00856,-17.72904],[-63.00856,-17.72903],[-63.00856,-17.72902],[-63.00855,-17.72901],[-63.00855,-17.729],[-63.00855,-17.72899],[-63.00855,-17.72898],[-63.00855,-17.72897],[-63.00855,-17.72896],[-63.00855,-17.72895],[-63.00855,-17.72894],[-63.00855,-17.72893],[-63.00855,-17.72892],[-63.00856,-17.72892],[-63.00856,-17.72891],[-63.00856,-17.7289],[-63.00857,-17.7289],[-63.00857,-17.72889],[-63.00857,-17.72888],[-63.00858,-17.72888]]},"properties":{"description":"ACERAS","styleUrl":"#line9","stroke-opacity":1,"stroke":"#FF7F00","stroke-width":1,"name":"FONDO"}},
{"type":"Feature","geometry":{"type":"LineString","coordinates":[[-63.01079,-17.73014],[-63.01078,-17.72987]]},"properties":{"description":"ACERAS","styleUrl":"#line9","stroke-opacity":1,"stroke":"#FF7F00","stroke-width":1,"name":"FONDO"}},
{"type":"Feature","geometry":{"type":"LineString","coordinates":[[-63.01087,-17.73021],[-63.01086,-17.73021],[-63.01086,-17.7302],[-63.01085,-17.7302],[-63.01084,-17.7302],[-63.01083,-17.7302],[-63.01083,-17.73019],[-63.01082,-17.73019],[-63.01082,-17.73018],[-63.01081,-17.73018],[-63.01081,-17.73017],[-63.0108,-17.73017],[-63.0108,-17.73016],[-63.0108,-17.73015],[-63.0108,-17.73014],[-63.01079,-17.73014]]},"properties":{"description":"ACERAS","styleUrl":"#line9","stroke-opacity":1,"stroke":"#FF7F00","stroke-width":1,"name":"FONDO"}},
{"type":"Feature","geometry":{"type":"LineString","coordinates":[[-63.01073,-17.73014],[-63.01071,-17.72988]]},"properties":{"description":"ACERAS","styleUrl":"#line9","stroke-opacity":1,"stroke":"#FF7F00","stroke-width":1,"name":"FONDO"}},
{"type":"Feature","geometry":{"type":"LineString","coordinates":[[-63.01073,-17.73014],[-63.01073,-17.73015],[-63.01073,-17.73016],[-63.01073,-17.73017],[-63.01072,-17.73017],[-63.01072,-17.73018],[-63.01072,-17.73019],[-63.01071,-17.73019],[-63.01071,-17.7302],[-63.0107,-17.7302],[-63.0107,-17.73021],[-63.01069,-17.73021],[-63.01068,-17.73021],[-63.01068,-17.73022],[-63.01067,-17.73022],[-63.01066,-17.73022]]},"properties":{"description":"ACERAS","styleUrl":"#line9","stroke-opacity":1,"stroke":"#FF7F00","stroke-width":1,"name":"FONDO"}},
{"type":"Feature","geometry":{"type":"LineString","coordinates":[[-63.01292,-17.72928],[-63.01247,-17.72951]]},"properties":{"description":"ACERAS","styleUrl":"#line9","stroke-opacity":1,"stroke":"#FF7F00","stroke-width":1,"name":"FONDO"}},
{"type":"Feature","geometry":{"type":"LineString","coordinates":[[-63.01323,-17.72921],[-63.01286,-17.7294]]},"properties":{"description":"ACERAS","styleUrl":"#line9","stroke-opacity":1,"stroke":"#FF7F00","stroke-width":1,"name":"FONDO"}},
{"type":"Feature","geometry":{"type":"LineString","coordinates":[[-63.01287,-17.7296],[-63.01286,-17.7296],[-63.01286,-17.72959],[-63.01285,-17.72959],[-63.01284,-17.72959],[-63.01284,-17.72958],[-63.01283,-17.72958],[-63.01283,-17.72957],[-63.01282,-17.72957],[-63.01282,-17.72956],[-63.01281,-17.72955],[-63.01281,-17.72954],[-63.0128,-17.72954],[-63.0128,-17.72953],[-63.0128,-17.72952],[-63.0128,-17.72951],[-63.0128,-17.7295],[-63.0128,-17.72949],[-63.0128,-17.72948],[-63.0128,-17.72947],[-63.0128,-17.72946],[-63.01281,-17.72946],[-63.01281,-17.72945],[-63.01281,-17.72944],[-63.01282,-17.72944],[-63.01282,-17.72943],[-63.01283,-17.72943],[-63.01283,-17.72942],[-63.01284,-17.72942],[-63.01284,-17.72941],[-63.01285,-17.72941],[-63.01285,-17.7294],[-63.01286,-17.7294]]},"properties":{"description":"ACERAS","styleUrl":"#line9","stroke-opacity":1,"stroke":"#FF7F00","stroke-width":1,"name":"FONDO"}},
{"type":"Feature","geometry":{"type":"LineString","coordinates":[[-63.00842,-17.72937],[-63.00843,-17.7295]]},"properties":{"description":"ACERAS","styleUrl":"#line9","stroke-opacity":1,"stroke":"#FF7F00","stroke-width":1,"name":"FONDO"}},
{"type":"Feature","geometry":{"type":"LineString","coordinates":[[-63.00876,-17.72979],[-63.00875,-17.72979],[-63.00874,-17.72979],[-63.00873,-17.72979],[-63.00872,-17.72979],[-63.00871,-17.72979],[-63.0087,-17.72979],[-63.00869,-17.72979],[-63.00868,-17.72979],[-63.00867,-17.72979],[-63.00866,-17.72979],[-63.00866,-17.72978],[-63.00865,-17.72978],[-63.00864,-17.72978],[-63.00863,-17.72978],[-63.00863,-17.72977],[-63.00862,-17.72977],[-63.00861,-17.72977],[-63.0086,-17.72976],[-63.00859,-17.72976],[-63.00858,-17.72975],[-63.00857,-17.72975],[-63.00857,-17.72974],[-63.00856,-17.72974],[-63.00855,-17.72974],[-63.00855,-17.72973],[-63.00854,-17.72973],[-63.00854,-17.72972],[-63.00853,-17.72972],[-63.00853,-17.72971],[-63.00852,-17.72971],[-63.00852,-17.7297],[-63.00851,-17.7297],[-63.00851,-17.72969],[-63.0085,-17.72969],[-63.0085,-17.72968],[-63.00849,-17.72968],[-63.00849,-17.72967],[-63.00848,-17.72967],[-63.00848,-17.72966],[-63.00847,-17.72965],[-63.00847,-17.72964],[-63.00846,-17.72964],[-63.00846,-17.72963],[-63.00846,-17.72962],[-63.00845,-17.72962],[-63.00845,-17.72961],[-63.00845,-17.7296],[-63.00844,-17.72959],[-63.00844,-17.72958],[-63.00844,-17.72957],[-63.00843,-17.72957],[-63.00843,-17.72956],[-63.00843,-17.72955],[-63.00843,-17.72954],[-63.00843,-17.72953],[-63.00843,-17.72952],[-63.00843,-17.72951],[-63.00843,-17.7295]]},"properties":{"description":"ACERAS","styleUrl":"#line9","stroke-opacity":1,"stroke":"#FF7F00","stroke-width":1,"name":"FONDO"}},
{"type":"Feature","geometry":{"type":"LineString","coordinates":[[-63.01274,-17.7268],[-63.01439,-17.72745]]},"properties":{"description":"ACERAS","styleUrl":"#line9","stroke-opacity":1,"stroke":"#FF7F00","stroke-width":1,"name":"FONDO"}},
{"type":"Feature","geometry":{"type":"LineString","coordinates":[[-63.0145,-17.72742],[-63.0145,-17.72743],[-63.01449,-17.72743],[-63.01449,-17.72744],[-63.01448,-17.72744],[-63.01448,-17.72745],[-63.01447,-17.72745],[-63.01446,-17.72745],[-63.01446,-17.72746],[-63.01445,-17.72746],[-63.01444,-17.72746],[-63.01443,-17.72746],[-63.01442,-17.72746],[-63.01441,-17.72746],[-63.0144,-17.72746],[-63.0144,-17.72745],[-63.01439,-17.72745]]},"properties":{"description":"ACERAS","styleUrl":"#line9","stroke-opacity":1,"stroke":"#FF7F00","stroke-width":1,"name":"FONDO"}},
{"type":"Feature","geometry":{"type":"LineString","coordinates":[[-63.01256,-17.7268],[-63.01431,-17.72749]]},"properties":{"description":"ACERAS","styleUrl":"#line9","stroke-opacity":1,"stroke":"#FF7F00","stroke-width":1,"name":"FONDO"}},
{"type":"Feature","geometry":{"type":"LineString","coordinates":[[-63.01431,-17.72749],[-63.01432,-17.72749],[-63.01432,-17.7275],[-63.01433,-17.7275],[-63.01434,-17.72751],[-63.01435,-17.72752],[-63.01435,-17.72753],[-63.01436,-17.72753],[-63.01436,-17.72754],[-63.01436,-17.72755],[-63.01436,-17.72756],[-63.01437,-17.72756],[-63.01437,-17.72757],[-63.01437,-17.72758],[-63.01437,-17.72759],[-63.01436,-17.72759],[-63.01436,-17.7276],[-63.01436,-17.72761],[-63.01436,-17.72762],[-63.01435,-17.72762],[-63.01435,-17.72763]]},"properties":{"description":"ACERAS","styleUrl":"#line9","stroke-opacity":1,"stroke":"#FF7F00","stroke-width":1,"name":"FONDO"}},
{"type":"Feature","geometry":{"type":"LineString","coordinates":[[-63.02172,-17.72098],[-63.0195,-17.72015]]},"properties":{"description":"ACERAS","styleUrl":"#line9","stroke-opacity":1,"stroke":"#FF7F00","stroke-width":1,"name":"FONDO"}},
{"type":"Feature","geometry":{"type":"LineString","coordinates":[[-63.01921,-17.72004],[-63.01707,-17.71923]]},"properties":{"description":"ACERAS","styleUrl":"#line9","stroke-opacity":1,"stroke":"#FF7F00","stroke-width":1,"name":"FONDO"}},
{"type":"Feature","geometry":{"type":"LineString","coordinates":[[-63.01707,-17.71923],[-63.01706,-17.71923],[-63.01706,-17.71922],[-63.01705,-17.71922],[-63.01704,-17.71921],[-63.01703,-17.71921],[-63.01703,-17.7192],[-63.01702,-17.7192],[-63.01702,-17.71919],[-63.01701,-17.71918],[-63.01701,-17.71917],[-63.017,-17.71917],[-63.017,-17.71916],[-63.017,-17.71915],[-63.017,-17.71914],[-63.017,-17.71913],[-63.017,-17.71912],[-63.017,-17.71911],[-63.017,-17.7191],[-63.017,-17.71909],[-63.01701,-17.71908],[-63.01701,-17.71907],[-63.01702,-17.71907],[-63.01702,-17.71906]]},"properties":{"description":"ACERAS","styleUrl":"#line9","stroke-opacity":1,"stroke":"#FF7F00","stroke-width":1,"name":"FONDO"}},
{"type":"Feature","geometry":{"type":"LineString","coordinates":[[-63.02161,-17.72101],[-63.01943,-17.72019]]},"properties":{"description":"ACERAS","styleUrl":"#line9","stroke-opacity":1,"stroke":"#FF7F00","stroke-width":1,"name":"FONDO"}},
{"type":"Feature","geometry":{"type":"LineString","coordinates":[[-63.02161,-17.72101],[-63.02162,-17.72101],[-63.02163,-17.72102],[-63.02164,-17.72102],[-63.02164,-17.72103],[-63.02165,-17.72103],[-63.02165,-17.72104],[-63.02166,-17.72104],[-63.02166,-17.72105],[-63.02166,-17.72106],[-63.02167,-17.72106],[-63.02167,-17.72107],[-63.02167,-17.72108],[-63.02167,-17.72109],[-63.02167,-17.7211],[-63.02167,-17.72111],[-63.02167,-17.72112],[-63.02167,-17.72113],[-63.02166,-17.72113],[-63.02166,-17.72114],[-63.02166,-17.72115],[-63.02165,-17.72115]]},"properties":{"description":"ACERAS","styleUrl":"#line9","stroke-opacity":1,"stroke":"#FF7F00","stroke-width":1,"name":"FONDO"}},
{"type":"Feature","geometry":{"type":"LineString","coordinates":[[-63.01929,-17.72023],[-63.0193,-17.72023],[-63.0193,-17.72022],[-63.01931,-17.72022],[-63.01931,-17.72021],[-63.01932,-17.72021],[-63.01932,-17.7202],[-63.01933,-17.7202],[-63.01933,-17.72019],[-63.01934,-17.72019],[-63.01935,-17.72019],[-63.01936,-17.72019],[-63.01936,-17.72018],[-63.01937,-17.72018],[-63.01938,-17.72018],[-63.01939,-17.72018],[-63.0194,-17.72018],[-63.01941,-17.72018],[-63.01942,-17.72018],[-63.01943,-17.72018],[-63.01943,-17.72019]]},"properties":{"description":"ACERAS","styleUrl":"#line9","stroke-opacity":1,"stroke":"#FF7F00","stroke-width":1,"name":"FONDO"}},
{"type":"Feature","geometry":{"type":"LineString","coordinates":[[-63.01914,-17.72008],[-63.01698,-17.71926]]},"properties":{"description":"ACERAS","styleUrl":"#line9","stroke-opacity":1,"stroke":"#FF7F00","stroke-width":1,"name":"FONDO"}},
{"type":"Feature","geometry":{"type":"LineString","coordinates":[[-63.01914,-17.72008],[-63.01915,-17.72008],[-63.01916,-17.72008],[-63.01916,-17.72009],[-63.01917,-17.72009],[-63.01917,-17.7201],[-63.01918,-17.7201],[-63.01918,-17.72011],[-63.01919,-17.72011],[-63.01919,-17.72012],[-63.0192,-17.72012],[-63.0192,-17.72013],[-63.0192,-17.72014],[-63.01921,-17.72015],[-63.01921,-17.72016],[-63.01921,-17.72017],[-63.01921,-17.72018],[-63.01921,-17.72019],[-63.01921,-17.7202],[-63.01921,-17.72021],[-63.0192,-17.72021],[-63.0192,-17.72022],[-63.0192,-17.72023],[-63.01919,-17.72023]]},"properties":{"description":"ACERAS","styleUrl":"#line9","stroke-opacity":1,"stroke":"#FF7F00","stroke-width":1,"name":"FONDO"}},
{"type":"Feature","geometry":{"type":"LineString","coordinates":[[-63.02131,-17.72144],[-63.01919,-17.72064]]},"properties":{"description":"ACERAS","styleUrl":"#line9","stroke-opacity":1,"stroke":"#FF7F00","stroke-width":1,"name":"FONDO"}},
{"type":"Feature","geometry":{"type":"LineString","coordinates":[[-63.0189,-17.72053],[-63.01671,-17.71971]]},"properties":{"description":"ACERAS","styleUrl":"#line9","stroke-opacity":1,"stroke":"#FF7F00","stroke-width":1,"name":"FONDO"}},
{"type":"Feature","geometry":{"type":"LineString","coordinates":[[-63.01671,-17.71971],[-63.01671,-17.7197],[-63.0167,-17.7197],[-63.01669,-17.7197],[-63.01669,-17.71969],[-63.01668,-17.71969],[-63.01668,-17.71968],[-63.01667,-17.71968],[-63.01667,-17.71967],[-63.01666,-17.71967],[-63.01666,-17.71966],[-63.01665,-17.71965],[-63.01665,-17.71964],[-63.01665,-17.71963],[-63.01664,-17.71963],[-63.01664,-17.71962],[-63.01664,-17.71961],[-63.01664,-17.7196],[-63.01664,-17.71959],[-63.01664,-17.71958],[-63.01665,-17.71958],[-63.01665,-17.71957],[-63.01665,-17.71956],[-63.01666,-17.71955],[-63.01666,-17.71954]]},"properties":{"description":"ACERAS","styleUrl":"#line9","stroke-opacity":1,"stroke":"#FF7F00","stroke-width":1,"name":"FONDO"}},
{"type":"Feature","geometry":{"type":"LineString","coordinates":[[-63.0212,-17.72147],[-63.01912,-17.72068]]},"properties":{"description":"ACERAS","styleUrl":"#line9","stroke-opacity":1,"stroke":"#FF7F00","stroke-width":1,"name":"FONDO"}},
{"type":"Feature","geometry":{"type":"LineString","coordinates":[[-63.0212,-17.72147],[-63.02121,-17.72147],[-63.02122,-17.72147],[-63.02122,-17.72148],[-63.02123,-17.72148],[-63.02123,-17.72149],[-63.02124,-17.72149],[-63.02124,-17.7215],[-63.02125,-17.7215],[-63.02125,-17.72151],[-63.02125,-17.72152],[-63.02125,-17.72153],[-63.02126,-17.72153],[-63.02126,-17.72154],[-63.02126,-17.72155],[-63.02126,-17.72156],[-63.02126,-17.72157],[-63.02125,-17.72157],[-63.02125,-17.72158],[-63.02125,-17.72159],[-63.02124,-17.7216],[-63.02124,-17.72161],[-63.02123,-17.72161]]},"properties":{"description":"ACERAS","styleUrl":"#line9","stroke-opacity":1,"stroke":"#FF7F00","stroke-width":1,"name":"FONDO"}},
{"type":"Feature","geometry":{"type":"LineString","coordinates":[[-63.01898,-17.72072],[-63.01899,-17.72072],[-63.01899,-17.72071],[-63.019,-17.7207],[-63.01901,-17.7207],[-63.01901,-17.72069],[-63.01902,-17.72069],[-63.01902,-17.72068],[-63.01903,-17.72068],[-63.01904,-17.72068],[-63.01905,-17.72068],[-63.01905,-17.72067],[-63.01906,-17.72067],[-63.01907,-17.72067],[-63.01908,-17.72067],[-63.01909,-17.72067],[-63.0191,-17.72067],[-63.0191,-17.72068],[-63.01911,-17.72068],[-63.01912,-17.72068]]},"properties":{"description":"ACERAS","styleUrl":"#line9","stroke-opacity":1,"stroke":"#FF7F00","stroke-width":1,"name":"FONDO"}},
{"type":"Feature","geometry":{"type":"LineString","coordinates":[[-63.01882,-17.72057],[-63.01662,-17.71974]]},"properties":{"description":"ACERAS","styleUrl":"#line9","stroke-opacity":1,"stroke":"#FF7F00","stroke-width":1,"name":"FONDO"}},
{"type":"Feature","geometry":{"type":"LineString","coordinates":[[-63.01649,-17.71978],[-63.01649,-17.71977],[-63.0165,-17.71977],[-63.0165,-17.71976],[-63.01651,-17.71976],[-63.01651,-17.71975],[-63.01652,-17.71975],[-63.01652,-17.71974],[-63.01653,-17.71974],[-63.01654,-17.71974],[-63.01655,-17.71974],[-63.01655,-17.71973],[-63.01656,-17.71973],[-63.01657,-17.71973],[-63.01658,-17.71973],[-63.01659,-17.71973],[-63.0166,-17.71973],[-63.01661,-17.71973],[-63.01661,-17.71974],[-63.01662,-17.71974]]},"properties":{"description":"ACERAS","styleUrl":"#line9","stroke-opacity":1,"stroke":"#FF7F00","stroke-width":1,"name":"FONDO"}},
{"type":"Feature","geometry":{"type":"LineString","coordinates":[[-63.01882,-17.72057],[-63.01883,-17.72057],[-63.01884,-17.72058],[-63.01885,-17.72058],[-63.01885,-17.72059],[-63.01886,-17.72059],[-63.01886,-17.7206],[-63.01887,-17.7206],[-63.01887,-17.72061],[-63.01888,-17.72061],[-63.01888,-17.72062],[-63.01888,-17.72063],[-63.01889,-17.72063],[-63.01889,-17.72064],[-63.01889,-17.72065],[-63.01889,-17.72066],[-63.01889,-17.72067],[-63.01889,-17.72068],[-63.01889,-17.72069],[-63.01889,-17.7207],[-63.01889,-17.72071],[-63.01888,-17.72071],[-63.01888,-17.72072],[-63.01888,-17.72073]]},"properties":{"description":"ACERAS","styleUrl":"#line9","stroke-opacity":1,"stroke":"#FF7F00","stroke-width":1,"name":"FONDO"}},
{"type":"Feature","geometry":{"type":"LineString","coordinates":[[-63.02089,-17.72189],[-63.01887,-17.72113]]},"properties":{"description":"ACERAS","styleUrl":"#line9","stroke-opacity":1,"stroke":"#FF7F00","stroke-width":1,"name":"FONDO"}},
{"type":"Feature","geometry":{"type":"LineString","coordinates":[[-63.01858,-17.72102],[-63.01636,-17.72018]]},"properties":{"description":"ACERAS","styleUrl":"#line9","stroke-opacity":1,"stroke":"#FF7F00","stroke-width":1,"name":"FONDO"}},
{"type":"Feature","geometry":{"type":"LineString","coordinates":[[-63.01636,-17.72018],[-63.01635,-17.72018],[-63.01634,-17.72018],[-63.01634,-17.72017],[-63.01633,-17.72017],[-63.01632,-17.72016],[-63.01631,-17.72016],[-63.01631,-17.72015],[-63.0163,-17.72014],[-63.0163,-17.72013],[-63.01629,-17.72013],[-63.01629,-17.72012],[-63.01629,-17.72011],[-63.01629,-17.7201],[-63.01628,-17.7201],[-63.01628,-17.72009],[-63.01628,-17.72008],[-63.01628,-17.72007],[-63.01628,-17.72006],[-63.01629,-17.72006],[-63.01629,-17.72005],[-63.01629,-17.72004],[-63.01629,-17.72003],[-63.0163,-17.72003],[-63.0163,-17.72002]]},"properties":{"description":"ACERAS","styleUrl":"#line9","stroke-opacity":1,"stroke":"#FF7F00","stroke-width":1,"name":"FONDO"}},
{"type":"Feature","geometry":{"type":"LineString","coordinates":[[-63.01872,-17.72098],[-63.01871,-17.72098],[-63.01871,-17.72099],[-63.0187,-17.72099],[-63.0187,-17.721],[-63.01869,-17.721],[-63.01869,-17.72101],[-63.01868,-17.72101],[-63.01868,-17.72102],[-63.01867,-17.72102],[-63.01866,-17.72102],[-63.01865,-17.72102],[-63.01865,-17.72103],[-63.01864,-17.72103],[-63.01863,-17.72103],[-63.01862,-17.72103],[-63.01861,-17.72103],[-63.0186,-17.72103],[-63.01859,-17.72103],[-63.01859,-17.72102],[-63.01858,-17.72102]]},"properties":{"description":"ACERAS","styleUrl":"#line9","stroke-opacity":1,"stroke":"#FF7F00","stroke-width":1,"name":"FONDO"}},
{"type":"Feature","geometry":{"type":"LineString","coordinates":[[-63.02078,-17.72192],[-63.0188,-17.72117]]},"properties":{"description":"ACERAS","styleUrl":"#line9","stroke-opacity":1,"stroke":"#FF7F00","stroke-width":1,"name":"FONDO"}},
{"type":"Feature","geometry":{"type":"LineString","coordinates":[[-63.02078,-17.72192],[-63.02079,-17.72192],[-63.02079,-17.72193],[-63.0208,-17.72193],[-63.02081,-17.72193],[-63.02081,-17.72194],[-63.02082,-17.72194],[-63.02082,-17.72195],[-63.02083,-17.72195],[-63.02083,-17.72196],[-63.02083,-17.72197],[-63.02084,-17.72197],[-63.02084,-17.72198],[-63.02084,-17.72199],[-63.02084,-17.722],[-63.02084,-17.72201],[-63.02084,-17.72202],[-63.02084,-17.72203],[-63.02084,-17.72204],[-63.02083,-17.72204],[-63.02083,-17.72205],[-63.02083,-17.72206],[-63.02082,-17.72206]]},"properties":{"description":"ACERAS","styleUrl":"#line9","stroke-opacity":1,"stroke":"#FF7F00","stroke-width":1,"name":"FONDO"}},
{"type":"Feature","geometry":{"type":"LineString","coordinates":[[-63.01866,-17.72122],[-63.01867,-17.72122],[-63.01867,-17.72121],[-63.01867,-17.7212],[-63.01868,-17.7212],[-63.01868,-17.72119],[-63.01869,-17.72119],[-63.0187,-17.72119],[-63.0187,-17.72118],[-63.01871,-17.72118],[-63.01871,-17.72117],[-63.01872,-17.72117],[-63.01873,-17.72117],[-63.01874,-17.72117],[-63.01875,-17.72117],[-63.01876,-17.72117],[-63.01877,-17.72117],[-63.01878,-17.72117],[-63.01879,-17.72117],[-63.0188,-17.72117]]},"properties":{"description":"ACERAS","styleUrl":"#line9","stroke-opacity":1,"stroke":"#FF7F00","stroke-width":1,"name":"FONDO"}},
{"type":"Feature","geometry":{"type":"LineString","coordinates":[[-63.01851,-17.72106],[-63.01626,-17.72021]]},"properties":{"description":"ACERAS","styleUrl":"#line9","stroke-opacity":1,"stroke":"#FF7F00","stroke-width":1,"name":"FONDO"}},
{"type":"Feature","geometry":{"type":"LineString","coordinates":[[-63.01851,-17.72106],[-63.01851,-17.72107],[-63.01852,-17.72107],[-63.01853,-17.72107],[-63.01853,-17.72108],[-63.01854,-17.72108],[-63.01855,-17.72109],[-63.01855,-17.7211],[-63.01856,-17.7211],[-63.01856,-17.72111],[-63.01857,-17.72111],[-63.01857,-17.72112],[-63.01857,-17.72113],[-63.01858,-17.72113],[-63.01858,-17.72114],[-63.01858,-17.72115],[-63.01858,-17.72116],[-63.01858,-17.72117],[-63.01858,-17.72118],[-63.01858,-17.72119],[-63.01857,-17.72119],[-63.01857,-17.7212],[-63.01857,-17.72121],[-63.01857,-17.72122],[-63.01856,-17.72122]]},"properties":{"description":"ACERAS","styleUrl":"#line9","stroke-opacity":1,"stroke":"#FF7F00","stroke-width":1,"name":"FONDO"}},
{"type":"Feature","geometry":{"type":"LineString","coordinates":[[-63.02048,-17.72235],[-63.01856,-17.72163]]},"properties":{"description":"ACERAS","styleUrl":"#line9","stroke-opacity":1,"stroke":"#FF7F00","stroke-width":1,"name":"FONDO"}},
{"type":"Feature","geometry":{"type":"LineString","coordinates":[[-63.01856,-17.72163],[-63.01856,-17.72162],[-63.01855,-17.72162],[-63.01854,-17.72162],[-63.01854,-17.72161],[-63.01853,-17.72161],[-63.01852,-17.72161],[-63.01852,-17.7216],[-63.01851,-17.7216],[-63.01851,-17.72159],[-63.01851,-17.72158],[-63.0185,-17.72158],[-63.0185,-17.72157],[-63.01849,-17.72156],[-63.01849,-17.72155],[-63.01849,-17.72154],[-63.01849,-17.72153],[-63.01849,-17.72152],[-63.01849,-17.72151],[-63.01849,-17.7215],[-63.01849,-17.72149],[-63.01849,-17.72148],[-63.0185,-17.72148],[-63.0185,-17.72147]]},"properties":{"description":"ACERAS","styleUrl":"#line9","stroke-opacity":1,"stroke":"#FF7F00","stroke-width":1,"name":"FONDO"}},
{"type":"Feature","geometry":{"type":"LineString","coordinates":[[-63.01826,-17.72151],[-63.016,-17.72066]]},"properties":{"description":"ACERAS","styleUrl":"#line9","stroke-opacity":1,"stroke":"#FF7F00","stroke-width":1,"name":"FONDO"}},
{"type":"Feature","geometry":{"type":"LineString","coordinates":[[-63.016,-17.72066],[-63.01599,-17.72066],[-63.01599,-17.72065],[-63.01598,-17.72065],[-63.01597,-17.72065],[-63.01597,-17.72064],[-63.01596,-17.72064],[-63.01596,-17.72063],[-63.01595,-17.72063],[-63.01595,-17.72062],[-63.01594,-17.72062],[-63.01594,-17.72061],[-63.01594,-17.7206],[-63.01593,-17.7206],[-63.01593,-17.72059],[-63.01593,-17.72058],[-63.01593,-17.72057],[-63.01592,-17.72057],[-63.01592,-17.72056],[-63.01592,-17.72055],[-63.01593,-17.72055],[-63.01593,-17.72054],[-63.01593,-17.72053],[-63.01593,-17.72052],[-63.01593,-17.72051],[-63.01594,-17.72051],[-63.01594,-17.7205],[-63.01595,-17.7205],[-63.01595,-17.72049]]},"properties":{"description":"ACERAS","styleUrl":"#line9","stroke-opacity":1,"stroke":"#FF7F00","stroke-width":1,"name":"FONDO"}},
{"type":"Feature","geometry":{"type":"LineString","coordinates":[[-63.02041,-17.72239],[-63.01849,-17.72167]]},"properties":{"description":"ACERAS","styleUrl":"#line9","stroke-opacity":1,"stroke":"#FF7F00","stroke-width":1,"name":"FONDO"}},
{"type":"Feature","geometry":{"type":"LineString","coordinates":[[-63.02041,-17.72239],[-63.02042,-17.72239],[-63.02042,-17.7224],[-63.02043,-17.7224],[-63.02043,-17.72241],[-63.02044,-17.72241],[-63.02044,-17.72242],[-63.02045,-17.72242],[-63.02045,-17.72243],[-63.02046,-17.72243],[-63.02046,-17.72244],[-63.02046,-17.72245],[-63.02046,-17.72246],[-63.02047,-17.72246],[-63.02047,-17.72247],[-63.02047,-17.72248],[-63.02047,-17.72249],[-63.02046,-17.72249],[-63.02046,-17.7225],[-63.02046,-17.72251],[-63.02046,-17.72252],[-63.02045,-17.72252],[-63.02045,-17.72253],[-63.02044,-17.72253]]},"properties":{"description":"ACERAS","styleUrl":"#line9","stroke-opacity":1,"stroke":"#FF7F00","stroke-width":1,"name":"FONDO"}},
{"type":"Feature","geometry":{"type":"LineString","coordinates":[[-63.02003,-17.72289],[-63.01819,-17.7222]]},"properties":{"description":"ACERAS","styleUrl":"#line9","stroke-opacity":1,"stroke":"#FF7F00","stroke-width":1,"name":"FONDO"}},
{"type":"Feature","geometry":{"type":"LineString","coordinates":[[-63.02014,-17.72287],[-63.02013,-17.72287],[-63.02013,-17.72288],[-63.02012,-17.72288],[-63.02011,-17.72288],[-63.02011,-17.72289],[-63.0201,-17.72289],[-63.02009,-17.72289],[-63.02009,-17.7229],[-63.02008,-17.7229],[-63.02007,-17.7229],[-63.02006,-17.7229],[-63.02005,-17.7229],[-63.02005,-17.72289],[-63.02004,-17.72289],[-63.02003,-17.72289]]},"properties":{"description":"ACERAS","styleUrl":"#line9","stroke-opacity":1,"stroke":"#FF7F00","stroke-width":1,"name":"FONDO"}},
{"type":"Feature","geometry":{"type":"LineString","coordinates":[[-63.01992,-17.72292],[-63.01812,-17.72224]]},"properties":{"description":"ACERAS","styleUrl":"#line9","stroke-opacity":1,"stroke":"#FF7F00","stroke-width":1,"name":"FONDO"}},
{"type":"Feature","geometry":{"type":"LineString","coordinates":[[-63.01992,-17.72292],[-63.01993,-17.72292],[-63.01994,-17.72292],[-63.01994,-17.72293],[-63.01995,-17.72293],[-63.01995,-17.72294],[-63.01996,-17.72294],[-63.01996,-17.72295],[-63.01997,-17.72295],[-63.01997,-17.72296],[-63.01997,-17.72297],[-63.01998,-17.72297],[-63.01998,-17.72298],[-63.01998,-17.72299],[-63.01998,-17.723],[-63.01998,-17.72301],[-63.01998,-17.72302],[-63.01998,-17.72303],[-63.01998,-17.72304],[-63.01997,-17.72304],[-63.01997,-17.72305],[-63.01996,-17.72305],[-63.01996,-17.72306]]},"properties":{"description":"ACERAS","styleUrl":"#line9","stroke-opacity":1,"stroke":"#FF7F00","stroke-width":1,"name":"FONDO"}},
{"type":"Feature","geometry":{"type":"LineString","coordinates":[[-63.01798,-17.72228],[-63.01799,-17.72228],[-63.01799,-17.72227],[-63.018,-17.72227],[-63.018,-17.72226],[-63.01801,-17.72226],[-63.01801,-17.72225],[-63.01802,-17.72225],[-63.01802,-17.72224],[-63.01803,-17.72224],[-63.01804,-17.72224],[-63.01805,-17.72223],[-63.01806,-17.72223],[-63.01807,-17.72223],[-63.01808,-17.72223],[-63.01809,-17.72223],[-63.0181,-17.72223],[-63.01811,-17.72223],[-63.01811,-17.72224],[-63.01812,-17.72224]]},"properties":{"description":"ACERAS","styleUrl":"#line9","stroke-opacity":1,"stroke":"#FF7F00","stroke-width":1,"name":"FONDO"}},
{"type":"Feature","geometry":{"type":"LineString","coordinates":[[-63.01819,-17.72156],[-63.0159,-17.72069]]},"properties":{"description":"ACERAS","styleUrl":"#line9","stroke-opacity":1,"stroke":"#FF7F00","stroke-width":1,"name":"FONDO"}},
{"type":"Feature","geometry":{"type":"LineString","coordinates":[[-63.01577,-17.72073],[-63.01577,-17.72072],[-63.01578,-17.72072],[-63.01578,-17.72071],[-63.01579,-17.72071],[-63.01579,-17.7207],[-63.0158,-17.7207],[-63.01581,-17.7207],[-63.01581,-17.72069],[-63.01582,-17.72069],[-63.01583,-17.72069],[-63.01584,-17.72069],[-63.01584,-17.72068],[-63.01585,-17.72068],[-63.01586,-17.72068],[-63.01587,-17.72068],[-63.01588,-17.72068],[-63.01588,-17.72069],[-63.01589,-17.72069],[-63.0159,-17.72069]]},"properties":{"description":"ACERAS","styleUrl":"#line9","stroke-opacity":1,"stroke":"#FF7F00","stroke-width":1,"name":"FONDO"}},
{"type":"Feature","geometry":{"type":"LineString","coordinates":[[-63.01819,-17.72156],[-63.0182,-17.72156],[-63.01821,-17.72156],[-63.01821,-17.72157],[-63.01822,-17.72157],[-63.01823,-17.72158],[-63.01824,-17.72158],[-63.01824,-17.72159],[-63.01824,-17.7216],[-63.01825,-17.7216],[-63.01825,-17.72161],[-63.01826,-17.72161],[-63.01826,-17.72162],[-63.01826,-17.72163],[-63.01826,-17.72164],[-63.01826,-17.72165],[-63.01826,-17.72166],[-63.01826,-17.72167],[-63.01826,-17.72168],[-63.01826,-17.72169],[-63.01826,-17.7217],[-63.01825,-17.7217],[-63.01825,-17.72171]]},"properties":{"description":"ACERAS","styleUrl":"#line9","stroke-opacity":1,"stroke":"#FF7F00","stroke-width":1,"name":"FONDO"}},
{"type":"Feature","geometry":{"type":"LineString","coordinates":[[-63.01793,-17.72204],[-63.01561,-17.72117]]},"properties":{"description":"ACERAS","styleUrl":"#line9","stroke-opacity":1,"stroke":"#FF7F00","stroke-width":1,"name":"FONDO"}},
{"type":"Feature","geometry":{"type":"LineString","coordinates":[[-63.01786,-17.72208],[-63.01552,-17.7212]]},"properties":{"description":"ACERAS","styleUrl":"#line9","stroke-opacity":1,"stroke":"#FF7F00","stroke-width":1,"name":"FONDO"}},
{"type":"Feature","geometry":{"type":"LineString","coordinates":[[-63.01539,-17.72124],[-63.01539,-17.72123],[-63.0154,-17.72123],[-63.0154,-17.72122],[-63.01541,-17.72122],[-63.01541,-17.72121],[-63.01542,-17.72121],[-63.01542,-17.7212],[-63.01543,-17.7212],[-63.01544,-17.7212],[-63.01545,-17.7212],[-63.01545,-17.72119],[-63.01546,-17.72119],[-63.01547,-17.72119],[-63.01548,-17.72119],[-63.01549,-17.72119],[-63.0155,-17.72119],[-63.01551,-17.72119],[-63.01551,-17.7212],[-63.01552,-17.7212]]},"properties":{"description":"ACERAS","styleUrl":"#line9","stroke-opacity":1,"stroke":"#FF7F00","stroke-width":1,"name":"FONDO"}},
{"type":"Feature","geometry":{"type":"LineString","coordinates":[[-63.01786,-17.72208],[-63.01787,-17.72208],[-63.01787,-17.72209],[-63.01788,-17.72209],[-63.01789,-17.7221],[-63.0179,-17.7221],[-63.0179,-17.72211],[-63.01791,-17.72211],[-63.01791,-17.72212],[-63.01791,-17.72213],[-63.01792,-17.72213],[-63.01792,-17.72214],[-63.01792,-17.72215],[-63.01793,-17.72215],[-63.01793,-17.72216],[-63.01793,-17.72217],[-63.01793,-17.72218],[-63.01793,-17.72219],[-63.01793,-17.7222],[-63.01793,-17.72221],[-63.01792,-17.72221],[-63.01792,-17.72222],[-63.01792,-17.72223],[-63.01791,-17.72223],[-63.01791,-17.72224]]},"properties":{"description":"ACERAS","styleUrl":"#line9","stroke-opacity":1,"stroke":"#FF7F00","stroke-width":1,"name":"FONDO"}},
{"type":"Feature","geometry":{"type":"LineString","coordinates":[[-63.01841,-17.72542],[-63.01659,-17.72464]]},"properties":{"description":"ACERAS","styleUrl":"#line9","stroke-opacity":1,"stroke":"#FF7F00","stroke-width":1,"name":"FONDO"}},
{"type":"Feature","geometry":{"type":"LineString","coordinates":[[-63.01841,-17.72542],[-63.01842,-17.72542],[-63.01842,-17.72543],[-63.01843,-17.72543],[-63.01843,-17.72544],[-63.01844,-17.72544],[-63.01844,-17.72545],[-63.01845,-17.72545],[-63.01845,-17.72546],[-63.01845,-17.72547],[-63.01846,-17.72547],[-63.01846,-17.72548],[-63.01846,-17.72549],[-63.01846,-17.7255],[-63.01846,-17.72551],[-63.01846,-17.72552],[-63.01846,-17.72553],[-63.01845,-17.72553],[-63.01845,-17.72554],[-63.01845,-17.72555]]},"properties":{"description":"ACERAS","styleUrl":"#line9","stroke-opacity":1,"stroke":"#FF7F00","stroke-width":1,"name":"FONDO"}},
{"type":"Feature","geometry":{"type":"LineString","coordinates":[[-63.01645,-17.72468],[-63.01645,-17.72467],[-63.01646,-17.72467],[-63.01646,-17.72466],[-63.01647,-17.72466],[-63.01647,-17.72465],[-63.01648,-17.72465],[-63.01649,-17.72465],[-63.01649,-17.72464],[-63.0165,-17.72464],[-63.01651,-17.72464],[-63.01652,-17.72464],[-63.01652,-17.72463],[-63.01653,-17.72463],[-63.01654,-17.72463],[-63.01655,-17.72463],[-63.01656,-17.72463],[-63.01657,-17.72463],[-63.01657,-17.72464],[-63.01658,-17.72464],[-63.01659,-17.72464]]},"properties":{"description":"ACERAS","styleUrl":"#line9","stroke-opacity":1,"stroke":"#FF7F00","stroke-width":1,"name":"FONDO"}},
{"type":"Feature","geometry":{"type":"LineString","coordinates":[[-63.01846,-17.72537],[-63.01665,-17.7246]]},"properties":{"description":"ACERAS","styleUrl":"#line9","stroke-opacity":1,"stroke":"#FF7F00","stroke-width":1,"name":"FONDO"}},
{"type":"Feature","geometry":{"type":"LineString","coordinates":[[-63.01665,-17.7246],[-63.01664,-17.7246],[-63.01664,-17.72459],[-63.01663,-17.72459],[-63.01663,-17.72458],[-63.01662,-17.72458],[-63.01661,-17.72458],[-63.01661,-17.72457],[-63.01661,-17.72456],[-63.0166,-17.72456],[-63.0166,-17.72455],[-63.01659,-17.72455],[-63.01659,-17.72454],[-63.01659,-17.72453],[-63.01659,-17.72452],[-63.01658,-17.72452],[-63.01658,-17.72451],[-63.01658,-17.7245],[-63.01658,-17.72449],[-63.01658,-17.72448],[-63.01659,-17.72448],[-63.01659,-17.72447],[-63.01659,-17.72446],[-63.01659,-17.72445],[-63.0166,-17.72445],[-63.0166,-17.72444]]},"properties":{"description":"ACERAS","styleUrl":"#line9","stroke-opacity":1,"stroke":"#FF7F00","stroke-width":1,"name":"FONDO"}},
{"type":"Feature","geometry":{"type":"LineString","coordinates":[[-63.0163,-17.72452],[-63.01436,-17.72369]]},"properties":{"description":"ACERAS","styleUrl":"#line9","stroke-opacity":1,"stroke":"#FF7F00","stroke-width":1,"name":"FONDO"}},
{"type":"Feature","geometry":{"type":"LineString","coordinates":[[-63.01422,-17.72374],[-63.01422,-17.72373],[-63.01423,-17.72373],[-63.01423,-17.72372],[-63.01424,-17.72372],[-63.01424,-17.72371],[-63.01425,-17.72371],[-63.01425,-17.7237],[-63.01426,-17.7237],[-63.01427,-17.7237],[-63.01427,-17.72369],[-63.01428,-17.72369],[-63.01429,-17.72369],[-63.0143,-17.72369],[-63.01431,-17.72369],[-63.01431,-17.72368],[-63.01432,-17.72368],[-63.01433,-17.72368],[-63.01433,-17.72369],[-63.01434,-17.72369],[-63.01435,-17.72369],[-63.01436,-17.72369]]},"properties":{"description":"ACERAS","styleUrl":"#line9","stroke-opacity":1,"stroke":"#FF7F00","stroke-width":1,"name":"FONDO"}},
{"type":"Feature","geometry":{"type":"LineString","coordinates":[[-63.01636,-17.72448],[-63.01442,-17.72365]]},"properties":{"description":"ACERAS","styleUrl":"#line9","stroke-opacity":1,"stroke":"#FF7F00","stroke-width":1,"name":"FONDO"}},
{"type":"Feature","geometry":{"type":"LineString","coordinates":[[-63.01651,-17.72443],[-63.01651,-17.72444],[-63.0165,-17.72444],[-63.0165,-17.72445],[-63.01649,-17.72445],[-63.01649,-17.72446],[-63.01648,-17.72446],[-63.01648,-17.72447],[-63.01647,-17.72447],[-63.01646,-17.72447],[-63.01646,-17.72448],[-63.01645,-17.72448],[-63.01644,-17.72448],[-63.01643,-17.72448],[-63.01643,-17.72449],[-63.01642,-17.72449],[-63.01641,-17.72449],[-63.0164,-17.72449],[-63.01639,-17.72449],[-63.01639,-17.72448],[-63.01638,-17.72448],[-63.01637,-17.72448],[-63.01636,-17.72448]]},"properties":{"description":"ACERAS","styleUrl":"#line9","stroke-opacity":1,"stroke":"#FF7F00","stroke-width":1,"name":"FONDO"}},
{"type":"Feature","geometry":{"type":"LineString","coordinates":[[-63.01442,-17.72365],[-63.01441,-17.72365],[-63.01441,-17.72364],[-63.0144,-17.72364],[-63.0144,-17.72363],[-63.01439,-17.72363],[-63.01438,-17.72362],[-63.01438,-17.72361],[-63.01437,-17.72361],[-63.01437,-17.7236],[-63.01436,-17.7236],[-63.01436,-17.72359],[-63.01436,-17.72358],[-63.01436,-17.72357],[-63.01435,-17.72357],[-63.01435,-17.72356],[-63.01435,-17.72355],[-63.01435,-17.72354],[-63.01435,-17.72353],[-63.01436,-17.72353],[-63.01436,-17.72352],[-63.01436,-17.72351],[-63.01436,-17.7235],[-63.01437,-17.7235],[-63.01437,-17.72349]]},"properties":{"description":"ACERAS","styleUrl":"#line9","stroke-opacity":1,"stroke":"#FF7F00","stroke-width":1,"name":"FONDO"}},
{"type":"Feature","geometry":{"type":"LineString","coordinates":[[-63.01876,-17.72484],[-63.01695,-17.72407]]},"properties":{"description":"ACERAS","styleUrl":"#line9","stroke-opacity":1,"stroke":"#FF7F00","stroke-width":1,"name":"FONDO"}},
{"type":"Feature","geometry":{"type":"LineString","coordinates":[[-63.01876,-17.72484],[-63.01876,-17.72485],[-63.01877,-17.72485],[-63.01878,-17.72485],[-63.01878,-17.72486],[-63.01879,-17.72486],[-63.01879,-17.72487],[-63.0188,-17.72487],[-63.0188,-17.72488],[-63.0188,-17.72489],[-63.01881,-17.72489],[-63.01881,-17.7249],[-63.01881,-17.72491],[-63.01881,-17.72492],[-63.01881,-17.72493],[-63.01881,-17.72494],[-63.01881,-17.72495],[-63.01881,-17.72496],[-63.0188,-17.72497]]},"properties":{"description":"ACERAS","styleUrl":"#line9","stroke-opacity":1,"stroke":"#FF7F00","stroke-width":1,"name":"FONDO"}},
{"type":"Feature","geometry":{"type":"LineString","coordinates":[[-63.01681,-17.72412],[-63.01681,-17.72411],[-63.01682,-17.72411],[-63.01682,-17.7241],[-63.01683,-17.7241],[-63.01683,-17.72409],[-63.01684,-17.72409],[-63.01684,-17.72408],[-63.01685,-17.72408],[-63.01686,-17.72408],[-63.01686,-17.72407],[-63.01687,-17.72407],[-63.01688,-17.72407],[-63.01689,-17.72407],[-63.0169,-17.72407],[-63.01691,-17.72407],[-63.01692,-17.72407],[-63.01693,-17.72407],[-63.01694,-17.72407],[-63.01695,-17.72407]]},"properties":{"description":"ACERAS","styleUrl":"#line9","stroke-opacity":1,"stroke":"#FF7F00","stroke-width":1,"name":"FONDO"}},
{"type":"Feature","geometry":{"type":"LineString","coordinates":[[-63.01666,-17.72395],[-63.01468,-17.72311]]},"properties":{"description":"ACERAS","styleUrl":"#line9","stroke-opacity":1,"stroke":"#FF7F00","stroke-width":1,"name":"FONDO"}},
{"type":"Feature","geometry":{"type":"LineString","coordinates":[[-63.01452,-17.72317],[-63.01453,-17.72317],[-63.01453,-17.72316],[-63.01453,-17.72315],[-63.01454,-17.72315],[-63.01454,-17.72314],[-63.01455,-17.72314],[-63.01455,-17.72313],[-63.01456,-17.72312],[-63.01457,-17.72312],[-63.01457,-17.72311],[-63.01458,-17.72311],[-63.01459,-17.72311],[-63.01459,-17.7231],[-63.0146,-17.7231],[-63.01461,-17.7231],[-63.01462,-17.7231],[-63.01463,-17.7231],[-63.01464,-17.7231],[-63.01465,-17.7231],[-63.01466,-17.7231],[-63.01467,-17.7231],[-63.01468,-17.7231],[-63.01468,-17.72311]]},"properties":{"description":"ACERAS","styleUrl":"#line9","stroke-opacity":1,"stroke":"#FF7F00","stroke-width":1,"name":"FONDO"}},
{"type":"Feature","geometry":{"type":"LineString","coordinates":[[-63.01666,-17.72395],[-63.01667,-17.72395],[-63.01667,-17.72396],[-63.01668,-17.72396],[-63.01669,-17.72396],[-63.01669,-17.72397],[-63.0167,-17.72397],[-63.0167,-17.72398],[-63.01671,-17.72398],[-63.01671,-17.72399],[-63.01671,-17.724],[-63.01672,-17.724],[-63.01672,-17.72401],[-63.01672,-17.72402],[-63.01673,-17.72402],[-63.01673,-17.72403],[-63.01673,-17.72404],[-63.01673,-17.72405],[-63.01673,-17.72406],[-63.01673,-17.72407],[-63.01673,-17.72408],[-63.01673,-17.72409],[-63.01672,-17.72409],[-63.01672,-17.7241],[-63.01672,-17.72411],[-63.01671,-17.72411]]},"properties":{"description":"ACERAS","styleUrl":"#line9","stroke-opacity":1,"stroke":"#FF7F00","stroke-width":1,"name":"FONDO"}},
{"type":"Feature","geometry":{"type":"LineString","coordinates":[[-63.0188,-17.72479],[-63.01701,-17.72403]]},"properties":{"description":"ACERAS","styleUrl":"#line9","stroke-opacity":1,"stroke":"#FF7F00","stroke-width":1,"name":"FONDO"}},
{"type":"Feature","geometry":{"type":"LineString","coordinates":[[-63.01673,-17.72391],[-63.01468,-17.72304]]},"properties":{"description":"ACERAS","styleUrl":"#line9","stroke-opacity":1,"stroke":"#FF7F00","stroke-width":1,"name":"FONDO"}},
{"type":"Feature","geometry":{"type":"LineString","coordinates":[[-63.01687,-17.72387],[-63.01686,-17.72387],[-63.01686,-17.72388],[-63.01685,-17.72388],[-63.01685,-17.72389],[-63.01684,-17.72389],[-63.01684,-17.7239],[-63.01683,-17.7239],[-63.01683,-17.72391],[-63.01682,-17.72391],[-63.01681,-17.72391],[-63.0168,-17.72391],[-63.0168,-17.72392],[-63.01679,-17.72392],[-63.01678,-17.72392],[-63.01677,-17.72392],[-63.01676,-17.72392],[-63.01675,-17.72392],[-63.01674,-17.72392],[-63.01674,-17.72391],[-63.01673,-17.72391]]},"properties":{"description":"ACERAS","styleUrl":"#line9","stroke-opacity":1,"stroke":"#FF7F00","stroke-width":1,"name":"FONDO"}},
{"type":"Feature","geometry":{"type":"LineString","coordinates":[[-63.01468,-17.72304],[-63.01467,-17.72303],[-63.01466,-17.72303],[-63.01466,-17.72302],[-63.01465,-17.72302],[-63.01464,-17.72302],[-63.01464,-17.72301],[-63.01463,-17.72301],[-63.01463,-17.723],[-63.01463,-17.72299],[-63.01462,-17.72299],[-63.01462,-17.72298],[-63.01462,-17.72297],[-63.01461,-17.72297],[-63.01461,-17.72296],[-63.01461,-17.72295],[-63.01461,-17.72294],[-63.01461,-17.72293],[-63.01461,-17.72292],[-63.01461,-17.72291],[-63.01461,-17.7229]]},"properties":{"description":"ACERAS","styleUrl":"#line9","stroke-opacity":1,"stroke":"#FF7F00","stroke-width":1,"name":"FONDO"}},
{"type":"Feature","geometry":{"type":"LineString","coordinates":[[-63.01908,-17.72426],[-63.01731,-17.72351]]},"properties":{"description":"ACERAS","styleUrl":"#line9","stroke-opacity":1,"stroke":"#FF7F00","stroke-width":1,"name":"FONDO"}},
{"type":"Feature","geometry":{"type":"LineString","coordinates":[[-63.01908,-17.72426],[-63.01909,-17.72426],[-63.01909,-17.72427],[-63.0191,-17.72427],[-63.0191,-17.72428],[-63.01911,-17.72428],[-63.01911,-17.72429],[-63.01912,-17.72429],[-63.01912,-17.7243],[-63.01912,-17.72431],[-63.01913,-17.72431],[-63.01913,-17.72432],[-63.01913,-17.72433],[-63.01913,-17.72434],[-63.01913,-17.72435],[-63.01913,-17.72436],[-63.01913,-17.72437],[-63.01912,-17.72437],[-63.01912,-17.72438]]},"properties":{"description":"ACERAS","styleUrl":"#line9","stroke-opacity":1,"stroke":"#FF7F00","stroke-width":1,"name":"FONDO"}},
{"type":"Feature","geometry":{"type":"LineString","coordinates":[[-63.01703,-17.72338],[-63.01489,-17.72247]]},"properties":{"description":"ACERAS","styleUrl":"#line9","stroke-opacity":1,"stroke":"#FF7F00","stroke-width":1,"name":"FONDO"}},
{"type":"Feature","geometry":{"type":"LineString","coordinates":[[-63.01473,-17.72254],[-63.01474,-17.72254],[-63.01474,-17.72253],[-63.01474,-17.72252],[-63.01475,-17.72252],[-63.01475,-17.72251],[-63.01475,-17.7225],[-63.01476,-17.7225],[-63.01476,-17.72249],[-63.01477,-17.72249],[-63.01478,-17.72248],[-63.01479,-17.72248],[-63.01479,-17.72247],[-63.0148,-17.72247],[-63.01481,-17.72247],[-63.01482,-17.72247],[-63.01482,-17.72246],[-63.01483,-17.72246],[-63.01484,-17.72246],[-63.01485,-17.72246],[-63.01486,-17.72246],[-63.01486,-17.72247],[-63.01487,-17.72247],[-63.01488,-17.72247],[-63.01489,-17.72247]]},"properties":{"description":"ACERAS","styleUrl":"#line9","stroke-opacity":1,"stroke":"#FF7F00","stroke-width":1,"name":"FONDO"}},
{"type":"Feature","geometry":{"type":"LineString","coordinates":[[-63.01703,-17.72338],[-63.01703,-17.72339],[-63.01704,-17.72339],[-63.01705,-17.72339],[-63.01705,-17.7234],[-63.01706,-17.7234],[-63.01706,-17.72341],[-63.01707,-17.72341],[-63.01707,-17.72342],[-63.01708,-17.72342],[-63.01708,-17.72343],[-63.01708,-17.72344],[-63.01709,-17.72344],[-63.01709,-17.72345],[-63.01709,-17.72346],[-63.01709,-17.72347],[-63.01709,-17.72348],[-63.01709,-17.72349],[-63.01709,-17.7235],[-63.01709,-17.72351],[-63.01709,-17.72352],[-63.01709,-17.72353],[-63.01708,-17.72353],[-63.01708,-17.72354]]},"properties":{"description":"ACERAS","styleUrl":"#line9","stroke-opacity":1,"stroke":"#FF7F00","stroke-width":1,"name":"FONDO"}},
{"type":"Feature","geometry":{"type":"LineString","coordinates":[[-63.01912,-17.72421],[-63.01738,-17.72346]]},"properties":{"description":"ACERAS","styleUrl":"#line9","stroke-opacity":1,"stroke":"#FF7F00","stroke-width":1,"name":"FONDO"}},
{"type":"Feature","geometry":{"type":"LineString","coordinates":[[-63.01709,-17.72334],[-63.01489,-17.7224]]},"properties":{"description":"ACERAS","styleUrl":"#line9","stroke-opacity":1,"stroke":"#FF7F00","stroke-width":1,"name":"FONDO"}},
{"type":"Feature","geometry":{"type":"LineString","coordinates":[[-63.01489,-17.7224],[-63.01488,-17.7224],[-63.01487,-17.7224],[-63.01487,-17.72239],[-63.01486,-17.72239],[-63.01486,-17.72238],[-63.01485,-17.72238],[-63.01485,-17.72237],[-63.01484,-17.72237],[-63.01484,-17.72236],[-63.01483,-17.72236],[-63.01483,-17.72235],[-63.01483,-17.72234],[-63.01482,-17.72234],[-63.01482,-17.72233],[-63.01482,-17.72232],[-63.01482,-17.72231],[-63.01482,-17.7223],[-63.01482,-17.72229],[-63.01482,-17.72228],[-63.01482,-17.72227]]},"properties":{"description":"ACERAS","styleUrl":"#line9","stroke-opacity":1,"stroke":"#FF7F00","stroke-width":1,"name":"FONDO"}},
{"type":"Feature","geometry":{"type":"LineString","coordinates":[[-63.01939,-17.72363],[-63.01772,-17.72292]]},"properties":{"description":"ACERAS","styleUrl":"#line9","stroke-opacity":1,"stroke":"#FF7F00","stroke-width":1,"name":"FONDO"}},
{"type":"Feature","geometry":{"type":"LineString","coordinates":[[-63.01754,-17.72298],[-63.01754,-17.72297],[-63.01755,-17.72297],[-63.01755,-17.72296],[-63.01756,-17.72295],[-63.01757,-17.72295],[-63.01757,-17.72294],[-63.01758,-17.72294],[-63.01758,-17.72293],[-63.01759,-17.72293],[-63.0176,-17.72293],[-63.0176,-17.72292],[-63.01761,-17.72292],[-63.01762,-17.72292],[-63.01762,-17.72291],[-63.01763,-17.72291],[-63.01764,-17.72291],[-63.01765,-17.72291],[-63.01766,-17.72291],[-63.01767,-17.72291],[-63.01768,-17.72291],[-63.01769,-17.72291],[-63.0177,-17.72292],[-63.01771,-17.72292],[-63.01772,-17.72292]]},"properties":{"description":"ACERAS","styleUrl":"#line9","stroke-opacity":1,"stroke":"#FF7F00","stroke-width":1,"name":"FONDO"}},
{"type":"Feature","geometry":{"type":"LineString","coordinates":[[-63.01939,-17.72363],[-63.01939,-17.72364],[-63.0194,-17.72364],[-63.01941,-17.72364],[-63.01941,-17.72365],[-63.01942,-17.72365],[-63.01942,-17.72366],[-63.01943,-17.72366],[-63.01943,-17.72367],[-63.01944,-17.72367],[-63.01944,-17.72368],[-63.01944,-17.72369],[-63.01945,-17.72369],[-63.01945,-17.7237],[-63.01945,-17.72371],[-63.01945,-17.72372],[-63.01945,-17.72373],[-63.01945,-17.72374],[-63.01945,-17.72375],[-63.01945,-17.72376],[-63.01945,-17.72377],[-63.01945,-17.72378],[-63.01944,-17.72378]]},"properties":{"description":"ACERAS","styleUrl":"#line9","stroke-opacity":1,"stroke":"#FF7F00","stroke-width":1,"name":"FONDO"}},
{"type":"Feature","geometry":{"type":"LineString","coordinates":[[-63.01738,-17.72278],[-63.0152,-17.72185]]},"properties":{"description":"ACERAS","styleUrl":"#line9","stroke-opacity":1,"stroke":"#FF7F00","stroke-width":1,"name":"FONDO"}},
{"type":"Feature","geometry":{"type":"LineString","coordinates":[[-63.01738,-17.72278],[-63.01739,-17.72278],[-63.01739,-17.72279],[-63.0174,-17.72279],[-63.01741,-17.72279],[-63.01741,-17.7228],[-63.01742,-17.7228],[-63.01742,-17.72281],[-63.01743,-17.72281],[-63.01743,-17.72282],[-63.01744,-17.72282],[-63.01744,-17.72283],[-63.01744,-17.72284],[-63.01745,-17.72284],[-63.01745,-17.72285],[-63.01745,-17.72286],[-63.01746,-17.72286],[-63.01746,-17.72287],[-63.01746,-17.72288],[-63.01746,-17.72289],[-63.01746,-17.7229],[-63.01746,-17.72291],[-63.01746,-17.72292],[-63.01746,-17.72293],[-63.01746,-17.72294],[-63.01745,-17.72294],[-63.01745,-17.72295],[-63.01745,-17.72296],[-63.01745,-17.72297],[-63.01744,-17.72297]]},"properties":{"description":"ACERAS","styleUrl":"#line9","stroke-opacity":1,"stroke":"#FF7F00","stroke-width":1,"name":"FONDO"}},
{"type":"Feature","geometry":{"type":"LineString","coordinates":[[-63.01948,-17.7235],[-63.01784,-17.7228]]},"properties":{"description":"ACERAS","styleUrl":"#line9","stroke-opacity":1,"stroke":"#FF7F00","stroke-width":1,"name":"FONDO"}},
{"type":"Feature","geometry":{"type":"LineString","coordinates":[[-63.0175,-17.72265],[-63.01532,-17.72172]]},"properties":{"description":"ACERAS","styleUrl":"#line9","stroke-opacity":1,"stroke":"#FF7F00","stroke-width":1,"name":"FONDO"}},
{"type":"Feature","geometry":{"type":"LineString","coordinates":[[-63.01768,-17.7226],[-63.01768,-17.72261],[-63.01767,-17.72261],[-63.01767,-17.72262],[-63.01766,-17.72262],[-63.01766,-17.72263],[-63.01765,-17.72263],[-63.01765,-17.72264],[-63.01764,-17.72264],[-63.01763,-17.72264],[-63.01763,-17.72265],[-63.01762,-17.72265],[-63.01761,-17.72265],[-63.01761,-17.72266],[-63.0176,-17.72266],[-63.01759,-17.72266],[-63.01758,-17.72266],[-63.01757,-17.72266],[-63.01756,-17.72266],[-63.01755,-17.72266],[-63.01754,-17.72266],[-63.01753,-17.72266],[-63.01752,-17.72266],[-63.01751,-17.72266],[-63.01751,-17.72265],[-63.0175,-17.72265]]},"properties":{"description":"ACERAS","styleUrl":"#line9","stroke-opacity":1,"stroke":"#FF7F00","stroke-width":1,"name":"FONDO"}},
{"type":"Feature","geometry":{"type":"LineString","coordinates":[[-63.00808,-17.73168],[-63.00805,-17.72992]]},"properties":{"description":"ACERAS","styleUrl":"#line9","stroke-opacity":1,"stroke":"#FF7F00","stroke-width":1,"name":"FONDO"}},
{"type":"Feature","geometry":{"type":"LineString","coordinates":[[-63.00846,-17.73168],[-63.00844,-17.73018]]},"properties":{"description":"ACERAS","styleUrl":"#line9","stroke-opacity":1,"stroke":"#FF7F00","stroke-width":1,"name":"FONDO"}},
{"type":"Feature","geometry":{"type":"LineString","coordinates":[[-63.01389,-17.72804],[-63.01188,-17.72724]]},"properties":{"description":"ACERAS","styleUrl":"#line9","stroke-opacity":1,"stroke":"#FF7F00","stroke-width":1,"name":"FONDO"}},
{"type":"Feature","geometry":{"type":"LineString","coordinates":[[-63.01389,-17.72804],[-63.0139,-17.72804],[-63.0139,-17.72805],[-63.01391,-17.72805],[-63.01392,-17.72805],[-63.01392,-17.72806],[-63.01393,-17.72806],[-63.01393,-17.72807],[-63.01393,-17.72808],[-63.01394,-17.72808],[-63.01394,-17.72809],[-63.01394,-17.7281],[-63.01394,-17.72811],[-63.01395,-17.72811],[-63.01395,-17.72812],[-63.01395,-17.72813],[-63.01394,-17.72814],[-63.01394,-17.72815],[-63.01394,-17.72816],[-63.01393,-17.72816],[-63.01393,-17.72817]]},"properties":{"description":"ACERAS","styleUrl":"#line9","stroke-opacity":1,"stroke":"#FF7F00","stroke-width":1,"name":"FONDO"}},
{"type":"Feature","geometry":{"type":"LineString","coordinates":[[-63.01179,-17.72725],[-63.0118,-17.72725],[-63.0118,-17.72724],[-63.01181,-17.72724],[-63.01182,-17.72724],[-63.01183,-17.72724],[-63.01184,-17.72724],[-63.01185,-17.72724],[-63.01186,-17.72724],[-63.01187,-17.72724],[-63.01188,-17.72724]]},"properties":{"description":"ACERAS","styleUrl":"#line9","stroke-opacity":1,"stroke":"#FF7F00","stroke-width":1,"name":"FONDO"}},
{"type":"Feature","geometry":{"type":"LineString","coordinates":[[-63.01397,-17.728],[-63.01206,-17.72725]]},"properties":{"description":"ACERAS","styleUrl":"#line9","stroke-opacity":1,"stroke":"#FF7F00","stroke-width":1,"name":"FONDO"}},
{"type":"Feature","geometry":{"type":"LineString","coordinates":[[-63.01408,-17.72797],[-63.01408,-17.72798],[-63.01407,-17.72798],[-63.01407,-17.72799],[-63.01406,-17.72799],[-63.01406,-17.728],[-63.01405,-17.728],[-63.01404,-17.728],[-63.01403,-17.728],[-63.01403,-17.72801],[-63.01402,-17.72801],[-63.01401,-17.72801],[-63.014,-17.72801],[-63.01399,-17.72801],[-63.01398,-17.72801],[-63.01398,-17.728],[-63.01397,-17.728]]},"properties":{"description":"ACERAS","styleUrl":"#line9","stroke-opacity":1,"stroke":"#FF7F00","stroke-width":1,"name":"FONDO"}},
{"type":"Feature","geometry":{"type":"LineString","coordinates":[[-63.0129,-17.72968],[-63.0126,-17.72957]]},"properties":{"description":"ACERAS","styleUrl":"#line9","stroke-opacity":1,"stroke":"#FF7F00","stroke-width":1,"name":"FONDO"}},
{"type":"Feature","geometry":{"type":"LineString","coordinates":[[-63.0129,-17.72968],[-63.01291,-17.72968],[-63.01292,-17.72968],[-63.01292,-17.72969],[-63.01293,-17.72969],[-63.01293,-17.7297],[-63.01294,-17.7297],[-63.01294,-17.72971],[-63.01295,-17.72971],[-63.01295,-17.72972],[-63.01295,-17.72973],[-63.01295,-17.72974],[-63.01296,-17.72974],[-63.01296,-17.72975],[-63.01296,-17.72976],[-63.01296,-17.72977],[-63.01296,-17.72978],[-63.01295,-17.72979]]},"properties":{"description":"ACERAS","styleUrl":"#line9","stroke-opacity":1,"stroke":"#FF7F00","stroke-width":1,"name":"FONDO"}},
{"type":"Feature","geometry":{"type":"LineString","coordinates":[[-63.01252,-17.72957],[-63.01233,-17.72967]]},"properties":{"description":"ACERAS","styleUrl":"#line9","stroke-opacity":1,"stroke":"#FF7F00","stroke-width":1,"name":"FONDO"}},
{"type":"Feature","geometry":{"type":"LineString","coordinates":[[-63.01252,-17.72957],[-63.01253,-17.72957],[-63.01254,-17.72957],[-63.01254,-17.72956],[-63.01255,-17.72956],[-63.01256,-17.72956],[-63.01257,-17.72956],[-63.01258,-17.72956],[-63.01259,-17.72956],[-63.01259,-17.72957],[-63.0126,-17.72957]]},"properties":{"description":"ACERAS","styleUrl":"#line9","stroke-opacity":1,"stroke":"#FF7F00","stroke-width":1,"name":"FONDO"}},
{"type":"Feature","geometry":{"type":"LineString","coordinates":[[-63.01292,-17.73005],[-63.01298,-17.7299]]},"properties":{"description":"ACERAS","styleUrl":"#line9","stroke-opacity":1,"stroke":"#FF7F00","stroke-width":1,"name":"FONDO"}},
{"type":"Feature","geometry":{"type":"LineString","coordinates":[[-63.01298,-17.7299],[-63.01298,-17.72989],[-63.01299,-17.72989],[-63.01299,-17.72988],[-63.013,-17.72988],[-63.013,-17.72987],[-63.01301,-17.72987],[-63.01301,-17.72986],[-63.01302,-17.72986],[-63.01302,-17.72985],[-63.01303,-17.72985],[-63.01304,-17.72985],[-63.01305,-17.72985],[-63.01305,-17.72984],[-63.01306,-17.72984]]},"properties":{"description":"ACERAS","styleUrl":"#line9","stroke-opacity":1,"stroke":"#FF7F00","stroke-width":1,"name":"FONDO"}},
{"type":"Feature","geometry":{"type":"LineString","coordinates":[[-63.01292,-17.73005],[-63.01292,-17.73006],[-63.01291,-17.73006],[-63.01291,-17.73007],[-63.01291,-17.73008],[-63.0129,-17.73008],[-63.0129,-17.73009],[-63.01289,-17.73009],[-63.01289,-17.7301],[-63.01288,-17.7301],[-63.01288,-17.73011],[-63.01287,-17.73011],[-63.01287,-17.73012],[-63.01286,-17.73012],[-63.01285,-17.73012],[-63.01285,-17.73013],[-63.01284,-17.73013],[-63.01283,-17.73013],[-63.01283,-17.73014],[-63.01282,-17.73014],[-63.01281,-17.73014],[-63.0128,-17.73014],[-63.01279,-17.73014],[-63.01278,-17.73014],[-63.01278,-17.73015]]},"properties":{"description":"ACERAS","styleUrl":"#line9","stroke-opacity":1,"stroke":"#FF7F00","stroke-width":1,"name":"FONDO"}},
{"type":"Feature","geometry":{"type":"LineString","coordinates":[[-63.01285,-17.73004],[-63.01295,-17.72979]]},"properties":{"description":"ACERAS","styleUrl":"#line9","stroke-opacity":1,"stroke":"#FF7F00","stroke-width":1,"name":"FONDO"}},
{"type":"Feature","geometry":{"type":"LineString","coordinates":[[-63.01285,-17.73004],[-63.01285,-17.73005],[-63.01285,-17.73006],[-63.01284,-17.73006],[-63.01284,-17.73007],[-63.01283,-17.73007],[-63.01283,-17.73008],[-63.01282,-17.73008],[-63.01282,-17.73009],[-63.01281,-17.73009],[-63.0128,-17.73009],[-63.0128,-17.7301],[-63.01279,-17.7301],[-63.01278,-17.7301],[-63.01277,-17.7301]]},"properties":{"description":"ACERAS","styleUrl":"#line9","stroke-opacity":1,"stroke":"#FF7F00","stroke-width":1,"name":"FONDO"}},
{"type":"Feature","geometry":{"type":"LineString","coordinates":[[-63.00909,-17.73035],[-63.00909,-17.73036],[-63.00909,-17.73037],[-63.00909,-17.73038],[-63.00908,-17.73038],[-63.00908,-17.73039],[-63.00908,-17.7304],[-63.00907,-17.7304],[-63.00907,-17.73041],[-63.00906,-17.73041],[-63.00905,-17.73041],[-63.00905,-17.73042],[-63.00904,-17.73042],[-63.00903,-17.73042],[-63.00902,-17.73042],[-63.00902,-17.73041],[-63.00901,-17.73041],[-63.009,-17.73041],[-63.009,-17.7304],[-63.00899,-17.7304],[-63.00899,-17.73039],[-63.00898,-17.73039],[-63.00898,-17.73038],[-63.00898,-17.73037],[-63.00898,-17.73036],[-63.00898,-17.73035],[-63.00898,-17.73034],[-63.00898,-17.73033],[-63.00899,-17.73033],[-63.00899,-17.73032],[-63.009,-17.73032],[-63.00901,-17.73032],[-63.00901,-17.73031],[-63.00902,-17.73031],[-63.00903,-17.73031]]},"properties":{"description":"ACERAS","styleUrl":"#line9","stroke-opacity":1,"stroke":"#FF7F00","stroke-width":1,"name":"FONDO"}},
{"type":"Feature","geometry":{"type":"LineString","coordinates":[[-63.0133,-17.72975],[-63.01287,-17.7296]]},"properties":{"description":"ACERAS","styleUrl":"#line9","stroke-opacity":1,"stroke":"#FF7F00","stroke-width":1,"name":"FONDO"}},
{"type":"Feature","geometry":{"type":"LineString","coordinates":[[-63.01334,-17.72976],[-63.01333,-17.72976],[-63.01332,-17.72976],[-63.01331,-17.72976],[-63.0133,-17.72976],[-63.0133,-17.72975]]},"properties":{"description":"ACERAS","styleUrl":"#line9","stroke-opacity":1,"stroke":"#FF7F00","stroke-width":1,"name":"FONDO"}},
{"type":"Feature","geometry":{"type":"LineString","coordinates":[[-63.01436,-17.7301],[-63.01453,-17.73045]]},"properties":{"description":"ACERAS","styleUrl":"#line9","stroke-opacity":1,"stroke":"#FF7F00","stroke-width":1,"name":"FONDO"}},
{"type":"Feature","geometry":{"type":"LineString","coordinates":[[-63.01448,-17.73019],[-63.01459,-17.73043]]},"properties":{"description":"ACERAS","styleUrl":"#line9","stroke-opacity":1,"stroke":"#FF7F00","stroke-width":1,"name":"FONDO"}},
{"type":"Feature","geometry":{"type":"LineString","coordinates":[[-63.01487,-17.73045],[-63.01469,-17.73048]]},"properties":{"description":"ACERAS","styleUrl":"#line9","stroke-opacity":1,"stroke":"#FF7F00","stroke-width":1,"name":"FONDO"}},
{"type":"Feature","geometry":{"type":"LineString","coordinates":[[-63.01469,-17.73048],[-63.01468,-17.73048],[-63.01467,-17.73048],[-63.01466,-17.73048],[-63.01465,-17.73048],[-63.01465,-17.73047],[-63.01464,-17.73047],[-63.01463,-17.73047],[-63.01462,-17.73046],[-63.01461,-17.73046],[-63.01461,-17.73045],[-63.0146,-17.73045],[-63.0146,-17.73044],[-63.01459,-17.73043]]},"properties":{"description":"ACERAS","styleUrl":"#line9","stroke-opacity":1,"stroke":"#FF7F00","stroke-width":1,"name":"FONDO"}},
{"type":"Feature","geometry":{"type":"LineString","coordinates":[[-63.0147,-17.73054],[-63.01469,-17.73054],[-63.01468,-17.73054],[-63.01467,-17.73054],[-63.01466,-17.73054],[-63.01465,-17.73054],[-63.01464,-17.73054],[-63.01463,-17.73054],[-63.01463,-17.73053],[-63.01462,-17.73053],[-63.01461,-17.73053],[-63.0146,-17.73053],[-63.0146,-17.73052],[-63.01459,-17.73052],[-63.01458,-17.73052],[-63.01458,-17.73051],[-63.01457,-17.73051],[-63.01457,-17.7305],[-63.01456,-17.7305],[-63.01456,-17.73049],[-63.01455,-17.73049],[-63.01455,-17.73048],[-63.01454,-17.73048],[-63.01454,-17.73047],[-63.01454,-17.73046],[-63.01453,-17.73046],[-63.01453,-17.73045]]},"properties":{"description":"ACERAS","styleUrl":"#line9","stroke-opacity":1,"stroke":"#FF7F00","stroke-width":1,"name":"FONDO"}},
{"type":"Feature","geometry":{"type":"LineString","coordinates":[[-63.01371,-17.72979],[-63.01358,-17.72975]]},"properties":{"description":"ACERAS","styleUrl":"#line9","stroke-opacity":1,"stroke":"#FF7F00","stroke-width":1,"name":"FONDO"}},
{"type":"Feature","geometry":{"type":"LineString","coordinates":[[-63.01431,-17.73005],[-63.01356,-17.72981]]},"properties":{"description":"ACERAS","styleUrl":"#line9","stroke-opacity":1,"stroke":"#FF7F00","stroke-width":1,"name":"FONDO"}},
{"type":"Feature","geometry":{"type":"LineString","coordinates":[[-63.01431,-17.73005],[-63.01432,-17.73005],[-63.01433,-17.73005],[-63.01433,-17.73006],[-63.01434,-17.73006],[-63.01434,-17.73007],[-63.01435,-17.73007],[-63.01435,-17.73008],[-63.01436,-17.73008],[-63.01436,-17.73009],[-63.01436,-17.7301]]},"properties":{"description":"ACERAS","styleUrl":"#line9","stroke-opacity":1,"stroke":"#FF7F00","stroke-width":1,"name":"FONDO"}},
{"type":"Feature","geometry":{"type":"LineString","coordinates":[[-63.0144,-17.73001],[-63.01397,-17.72987]]},"properties":{"description":"ACERAS","styleUrl":"#line9","stroke-opacity":1,"stroke":"#FF7F00","stroke-width":1,"name":"FONDO"}},
{"type":"Feature","geometry":{"type":"LineString","coordinates":[[-63.01306,-17.72984],[-63.01353,-17.72981]]},"properties":{"description":"ACERAS","styleUrl":"#line9","stroke-opacity":1,"stroke":"#FF7F00","stroke-width":1,"name":"FONDO"}},
{"type":"Feature","geometry":{"type":"LineString","coordinates":[[-63.01353,-17.72981],[-63.01354,-17.72981],[-63.01355,-17.72981],[-63.01356,-17.72981]]},"properties":{"description":"ACERAS","styleUrl":"#line9","stroke-opacity":1,"stroke":"#FF7F00","stroke-width":1,"name":"FONDO"}},
{"type":"Feature","geometry":{"type":"LineString","coordinates":[[-63.01334,-17.72976],[-63.01352,-17.72975]]},"properties":{"description":"ACERAS","styleUrl":"#line9","stroke-opacity":1,"stroke":"#FF7F00","stroke-width":1,"name":"FONDO"}},
{"type":"Feature","geometry":{"type":"LineString","coordinates":[[-63.01352,-17.72975],[-63.01353,-17.72975],[-63.01354,-17.72975],[-63.01355,-17.72975],[-63.01356,-17.72975],[-63.01357,-17.72975],[-63.01358,-17.72975]]},"properties":{"description":"ACERAS","styleUrl":"#line9","stroke-opacity":1,"stroke":"#FF7F00","stroke-width":1,"name":"FONDO"}},
{"type":"Feature","geometry":{"type":"LineString","coordinates":[[-63.01537,-17.72736],[-63.0155,-17.72741]]},"properties":{"description":"CONSTRUCCIONES","styleUrl":"#line10","stroke-opacity":1,"stroke":"#CC3300","stroke-width":1,"name":"FONDO"}},
{"type":"Feature","geometry":{"type":"LineString","coordinates":[[-63.0155,-17.72741],[-63.01545,-17.72753]]},"properties":{"description":"CONSTRUCCIONES","styleUrl":"#line10","stroke-opacity":1,"stroke":"#CC3300","stroke-width":1,"name":"FONDO"}},
{"type":"Feature","geometry":{"type":"LineString","coordinates":[[-63.01537,-17.72736],[-63.01532,-17.72748]]},"properties":{"description":"CONSTRUCCIONES","styleUrl":"#line10","stroke-opacity":1,"stroke":"#CC3300","stroke-width":1,"name":"FONDO"}},
{"type":"Feature","geometry":{"type":"LineString","coordinates":[[-63.01532,-17.72748],[-63.01545,-17.72753]]},"properties":{"description":"CONSTRUCCIONES","styleUrl":"#line10","stroke-opacity":1,"stroke":"#CC3300","stroke-width":1,"name":"FONDO"}},
{"type":"Feature","geometry":{"type":"LineString","coordinates":[[-63.0156,-17.72775],[-63.01563,-17.72776]]},"properties":{"description":"CONSTRUCCIONES","styleUrl":"#line10","stroke-opacity":1,"stroke":"#CC3300","stroke-width":1,"name":"FONDO"}},
{"type":"Feature","geometry":{"type":"LineString","coordinates":[[-63.01563,-17.72776],[-63.01561,-17.72779]]},"properties":{"description":"CONSTRUCCIONES","styleUrl":"#line10","stroke-opacity":1,"stroke":"#CC3300","stroke-width":1,"name":"FONDO"}},
{"type":"Feature","geometry":{"type":"LineString","coordinates":[[-63.0156,-17.72775],[-63.01559,-17.72778]]},"properties":{"description":"CONSTRUCCIONES","styleUrl":"#line10","stroke-opacity":1,"stroke":"#CC3300","stroke-width":1,"name":"FONDO"}},
{"type":"Feature","geometry":{"type":"LineString","coordinates":[[-63.01559,-17.72778],[-63.01561,-17.72779]]},"properties":{"description":"CONSTRUCCIONES","styleUrl":"#line10","stroke-opacity":1,"stroke":"#CC3300","stroke-width":1,"name":"FONDO"}},
{"type":"Feature","geometry":{"type":"LineString","coordinates":[[-63.01555,-17.72795],[-63.01561,-17.72799]]},"properties":{"description":"CONSTRUCCIONES","styleUrl":"#line10","stroke-opacity":1,"stroke":"#CC3300","stroke-width":1,"name":"FONDO"}},
{"type":"Feature","geometry":{"type":"LineString","coordinates":[[-63.01561,-17.72799],[-63.01564,-17.72794]]},"properties":{"description":"CONSTRUCCIONES","styleUrl":"#line10","stroke-opacity":1,"stroke":"#CC3300","stroke-width":1,"name":"FONDO"}},
{"type":"Feature","geometry":{"type":"LineString","coordinates":[[-63.01564,-17.72794],[-63.01558,-17.7279]]},"properties":{"description":"CONSTRUCCIONES","styleUrl":"#line10","stroke-opacity":1,"stroke":"#CC3300","stroke-width":1,"name":"FONDO"}},
{"type":"Feature","geometry":{"type":"LineString","coordinates":[[-63.01558,-17.7279],[-63.01555,-17.72795]]},"properties":{"description":"CONSTRUCCIONES","styleUrl":"#line10","stroke-opacity":1,"stroke":"#CC3300","stroke-width":1,"name":"FONDO"}},
{"type":"Feature","geometry":{"type":"LineString","coordinates":[[-63.01487,-17.72913],[-63.0149,-17.72916]]},"properties":{"description":"CONSTRUCCIONES","styleUrl":"#line10","stroke-opacity":1,"stroke":"#CC3300","stroke-width":1,"name":"FONDO"}},
{"type":"Feature","geometry":{"type":"LineString","coordinates":[[-63.0149,-17.72916],[-63.01482,-17.72927]]},"properties":{"description":"CONSTRUCCIONES","styleUrl":"#line10","stroke-opacity":1,"stroke":"#CC3300","stroke-width":1,"name":"FONDO"}},
{"type":"Feature","geometry":{"type":"LineString","coordinates":[[-63.01487,-17.72913],[-63.01479,-17.72924]]},"properties":{"description":"CONSTRUCCIONES","styleUrl":"#line10","stroke-opacity":1,"stroke":"#CC3300","stroke-width":1,"name":"FONDO"}},
{"type":"Feature","geometry":{"type":"LineString","coordinates":[[-63.01479,-17.72924],[-63.01482,-17.72927]]},"properties":{"description":"CONSTRUCCIONES","styleUrl":"#line10","stroke-opacity":1,"stroke":"#CC3300","stroke-width":1,"name":"FONDO"}},
{"type":"Feature","geometry":{"type":"LineString","coordinates":[[-63.01475,-17.72933],[-63.01486,-17.72941]]},"properties":{"description":"CONSTRUCCIONES","styleUrl":"#line10","stroke-opacity":1,"stroke":"#CC3300","stroke-width":1,"name":"FONDO"}},
{"type":"Feature","geometry":{"type":"LineString","coordinates":[[-63.01486,-17.72941],[-63.01474,-17.72955]]},"properties":{"description":"CONSTRUCCIONES","styleUrl":"#line10","stroke-opacity":1,"stroke":"#CC3300","stroke-width":1,"name":"FONDO"}},
{"type":"Feature","geometry":{"type":"LineString","coordinates":[[-63.01464,-17.72948],[-63.01474,-17.72955]]},"properties":{"description":"CONSTRUCCIONES","styleUrl":"#line10","stroke-opacity":1,"stroke":"#CC3300","stroke-width":1,"name":"FONDO"}},
{"type":"Feature","geometry":{"type":"LineString","coordinates":[[-63.01475,-17.72933],[-63.01464,-17.72948]]},"properties":{"description":"CONSTRUCCIONES","styleUrl":"#line10","stroke-opacity":1,"stroke":"#CC3300","stroke-width":1,"name":"FONDO"}},
{"type":"Feature","geometry":{"type":"LineString","coordinates":[[-63.01149,-17.727],[-63.00946,-17.72833]]},"properties":{"description":"LOTES","styleUrl":"#line11","stroke-opacity":1,"stroke":"#000000","stroke-width":1,"name":"FONDO"}},
{"type":"Feature","geometry":{"type":"LineString","coordinates":[[-63.01284,-17.72613],[-63.0116,-17.72694]]},"properties":{"description":"LOTES","styleUrl":"#line11","stroke-opacity":1,"stroke":"#000000","stroke-width":1,"name":"FONDO"}},
{"type":"Feature","geometry":{"type":"LineString","coordinates":[[-63.01046,-17.72801],[-63.01011,-17.72752]]},"properties":{"description":"LOTES","styleUrl":"#line11","stroke-opacity":1,"stroke":"#000000","stroke-width":1,"name":"FONDO"}},
{"type":"Feature","geometry":{"type":"LineString","coordinates":[[-63.01093,-17.7277],[-63.01058,-17.72722]]},"properties":{"description":"LOTES","styleUrl":"#line11","stroke-opacity":1,"stroke":"#000000","stroke-width":1,"name":"FONDO"}},
{"type":"Feature","geometry":{"type":"LineString","coordinates":[[-63.01085,-17.72775],[-63.0105,-17.72727]]},"properties":{"description":"LOTES","styleUrl":"#line11","stroke-opacity":1,"stroke":"#000000","stroke-width":1,"name":"FONDO"}},
{"type":"Feature","geometry":{"type":"LineString","coordinates":[[-63.01077,-17.7278],[-63.01042,-17.72732]]},"properties":{"description":"LOTES","styleUrl":"#line11","stroke-opacity":1,"stroke":"#000000","stroke-width":1,"name":"FONDO"}},
{"type":"Feature","geometry":{"type":"LineString","coordinates":[[-63.01069,-17.72786],[-63.01035,-17.72737]]},"properties":{"description":"LOTES","styleUrl":"#line11","stroke-opacity":1,"stroke":"#000000","stroke-width":1,"name":"FONDO"}},
{"type":"Feature","geometry":{"type":"LineString","coordinates":[[-63.01061,-17.72791],[-63.01027,-17.72742]]},"properties":{"description":"LOTES","styleUrl":"#line11","stroke-opacity":1,"stroke":"#000000","stroke-width":1,"name":"FONDO"}},
{"type":"Feature","geometry":{"type":"LineString","coordinates":[[-63.01053,-17.72796],[-63.01019,-17.72747]]},"properties":{"description":"LOTES","styleUrl":"#line11","stroke-opacity":1,"stroke":"#000000","stroke-width":1,"name":"FONDO"}},
{"type":"Feature","geometry":{"type":"LineString","coordinates":[[-63.01038,-17.72806],[-63.01003,-17.72757]]},"properties":{"description":"LOTES","styleUrl":"#line11","stroke-opacity":1,"stroke":"#000000","stroke-width":1,"name":"FONDO"}},
{"type":"Feature","geometry":{"type":"LineString","coordinates":[[-63.0103,-17.72811],[-63.00996,-17.72762]]},"properties":{"description":"LOTES","styleUrl":"#line11","stroke-opacity":1,"stroke":"#000000","stroke-width":1,"name":"FONDO"}},
{"type":"Feature","geometry":{"type":"LineString","coordinates":[[-63.01022,-17.72816],[-63.00988,-17.72767]]},"properties":{"description":"LOTES","styleUrl":"#line11","stroke-opacity":1,"stroke":"#000000","stroke-width":1,"name":"FONDO"}},
{"type":"Feature","geometry":{"type":"LineString","coordinates":[[-63.01014,-17.72821],[-63.0098,-17.72772]]},"properties":{"description":"LOTES","styleUrl":"#line11","stroke-opacity":1,"stroke":"#000000","stroke-width":1,"name":"FONDO"}},
{"type":"Feature","geometry":{"type":"LineString","coordinates":[[-63.01007,-17.72826],[-63.00972,-17.72778]]},"properties":{"description":"LOTES","styleUrl":"#line11","stroke-opacity":1,"stroke":"#000000","stroke-width":1,"name":"FONDO"}},
{"type":"Feature","geometry":{"type":"LineString","coordinates":[[-63.00999,-17.72831],[-63.00964,-17.72783]]},"properties":{"description":"LOTES","styleUrl":"#line11","stroke-opacity":1,"stroke":"#000000","stroke-width":1,"name":"FONDO"}},
{"type":"Feature","geometry":{"type":"LineString","coordinates":[[-63.00991,-17.72836],[-63.00957,-17.72788]]},"properties":{"description":"LOTES","styleUrl":"#line11","stroke-opacity":1,"stroke":"#000000","stroke-width":1,"name":"FONDO"}},
{"type":"Feature","geometry":{"type":"LineString","coordinates":[[-63.00983,-17.72841],[-63.00949,-17.72793]]},"properties":{"description":"LOTES","styleUrl":"#line11","stroke-opacity":1,"stroke":"#000000","stroke-width":1,"name":"FONDO"}},
{"type":"Feature","geometry":{"type":"LineString","coordinates":[[-63.0096,-17.72824],[-63.00941,-17.72798]]},"properties":{"description":"LOTES","styleUrl":"#line11","stroke-opacity":1,"stroke":"#000000","stroke-width":1,"name":"FONDO"}},
{"type":"Feature","geometry":{"type":"LineString","coordinates":[[-63.00898,-17.7306],[-63.00849,-17.73063]]},"properties":{"description":"LOTES","styleUrl":"#line11","stroke-opacity":1,"stroke":"#000000","stroke-width":1,"name":"FONDO"}},
{"type":"Feature","geometry":{"type":"LineString","coordinates":[[-63.01166,-17.72933],[-63.00893,-17.72948]]},"properties":{"description":"LOTES","styleUrl":"#line11","stroke-opacity":1,"stroke":"#000000","stroke-width":1,"name":"FONDO"}},
{"type":"Feature","geometry":{"type":"LineString","coordinates":[[-63.00893,-17.72955],[-63.00849,-17.72958]]},"properties":{"description":"LOTES","styleUrl":"#line11","stroke-opacity":1,"stroke":"#000000","stroke-width":1,"name":"FONDO"}},
{"type":"Feature","geometry":{"type":"LineString","coordinates":[[-63.00892,-17.72937],[-63.00847,-17.7294]]},"properties":{"description":"LOTES","styleUrl":"#line11","stroke-opacity":1,"stroke":"#000000","stroke-width":1,"name":"FONDO"}},
{"type":"Feature","geometry":{"type":"LineString","coordinates":[[-63.011,-17.72765],[-63.01066,-17.72717]]},"properties":{"description":"LOTES","styleUrl":"#line11","stroke-opacity":1,"stroke":"#000000","stroke-width":1,"name":"FONDO"}},
{"type":"Feature","geometry":{"type":"LineString","coordinates":[[-63.01108,-17.7276],[-63.01074,-17.72712]]},"properties":{"description":"LOTES","styleUrl":"#line11","stroke-opacity":1,"stroke":"#000000","stroke-width":1,"name":"FONDO"}},
{"type":"Feature","geometry":{"type":"LineString","coordinates":[[-63.01116,-17.72755],[-63.01081,-17.72706]]},"properties":{"description":"LOTES","styleUrl":"#line11","stroke-opacity":1,"stroke":"#000000","stroke-width":1,"name":"FONDO"}},
{"type":"Feature","geometry":{"type":"LineString","coordinates":[[-63.01124,-17.7275],[-63.01089,-17.72701]]},"properties":{"description":"LOTES","styleUrl":"#line11","stroke-opacity":1,"stroke":"#000000","stroke-width":1,"name":"FONDO"}},
{"type":"Feature","geometry":{"type":"LineString","coordinates":[[-63.01132,-17.72745],[-63.01097,-17.72696]]},"properties":{"description":"LOTES","styleUrl":"#line11","stroke-opacity":1,"stroke":"#000000","stroke-width":1,"name":"FONDO"}},
{"type":"Feature","geometry":{"type":"LineString","coordinates":[[-63.01139,-17.7274],[-63.01105,-17.72691]]},"properties":{"description":"LOTES","styleUrl":"#line11","stroke-opacity":1,"stroke":"#000000","stroke-width":1,"name":"FONDO"}},
{"type":"Feature","geometry":{"type":"LineString","coordinates":[[-63.01147,-17.72735],[-63.01113,-17.72686]]},"properties":{"description":"LOTES","styleUrl":"#line11","stroke-opacity":1,"stroke":"#000000","stroke-width":1,"name":"FONDO"}},
{"type":"Feature","geometry":{"type":"LineString","coordinates":[[-63.01155,-17.7273],[-63.01139,-17.72707]]},"properties":{"description":"LOTES","styleUrl":"#line11","stroke-opacity":1,"stroke":"#000000","stroke-width":1,"name":"FONDO"}},
{"type":"Feature","geometry":{"type":"LineString","coordinates":[[-63.00892,-17.72946],[-63.00847,-17.72949]]},"properties":{"description":"LOTES","styleUrl":"#line11","stroke-opacity":1,"stroke":"#000000","stroke-width":1,"name":"FONDO"}},
{"type":"Feature","geometry":{"type":"LineString","coordinates":[[-63.01266,-17.7301],[-63.01283,-17.72968]]},"properties":{"description":"LOTES","styleUrl":"#line11","stroke-opacity":1,"stroke":"#000000","stroke-width":1,"name":"FONDO"}},
{"type":"Feature","geometry":{"type":"LineString","coordinates":[[-63.01254,-17.7301],[-63.01272,-17.72964]]},"properties":{"description":"LOTES","styleUrl":"#line11","stroke-opacity":1,"stroke":"#000000","stroke-width":1,"name":"FONDO"}},
{"type":"Feature","geometry":{"type":"LineString","coordinates":[[-63.01241,-17.73011],[-63.01261,-17.7296]]},"properties":{"description":"LOTES","styleUrl":"#line11","stroke-opacity":1,"stroke":"#000000","stroke-width":1,"name":"FONDO"}},
{"type":"Feature","geometry":{"type":"LineString","coordinates":[[-63.00897,-17.73038],[-63.00849,-17.73041]]},"properties":{"description":"LOTES","styleUrl":"#line11","stroke-opacity":1,"stroke":"#000000","stroke-width":1,"name":"FONDO"}},
{"type":"Feature","geometry":{"type":"LineString","coordinates":[[-63.00897,-17.73049],[-63.00849,-17.73052]]},"properties":{"description":"LOTES","styleUrl":"#line11","stroke-opacity":1,"stroke":"#000000","stroke-width":1,"name":"FONDO"}},
{"type":"Feature","geometry":{"type":"LineString","coordinates":[[-63.00896,-17.73028],[-63.00848,-17.7303]]},"properties":{"description":"LOTES","styleUrl":"#line11","stroke-opacity":1,"stroke":"#000000","stroke-width":1,"name":"FONDO"}},
{"type":"Feature","geometry":{"type":"LineString","coordinates":[[-63.00895,-17.73017],[-63.00848,-17.73019]]},"properties":{"description":"LOTES","styleUrl":"#line11","stroke-opacity":1,"stroke":"#000000","stroke-width":1,"name":"FONDO"}},
{"type":"Feature","geometry":{"type":"LineString","coordinates":[[-63.00899,-17.72839],[-63.00863,-17.72889]]},"properties":{"description":"MANZANOS","styleUrl":"#line12","stroke-opacity":1,"stroke":"#0000FF","stroke-width":1,"name":"FONDO"}},
{"type":"Feature","geometry":{"type":"LineString","coordinates":[[-63.0124,-17.72603],[-63.01149,-17.72663]]},"properties":{"description":"MANZANOS","styleUrl":"#line12","stroke-opacity":1,"stroke":"#0000FF","stroke-width":1,"name":"FONDO"}},
{"type":"Feature","geometry":{"type":"LineString","coordinates":[[-63.01148,-17.72684],[-63.01147,-17.72684],[-63.01147,-17.72683],[-63.01146,-17.72683],[-63.01146,-17.72682],[-63.01145,-17.72682],[-63.01145,-17.72681],[-63.01145,-17.7268],[-63.01144,-17.7268],[-63.01144,-17.72679],[-63.01144,-17.72678],[-63.01143,-17.72678],[-63.01143,-17.72677],[-63.01143,-17.72676],[-63.01143,-17.72675],[-63.01143,-17.72674],[-63.01143,-17.72673],[-63.01143,-17.72672],[-63.01143,-17.72671],[-63.01143,-17.7267],[-63.01144,-17.7267],[-63.01144,-17.72669],[-63.01144,-17.72668],[-63.01145,-17.72667],[-63.01145,-17.72666],[-63.01146,-17.72666],[-63.01146,-17.72665],[-63.01147,-17.72665],[-63.01147,-17.72664],[-63.01148,-17.72664],[-63.01148,-17.72663],[-63.01149,-17.72663]]},"properties":{"description":"MANZANOS","styleUrl":"#line12","stroke-opacity":1,"stroke":"#0000FF","stroke-width":1,"name":"FONDO"}},
{"type":"Feature","geometry":{"type":"LineString","coordinates":[[-63.0124,-17.72603],[-63.01241,-17.72603],[-63.01241,-17.72602],[-63.01242,-17.72602],[-63.01243,-17.72602],[-63.01244,-17.72602],[-63.01244,-17.72601],[-63.01245,-17.72601],[-63.01246,-17.72601],[-63.01247,-17.72601],[-63.01248,-17.72601],[-63.01249,-17.726],[-63.0125,-17.726],[-63.01251,-17.726],[-63.01251,-17.72601],[-63.01252,-17.72601],[-63.01253,-17.72601],[-63.01254,-17.72601],[-63.01255,-17.72601],[-63.01256,-17.72601],[-63.01256,-17.72602]]},"properties":{"description":"MANZANOS","styleUrl":"#line12","stroke-opacity":1,"stroke":"#0000FF","stroke-width":1,"name":"FONDO"}},
{"type":"Feature","geometry":{"type":"LineString","coordinates":[[-63.01114,-17.72685],[-63.00931,-17.72804]]},"properties":{"description":"MANZANOS","styleUrl":"#line12","stroke-opacity":1,"stroke":"#0000FF","stroke-width":1,"name":"FONDO"}},
{"type":"Feature","geometry":{"type":"LineString","coordinates":[[-63.01114,-17.72685],[-63.01115,-17.72685],[-63.01115,-17.72684],[-63.01116,-17.72684],[-63.01117,-17.72684],[-63.01118,-17.72684],[-63.01118,-17.72683],[-63.01119,-17.72683],[-63.0112,-17.72683],[-63.01121,-17.72683],[-63.01122,-17.72683],[-63.01123,-17.72683],[-63.01124,-17.72683],[-63.01125,-17.72683],[-63.01126,-17.72683],[-63.01126,-17.72684],[-63.01127,-17.72684],[-63.01128,-17.72684],[-63.01129,-17.72684],[-63.01129,-17.72685],[-63.0113,-17.72685],[-63.0113,-17.72686],[-63.01131,-17.72686]]},"properties":{"description":"MANZANOS","styleUrl":"#line12","stroke-opacity":1,"stroke":"#0000FF","stroke-width":1,"name":"FONDO"}},
{"type":"Feature","geometry":{"type":"LineString","coordinates":[[-63.00933,-17.72828],[-63.00932,-17.72828],[-63.00932,-17.72827],[-63.00931,-17.72827],[-63.0093,-17.72827],[-63.0093,-17.72826],[-63.00929,-17.72826],[-63.00929,-17.72825],[-63.00928,-17.72825],[-63.00928,-17.72824],[-63.00927,-17.72824],[-63.00927,-17.72823],[-63.00927,-17.72822],[-63.00926,-17.72822],[-63.00926,-17.72821],[-63.00926,-17.7282],[-63.00925,-17.7282],[-63.00925,-17.72819],[-63.00925,-17.72818],[-63.00925,-17.72817],[-63.00925,-17.72816],[-63.00925,-17.72815],[-63.00925,-17.72814],[-63.00925,-17.72813],[-63.00925,-17.72812],[-63.00925,-17.72811],[-63.00926,-17.72811],[-63.00926,-17.7281],[-63.00926,-17.72809],[-63.00927,-17.72809],[-63.00927,-17.72808],[-63.00928,-17.72807],[-63.00928,-17.72806],[-63.00929,-17.72806],[-63.0093,-17.72805],[-63.00931,-17.72805],[-63.00931,-17.72804]]},"properties":{"description":"MANZANOS","styleUrl":"#line12","stroke-opacity":1,"stroke":"#0000FF","stroke-width":1,"name":"FONDO"}},
{"type":"Feature","geometry":{"type":"LineString","coordinates":[[-63.01303,-17.72633],[-63.01187,-17.72709]]},"properties":{"description":"MANZANOS","styleUrl":"#line12","stroke-opacity":1,"stroke":"#0000FF","stroke-width":1,"name":"FONDO"}},
{"type":"Feature","geometry":{"type":"LineString","coordinates":[[-63.01165,-17.72723],[-63.0098,-17.72844]]},"properties":{"description":"MANZANOS","styleUrl":"#line12","stroke-opacity":1,"stroke":"#0000FF","stroke-width":1,"name":"FONDO"}},
{"type":"Feature","geometry":{"type":"LineString","coordinates":[[-63.01165,-17.72713],[-63.01166,-17.72713],[-63.01166,-17.72714],[-63.01167,-17.72714],[-63.01167,-17.72715],[-63.01167,-17.72716],[-63.01168,-17.72716],[-63.01168,-17.72717],[-63.01168,-17.72718],[-63.01168,-17.72719],[-63.01168,-17.7272],[-63.01167,-17.7272],[-63.01167,-17.72721],[-63.01167,-17.72722],[-63.01166,-17.72722],[-63.01166,-17.72723],[-63.01165,-17.72723]]},"properties":{"description":"MANZANOS","styleUrl":"#line12","stroke-opacity":1,"stroke":"#0000FF","stroke-width":1,"name":"FONDO"}},
{"type":"Feature","geometry":{"type":"LineString","coordinates":[[-63.0098,-17.72844],[-63.00979,-17.72844],[-63.00978,-17.72844],[-63.00978,-17.72845],[-63.00977,-17.72845],[-63.00976,-17.72845],[-63.00975,-17.72845],[-63.00975,-17.72844],[-63.00974,-17.72844]]},"properties":{"description":"MANZANOS","styleUrl":"#line12","stroke-opacity":1,"stroke":"#0000FF","stroke-width":1,"name":"FONDO"}},
{"type":"Feature","geometry":{"type":"LineString","coordinates":[[-63.01249,-17.72683],[-63.01206,-17.72711]]},"properties":{"description":"MANZANOS","styleUrl":"#line12","stroke-opacity":1,"stroke":"#0000FF","stroke-width":1,"name":"FONDO"}},
{"type":"Feature","geometry":{"type":"LineString","coordinates":[[-63.01207,-17.72722],[-63.01206,-17.72722],[-63.01206,-17.72721],[-63.01205,-17.72721],[-63.01204,-17.7272],[-63.01204,-17.72719],[-63.01203,-17.72719],[-63.01203,-17.72718],[-63.01203,-17.72717],[-63.01203,-17.72716],[-63.01203,-17.72715],[-63.01203,-17.72714],[-63.01203,-17.72713],[-63.01204,-17.72713],[-63.01204,-17.72712],[-63.01205,-17.72712],[-63.01205,-17.72711],[-63.01206,-17.72711]]},"properties":{"description":"MANZANOS","styleUrl":"#line12","stroke-opacity":1,"stroke":"#0000FF","stroke-width":1,"name":"FONDO"}},
{"type":"Feature","geometry":{"type":"LineString","coordinates":[[-63.0118,-17.72727],[-63.01137,-17.72755]]},"properties":{"description":"MANZANOS","styleUrl":"#line12","stroke-opacity":1,"stroke":"#0000FF","stroke-width":1,"name":"FONDO"}},
{"type":"Feature","geometry":{"type":"LineString","coordinates":[[-63.0118,-17.72727],[-63.01181,-17.72727],[-63.01182,-17.72727],[-63.01182,-17.72726],[-63.01183,-17.72726],[-63.01184,-17.72726],[-63.01185,-17.72726],[-63.01186,-17.72726],[-63.01186,-17.72727],[-63.01187,-17.72727]]},"properties":{"description":"MANZANOS","styleUrl":"#line12","stroke-opacity":1,"stroke":"#0000FF","stroke-width":1,"name":"FONDO"}},
{"type":"Feature","geometry":{"type":"LineString","coordinates":[[-63.01139,-17.72766],[-63.01138,-17.72766],[-63.01137,-17.72766],[-63.01137,-17.72765],[-63.01136,-17.72765],[-63.01136,-17.72764],[-63.01135,-17.72764],[-63.01135,-17.72763],[-63.01135,-17.72762],[-63.01134,-17.72762],[-63.01134,-17.72761],[-63.01134,-17.7276],[-63.01135,-17.7276],[-63.01135,-17.72759],[-63.01135,-17.72758],[-63.01135,-17.72757],[-63.01136,-17.72757],[-63.01136,-17.72756],[-63.01137,-17.72756],[-63.01137,-17.72755]]},"properties":{"description":"MANZANOS","styleUrl":"#line12","stroke-opacity":1,"stroke":"#0000FF","stroke-width":1,"name":"FONDO"}},
{"type":"Feature","geometry":{"type":"LineString","coordinates":[[-63.01112,-17.72772],[-63.01069,-17.728]]},"properties":{"description":"MANZANOS","styleUrl":"#line12","stroke-opacity":1,"stroke":"#0000FF","stroke-width":1,"name":"FONDO"}},
{"type":"Feature","geometry":{"type":"LineString","coordinates":[[-63.0107,-17.72811],[-63.01069,-17.72811],[-63.01069,-17.7281],[-63.01068,-17.7281],[-63.01068,-17.72809],[-63.01067,-17.72809],[-63.01067,-17.72808],[-63.01067,-17.72807],[-63.01066,-17.72807],[-63.01066,-17.72806],[-63.01066,-17.72805],[-63.01066,-17.72804],[-63.01066,-17.72803],[-63.01067,-17.72803],[-63.01067,-17.72802],[-63.01067,-17.72801],[-63.01068,-17.72801],[-63.01068,-17.728],[-63.01069,-17.728]]},"properties":{"description":"MANZANOS","styleUrl":"#line12","stroke-opacity":1,"stroke":"#0000FF","stroke-width":1,"name":"FONDO"}},
{"type":"Feature","geometry":{"type":"LineString","coordinates":[[-63.01044,-17.72816],[-63.01001,-17.72844]]},"properties":{"description":"MANZANOS","styleUrl":"#line12","stroke-opacity":1,"stroke":"#0000FF","stroke-width":1,"name":"FONDO"}},
{"type":"Feature","geometry":{"type":"LineString","coordinates":[[-63.01002,-17.72855],[-63.01001,-17.72855],[-63.01001,-17.72854],[-63.01,-17.72854],[-63.00999,-17.72854],[-63.00999,-17.72853],[-63.00999,-17.72852],[-63.00998,-17.72852],[-63.00998,-17.72851],[-63.00998,-17.7285],[-63.00998,-17.72849],[-63.00998,-17.72848],[-63.00998,-17.72847],[-63.00999,-17.72847],[-63.00999,-17.72846],[-63.00999,-17.72845],[-63.01,-17.72845],[-63.01,-17.72844],[-63.01001,-17.72844]]},"properties":{"description":"MANZANOS","styleUrl":"#line12","stroke-opacity":1,"stroke":"#0000FF","stroke-width":1,"name":"FONDO"}},
{"type":"Feature","geometry":{"type":"LineString","coordinates":[[-63.01044,-17.72816],[-63.01045,-17.72816],[-63.01045,-17.72815],[-63.01046,-17.72815],[-63.01047,-17.72815],[-63.01048,-17.72815],[-63.01049,-17.72815],[-63.0105,-17.72815],[-63.0105,-17.72816]]},"properties":{"description":"MANZANOS","styleUrl":"#line12","stroke-opacity":1,"stroke":"#0000FF","stroke-width":1,"name":"FONDO"}},
{"type":"Feature","geometry":{"type":"LineString","coordinates":[[-63.01139,-17.72766],[-63.01354,-17.72852]]},"properties":{"description":"MANZANOS","styleUrl":"#line12","stroke-opacity":1,"stroke":"#0000FF","stroke-width":1,"name":"FONDO"}},
{"type":"Feature","geometry":{"type":"LineString","coordinates":[[-63.01364,-17.72849],[-63.01364,-17.7285],[-63.01363,-17.7285],[-63.01363,-17.72851],[-63.01362,-17.72851],[-63.01361,-17.72851],[-63.01361,-17.72852],[-63.0136,-17.72852],[-63.01359,-17.72852],[-63.01358,-17.72852],[-63.01357,-17.72852],[-63.01356,-17.72852],[-63.01355,-17.72852],[-63.01354,-17.72852]]},"properties":{"description":"MANZANOS","styleUrl":"#line12","stroke-opacity":1,"stroke":"#0000FF","stroke-width":1,"name":"FONDO"}},
{"type":"Feature","geometry":{"type":"LineString","coordinates":[[-63.01118,-17.72771],[-63.01343,-17.7286]]},"properties":{"description":"MANZANOS","styleUrl":"#line12","stroke-opacity":1,"stroke":"#0000FF","stroke-width":1,"name":"FONDO"}},
{"type":"Feature","geometry":{"type":"LineString","coordinates":[[-63.01343,-17.7286],[-63.01344,-17.7286],[-63.01344,-17.72861],[-63.01345,-17.72861],[-63.01346,-17.72861],[-63.01346,-17.72862],[-63.01347,-17.72862],[-63.01347,-17.72863],[-63.01347,-17.72864],[-63.01348,-17.72864],[-63.01348,-17.72865],[-63.01348,-17.72866],[-63.01348,-17.72867],[-63.01348,-17.72868],[-63.01348,-17.72869],[-63.01348,-17.7287],[-63.01348,-17.72871],[-63.01347,-17.72871],[-63.01347,-17.72872]]},"properties":{"description":"MANZANOS","styleUrl":"#line12","stroke-opacity":1,"stroke":"#0000FF","stroke-width":1,"name":"FONDO"}},
{"type":"Feature","geometry":{"type":"LineString","coordinates":[[-63.01112,-17.72772],[-63.01113,-17.72772],[-63.01113,-17.72771],[-63.01114,-17.72771],[-63.01115,-17.72771],[-63.01116,-17.72771],[-63.01117,-17.72771],[-63.01118,-17.72771]]},"properties":{"description":"MANZANOS","styleUrl":"#line12","stroke-opacity":1,"stroke":"#0000FF","stroke-width":1,"name":"FONDO"}},
{"type":"Feature","geometry":{"type":"LineString","coordinates":[[-63.0107,-17.72811],[-63.01312,-17.72906]]},"properties":{"description":"MANZANOS","styleUrl":"#line12","stroke-opacity":1,"stroke":"#0000FF","stroke-width":1,"name":"FONDO"}},
{"type":"Feature","geometry":{"type":"LineString","coordinates":[[-63.0105,-17.72816],[-63.0129,-17.7291]]},"properties":{"description":"MANZANOS","styleUrl":"#line12","stroke-opacity":1,"stroke":"#0000FF","stroke-width":1,"name":"FONDO"}},
{"type":"Feature","geometry":{"type":"LineString","coordinates":[[-63.0129,-17.7291],[-63.0129,-17.72911],[-63.01291,-17.72911],[-63.01292,-17.72911],[-63.01292,-17.72912],[-63.01293,-17.72912],[-63.01293,-17.72913],[-63.01294,-17.72913],[-63.01294,-17.72914],[-63.01294,-17.72915],[-63.01295,-17.72915],[-63.01295,-17.72916],[-63.01295,-17.72917],[-63.01295,-17.72918],[-63.01295,-17.72919],[-63.01295,-17.7292],[-63.01294,-17.72921],[-63.01294,-17.72922],[-63.01293,-17.72922],[-63.01293,-17.72923],[-63.01292,-17.72924],[-63.01291,-17.72924],[-63.01291,-17.72925],[-63.0129,-17.72925]]},"properties":{"description":"MANZANOS","styleUrl":"#line12","stroke-opacity":1,"stroke":"#0000FF","stroke-width":1,"name":"FONDO"}},
{"type":"Feature","geometry":{"type":"LineString","coordinates":[[-63.01002,-17.72855],[-63.01238,-17.72948]]},"properties":{"description":"MANZANOS","styleUrl":"#line12","stroke-opacity":1,"stroke":"#0000FF","stroke-width":1,"name":"FONDO"}},
{"type":"Feature","geometry":{"type":"LineString","coordinates":[[-63.01245,-17.72948],[-63.01244,-17.72948],[-63.01244,-17.72949],[-63.01243,-17.72949],[-63.01242,-17.72949],[-63.01241,-17.72949],[-63.0124,-17.72949],[-63.01239,-17.72949],[-63.01238,-17.72949],[-63.01238,-17.72948]]},"properties":{"description":"MANZANOS","styleUrl":"#line12","stroke-opacity":1,"stroke":"#0000FF","stroke-width":1,"name":"FONDO"}},
{"type":"Feature","geometry":{"type":"LineString","coordinates":[[-63.00916,-17.72834],[-63.01053,-17.72888]]},"properties":{"description":"MANZANOS","styleUrl":"#line12","stroke-opacity":1,"stroke":"#0000FF","stroke-width":1,"name":"FONDO"}},
{"type":"Feature","geometry":{"type":"LineString","coordinates":[[-63.01053,-17.72888],[-63.01054,-17.72888],[-63.01054,-17.72889],[-63.01055,-17.72889],[-63.01055,-17.7289],[-63.01056,-17.7289],[-63.01056,-17.72891],[-63.01057,-17.72891],[-63.01057,-17.72892],[-63.01057,-17.72893],[-63.01057,-17.72894],[-63.01057,-17.72895],[-63.01057,-17.72896],[-63.01057,-17.72897],[-63.01056,-17.72897],[-63.01056,-17.72898],[-63.01055,-17.72898],[-63.01055,-17.72899],[-63.01054,-17.72899],[-63.01054,-17.729],[-63.01053,-17.729],[-63.01052,-17.729],[-63.01051,-17.729]]},"properties":{"description":"MANZANOS","styleUrl":"#line12","stroke-opacity":1,"stroke":"#0000FF","stroke-width":1,"name":"FONDO"}},
{"type":"Feature","geometry":{"type":"LineString","coordinates":[[-63.01494,-17.72705],[-63.01422,-17.72798]]},"properties":{"description":"MANZANOS","styleUrl":"#line12","stroke-opacity":1,"stroke":"#0000FF","stroke-width":1,"name":"FONDO"}},
{"type":"Feature","geometry":{"type":"LineString","coordinates":[[-63.01425,-17.7281],[-63.01424,-17.7281],[-63.01423,-17.7281],[-63.01423,-17.72809],[-63.01422,-17.72809],[-63.01422,-17.72808],[-63.01421,-17.72807],[-63.01421,-17.72806],[-63.01421,-17.72805],[-63.0142,-17.72805],[-63.0142,-17.72804],[-63.0142,-17.72803],[-63.0142,-17.72802],[-63.0142,-17.72801],[-63.01421,-17.72801],[-63.01421,-17.728],[-63.01421,-17.72799],[-63.01422,-17.72799],[-63.01422,-17.72798]]},"properties":{"description":"MANZANOS","styleUrl":"#line12","stroke-opacity":1,"stroke":"#0000FF","stroke-width":1,"name":"FONDO"}},
{"type":"Feature","geometry":{"type":"LineString","coordinates":[[-63.01494,-17.72705],[-63.01494,-17.72704],[-63.01495,-17.72704],[-63.01495,-17.72703],[-63.01496,-17.72703],[-63.01496,-17.72702],[-63.01497,-17.72702],[-63.01497,-17.72701],[-63.01498,-17.72701],[-63.01499,-17.72701],[-63.01499,-17.727],[-63.015,-17.727],[-63.01501,-17.727],[-63.01502,-17.727],[-63.01502,-17.72699],[-63.01503,-17.72699],[-63.01504,-17.72699],[-63.01505,-17.72699],[-63.01506,-17.72699],[-63.01507,-17.72699],[-63.01508,-17.72699],[-63.01509,-17.72699],[-63.01509,-17.727],[-63.0151,-17.727]]},"properties":{"description":"MANZANOS","styleUrl":"#line12","stroke-opacity":1,"stroke":"#0000FF","stroke-width":1,"name":"FONDO"}},
{"type":"Feature","geometry":{"type":"LineString","coordinates":[[-63.01404,-17.72821],[-63.01328,-17.72921]]},"properties":{"description":"MANZANOS","styleUrl":"#line12","stroke-opacity":1,"stroke":"#0000FF","stroke-width":1,"name":"FONDO"}},
{"type":"Feature","geometry":{"type":"LineString","coordinates":[[-63.01328,-17.72921],[-63.01328,-17.72922],[-63.01327,-17.72922],[-63.01327,-17.72923],[-63.01326,-17.72923],[-63.01325,-17.72923],[-63.01325,-17.72924]]},"properties":{"description":"MANZANOS","styleUrl":"#line12","stroke-opacity":1,"stroke":"#0000FF","stroke-width":1,"name":"FONDO"}},
{"type":"Feature","geometry":{"type":"LineString","coordinates":[[-63.01475,-17.72705],[-63.01448,-17.72739]]},"properties":{"description":"MANZANOS","styleUrl":"#line12","stroke-opacity":1,"stroke":"#0000FF","stroke-width":1,"name":"FONDO"}},
{"type":"Feature","geometry":{"type":"LineString","coordinates":[[-63.01448,-17.72739],[-63.01448,-17.7274],[-63.01447,-17.7274],[-63.01447,-17.72741],[-63.01446,-17.72741],[-63.01446,-17.72742],[-63.01445,-17.72742],[-63.01444,-17.72742],[-63.01444,-17.72743],[-63.01443,-17.72743],[-63.01442,-17.72743],[-63.01441,-17.72743],[-63.0144,-17.72743],[-63.0144,-17.72742],[-63.01439,-17.72742],[-63.01438,-17.72742]]},"properties":{"description":"MANZANOS","styleUrl":"#line12","stroke-opacity":1,"stroke":"#0000FF","stroke-width":1,"name":"FONDO"}},
{"type":"Feature","geometry":{"type":"LineString","coordinates":[[-63.01431,-17.72763],[-63.01406,-17.72794]]},"properties":{"description":"MANZANOS","styleUrl":"#line12","stroke-opacity":1,"stroke":"#0000FF","stroke-width":1,"name":"FONDO"}},
{"type":"Feature","geometry":{"type":"LineString","coordinates":[[-63.01406,-17.72794],[-63.01406,-17.72795],[-63.01405,-17.72795],[-63.01405,-17.72796],[-63.01404,-17.72796],[-63.01404,-17.72797],[-63.01403,-17.72797],[-63.01402,-17.72797],[-63.01401,-17.72797],[-63.014,-17.72797],[-63.014,-17.72798],[-63.01399,-17.72798],[-63.01399,-17.72797],[-63.01398,-17.72797],[-63.01397,-17.72797],[-63.01396,-17.72797]]},"properties":{"description":"MANZANOS","styleUrl":"#line12","stroke-opacity":1,"stroke":"#0000FF","stroke-width":1,"name":"FONDO"}},
{"type":"Feature","geometry":{"type":"LineString","coordinates":[[-63.01389,-17.72817],[-63.01364,-17.72849]]},"properties":{"description":"MANZANOS","styleUrl":"#line12","stroke-opacity":1,"stroke":"#0000FF","stroke-width":1,"name":"FONDO"}},
{"type":"Feature","geometry":{"type":"LineString","coordinates":[[-63.01347,-17.72872],[-63.01322,-17.72904]]},"properties":{"description":"MANZANOS","styleUrl":"#line12","stroke-opacity":1,"stroke":"#0000FF","stroke-width":1,"name":"FONDO"}},
{"type":"Feature","geometry":{"type":"LineString","coordinates":[[-63.01322,-17.72904],[-63.01322,-17.72905],[-63.01321,-17.72905],[-63.01321,-17.72906],[-63.0132,-17.72906],[-63.01319,-17.72906],[-63.01319,-17.72907],[-63.01318,-17.72907],[-63.01317,-17.72907],[-63.01316,-17.72907],[-63.01315,-17.72907],[-63.01314,-17.72907],[-63.01313,-17.72907],[-63.01312,-17.72906]]},"properties":{"description":"MANZANOS","styleUrl":"#line12","stroke-opacity":1,"stroke":"#0000FF","stroke-width":1,"name":"FONDO"}},
{"type":"Feature","geometry":{"type":"LineString","coordinates":[[-63.01326,-17.72633],[-63.01274,-17.72667]]},"properties":{"description":"MANZANOS","styleUrl":"#line12","stroke-opacity":1,"stroke":"#0000FF","stroke-width":1,"name":"FONDO"}},
{"type":"Feature","geometry":{"type":"LineString","coordinates":[[-63.01275,-17.72678],[-63.01275,-17.72677],[-63.01274,-17.72677],[-63.01273,-17.72677],[-63.01273,-17.72676],[-63.01272,-17.72676],[-63.01272,-17.72675],[-63.01272,-17.72674],[-63.01271,-17.72674],[-63.01271,-17.72673],[-63.01271,-17.72672],[-63.01271,-17.72671],[-63.01271,-17.7267],[-63.01271,-17.72669],[-63.01272,-17.72669],[-63.01272,-17.72668],[-63.01273,-17.72668],[-63.01273,-17.72667],[-63.01274,-17.72667]]},"properties":{"description":"MANZANOS","styleUrl":"#line12","stroke-opacity":1,"stroke":"#0000FF","stroke-width":1,"name":"FONDO"}},
{"type":"Feature","geometry":{"type":"LineString","coordinates":[[-63.01326,-17.72633],[-63.01326,-17.72632],[-63.01327,-17.72632],[-63.01328,-17.72632],[-63.01329,-17.72632],[-63.01329,-17.72631],[-63.0133,-17.72631],[-63.01331,-17.72631],[-63.01332,-17.72631],[-63.01333,-17.72631],[-63.01333,-17.72632],[-63.01334,-17.72632]]},"properties":{"description":"MANZANOS","styleUrl":"#line12","stroke-opacity":1,"stroke":"#0000FF","stroke-width":1,"name":"FONDO"}},
{"type":"Feature","geometry":{"type":"LineString","coordinates":[[-63.00933,-17.72828],[-63.00974,-17.72844]]},"properties":{"description":"MANZANOS","styleUrl":"#line12","stroke-opacity":1,"stroke":"#0000FF","stroke-width":1,"name":"FONDO"}},
{"type":"Feature","geometry":{"type":"LineString","coordinates":[[-63.00899,-17.72839],[-63.00899,-17.72838],[-63.009,-17.72838],[-63.009,-17.72837],[-63.00901,-17.72837],[-63.00901,-17.72836],[-63.00902,-17.72836],[-63.00902,-17.72835],[-63.00903,-17.72835],[-63.00904,-17.72835],[-63.00904,-17.72834],[-63.00905,-17.72834],[-63.00906,-17.72834],[-63.00906,-17.72833],[-63.00907,-17.72833],[-63.00908,-17.72833],[-63.00909,-17.72833],[-63.0091,-17.72833],[-63.00911,-17.72833],[-63.00912,-17.72833],[-63.00913,-17.72833],[-63.00914,-17.72833],[-63.00914,-17.72834],[-63.00915,-17.72834],[-63.00916,-17.72834]]},"properties":{"description":"MANZANOS","styleUrl":"#line12","stroke-opacity":1,"stroke":"#0000FF","stroke-width":1,"name":"FONDO"}},
{"type":"Feature","geometry":{"type":"LineString","coordinates":[[-63.01471,-17.73057],[-63.01489,-17.73054]]},"properties":{"description":"MANZANOS","styleUrl":"#line12","stroke-opacity":1,"stroke":"#0000FF","stroke-width":1,"name":"FONDO"}},
{"type":"Feature","geometry":{"type":"LineString","coordinates":[[-63.01471,-17.73057],[-63.0147,-17.73057],[-63.01469,-17.73057],[-63.01468,-17.73057],[-63.01467,-17.73057],[-63.01466,-17.73057],[-63.01465,-17.73057],[-63.01464,-17.73057],[-63.01463,-17.73057],[-63.01463,-17.73056],[-63.01462,-17.73056],[-63.01461,-17.73056],[-63.0146,-17.73056],[-63.0146,-17.73055],[-63.01459,-17.73055],[-63.01458,-17.73055],[-63.01458,-17.73054],[-63.01457,-17.73054],[-63.01456,-17.73053],[-63.01455,-17.73053],[-63.01455,-17.73052],[-63.01454,-17.73052],[-63.01454,-17.73051],[-63.01453,-17.73051],[-63.01453,-17.7305],[-63.01452,-17.7305],[-63.01452,-17.73049],[-63.01452,-17.73048],[-63.01451,-17.73048],[-63.01451,-17.73047],[-63.0145,-17.73046]]},"properties":{"description":"MANZANOS","styleUrl":"#line12","stroke-opacity":1,"stroke":"#0000FF","stroke-width":1,"name":"FONDO"}},
{"type":"Feature","geometry":{"type":"LineString","coordinates":[[-63.01501,-17.73047],[-63.015,-17.73047],[-63.015,-17.73048],[-63.01499,-17.73048],[-63.01499,-17.73049],[-63.01498,-17.73049],[-63.01498,-17.7305],[-63.01497,-17.7305],[-63.01497,-17.73051],[-63.01496,-17.73051],[-63.01495,-17.73051],[-63.01495,-17.73052],[-63.01494,-17.73052],[-63.01493,-17.73053],[-63.01492,-17.73053],[-63.01491,-17.73053],[-63.0149,-17.73053],[-63.0149,-17.73054],[-63.01489,-17.73054]]},"properties":{"description":"MANZANOS","styleUrl":"#line12","stroke-opacity":1,"stroke":"#0000FF","stroke-width":1,"name":"FONDO"}},
{"type":"Feature","geometry":{"type":"LineString","coordinates":[[-63.01417,-17.73137],[-63.01394,-17.73168]]},"properties":{"description":"MANZANOS","styleUrl":"#line12","stroke-opacity":1,"stroke":"#0000FF","stroke-width":1,"name":"FONDO"}},
{"type":"Feature","geometry":{"type":"LineString","coordinates":[[-63.01418,-17.73131],[-63.01418,-17.73132],[-63.01419,-17.73132],[-63.01419,-17.73133],[-63.01419,-17.73134],[-63.01419,-17.73135],[-63.01418,-17.73135],[-63.01418,-17.73136],[-63.01418,-17.73137],[-63.01417,-17.73137]]},"properties":{"description":"MANZANOS","styleUrl":"#line12","stroke-opacity":1,"stroke":"#0000FF","stroke-width":1,"name":"FONDO"}},
{"type":"Feature","geometry":{"type":"LineString","coordinates":[[-63.01361,-17.73119],[-63.01325,-17.73168]]},"properties":{"description":"MANZANOS","styleUrl":"#line12","stroke-opacity":1,"stroke":"#0000FF","stroke-width":1,"name":"FONDO"}},
{"type":"Feature","geometry":{"type":"LineString","coordinates":[[-63.01361,-17.73119],[-63.01362,-17.73119],[-63.01362,-17.73118],[-63.01363,-17.73118],[-63.01363,-17.73117],[-63.01364,-17.73117],[-63.01365,-17.73117],[-63.01366,-17.73117],[-63.01366,-17.73116]]},"properties":{"description":"MANZANOS","styleUrl":"#line12","stroke-opacity":1,"stroke":"#0000FF","stroke-width":1,"name":"FONDO"}},
{"type":"Feature","geometry":{"type":"LineString","coordinates":[[-63.00848,-17.73018],[-63.0085,-17.73152]]},"properties":{"description":"MANZANOS","styleUrl":"#line12","stroke-opacity":1,"stroke":"#0000FF","stroke-width":1,"name":"FONDO"}},
{"type":"Feature","geometry":{"type":"LineString","coordinates":[[-63.015,-17.73155],[-63.01491,-17.73124]]},"properties":{"description":"MANZANOS","styleUrl":"#line12","stroke-opacity":1,"stroke":"#0000FF","stroke-width":1,"name":"FONDO"}},
{"type":"Feature","geometry":{"type":"LineString","coordinates":[[-63.01504,-17.7316],[-63.01504,-17.73159],[-63.01503,-17.73159],[-63.01502,-17.73159],[-63.01502,-17.73158],[-63.01501,-17.73158],[-63.01501,-17.73157],[-63.015,-17.73157],[-63.015,-17.73156],[-63.015,-17.73155]]},"properties":{"description":"MANZANOS","styleUrl":"#line12","stroke-opacity":1,"stroke":"#0000FF","stroke-width":1,"name":"FONDO"}},
{"type":"Feature","geometry":{"type":"LineString","coordinates":[[-63.01488,-17.73158],[-63.01479,-17.73128]]},"properties":{"description":"MANZANOS","styleUrl":"#line12","stroke-opacity":1,"stroke":"#0000FF","stroke-width":1,"name":"FONDO"}},
{"type":"Feature","geometry":{"type":"LineString","coordinates":[[-63.01488,-17.73158],[-63.01488,-17.73159],[-63.01488,-17.7316],[-63.01488,-17.73161],[-63.01488,-17.73162],[-63.01488,-17.73163],[-63.01487,-17.73163],[-63.01487,-17.73164],[-63.01487,-17.73165],[-63.01486,-17.73165]]},"properties":{"description":"MANZANOS","styleUrl":"#line12","stroke-opacity":1,"stroke":"#0000FF","stroke-width":1,"name":"FONDO"}},
{"type":"Feature","geometry":{"type":"LineString","coordinates":[[-63.01179,-17.72709],[-63.01148,-17.72684]]},"properties":{"description":"MANZANOS","styleUrl":"#line12","stroke-opacity":1,"stroke":"#0000FF","stroke-width":1,"name":"FONDO"}},
{"type":"Feature","geometry":{"type":"LineString","coordinates":[[-63.01187,-17.72709],[-63.01186,-17.72709],[-63.01186,-17.7271],[-63.01185,-17.7271],[-63.01184,-17.7271],[-63.01183,-17.7271],[-63.01182,-17.7271],[-63.01181,-17.7271],[-63.01181,-17.72709],[-63.0118,-17.72709],[-63.01179,-17.72709]]},"properties":{"description":"MANZANOS","styleUrl":"#line12","stroke-opacity":1,"stroke":"#0000FF","stroke-width":1,"name":"FONDO"}},
{"type":"Feature","geometry":{"type":"LineString","coordinates":[[-63.01165,-17.72713],[-63.01131,-17.72686]]},"properties":{"description":"MANZANOS","styleUrl":"#line12","stroke-opacity":1,"stroke":"#0000FF","stroke-width":1,"name":"FONDO"}},
{"type":"Feature","geometry":{"type":"LineString","coordinates":[[-63.01379,-17.7245],[-63.01425,-17.72375]]},"properties":{"description":"MANZANOS","styleUrl":"#line12","stroke-opacity":1,"stroke":"#0000FF","stroke-width":1,"name":"FONDO"}},
{"type":"Feature","geometry":{"type":"LineString","coordinates":[[-63.01384,-17.72462],[-63.01383,-17.72462],[-63.01383,-17.72461],[-63.01382,-17.72461],[-63.01381,-17.72461],[-63.01381,-17.7246],[-63.0138,-17.7246],[-63.0138,-17.72459],[-63.01379,-17.72458],[-63.01379,-17.72457],[-63.01379,-17.72456],[-63.01378,-17.72456],[-63.01378,-17.72455],[-63.01378,-17.72454],[-63.01378,-17.72453],[-63.01378,-17.72452],[-63.01379,-17.72452],[-63.01379,-17.72451],[-63.01379,-17.7245]]},"properties":{"description":"MANZANOS","styleUrl":"#line12","stroke-opacity":1,"stroke":"#0000FF","stroke-width":1,"name":"FONDO"}},
{"type":"Feature","geometry":{"type":"LineString","coordinates":[[-63.0144,-17.72351],[-63.01451,-17.72333]]},"properties":{"description":"MANZANOS","styleUrl":"#line12","stroke-opacity":1,"stroke":"#0000FF","stroke-width":1,"name":"FONDO"}},
{"type":"Feature","geometry":{"type":"LineString","coordinates":[[-63.01317,-17.72532],[-63.01317,-17.72531],[-63.01318,-17.72531],[-63.01318,-17.7253],[-63.01319,-17.7253],[-63.0132,-17.7253],[-63.0132,-17.72529],[-63.01321,-17.72529],[-63.01322,-17.72529],[-63.01323,-17.72529],[-63.01324,-17.72529],[-63.01325,-17.72529],[-63.01326,-17.72529]]},"properties":{"description":"MANZANOS","styleUrl":"#line12","stroke-opacity":1,"stroke":"#0000FF","stroke-width":1,"name":"FONDO"}},
{"type":"Feature","geometry":{"type":"LineString","coordinates":[[-63.01336,-17.72509],[-63.01365,-17.72474]]},"properties":{"description":"MANZANOS","styleUrl":"#line12","stroke-opacity":1,"stroke":"#0000FF","stroke-width":1,"name":"FONDO"}},
{"type":"Feature","geometry":{"type":"LineString","coordinates":[[-63.01527,-17.72145],[-63.01541,-17.72125]]},"properties":{"description":"MANZANOS","styleUrl":"#line12","stroke-opacity":1,"stroke":"#0000FF","stroke-width":1,"name":"FONDO"}},
{"type":"Feature","geometry":{"type":"LineString","coordinates":[[-63.01496,-17.72198],[-63.01485,-17.72228]]},"properties":{"description":"MANZANOS","styleUrl":"#line12","stroke-opacity":1,"stroke":"#0000FF","stroke-width":1,"name":"FONDO"}},
{"type":"Feature","geometry":{"type":"LineString","coordinates":[[-63.0149,-17.72238],[-63.01489,-17.72238],[-63.01489,-17.72237],[-63.01488,-17.72237],[-63.01488,-17.72236],[-63.01487,-17.72236],[-63.01487,-17.72235],[-63.01486,-17.72235],[-63.01486,-17.72234],[-63.01486,-17.72233],[-63.01485,-17.72233],[-63.01485,-17.72232],[-63.01485,-17.72231],[-63.01485,-17.7223],[-63.01485,-17.72229],[-63.01485,-17.72228]]},"properties":{"description":"MANZANOS","styleUrl":"#line12","stroke-opacity":1,"stroke":"#0000FF","stroke-width":1,"name":"FONDO"}},
{"type":"Feature","geometry":{"type":"LineString","coordinates":[[-63.01477,-17.72255],[-63.01464,-17.72291]]},"properties":{"description":"MANZANOS","styleUrl":"#line12","stroke-opacity":1,"stroke":"#0000FF","stroke-width":1,"name":"FONDO"}},
{"type":"Feature","geometry":{"type":"LineString","coordinates":[[-63.01469,-17.72301],[-63.01468,-17.72301],[-63.01468,-17.723],[-63.01467,-17.723],[-63.01467,-17.72299],[-63.01466,-17.72299],[-63.01466,-17.72298],[-63.01465,-17.72298],[-63.01465,-17.72297],[-63.01465,-17.72296],[-63.01464,-17.72296],[-63.01464,-17.72295],[-63.01464,-17.72294],[-63.01464,-17.72293],[-63.01464,-17.72292],[-63.01464,-17.72291]]},"properties":{"description":"MANZANOS","styleUrl":"#line12","stroke-opacity":1,"stroke":"#0000FF","stroke-width":1,"name":"FONDO"}},
{"type":"Feature","geometry":{"type":"LineString","coordinates":[[-63.01456,-17.72318],[-63.01451,-17.72333]]},"properties":{"description":"MANZANOS","styleUrl":"#line12","stroke-opacity":1,"stroke":"#0000FF","stroke-width":1,"name":"FONDO"}},
{"type":"Feature","geometry":{"type":"LineString","coordinates":[[-63.01599,-17.72693],[-63.01538,-17.72671]]},"properties":{"description":"MANZANOS","styleUrl":"#line12","stroke-opacity":1,"stroke":"#0000FF","stroke-width":1,"name":"FONDO"}},
{"type":"Feature","geometry":{"type":"LineString","coordinates":[[-63.01553,-17.72715],[-63.0151,-17.727]]},"properties":{"description":"MANZANOS","styleUrl":"#line12","stroke-opacity":1,"stroke":"#0000FF","stroke-width":1,"name":"FONDO"}},
{"type":"Feature","geometry":{"type":"LineString","coordinates":[[-63.01553,-17.72715],[-63.01554,-17.72715],[-63.01554,-17.72716],[-63.01555,-17.72716],[-63.01556,-17.72716],[-63.01556,-17.72717],[-63.01557,-17.72717],[-63.01558,-17.72718],[-63.01559,-17.72718],[-63.01559,-17.72719],[-63.0156,-17.7272],[-63.0156,-17.72721],[-63.01561,-17.72721],[-63.01561,-17.72722],[-63.01561,-17.72723],[-63.01562,-17.72723],[-63.01562,-17.72724],[-63.01562,-17.72725],[-63.01562,-17.72726],[-63.01562,-17.72727],[-63.01562,-17.72728],[-63.01562,-17.72729],[-63.01562,-17.7273],[-63.01562,-17.72731],[-63.01562,-17.72732],[-63.01562,-17.72733],[-63.01561,-17.72733],[-63.01561,-17.72734],[-63.01561,-17.72735],[-63.0156,-17.72735],[-63.0156,-17.72736]]},"properties":{"description":"MANZANOS","styleUrl":"#line12","stroke-opacity":1,"stroke":"#0000FF","stroke-width":1,"name":"FONDO"}},
{"type":"Feature","geometry":{"type":"LineString","coordinates":[[-63.01531,-17.72652],[-63.01555,-17.72615]]},"properties":{"description":"MANZANOS","styleUrl":"#line12","stroke-opacity":1,"stroke":"#0000FF","stroke-width":1,"name":"FONDO"}},
{"type":"Feature","geometry":{"type":"LineString","coordinates":[[-63.01538,-17.72671],[-63.01537,-17.72671],[-63.01536,-17.7267],[-63.01535,-17.7267],[-63.01535,-17.72669],[-63.01534,-17.72669],[-63.01533,-17.72668],[-63.01533,-17.72667],[-63.01532,-17.72667],[-63.01532,-17.72666],[-63.01531,-17.72666],[-63.01531,-17.72665],[-63.0153,-17.72664],[-63.0153,-17.72663],[-63.0153,-17.72662],[-63.01529,-17.72662],[-63.01529,-17.72661],[-63.01529,-17.7266],[-63.01529,-17.72659],[-63.01529,-17.72658],[-63.01529,-17.72657],[-63.01529,-17.72656],[-63.0153,-17.72656],[-63.0153,-17.72655],[-63.0153,-17.72654],[-63.0153,-17.72653],[-63.01531,-17.72653],[-63.01531,-17.72652]]},"properties":{"description":"MANZANOS","styleUrl":"#line12","stroke-opacity":1,"stroke":"#0000FF","stroke-width":1,"name":"FONDO"}},
{"type":"Feature","geometry":{"type":"LineString","coordinates":[[-63.01538,-17.72613],[-63.01514,-17.72651]]},"properties":{"description":"MANZANOS","styleUrl":"#line12","stroke-opacity":1,"stroke":"#0000FF","stroke-width":1,"name":"FONDO"}},
{"type":"Feature","geometry":{"type":"LineString","coordinates":[[-63.01297,-17.72556],[-63.01317,-17.72532]]},"properties":{"description":"MANZANOS","styleUrl":"#line12","stroke-opacity":1,"stroke":"#0000FF","stroke-width":1,"name":"FONDO"}},
{"type":"Feature","geometry":{"type":"LineString","coordinates":[[-63.01304,-17.72581],[-63.01303,-17.72581],[-63.01302,-17.72581],[-63.01302,-17.7258],[-63.01301,-17.7258],[-63.013,-17.72579],[-63.01299,-17.72579],[-63.01299,-17.72578],[-63.01298,-17.72578],[-63.01298,-17.72577],[-63.01297,-17.72577],[-63.01297,-17.72576],[-63.01296,-17.72576],[-63.01296,-17.72575],[-63.01296,-17.72574],[-63.01295,-17.72574],[-63.01295,-17.72573],[-63.01295,-17.72572],[-63.01294,-17.72572],[-63.01294,-17.72571],[-63.01294,-17.7257],[-63.01294,-17.72569],[-63.01293,-17.72569],[-63.01293,-17.72568],[-63.01293,-17.72567],[-63.01293,-17.72566],[-63.01293,-17.72565],[-63.01293,-17.72564],[-63.01293,-17.72563],[-63.01294,-17.72563],[-63.01294,-17.72562],[-63.01294,-17.72561],[-63.01294,-17.7256],[-63.01295,-17.7256],[-63.01295,-17.72559],[-63.01295,-17.72558],[-63.01296,-17.72558],[-63.01296,-17.72557],[-63.01297,-17.72556]]},"properties":{"description":"MANZANOS","styleUrl":"#line12","stroke-opacity":1,"stroke":"#0000FF","stroke-width":1,"name":"FONDO"}},
{"type":"Feature","geometry":{"type":"LineString","coordinates":[[-63.01633,-17.72004],[-63.01651,-17.71979]]},"properties":{"description":"MANZANOS","styleUrl":"#line12","stroke-opacity":1,"stroke":"#0000FF","stroke-width":1,"name":"FONDO"}},
{"type":"Feature","geometry":{"type":"LineString","coordinates":[[-63.02098,-17.72185],[-63.02121,-17.72159]]},"properties":{"description":"MANZANOS","styleUrl":"#line12","stroke-opacity":1,"stroke":"#0000FF","stroke-width":1,"name":"FONDO"}},
{"type":"Feature","geometry":{"type":"LineString","coordinates":[[-63.02098,-17.72185],[-63.02097,-17.72185],[-63.02097,-17.72186],[-63.02096,-17.72186],[-63.02096,-17.72187],[-63.02095,-17.72187],[-63.02094,-17.72187],[-63.02093,-17.72187],[-63.02092,-17.72187],[-63.02091,-17.72187],[-63.0209,-17.72187]]},"properties":{"description":"MANZANOS","styleUrl":"#line12","stroke-opacity":1,"stroke":"#0000FF","stroke-width":1,"name":"FONDO"}},
{"type":"Feature","geometry":{"type":"LineString","coordinates":[[-63.02119,-17.72149],[-63.0212,-17.72149],[-63.0212,-17.7215],[-63.02121,-17.7215],[-63.02121,-17.72151],[-63.02122,-17.72151],[-63.02122,-17.72152],[-63.02122,-17.72153],[-63.02123,-17.72153],[-63.02123,-17.72154],[-63.02123,-17.72155],[-63.02123,-17.72156],[-63.02123,-17.72157],[-63.02122,-17.72157],[-63.02122,-17.72158],[-63.02122,-17.72159],[-63.02121,-17.72159]]},"properties":{"description":"MANZANOS","styleUrl":"#line12","stroke-opacity":1,"stroke":"#0000FF","stroke-width":1,"name":"FONDO"}},
{"type":"Feature","geometry":{"type":"LineString","coordinates":[[-63.01669,-17.71956],[-63.01687,-17.71932]]},"properties":{"description":"MANZANOS","styleUrl":"#line12","stroke-opacity":1,"stroke":"#0000FF","stroke-width":1,"name":"FONDO"}},
{"type":"Feature","geometry":{"type":"LineString","coordinates":[[-63.02139,-17.7214],[-63.02163,-17.72114]]},"properties":{"description":"MANZANOS","styleUrl":"#line12","stroke-opacity":1,"stroke":"#0000FF","stroke-width":1,"name":"FONDO"}},
{"type":"Feature","geometry":{"type":"LineString","coordinates":[[-63.01581,-17.72909],[-63.0155,-17.72892]]},"properties":{"description":"MANZANOS","styleUrl":"#line12","stroke-opacity":1,"stroke":"#0000FF","stroke-width":1,"name":"FONDO"}},
{"type":"Feature","geometry":{"type":"LineString","coordinates":[[-63.01581,-17.72909],[-63.01582,-17.72909],[-63.01582,-17.7291],[-63.01583,-17.7291],[-63.01583,-17.72911],[-63.01584,-17.72911],[-63.01584,-17.72912],[-63.01584,-17.72913],[-63.01584,-17.72914],[-63.01584,-17.72915],[-63.01584,-17.72916],[-63.01584,-17.72917],[-63.01583,-17.72917],[-63.01583,-17.72918]]},"properties":{"description":"MANZANOS","styleUrl":"#line12","stroke-opacity":1,"stroke":"#0000FF","stroke-width":1,"name":"FONDO"}},
{"type":"Feature","geometry":{"type":"LineString","coordinates":[[-63.01541,-17.72893],[-63.01542,-17.72893],[-63.01542,-17.72892],[-63.01543,-17.72892],[-63.01543,-17.72891],[-63.01544,-17.72891],[-63.01545,-17.72891],[-63.01546,-17.72891],[-63.01547,-17.72891],[-63.01548,-17.72891],[-63.01549,-17.72891],[-63.01549,-17.72892],[-63.0155,-17.72892]]},"properties":{"description":"MANZANOS","styleUrl":"#line12","stroke-opacity":1,"stroke":"#0000FF","stroke-width":1,"name":"FONDO"}},
{"type":"Feature","geometry":{"type":"LineString","coordinates":[[-63.01527,-17.7288],[-63.01489,-17.72859]]},"properties":{"description":"MANZANOS","styleUrl":"#line12","stroke-opacity":1,"stroke":"#0000FF","stroke-width":1,"name":"FONDO"}},
{"type":"Feature","geometry":{"type":"LineString","coordinates":[[-63.01481,-17.72861],[-63.01481,-17.7286],[-63.01482,-17.7286],[-63.01482,-17.72859],[-63.01483,-17.72859],[-63.01484,-17.72859],[-63.01484,-17.72858],[-63.01485,-17.72858],[-63.01486,-17.72858],[-63.01487,-17.72858],[-63.01488,-17.72858],[-63.01488,-17.72859],[-63.01489,-17.72859]]},"properties":{"description":"MANZANOS","styleUrl":"#line12","stroke-opacity":1,"stroke":"#0000FF","stroke-width":1,"name":"FONDO"}},
{"type":"Feature","geometry":{"type":"LineString","coordinates":[[-63.01527,-17.7288],[-63.01528,-17.7288],[-63.01529,-17.7288],[-63.01529,-17.72881],[-63.0153,-17.72882],[-63.0153,-17.72883],[-63.0153,-17.72884],[-63.01531,-17.72884],[-63.01531,-17.72885],[-63.01531,-17.72886],[-63.0153,-17.72886],[-63.0153,-17.72887],[-63.0153,-17.72888],[-63.01529,-17.72889]]},"properties":{"description":"MANZANOS","styleUrl":"#line12","stroke-opacity":1,"stroke":"#0000FF","stroke-width":1,"name":"FONDO"}},
{"type":"Feature","geometry":{"type":"LineString","coordinates":[[-63.01467,-17.72847],[-63.01416,-17.72819]]},"properties":{"description":"MANZANOS","styleUrl":"#line12","stroke-opacity":1,"stroke":"#0000FF","stroke-width":1,"name":"FONDO"}},
{"type":"Feature","geometry":{"type":"LineString","coordinates":[[-63.01467,-17.72847],[-63.01468,-17.72847],[-63.01468,-17.72848],[-63.01469,-17.72848],[-63.01469,-17.72849],[-63.0147,-17.72849],[-63.0147,-17.7285],[-63.0147,-17.72851],[-63.0147,-17.72852],[-63.0147,-17.72853],[-63.0147,-17.72854],[-63.0147,-17.72855],[-63.01469,-17.72855],[-63.01469,-17.72856]]},"properties":{"description":"MANZANOS","styleUrl":"#line12","stroke-opacity":1,"stroke":"#0000FF","stroke-width":1,"name":"FONDO"}},
{"type":"Feature","geometry":{"type":"LineString","coordinates":[[-63.01404,-17.72821],[-63.01405,-17.72821],[-63.01405,-17.7282],[-63.01406,-17.7282],[-63.01406,-17.72819],[-63.01407,-17.72819],[-63.01408,-17.72819],[-63.01408,-17.72818],[-63.01409,-17.72818],[-63.0141,-17.72818],[-63.01411,-17.72818],[-63.01412,-17.72818],[-63.01413,-17.72818],[-63.01414,-17.72818],[-63.01415,-17.72818],[-63.01415,-17.72819],[-63.01416,-17.72819]]},"properties":{"description":"MANZANOS","styleUrl":"#line12","stroke-opacity":1,"stroke":"#0000FF","stroke-width":1,"name":"FONDO"}},
{"type":"Feature","geometry":{"type":"LineString","coordinates":[[-63.01589,-17.729],[-63.01558,-17.72883]]},"properties":{"description":"MANZANOS","styleUrl":"#line12","stroke-opacity":1,"stroke":"#0000FF","stroke-width":1,"name":"FONDO"}},
{"type":"Feature","geometry":{"type":"LineString","coordinates":[[-63.01536,-17.72871],[-63.01498,-17.7285]]},"properties":{"description":"MANZANOS","styleUrl":"#line12","stroke-opacity":1,"stroke":"#0000FF","stroke-width":1,"name":"FONDO"}},
{"type":"Feature","geometry":{"type":"LineString","coordinates":[[-63.01544,-17.72869],[-63.01544,-17.7287],[-63.01543,-17.7287],[-63.01542,-17.7287],[-63.01542,-17.72871],[-63.01541,-17.72871],[-63.0154,-17.72871],[-63.01539,-17.72871],[-63.01538,-17.72871],[-63.01537,-17.72871],[-63.01536,-17.72871]]},"properties":{"description":"MANZANOS","styleUrl":"#line12","stroke-opacity":1,"stroke":"#0000FF","stroke-width":1,"name":"FONDO"}},
{"type":"Feature","geometry":{"type":"LineString","coordinates":[[-63.01475,-17.72838],[-63.01425,-17.7281]]},"properties":{"description":"MANZANOS","styleUrl":"#line12","stroke-opacity":1,"stroke":"#0000FF","stroke-width":1,"name":"FONDO"}},
{"type":"Feature","geometry":{"type":"LineString","coordinates":[[-63.01773,-17.72666],[-63.01798,-17.72625]]},"properties":{"description":"MANZANOS","styleUrl":"#line12","stroke-opacity":1,"stroke":"#0000FF","stroke-width":1,"name":"FONDO"}},
{"type":"Feature","geometry":{"type":"LineString","coordinates":[[-63.01811,-17.72604],[-63.01842,-17.72553]]},"properties":{"description":"MANZANOS","styleUrl":"#line12","stroke-opacity":1,"stroke":"#0000FF","stroke-width":1,"name":"FONDO"}},
{"type":"Feature","geometry":{"type":"LineString","coordinates":[[-63.01811,-17.72604],[-63.01811,-17.72605],[-63.0181,-17.72605],[-63.0181,-17.72606],[-63.01809,-17.72606],[-63.01808,-17.72606],[-63.01808,-17.72607],[-63.01807,-17.72607],[-63.01806,-17.72607],[-63.01805,-17.72607],[-63.01804,-17.72607],[-63.01803,-17.72607]]},"properties":{"description":"MANZANOS","styleUrl":"#line12","stroke-opacity":1,"stroke":"#0000FF","stroke-width":1,"name":"FONDO"}},
{"type":"Feature","geometry":{"type":"LineString","coordinates":[[-63.01855,-17.72532],[-63.01878,-17.72496]]},"properties":{"description":"MANZANOS","styleUrl":"#line12","stroke-opacity":1,"stroke":"#0000FF","stroke-width":1,"name":"FONDO"}},
{"type":"Feature","geometry":{"type":"LineString","coordinates":[[-63.01875,-17.72487],[-63.01876,-17.72487],[-63.01876,-17.72488],[-63.01877,-17.72488],[-63.01877,-17.72489],[-63.01878,-17.72489],[-63.01878,-17.7249],[-63.01878,-17.72491],[-63.01878,-17.72492],[-63.01879,-17.72492],[-63.01879,-17.72493],[-63.01878,-17.72493],[-63.01878,-17.72494],[-63.01878,-17.72495],[-63.01878,-17.72496]]},"properties":{"description":"MANZANOS","styleUrl":"#line12","stroke-opacity":1,"stroke":"#0000FF","stroke-width":1,"name":"FONDO"}},
{"type":"Feature","geometry":{"type":"LineString","coordinates":[[-63.01855,-17.72532],[-63.01855,-17.72533],[-63.01854,-17.72533],[-63.01854,-17.72534],[-63.01853,-17.72534],[-63.01853,-17.72535],[-63.01852,-17.72535],[-63.01851,-17.72535],[-63.0185,-17.72535],[-63.01849,-17.72535],[-63.01848,-17.72535],[-63.01847,-17.72535]]},"properties":{"description":"MANZANOS","styleUrl":"#line12","stroke-opacity":1,"stroke":"#0000FF","stroke-width":1,"name":"FONDO"}},
{"type":"Feature","geometry":{"type":"LineString","coordinates":[[-63.0189,-17.72474],[-63.0191,-17.72437]]},"properties":{"description":"MANZANOS","styleUrl":"#line12","stroke-opacity":1,"stroke":"#0000FF","stroke-width":1,"name":"FONDO"}},
{"type":"Feature","geometry":{"type":"LineString","coordinates":[[-63.0189,-17.72474],[-63.01889,-17.72475],[-63.01889,-17.72476],[-63.01888,-17.72476],[-63.01887,-17.72476],[-63.01887,-17.72477],[-63.01886,-17.72477],[-63.01885,-17.72477],[-63.01884,-17.72477],[-63.01883,-17.72477],[-63.01882,-17.72477],[-63.01881,-17.72477]]},"properties":{"description":"MANZANOS","styleUrl":"#line12","stroke-opacity":1,"stroke":"#0000FF","stroke-width":1,"name":"FONDO"}},
{"type":"Feature","geometry":{"type":"LineString","coordinates":[[-63.01921,-17.72415],[-63.01941,-17.72377]]},"properties":{"description":"MANZANOS","styleUrl":"#line12","stroke-opacity":1,"stroke":"#0000FF","stroke-width":1,"name":"FONDO"}},
{"type":"Feature","geometry":{"type":"LineString","coordinates":[[-63.01921,-17.72415],[-63.01921,-17.72416],[-63.0192,-17.72416],[-63.0192,-17.72417],[-63.01919,-17.72417],[-63.01919,-17.72418],[-63.01918,-17.72418],[-63.01917,-17.72418],[-63.01917,-17.72419],[-63.01916,-17.72419],[-63.01915,-17.72419],[-63.01914,-17.72419],[-63.01914,-17.72418],[-63.01913,-17.72418]]},"properties":{"description":"MANZANOS","styleUrl":"#line12","stroke-opacity":1,"stroke":"#0000FF","stroke-width":1,"name":"FONDO"}},
{"type":"Feature","geometry":{"type":"LineString","coordinates":[[-63.01599,-17.72693],[-63.0171,-17.72729]]},"properties":{"description":"MANZANOS","styleUrl":"#line12","stroke-opacity":1,"stroke":"#0000FF","stroke-width":1,"name":"FONDO"}},
{"type":"Feature","geometry":{"type":"LineString","coordinates":[[-63.01593,-17.72729],[-63.01621,-17.72738]]},"properties":{"description":"MANZANOS","styleUrl":"#line12","stroke-opacity":1,"stroke":"#0000FF","stroke-width":1,"name":"FONDO"}},
{"type":"Feature","geometry":{"type":"LineString","coordinates":[[-63.01577,-17.72734],[-63.01577,-17.72733],[-63.01577,-17.72732],[-63.01578,-17.72732],[-63.01579,-17.72731],[-63.0158,-17.72731],[-63.0158,-17.7273],[-63.01581,-17.7273],[-63.01582,-17.72729],[-63.01583,-17.72729],[-63.01584,-17.72729],[-63.01584,-17.72728],[-63.01585,-17.72728],[-63.01586,-17.72728],[-63.01587,-17.72728],[-63.01588,-17.72728],[-63.01589,-17.72728],[-63.0159,-17.72728],[-63.01591,-17.72728],[-63.01592,-17.72728],[-63.01592,-17.72729],[-63.01593,-17.72729]]},"properties":{"description":"MANZANOS","styleUrl":"#line12","stroke-opacity":1,"stroke":"#0000FF","stroke-width":1,"name":"FONDO"}},
{"type":"Feature","geometry":{"type":"LineString","coordinates":[[-63.01621,-17.72738],[-63.01622,-17.72738],[-63.01622,-17.72739],[-63.01623,-17.72739],[-63.01624,-17.72739],[-63.01624,-17.7274],[-63.01625,-17.7274],[-63.01625,-17.72741],[-63.01626,-17.72741],[-63.01626,-17.72742],[-63.01627,-17.72742],[-63.01627,-17.72743],[-63.01628,-17.72743],[-63.01628,-17.72744],[-63.01629,-17.72744],[-63.01629,-17.72745],[-63.01629,-17.72746],[-63.01629,-17.72747],[-63.0163,-17.72747],[-63.0163,-17.72748],[-63.0163,-17.72749],[-63.0163,-17.7275],[-63.0163,-17.72751],[-63.0163,-17.72752],[-63.0163,-17.72753],[-63.0163,-17.72754],[-63.0163,-17.72755],[-63.01629,-17.72755],[-63.01629,-17.72756],[-63.01629,-17.72757],[-63.01628,-17.72757],[-63.01628,-17.72758],[-63.01628,-17.72759],[-63.01627,-17.72759]]},"properties":{"description":"MANZANOS","styleUrl":"#line12","stroke-opacity":1,"stroke":"#0000FF","stroke-width":1,"name":"FONDO"}},
{"type":"Feature","geometry":{"type":"LineString","coordinates":[[-63.01661,-17.72751],[-63.01681,-17.72758]]},"properties":{"description":"MANZANOS","styleUrl":"#line12","stroke-opacity":1,"stroke":"#0000FF","stroke-width":1,"name":"FONDO"}},
{"type":"Feature","geometry":{"type":"LineString","coordinates":[[-63.01681,-17.72758],[-63.01682,-17.72758],[-63.01683,-17.72758],[-63.01683,-17.72759],[-63.01684,-17.72759],[-63.01685,-17.72759],[-63.01685,-17.7276],[-63.01686,-17.7276],[-63.01686,-17.72761],[-63.01687,-17.72761],[-63.01687,-17.72762],[-63.01688,-17.72762],[-63.01688,-17.72763],[-63.01689,-17.72763],[-63.01689,-17.72764],[-63.01689,-17.72765],[-63.0169,-17.72765],[-63.0169,-17.72766],[-63.0169,-17.72767],[-63.0169,-17.72768],[-63.01691,-17.72768],[-63.01691,-17.72769],[-63.01691,-17.7277],[-63.01691,-17.72771],[-63.01691,-17.72772],[-63.01691,-17.72773],[-63.0169,-17.72773],[-63.0169,-17.72774],[-63.0169,-17.72775],[-63.0169,-17.72776],[-63.01689,-17.72776],[-63.01689,-17.72777],[-63.01689,-17.72778],[-63.01688,-17.72778],[-63.01688,-17.72779]]},"properties":{"description":"MANZANOS","styleUrl":"#line12","stroke-opacity":1,"stroke":"#0000FF","stroke-width":1,"name":"FONDO"}},
{"type":"Feature","geometry":{"type":"LineString","coordinates":[[-63.01436,-17.73133],[-63.01421,-17.73152]]},"properties":{"description":"MANZANOS","styleUrl":"#line12","stroke-opacity":1,"stroke":"#0000FF","stroke-width":1,"name":"FONDO"}},
{"type":"Feature","geometry":{"type":"LineString","coordinates":[[-63.01415,-17.73161],[-63.0141,-17.73168]]},"properties":{"description":"MANZANOS","styleUrl":"#line12","stroke-opacity":1,"stroke":"#0000FF","stroke-width":1,"name":"FONDO"}},
{"type":"Feature","geometry":{"type":"LineString","coordinates":[[-63.01436,-17.73133],[-63.01436,-17.73132],[-63.01437,-17.73132],[-63.01437,-17.73131],[-63.01438,-17.73131],[-63.01439,-17.73131],[-63.01439,-17.7313],[-63.0144,-17.7313]]},"properties":{"description":"MANZANOS","styleUrl":"#line12","stroke-opacity":1,"stroke":"#0000FF","stroke-width":1,"name":"FONDO"}},
{"type":"Feature","geometry":{"type":"LineString","coordinates":[[-63.01484,-17.73168],[-63.01486,-17.73165]]},"properties":{"description":"MANZANOS","styleUrl":"#line12","stroke-opacity":1,"stroke":"#0000FF","stroke-width":1,"name":"FONDO"}},
{"type":"Feature","geometry":{"type":"LineString","coordinates":[[-63.01565,-17.72612],[-63.01755,-17.72677]]},"properties":{"description":"MANZANOS","styleUrl":"#line12","stroke-opacity":1,"stroke":"#0000FF","stroke-width":1,"name":"FONDO"}},
{"type":"Feature","geometry":{"type":"LineString","coordinates":[[-63.01755,-17.72677],[-63.01756,-17.72677],[-63.01756,-17.72678],[-63.01757,-17.72678],[-63.01757,-17.72679],[-63.01758,-17.72679],[-63.01758,-17.7268],[-63.01759,-17.7268],[-63.01759,-17.72681],[-63.0176,-17.72681],[-63.0176,-17.72682],[-63.0176,-17.72683],[-63.0176,-17.72684],[-63.0176,-17.72685],[-63.01759,-17.72685],[-63.01759,-17.72686],[-63.01759,-17.72687]]},"properties":{"description":"MANZANOS","styleUrl":"#line12","stroke-opacity":1,"stroke":"#0000FF","stroke-width":1,"name":"FONDO"}},
{"type":"Feature","geometry":{"type":"LineString","coordinates":[[-63.01759,-17.72687],[-63.01728,-17.7273]]},"properties":{"description":"MANZANOS","styleUrl":"#line12","stroke-opacity":1,"stroke":"#0000FF","stroke-width":1,"name":"FONDO"}},
{"type":"Feature","geometry":{"type":"LineString","coordinates":[[-63.01728,-17.7273],[-63.01728,-17.72731],[-63.01727,-17.72731],[-63.01727,-17.72732],[-63.01726,-17.72732],[-63.01725,-17.72732],[-63.01725,-17.72733],[-63.01724,-17.72733],[-63.01723,-17.72733],[-63.01722,-17.72733],[-63.01721,-17.72733],[-63.0172,-17.72733],[-63.01719,-17.72733],[-63.01718,-17.72733]]},"properties":{"description":"MANZANOS","styleUrl":"#line12","stroke-opacity":1,"stroke":"#0000FF","stroke-width":1,"name":"FONDO"}},
{"type":"Feature","geometry":{"type":"LineString","coordinates":[[-63.01718,-17.72733],[-63.0171,-17.72729]]},"properties":{"description":"MANZANOS","styleUrl":"#line12","stroke-opacity":1,"stroke":"#0000FF","stroke-width":1,"name":"FONDO"}},
{"type":"Feature","geometry":{"type":"LineString","coordinates":[[-63.01491,-17.7304],[-63.01583,-17.72918]]},"properties":{"description":"MANZANOS","styleUrl":"#line12","stroke-opacity":1,"stroke":"#0000FF","stroke-width":1,"name":"FONDO"}},
{"type":"Feature","geometry":{"type":"LineString","coordinates":[[-63.01491,-17.7304],[-63.0149,-17.7304],[-63.0149,-17.73041],[-63.01489,-17.73041],[-63.01489,-17.73042],[-63.01488,-17.73042],[-63.01487,-17.73042]]},"properties":{"description":"MANZANOS","styleUrl":"#line12","stroke-opacity":1,"stroke":"#0000FF","stroke-width":1,"name":"FONDO"}},
{"type":"Feature","geometry":{"type":"LineString","coordinates":[[-63.0138,-17.72975],[-63.01469,-17.72856]]},"properties":{"description":"MANZANOS","styleUrl":"#line12","stroke-opacity":1,"stroke":"#0000FF","stroke-width":1,"name":"FONDO"}},
{"type":"Feature","geometry":{"type":"LineString","coordinates":[[-63.0138,-17.72975],[-63.01379,-17.72975],[-63.01379,-17.72976],[-63.01378,-17.72976],[-63.01377,-17.72976],[-63.01377,-17.72977],[-63.01376,-17.72977],[-63.01375,-17.72977],[-63.01374,-17.72977],[-63.01373,-17.72977],[-63.01372,-17.72977]]},"properties":{"description":"MANZANOS","styleUrl":"#line12","stroke-opacity":1,"stroke":"#0000FF","stroke-width":1,"name":"FONDO"}},
{"type":"Feature","geometry":{"type":"LineString","coordinates":[[-63.01484,-17.72836],[-63.0156,-17.72736]]},"properties":{"description":"MANZANOS","styleUrl":"#line12","stroke-opacity":1,"stroke":"#0000FF","stroke-width":1,"name":"FONDO"}},
{"type":"Feature","geometry":{"type":"LineString","coordinates":[[-63.01484,-17.72836],[-63.01484,-17.72837],[-63.01483,-17.72837],[-63.01483,-17.72838],[-63.01482,-17.72838],[-63.01481,-17.72838],[-63.01481,-17.72839],[-63.0148,-17.72839],[-63.01479,-17.72839],[-63.01478,-17.72839],[-63.01477,-17.72839],[-63.01477,-17.72838],[-63.01476,-17.72838],[-63.01475,-17.72838]]},"properties":{"description":"MANZANOS","styleUrl":"#line12","stroke-opacity":1,"stroke":"#0000FF","stroke-width":1,"name":"FONDO"}},
{"type":"Feature","geometry":{"type":"LineString","coordinates":[[-63.01394,-17.72975],[-63.01481,-17.72861]]},"properties":{"description":"MANZANOS","styleUrl":"#line12","stroke-opacity":1,"stroke":"#0000FF","stroke-width":1,"name":"FONDO"}},
{"type":"Feature","geometry":{"type":"LineString","coordinates":[[-63.01398,-17.72985],[-63.01397,-17.72985],[-63.01397,-17.72984],[-63.01396,-17.72984],[-63.01395,-17.72984],[-63.01395,-17.72983],[-63.01394,-17.72983],[-63.01394,-17.72982],[-63.01394,-17.72981],[-63.01393,-17.72981],[-63.01393,-17.7298],[-63.01393,-17.72979],[-63.01393,-17.72978],[-63.01393,-17.72977],[-63.01394,-17.72977],[-63.01394,-17.72976],[-63.01394,-17.72975]]},"properties":{"description":"MANZANOS","styleUrl":"#line12","stroke-opacity":1,"stroke":"#0000FF","stroke-width":1,"name":"FONDO"}},
{"type":"Feature","geometry":{"type":"LineString","coordinates":[[-63.01496,-17.72841],[-63.01577,-17.72734]]},"properties":{"description":"MANZANOS","styleUrl":"#line12","stroke-opacity":1,"stroke":"#0000FF","stroke-width":1,"name":"FONDO"}},
{"type":"Feature","geometry":{"type":"LineString","coordinates":[[-63.01498,-17.7285],[-63.01497,-17.7285],[-63.01497,-17.72849],[-63.01496,-17.72849],[-63.01496,-17.72848],[-63.01495,-17.72848],[-63.01495,-17.72847],[-63.01495,-17.72846],[-63.01494,-17.72846],[-63.01494,-17.72845],[-63.01494,-17.72844],[-63.01495,-17.72843],[-63.01495,-17.72842],[-63.01495,-17.72841],[-63.01496,-17.72841]]},"properties":{"description":"MANZANOS","styleUrl":"#line12","stroke-opacity":1,"stroke":"#0000FF","stroke-width":1,"name":"FONDO"}},
{"type":"Feature","geometry":{"type":"LineString","coordinates":[[-63.01448,-17.72996],[-63.01529,-17.72889]]},"properties":{"description":"MANZANOS","styleUrl":"#line12","stroke-opacity":1,"stroke":"#0000FF","stroke-width":1,"name":"FONDO"}},
{"type":"Feature","geometry":{"type":"LineString","coordinates":[[-63.01544,-17.72869],[-63.01627,-17.72759]]},"properties":{"description":"MANZANOS","styleUrl":"#line12","stroke-opacity":1,"stroke":"#0000FF","stroke-width":1,"name":"FONDO"}},
{"type":"Feature","geometry":{"type":"LineString","coordinates":[[-63.01451,-17.73012],[-63.01541,-17.72893]]},"properties":{"description":"MANZANOS","styleUrl":"#line12","stroke-opacity":1,"stroke":"#0000FF","stroke-width":1,"name":"FONDO"}},
{"type":"Feature","geometry":{"type":"LineString","coordinates":[[-63.01451,-17.73018],[-63.0145,-17.73018],[-63.0145,-17.73017],[-63.0145,-17.73016],[-63.0145,-17.73015],[-63.0145,-17.73014],[-63.01451,-17.73014],[-63.01451,-17.73013],[-63.01451,-17.73012]]},"properties":{"description":"MANZANOS","styleUrl":"#line12","stroke-opacity":1,"stroke":"#0000FF","stroke-width":1,"name":"FONDO"}},
{"type":"Feature","geometry":{"type":"LineString","coordinates":[[-63.01556,-17.72873],[-63.01645,-17.72756]]},"properties":{"description":"MANZANOS","styleUrl":"#line12","stroke-opacity":1,"stroke":"#0000FF","stroke-width":1,"name":"FONDO"}},
{"type":"Feature","geometry":{"type":"LineString","coordinates":[[-63.01558,-17.72883],[-63.01558,-17.72882],[-63.01557,-17.72882],[-63.01556,-17.72881],[-63.01556,-17.7288],[-63.01555,-17.7288],[-63.01555,-17.72879],[-63.01555,-17.72878],[-63.01555,-17.72877],[-63.01555,-17.72876],[-63.01555,-17.72875],[-63.01555,-17.72874],[-63.01556,-17.72874],[-63.01556,-17.72873]]},"properties":{"description":"MANZANOS","styleUrl":"#line12","stroke-opacity":1,"stroke":"#0000FF","stroke-width":1,"name":"FONDO"}},
{"type":"Feature","geometry":{"type":"LineString","coordinates":[[-63.01645,-17.72756],[-63.01645,-17.72755],[-63.01646,-17.72755],[-63.01646,-17.72754],[-63.01647,-17.72754],[-63.01647,-17.72753],[-63.01648,-17.72753],[-63.01648,-17.72752],[-63.01649,-17.72752],[-63.0165,-17.72752],[-63.0165,-17.72751],[-63.01651,-17.72751],[-63.01652,-17.72751],[-63.01653,-17.72751],[-63.01654,-17.72751],[-63.01654,-17.7275],[-63.01655,-17.7275],[-63.01656,-17.7275],[-63.01657,-17.7275],[-63.01658,-17.7275],[-63.01659,-17.72751],[-63.0166,-17.72751],[-63.01661,-17.72751]]},"properties":{"description":"MANZANOS","styleUrl":"#line12","stroke-opacity":1,"stroke":"#0000FF","stroke-width":1,"name":"FONDO"}},
{"type":"Feature","geometry":{"type":"LineString","coordinates":[[-63.01598,-17.72898],[-63.01688,-17.72779]]},"properties":{"description":"MANZANOS","styleUrl":"#line12","stroke-opacity":1,"stroke":"#0000FF","stroke-width":1,"name":"FONDO"}},
{"type":"Feature","geometry":{"type":"LineString","coordinates":[[-63.01598,-17.72898],[-63.01598,-17.72899],[-63.01597,-17.72899],[-63.01596,-17.72899],[-63.01596,-17.729],[-63.01595,-17.729],[-63.01594,-17.729],[-63.01593,-17.729],[-63.01593,-17.72901],[-63.01592,-17.72901],[-63.01592,-17.729],[-63.01591,-17.729],[-63.0159,-17.729],[-63.01589,-17.729]]},"properties":{"description":"MANZANOS","styleUrl":"#line12","stroke-opacity":1,"stroke":"#0000FF","stroke-width":1,"name":"FONDO"}},
{"type":"Feature","geometry":{"type":"LineString","coordinates":[[-63.01597,-17.72051],[-63.01616,-17.72027]]},"properties":{"description":"MANZANOS","styleUrl":"#line12","stroke-opacity":1,"stroke":"#0000FF","stroke-width":1,"name":"FONDO"}},
{"type":"Feature","geometry":{"type":"LineString","coordinates":[[-63.01705,-17.71908],[-63.01719,-17.71889]]},"properties":{"description":"MANZANOS","styleUrl":"#line12","stroke-opacity":1,"stroke":"#0000FF","stroke-width":1,"name":"FONDO"}},
{"type":"Feature","geometry":{"type":"LineString","coordinates":[[-63.01719,-17.71889],[-63.01719,-17.71888],[-63.0172,-17.71888],[-63.0172,-17.71887],[-63.01721,-17.71887],[-63.01721,-17.71886],[-63.01722,-17.71886],[-63.01722,-17.71885],[-63.01723,-17.71885],[-63.01724,-17.71885],[-63.01724,-17.71884],[-63.01725,-17.71884],[-63.01726,-17.71884],[-63.01726,-17.71883],[-63.01727,-17.71883],[-63.01728,-17.71883],[-63.01729,-17.71883],[-63.01729,-17.71882],[-63.0173,-17.71882],[-63.01731,-17.71882],[-63.01732,-17.71882],[-63.01733,-17.71882],[-63.01734,-17.71882],[-63.01735,-17.71882],[-63.01736,-17.71882],[-63.01736,-17.71883],[-63.01737,-17.71883],[-63.01738,-17.71883],[-63.01739,-17.71883]]},"properties":{"description":"MANZANOS","styleUrl":"#line12","stroke-opacity":1,"stroke":"#0000FF","stroke-width":1,"name":"FONDO"}},
{"type":"Feature","geometry":{"type":"LineString","coordinates":[[-63.01708,-17.7192],[-63.01707,-17.7192],[-63.01707,-17.71919],[-63.01706,-17.71919],[-63.01705,-17.71919],[-63.01705,-17.71918],[-63.01704,-17.71917],[-63.01704,-17.71916],[-63.01703,-17.71916],[-63.01703,-17.71915],[-63.01703,-17.71914],[-63.01703,-17.71913],[-63.01703,-17.71912],[-63.01703,-17.71911],[-63.01703,-17.7191],[-63.01704,-17.7191],[-63.01704,-17.71909],[-63.01704,-17.71908],[-63.01705,-17.71908]]},"properties":{"description":"MANZANOS","styleUrl":"#line12","stroke-opacity":1,"stroke":"#0000FF","stroke-width":1,"name":"FONDO"}},
{"type":"Feature","geometry":{"type":"LineString","coordinates":[[-63.01964,-17.71975],[-63.01948,-17.72]]},"properties":{"description":"MANZANOS","styleUrl":"#line12","stroke-opacity":1,"stroke":"#0000FF","stroke-width":1,"name":"FONDO"}},
{"type":"Feature","geometry":{"type":"LineString","coordinates":[[-63.01964,-17.71975],[-63.01965,-17.71975],[-63.01965,-17.71974],[-63.01966,-17.71974],[-63.01966,-17.71973],[-63.01967,-17.71973],[-63.01967,-17.71972],[-63.01968,-17.71972],[-63.01969,-17.71972],[-63.0197,-17.71972],[-63.01971,-17.71972],[-63.01972,-17.71972],[-63.01973,-17.71972],[-63.01974,-17.71972]]},"properties":{"description":"MANZANOS","styleUrl":"#line12","stroke-opacity":1,"stroke":"#0000FF","stroke-width":1,"name":"FONDO"}},
{"type":"Feature","geometry":{"type":"LineString","coordinates":[[-63.01952,-17.72012],[-63.01951,-17.72012],[-63.0195,-17.72012],[-63.0195,-17.72011],[-63.01949,-17.72011],[-63.01949,-17.7201],[-63.01948,-17.7201],[-63.01948,-17.72009],[-63.01948,-17.72008],[-63.01947,-17.72008],[-63.01947,-17.72007],[-63.01947,-17.72006],[-63.01947,-17.72005],[-63.01947,-17.72004],[-63.01947,-17.72003],[-63.01947,-17.72002],[-63.01947,-17.72001],[-63.01948,-17.72001],[-63.01948,-17.72]]},"properties":{"description":"MANZANOS","styleUrl":"#line12","stroke-opacity":1,"stroke":"#0000FF","stroke-width":1,"name":"FONDO"}},
{"type":"Feature","geometry":{"type":"LineString","coordinates":[[-63.01901,-17.72074],[-63.01885,-17.72099]]},"properties":{"description":"MANZANOS","styleUrl":"#line12","stroke-opacity":1,"stroke":"#0000FF","stroke-width":1,"name":"FONDO"}},
{"type":"Feature","geometry":{"type":"LineString","coordinates":[[-63.01889,-17.72111],[-63.01888,-17.72111],[-63.01888,-17.7211],[-63.01887,-17.7211],[-63.01886,-17.7211],[-63.01886,-17.72109],[-63.01885,-17.72109],[-63.01885,-17.72108],[-63.01885,-17.72107],[-63.01884,-17.72107],[-63.01884,-17.72106],[-63.01884,-17.72105],[-63.01884,-17.72104],[-63.01883,-17.72104],[-63.01883,-17.72103],[-63.01884,-17.72103],[-63.01884,-17.72102],[-63.01884,-17.72101],[-63.01884,-17.721],[-63.01884,-17.72099],[-63.01885,-17.72099]]},"properties":{"description":"MANZANOS","styleUrl":"#line12","stroke-opacity":1,"stroke":"#0000FF","stroke-width":1,"name":"FONDO"}},
{"type":"Feature","geometry":{"type":"LineString","coordinates":[[-63.01869,-17.72123],[-63.01853,-17.72148]]},"properties":{"description":"MANZANOS","styleUrl":"#line12","stroke-opacity":1,"stroke":"#0000FF","stroke-width":1,"name":"FONDO"}},
{"type":"Feature","geometry":{"type":"LineString","coordinates":[[-63.01857,-17.7216],[-63.01856,-17.7216],[-63.01856,-17.72159],[-63.01855,-17.72159],[-63.01855,-17.72158],[-63.01854,-17.72158],[-63.01854,-17.72157],[-63.01853,-17.72157],[-63.01853,-17.72156],[-63.01852,-17.72155],[-63.01852,-17.72154],[-63.01852,-17.72153],[-63.01852,-17.72152],[-63.01852,-17.72151],[-63.01852,-17.7215],[-63.01853,-17.7215],[-63.01853,-17.72149],[-63.01853,-17.72148]]},"properties":{"description":"MANZANOS","styleUrl":"#line12","stroke-opacity":1,"stroke":"#0000FF","stroke-width":1,"name":"FONDO"}},
{"type":"Feature","geometry":{"type":"LineString","coordinates":[[-63.01948,-17.71973],[-63.01932,-17.71998]]},"properties":{"description":"MANZANOS","styleUrl":"#line12","stroke-opacity":1,"stroke":"#0000FF","stroke-width":1,"name":"FONDO"}},
{"type":"Feature","geometry":{"type":"LineString","coordinates":[[-63.01932,-17.71998],[-63.01931,-17.71998],[-63.01931,-17.71999],[-63.0193,-17.71999],[-63.0193,-17.72],[-63.01929,-17.72],[-63.01929,-17.72001],[-63.01928,-17.72001],[-63.01927,-17.72001],[-63.01926,-17.72001],[-63.01925,-17.72001],[-63.01924,-17.72001],[-63.01923,-17.72001],[-63.01922,-17.72001]]},"properties":{"description":"MANZANOS","styleUrl":"#line12","stroke-opacity":1,"stroke":"#0000FF","stroke-width":1,"name":"FONDO"}},
{"type":"Feature","geometry":{"type":"LineString","coordinates":[[-63.01916,-17.72022],[-63.019,-17.72047]]},"properties":{"description":"MANZANOS","styleUrl":"#line12","stroke-opacity":1,"stroke":"#0000FF","stroke-width":1,"name":"FONDO"}},
{"type":"Feature","geometry":{"type":"LineString","coordinates":[[-63.019,-17.72047],[-63.019,-17.72048],[-63.01899,-17.72048],[-63.01899,-17.72049],[-63.01898,-17.72049],[-63.01898,-17.7205],[-63.01897,-17.7205],[-63.01896,-17.7205],[-63.01895,-17.7205],[-63.01895,-17.72051],[-63.01894,-17.72051],[-63.01893,-17.72051],[-63.01892,-17.72051],[-63.01891,-17.72051],[-63.01891,-17.7205],[-63.0189,-17.7205]]},"properties":{"description":"MANZANOS","styleUrl":"#line12","stroke-opacity":1,"stroke":"#0000FF","stroke-width":1,"name":"FONDO"}},
{"type":"Feature","geometry":{"type":"LineString","coordinates":[[-63.01932,-17.72025],[-63.01916,-17.7205]]},"properties":{"description":"MANZANOS","styleUrl":"#line12","stroke-opacity":1,"stroke":"#0000FF","stroke-width":1,"name":"FONDO"}},
{"type":"Feature","geometry":{"type":"LineString","coordinates":[[-63.0192,-17.72062],[-63.0192,-17.72061],[-63.01919,-17.72061],[-63.01918,-17.72061],[-63.01918,-17.7206],[-63.01917,-17.7206],[-63.01917,-17.72059],[-63.01916,-17.72059],[-63.01916,-17.72058],[-63.01916,-17.72057],[-63.01915,-17.72057],[-63.01915,-17.72056],[-63.01915,-17.72055],[-63.01915,-17.72054],[-63.01915,-17.72053],[-63.01915,-17.72052],[-63.01915,-17.72051],[-63.01916,-17.72051],[-63.01916,-17.7205]]},"properties":{"description":"MANZANOS","styleUrl":"#line12","stroke-opacity":1,"stroke":"#0000FF","stroke-width":1,"name":"FONDO"}},
{"type":"Feature","geometry":{"type":"LineString","coordinates":[[-63.01885,-17.72071],[-63.01869,-17.72096]]},"properties":{"description":"MANZANOS","styleUrl":"#line12","stroke-opacity":1,"stroke":"#0000FF","stroke-width":1,"name":"FONDO"}},
{"type":"Feature","geometry":{"type":"LineString","coordinates":[[-63.01869,-17.72096],[-63.01869,-17.72097],[-63.01868,-17.72097],[-63.01868,-17.72098],[-63.01867,-17.72098],[-63.01867,-17.72099],[-63.01866,-17.72099],[-63.01865,-17.72099],[-63.01865,-17.721],[-63.01864,-17.721],[-63.01863,-17.721],[-63.01862,-17.721],[-63.01861,-17.721],[-63.0186,-17.721],[-63.01859,-17.721],[-63.01859,-17.72099]]},"properties":{"description":"MANZANOS","styleUrl":"#line12","stroke-opacity":1,"stroke":"#0000FF","stroke-width":1,"name":"FONDO"}},
{"type":"Feature","geometry":{"type":"LineString","coordinates":[[-63.01853,-17.7212],[-63.01837,-17.72145]]},"properties":{"description":"MANZANOS","styleUrl":"#line12","stroke-opacity":1,"stroke":"#0000FF","stroke-width":1,"name":"FONDO"}},
{"type":"Feature","geometry":{"type":"LineString","coordinates":[[-63.01837,-17.72145],[-63.01837,-17.72146],[-63.01837,-17.72147],[-63.01836,-17.72147],[-63.01835,-17.72148],[-63.01834,-17.72148],[-63.01834,-17.72149],[-63.01833,-17.72149],[-63.01832,-17.72149],[-63.01831,-17.72149],[-63.0183,-17.72149],[-63.01829,-17.72149],[-63.01828,-17.72149],[-63.01827,-17.72149]]},"properties":{"description":"MANZANOS","styleUrl":"#line12","stroke-opacity":1,"stroke":"#0000FF","stroke-width":1,"name":"FONDO"}},
{"type":"Feature","geometry":{"type":"LineString","coordinates":[[-63.01849,-17.72109],[-63.0185,-17.72109],[-63.01851,-17.72109],[-63.01851,-17.7211],[-63.01852,-17.7211],[-63.01852,-17.72111],[-63.01853,-17.72111],[-63.01853,-17.72112],[-63.01854,-17.72112],[-63.01854,-17.72113],[-63.01854,-17.72114],[-63.01854,-17.72115],[-63.01855,-17.72115],[-63.01855,-17.72116],[-63.01855,-17.72117],[-63.01855,-17.72118],[-63.01854,-17.72118],[-63.01854,-17.72119],[-63.01854,-17.7212],[-63.01853,-17.7212]]},"properties":{"description":"MANZANOS","styleUrl":"#line12","stroke-opacity":1,"stroke":"#0000FF","stroke-width":1,"name":"FONDO"}},
{"type":"Feature","geometry":{"type":"LineString","coordinates":[[-63.02056,-17.72231],[-63.0208,-17.72205]]},"properties":{"description":"MANZANOS","styleUrl":"#line12","stroke-opacity":1,"stroke":"#0000FF","stroke-width":1,"name":"FONDO"}},
{"type":"Feature","geometry":{"type":"LineString","coordinates":[[-63.02056,-17.72231],[-63.02055,-17.72231],[-63.02055,-17.72232],[-63.02054,-17.72232],[-63.02053,-17.72232],[-63.02053,-17.72233],[-63.02052,-17.72233],[-63.02051,-17.72233],[-63.0205,-17.72233],[-63.02049,-17.72233],[-63.02049,-17.72232]]},"properties":{"description":"MANZANOS","styleUrl":"#line12","stroke-opacity":1,"stroke":"#0000FF","stroke-width":1,"name":"FONDO"}},
{"type":"Feature","geometry":{"type":"LineString","coordinates":[[-63.02181,-17.72094],[-63.02203,-17.7207]]},"properties":{"description":"MANZANOS","styleUrl":"#line12","stroke-opacity":1,"stroke":"#0000FF","stroke-width":1,"name":"FONDO"}},
{"type":"Feature","geometry":{"type":"LineString","coordinates":[[-63.02199,-17.72057],[-63.01974,-17.71972]]},"properties":{"description":"MANZANOS","styleUrl":"#line12","stroke-opacity":1,"stroke":"#0000FF","stroke-width":1,"name":"FONDO"}},
{"type":"Feature","geometry":{"type":"LineString","coordinates":[[-63.02199,-17.72057],[-63.022,-17.72057],[-63.022,-17.72058],[-63.02201,-17.72058],[-63.02202,-17.72058],[-63.02202,-17.72059],[-63.02203,-17.72059],[-63.02203,-17.7206],[-63.02204,-17.7206],[-63.02204,-17.72061],[-63.02204,-17.72062],[-63.02204,-17.72063],[-63.02205,-17.72063],[-63.02205,-17.72064],[-63.02205,-17.72065],[-63.02205,-17.72066],[-63.02204,-17.72066],[-63.02204,-17.72067],[-63.02204,-17.72068],[-63.02204,-17.72069],[-63.02203,-17.72069],[-63.02203,-17.7207]]},"properties":{"description":"MANZANOS","styleUrl":"#line12","stroke-opacity":1,"stroke":"#0000FF","stroke-width":1,"name":"FONDO"}},
{"type":"Feature","geometry":{"type":"LineString","coordinates":[[-63.01944,-17.71961],[-63.01739,-17.71883]]},"properties":{"description":"MANZANOS","styleUrl":"#line12","stroke-opacity":1,"stroke":"#0000FF","stroke-width":1,"name":"FONDO"}},
{"type":"Feature","geometry":{"type":"LineString","coordinates":[[-63.01944,-17.71961],[-63.01945,-17.71961],[-63.01946,-17.71961],[-63.01946,-17.71962],[-63.01947,-17.71962],[-63.01947,-17.71963],[-63.01948,-17.71963],[-63.01948,-17.71964],[-63.01948,-17.71965],[-63.01949,-17.71965],[-63.01949,-17.71966],[-63.01949,-17.71967],[-63.01949,-17.71968],[-63.01949,-17.71969],[-63.01949,-17.7197],[-63.01949,-17.71971],[-63.01949,-17.71972],[-63.01948,-17.71972],[-63.01948,-17.71973]]},"properties":{"description":"MANZANOS","styleUrl":"#line12","stroke-opacity":1,"stroke":"#0000FF","stroke-width":1,"name":"FONDO"}},
{"type":"Feature","geometry":{"type":"LineString","coordinates":[[-63.01765,-17.72258],[-63.01788,-17.72222]]},"properties":{"description":"MANZANOS","styleUrl":"#line12","stroke-opacity":1,"stroke":"#0000FF","stroke-width":1,"name":"FONDO"}},
{"type":"Feature","geometry":{"type":"LineString","coordinates":[[-63.01765,-17.72258],[-63.01765,-17.72259],[-63.01764,-17.72259],[-63.01764,-17.7226],[-63.01763,-17.7226],[-63.01763,-17.72261],[-63.01762,-17.72261],[-63.01762,-17.72262],[-63.01761,-17.72262],[-63.0176,-17.72262],[-63.01759,-17.72263],[-63.01758,-17.72263],[-63.01757,-17.72263],[-63.01756,-17.72263],[-63.01755,-17.72263],[-63.01754,-17.72263],[-63.01753,-17.72263],[-63.01752,-17.72263],[-63.01752,-17.72262],[-63.01751,-17.72262]]},"properties":{"description":"MANZANOS","styleUrl":"#line12","stroke-opacity":1,"stroke":"#0000FF","stroke-width":1,"name":"FONDO"}},
{"type":"Feature","geometry":{"type":"LineString","coordinates":[[-63.01801,-17.7223],[-63.01781,-17.72261]]},"properties":{"description":"MANZANOS","styleUrl":"#line12","stroke-opacity":1,"stroke":"#0000FF","stroke-width":1,"name":"FONDO"}},
{"type":"Feature","geometry":{"type":"LineString","coordinates":[[-63.01801,-17.7223],[-63.01801,-17.72229],[-63.01802,-17.72229],[-63.01802,-17.72228],[-63.01803,-17.72228],[-63.01803,-17.72227],[-63.01804,-17.72227],[-63.01805,-17.72227],[-63.01805,-17.72226],[-63.01806,-17.72226],[-63.01807,-17.72226],[-63.01808,-17.72226],[-63.01809,-17.72226],[-63.0181,-17.72226],[-63.01811,-17.72226]]},"properties":{"description":"MANZANOS","styleUrl":"#line12","stroke-opacity":1,"stroke":"#0000FF","stroke-width":1,"name":"FONDO"}},
{"type":"Feature","geometry":{"type":"LineString","coordinates":[[-63.01786,-17.72277],[-63.01785,-17.72277],[-63.01785,-17.72276],[-63.01784,-17.72276],[-63.01783,-17.72276],[-63.01783,-17.72275],[-63.01782,-17.72275],[-63.01782,-17.72274],[-63.01781,-17.72274],[-63.01781,-17.72273],[-63.01781,-17.72272],[-63.0178,-17.72272],[-63.0178,-17.72271],[-63.0178,-17.7227],[-63.01779,-17.7227],[-63.01779,-17.72269],[-63.01779,-17.72268],[-63.01779,-17.72267],[-63.01779,-17.72266],[-63.01779,-17.72265],[-63.0178,-17.72265],[-63.0178,-17.72264],[-63.0178,-17.72263],[-63.0178,-17.72262],[-63.01781,-17.72262],[-63.01781,-17.72261]]},"properties":{"description":"MANZANOS","styleUrl":"#line12","stroke-opacity":1,"stroke":"#0000FF","stroke-width":1,"name":"FONDO"}},
{"type":"Feature","geometry":{"type":"LineString","coordinates":[[-63.01741,-17.72296],[-63.0172,-17.72328]]},"properties":{"description":"MANZANOS","styleUrl":"#line12","stroke-opacity":1,"stroke":"#0000FF","stroke-width":1,"name":"FONDO"}},
{"type":"Feature","geometry":{"type":"LineString","coordinates":[[-63.0172,-17.72328],[-63.0172,-17.72329],[-63.01719,-17.72329],[-63.01719,-17.7233],[-63.01718,-17.7233],[-63.01718,-17.72331],[-63.01717,-17.72331],[-63.01717,-17.72332],[-63.01716,-17.72332],[-63.01715,-17.72332],[-63.01714,-17.72332],[-63.01713,-17.72332],[-63.01712,-17.72332],[-63.01711,-17.72332],[-63.0171,-17.72332]]},"properties":{"description":"MANZANOS","styleUrl":"#line12","stroke-opacity":1,"stroke":"#0000FF","stroke-width":1,"name":"FONDO"}},
{"type":"Feature","geometry":{"type":"LineString","coordinates":[[-63.01669,-17.72409],[-63.01648,-17.72442]]},"properties":{"description":"MANZANOS","styleUrl":"#line12","stroke-opacity":1,"stroke":"#0000FF","stroke-width":1,"name":"FONDO"}},
{"type":"Feature","geometry":{"type":"LineString","coordinates":[[-63.01648,-17.72442],[-63.01647,-17.72442],[-63.01647,-17.72443],[-63.01646,-17.72443],[-63.01646,-17.72444],[-63.01645,-17.72444],[-63.01645,-17.72445],[-63.01644,-17.72445],[-63.01643,-17.72445],[-63.01642,-17.72446],[-63.01641,-17.72446],[-63.0164,-17.72446],[-63.01639,-17.72446],[-63.01638,-17.72445],[-63.01637,-17.72445]]},"properties":{"description":"MANZANOS","styleUrl":"#line12","stroke-opacity":1,"stroke":"#0000FF","stroke-width":1,"name":"FONDO"}},
{"type":"Feature","geometry":{"type":"LineString","coordinates":[[-63.01578,-17.72552],[-63.01554,-17.72589]]},"properties":{"description":"MANZANOS","styleUrl":"#line12","stroke-opacity":1,"stroke":"#0000FF","stroke-width":1,"name":"FONDO"}},
{"type":"Feature","geometry":{"type":"LineString","coordinates":[[-63.01554,-17.72589],[-63.01553,-17.72589],[-63.01553,-17.7259],[-63.01552,-17.7259],[-63.01552,-17.72591],[-63.01551,-17.72591],[-63.01551,-17.72592],[-63.0155,-17.72592],[-63.01549,-17.72592],[-63.01548,-17.72592],[-63.01547,-17.72592],[-63.01546,-17.72592],[-63.01545,-17.72592],[-63.01544,-17.72592]]},"properties":{"description":"MANZANOS","styleUrl":"#line12","stroke-opacity":1,"stroke":"#0000FF","stroke-width":1,"name":"FONDO"}},
{"type":"Feature","geometry":{"type":"LineString","coordinates":[[-63.01534,-17.72601],[-63.01535,-17.72601],[-63.01535,-17.72602],[-63.01536,-17.72602],[-63.01537,-17.72603],[-63.01538,-17.72604],[-63.01538,-17.72605],[-63.01539,-17.72605],[-63.01539,-17.72606],[-63.01539,-17.72607],[-63.01539,-17.72608],[-63.01539,-17.72609],[-63.01539,-17.7261],[-63.01539,-17.72611],[-63.01539,-17.72612],[-63.01538,-17.72613]]},"properties":{"description":"MANZANOS","styleUrl":"#line12","stroke-opacity":1,"stroke":"#0000FF","stroke-width":1,"name":"FONDO"}},
{"type":"Feature","geometry":{"type":"LineString","coordinates":[[-63.0157,-17.72591],[-63.01594,-17.72554]]},"properties":{"description":"MANZANOS","styleUrl":"#line12","stroke-opacity":1,"stroke":"#0000FF","stroke-width":1,"name":"FONDO"}},
{"type":"Feature","geometry":{"type":"LineString","coordinates":[[-63.01575,-17.72603],[-63.01574,-17.72603],[-63.01574,-17.72602],[-63.01573,-17.72602],[-63.01572,-17.72602],[-63.01572,-17.72601],[-63.01571,-17.72601],[-63.01571,-17.726],[-63.0157,-17.726],[-63.0157,-17.72599],[-63.0157,-17.72598],[-63.01569,-17.72598],[-63.01569,-17.72597],[-63.01569,-17.72596],[-63.01569,-17.72595],[-63.01569,-17.72594],[-63.01569,-17.72593],[-63.01569,-17.72592],[-63.0157,-17.72592],[-63.0157,-17.72591]]},"properties":{"description":"MANZANOS","styleUrl":"#line12","stroke-opacity":1,"stroke":"#0000FF","stroke-width":1,"name":"FONDO"}},
{"type":"Feature","geometry":{"type":"LineString","coordinates":[[-63.01609,-17.72529],[-63.01647,-17.7247]]},"properties":{"description":"MANZANOS","styleUrl":"#line12","stroke-opacity":1,"stroke":"#0000FF","stroke-width":1,"name":"FONDO"}},
{"type":"Feature","geometry":{"type":"LineString","coordinates":[[-63.01614,-17.72541],[-63.01613,-17.72541],[-63.01612,-17.72541],[-63.01612,-17.7254],[-63.01611,-17.7254],[-63.01611,-17.72539],[-63.0161,-17.72539],[-63.0161,-17.72538],[-63.01609,-17.72538],[-63.01609,-17.72537],[-63.01609,-17.72536],[-63.01608,-17.72536],[-63.01608,-17.72535],[-63.01608,-17.72534],[-63.01608,-17.72533],[-63.01608,-17.72532],[-63.01608,-17.72531],[-63.01609,-17.72531],[-63.01609,-17.7253],[-63.01609,-17.72529]]},"properties":{"description":"MANZANOS","styleUrl":"#line12","stroke-opacity":1,"stroke":"#0000FF","stroke-width":1,"name":"FONDO"}},
{"type":"Feature","geometry":{"type":"LineString","coordinates":[[-63.01663,-17.72446],[-63.01684,-17.72413]]},"properties":{"description":"MANZANOS","styleUrl":"#line12","stroke-opacity":1,"stroke":"#0000FF","stroke-width":1,"name":"FONDO"}},
{"type":"Feature","geometry":{"type":"LineString","coordinates":[[-63.01667,-17.72458],[-63.01666,-17.72458],[-63.01666,-17.72457],[-63.01665,-17.72457],[-63.01665,-17.72456],[-63.01664,-17.72456],[-63.01664,-17.72455],[-63.01663,-17.72455],[-63.01663,-17.72454],[-63.01662,-17.72454],[-63.01662,-17.72453],[-63.01662,-17.72452],[-63.01662,-17.72451],[-63.01662,-17.7245],[-63.01662,-17.72449],[-63.01662,-17.72448],[-63.01662,-17.72447],[-63.01662,-17.72446],[-63.01663,-17.72446]]},"properties":{"description":"MANZANOS","styleUrl":"#line12","stroke-opacity":1,"stroke":"#0000FF","stroke-width":1,"name":"FONDO"}},
{"type":"Feature","geometry":{"type":"LineString","coordinates":[[-63.01699,-17.72389],[-63.0172,-17.72357]]},"properties":{"description":"MANZANOS","styleUrl":"#line12","stroke-opacity":1,"stroke":"#0000FF","stroke-width":1,"name":"FONDO"}},
{"type":"Feature","geometry":{"type":"LineString","coordinates":[[-63.01703,-17.72401],[-63.01702,-17.72401],[-63.01702,-17.724],[-63.01701,-17.724],[-63.01701,-17.72399],[-63.017,-17.72399],[-63.017,-17.72398],[-63.01699,-17.72398],[-63.01699,-17.72397],[-63.01698,-17.72397],[-63.01698,-17.72396],[-63.01698,-17.72395],[-63.01698,-17.72394],[-63.01698,-17.72393],[-63.01698,-17.72392],[-63.01698,-17.72391],[-63.01698,-17.7239],[-63.01699,-17.7239],[-63.01699,-17.72389]]},"properties":{"description":"MANZANOS","styleUrl":"#line12","stroke-opacity":1,"stroke":"#0000FF","stroke-width":1,"name":"FONDO"}},
{"type":"Feature","geometry":{"type":"LineString","coordinates":[[-63.01735,-17.72332],[-63.01756,-17.723]]},"properties":{"description":"MANZANOS","styleUrl":"#line12","stroke-opacity":1,"stroke":"#0000FF","stroke-width":1,"name":"FONDO"}},
{"type":"Feature","geometry":{"type":"LineString","coordinates":[[-63.01739,-17.72344],[-63.01738,-17.72344],[-63.01738,-17.72343],[-63.01737,-17.72343],[-63.01737,-17.72342],[-63.01736,-17.72342],[-63.01736,-17.72341],[-63.01735,-17.72341],[-63.01735,-17.7234],[-63.01735,-17.72339],[-63.01734,-17.72339],[-63.01734,-17.72338],[-63.01734,-17.72337],[-63.01734,-17.72336],[-63.01734,-17.72335],[-63.01734,-17.72334],[-63.01735,-17.72334],[-63.01735,-17.72333],[-63.01735,-17.72332]]},"properties":{"description":"MANZANOS","styleUrl":"#line12","stroke-opacity":1,"stroke":"#0000FF","stroke-width":1,"name":"FONDO"}},
{"type":"Feature","geometry":{"type":"LineString","coordinates":[[-63.0196,-17.72343],[-63.01963,-17.72338]]},"properties":{"description":"MANZANOS","styleUrl":"#line12","stroke-opacity":1,"stroke":"#0000FF","stroke-width":1,"name":"FONDO"}},
{"type":"Feature","geometry":{"type":"LineString","coordinates":[[-63.0196,-17.72343],[-63.0196,-17.72344],[-63.01959,-17.72344],[-63.01959,-17.72345],[-63.01958,-17.72345],[-63.01958,-17.72346],[-63.01957,-17.72346],[-63.01956,-17.72347],[-63.01955,-17.72347],[-63.01954,-17.72347],[-63.01953,-17.72347],[-63.01952,-17.72347],[-63.01951,-17.72347],[-63.0195,-17.72347],[-63.01949,-17.72347]]},"properties":{"description":"MANZANOS","styleUrl":"#line12","stroke-opacity":1,"stroke":"#0000FF","stroke-width":1,"name":"FONDO"}},
{"type":"Feature","geometry":{"type":"LineString","coordinates":[[-63.01994,-17.72304],[-63.01963,-17.72338]]},"properties":{"description":"MANZANOS","styleUrl":"#line12","stroke-opacity":1,"stroke":"#0000FF","stroke-width":1,"name":"FONDO"}},
{"type":"Feature","geometry":{"type":"LineString","coordinates":[[-63.01804,-17.72198],[-63.01822,-17.7217]]},"properties":{"description":"MANZANOS","styleUrl":"#line12","stroke-opacity":1,"stroke":"#0000FF","stroke-width":1,"name":"FONDO"}},
{"type":"Feature","geometry":{"type":"LineString","coordinates":[[-63.01804,-17.72198],[-63.01803,-17.72198],[-63.01803,-17.72199],[-63.01802,-17.72199],[-63.01802,-17.722],[-63.01801,-17.722],[-63.01801,-17.72201],[-63.018,-17.72201],[-63.01799,-17.72201],[-63.01799,-17.72202],[-63.01798,-17.72202],[-63.01797,-17.72202],[-63.01796,-17.72202],[-63.01795,-17.72202],[-63.01794,-17.72201],[-63.01793,-17.72201]]},"properties":{"description":"MANZANOS","styleUrl":"#line12","stroke-opacity":1,"stroke":"#0000FF","stroke-width":1,"name":"FONDO"}},
{"type":"Feature","geometry":{"type":"LineString","coordinates":[[-63.01838,-17.72173],[-63.01817,-17.72205]]},"properties":{"description":"MANZANOS","styleUrl":"#line12","stroke-opacity":1,"stroke":"#0000FF","stroke-width":1,"name":"FONDO"}},
{"type":"Feature","geometry":{"type":"LineString","coordinates":[[-63.01821,-17.72217],[-63.0182,-17.72217],[-63.01819,-17.72217],[-63.01819,-17.72216],[-63.01818,-17.72216],[-63.01818,-17.72215],[-63.01817,-17.72215],[-63.01817,-17.72214],[-63.01816,-17.72214],[-63.01816,-17.72213],[-63.01816,-17.72212],[-63.01816,-17.72211],[-63.01815,-17.72211],[-63.01815,-17.7221],[-63.01815,-17.72209],[-63.01816,-17.72208],[-63.01816,-17.72207],[-63.01816,-17.72206],[-63.01817,-17.72206],[-63.01817,-17.72205]]},"properties":{"description":"MANZANOS","styleUrl":"#line12","stroke-opacity":1,"stroke":"#0000FF","stroke-width":1,"name":"FONDO"}},
{"type":"Feature","geometry":{"type":"LineString","coordinates":[[-63.02012,-17.72285],[-63.02042,-17.72252]]},"properties":{"description":"MANZANOS","styleUrl":"#line12","stroke-opacity":1,"stroke":"#0000FF","stroke-width":1,"name":"FONDO"}},
{"type":"Feature","geometry":{"type":"LineString","coordinates":[[-63.02012,-17.72285],[-63.02011,-17.72285],[-63.02011,-17.72286],[-63.0201,-17.72286],[-63.02009,-17.72286],[-63.02009,-17.72287],[-63.02008,-17.72287],[-63.02007,-17.72287],[-63.02006,-17.72287],[-63.02005,-17.72287],[-63.02004,-17.72287]]},"properties":{"description":"MANZANOS","styleUrl":"#line12","stroke-opacity":1,"stroke":"#0000FF","stroke-width":1,"name":"FONDO"}},
{"type":"Feature","geometry":{"type":"LineString","coordinates":[[-63.01555,-17.72615],[-63.01555,-17.72614],[-63.01556,-17.72614],[-63.01556,-17.72613],[-63.01557,-17.72613],[-63.01557,-17.72612],[-63.01558,-17.72612],[-63.01559,-17.72612],[-63.01559,-17.72611],[-63.0156,-17.72611],[-63.01561,-17.72611],[-63.01562,-17.72611],[-63.01563,-17.72611],[-63.01564,-17.72611],[-63.01564,-17.72612],[-63.01565,-17.72612]]},"properties":{"description":"MANZANOS","styleUrl":"#line12","stroke-opacity":1,"stroke":"#0000FF","stroke-width":1,"name":"FONDO"}},
{"type":"Feature","geometry":{"type":"LineString","coordinates":[[-63.01534,-17.72601],[-63.01326,-17.72529]]},"properties":{"description":"MANZANOS","styleUrl":"#line12","stroke-opacity":1,"stroke":"#0000FF","stroke-width":1,"name":"FONDO"}},
{"type":"Feature","geometry":{"type":"LineString","coordinates":[[-63.01765,-17.72668],[-63.01575,-17.72603]]},"properties":{"description":"MANZANOS","styleUrl":"#line12","stroke-opacity":1,"stroke":"#0000FF","stroke-width":1,"name":"FONDO"}},
{"type":"Feature","geometry":{"type":"LineString","coordinates":[[-63.01773,-17.72666],[-63.01773,-17.72667],[-63.01772,-17.72667],[-63.01772,-17.72668],[-63.01771,-17.72668],[-63.0177,-17.72668],[-63.01769,-17.72668],[-63.01769,-17.72669],[-63.01768,-17.72669],[-63.01767,-17.72669],[-63.01766,-17.72669],[-63.01766,-17.72668],[-63.01765,-17.72668]]},"properties":{"description":"MANZANOS","styleUrl":"#line12","stroke-opacity":1,"stroke":"#0000FF","stroke-width":1,"name":"FONDO"}},
{"type":"Feature","geometry":{"type":"LineString","coordinates":[[-63.01544,-17.72592],[-63.0134,-17.72522]]},"properties":{"description":"MANZANOS","styleUrl":"#line12","stroke-opacity":1,"stroke":"#0000FF","stroke-width":1,"name":"FONDO"}},
{"type":"Feature","geometry":{"type":"LineString","coordinates":[[-63.0134,-17.72522],[-63.01339,-17.72522],[-63.01339,-17.72521],[-63.01338,-17.72521],[-63.01338,-17.7252],[-63.01337,-17.7252],[-63.01336,-17.7252],[-63.01336,-17.72519],[-63.01335,-17.72518],[-63.01335,-17.72517],[-63.01334,-17.72517],[-63.01334,-17.72516],[-63.01334,-17.72515],[-63.01334,-17.72514],[-63.01334,-17.72513],[-63.01334,-17.72512],[-63.01334,-17.72511],[-63.01335,-17.72511],[-63.01335,-17.7251],[-63.01335,-17.72509],[-63.01336,-17.72509]]},"properties":{"description":"MANZANOS","styleUrl":"#line12","stroke-opacity":1,"stroke":"#0000FF","stroke-width":1,"name":"FONDO"}},
{"type":"Feature","geometry":{"type":"LineString","coordinates":[[-63.01795,-17.72616],[-63.01604,-17.7255]]},"properties":{"description":"MANZANOS","styleUrl":"#line12","stroke-opacity":1,"stroke":"#0000FF","stroke-width":1,"name":"FONDO"}},
{"type":"Feature","geometry":{"type":"LineString","coordinates":[[-63.01795,-17.72616],[-63.01796,-17.72616],[-63.01796,-17.72617],[-63.01797,-17.72617],[-63.01797,-17.72618],[-63.01798,-17.72618],[-63.01798,-17.72619],[-63.01799,-17.72619],[-63.01799,-17.7262],[-63.01799,-17.72621],[-63.01799,-17.72622],[-63.01799,-17.72623],[-63.01799,-17.72624],[-63.01799,-17.72625],[-63.01798,-17.72625]]},"properties":{"description":"MANZANOS","styleUrl":"#line12","stroke-opacity":1,"stroke":"#0000FF","stroke-width":1,"name":"FONDO"}},
{"type":"Feature","geometry":{"type":"LineString","coordinates":[[-63.01594,-17.72554],[-63.01594,-17.72553],[-63.01595,-17.72553],[-63.01595,-17.72552],[-63.01596,-17.72552],[-63.01596,-17.72551],[-63.01597,-17.72551],[-63.01598,-17.72551],[-63.01598,-17.7255],[-63.01599,-17.7255],[-63.016,-17.7255],[-63.01601,-17.7255],[-63.01602,-17.7255],[-63.01603,-17.7255],[-63.01604,-17.7255]]},"properties":{"description":"MANZANOS","styleUrl":"#line12","stroke-opacity":1,"stroke":"#0000FF","stroke-width":1,"name":"FONDO"}},
{"type":"Feature","geometry":{"type":"LineString","coordinates":[[-63.01573,-17.7254],[-63.01374,-17.72471]]},"properties":{"description":"MANZANOS","styleUrl":"#line12","stroke-opacity":1,"stroke":"#0000FF","stroke-width":1,"name":"FONDO"}},
{"type":"Feature","geometry":{"type":"LineString","coordinates":[[-63.01365,-17.72474],[-63.01365,-17.72473],[-63.01366,-17.72473],[-63.01366,-17.72472],[-63.01367,-17.72472],[-63.01368,-17.72472],[-63.01368,-17.72471],[-63.01369,-17.72471],[-63.0137,-17.72471],[-63.01371,-17.72471],[-63.01372,-17.72471],[-63.01373,-17.72471],[-63.01374,-17.72471]]},"properties":{"description":"MANZANOS","styleUrl":"#line12","stroke-opacity":1,"stroke":"#0000FF","stroke-width":1,"name":"FONDO"}},
{"type":"Feature","geometry":{"type":"LineString","coordinates":[[-63.01573,-17.7254],[-63.01574,-17.7254],[-63.01575,-17.7254],[-63.01575,-17.72541],[-63.01576,-17.72541],[-63.01576,-17.72542],[-63.01577,-17.72542],[-63.01577,-17.72543],[-63.01578,-17.72543],[-63.01578,-17.72544],[-63.01578,-17.72545],[-63.01579,-17.72545],[-63.01579,-17.72546],[-63.01579,-17.72547],[-63.01579,-17.72548],[-63.01579,-17.72549],[-63.01578,-17.72549],[-63.01578,-17.7255],[-63.01578,-17.72551],[-63.01578,-17.72552]]},"properties":{"description":"MANZANOS","styleUrl":"#line12","stroke-opacity":1,"stroke":"#0000FF","stroke-width":1,"name":"FONDO"}},
{"type":"Feature","geometry":{"type":"LineString","coordinates":[[-63.01803,-17.72607],[-63.01614,-17.72541]]},"properties":{"description":"MANZANOS","styleUrl":"#line12","stroke-opacity":1,"stroke":"#0000FF","stroke-width":1,"name":"FONDO"}},
{"type":"Feature","geometry":{"type":"LineString","coordinates":[[-63.01583,-17.72531],[-63.01384,-17.72462]]},"properties":{"description":"MANZANOS","styleUrl":"#line12","stroke-opacity":1,"stroke":"#0000FF","stroke-width":1,"name":"FONDO"}},
{"type":"Feature","geometry":{"type":"LineString","coordinates":[[-63.01304,-17.72581],[-63.01497,-17.72656]]},"properties":{"description":"MANZANOS","styleUrl":"#line12","stroke-opacity":1,"stroke":"#0000FF","stroke-width":1,"name":"FONDO"}},
{"type":"Feature","geometry":{"type":"LineString","coordinates":[[-63.01256,-17.72602],[-63.01301,-17.72619]]},"properties":{"description":"MANZANOS","styleUrl":"#line12","stroke-opacity":1,"stroke":"#0000FF","stroke-width":1,"name":"FONDO"}},
{"type":"Feature","geometry":{"type":"LineString","coordinates":[[-63.01301,-17.72619],[-63.01302,-17.72619],[-63.01302,-17.7262],[-63.01303,-17.7262],[-63.01304,-17.72621],[-63.01305,-17.72622],[-63.01305,-17.72623],[-63.01306,-17.72623],[-63.01306,-17.72624],[-63.01306,-17.72625],[-63.01306,-17.72626],[-63.01307,-17.72626],[-63.01307,-17.72627],[-63.01307,-17.72628],[-63.01306,-17.72628],[-63.01306,-17.72629],[-63.01306,-17.7263],[-63.01306,-17.72631],[-63.01305,-17.72631],[-63.01305,-17.72632],[-63.01304,-17.72632],[-63.01304,-17.72633],[-63.01303,-17.72633]]},"properties":{"description":"MANZANOS","styleUrl":"#line12","stroke-opacity":1,"stroke":"#0000FF","stroke-width":1,"name":"FONDO"}},
{"type":"Feature","geometry":{"type":"LineString","coordinates":[[-63.01334,-17.72632],[-63.01469,-17.72684]]},"properties":{"description":"MANZANOS","styleUrl":"#line12","stroke-opacity":1,"stroke":"#0000FF","stroke-width":1,"name":"FONDO"}},
{"type":"Feature","geometry":{"type":"LineString","coordinates":[[-63.01469,-17.72684],[-63.01469,-17.72685],[-63.0147,-17.72685],[-63.01471,-17.72685],[-63.01471,-17.72686],[-63.01472,-17.72686],[-63.01473,-17.72686],[-63.01473,-17.72687],[-63.01474,-17.72687],[-63.01474,-17.72688],[-63.01475,-17.72688],[-63.01475,-17.72689],[-63.01475,-17.7269],[-63.01476,-17.7269],[-63.01476,-17.72691],[-63.01477,-17.72692],[-63.01477,-17.72693],[-63.01477,-17.72694],[-63.01477,-17.72695],[-63.01478,-17.72695],[-63.01478,-17.72696],[-63.01478,-17.72697],[-63.01478,-17.72698],[-63.01478,-17.72699],[-63.01477,-17.72699],[-63.01477,-17.727],[-63.01477,-17.72701],[-63.01477,-17.72702],[-63.01476,-17.72702],[-63.01476,-17.72703],[-63.01476,-17.72704],[-63.01475,-17.72704],[-63.01475,-17.72705]]},"properties":{"description":"MANZANOS","styleUrl":"#line12","stroke-opacity":1,"stroke":"#0000FF","stroke-width":1,"name":"FONDO"}},
{"type":"Feature","geometry":{"type":"LineString","coordinates":[[-63.01514,-17.72651],[-63.01513,-17.72652],[-63.01513,-17.72653],[-63.01512,-17.72653],[-63.01512,-17.72654],[-63.01511,-17.72654],[-63.0151,-17.72655],[-63.01509,-17.72655],[-63.01509,-17.72656],[-63.01508,-17.72656],[-63.01507,-17.72656],[-63.01506,-17.72656],[-63.01506,-17.72657],[-63.01505,-17.72657],[-63.01504,-17.72657],[-63.01503,-17.72657],[-63.01502,-17.72657],[-63.01501,-17.72657],[-63.015,-17.72657],[-63.01499,-17.72657],[-63.01498,-17.72657],[-63.01498,-17.72656],[-63.01497,-17.72656]]},"properties":{"description":"MANZANOS","styleUrl":"#line12","stroke-opacity":1,"stroke":"#0000FF","stroke-width":1,"name":"FONDO"}},
{"type":"Feature","geometry":{"type":"LineString","coordinates":[[-63.01276,-17.73009],[-63.01089,-17.7302]]},"properties":{"description":"MANZANOS","styleUrl":"#line12","stroke-opacity":1,"stroke":"#0000FF","stroke-width":1,"name":"FONDO"}},
{"type":"Feature","geometry":{"type":"LineString","coordinates":[[-63.01279,-17.73015],[-63.01077,-17.73027]]},"properties":{"description":"MANZANOS","styleUrl":"#line12","stroke-opacity":1,"stroke":"#0000FF","stroke-width":1,"name":"FONDO"}},
{"type":"Feature","geometry":{"type":"LineString","coordinates":[[-63.01231,-17.72971],[-63.01089,-17.72979]]},"properties":{"description":"MANZANOS","styleUrl":"#line12","stroke-opacity":1,"stroke":"#0000FF","stroke-width":1,"name":"FONDO"}},
{"type":"Feature","geometry":{"type":"LineString","coordinates":[[-63.01081,-17.72987],[-63.01081,-17.72986],[-63.01081,-17.72985],[-63.01081,-17.72984],[-63.01082,-17.72983],[-63.01082,-17.72982],[-63.01083,-17.72982],[-63.01083,-17.72981],[-63.01084,-17.72981],[-63.01084,-17.7298],[-63.01085,-17.7298],[-63.01086,-17.7298],[-63.01086,-17.72979],[-63.01087,-17.72979],[-63.01088,-17.72979],[-63.01089,-17.72979]]},"properties":{"description":"MANZANOS","styleUrl":"#line12","stroke-opacity":1,"stroke":"#0000FF","stroke-width":1,"name":"FONDO"}},
{"type":"Feature","geometry":{"type":"LineString","coordinates":[[-63.01059,-17.72981],[-63.00875,-17.72991]]},"properties":{"description":"MANZANOS","styleUrl":"#line12","stroke-opacity":1,"stroke":"#0000FF","stroke-width":1,"name":"FONDO"}},
{"type":"Feature","geometry":{"type":"LineString","coordinates":[[-63.01064,-17.73021],[-63.00896,-17.7303]]},"properties":{"description":"MANZANOS","styleUrl":"#line12","stroke-opacity":1,"stroke":"#0000FF","stroke-width":1,"name":"FONDO"}},
{"type":"Feature","geometry":{"type":"LineString","coordinates":[[-63.01077,-17.73027],[-63.0091,-17.73036]]},"properties":{"description":"MANZANOS","styleUrl":"#line12","stroke-opacity":1,"stroke":"#0000FF","stroke-width":1,"name":"FONDO"}},
{"type":"Feature","geometry":{"type":"LineString","coordinates":[[-63.00899,-17.73071],[-63.00849,-17.73074]]},"properties":{"description":"MANZANOS","styleUrl":"#line12","stroke-opacity":1,"stroke":"#0000FF","stroke-width":1,"name":"FONDO"}},
{"type":"Feature","geometry":{"type":"LineString","coordinates":[[-63.00848,-17.73018],[-63.00848,-17.73017],[-63.00848,-17.73016],[-63.00848,-17.73015],[-63.00849,-17.73015],[-63.00849,-17.73014],[-63.00849,-17.73013],[-63.00849,-17.73012],[-63.00849,-17.73011],[-63.00849,-17.7301],[-63.0085,-17.7301],[-63.0085,-17.73009],[-63.0085,-17.73008],[-63.0085,-17.73007],[-63.00851,-17.73007],[-63.00851,-17.73006],[-63.00851,-17.73005],[-63.00852,-17.73005],[-63.00852,-17.73004],[-63.00853,-17.73003],[-63.00853,-17.73002],[-63.00854,-17.73002],[-63.00854,-17.73001],[-63.00855,-17.73001],[-63.00855,-17.73],[-63.00856,-17.73],[-63.00856,-17.72999],[-63.00857,-17.72999],[-63.00857,-17.72998],[-63.00858,-17.72998],[-63.00858,-17.72997],[-63.00859,-17.72997],[-63.00859,-17.72996],[-63.0086,-17.72996],[-63.00861,-17.72996],[-63.00861,-17.72995],[-63.00862,-17.72995],[-63.00862,-17.72994],[-63.00863,-17.72994],[-63.00864,-17.72994],[-63.00864,-17.72993],[-63.00865,-17.72993],[-63.00866,-17.72993],[-63.00867,-17.72992],[-63.00868,-17.72992],[-63.00869,-17.72992],[-63.0087,-17.72992],[-63.0087,-17.72991],[-63.00871,-17.72991],[-63.00872,-17.72991],[-63.00873,-17.72991],[-63.00874,-17.72991],[-63.00875,-17.72991]]},"properties":{"description":"MANZANOS","styleUrl":"#line12","stroke-opacity":1,"stroke":"#0000FF","stroke-width":1,"name":"FONDO"}},
{"type":"Feature","geometry":{"type":"LineString","coordinates":[[-63.01059,-17.72981],[-63.0106,-17.7298],[-63.0106,-17.72981],[-63.01061,-17.72981],[-63.01062,-17.72981],[-63.01063,-17.72981],[-63.01064,-17.72981],[-63.01064,-17.72982],[-63.01065,-17.72982],[-63.01066,-17.72982],[-63.01066,-17.72983],[-63.01067,-17.72983],[-63.01067,-17.72984],[-63.01067,-17.72985],[-63.01068,-17.72985],[-63.01068,-17.72986],[-63.01068,-17.72987],[-63.01068,-17.72988]]},"properties":{"description":"MANZANOS","styleUrl":"#line12","stroke-opacity":1,"stroke":"#0000FF","stroke-width":1,"name":"FONDO"}},
{"type":"Feature","geometry":{"type":"LineString","coordinates":[[-63.0119,-17.72959],[-63.00877,-17.72976]]},"properties":{"description":"MANZANOS","styleUrl":"#line12","stroke-opacity":1,"stroke":"#0000FF","stroke-width":1,"name":"FONDO"}},
{"type":"Feature","geometry":{"type":"LineString","coordinates":[[-63.00877,-17.72976],[-63.00876,-17.72976],[-63.00875,-17.72976],[-63.00874,-17.72976],[-63.00873,-17.72976],[-63.00872,-17.72976],[-63.00871,-17.72976],[-63.0087,-17.72976],[-63.00869,-17.72976],[-63.00869,-17.72975],[-63.00868,-17.72975],[-63.00867,-17.72975],[-63.00866,-17.72975],[-63.00866,-17.72974],[-63.00865,-17.72974],[-63.00864,-17.72974],[-63.00863,-17.72974],[-63.00863,-17.72973],[-63.00862,-17.72973],[-63.00861,-17.72973],[-63.00861,-17.72972],[-63.0086,-17.72972],[-63.0086,-17.72971],[-63.00859,-17.72971],[-63.00858,-17.72971],[-63.00858,-17.7297],[-63.00857,-17.7297],[-63.00857,-17.72969],[-63.00856,-17.72969],[-63.00856,-17.72968],[-63.00855,-17.72968],[-63.00855,-17.72967],[-63.00854,-17.72967],[-63.00854,-17.72966],[-63.00853,-17.72966],[-63.00853,-17.72965],[-63.00852,-17.72965],[-63.00852,-17.72964],[-63.00851,-17.72963],[-63.00851,-17.72962],[-63.0085,-17.72962],[-63.0085,-17.72961],[-63.0085,-17.7296],[-63.00849,-17.7296],[-63.00849,-17.72959],[-63.00849,-17.72958],[-63.00849,-17.72957],[-63.00848,-17.72957],[-63.00848,-17.72956],[-63.00848,-17.72955],[-63.00848,-17.72954],[-63.00848,-17.72953],[-63.00847,-17.72953],[-63.00847,-17.72952],[-63.00847,-17.72951],[-63.00847,-17.7295],[-63.00847,-17.72949]]},"properties":{"description":"MANZANOS","styleUrl":"#line12","stroke-opacity":1,"stroke":"#0000FF","stroke-width":1,"name":"FONDO"}},
{"type":"Feature","geometry":{"type":"LineString","coordinates":[[-63.01105,-17.72909],[-63.0086,-17.72923]]},"properties":{"description":"MANZANOS","styleUrl":"#line12","stroke-opacity":1,"stroke":"#0000FF","stroke-width":1,"name":"FONDO"}},
{"type":"Feature","geometry":{"type":"LineString","coordinates":[[-63.00847,-17.72936],[-63.00847,-17.72935],[-63.00847,-17.72934],[-63.00847,-17.72933],[-63.00848,-17.72933],[-63.00848,-17.72932],[-63.00848,-17.72931],[-63.00848,-17.7293],[-63.00849,-17.7293],[-63.00849,-17.72929],[-63.0085,-17.72929],[-63.0085,-17.72928],[-63.0085,-17.72927],[-63.00851,-17.72927],[-63.00851,-17.72926],[-63.00852,-17.72926],[-63.00853,-17.72926],[-63.00853,-17.72925],[-63.00854,-17.72925],[-63.00854,-17.72924],[-63.00855,-17.72924],[-63.00856,-17.72924],[-63.00857,-17.72923],[-63.00858,-17.72923],[-63.00859,-17.72923],[-63.0086,-17.72923]]},"properties":{"description":"MANZANOS","styleUrl":"#line12","stroke-opacity":1,"stroke":"#0000FF","stroke-width":1,"name":"FONDO"}},
{"type":"Feature","geometry":{"type":"LineString","coordinates":[[-63.01105,-17.72909],[-63.01106,-17.72909],[-63.01107,-17.72909],[-63.01107,-17.7291]]},"properties":{"description":"MANZANOS","styleUrl":"#line12","stroke-opacity":1,"stroke":"#0000FF","stroke-width":1,"name":"FONDO"}},
{"type":"Feature","geometry":{"type":"LineString","coordinates":[[-63.01051,-17.729],[-63.00875,-17.7291]]},"properties":{"description":"MANZANOS","styleUrl":"#line12","stroke-opacity":1,"stroke":"#0000FF","stroke-width":1,"name":"FONDO"}},
{"type":"Feature","geometry":{"type":"LineString","coordinates":[[-63.00875,-17.7291],[-63.00874,-17.7291],[-63.00873,-17.7291],[-63.00872,-17.7291],[-63.00871,-17.7291],[-63.0087,-17.7291],[-63.0087,-17.72909],[-63.00869,-17.72909],[-63.00868,-17.72909],[-63.00867,-17.72909],[-63.00867,-17.72908],[-63.00866,-17.72908],[-63.00866,-17.72907],[-63.00865,-17.72907],[-63.00864,-17.72907],[-63.00864,-17.72906],[-63.00863,-17.72906],[-63.00863,-17.72905],[-63.00863,-17.72904],[-63.00862,-17.72904],[-63.00862,-17.72903],[-63.00861,-17.72903],[-63.00861,-17.72902],[-63.00861,-17.72901],[-63.00861,-17.729],[-63.0086,-17.729],[-63.0086,-17.72899],[-63.0086,-17.72898],[-63.0086,-17.72897],[-63.0086,-17.72896],[-63.0086,-17.72895],[-63.0086,-17.72894],[-63.0086,-17.72893],[-63.00861,-17.72893],[-63.00861,-17.72892],[-63.00861,-17.72891],[-63.00862,-17.72891],[-63.00862,-17.7289],[-63.00862,-17.72889],[-63.00863,-17.72889]]},"properties":{"description":"MANZANOS","styleUrl":"#line12","stroke-opacity":1,"stroke":"#0000FF","stroke-width":1,"name":"FONDO"}},
{"type":"Feature","geometry":{"type":"LineString","coordinates":[[-63.0131,-17.73168],[-63.01312,-17.73164]]},"properties":{"description":"MANZANOS","styleUrl":"#line12","stroke-opacity":1,"stroke":"#0000FF","stroke-width":1,"name":"FONDO"}},
{"type":"Feature","geometry":{"type":"LineString","coordinates":[[-63.00886,-17.73108],[-63.00886,-17.73107],[-63.00886,-17.73106],[-63.00886,-17.73105],[-63.00887,-17.73105],[-63.00887,-17.73104],[-63.00887,-17.73103],[-63.00887,-17.73102],[-63.00888,-17.73102],[-63.00888,-17.73101],[-63.00888,-17.731],[-63.00889,-17.731],[-63.00889,-17.73099],[-63.00889,-17.73098],[-63.0089,-17.73098],[-63.0089,-17.73097],[-63.0089,-17.73096],[-63.00891,-17.73096],[-63.00891,-17.73095],[-63.00892,-17.73094],[-63.00892,-17.73093],[-63.00893,-17.73093],[-63.00893,-17.73092],[-63.00894,-17.73091],[-63.00894,-17.7309],[-63.00895,-17.7309],[-63.00895,-17.73089],[-63.00896,-17.73089],[-63.00896,-17.73088],[-63.00897,-17.73088],[-63.00897,-17.73087],[-63.00898,-17.73087],[-63.00898,-17.73086],[-63.00899,-17.73086],[-63.00899,-17.73085],[-63.009,-17.73085],[-63.009,-17.73084],[-63.00901,-17.73084],[-63.00901,-17.73083],[-63.00902,-17.73083],[-63.00902,-17.73082],[-63.00903,-17.73082],[-63.00904,-17.73081],[-63.00905,-17.73081],[-63.00905,-17.7308],[-63.00906,-17.7308],[-63.00906,-17.73079],[-63.00907,-17.73079],[-63.00908,-17.73079],[-63.00908,-17.73078],[-63.00909,-17.73078],[-63.0091,-17.73077],[-63.00911,-17.73077],[-63.00912,-17.73076],[-63.00913,-17.73076]]},"properties":{"description":"MANZANOS","styleUrl":"#line12","stroke-opacity":1,"stroke":"#0000FF","stroke-width":1,"name":"FONDO"}},
{"type":"Feature","geometry":{"type":"LineString","coordinates":[[-63.00886,-17.73108],[-63.00885,-17.73108],[-63.00885,-17.73109],[-63.00884,-17.73109],[-63.00883,-17.73109],[-63.00882,-17.73109]]},"properties":{"description":"MANZANOS","styleUrl":"#line12","stroke-opacity":1,"stroke":"#0000FF","stroke-width":1,"name":"FONDO"}},
{"type":"Feature","geometry":{"type":"LineString","coordinates":[[-63.01107,-17.7291],[-63.01192,-17.72943]]},"properties":{"description":"MANZANOS","styleUrl":"#line12","stroke-opacity":1,"stroke":"#0000FF","stroke-width":1,"name":"FONDO"}},
{"type":"Feature","geometry":{"type":"LineString","coordinates":[[-63.01192,-17.72943],[-63.01193,-17.72943],[-63.01193,-17.72944],[-63.01194,-17.72944],[-63.01195,-17.72944],[-63.01195,-17.72945],[-63.01196,-17.72945],[-63.01196,-17.72946],[-63.01196,-17.72947],[-63.01197,-17.72947],[-63.01197,-17.72948],[-63.01197,-17.72949],[-63.01197,-17.7295],[-63.01198,-17.7295],[-63.01198,-17.72951],[-63.01198,-17.72952],[-63.01197,-17.72952],[-63.01197,-17.72953],[-63.01197,-17.72954],[-63.01197,-17.72955],[-63.01196,-17.72955],[-63.01196,-17.72956],[-63.01195,-17.72956],[-63.01195,-17.72957],[-63.01194,-17.72957],[-63.01194,-17.72958],[-63.01193,-17.72958],[-63.01192,-17.72958],[-63.01191,-17.72958],[-63.01191,-17.72959],[-63.0119,-17.72959]]},"properties":{"description":"MANZANOS","styleUrl":"#line12","stroke-opacity":1,"stroke":"#0000FF","stroke-width":1,"name":"FONDO"}},
{"type":"Feature","geometry":{"type":"LineString","coordinates":[[-63.01105,-17.72909],[-63.01106,-17.72909],[-63.01107,-17.72909],[-63.01107,-17.7291]]},"properties":{"description":"MANZANOS","styleUrl":"#line12","stroke-opacity":1,"stroke":"#0000FF","stroke-width":1,"name":"FONDO"}},
{"type":"Feature","geometry":{"type":"LineString","coordinates":[[-63.0107,-17.73014],[-63.01068,-17.72988]]},"properties":{"description":"MANZANOS","styleUrl":"#line12","stroke-opacity":1,"stroke":"#0000FF","stroke-width":1,"name":"FONDO"}},
{"type":"Feature","geometry":{"type":"LineString","coordinates":[[-63.0107,-17.73014],[-63.0107,-17.73015],[-63.0107,-17.73016],[-63.0107,-17.73017],[-63.01069,-17.73017],[-63.01069,-17.73018],[-63.01069,-17.73019],[-63.01068,-17.73019],[-63.01068,-17.7302],[-63.01067,-17.7302],[-63.01066,-17.7302],[-63.01066,-17.73021],[-63.01065,-17.73021],[-63.01064,-17.73021]]},"properties":{"description":"MANZANOS","styleUrl":"#line12","stroke-opacity":1,"stroke":"#0000FF","stroke-width":1,"name":"FONDO"}},
{"type":"Feature","geometry":{"type":"LineString","coordinates":[[-63.01082,-17.73014],[-63.01081,-17.72987]]},"properties":{"description":"MANZANOS","styleUrl":"#line12","stroke-opacity":1,"stroke":"#0000FF","stroke-width":1,"name":"FONDO"}},
{"type":"Feature","geometry":{"type":"LineString","coordinates":[[-63.01089,-17.7302],[-63.01088,-17.7302],[-63.01088,-17.73019],[-63.01087,-17.73019],[-63.01086,-17.73019],[-63.01085,-17.73019],[-63.01085,-17.73018],[-63.01084,-17.73018],[-63.01084,-17.73017],[-63.01083,-17.73017],[-63.01083,-17.73016],[-63.01083,-17.73015],[-63.01082,-17.73015],[-63.01082,-17.73014]]},"properties":{"description":"MANZANOS","styleUrl":"#line12","stroke-opacity":1,"stroke":"#0000FF","stroke-width":1,"name":"FONDO"}},
{"type":"Feature","geometry":{"type":"LineString","coordinates":[[-63.0129,-17.72925],[-63.01245,-17.72948]]},"properties":{"description":"MANZANOS","styleUrl":"#line12","stroke-opacity":1,"stroke":"#0000FF","stroke-width":1,"name":"FONDO"}},
{"type":"Feature","geometry":{"type":"LineString","coordinates":[[-63.01496,-17.72198],[-63.01496,-17.72197],[-63.01496,-17.72196],[-63.01497,-17.72195],[-63.01497,-17.72194],[-63.01498,-17.72194],[-63.01498,-17.72193],[-63.01498,-17.72192],[-63.01499,-17.72192],[-63.01499,-17.72191],[-63.015,-17.72191],[-63.015,-17.7219],[-63.01501,-17.7219],[-63.01502,-17.7219],[-63.01502,-17.72189],[-63.01503,-17.72189],[-63.01503,-17.72188],[-63.01504,-17.72188],[-63.01505,-17.72188],[-63.01506,-17.72187],[-63.01507,-17.72187],[-63.01508,-17.72187],[-63.01509,-17.72187],[-63.0151,-17.72187],[-63.0151,-17.72186],[-63.01511,-17.72186],[-63.01512,-17.72186],[-63.01513,-17.72186],[-63.01514,-17.72186],[-63.01514,-17.72187],[-63.01515,-17.72187],[-63.01516,-17.72187],[-63.01517,-17.72187],[-63.01518,-17.72187],[-63.01518,-17.72188],[-63.01519,-17.72188]]},"properties":{"description":"MANZANOS","styleUrl":"#line12","stroke-opacity":1,"stroke":"#0000FF","stroke-width":1,"name":"FONDO"}},
{"type":"Feature","geometry":{"type":"LineString","coordinates":[[-63.00847,-17.72936],[-63.00847,-17.72949]]},"properties":{"description":"MANZANOS","styleUrl":"#line12","stroke-opacity":1,"stroke":"#0000FF","stroke-width":1,"name":"FONDO"}},
{"type":"Feature","geometry":{"type":"LineString","coordinates":[[-63.01684,-17.72385],[-63.01705,-17.72352]]},"properties":{"description":"MANZANOS","styleUrl":"#line12","stroke-opacity":1,"stroke":"#0000FF","stroke-width":1,"name":"FONDO"}},
{"type":"Feature","geometry":{"type":"LineString","coordinates":[[-63.01684,-17.72385],[-63.01684,-17.72386],[-63.01683,-17.72386],[-63.01683,-17.72387],[-63.01682,-17.72387],[-63.01682,-17.72388],[-63.01681,-17.72388],[-63.0168,-17.72388],[-63.0168,-17.72389],[-63.01679,-17.72389],[-63.01678,-17.72389],[-63.01677,-17.72389],[-63.01676,-17.72389],[-63.01675,-17.72389],[-63.01674,-17.72389],[-63.01674,-17.72388],[-63.01673,-17.72388]]},"properties":{"description":"MANZANOS","styleUrl":"#line12","stroke-opacity":1,"stroke":"#0000FF","stroke-width":1,"name":"FONDO"}},
{"type":"Feature","geometry":{"type":"LineString","coordinates":[[-63.01532,-17.73101],[-63.01547,-17.7312]]},"properties":{"description":"MANZANOS","styleUrl":"#line12","stroke-opacity":1,"stroke":"#0000FF","stroke-width":1,"name":"FONDO"}},
{"type":"Feature","geometry":{"type":"LineString","coordinates":[[-63.01204,-17.73168],[-63.01332,-17.73135]]},"properties":{"description":"MANZANOS","styleUrl":"#line12","stroke-opacity":1,"stroke":"#0000FF","stroke-width":1,"name":"FONDO"}},
{"type":"Feature","geometry":{"type":"LineString","coordinates":[[-63.01252,-17.73168],[-63.01305,-17.73154]]},"properties":{"description":"MANZANOS","styleUrl":"#line12","stroke-opacity":1,"stroke":"#0000FF","stroke-width":1,"name":"FONDO"}},
{"type":"Feature","geometry":{"type":"LineString","coordinates":[[-63.01305,-17.73154],[-63.01306,-17.73154],[-63.01307,-17.73154],[-63.01308,-17.73154],[-63.01309,-17.73154],[-63.0131,-17.73154],[-63.0131,-17.73155],[-63.01311,-17.73155],[-63.01311,-17.73156],[-63.01312,-17.73156],[-63.01312,-17.73157],[-63.01313,-17.73157],[-63.01313,-17.73158],[-63.01313,-17.73159],[-63.01314,-17.73159],[-63.01314,-17.7316],[-63.01314,-17.73161],[-63.01314,-17.73162],[-63.01313,-17.73162],[-63.01313,-17.73163],[-63.01313,-17.73164],[-63.01312,-17.73164]]},"properties":{"description":"MANZANOS","styleUrl":"#line12","stroke-opacity":1,"stroke":"#0000FF","stroke-width":1,"name":"FONDO"}},
{"type":"Feature","geometry":{"type":"LineString","coordinates":[[-63.01275,-17.72678],[-63.01438,-17.72742]]},"properties":{"description":"MANZANOS","styleUrl":"#line12","stroke-opacity":1,"stroke":"#0000FF","stroke-width":1,"name":"FONDO"}},
{"type":"Feature","geometry":{"type":"LineString","coordinates":[[-63.01255,-17.72682],[-63.01427,-17.7275]]},"properties":{"description":"MANZANOS","styleUrl":"#line12","stroke-opacity":1,"stroke":"#0000FF","stroke-width":1,"name":"FONDO"}},
{"type":"Feature","geometry":{"type":"LineString","coordinates":[[-63.01249,-17.72683],[-63.01249,-17.72682],[-63.0125,-17.72682],[-63.01251,-17.72682],[-63.01252,-17.72682],[-63.01253,-17.72682],[-63.01254,-17.72682],[-63.01255,-17.72682]]},"properties":{"description":"MANZANOS","styleUrl":"#line12","stroke-opacity":1,"stroke":"#0000FF","stroke-width":1,"name":"FONDO"}},
{"type":"Feature","geometry":{"type":"LineString","coordinates":[[-63.01427,-17.7275],[-63.01427,-17.72751],[-63.01428,-17.72751],[-63.01429,-17.72751],[-63.01429,-17.72752],[-63.0143,-17.72752],[-63.0143,-17.72753],[-63.01431,-17.72753],[-63.01431,-17.72754],[-63.01432,-17.72754],[-63.01432,-17.72755],[-63.01432,-17.72756],[-63.01432,-17.72757],[-63.01432,-17.72758],[-63.01432,-17.72759],[-63.01432,-17.7276],[-63.01432,-17.72761],[-63.01431,-17.72761],[-63.01431,-17.72762],[-63.01431,-17.72763]]},"properties":{"description":"MANZANOS","styleUrl":"#line12","stroke-opacity":1,"stroke":"#0000FF","stroke-width":1,"name":"FONDO"}},
{"type":"Feature","geometry":{"type":"LineString","coordinates":[[-63.01207,-17.72722],[-63.01396,-17.72797]]},"properties":{"description":"MANZANOS","styleUrl":"#line12","stroke-opacity":1,"stroke":"#0000FF","stroke-width":1,"name":"FONDO"}},
{"type":"Feature","geometry":{"type":"LineString","coordinates":[[-63.01187,-17.72727],[-63.01385,-17.72805]]},"properties":{"description":"MANZANOS","styleUrl":"#line12","stroke-opacity":1,"stroke":"#0000FF","stroke-width":1,"name":"FONDO"}},
{"type":"Feature","geometry":{"type":"LineString","coordinates":[[-63.01385,-17.72805],[-63.01386,-17.72805],[-63.01386,-17.72806],[-63.01387,-17.72806],[-63.01387,-17.72807],[-63.01388,-17.72807],[-63.01388,-17.72808],[-63.01389,-17.72808],[-63.01389,-17.72809],[-63.0139,-17.72809],[-63.0139,-17.7281],[-63.0139,-17.72811],[-63.0139,-17.72812],[-63.0139,-17.72813],[-63.0139,-17.72814],[-63.0139,-17.72815],[-63.0139,-17.72816],[-63.01389,-17.72816],[-63.01389,-17.72817]]},"properties":{"description":"MANZANOS","styleUrl":"#line12","stroke-opacity":1,"stroke":"#0000FF","stroke-width":1,"name":"FONDO"}},
{"type":"Feature","geometry":{"type":"LineString","coordinates":[[-63.02173,-17.72096],[-63.01952,-17.72012]]},"properties":{"description":"MANZANOS","styleUrl":"#line12","stroke-opacity":1,"stroke":"#0000FF","stroke-width":1,"name":"FONDO"}},
{"type":"Feature","geometry":{"type":"LineString","coordinates":[[-63.01922,-17.72001],[-63.01708,-17.7192]]},"properties":{"description":"MANZANOS","styleUrl":"#line12","stroke-opacity":1,"stroke":"#0000FF","stroke-width":1,"name":"FONDO"}},
{"type":"Feature","geometry":{"type":"LineString","coordinates":[[-63.02181,-17.72094],[-63.0218,-17.72094],[-63.0218,-17.72095],[-63.02179,-17.72095],[-63.02179,-17.72096],[-63.02178,-17.72096],[-63.02177,-17.72096],[-63.02176,-17.72096],[-63.02175,-17.72096],[-63.02174,-17.72096],[-63.02173,-17.72096]]},"properties":{"description":"MANZANOS","styleUrl":"#line12","stroke-opacity":1,"stroke":"#0000FF","stroke-width":1,"name":"FONDO"}},
{"type":"Feature","geometry":{"type":"LineString","coordinates":[[-63.0216,-17.72104],[-63.01943,-17.72021]]},"properties":{"description":"MANZANOS","styleUrl":"#line12","stroke-opacity":1,"stroke":"#0000FF","stroke-width":1,"name":"FONDO"}},
{"type":"Feature","geometry":{"type":"LineString","coordinates":[[-63.01932,-17.72025],[-63.01932,-17.72024],[-63.01933,-17.72024],[-63.01933,-17.72023],[-63.01934,-17.72023],[-63.01934,-17.72022],[-63.01935,-17.72022],[-63.01936,-17.72022],[-63.01936,-17.72021],[-63.01937,-17.72021],[-63.01938,-17.72021],[-63.01939,-17.72021],[-63.0194,-17.72021],[-63.01941,-17.72021],[-63.01942,-17.72021],[-63.01943,-17.72021]]},"properties":{"description":"MANZANOS","styleUrl":"#line12","stroke-opacity":1,"stroke":"#0000FF","stroke-width":1,"name":"FONDO"}},
{"type":"Feature","geometry":{"type":"LineString","coordinates":[[-63.01912,-17.7201],[-63.01697,-17.71929]]},"properties":{"description":"MANZANOS","styleUrl":"#line12","stroke-opacity":1,"stroke":"#0000FF","stroke-width":1,"name":"FONDO"}},
{"type":"Feature","geometry":{"type":"LineString","coordinates":[[-63.01687,-17.71932],[-63.01688,-17.71931],[-63.01688,-17.7193],[-63.01689,-17.7193],[-63.0169,-17.7193],[-63.0169,-17.71929],[-63.01691,-17.71929],[-63.01692,-17.71929],[-63.01692,-17.71928],[-63.01693,-17.71928],[-63.01694,-17.71928],[-63.01695,-17.71928],[-63.01696,-17.71928],[-63.01696,-17.71929],[-63.01697,-17.71929]]},"properties":{"description":"MANZANOS","styleUrl":"#line12","stroke-opacity":1,"stroke":"#0000FF","stroke-width":1,"name":"FONDO"}},
{"type":"Feature","geometry":{"type":"LineString","coordinates":[[-63.01912,-17.7201],[-63.01913,-17.7201],[-63.01914,-17.72011],[-63.01915,-17.72011],[-63.01915,-17.72012],[-63.01916,-17.72012],[-63.01916,-17.72013],[-63.01917,-17.72013],[-63.01917,-17.72014],[-63.01917,-17.72015],[-63.01917,-17.72016],[-63.01918,-17.72016],[-63.01918,-17.72017],[-63.01918,-17.72018],[-63.01918,-17.72019],[-63.01917,-17.72019],[-63.01917,-17.7202],[-63.01917,-17.72021],[-63.01917,-17.72022],[-63.01916,-17.72022]]},"properties":{"description":"MANZANOS","styleUrl":"#line12","stroke-opacity":1,"stroke":"#0000FF","stroke-width":1,"name":"FONDO"}},
{"type":"Feature","geometry":{"type":"LineString","coordinates":[[-63.0216,-17.72104],[-63.02161,-17.72104],[-63.02162,-17.72104],[-63.02162,-17.72105],[-63.02163,-17.72105],[-63.02163,-17.72106],[-63.02164,-17.72106],[-63.02164,-17.72107],[-63.02164,-17.72108],[-63.02164,-17.72109],[-63.02164,-17.7211],[-63.02164,-17.72111],[-63.02164,-17.72112],[-63.02164,-17.72113],[-63.02163,-17.72113],[-63.02163,-17.72114]]},"properties":{"description":"MANZANOS","styleUrl":"#line12","stroke-opacity":1,"stroke":"#0000FF","stroke-width":1,"name":"FONDO"}},
{"type":"Feature","geometry":{"type":"LineString","coordinates":[[-63.02132,-17.72141],[-63.0192,-17.72062]]},"properties":{"description":"MANZANOS","styleUrl":"#line12","stroke-opacity":1,"stroke":"#0000FF","stroke-width":1,"name":"FONDO"}},
{"type":"Feature","geometry":{"type":"LineString","coordinates":[[-63.0189,-17.7205],[-63.01673,-17.71968]]},"properties":{"description":"MANZANOS","styleUrl":"#line12","stroke-opacity":1,"stroke":"#0000FF","stroke-width":1,"name":"FONDO"}},
{"type":"Feature","geometry":{"type":"LineString","coordinates":[[-63.01673,-17.71968],[-63.01672,-17.71968],[-63.01671,-17.71968],[-63.01671,-17.71967],[-63.0167,-17.71967],[-63.0167,-17.71966],[-63.01669,-17.71966],[-63.01669,-17.71965],[-63.01669,-17.71964],[-63.01668,-17.71964],[-63.01668,-17.71963],[-63.01668,-17.71962],[-63.01668,-17.71961],[-63.01668,-17.7196],[-63.01668,-17.71959],[-63.01668,-17.71958],[-63.01668,-17.71957],[-63.01669,-17.71957],[-63.01669,-17.71956]]},"properties":{"description":"MANZANOS","styleUrl":"#line12","stroke-opacity":1,"stroke":"#0000FF","stroke-width":1,"name":"FONDO"}},
{"type":"Feature","geometry":{"type":"LineString","coordinates":[[-63.02139,-17.7214],[-63.02138,-17.7214],[-63.02138,-17.72141],[-63.02137,-17.72141],[-63.02136,-17.72141],[-63.02136,-17.72142],[-63.02135,-17.72142],[-63.02134,-17.72142],[-63.02133,-17.72142],[-63.02132,-17.72142],[-63.02132,-17.72141]]},"properties":{"description":"MANZANOS","styleUrl":"#line12","stroke-opacity":1,"stroke":"#0000FF","stroke-width":1,"name":"FONDO"}},
{"type":"Feature","geometry":{"type":"LineString","coordinates":[[-63.02119,-17.72149],[-63.01911,-17.72071]]},"properties":{"description":"MANZANOS","styleUrl":"#line12","stroke-opacity":1,"stroke":"#0000FF","stroke-width":1,"name":"FONDO"}},
{"type":"Feature","geometry":{"type":"LineString","coordinates":[[-63.01901,-17.72074],[-63.01901,-17.72073],[-63.01902,-17.72073],[-63.01902,-17.72072],[-63.01903,-17.72072],[-63.01903,-17.72071],[-63.01904,-17.72071],[-63.01905,-17.72071],[-63.01906,-17.7207],[-63.01907,-17.7207],[-63.01908,-17.7207],[-63.01909,-17.7207],[-63.0191,-17.7207],[-63.0191,-17.72071],[-63.01911,-17.72071]]},"properties":{"description":"MANZANOS","styleUrl":"#line12","stroke-opacity":1,"stroke":"#0000FF","stroke-width":1,"name":"FONDO"}},
{"type":"Feature","geometry":{"type":"LineString","coordinates":[[-63.01881,-17.72059],[-63.01661,-17.71977]]},"properties":{"description":"MANZANOS","styleUrl":"#line12","stroke-opacity":1,"stroke":"#0000FF","stroke-width":1,"name":"FONDO"}},
{"type":"Feature","geometry":{"type":"LineString","coordinates":[[-63.01651,-17.71979],[-63.01652,-17.71979],[-63.01652,-17.71978],[-63.01653,-17.71978],[-63.01653,-17.71977],[-63.01654,-17.71977],[-63.01655,-17.71977],[-63.01655,-17.71976],[-63.01656,-17.71976],[-63.01657,-17.71976],[-63.01658,-17.71976],[-63.01659,-17.71976],[-63.0166,-17.71976],[-63.01661,-17.71976],[-63.01661,-17.71977]]},"properties":{"description":"MANZANOS","styleUrl":"#line12","stroke-opacity":1,"stroke":"#0000FF","stroke-width":1,"name":"FONDO"}},
{"type":"Feature","geometry":{"type":"LineString","coordinates":[[-63.01881,-17.72059],[-63.01881,-17.7206],[-63.01882,-17.7206],[-63.01883,-17.7206],[-63.01883,-17.72061],[-63.01884,-17.72061],[-63.01884,-17.72062],[-63.01885,-17.72062],[-63.01885,-17.72063],[-63.01885,-17.72064],[-63.01886,-17.72064],[-63.01886,-17.72065],[-63.01886,-17.72066],[-63.01886,-17.72067],[-63.01886,-17.72068],[-63.01886,-17.72069],[-63.01886,-17.7207],[-63.01885,-17.7207],[-63.01885,-17.72071]]},"properties":{"description":"MANZANOS","styleUrl":"#line12","stroke-opacity":1,"stroke":"#0000FF","stroke-width":1,"name":"FONDO"}},
{"type":"Feature","geometry":{"type":"LineString","coordinates":[[-63.0209,-17.72187],[-63.01889,-17.72111]]},"properties":{"description":"MANZANOS","styleUrl":"#line12","stroke-opacity":1,"stroke":"#0000FF","stroke-width":1,"name":"FONDO"}},
{"type":"Feature","geometry":{"type":"LineString","coordinates":[[-63.01859,-17.72099],[-63.01637,-17.72016]]},"properties":{"description":"MANZANOS","styleUrl":"#line12","stroke-opacity":1,"stroke":"#0000FF","stroke-width":1,"name":"FONDO"}},
{"type":"Feature","geometry":{"type":"LineString","coordinates":[[-63.01637,-17.72016],[-63.01636,-17.72016],[-63.01636,-17.72015],[-63.01635,-17.72015],[-63.01635,-17.72014],[-63.01634,-17.72014],[-63.01634,-17.72013],[-63.01633,-17.72013],[-63.01633,-17.72012],[-63.01632,-17.72012],[-63.01632,-17.72011],[-63.01632,-17.7201],[-63.01632,-17.72009],[-63.01632,-17.72008],[-63.01632,-17.72007],[-63.01632,-17.72006],[-63.01632,-17.72005],[-63.01633,-17.72005],[-63.01633,-17.72004]]},"properties":{"description":"MANZANOS","styleUrl":"#line12","stroke-opacity":1,"stroke":"#0000FF","stroke-width":1,"name":"FONDO"}},
{"type":"Feature","geometry":{"type":"LineString","coordinates":[[-63.02077,-17.72195],[-63.0188,-17.7212]]},"properties":{"description":"MANZANOS","styleUrl":"#line12","stroke-opacity":1,"stroke":"#0000FF","stroke-width":1,"name":"FONDO"}},
{"type":"Feature","geometry":{"type":"LineString","coordinates":[[-63.01869,-17.72123],[-63.0187,-17.72123],[-63.0187,-17.72122],[-63.01871,-17.72122],[-63.01871,-17.72121],[-63.01872,-17.72121],[-63.01872,-17.7212],[-63.01873,-17.7212],[-63.01874,-17.7212],[-63.01875,-17.7212],[-63.01875,-17.72119],[-63.01876,-17.72119],[-63.01877,-17.72119],[-63.01878,-17.7212],[-63.01879,-17.7212],[-63.0188,-17.7212]]},"properties":{"description":"MANZANOS","styleUrl":"#line12","stroke-opacity":1,"stroke":"#0000FF","stroke-width":1,"name":"FONDO"}},
{"type":"Feature","geometry":{"type":"LineString","coordinates":[[-63.01849,-17.72109],[-63.01626,-17.72024]]},"properties":{"description":"MANZANOS","styleUrl":"#line12","stroke-opacity":1,"stroke":"#0000FF","stroke-width":1,"name":"FONDO"}},
{"type":"Feature","geometry":{"type":"LineString","coordinates":[[-63.01616,-17.72027],[-63.01616,-17.72026],[-63.01617,-17.72026],[-63.01617,-17.72025],[-63.01618,-17.72025],[-63.01619,-17.72025],[-63.01619,-17.72024],[-63.0162,-17.72024],[-63.01621,-17.72024],[-63.01622,-17.72024],[-63.01623,-17.72024],[-63.01624,-17.72024],[-63.01625,-17.72024],[-63.01626,-17.72024]]},"properties":{"description":"MANZANOS","styleUrl":"#line12","stroke-opacity":1,"stroke":"#0000FF","stroke-width":1,"name":"FONDO"}},
{"type":"Feature","geometry":{"type":"LineString","coordinates":[[-63.02077,-17.72195],[-63.02078,-17.72195],[-63.02079,-17.72195],[-63.02079,-17.72196],[-63.0208,-17.72196],[-63.0208,-17.72197],[-63.02081,-17.72197],[-63.02081,-17.72198],[-63.02081,-17.72199],[-63.02081,-17.722],[-63.02081,-17.72201],[-63.02081,-17.72202],[-63.02081,-17.72203],[-63.02081,-17.72204],[-63.0208,-17.72204],[-63.0208,-17.72205]]},"properties":{"description":"MANZANOS","styleUrl":"#line12","stroke-opacity":1,"stroke":"#0000FF","stroke-width":1,"name":"FONDO"}},
{"type":"Feature","geometry":{"type":"LineString","coordinates":[[-63.02049,-17.72232],[-63.01857,-17.7216]]},"properties":{"description":"MANZANOS","styleUrl":"#line12","stroke-opacity":1,"stroke":"#0000FF","stroke-width":1,"name":"FONDO"}},
{"type":"Feature","geometry":{"type":"LineString","coordinates":[[-63.01827,-17.72149],[-63.01601,-17.72064]]},"properties":{"description":"MANZANOS","styleUrl":"#line12","stroke-opacity":1,"stroke":"#0000FF","stroke-width":1,"name":"FONDO"}},
{"type":"Feature","geometry":{"type":"LineString","coordinates":[[-63.01601,-17.72064],[-63.01601,-17.72063],[-63.016,-17.72063],[-63.01599,-17.72063],[-63.01599,-17.72062],[-63.01598,-17.72062],[-63.01598,-17.72061],[-63.01597,-17.72061],[-63.01597,-17.7206],[-63.01597,-17.72059],[-63.01596,-17.72059],[-63.01596,-17.72058],[-63.01596,-17.72057],[-63.01596,-17.72056],[-63.01596,-17.72055],[-63.01596,-17.72054],[-63.01596,-17.72053],[-63.01597,-17.72052],[-63.01597,-17.72051]]},"properties":{"description":"MANZANOS","styleUrl":"#line12","stroke-opacity":1,"stroke":"#0000FF","stroke-width":1,"name":"FONDO"}},
{"type":"Feature","geometry":{"type":"LineString","coordinates":[[-63.0204,-17.72242],[-63.01848,-17.72169]]},"properties":{"description":"MANZANOS","styleUrl":"#line12","stroke-opacity":1,"stroke":"#0000FF","stroke-width":1,"name":"FONDO"}},
{"type":"Feature","geometry":{"type":"LineString","coordinates":[[-63.02004,-17.72287],[-63.01821,-17.72217]]},"properties":{"description":"MANZANOS","styleUrl":"#line12","stroke-opacity":1,"stroke":"#0000FF","stroke-width":1,"name":"FONDO"}},
{"type":"Feature","geometry":{"type":"LineString","coordinates":[[-63.01991,-17.72294],[-63.01811,-17.72226]]},"properties":{"description":"MANZANOS","styleUrl":"#line12","stroke-opacity":1,"stroke":"#0000FF","stroke-width":1,"name":"FONDO"}},
{"type":"Feature","geometry":{"type":"LineString","coordinates":[[-63.01991,-17.72294],[-63.01992,-17.72294],[-63.01992,-17.72295],[-63.01993,-17.72295],[-63.01993,-17.72296],[-63.01994,-17.72296],[-63.01994,-17.72297],[-63.01995,-17.72297],[-63.01995,-17.72298],[-63.01995,-17.72299],[-63.01995,-17.723],[-63.01995,-17.72301],[-63.01995,-17.72302],[-63.01995,-17.72303],[-63.01994,-17.72303],[-63.01994,-17.72304]]},"properties":{"description":"MANZANOS","styleUrl":"#line12","stroke-opacity":1,"stroke":"#0000FF","stroke-width":1,"name":"FONDO"}},
{"type":"Feature","geometry":{"type":"LineString","coordinates":[[-63.01838,-17.72173],[-63.01838,-17.72172],[-63.01839,-17.72172],[-63.01839,-17.72171],[-63.0184,-17.72171],[-63.0184,-17.7217],[-63.01841,-17.7217],[-63.01841,-17.72169],[-63.01842,-17.72169],[-63.01843,-17.72169],[-63.01844,-17.72169],[-63.01845,-17.72169],[-63.01846,-17.72169],[-63.01847,-17.72169],[-63.01848,-17.72169]]},"properties":{"description":"MANZANOS","styleUrl":"#line12","stroke-opacity":1,"stroke":"#0000FF","stroke-width":1,"name":"FONDO"}},
{"type":"Feature","geometry":{"type":"LineString","coordinates":[[-63.01818,-17.72158],[-63.0159,-17.72072]]},"properties":{"description":"MANZANOS","styleUrl":"#line12","stroke-opacity":1,"stroke":"#0000FF","stroke-width":1,"name":"FONDO"}},
{"type":"Feature","geometry":{"type":"LineString","coordinates":[[-63.01793,-17.72201],[-63.01563,-17.72114]]},"properties":{"description":"MANZANOS","styleUrl":"#line12","stroke-opacity":1,"stroke":"#0000FF","stroke-width":1,"name":"FONDO"}},
{"type":"Feature","geometry":{"type":"LineString","coordinates":[[-63.01784,-17.7221],[-63.01551,-17.72123]]},"properties":{"description":"MANZANOS","styleUrl":"#line12","stroke-opacity":1,"stroke":"#0000FF","stroke-width":1,"name":"FONDO"}},
{"type":"Feature","geometry":{"type":"LineString","coordinates":[[-63.01541,-17.72125],[-63.01542,-17.72125],[-63.01542,-17.72124],[-63.01543,-17.72124],[-63.01543,-17.72123],[-63.01544,-17.72123],[-63.01545,-17.72123],[-63.01545,-17.72122],[-63.01546,-17.72122],[-63.01547,-17.72122],[-63.01548,-17.72122],[-63.01549,-17.72122],[-63.0155,-17.72122],[-63.01551,-17.72122],[-63.01551,-17.72123]]},"properties":{"description":"MANZANOS","styleUrl":"#line12","stroke-opacity":1,"stroke":"#0000FF","stroke-width":1,"name":"FONDO"}},
{"type":"Feature","geometry":{"type":"LineString","coordinates":[[-63.01784,-17.7221],[-63.01785,-17.7221],[-63.01785,-17.72211],[-63.01786,-17.72211],[-63.01786,-17.72212],[-63.01787,-17.72212],[-63.01787,-17.72213],[-63.01788,-17.72213],[-63.01788,-17.72214],[-63.01789,-17.72214],[-63.01789,-17.72215],[-63.01789,-17.72216],[-63.01789,-17.72217],[-63.0179,-17.72217],[-63.0179,-17.72218],[-63.0179,-17.72219],[-63.01789,-17.72219],[-63.01789,-17.7222],[-63.01789,-17.72221],[-63.01789,-17.72222],[-63.01788,-17.72222]]},"properties":{"description":"MANZANOS","styleUrl":"#line12","stroke-opacity":1,"stroke":"#0000FF","stroke-width":1,"name":"FONDO"}},
{"type":"Feature","geometry":{"type":"LineString","coordinates":[[-63.0158,-17.72075],[-63.0158,-17.72074],[-63.01581,-17.72074],[-63.01581,-17.72073],[-63.01582,-17.72073],[-63.01582,-17.72072],[-63.01583,-17.72072],[-63.01584,-17.72072],[-63.01585,-17.72071],[-63.01586,-17.72071],[-63.01587,-17.72071],[-63.01588,-17.72071],[-63.01589,-17.72071],[-63.01589,-17.72072],[-63.0159,-17.72072]]},"properties":{"description":"MANZANOS","styleUrl":"#line12","stroke-opacity":1,"stroke":"#0000FF","stroke-width":1,"name":"FONDO"}},
{"type":"Feature","geometry":{"type":"LineString","coordinates":[[-63.01818,-17.72158],[-63.01819,-17.72158],[-63.01819,-17.72159],[-63.0182,-17.72159],[-63.0182,-17.7216],[-63.01821,-17.7216],[-63.01821,-17.72161],[-63.01822,-17.72161],[-63.01822,-17.72162],[-63.01823,-17.72162],[-63.01823,-17.72163],[-63.01823,-17.72164],[-63.01823,-17.72165],[-63.01823,-17.72166],[-63.01823,-17.72167],[-63.01823,-17.72168],[-63.01822,-17.72168],[-63.01822,-17.72169],[-63.01822,-17.7217]]},"properties":{"description":"MANZANOS","styleUrl":"#line12","stroke-opacity":1,"stroke":"#0000FF","stroke-width":1,"name":"FONDO"}},
{"type":"Feature","geometry":{"type":"LineString","coordinates":[[-63.0204,-17.72242],[-63.02041,-17.72242],[-63.02041,-17.72243],[-63.02042,-17.72243],[-63.02042,-17.72244],[-63.02043,-17.72244],[-63.02043,-17.72245],[-63.02043,-17.72246],[-63.02044,-17.72246],[-63.02044,-17.72247],[-63.02044,-17.72248],[-63.02044,-17.72249],[-63.02043,-17.72249],[-63.02043,-17.7225],[-63.02043,-17.72251],[-63.02042,-17.72251],[-63.02042,-17.72252]]},"properties":{"description":"MANZANOS","styleUrl":"#line12","stroke-opacity":1,"stroke":"#0000FF","stroke-width":1,"name":"FONDO"}},
{"type":"Feature","geometry":{"type":"LineString","coordinates":[[-63.01839,-17.72544],[-63.01658,-17.72467]]},"properties":{"description":"MANZANOS","styleUrl":"#line12","stroke-opacity":1,"stroke":"#0000FF","stroke-width":1,"name":"FONDO"}},
{"type":"Feature","geometry":{"type":"LineString","coordinates":[[-63.01839,-17.72544],[-63.0184,-17.72544],[-63.0184,-17.72545],[-63.01841,-17.72545],[-63.01841,-17.72546],[-63.01842,-17.72546],[-63.01842,-17.72547],[-63.01843,-17.72547],[-63.01843,-17.72548],[-63.01843,-17.72549],[-63.01843,-17.7255],[-63.01843,-17.72551],[-63.01843,-17.72552],[-63.01843,-17.72553],[-63.01842,-17.72553]]},"properties":{"description":"MANZANOS","styleUrl":"#line12","stroke-opacity":1,"stroke":"#0000FF","stroke-width":1,"name":"FONDO"}},
{"type":"Feature","geometry":{"type":"LineString","coordinates":[[-63.01647,-17.7247],[-63.01648,-17.7247],[-63.01648,-17.72469],[-63.01649,-17.72469],[-63.01649,-17.72468],[-63.0165,-17.72468],[-63.0165,-17.72467],[-63.01651,-17.72467],[-63.01652,-17.72467],[-63.01652,-17.72466],[-63.01653,-17.72466],[-63.01654,-17.72466],[-63.01655,-17.72466],[-63.01656,-17.72466],[-63.01657,-17.72466],[-63.01657,-17.72467],[-63.01658,-17.72467]]},"properties":{"description":"MANZANOS","styleUrl":"#line12","stroke-opacity":1,"stroke":"#0000FF","stroke-width":1,"name":"FONDO"}},
{"type":"Feature","geometry":{"type":"LineString","coordinates":[[-63.01629,-17.72454],[-63.01436,-17.72372]]},"properties":{"description":"MANZANOS","styleUrl":"#line12","stroke-opacity":1,"stroke":"#0000FF","stroke-width":1,"name":"FONDO"}},
{"type":"Feature","geometry":{"type":"LineString","coordinates":[[-63.01425,-17.72375],[-63.01426,-17.72374],[-63.01427,-17.72373],[-63.01428,-17.72373],[-63.01428,-17.72372],[-63.01429,-17.72372],[-63.0143,-17.72372],[-63.01431,-17.72371],[-63.01432,-17.72371],[-63.01433,-17.72371],[-63.01434,-17.72371],[-63.01434,-17.72372],[-63.01435,-17.72372],[-63.01436,-17.72372]]},"properties":{"description":"MANZANOS","styleUrl":"#line12","stroke-opacity":1,"stroke":"#0000FF","stroke-width":1,"name":"FONDO"}},
{"type":"Feature","geometry":{"type":"LineString","coordinates":[[-63.01629,-17.72454],[-63.01629,-17.72455],[-63.0163,-17.72455],[-63.01631,-17.72455],[-63.01631,-17.72456],[-63.01632,-17.72456],[-63.01632,-17.72457],[-63.01632,-17.72458],[-63.01633,-17.72458],[-63.01633,-17.72459],[-63.01633,-17.7246],[-63.01633,-17.72461],[-63.01634,-17.72461],[-63.01634,-17.72462],[-63.01634,-17.72463],[-63.01633,-17.72463],[-63.01633,-17.72464],[-63.01633,-17.72465],[-63.01633,-17.72466],[-63.01632,-17.72466]]},"properties":{"description":"MANZANOS","styleUrl":"#line12","stroke-opacity":1,"stroke":"#0000FF","stroke-width":1,"name":"FONDO"}},
{"type":"Feature","geometry":{"type":"LineString","coordinates":[[-63.01847,-17.72535],[-63.01667,-17.72458]]},"properties":{"description":"MANZANOS","styleUrl":"#line12","stroke-opacity":1,"stroke":"#0000FF","stroke-width":1,"name":"FONDO"}},
{"type":"Feature","geometry":{"type":"LineString","coordinates":[[-63.01637,-17.72445],[-63.01444,-17.72363]]},"properties":{"description":"MANZANOS","styleUrl":"#line12","stroke-opacity":1,"stroke":"#0000FF","stroke-width":1,"name":"FONDO"}},
{"type":"Feature","geometry":{"type":"LineString","coordinates":[[-63.01444,-17.72363],[-63.01443,-17.72362],[-63.01442,-17.72362],[-63.01442,-17.72361],[-63.01441,-17.72361],[-63.01441,-17.7236],[-63.0144,-17.7236],[-63.0144,-17.72359],[-63.01439,-17.72359],[-63.01439,-17.72358],[-63.01439,-17.72357],[-63.01439,-17.72356],[-63.01439,-17.72355],[-63.01439,-17.72354],[-63.01439,-17.72353],[-63.01439,-17.72352],[-63.01439,-17.72351],[-63.0144,-17.72351]]},"properties":{"description":"MANZANOS","styleUrl":"#line12","stroke-opacity":1,"stroke":"#0000FF","stroke-width":1,"name":"FONDO"}},
{"type":"Feature","geometry":{"type":"LineString","coordinates":[[-63.01875,-17.72487],[-63.01694,-17.7241]]},"properties":{"description":"MANZANOS","styleUrl":"#line12","stroke-opacity":1,"stroke":"#0000FF","stroke-width":1,"name":"FONDO"}},
{"type":"Feature","geometry":{"type":"LineString","coordinates":[[-63.01684,-17.72413],[-63.01684,-17.72412],[-63.01685,-17.72412],[-63.01685,-17.72411],[-63.01686,-17.72411],[-63.01687,-17.72411],[-63.01687,-17.7241],[-63.01688,-17.7241],[-63.01689,-17.7241],[-63.0169,-17.7241],[-63.0169,-17.72409],[-63.01691,-17.72409],[-63.01692,-17.72409],[-63.01692,-17.7241],[-63.01693,-17.7241],[-63.01694,-17.7241]]},"properties":{"description":"MANZANOS","styleUrl":"#line12","stroke-opacity":1,"stroke":"#0000FF","stroke-width":1,"name":"FONDO"}},
{"type":"Feature","geometry":{"type":"LineString","coordinates":[[-63.01665,-17.72398],[-63.01467,-17.72313]]},"properties":{"description":"MANZANOS","styleUrl":"#line12","stroke-opacity":1,"stroke":"#0000FF","stroke-width":1,"name":"FONDO"}},
{"type":"Feature","geometry":{"type":"LineString","coordinates":[[-63.01456,-17.72318],[-63.01456,-17.72317],[-63.01456,-17.72316],[-63.01457,-17.72316],[-63.01457,-17.72315],[-63.01458,-17.72315],[-63.01458,-17.72314],[-63.01459,-17.72314],[-63.0146,-17.72314],[-63.0146,-17.72313],[-63.01461,-17.72313],[-63.01462,-17.72313],[-63.01463,-17.72313],[-63.01464,-17.72313],[-63.01465,-17.72313],[-63.01466,-17.72313],[-63.01467,-17.72313]]},"properties":{"description":"MANZANOS","styleUrl":"#line12","stroke-opacity":1,"stroke":"#0000FF","stroke-width":1,"name":"FONDO"}},
{"type":"Feature","geometry":{"type":"LineString","coordinates":[[-63.01665,-17.72398],[-63.01666,-17.72398],[-63.01667,-17.72399],[-63.01668,-17.72399],[-63.01668,-17.724],[-63.01669,-17.72401],[-63.01669,-17.72402],[-63.01669,-17.72403],[-63.0167,-17.72403],[-63.0167,-17.72404],[-63.0167,-17.72405],[-63.0167,-17.72406],[-63.0167,-17.72407],[-63.01669,-17.72407],[-63.01669,-17.72408],[-63.01669,-17.72409]]},"properties":{"description":"MANZANOS","styleUrl":"#line12","stroke-opacity":1,"stroke":"#0000FF","stroke-width":1,"name":"FONDO"}},
{"type":"Feature","geometry":{"type":"LineString","coordinates":[[-63.01881,-17.72477],[-63.01703,-17.72401]]},"properties":{"description":"MANZANOS","styleUrl":"#line12","stroke-opacity":1,"stroke":"#0000FF","stroke-width":1,"name":"FONDO"}},
{"type":"Feature","geometry":{"type":"LineString","coordinates":[[-63.01673,-17.72388],[-63.01469,-17.72301]]},"properties":{"description":"MANZANOS","styleUrl":"#line12","stroke-opacity":1,"stroke":"#0000FF","stroke-width":1,"name":"FONDO"}},
{"type":"Feature","geometry":{"type":"LineString","coordinates":[[-63.01906,-17.72428],[-63.01731,-17.72353]]},"properties":{"description":"MANZANOS","styleUrl":"#line12","stroke-opacity":1,"stroke":"#0000FF","stroke-width":1,"name":"FONDO"}},
{"type":"Feature","geometry":{"type":"LineString","coordinates":[[-63.01906,-17.72428],[-63.01907,-17.72428],[-63.01907,-17.72429],[-63.01908,-17.72429],[-63.01908,-17.7243],[-63.01909,-17.7243],[-63.01909,-17.72431],[-63.0191,-17.72431],[-63.0191,-17.72432],[-63.0191,-17.72433],[-63.0191,-17.72434],[-63.0191,-17.72435],[-63.0191,-17.72436],[-63.0191,-17.72437]]},"properties":{"description":"MANZANOS","styleUrl":"#line12","stroke-opacity":1,"stroke":"#0000FF","stroke-width":1,"name":"FONDO"}},
{"type":"Feature","geometry":{"type":"LineString","coordinates":[[-63.0172,-17.72357],[-63.0172,-17.72356],[-63.01721,-17.72356],[-63.01721,-17.72355],[-63.01722,-17.72355],[-63.01722,-17.72354],[-63.01723,-17.72354],[-63.01724,-17.72353],[-63.01725,-17.72353],[-63.01726,-17.72353],[-63.01727,-17.72353],[-63.01728,-17.72353],[-63.01729,-17.72353],[-63.0173,-17.72353],[-63.01731,-17.72353]]},"properties":{"description":"MANZANOS","styleUrl":"#line12","stroke-opacity":1,"stroke":"#0000FF","stroke-width":1,"name":"FONDO"}},
{"type":"Feature","geometry":{"type":"LineString","coordinates":[[-63.01701,-17.72341],[-63.01488,-17.7225]]},"properties":{"description":"MANZANOS","styleUrl":"#line12","stroke-opacity":1,"stroke":"#0000FF","stroke-width":1,"name":"FONDO"}},
{"type":"Feature","geometry":{"type":"LineString","coordinates":[[-63.01701,-17.72341],[-63.01702,-17.72341],[-63.01703,-17.72342],[-63.01704,-17.72342],[-63.01704,-17.72343],[-63.01705,-17.72343],[-63.01705,-17.72344],[-63.01705,-17.72345],[-63.01706,-17.72345],[-63.01706,-17.72346],[-63.01706,-17.72347],[-63.01706,-17.72348],[-63.01706,-17.72349],[-63.01706,-17.7235],[-63.01706,-17.72351],[-63.01705,-17.72351],[-63.01705,-17.72352]]},"properties":{"description":"MANZANOS","styleUrl":"#line12","stroke-opacity":1,"stroke":"#0000FF","stroke-width":1,"name":"FONDO"}},
{"type":"Feature","geometry":{"type":"LineString","coordinates":[[-63.01477,-17.72255],[-63.01477,-17.72254],[-63.01477,-17.72253],[-63.01478,-17.72253],[-63.01478,-17.72252],[-63.01479,-17.72252],[-63.01479,-17.72251],[-63.0148,-17.72251],[-63.0148,-17.7225],[-63.01481,-17.7225],[-63.01482,-17.7225],[-63.01483,-17.72249],[-63.01484,-17.72249],[-63.01485,-17.72249],[-63.01486,-17.72249],[-63.01487,-17.72249],[-63.01487,-17.7225],[-63.01488,-17.7225]]},"properties":{"description":"MANZANOS","styleUrl":"#line12","stroke-opacity":1,"stroke":"#0000FF","stroke-width":1,"name":"FONDO"}},
{"type":"Feature","geometry":{"type":"LineString","coordinates":[[-63.01913,-17.72418],[-63.01739,-17.72344]]},"properties":{"description":"MANZANOS","styleUrl":"#line12","stroke-opacity":1,"stroke":"#0000FF","stroke-width":1,"name":"FONDO"}},
{"type":"Feature","geometry":{"type":"LineString","coordinates":[[-63.0171,-17.72332],[-63.0149,-17.72238]]},"properties":{"description":"MANZANOS","styleUrl":"#line12","stroke-opacity":1,"stroke":"#0000FF","stroke-width":1,"name":"FONDO"}},
{"type":"Feature","geometry":{"type":"LineString","coordinates":[[-63.01937,-17.72366],[-63.01771,-17.72295]]},"properties":{"description":"MANZANOS","styleUrl":"#line12","stroke-opacity":1,"stroke":"#0000FF","stroke-width":1,"name":"FONDO"}},
{"type":"Feature","geometry":{"type":"LineString","coordinates":[[-63.01756,-17.723],[-63.01757,-17.72299],[-63.01757,-17.72298],[-63.01758,-17.72298],[-63.01758,-17.72297],[-63.01759,-17.72297],[-63.01759,-17.72296],[-63.0176,-17.72296],[-63.01761,-17.72296],[-63.01761,-17.72295],[-63.01762,-17.72295],[-63.01763,-17.72295],[-63.01764,-17.72295],[-63.01764,-17.72294],[-63.01765,-17.72294],[-63.01766,-17.72294],[-63.01767,-17.72294],[-63.01768,-17.72294],[-63.01768,-17.72295],[-63.01769,-17.72295],[-63.0177,-17.72295],[-63.01771,-17.72295]]},"properties":{"description":"MANZANOS","styleUrl":"#line12","stroke-opacity":1,"stroke":"#0000FF","stroke-width":1,"name":"FONDO"}},
{"type":"Feature","geometry":{"type":"LineString","coordinates":[[-63.01736,-17.7228],[-63.01519,-17.72188]]},"properties":{"description":"MANZANOS","styleUrl":"#line12","stroke-opacity":1,"stroke":"#0000FF","stroke-width":1,"name":"FONDO"}},
{"type":"Feature","geometry":{"type":"LineString","coordinates":[[-63.01937,-17.72366],[-63.01938,-17.72366],[-63.01938,-17.72367],[-63.01939,-17.72367],[-63.01939,-17.72368],[-63.0194,-17.72368],[-63.0194,-17.72369],[-63.01941,-17.72369],[-63.01941,-17.7237],[-63.01942,-17.7237],[-63.01942,-17.72371],[-63.01942,-17.72372],[-63.01942,-17.72373],[-63.01942,-17.72374],[-63.01942,-17.72375],[-63.01942,-17.72376],[-63.01942,-17.72377],[-63.01941,-17.72377]]},"properties":{"description":"MANZANOS","styleUrl":"#line12","stroke-opacity":1,"stroke":"#0000FF","stroke-width":1,"name":"FONDO"}},
{"type":"Feature","geometry":{"type":"LineString","coordinates":[[-63.01736,-17.7228],[-63.01736,-17.72281],[-63.01737,-17.72281],[-63.01738,-17.72281],[-63.01738,-17.72282],[-63.01739,-17.72282],[-63.01739,-17.72283],[-63.0174,-17.72283],[-63.0174,-17.72284],[-63.01741,-17.72284],[-63.01741,-17.72285],[-63.01742,-17.72286],[-63.01742,-17.72287],[-63.01742,-17.72288],[-63.01743,-17.72288],[-63.01743,-17.72289],[-63.01743,-17.7229],[-63.01743,-17.72291],[-63.01743,-17.72292],[-63.01742,-17.72292],[-63.01742,-17.72293],[-63.01742,-17.72294],[-63.01742,-17.72295],[-63.01741,-17.72295],[-63.01741,-17.72296]]},"properties":{"description":"MANZANOS","styleUrl":"#line12","stroke-opacity":1,"stroke":"#0000FF","stroke-width":1,"name":"FONDO"}},
{"type":"Feature","geometry":{"type":"LineString","coordinates":[[-63.01949,-17.72347],[-63.01786,-17.72277]]},"properties":{"description":"MANZANOS","styleUrl":"#line12","stroke-opacity":1,"stroke":"#0000FF","stroke-width":1,"name":"FONDO"}},
{"type":"Feature","geometry":{"type":"LineString","coordinates":[[-63.01751,-17.72262],[-63.01534,-17.72169]]},"properties":{"description":"MANZANOS","styleUrl":"#line12","stroke-opacity":1,"stroke":"#0000FF","stroke-width":1,"name":"FONDO"}},
{"type":"Feature","geometry":{"type":"LineString","coordinates":[[-63.01534,-17.72169],[-63.01533,-17.72169],[-63.01532,-17.72169],[-63.01532,-17.72168],[-63.01531,-17.72168],[-63.0153,-17.72168],[-63.0153,-17.72167],[-63.01529,-17.72167],[-63.01529,-17.72166],[-63.01528,-17.72166],[-63.01528,-17.72165],[-63.01527,-17.72165],[-63.01527,-17.72164],[-63.01526,-17.72164],[-63.01526,-17.72163],[-63.01526,-17.72162],[-63.01525,-17.72162],[-63.01525,-17.72161],[-63.01525,-17.7216],[-63.01524,-17.7216],[-63.01524,-17.72159],[-63.01524,-17.72158],[-63.01524,-17.72157],[-63.01524,-17.72156],[-63.01523,-17.72156],[-63.01523,-17.72155],[-63.01523,-17.72154],[-63.01523,-17.72153],[-63.01524,-17.72153],[-63.01524,-17.72152],[-63.01524,-17.72151],[-63.01524,-17.7215],[-63.01524,-17.72149],[-63.01525,-17.72149],[-63.01525,-17.72148],[-63.01525,-17.72147],[-63.01526,-17.72147],[-63.01526,-17.72146],[-63.01526,-17.72145],[-63.01527,-17.72145]]},"properties":{"description":"MANZANOS","styleUrl":"#line12","stroke-opacity":1,"stroke":"#0000FF","stroke-width":1,"name":"FONDO"}},
{"type":"Feature","geometry":{"type":"LineString","coordinates":[[-63.01563,-17.72114],[-63.01562,-17.72114],[-63.01561,-17.72113],[-63.0156,-17.72113],[-63.0156,-17.72112],[-63.01559,-17.72112],[-63.01559,-17.72111],[-63.01559,-17.7211],[-63.01558,-17.7211],[-63.01558,-17.72109],[-63.01558,-17.72108],[-63.01558,-17.72107],[-63.01558,-17.72106],[-63.01558,-17.72105],[-63.01558,-17.72104],[-63.01558,-17.72103],[-63.01559,-17.72103],[-63.01559,-17.72102]]},"properties":{"description":"MANZANOS","styleUrl":"#line12","stroke-opacity":1,"stroke":"#0000FF","stroke-width":1,"name":"FONDO"}},
{"type":"Feature","geometry":{"type":"LineString","coordinates":[[-63.01559,-17.72102],[-63.0158,-17.72075]]},"properties":{"description":"MANZANOS","styleUrl":"#line12","stroke-opacity":1,"stroke":"#0000FF","stroke-width":1,"name":"FONDO"}},
{"type":"Feature","geometry":{"type":"LineString","coordinates":[[-63.01593,-17.72527],[-63.01593,-17.72528],[-63.01592,-17.72528],[-63.01592,-17.72529],[-63.01591,-17.72529],[-63.01591,-17.7253],[-63.0159,-17.7253],[-63.01589,-17.7253],[-63.01589,-17.72531],[-63.01588,-17.72531],[-63.01587,-17.72531],[-63.01586,-17.72531],[-63.01585,-17.72531],[-63.01584,-17.72531],[-63.01583,-17.72531]]},"properties":{"description":"MANZANOS","styleUrl":"#line12","stroke-opacity":1,"stroke":"#0000FF","stroke-width":1,"name":"FONDO"}},
{"type":"Feature","geometry":{"type":"LineString","coordinates":[[-63.01632,-17.72466],[-63.01593,-17.72527]]},"properties":{"description":"MANZANOS","styleUrl":"#line12","stroke-opacity":1,"stroke":"#0000FF","stroke-width":1,"name":"FONDO"}},
{"type":"Feature","geometry":{"type":"LineString","coordinates":[[-63.0085,-17.73152],[-63.00851,-17.73168]]},"properties":{"description":"MANZANOS","styleUrl":"#line12","stroke-opacity":1,"stroke":"#0000FF","stroke-width":1,"name":"FONDO"}},
{"type":"Feature","geometry":{"type":"LineString","coordinates":[[-63.01402,-17.731],[-63.01364,-17.73105]]},"properties":{"description":"MANZANOS","styleUrl":"#line12","stroke-opacity":1,"stroke":"#0000FF","stroke-width":1,"name":"FONDO"}},
{"type":"Feature","geometry":{"type":"LineString","coordinates":[[-63.01402,-17.731],[-63.01403,-17.731],[-63.01404,-17.731],[-63.01404,-17.73099],[-63.01405,-17.73099],[-63.01405,-17.731],[-63.01406,-17.731],[-63.01407,-17.731],[-63.01408,-17.731],[-63.01409,-17.731],[-63.0141,-17.731],[-63.01411,-17.731],[-63.01411,-17.73101],[-63.01412,-17.73101],[-63.01413,-17.73101],[-63.01413,-17.73102],[-63.01414,-17.73102],[-63.01415,-17.73102],[-63.01415,-17.73103],[-63.01416,-17.73103],[-63.01416,-17.73104],[-63.01417,-17.73104],[-63.01418,-17.73105],[-63.01419,-17.73106],[-63.01419,-17.73107],[-63.0142,-17.73107],[-63.0142,-17.73108],[-63.01421,-17.73108],[-63.01421,-17.73109],[-63.01421,-17.7311],[-63.01422,-17.7311]]},"properties":{"description":"MANZANOS","styleUrl":"#line12","stroke-opacity":1,"stroke":"#0000FF","stroke-width":1,"name":"FONDO"}},
{"type":"Feature","geometry":{"type":"LineString","coordinates":[[-63.01403,-17.73111],[-63.01366,-17.73116]]},"properties":{"description":"MANZANOS","styleUrl":"#line12","stroke-opacity":1,"stroke":"#0000FF","stroke-width":1,"name":"FONDO"}},
{"type":"Feature","geometry":{"type":"LineString","coordinates":[[-63.01403,-17.73111],[-63.01404,-17.73111],[-63.01405,-17.73111],[-63.01406,-17.73111],[-63.01406,-17.73112],[-63.01407,-17.73112],[-63.01408,-17.73112],[-63.01408,-17.73113],[-63.01409,-17.73113],[-63.01409,-17.73114],[-63.0141,-17.73114],[-63.0141,-17.73115]]},"properties":{"description":"MANZANOS","styleUrl":"#line12","stroke-opacity":1,"stroke":"#0000FF","stroke-width":1,"name":"FONDO"}},
{"type":"Feature","geometry":{"type":"LineString","coordinates":[[-63.01426,-17.73118],[-63.01422,-17.7311]]},"properties":{"description":"MANZANOS","styleUrl":"#line12","stroke-opacity":1,"stroke":"#0000FF","stroke-width":1,"name":"FONDO"}},
{"type":"Feature","geometry":{"type":"LineString","coordinates":[[-63.0143,-17.7312],[-63.01429,-17.7312],[-63.01428,-17.7312],[-63.01427,-17.7312],[-63.01426,-17.7312],[-63.01426,-17.73119],[-63.01426,-17.73118]]},"properties":{"description":"MANZANOS","styleUrl":"#line12","stroke-opacity":1,"stroke":"#0000FF","stroke-width":1,"name":"FONDO"}},
{"type":"Feature","geometry":{"type":"LineString","coordinates":[[-63.01418,-17.73131],[-63.0141,-17.73115]]},"properties":{"description":"MANZANOS","styleUrl":"#line12","stroke-opacity":1,"stroke":"#0000FF","stroke-width":1,"name":"FONDO"}},
{"type":"Feature","geometry":{"type":"LineString","coordinates":[[-63.01336,-17.73133],[-63.01352,-17.73112]]},"properties":{"description":"MANZANOS","styleUrl":"#line12","stroke-opacity":1,"stroke":"#0000FF","stroke-width":1,"name":"FONDO"}},
{"type":"Feature","geometry":{"type":"LineString","coordinates":[[-63.01336,-17.73133],[-63.01335,-17.73133],[-63.01335,-17.73134],[-63.01334,-17.73134],[-63.01334,-17.73135],[-63.01333,-17.73135],[-63.01332,-17.73135]]},"properties":{"description":"MANZANOS","styleUrl":"#line12","stroke-opacity":1,"stroke":"#0000FF","stroke-width":1,"name":"FONDO"}},
{"type":"Feature","geometry":{"type":"LineString","coordinates":[[-63.01352,-17.73112],[-63.01352,-17.73111],[-63.01353,-17.73111],[-63.01353,-17.7311],[-63.01354,-17.7311],[-63.01354,-17.73109],[-63.01355,-17.73109],[-63.01355,-17.73108],[-63.01356,-17.73108],[-63.01357,-17.73108],[-63.01357,-17.73107],[-63.01358,-17.73107],[-63.01359,-17.73107],[-63.01359,-17.73106],[-63.0136,-17.73106],[-63.01361,-17.73106],[-63.01361,-17.73105],[-63.01362,-17.73105],[-63.01363,-17.73105],[-63.01364,-17.73105]]},"properties":{"description":"MANZANOS","styleUrl":"#line12","stroke-opacity":1,"stroke":"#0000FF","stroke-width":1,"name":"FONDO"}},
{"type":"Feature","geometry":{"type":"LineString","coordinates":[[-63.01083,-17.73112],[-63.01076,-17.73106]]},"properties":{"description":"MANZANOS","styleUrl":"#line12","stroke-opacity":1,"stroke":"#0000FF","stroke-width":1,"name":"FONDO"}},
{"type":"Feature","geometry":{"type":"LineString","coordinates":[[-63.01024,-17.73097],[-63.01013,-17.73101]]},"properties":{"description":"MANZANOS","styleUrl":"#line12","stroke-opacity":1,"stroke":"#0000FF","stroke-width":1,"name":"FONDO"}},
{"type":"Feature","geometry":{"type":"LineString","coordinates":[[-63.01024,-17.73097],[-63.01025,-17.73097],[-63.01026,-17.73097],[-63.01026,-17.73096],[-63.01027,-17.73096],[-63.01028,-17.73096],[-63.01029,-17.73096],[-63.0103,-17.73096],[-63.0103,-17.73095],[-63.01031,-17.73095],[-63.01032,-17.73095],[-63.01033,-17.73095],[-63.01034,-17.73095],[-63.01035,-17.73095],[-63.01035,-17.73094],[-63.01036,-17.73094],[-63.01037,-17.73094],[-63.01038,-17.73094],[-63.01039,-17.73094],[-63.0104,-17.73094],[-63.01041,-17.73094],[-63.01042,-17.73094],[-63.01043,-17.73094],[-63.01044,-17.73094],[-63.01045,-17.73094],[-63.01046,-17.73094],[-63.01047,-17.73094],[-63.01048,-17.73094],[-63.01049,-17.73094],[-63.01049,-17.73095],[-63.0105,-17.73095],[-63.01051,-17.73095],[-63.01052,-17.73095],[-63.01053,-17.73095],[-63.01054,-17.73095],[-63.01055,-17.73096],[-63.01056,-17.73096],[-63.01057,-17.73096],[-63.01058,-17.73096],[-63.01058,-17.73097],[-63.01059,-17.73097],[-63.0106,-17.73097],[-63.01061,-17.73097],[-63.01061,-17.73098],[-63.01062,-17.73098],[-63.01063,-17.73098],[-63.01064,-17.73098],[-63.01064,-17.73099],[-63.01065,-17.73099],[-63.01066,-17.731],[-63.01067,-17.731],[-63.01068,-17.731],[-63.01068,-17.73101],[-63.01069,-17.73101],[-63.0107,-17.73102],[-63.01071,-17.73102],[-63.01071,-17.73103],[-63.01072,-17.73103],[-63.01073,-17.73104],[-63.01074,-17.73104],[-63.01074,-17.73105],[-63.01075,-17.73105],[-63.01075,-17.73106],[-63.01076,-17.73106]]},"properties":{"description":"MANZANOS","styleUrl":"#line12","stroke-opacity":1,"stroke":"#0000FF","stroke-width":1,"name":"FONDO"}},
{"type":"Feature","geometry":{"type":"LineString","coordinates":[[-63.0098,-17.73067],[-63.00981,-17.73067],[-63.00982,-17.73067],[-63.00983,-17.73067],[-63.00984,-17.73067],[-63.00984,-17.73068],[-63.00985,-17.73068],[-63.00986,-17.73068],[-63.00987,-17.73068],[-63.00988,-17.73069],[-63.00989,-17.73069],[-63.0099,-17.73069],[-63.0099,-17.7307],[-63.00991,-17.7307],[-63.00992,-17.7307],[-63.00992,-17.73071],[-63.00993,-17.73071],[-63.00994,-17.73071],[-63.00994,-17.73072],[-63.00995,-17.73072],[-63.00996,-17.73072],[-63.00996,-17.73073],[-63.00997,-17.73073],[-63.00997,-17.73074],[-63.00998,-17.73074],[-63.00999,-17.73075],[-63.01,-17.73076],[-63.01001,-17.73076],[-63.01001,-17.73077],[-63.01002,-17.73077],[-63.01002,-17.73078],[-63.01003,-17.73078],[-63.01003,-17.73079],[-63.01004,-17.73079],[-63.01004,-17.7308],[-63.01004,-17.73081],[-63.01005,-17.73081],[-63.01005,-17.73082],[-63.01006,-17.73082],[-63.01006,-17.73083],[-63.01007,-17.73084],[-63.01007,-17.73085],[-63.01008,-17.73085],[-63.01008,-17.73086],[-63.01008,-17.73087],[-63.01009,-17.73087],[-63.01009,-17.73088],[-63.01009,-17.73089],[-63.0101,-17.73089],[-63.0101,-17.7309],[-63.0101,-17.73091],[-63.0101,-17.73092],[-63.01011,-17.73092],[-63.01011,-17.73093],[-63.01011,-17.73094],[-63.01011,-17.73095],[-63.01011,-17.73096],[-63.01012,-17.73096],[-63.01012,-17.73097],[-63.01012,-17.73098],[-63.01012,-17.73099],[-63.01012,-17.731]]},"properties":{"description":"MANZANOS","styleUrl":"#line12","stroke-opacity":1,"stroke":"#0000FF","stroke-width":1,"name":"FONDO"}},
{"type":"Feature","geometry":{"type":"LineString","coordinates":[[-63.01013,-17.73101],[-63.01012,-17.73101],[-63.01012,-17.731]]},"properties":{"description":"MANZANOS","styleUrl":"#line12","stroke-opacity":1,"stroke":"#0000FF","stroke-width":1,"name":"FONDO"}},
{"type":"Feature","geometry":{"type":"LineString","coordinates":[[-63.0094,-17.73063],[-63.00913,-17.73076]]},"properties":{"description":"MANZANOS","styleUrl":"#line12","stroke-opacity":1,"stroke":"#0000FF","stroke-width":1,"name":"FONDO"}},
{"type":"Feature","geometry":{"type":"LineString","coordinates":[[-63.0098,-17.73067],[-63.00946,-17.73062]]},"properties":{"description":"MANZANOS","styleUrl":"#line12","stroke-opacity":1,"stroke":"#0000FF","stroke-width":1,"name":"FONDO"}},
{"type":"Feature","geometry":{"type":"LineString","coordinates":[[-63.0094,-17.73063],[-63.00941,-17.73063],[-63.00941,-17.73062],[-63.00942,-17.73062],[-63.00943,-17.73062],[-63.00944,-17.73062],[-63.00945,-17.73062],[-63.00946,-17.73062]]},"properties":{"description":"MANZANOS","styleUrl":"#line12","stroke-opacity":1,"stroke":"#0000FF","stroke-width":1,"name":"FONDO"}},
{"type":"Feature","geometry":{"type":"LineString","coordinates":[[-63.01289,-17.7297],[-63.0126,-17.7296]]},"properties":{"description":"MANZANOS","styleUrl":"#line12","stroke-opacity":1,"stroke":"#0000FF","stroke-width":1,"name":"FONDO"}},
{"type":"Feature","geometry":{"type":"LineString","coordinates":[[-63.01325,-17.72924],[-63.01288,-17.72943]]},"properties":{"description":"MANZANOS","styleUrl":"#line12","stroke-opacity":1,"stroke":"#0000FF","stroke-width":1,"name":"FONDO"}},
{"type":"Feature","geometry":{"type":"LineString","coordinates":[[-63.01289,-17.72958],[-63.01288,-17.72957],[-63.01287,-17.72957],[-63.01287,-17.72956],[-63.01286,-17.72956],[-63.01285,-17.72956],[-63.01285,-17.72955],[-63.01285,-17.72954],[-63.01284,-17.72954],[-63.01284,-17.72953],[-63.01284,-17.72952],[-63.01283,-17.72952],[-63.01283,-17.72951],[-63.01283,-17.7295],[-63.01283,-17.72949],[-63.01283,-17.72948],[-63.01284,-17.72948],[-63.01284,-17.72947],[-63.01284,-17.72946],[-63.01285,-17.72945],[-63.01285,-17.72944],[-63.01286,-17.72944],[-63.01287,-17.72943],[-63.01288,-17.72943]]},"properties":{"description":"MANZANOS","styleUrl":"#line12","stroke-opacity":1,"stroke":"#0000FF","stroke-width":1,"name":"FONDO"}},
{"type":"Feature","geometry":{"type":"LineString","coordinates":[[-63.01083,-17.73108],[-63.01083,-17.73107],[-63.01083,-17.73106],[-63.01083,-17.73105],[-63.01082,-17.73105],[-63.01082,-17.73104],[-63.01082,-17.73103],[-63.01082,-17.73102],[-63.01082,-17.73101],[-63.01081,-17.73101],[-63.01081,-17.731],[-63.01081,-17.73099],[-63.01081,-17.73098],[-63.01081,-17.73097],[-63.01081,-17.73096],[-63.01081,-17.73095],[-63.01081,-17.73094],[-63.01081,-17.73093],[-63.01081,-17.73092],[-63.01081,-17.73091],[-63.01081,-17.7309],[-63.01081,-17.73089],[-63.01081,-17.73088],[-63.01081,-17.73087],[-63.01081,-17.73086],[-63.01081,-17.73085],[-63.01081,-17.73084],[-63.01082,-17.73084],[-63.01082,-17.73083],[-63.01082,-17.73082],[-63.01082,-17.73081],[-63.01082,-17.7308],[-63.01083,-17.7308],[-63.01083,-17.73079],[-63.01083,-17.73078],[-63.01083,-17.73077],[-63.01084,-17.73076],[-63.01084,-17.73075],[-63.01084,-17.73074],[-63.01085,-17.73074],[-63.01085,-17.73073],[-63.01085,-17.73072],[-63.01086,-17.73072],[-63.01086,-17.73071],[-63.01086,-17.7307],[-63.01087,-17.7307],[-63.01087,-17.73069],[-63.01087,-17.73068],[-63.01088,-17.73068],[-63.01088,-17.73067],[-63.01089,-17.73066],[-63.01089,-17.73065],[-63.0109,-17.73065],[-63.0109,-17.73064],[-63.01091,-17.73063]]},"properties":{"description":"MANZANOS","styleUrl":"#line12","stroke-opacity":1,"stroke":"#0000FF","stroke-width":1,"name":"FONDO"}},
{"type":"Feature","geometry":{"type":"LineString","coordinates":[[-63.01124,-17.73026],[-63.01182,-17.73039]]},"properties":{"description":"MANZANOS","styleUrl":"#line12","stroke-opacity":1,"stroke":"#0000FF","stroke-width":1,"name":"FONDO"}},
{"type":"Feature","geometry":{"type":"LineString","coordinates":[[-63.01253,-17.7296],[-63.01234,-17.7297]]},"properties":{"description":"MANZANOS","styleUrl":"#line12","stroke-opacity":1,"stroke":"#0000FF","stroke-width":1,"name":"FONDO"}},
{"type":"Feature","geometry":{"type":"LineString","coordinates":[[-63.01253,-17.7296],[-63.01254,-17.7296],[-63.01255,-17.7296],[-63.01256,-17.7296],[-63.01256,-17.72959],[-63.01257,-17.72959],[-63.01258,-17.72959],[-63.01259,-17.72959],[-63.01259,-17.7296],[-63.0126,-17.7296]]},"properties":{"description":"MANZANOS","styleUrl":"#line12","stroke-opacity":1,"stroke":"#0000FF","stroke-width":1,"name":"FONDO"}},
{"type":"Feature","geometry":{"type":"LineString","coordinates":[[-63.01234,-17.7297],[-63.01233,-17.7297],[-63.01233,-17.72971],[-63.01232,-17.72971],[-63.01231,-17.72971]]},"properties":{"description":"MANZANOS","styleUrl":"#line12","stroke-opacity":1,"stroke":"#0000FF","stroke-width":1,"name":"FONDO"}},
{"type":"Feature","geometry":{"type":"LineString","coordinates":[[-63.01084,-17.73111],[-63.01084,-17.73112],[-63.01083,-17.73112]]},"properties":{"description":"MANZANOS","styleUrl":"#line12","stroke-opacity":1,"stroke":"#0000FF","stroke-width":1,"name":"FONDO"}},
{"type":"Feature","geometry":{"type":"LineString","coordinates":[[-63.01083,-17.73108],[-63.01084,-17.73111]]},"properties":{"description":"MANZANOS","styleUrl":"#line12","stroke-opacity":1,"stroke":"#0000FF","stroke-width":1,"name":"FONDO"}},
{"type":"Feature","geometry":{"type":"LineString","coordinates":[[-63.00875,-17.73102],[-63.00882,-17.73109]]},"properties":{"description":"MANZANOS","styleUrl":"#line12","stroke-opacity":1,"stroke":"#0000FF","stroke-width":1,"name":"FONDO"}},
{"type":"Feature","geometry":{"type":"LineString","coordinates":[[-63.00848,-17.7309],[-63.00849,-17.7309],[-63.0085,-17.7309],[-63.00851,-17.7309],[-63.00852,-17.7309],[-63.00853,-17.7309],[-63.00853,-17.73091],[-63.00854,-17.73091],[-63.00855,-17.73091],[-63.00856,-17.73091],[-63.00856,-17.73092],[-63.00857,-17.73092],[-63.00858,-17.73092],[-63.00859,-17.73092],[-63.00859,-17.73093],[-63.0086,-17.73093],[-63.00861,-17.73093],[-63.00862,-17.73093],[-63.00862,-17.73094],[-63.00863,-17.73094],[-63.00864,-17.73094],[-63.00864,-17.73095],[-63.00865,-17.73095],[-63.00866,-17.73095],[-63.00866,-17.73096],[-63.00867,-17.73096],[-63.00868,-17.73097],[-63.00869,-17.73097],[-63.00869,-17.73098],[-63.0087,-17.73098],[-63.00871,-17.73099],[-63.00872,-17.73099],[-63.00872,-17.731],[-63.00873,-17.731],[-63.00873,-17.73101],[-63.00874,-17.73101],[-63.00874,-17.73102],[-63.00875,-17.73102]]},"properties":{"description":"MANZANOS","styleUrl":"#line12","stroke-opacity":1,"stroke":"#0000FF","stroke-width":1,"name":"FONDO"}},
{"type":"Feature","geometry":{"type":"LineString","coordinates":[[-63.00899,-17.73071],[-63.00896,-17.7303]]},"properties":{"description":"MANZANOS","styleUrl":"#line12","stroke-opacity":1,"stroke":"#0000FF","stroke-width":1,"name":"FONDO"}},
{"type":"Feature","geometry":{"type":"LineString","coordinates":[[-63.01296,-17.73004],[-63.01301,-17.72991]]},"properties":{"description":"MANZANOS","styleUrl":"#line12","stroke-opacity":1,"stroke":"#0000FF","stroke-width":1,"name":"FONDO"}},
{"type":"Feature","geometry":{"type":"LineString","coordinates":[[-63.01296,-17.73004],[-63.01295,-17.73004],[-63.01295,-17.73005],[-63.01295,-17.73006],[-63.01294,-17.73006],[-63.01294,-17.73007],[-63.01294,-17.73008],[-63.01293,-17.73008],[-63.01293,-17.73009],[-63.01292,-17.73009],[-63.01292,-17.7301],[-63.01291,-17.7301],[-63.01291,-17.73011],[-63.0129,-17.73011],[-63.0129,-17.73012],[-63.01289,-17.73012],[-63.01288,-17.73012],[-63.01288,-17.73013],[-63.01287,-17.73013],[-63.01286,-17.73013],[-63.01286,-17.73014],[-63.01285,-17.73014],[-63.01284,-17.73014],[-63.01284,-17.73015],[-63.01283,-17.73015],[-63.01282,-17.73015],[-63.01281,-17.73015],[-63.0128,-17.73015],[-63.01279,-17.73015]]},"properties":{"description":"MANZANOS","styleUrl":"#line12","stroke-opacity":1,"stroke":"#0000FF","stroke-width":1,"name":"FONDO"}},
{"type":"Feature","geometry":{"type":"LineString","coordinates":[[-63.01301,-17.72991],[-63.01301,-17.7299],[-63.01302,-17.7299],[-63.01302,-17.72989],[-63.01303,-17.72988],[-63.01304,-17.72988],[-63.01304,-17.72987],[-63.01305,-17.72987],[-63.01306,-17.72987]]},"properties":{"description":"MANZANOS","styleUrl":"#line12","stroke-opacity":1,"stroke":"#0000FF","stroke-width":1,"name":"FONDO"}},
{"type":"Feature","geometry":{"type":"LineString","coordinates":[[-63.01282,-17.73005],[-63.01293,-17.72978]]},"properties":{"description":"MANZANOS","styleUrl":"#line12","stroke-opacity":1,"stroke":"#0000FF","stroke-width":1,"name":"FONDO"}},
{"type":"Feature","geometry":{"type":"LineString","coordinates":[[-63.01282,-17.73005],[-63.01282,-17.73006],[-63.01281,-17.73006],[-63.01281,-17.73007],[-63.0128,-17.73007],[-63.0128,-17.73008],[-63.01279,-17.73008],[-63.01279,-17.73009],[-63.01278,-17.73009],[-63.01277,-17.73009],[-63.01276,-17.73009]]},"properties":{"description":"MANZANOS","styleUrl":"#line12","stroke-opacity":1,"stroke":"#0000FF","stroke-width":1,"name":"FONDO"}},
{"type":"Feature","geometry":{"type":"LineString","coordinates":[[-63.01289,-17.7297],[-63.0129,-17.7297],[-63.0129,-17.72971],[-63.01291,-17.72971],[-63.01291,-17.72972],[-63.01292,-17.72972],[-63.01292,-17.72973],[-63.01292,-17.72974],[-63.01293,-17.72974],[-63.01293,-17.72975],[-63.01293,-17.72976],[-63.01293,-17.72977],[-63.01293,-17.72978]]},"properties":{"description":"MANZANOS","styleUrl":"#line12","stroke-opacity":1,"stroke":"#0000FF","stroke-width":1,"name":"FONDO"}},
{"type":"Feature","geometry":{"type":"LineString","coordinates":[[-63.0091,-17.73036],[-63.0091,-17.73037],[-63.0091,-17.73038],[-63.00909,-17.73038],[-63.00909,-17.73039],[-63.00909,-17.7304],[-63.00908,-17.7304],[-63.00908,-17.73041],[-63.00907,-17.73041],[-63.00907,-17.73042],[-63.00906,-17.73042],[-63.00905,-17.73042],[-63.00904,-17.73042],[-63.00904,-17.73043],[-63.00903,-17.73043],[-63.00902,-17.73043],[-63.00902,-17.73042],[-63.00901,-17.73042],[-63.009,-17.73042],[-63.00899,-17.73041],[-63.00898,-17.73041],[-63.00898,-17.7304],[-63.00897,-17.73039],[-63.00897,-17.73038],[-63.00897,-17.73037],[-63.00897,-17.73036],[-63.00897,-17.73035],[-63.00897,-17.73034],[-63.00897,-17.73033],[-63.00898,-17.73033],[-63.00898,-17.73032],[-63.00899,-17.73032],[-63.00899,-17.73031],[-63.009,-17.73031],[-63.00901,-17.7303],[-63.00902,-17.7303],[-63.00903,-17.7303]]},"properties":{"description":"MANZANOS","styleUrl":"#line12","stroke-opacity":1,"stroke":"#0000FF","stroke-width":1,"name":"FONDO"}},
{"type":"Feature","geometry":{"type":"LineString","coordinates":[[-63.01331,-17.72973],[-63.01289,-17.72958]]},"properties":{"description":"MANZANOS","styleUrl":"#line12","stroke-opacity":1,"stroke":"#0000FF","stroke-width":1,"name":"FONDO"}},
{"type":"Feature","geometry":{"type":"LineString","coordinates":[[-63.01333,-17.72973],[-63.01332,-17.72973],[-63.01331,-17.72973]]},"properties":{"description":"MANZANOS","styleUrl":"#line12","stroke-opacity":1,"stroke":"#0000FF","stroke-width":1,"name":"FONDO"}},
{"type":"Feature","geometry":{"type":"LineString","coordinates":[[-63.01434,-17.73011],[-63.0145,-17.73046]]},"properties":{"description":"MANZANOS","styleUrl":"#line12","stroke-opacity":1,"stroke":"#0000FF","stroke-width":1,"name":"FONDO"}},
{"type":"Feature","geometry":{"type":"LineString","coordinates":[[-63.01451,-17.73018],[-63.01462,-17.73041]]},"properties":{"description":"MANZANOS","styleUrl":"#line12","stroke-opacity":1,"stroke":"#0000FF","stroke-width":1,"name":"FONDO"}},
{"type":"Feature","geometry":{"type":"LineString","coordinates":[[-63.01469,-17.73045],[-63.01468,-17.73045],[-63.01467,-17.73045],[-63.01466,-17.73045],[-63.01465,-17.73045],[-63.01465,-17.73044],[-63.01464,-17.73044],[-63.01463,-17.73044],[-63.01463,-17.73043],[-63.01462,-17.73043],[-63.01462,-17.73042],[-63.01462,-17.73041]]},"properties":{"description":"MANZANOS","styleUrl":"#line12","stroke-opacity":1,"stroke":"#0000FF","stroke-width":1,"name":"FONDO"}},
{"type":"Feature","geometry":{"type":"LineString","coordinates":[[-63.01487,-17.73042],[-63.01469,-17.73045]]},"properties":{"description":"MANZANOS","styleUrl":"#line12","stroke-opacity":1,"stroke":"#0000FF","stroke-width":1,"name":"FONDO"}},
{"type":"Feature","geometry":{"type":"LineString","coordinates":[[-63.0143,-17.73007],[-63.01355,-17.72984]]},"properties":{"description":"MANZANOS","styleUrl":"#line12","stroke-opacity":1,"stroke":"#0000FF","stroke-width":1,"name":"FONDO"}},
{"type":"Feature","geometry":{"type":"LineString","coordinates":[[-63.0143,-17.73007],[-63.0143,-17.73008],[-63.01431,-17.73008],[-63.01432,-17.73008],[-63.01432,-17.73009],[-63.01433,-17.73009],[-63.01433,-17.7301],[-63.01434,-17.7301],[-63.01434,-17.73011]]},"properties":{"description":"MANZANOS","styleUrl":"#line12","stroke-opacity":1,"stroke":"#0000FF","stroke-width":1,"name":"FONDO"}},
{"type":"Feature","geometry":{"type":"LineString","coordinates":[[-63.01441,-17.72998],[-63.01398,-17.72985]]},"properties":{"description":"MANZANOS","styleUrl":"#line12","stroke-opacity":1,"stroke":"#0000FF","stroke-width":1,"name":"FONDO"}},
{"type":"Feature","geometry":{"type":"LineString","coordinates":[[-63.01448,-17.72996],[-63.01448,-17.72997],[-63.01447,-17.72997],[-63.01447,-17.72998],[-63.01446,-17.72998],[-63.01445,-17.72998],[-63.01445,-17.72999],[-63.01444,-17.72999],[-63.01443,-17.72999],[-63.01442,-17.72999],[-63.01441,-17.72999],[-63.01441,-17.72998]]},"properties":{"description":"MANZANOS","styleUrl":"#line12","stroke-opacity":1,"stroke":"#0000FF","stroke-width":1,"name":"FONDO"}},
{"type":"Feature","geometry":{"type":"LineString","coordinates":[[-63.01306,-17.72987],[-63.01353,-17.72984]]},"properties":{"description":"MANZANOS","styleUrl":"#line12","stroke-opacity":1,"stroke":"#0000FF","stroke-width":1,"name":"FONDO"}},
{"type":"Feature","geometry":{"type":"LineString","coordinates":[[-63.01353,-17.72984],[-63.01354,-17.72984],[-63.01355,-17.72984]]},"properties":{"description":"MANZANOS","styleUrl":"#line12","stroke-opacity":1,"stroke":"#0000FF","stroke-width":1,"name":"FONDO"}},
{"type":"Feature","geometry":{"type":"LineString","coordinates":[[-63.01333,-17.72973],[-63.01352,-17.72972]]},"properties":{"description":"MANZANOS","styleUrl":"#line12","stroke-opacity":1,"stroke":"#0000FF","stroke-width":1,"name":"FONDO"}},
{"type":"Feature","geometry":{"type":"LineString","coordinates":[[-63.01352,-17.72972],[-63.01353,-17.72972],[-63.01354,-17.72972],[-63.01355,-17.72972],[-63.01356,-17.72972],[-63.01357,-17.72972],[-63.01358,-17.72972],[-63.01358,-17.72973],[-63.01359,-17.72973]]},"properties":{"description":"MANZANOS","styleUrl":"#line12","stroke-opacity":1,"stroke":"#0000FF","stroke-width":1,"name":"FONDO"}},
{"type":"Feature","geometry":{"type":"LineString","coordinates":[[-63.01372,-17.72977],[-63.01359,-17.72973]]},"properties":{"description":"MANZANOS","styleUrl":"#line12","stroke-opacity":1,"stroke":"#0000FF","stroke-width":1,"name":"FONDO"}},
{"type":"Feature","geometry":{"type":"LineString","coordinates":[[-63.01468,-17.73112],[-63.0143,-17.7312]]},"properties":{"description":"MANZANOS","styleUrl":"#line12","stroke-opacity":1,"stroke":"#0000FF","stroke-width":1,"name":"FONDO"}},
{"type":"Feature","geometry":{"type":"LineString","coordinates":[[-63.01468,-17.73112],[-63.01469,-17.73112],[-63.01469,-17.73111],[-63.0147,-17.73111],[-63.01471,-17.73111],[-63.01472,-17.73111],[-63.01473,-17.73111],[-63.01474,-17.73111],[-63.01475,-17.73111],[-63.01476,-17.73111],[-63.01476,-17.73112],[-63.01477,-17.73112],[-63.01478,-17.73112],[-63.01479,-17.73112],[-63.0148,-17.73112],[-63.0148,-17.73113],[-63.01481,-17.73113],[-63.01482,-17.73113],[-63.01482,-17.73114],[-63.01483,-17.73114],[-63.01483,-17.73115],[-63.01484,-17.73115],[-63.01485,-17.73115],[-63.01485,-17.73116],[-63.01486,-17.73116],[-63.01486,-17.73117],[-63.01487,-17.73117],[-63.01487,-17.73118],[-63.01488,-17.73118],[-63.01488,-17.73119],[-63.01488,-17.7312],[-63.01489,-17.7312],[-63.01489,-17.73121],[-63.0149,-17.73121],[-63.0149,-17.73122],[-63.0149,-17.73123],[-63.0149,-17.73124],[-63.01491,-17.73124]]},"properties":{"description":"MANZANOS","styleUrl":"#line12","stroke-opacity":1,"stroke":"#0000FF","stroke-width":1,"name":"FONDO"}},
{"type":"Feature","geometry":{"type":"LineString","coordinates":[[-63.01471,-17.73123],[-63.0144,-17.7313]]},"properties":{"description":"MANZANOS","styleUrl":"#line12","stroke-opacity":1,"stroke":"#0000FF","stroke-width":1,"name":"FONDO"}},
{"type":"Feature","geometry":{"type":"LineString","coordinates":[[-63.01471,-17.73123],[-63.01472,-17.73123],[-63.01473,-17.73123],[-63.01474,-17.73123],[-63.01475,-17.73123],[-63.01475,-17.73124],[-63.01476,-17.73124],[-63.01477,-17.73124],[-63.01477,-17.73125],[-63.01478,-17.73125],[-63.01478,-17.73126],[-63.01479,-17.73126],[-63.01479,-17.73127],[-63.01479,-17.73128]]},"properties":{"description":"MANZANOS","styleUrl":"#line12","stroke-opacity":1,"stroke":"#0000FF","stroke-width":1,"name":"FONDO"}},
{"type":"Feature","geometry":{"type":"LineString","coordinates":[[-63.01522,-17.73164],[-63.01504,-17.7316]]},"properties":{"description":"MANZANOS","styleUrl":"#line12","stroke-opacity":1,"stroke":"#0000FF","stroke-width":1,"name":"FONDO"}},
{"type":"Feature","geometry":{"type":"LineString","coordinates":[[-63.01522,-17.73164],[-63.01523,-17.73164],[-63.01523,-17.73165],[-63.01524,-17.73165],[-63.01525,-17.73165],[-63.01525,-17.73166],[-63.01526,-17.73166],[-63.01526,-17.73167],[-63.01527,-17.73167],[-63.01527,-17.73168]]},"properties":{"description":"MANZANOS","styleUrl":"#line12","stroke-opacity":1,"stroke":"#0000FF","stroke-width":1,"name":"FONDO"}},
{"type":"Feature","geometry":{"type":"LineString","coordinates":[[-63.01422,-17.7311],[-63.01402,-17.73069]]},"properties":{"description":"MANZANOS","styleUrl":"#line12","stroke-opacity":1,"stroke":"#0000FF","stroke-width":1,"name":"FONDO"}},
{"type":"Feature","geometry":{"type":"LineString","coordinates":[[-63.01402,-17.73069],[-63.01373,-17.7308]]},"properties":{"description":"MANZANOS","styleUrl":"#line12","stroke-opacity":1,"stroke":"#0000FF","stroke-width":1,"name":"FONDO"}},
{"type":"Feature","geometry":{"type":"LineString","coordinates":[[-63.01373,-17.7308],[-63.01355,-17.73096]]},"properties":{"description":"MANZANOS","styleUrl":"#line12","stroke-opacity":1,"stroke":"#0000FF","stroke-width":1,"name":"FONDO"}},
{"type":"Feature","geometry":{"type":"LineString","coordinates":[[-63.01346,-17.73098],[-63.01295,-17.73145]]},"properties":{"description":"MANZANOS","styleUrl":"#line12","stroke-opacity":1,"stroke":"#0000FF","stroke-width":1,"name":"FONDO"}},
{"type":"Feature","geometry":{"type":"LineString","coordinates":[[-63.01346,-17.73098],[-63.01355,-17.73096]]},"properties":{"description":"MANZANOS","styleUrl":"#line12","stroke-opacity":1,"stroke":"#0000FF","stroke-width":1,"name":"FONDO"}},
{"type":"Feature","geometry":{"type":"LineString","coordinates":[[-63.01306,-17.72987],[-63.01316,-17.73035]]},"properties":{"description":"MANZANOS","styleUrl":"#line12","stroke-opacity":1,"stroke":"#0000FF","stroke-width":1,"name":"FONDO"}},
{"type":"Feature","geometry":{"type":"LineString","coordinates":[[-63.01316,-17.73035],[-63.01329,-17.73051]]},"properties":{"description":"MANZANOS","styleUrl":"#line12","stroke-opacity":1,"stroke":"#0000FF","stroke-width":1,"name":"FONDO"}},
{"type":"Feature","geometry":{"type":"LineString","coordinates":[[-63.01329,-17.73051],[-63.0131,-17.73069]]},"properties":{"description":"MANZANOS","styleUrl":"#line12","stroke-opacity":1,"stroke":"#0000FF","stroke-width":1,"name":"FONDO"}},
{"type":"Feature","geometry":{"type":"LineString","coordinates":[[-63.01301,-17.73061],[-63.0131,-17.73069]]},"properties":{"description":"MANZANOS","styleUrl":"#line12","stroke-opacity":1,"stroke":"#0000FF","stroke-width":1,"name":"FONDO"}},
{"type":"Feature","geometry":{"type":"LineString","coordinates":[[-63.01301,-17.73061],[-63.01255,-17.73051]]},"properties":{"description":"MANZANOS","styleUrl":"#line12","stroke-opacity":1,"stroke":"#0000FF","stroke-width":1,"name":"FONDO"}},
{"type":"Feature","geometry":{"type":"LineString","coordinates":[[-63.01255,-17.73051],[-63.01249,-17.73098]]},"properties":{"description":"MANZANOS","styleUrl":"#line12","stroke-opacity":1,"stroke":"#0000FF","stroke-width":1,"name":"FONDO"}},
{"type":"Feature","geometry":{"type":"LineString","coordinates":[[-63.01249,-17.73098],[-63.0125,-17.73107]]},"properties":{"description":"MANZANOS","styleUrl":"#line12","stroke-opacity":1,"stroke":"#0000FF","stroke-width":1,"name":"FONDO"}},
{"type":"Feature","geometry":{"type":"LineString","coordinates":[[-63.0125,-17.73107],[-63.01209,-17.73116]]},"properties":{"description":"MANZANOS","styleUrl":"#line12","stroke-opacity":1,"stroke":"#0000FF","stroke-width":1,"name":"FONDO"}},
{"type":"Feature","geometry":{"type":"LineString","coordinates":[[-63.01209,-17.73116],[-63.012,-17.73074]]},"properties":{"description":"MANZANOS","styleUrl":"#line12","stroke-opacity":1,"stroke":"#0000FF","stroke-width":1,"name":"FONDO"}},
{"type":"Feature","geometry":{"type":"LineString","coordinates":[[-63.012,-17.73074],[-63.01182,-17.73039]]},"properties":{"description":"MANZANOS","styleUrl":"#line12","stroke-opacity":1,"stroke":"#0000FF","stroke-width":1,"name":"FONDO"}},
{"type":"Feature","geometry":{"type":"LineString","coordinates":[[-63.01124,-17.73026],[-63.01094,-17.7305]]},"properties":{"description":"MANZANOS","styleUrl":"#line12","stroke-opacity":1,"stroke":"#0000FF","stroke-width":1,"name":"FONDO"}},
{"type":"Feature","geometry":{"type":"LineString","coordinates":[[-63.01094,-17.7305],[-63.01077,-17.73081]]},"properties":{"description":"MANZANOS","styleUrl":"#line12","stroke-opacity":1,"stroke":"#0000FF","stroke-width":1,"name":"FONDO"}},
{"type":"Feature","geometry":{"type":"LineString","coordinates":[[-63.01077,-17.73081],[-63.01013,-17.731]]},"properties":{"description":"MANZANOS","styleUrl":"#line12","stroke-opacity":1,"stroke":"#0000FF","stroke-width":1,"name":"FONDO"}},
{"type":"Feature","geometry":{"type":"LineString","coordinates":[[-63.01013,-17.731],[-63.01017,-17.73069]]},"properties":{"description":"MANZANOS","styleUrl":"#line12","stroke-opacity":1,"stroke":"#0000FF","stroke-width":1,"name":"FONDO"}},
{"type":"Feature","geometry":{"type":"LineString","coordinates":[[-63.01017,-17.73069],[-63.0098,-17.73067]]},"properties":{"description":"MANZANOS","styleUrl":"#line12","stroke-opacity":1,"stroke":"#0000FF","stroke-width":1,"name":"FONDO"}},
{"type":"Feature","geometry":{"type":"LineString","coordinates":[[-63.0131,-17.73168],[-63.01312,-17.73164]]},"properties":{"description":"MANZANOS","styleUrl":"#line12","stroke-opacity":1,"stroke":"#0000FF","stroke-width":1,"name":"FONDO"}},
{"type":"Feature","geometry":{"type":"LineString","coordinates":[[-63.01305,-17.73154],[-63.01306,-17.73154],[-63.01307,-17.73154],[-63.01308,-17.73154],[-63.01309,-17.73154],[-63.0131,-17.73154],[-63.0131,-17.73155],[-63.01311,-17.73155],[-63.01311,-17.73156],[-63.01312,-17.73156],[-63.01312,-17.73157],[-63.01313,-17.73157],[-63.01313,-17.73158],[-63.01313,-17.73159],[-63.01314,-17.73159],[-63.01314,-17.7316],[-63.01314,-17.73161],[-63.01314,-17.73162],[-63.01313,-17.73162],[-63.01313,-17.73163],[-63.01313,-17.73164],[-63.01312,-17.73164]]},"properties":{"description":"MANZANOS","styleUrl":"#line12","stroke-opacity":1,"stroke":"#0000FF","stroke-width":1,"name":"FONDO"}},
{"type":"Feature","geometry":{"type":"LineString","coordinates":[[-63.01305,-17.73154],[-63.01252,-17.73168]]},"properties":{"description":"MANZANOS","styleUrl":"#line12","stroke-opacity":1,"stroke":"#0000FF","stroke-width":1,"name":"FONDO"}},
{"type":"Feature","geometry":{"type":"LineString","coordinates":[[-63.01484,-17.73168],[-63.01486,-17.73165]]},"properties":{"description":"MANZANOS","styleUrl":"#line12","stroke-opacity":1,"stroke":"#0000FF","stroke-width":1,"name":"FONDO"}},
{"type":"Feature","geometry":{"type":"LineString","coordinates":[[-63.01488,-17.73158],[-63.01488,-17.73159],[-63.01488,-17.7316],[-63.01488,-17.73161],[-63.01488,-17.73162],[-63.01488,-17.73163],[-63.01487,-17.73163],[-63.01487,-17.73164],[-63.01487,-17.73165],[-63.01486,-17.73165]]},"properties":{"description":"MANZANOS","styleUrl":"#line12","stroke-opacity":1,"stroke":"#0000FF","stroke-width":1,"name":"FONDO"}},
{"type":"Feature","geometry":{"type":"LineString","coordinates":[[-63.01488,-17.73158],[-63.01479,-17.73128]]},"properties":{"description":"MANZANOS","styleUrl":"#line12","stroke-opacity":1,"stroke":"#0000FF","stroke-width":1,"name":"FONDO"}},
{"type":"Feature","geometry":{"type":"LineString","coordinates":[[-63.01471,-17.73123],[-63.01472,-17.73123],[-63.01473,-17.73123],[-63.01474,-17.73123],[-63.01475,-17.73123],[-63.01475,-17.73124],[-63.01476,-17.73124],[-63.01477,-17.73124],[-63.01477,-17.73125],[-63.01478,-17.73125],[-63.01478,-17.73126],[-63.01479,-17.73126],[-63.01479,-17.73127],[-63.01479,-17.73128]]},"properties":{"description":"MANZANOS","styleUrl":"#line12","stroke-opacity":1,"stroke":"#0000FF","stroke-width":1,"name":"FONDO"}},
{"type":"Feature","geometry":{"type":"LineString","coordinates":[[-63.01471,-17.73123],[-63.0144,-17.7313]]},"properties":{"description":"MANZANOS","styleUrl":"#line12","stroke-opacity":1,"stroke":"#0000FF","stroke-width":1,"name":"FONDO"}},
{"type":"Feature","geometry":{"type":"LineString","coordinates":[[-63.01436,-17.73133],[-63.01436,-17.73132],[-63.01437,-17.73132],[-63.01437,-17.73131],[-63.01438,-17.73131],[-63.01439,-17.73131],[-63.01439,-17.7313],[-63.0144,-17.7313]]},"properties":{"description":"MANZANOS","styleUrl":"#line12","stroke-opacity":1,"stroke":"#0000FF","stroke-width":1,"name":"FONDO"}},
{"type":"Feature","geometry":{"type":"LineString","coordinates":[[-63.01436,-17.73133],[-63.01421,-17.73152]]},"properties":{"description":"MANZANOS","styleUrl":"#line12","stroke-opacity":1,"stroke":"#0000FF","stroke-width":1,"name":"FONDO"}},
{"type":"Feature","geometry":{"type":"LineString","coordinates":[[-63.01415,-17.73161],[-63.0141,-17.73168]]},"properties":{"description":"MANZANOS","styleUrl":"#line12","stroke-opacity":1,"stroke":"#0000FF","stroke-width":1,"name":"FONDO"}},
{"type":"Feature","geometry":{"type":"LineString","coordinates":[[-63.01394,-17.73168],[-63.01417,-17.73137]]},"properties":{"description":"MANZANOS","styleUrl":"#line12","stroke-opacity":1,"stroke":"#0000FF","stroke-width":1,"name":"FONDO"}},
{"type":"Feature","geometry":{"type":"LineString","coordinates":[[-63.01418,-17.73131],[-63.01418,-17.73132],[-63.01419,-17.73132],[-63.01419,-17.73133],[-63.01419,-17.73134],[-63.01419,-17.73135],[-63.01418,-17.73135],[-63.01418,-17.73136],[-63.01418,-17.73137],[-63.01417,-17.73137]]},"properties":{"description":"MANZANOS","styleUrl":"#line12","stroke-opacity":1,"stroke":"#0000FF","stroke-width":1,"name":"FONDO"}},
{"type":"Feature","geometry":{"type":"LineString","coordinates":[[-63.01418,-17.73131],[-63.0141,-17.73115]]},"properties":{"description":"MANZANOS","styleUrl":"#line12","stroke-opacity":1,"stroke":"#0000FF","stroke-width":1,"name":"FONDO"}},
{"type":"Feature","geometry":{"type":"LineString","coordinates":[[-63.01403,-17.73111],[-63.01404,-17.73111],[-63.01405,-17.73111],[-63.01406,-17.73111],[-63.01406,-17.73112],[-63.01407,-17.73112],[-63.01408,-17.73112],[-63.01408,-17.73113],[-63.01409,-17.73113],[-63.01409,-17.73114],[-63.0141,-17.73114],[-63.0141,-17.73115]]},"properties":{"description":"MANZANOS","styleUrl":"#line12","stroke-opacity":1,"stroke":"#0000FF","stroke-width":1,"name":"FONDO"}},
{"type":"Feature","geometry":{"type":"LineString","coordinates":[[-63.01403,-17.73111],[-63.01366,-17.73116]]},"properties":{"description":"MANZANOS","styleUrl":"#line12","stroke-opacity":1,"stroke":"#0000FF","stroke-width":1,"name":"FONDO"}},
{"type":"Feature","geometry":{"type":"LineString","coordinates":[[-63.01361,-17.73119],[-63.01362,-17.73119],[-63.01362,-17.73118],[-63.01363,-17.73118],[-63.01363,-17.73117],[-63.01364,-17.73117],[-63.01365,-17.73117],[-63.01366,-17.73117],[-63.01366,-17.73116]]},"properties":{"description":"MANZANOS","styleUrl":"#line12","stroke-opacity":1,"stroke":"#0000FF","stroke-width":1,"name":"FONDO"}},
{"type":"Feature","geometry":{"type":"LineString","coordinates":[[-63.01361,-17.73119],[-63.01325,-17.73168]]},"properties":{"description":"MANZANOS","styleUrl":"#line12","stroke-opacity":1,"stroke":"#0000FF","stroke-width":1,"name":"FONDO"}},
{"type":"Feature","geometry":{"type":"LineString","coordinates":[[-63.01154,-17.73168],[-63.01161,-17.73139]]},"properties":{"description":"MANZANOS","styleUrl":"#line12","stroke-opacity":1,"stroke":"#0000FF","stroke-width":1,"name":"FONDO"}},
{"type":"Feature","geometry":{"type":"LineString","coordinates":[[-63.01161,-17.73139],[-63.01153,-17.73136]]},"properties":{"description":"MANZANOS","styleUrl":"#line12","stroke-opacity":1,"stroke":"#0000FF","stroke-width":1,"name":"FONDO"}},
{"type":"Feature","geometry":{"type":"LineString","coordinates":[[-63.01153,-17.73136],[-63.01094,-17.73164]]},"properties":{"description":"MANZANOS","styleUrl":"#line12","stroke-opacity":1,"stroke":"#0000FF","stroke-width":1,"name":"FONDO"}},
{"type":"Feature","geometry":{"type":"LineString","coordinates":[[-63.01094,-17.73164],[-63.01065,-17.73144]]},"properties":{"description":"MANZANOS","styleUrl":"#line12","stroke-opacity":1,"stroke":"#0000FF","stroke-width":1,"name":"FONDO"}},
{"type":"Feature","geometry":{"type":"LineString","coordinates":[[-63.01065,-17.73144],[-63.01054,-17.73134]]},"properties":{"description":"MANZANOS","styleUrl":"#line12","stroke-opacity":1,"stroke":"#0000FF","stroke-width":1,"name":"FONDO"}},
{"type":"Feature","geometry":{"type":"LineString","coordinates":[[-63.01054,-17.73134],[-63.01036,-17.7314]]},"properties":{"description":"MANZANOS","styleUrl":"#line12","stroke-opacity":1,"stroke":"#0000FF","stroke-width":1,"name":"FONDO"}},
{"type":"Feature","geometry":{"type":"LineString","coordinates":[[-63.01036,-17.7314],[-63.01007,-17.73152]]},"properties":{"description":"MANZANOS","styleUrl":"#line12","stroke-opacity":1,"stroke":"#0000FF","stroke-width":1,"name":"FONDO"}},
{"type":"Feature","geometry":{"type":"LineString","coordinates":[[-63.01007,-17.73152],[-63.00984,-17.73143]]},"properties":{"description":"MANZANOS","styleUrl":"#line12","stroke-opacity":1,"stroke":"#0000FF","stroke-width":1,"name":"FONDO"}},
{"type":"Feature","geometry":{"type":"LineString","coordinates":[[-63.00984,-17.73143],[-63.0097,-17.73129]]},"properties":{"description":"MANZANOS","styleUrl":"#line12","stroke-opacity":1,"stroke":"#0000FF","stroke-width":1,"name":"FONDO"}},
{"type":"Feature","geometry":{"type":"LineString","coordinates":[[-63.0097,-17.73129],[-63.00965,-17.73111]]},"properties":{"description":"MANZANOS","styleUrl":"#line12","stroke-opacity":1,"stroke":"#0000FF","stroke-width":1,"name":"FONDO"}},
{"type":"Feature","geometry":{"type":"LineString","coordinates":[[-63.00965,-17.73111],[-63.0096,-17.73111]]},"properties":{"description":"MANZANOS","styleUrl":"#line12","stroke-opacity":1,"stroke":"#0000FF","stroke-width":1,"name":"FONDO"}},
{"type":"Feature","geometry":{"type":"LineString","coordinates":[[-63.0096,-17.73111],[-63.00947,-17.73108]]},"properties":{"description":"MANZANOS","styleUrl":"#line12","stroke-opacity":1,"stroke":"#0000FF","stroke-width":1,"name":"FONDO"}},
{"type":"Feature","geometry":{"type":"LineString","coordinates":[[-63.00947,-17.73108],[-63.00932,-17.73115]]},"properties":{"description":"MANZANOS","styleUrl":"#line12","stroke-opacity":1,"stroke":"#0000FF","stroke-width":1,"name":"FONDO"}},
{"type":"Feature","geometry":{"type":"LineString","coordinates":[[-63.00932,-17.73115],[-63.00917,-17.73168]]},"properties":{"description":"MANZANOS","styleUrl":"#line12","stroke-opacity":1,"stroke":"#0000FF","stroke-width":1,"name":"FONDO"}},
{"type":"Feature","geometry":{"type":"LineString","coordinates":[[-63.01422,-17.7311],[-63.01402,-17.73069]]},"properties":{"description":"MANZANOS","styleUrl":"#line12","stroke-opacity":1,"stroke":"#0000FF","stroke-width":1,"name":"FONDO"}},
{"type":"Feature","geometry":{"type":"LineString","coordinates":[[-63.01402,-17.73069],[-63.01373,-17.7308]]},"properties":{"description":"MANZANOS","styleUrl":"#line12","stroke-opacity":1,"stroke":"#0000FF","stroke-width":1,"name":"FONDO"}},
{"type":"Feature","geometry":{"type":"LineString","coordinates":[[-63.01373,-17.7308],[-63.01355,-17.73096]]},"properties":{"description":"MANZANOS","styleUrl":"#line12","stroke-opacity":1,"stroke":"#0000FF","stroke-width":1,"name":"FONDO"}},
{"type":"Feature","geometry":{"type":"LineString","coordinates":[[-63.01355,-17.73096],[-63.01346,-17.73098]]},"properties":{"description":"MANZANOS","styleUrl":"#line12","stroke-opacity":1,"stroke":"#0000FF","stroke-width":1,"name":"FONDO"}},
{"type":"Feature","geometry":{"type":"LineString","coordinates":[[-63.01346,-17.73098],[-63.01295,-17.73145]]},"properties":{"description":"MANZANOS","styleUrl":"#line12","stroke-opacity":1,"stroke":"#0000FF","stroke-width":1,"name":"FONDO"}},
{"type":"Feature","geometry":{"type":"LineString","coordinates":[[-63.01295,-17.73145],[-63.01332,-17.73135]]},"properties":{"description":"MANZANOS","styleUrl":"#line12","stroke-opacity":1,"stroke":"#0000FF","stroke-width":1,"name":"FONDO"}},
{"type":"Feature","geometry":{"type":"LineString","coordinates":[[-63.01336,-17.73133],[-63.01335,-17.73133],[-63.01335,-17.73134],[-63.01334,-17.73134],[-63.01334,-17.73135],[-63.01333,-17.73135],[-63.01332,-17.73135]]},"properties":{"description":"MANZANOS","styleUrl":"#line12","stroke-opacity":1,"stroke":"#0000FF","stroke-width":1,"name":"FONDO"}},
{"type":"Feature","geometry":{"type":"LineString","coordinates":[[-63.01336,-17.73133],[-63.01352,-17.73112]]},"properties":{"description":"MANZANOS","styleUrl":"#line12","stroke-opacity":1,"stroke":"#0000FF","stroke-width":1,"name":"FONDO"}},
{"type":"Feature","geometry":{"type":"LineString","coordinates":[[-63.01352,-17.73112],[-63.01352,-17.73111],[-63.01353,-17.73111],[-63.01353,-17.7311],[-63.01354,-17.7311],[-63.01354,-17.73109],[-63.01355,-17.73109],[-63.01355,-17.73108],[-63.01356,-17.73108],[-63.01357,-17.73108],[-63.01357,-17.73107],[-63.01358,-17.73107],[-63.01359,-17.73107],[-63.01359,-17.73106],[-63.0136,-17.73106],[-63.01361,-17.73106],[-63.01361,-17.73105],[-63.01362,-17.73105],[-63.01363,-17.73105],[-63.01364,-17.73105]]},"properties":{"description":"MANZANOS","styleUrl":"#line12","stroke-opacity":1,"stroke":"#0000FF","stroke-width":1,"name":"FONDO"}},
{"type":"Feature","geometry":{"type":"LineString","coordinates":[[-63.01364,-17.73105],[-63.01402,-17.731]]},"properties":{"description":"MANZANOS","styleUrl":"#line12","stroke-opacity":1,"stroke":"#0000FF","stroke-width":1,"name":"FONDO"}},
{"type":"Feature","geometry":{"type":"LineString","coordinates":[[-63.01402,-17.731],[-63.01403,-17.731],[-63.01404,-17.731],[-63.01404,-17.73099],[-63.01405,-17.73099],[-63.01405,-17.731],[-63.01406,-17.731],[-63.01407,-17.731],[-63.01408,-17.731],[-63.01409,-17.731],[-63.0141,-17.731],[-63.01411,-17.731],[-63.01411,-17.73101],[-63.01412,-17.73101],[-63.01413,-17.73101],[-63.01413,-17.73102],[-63.01414,-17.73102],[-63.01415,-17.73102],[-63.01415,-17.73103],[-63.01416,-17.73103],[-63.01416,-17.73104],[-63.01417,-17.73104],[-63.01418,-17.73105],[-63.01419,-17.73106],[-63.01419,-17.73107],[-63.0142,-17.73107],[-63.0142,-17.73108],[-63.01421,-17.73108],[-63.01421,-17.73109],[-63.01421,-17.7311],[-63.01422,-17.7311]]},"properties":{"description":"MANZANOS","styleUrl":"#line12","stroke-opacity":1,"stroke":"#0000FF","stroke-width":1,"name":"FONDO"}},
{"type":"Feature","geometry":{"type":"LineString","coordinates":[[-63.01548,-17.72745],[-63.01549,-17.72741]]},"properties":{"description":"CONSTRUCCIONES","styleUrl":"#line13","stroke-opacity":1,"stroke":"#CC3300","stroke-width":1,"name":"FONDO"}},
{"type":"Feature","geometry":{"type":"LineString","coordinates":[[-63.01547,-17.72748],[-63.01548,-17.7274]]},"properties":{"description":"CONSTRUCCIONES","styleUrl":"#line13","stroke-opacity":1,"stroke":"#CC3300","stroke-width":1,"name":"FONDO"}},
{"type":"Feature","geometry":{"type":"LineString","coordinates":[[-63.01545,-17.72752],[-63.01547,-17.7274]]},"properties":{"description":"CONSTRUCCIONES","styleUrl":"#line13","stroke-opacity":1,"stroke":"#CC3300","stroke-width":1,"name":"FONDO"}},
{"type":"Feature","geometry":{"type":"LineString","coordinates":[[-63.01544,-17.72753],[-63.01545,-17.72739]]},"properties":{"description":"CONSTRUCCIONES","styleUrl":"#line13","stroke-opacity":1,"stroke":"#CC3300","stroke-width":1,"name":"FONDO"}},
{"type":"Feature","geometry":{"type":"LineString","coordinates":[[-63.01543,-17.72752],[-63.01544,-17.72739]]},"properties":{"description":"CONSTRUCCIONES","styleUrl":"#line13","stroke-opacity":1,"stroke":"#CC3300","stroke-width":1,"name":"FONDO"}},
{"type":"Feature","geometry":{"type":"LineString","coordinates":[[-63.01542,-17.72752],[-63.01543,-17.72738]]},"properties":{"description":"CONSTRUCCIONES","styleUrl":"#line13","stroke-opacity":1,"stroke":"#CC3300","stroke-width":1,"name":"FONDO"}},
{"type":"Feature","geometry":{"type":"LineString","coordinates":[[-63.01541,-17.72751],[-63.01542,-17.72738]]},"properties":{"description":"CONSTRUCCIONES","styleUrl":"#line13","stroke-opacity":1,"stroke":"#CC3300","stroke-width":1,"name":"FONDO"}},
{"type":"Feature","geometry":{"type":"LineString","coordinates":[[-63.0154,-17.72751],[-63.01541,-17.72738]]},"properties":{"description":"CONSTRUCCIONES","styleUrl":"#line13","stroke-opacity":1,"stroke":"#CC3300","stroke-width":1,"name":"FONDO"}},
{"type":"Feature","geometry":{"type":"LineString","coordinates":[[-63.01538,-17.7275],[-63.0154,-17.72737]]},"properties":{"description":"CONSTRUCCIONES","styleUrl":"#line13","stroke-opacity":1,"stroke":"#CC3300","stroke-width":1,"name":"FONDO"}},
{"type":"Feature","geometry":{"type":"LineString","coordinates":[[-63.01537,-17.7275],[-63.01539,-17.72737]]},"properties":{"description":"CONSTRUCCIONES","styleUrl":"#line13","stroke-opacity":1,"stroke":"#CC3300","stroke-width":1,"name":"FONDO"}},
{"type":"Feature","geometry":{"type":"LineString","coordinates":[[-63.01536,-17.7275],[-63.01537,-17.72736]]},"properties":{"description":"CONSTRUCCIONES","styleUrl":"#line13","stroke-opacity":1,"stroke":"#CC3300","stroke-width":1,"name":"FONDO"}},
{"type":"Feature","geometry":{"type":"LineString","coordinates":[[-63.01535,-17.72749],[-63.01536,-17.72737]]},"properties":{"description":"CONSTRUCCIONES","styleUrl":"#line13","stroke-opacity":1,"stroke":"#CC3300","stroke-width":1,"name":"FONDO"}},
{"type":"Feature","geometry":{"type":"LineString","coordinates":[[-63.01534,-17.72749],[-63.01535,-17.7274]]},"properties":{"description":"CONSTRUCCIONES","styleUrl":"#line13","stroke-opacity":1,"stroke":"#CC3300","stroke-width":1,"name":"FONDO"}},
{"type":"Feature","geometry":{"type":"LineString","coordinates":[[-63.01533,-17.72748],[-63.01533,-17.72744]]},"properties":{"description":"CONSTRUCCIONES","styleUrl":"#line13","stroke-opacity":1,"stroke":"#CC3300","stroke-width":1,"name":"FONDO"}},
{"type":"Feature","geometry":null,"properties":{"description":"CONSTRUCCIONES","styleUrl":"#line13","stroke-opacity":1,"stroke":"#CC3300","stroke-width":1,"name":"FONDO"}},
{"type":"Feature","geometry":{"type":"LineString","coordinates":[[-63.01562,-17.72778],[-63.01562,-17.72776]]},"properties":{"description":"CONSTRUCCIONES","styleUrl":"#line13","stroke-opacity":1,"stroke":"#CC3300","stroke-width":1,"name":"FONDO"}},
{"type":"Feature","geometry":{"type":"LineString","coordinates":[[-63.01561,-17.72779],[-63.01561,-17.72775]]},"properties":{"description":"CONSTRUCCIONES","styleUrl":"#line13","stroke-opacity":1,"stroke":"#CC3300","stroke-width":1,"name":"FONDO"}},
{"type":"Feature","geometry":{"type":"LineString","coordinates":[[-63.0156,-17.72778],[-63.0156,-17.72775]]},"properties":{"description":"CONSTRUCCIONES","styleUrl":"#line13","stroke-opacity":1,"stroke":"#CC3300","stroke-width":1,"name":"FONDO"}},
{"type":"Feature","geometry":{"type":"LineString","coordinates":[[-63.01564,-17.72795],[-63.01564,-17.72794]]},"properties":{"description":"CONSTRUCCIONES","styleUrl":"#line13","stroke-opacity":1,"stroke":"#CC3300","stroke-width":1,"name":"FONDO"}},
{"type":"Feature","geometry":{"type":"LineString","coordinates":[[-63.01563,-17.72797],[-63.01563,-17.72793]]},"properties":{"description":"CONSTRUCCIONES","styleUrl":"#line13","stroke-opacity":1,"stroke":"#CC3300","stroke-width":1,"name":"FONDO"}},
{"type":"Feature","geometry":{"type":"LineString","coordinates":[[-63.01561,-17.72799],[-63.01562,-17.72792]]},"properties":{"description":"CONSTRUCCIONES","styleUrl":"#line13","stroke-opacity":1,"stroke":"#CC3300","stroke-width":1,"name":"FONDO"}},
{"type":"Feature","geometry":{"type":"LineString","coordinates":[[-63.0156,-17.72798],[-63.01561,-17.72792]]},"properties":{"description":"CONSTRUCCIONES","styleUrl":"#line13","stroke-opacity":1,"stroke":"#CC3300","stroke-width":1,"name":"FONDO"}},
{"type":"Feature","geometry":{"type":"LineString","coordinates":[[-63.01559,-17.72798],[-63.0156,-17.72791]]},"properties":{"description":"CONSTRUCCIONES","styleUrl":"#line13","stroke-opacity":1,"stroke":"#CC3300","stroke-width":1,"name":"FONDO"}},
{"type":"Feature","geometry":{"type":"LineString","coordinates":[[-63.01558,-17.72797],[-63.01558,-17.7279]]},"properties":{"description":"CONSTRUCCIONES","styleUrl":"#line13","stroke-opacity":1,"stroke":"#CC3300","stroke-width":1,"name":"FONDO"}},
{"type":"Feature","geometry":{"type":"LineString","coordinates":[[-63.01557,-17.72796],[-63.01557,-17.72791]]},"properties":{"description":"CONSTRUCCIONES","styleUrl":"#line13","stroke-opacity":1,"stroke":"#CC3300","stroke-width":1,"name":"FONDO"}},
{"type":"Feature","geometry":{"type":"LineString","coordinates":[[-63.01556,-17.72796],[-63.01556,-17.72793]]},"properties":{"description":"CONSTRUCCIONES","styleUrl":"#line13","stroke-opacity":1,"stroke":"#CC3300","stroke-width":1,"name":"FONDO"}},
{"type":"Feature","geometry":{"type":"LineString","coordinates":[[-63.01489,-17.72917],[-63.01489,-17.72915]]},"properties":{"description":"CONSTRUCCIONES","styleUrl":"#line13","stroke-opacity":1,"stroke":"#CC3300","stroke-width":1,"name":"FONDO"}},
{"type":"Feature","geometry":{"type":"LineString","coordinates":[[-63.01488,-17.72919],[-63.01488,-17.72914]]},"properties":{"description":"CONSTRUCCIONES","styleUrl":"#line13","stroke-opacity":1,"stroke":"#CC3300","stroke-width":1,"name":"FONDO"}},
{"type":"Feature","geometry":{"type":"LineString","coordinates":[[-63.01486,-17.72921],[-63.01487,-17.72914]]},"properties":{"description":"CONSTRUCCIONES","styleUrl":"#line13","stroke-opacity":1,"stroke":"#CC3300","stroke-width":1,"name":"FONDO"}},
{"type":"Feature","geometry":{"type":"LineString","coordinates":[[-63.01485,-17.72922],[-63.01486,-17.72915]]},"properties":{"description":"CONSTRUCCIONES","styleUrl":"#line13","stroke-opacity":1,"stroke":"#CC3300","stroke-width":1,"name":"FONDO"}},
{"type":"Feature","geometry":{"type":"LineString","coordinates":[[-63.01484,-17.72924],[-63.01484,-17.72917]]},"properties":{"description":"CONSTRUCCIONES","styleUrl":"#line13","stroke-opacity":1,"stroke":"#CC3300","stroke-width":1,"name":"FONDO"}},
{"type":"Feature","geometry":{"type":"LineString","coordinates":[[-63.01482,-17.72926],[-63.01483,-17.72919]]},"properties":{"description":"CONSTRUCCIONES","styleUrl":"#line13","stroke-opacity":1,"stroke":"#CC3300","stroke-width":1,"name":"FONDO"}},
{"type":"Feature","geometry":{"type":"LineString","coordinates":[[-63.01481,-17.72926],[-63.01482,-17.72921]]},"properties":{"description":"CONSTRUCCIONES","styleUrl":"#line13","stroke-opacity":1,"stroke":"#CC3300","stroke-width":1,"name":"FONDO"}},
{"type":"Feature","geometry":{"type":"LineString","coordinates":[[-63.0148,-17.72925],[-63.0148,-17.72922]]},"properties":{"description":"CONSTRUCCIONES","styleUrl":"#line13","stroke-opacity":1,"stroke":"#CC3300","stroke-width":1,"name":"FONDO"}},
{"type":"Feature","geometry":null,"properties":{"description":"CONSTRUCCIONES","styleUrl":"#line13","stroke-opacity":1,"stroke":"#CC3300","stroke-width":1,"name":"FONDO"}},
{"type":"Feature","geometry":{"type":"LineString","coordinates":[[-63.01484,-17.72942],[-63.01485,-17.7294]]},"properties":{"description":"CONSTRUCCIONES","styleUrl":"#line13","stroke-opacity":1,"stroke":"#CC3300","stroke-width":1,"name":"FONDO"}},
{"type":"Feature","geometry":{"type":"LineString","coordinates":[[-63.01483,-17.72944],[-63.01483,-17.72939]]},"properties":{"description":"CONSTRUCCIONES","styleUrl":"#line13","stroke-opacity":1,"stroke":"#CC3300","stroke-width":1,"name":"FONDO"}},
{"type":"Feature","geometry":{"type":"LineString","coordinates":[[-63.01482,-17.72946],[-63.01482,-17.72938]]},"properties":{"description":"CONSTRUCCIONES","styleUrl":"#line13","stroke-opacity":1,"stroke":"#CC3300","stroke-width":1,"name":"FONDO"}},
{"type":"Feature","geometry":{"type":"LineString","coordinates":[[-63.0148,-17.72947],[-63.01481,-17.72937]]},"properties":{"description":"CONSTRUCCIONES","styleUrl":"#line13","stroke-opacity":1,"stroke":"#CC3300","stroke-width":1,"name":"FONDO"}},
{"type":"Feature","geometry":{"type":"LineString","coordinates":[[-63.01479,-17.72949],[-63.0148,-17.72937]]},"properties":{"description":"CONSTRUCCIONES","styleUrl":"#line13","stroke-opacity":1,"stroke":"#CC3300","stroke-width":1,"name":"FONDO"}},
{"type":"Feature","geometry":{"type":"LineString","coordinates":[[-63.01478,-17.72951],[-63.01479,-17.72936]]},"properties":{"description":"CONSTRUCCIONES","styleUrl":"#line13","stroke-opacity":1,"stroke":"#CC3300","stroke-width":1,"name":"FONDO"}},
{"type":"Feature","geometry":{"type":"LineString","coordinates":[[-63.01476,-17.72952],[-63.01478,-17.72935]]},"properties":{"description":"CONSTRUCCIONES","styleUrl":"#line13","stroke-opacity":1,"stroke":"#CC3300","stroke-width":1,"name":"FONDO"}},
{"type":"Feature","geometry":{"type":"LineString","coordinates":[[-63.01475,-17.72954],[-63.01477,-17.72934]]},"properties":{"description":"CONSTRUCCIONES","styleUrl":"#line13","stroke-opacity":1,"stroke":"#CC3300","stroke-width":1,"name":"FONDO"}},
{"type":"Feature","geometry":{"type":"LineString","coordinates":[[-63.01474,-17.72955],[-63.01476,-17.72933]]},"properties":{"description":"CONSTRUCCIONES","styleUrl":"#line13","stroke-opacity":1,"stroke":"#CC3300","stroke-width":1,"name":"FONDO"}},
{"type":"Feature","geometry":{"type":"LineString","coordinates":[[-63.01473,-17.72954],[-63.01474,-17.72934]]},"properties":{"description":"CONSTRUCCIONES","styleUrl":"#line13","stroke-opacity":1,"stroke":"#CC3300","stroke-width":1,"name":"FONDO"}},
{"type":"Feature","geometry":{"type":"LineString","coordinates":[[-63.01471,-17.72953],[-63.01473,-17.72935]]},"properties":{"description":"CONSTRUCCIONES","styleUrl":"#line13","stroke-opacity":1,"stroke":"#CC3300","stroke-width":1,"name":"FONDO"}},
{"type":"Feature","geometry":{"type":"LineString","coordinates":[[-63.0147,-17.72952],[-63.01472,-17.72937]]},"properties":{"description":"CONSTRUCCIONES","styleUrl":"#line13","stroke-opacity":1,"stroke":"#CC3300","stroke-width":1,"name":"FONDO"}},
{"type":"Feature","geometry":{"type":"LineString","coordinates":[[-63.01469,-17.72952],[-63.0147,-17.72939]]},"properties":{"description":"CONSTRUCCIONES","styleUrl":"#line13","stroke-opacity":1,"stroke":"#CC3300","stroke-width":1,"name":"FONDO"}},
{"type":"Feature","geometry":{"type":"LineString","coordinates":[[-63.01468,-17.72951],[-63.01469,-17.72941]]},"properties":{"description":"CONSTRUCCIONES","styleUrl":"#line13","stroke-opacity":1,"stroke":"#CC3300","stroke-width":1,"name":"FONDO"}},
{"type":"Feature","geometry":{"type":"LineString","coordinates":[[-63.01467,-17.7295],[-63.01468,-17.72942]]},"properties":{"description":"CONSTRUCCIONES","styleUrl":"#line13","stroke-opacity":1,"stroke":"#CC3300","stroke-width":1,"name":"FONDO"}},
{"type":"Feature","geometry":{"type":"LineString","coordinates":[[-63.01466,-17.72949],[-63.01466,-17.72944]]},"properties":{"description":"CONSTRUCCIONES","styleUrl":"#line13","stroke-opacity":1,"stroke":"#CC3300","stroke-width":1,"name":"FONDO"}},
{"type":"Feature","geometry":{"type":"LineString","coordinates":[[-63.01465,-17.72948],[-63.01465,-17.72946]]},"properties":{"description":"CONSTRUCCIONES","styleUrl":"#line13","stroke-opacity":1,"stroke":"#CC3300","stroke-width":1,"name":"FONDO"}},
{"type":"Feature","geometry":{"type":"LineString","coordinates":[[-63.01464,-17.72948],[-63.01464,-17.72947]]},"properties":{"description":"CONSTRUCCIONES","styleUrl":"#line13","stroke-opacity":1,"stroke":"#CC3300","stroke-width":1,"name":"FONDO"}},
{"type":"Feature","geometry":{"type":"LineString","coordinates":[[-63.01552,-17.73168],[-63.01548,-17.73154]]},"properties":{"description":"QUEBRADA","styleUrl":"#line14","stroke-opacity":1,"stroke":"#FF0000","stroke-width":1,"name":"FONDO"}},
{"type":"Feature","geometry":{"type":"LineString","coordinates":[[-63.01548,-17.73154],[-63.01537,-17.73143]]},"properties":{"description":"QUEBRADA","styleUrl":"#line14","stroke-opacity":1,"stroke":"#FF0000","stroke-width":1,"name":"FONDO"}},
{"type":"Feature","geometry":{"type":"LineString","coordinates":[[-63.01521,-17.73094],[-63.01514,-17.73084]]},"properties":{"description":"QUEBRADA","styleUrl":"#line14","stroke-opacity":1,"stroke":"#FF0000","stroke-width":1,"name":"FONDO"}},
{"type":"Feature","geometry":{"type":"LineString","coordinates":[[-63.01537,-17.73143],[-63.0152,-17.73139]]},"properties":{"description":"QUEBRADA","styleUrl":"#line14","stroke-opacity":1,"stroke":"#FF0000","stroke-width":1,"name":"FONDO"}},
{"type":"Feature","geometry":{"type":"LineString","coordinates":[[-63.01516,-17.73124],[-63.01521,-17.73094]]},"properties":{"description":"QUEBRADA","styleUrl":"#line14","stroke-opacity":1,"stroke":"#FF0000","stroke-width":1,"name":"FONDO"}},
{"type":"Feature","geometry":{"type":"LineString","coordinates":[[-63.0152,-17.73139],[-63.01516,-17.73124]]},"properties":{"description":"QUEBRADA","styleUrl":"#line14","stroke-opacity":1,"stroke":"#FF0000","stroke-width":1,"name":"FONDO"}},
{"type":"Feature","geometry":{"type":"LineString","coordinates":[[-63.01514,-17.73084],[-63.01502,-17.7309]]},"properties":{"description":"QUEBRADA","styleUrl":"#line14","stroke-opacity":1,"stroke":"#FF0000","stroke-width":1,"name":"FONDO"}},
{"type":"Feature","geometry":{"type":"LineString","coordinates":[[-63.01502,-17.7309],[-63.01498,-17.73096]]},"properties":{"description":"QUEBRADA","styleUrl":"#line14","stroke-opacity":1,"stroke":"#FF0000","stroke-width":1,"name":"FONDO"}},
{"type":"Feature","geometry":{"type":"LineString","coordinates":[[-63.01478,-17.73078],[-63.01473,-17.73079]]},"properties":{"description":"QUEBRADA","styleUrl":"#line14","stroke-opacity":1,"stroke":"#FF0000","stroke-width":1,"name":"FONDO"}},
{"type":"Feature","geometry":{"type":"LineString","coordinates":[[-63.01498,-17.73096],[-63.01495,-17.73094]]},"properties":{"description":"QUEBRADA","styleUrl":"#line14","stroke-opacity":1,"stroke":"#FF0000","stroke-width":1,"name":"FONDO"}},
{"type":"Feature","geometry":{"type":"LineString","coordinates":[[-63.01428,-17.73053],[-63.0142,-17.73037]]},"properties":{"description":"QUEBRADA","styleUrl":"#line14","stroke-opacity":1,"stroke":"#FF0000","stroke-width":1,"name":"FONDO"}},
{"type":"Feature","geometry":{"type":"LineString","coordinates":[[-63.01495,-17.73094],[-63.01478,-17.73078]]},"properties":{"description":"QUEBRADA","styleUrl":"#line14","stroke-opacity":1,"stroke":"#FF0000","stroke-width":1,"name":"FONDO"}},
{"type":"Feature","geometry":{"type":"LineString","coordinates":[[-63.01459,-17.7309],[-63.01441,-17.73094]]},"properties":{"description":"QUEBRADA","styleUrl":"#line14","stroke-opacity":1,"stroke":"#FF0000","stroke-width":1,"name":"FONDO"}},
{"type":"Feature","geometry":{"type":"LineString","coordinates":[[-63.01473,-17.73079],[-63.01459,-17.7309]]},"properties":{"description":"QUEBRADA","styleUrl":"#line14","stroke-opacity":1,"stroke":"#FF0000","stroke-width":1,"name":"FONDO"}},
{"type":"Feature","geometry":{"type":"LineString","coordinates":[[-63.0135,-17.73007],[-63.01334,-17.73008]]},"properties":{"description":"QUEBRADA","styleUrl":"#line14","stroke-opacity":1,"stroke":"#FF0000","stroke-width":1,"name":"FONDO"}},
{"type":"Feature","geometry":{"type":"LineString","coordinates":[[-63.01441,-17.73094],[-63.01431,-17.73073]]},"properties":{"description":"QUEBRADA","styleUrl":"#line14","stroke-opacity":1,"stroke":"#FF0000","stroke-width":1,"name":"FONDO"}},
{"type":"Feature","geometry":{"type":"LineString","coordinates":[[-63.01431,-17.73073],[-63.01428,-17.73053]]},"properties":{"description":"QUEBRADA","styleUrl":"#line14","stroke-opacity":1,"stroke":"#FF0000","stroke-width":1,"name":"FONDO"}},
{"type":"Feature","geometry":{"type":"LineString","coordinates":[[-63.0142,-17.73037],[-63.01401,-17.73045]]},"properties":{"description":"QUEBRADA","styleUrl":"#line14","stroke-opacity":1,"stroke":"#FF0000","stroke-width":1,"name":"FONDO"}},
{"type":"Feature","geometry":{"type":"LineString","coordinates":[[-63.01401,-17.73045],[-63.01386,-17.73023]]},"properties":{"description":"QUEBRADA","styleUrl":"#line14","stroke-opacity":1,"stroke":"#FF0000","stroke-width":1,"name":"FONDO"}},
{"type":"Feature","geometry":{"type":"LineString","coordinates":[[-63.01386,-17.73023],[-63.0135,-17.73007]]},"properties":{"description":"QUEBRADA","styleUrl":"#line14","stroke-opacity":1,"stroke":"#FF0000","stroke-width":1,"name":"FONDO"}},
{"type":"Feature","geometry":{"type":"LineString","coordinates":[[-63.01334,-17.73008],[-63.01338,-17.73025]]},"properties":{"description":"QUEBRADA","styleUrl":"#line14","stroke-opacity":1,"stroke":"#FF0000","stroke-width":1,"name":"FONDO"}},
{"type":"Feature","geometry":{"type":"LineString","coordinates":[[-63.01338,-17.73025],[-63.01356,-17.73048]]},"properties":{"description":"QUEBRADA","styleUrl":"#line14","stroke-opacity":1,"stroke":"#FF0000","stroke-width":1,"name":"FONDO"}},
{"type":"Feature","geometry":{"type":"LineString","coordinates":[[-63.01355,-17.73065],[-63.01344,-17.73075]]},"properties":{"description":"QUEBRADA","styleUrl":"#line14","stroke-opacity":1,"stroke":"#FF0000","stroke-width":1,"name":"FONDO"}},
{"type":"Feature","geometry":{"type":"LineString","coordinates":[[-63.01336,-17.73076],[-63.0131,-17.731]]},"properties":{"description":"QUEBRADA","styleUrl":"#line14","stroke-opacity":1,"stroke":"#FF0000","stroke-width":1,"name":"FONDO"}},
{"type":"Feature","geometry":{"type":"LineString","coordinates":[[-63.01356,-17.73048],[-63.01355,-17.73065]]},"properties":{"description":"QUEBRADA","styleUrl":"#line14","stroke-opacity":1,"stroke":"#FF0000","stroke-width":1,"name":"FONDO"}},
{"type":"Feature","geometry":{"type":"LineString","coordinates":[[-63.01344,-17.73075],[-63.01336,-17.73076]]},"properties":{"description":"QUEBRADA","styleUrl":"#line14","stroke-opacity":1,"stroke":"#FF0000","stroke-width":1,"name":"FONDO"}},
{"type":"Feature","geometry":{"type":"LineString","coordinates":[[-63.0131,-17.731],[-63.01289,-17.73082]]},"properties":{"description":"QUEBRADA","styleUrl":"#line14","stroke-opacity":1,"stroke":"#FF0000","stroke-width":1,"name":"FONDO"}},
{"type":"Feature","geometry":{"type":"LineString","coordinates":[[-63.01289,-17.73082],[-63.01275,-17.73078]]},"properties":{"description":"QUEBRADA","styleUrl":"#line14","stroke-opacity":1,"stroke":"#FF0000","stroke-width":1,"name":"FONDO"}},
{"type":"Feature","geometry":{"type":"LineString","coordinates":[[-63.01275,-17.73125],[-63.01207,-17.73139]]},"properties":{"description":"QUEBRADA","styleUrl":"#line14","stroke-opacity":1,"stroke":"#FF0000","stroke-width":1,"name":"FONDO"}},
{"type":"Feature","geometry":{"type":"LineString","coordinates":[[-63.01275,-17.73078],[-63.01273,-17.73098]]},"properties":{"description":"QUEBRADA","styleUrl":"#line14","stroke-opacity":1,"stroke":"#FF0000","stroke-width":1,"name":"FONDO"}},
{"type":"Feature","geometry":{"type":"LineString","coordinates":[[-63.01187,-17.73124],[-63.01167,-17.73117]]},"properties":{"description":"QUEBRADA","styleUrl":"#line14","stroke-opacity":1,"stroke":"#FF0000","stroke-width":1,"name":"FONDO"}},
{"type":"Feature","geometry":{"type":"LineString","coordinates":[[-63.01273,-17.73098],[-63.01275,-17.73125]]},"properties":{"description":"QUEBRADA","styleUrl":"#line14","stroke-opacity":1,"stroke":"#FF0000","stroke-width":1,"name":"FONDO"}},
{"type":"Feature","geometry":{"type":"LineString","coordinates":[[-63.01183,-17.73149],[-63.01188,-17.73129]]},"properties":{"description":"QUEBRADA","styleUrl":"#line14","stroke-opacity":1,"stroke":"#FF0000","stroke-width":1,"name":"FONDO"}},
{"type":"Feature","geometry":{"type":"LineString","coordinates":[[-63.01207,-17.73139],[-63.01183,-17.73149]]},"properties":{"description":"QUEBRADA","styleUrl":"#line14","stroke-opacity":1,"stroke":"#FF0000","stroke-width":1,"name":"FONDO"}},
{"type":"Feature","geometry":{"type":"LineString","coordinates":[[-63.01188,-17.73129],[-63.01187,-17.73124]]},"properties":{"description":"QUEBRADA","styleUrl":"#line14","stroke-opacity":1,"stroke":"#FF0000","stroke-width":1,"name":"FONDO"}},
{"type":"Feature","geometry":{"type":"LineString","coordinates":[[-63.01176,-17.73078],[-63.01166,-17.73059]]},"properties":{"description":"QUEBRADA","styleUrl":"#line14","stroke-opacity":1,"stroke":"#FF0000","stroke-width":1,"name":"FONDO"}},
{"type":"Feature","geometry":{"type":"LineString","coordinates":[[-63.01116,-17.73062],[-63.01113,-17.73071]]},"properties":{"description":"QUEBRADA","styleUrl":"#line14","stroke-opacity":1,"stroke":"#FF0000","stroke-width":1,"name":"FONDO"}},
{"type":"Feature","geometry":{"type":"LineString","coordinates":[[-63.01167,-17.73117],[-63.01176,-17.73078]]},"properties":{"description":"QUEBRADA","styleUrl":"#line14","stroke-opacity":1,"stroke":"#FF0000","stroke-width":1,"name":"FONDO"}},
{"type":"Feature","geometry":{"type":"LineString","coordinates":[[-63.01166,-17.73059],[-63.0113,-17.73051]]},"properties":{"description":"QUEBRADA","styleUrl":"#line14","stroke-opacity":1,"stroke":"#FF0000","stroke-width":1,"name":"FONDO"}},
{"type":"Feature","geometry":{"type":"LineString","coordinates":[[-63.0113,-17.73051],[-63.01123,-17.73056]]},"properties":{"description":"QUEBRADA","styleUrl":"#line14","stroke-opacity":1,"stroke":"#FF0000","stroke-width":1,"name":"FONDO"}},
{"type":"Feature","geometry":{"type":"LineString","coordinates":[[-63.01123,-17.73056],[-63.01116,-17.73062]]},"properties":{"description":"QUEBRADA","styleUrl":"#line14","stroke-opacity":1,"stroke":"#FF0000","stroke-width":1,"name":"FONDO"}},
{"type":"Feature","geometry":{"type":"LineString","coordinates":[[-63.01101,-17.73087],[-63.01102,-17.73098]]},"properties":{"description":"QUEBRADA","styleUrl":"#line14","stroke-opacity":1,"stroke":"#FF0000","stroke-width":1,"name":"FONDO"}},
{"type":"Feature","geometry":{"type":"LineString","coordinates":[[-63.01102,-17.73098],[-63.01113,-17.73123]]},"properties":{"description":"QUEBRADA","styleUrl":"#line14","stroke-opacity":1,"stroke":"#FF0000","stroke-width":1,"name":"FONDO"}},
{"type":"Feature","geometry":{"type":"LineString","coordinates":[[-63.01113,-17.73071],[-63.01101,-17.73087]]},"properties":{"description":"QUEBRADA","styleUrl":"#line14","stroke-opacity":1,"stroke":"#FF0000","stroke-width":1,"name":"FONDO"}},
{"type":"Feature","geometry":{"type":"LineString","coordinates":[[-63.01096,-17.73138],[-63.0108,-17.73127]]},"properties":{"description":"QUEBRADA","styleUrl":"#line14","stroke-opacity":1,"stroke":"#FF0000","stroke-width":1,"name":"FONDO"}},
{"type":"Feature","geometry":{"type":"LineString","coordinates":[[-63.01113,-17.73123],[-63.01115,-17.73129]]},"properties":{"description":"QUEBRADA","styleUrl":"#line14","stroke-opacity":1,"stroke":"#FF0000","stroke-width":1,"name":"FONDO"}},
{"type":"Feature","geometry":{"type":"LineString","coordinates":[[-63.0108,-17.73127],[-63.01061,-17.73109]]},"properties":{"description":"QUEBRADA","styleUrl":"#line14","stroke-opacity":1,"stroke":"#FF0000","stroke-width":1,"name":"FONDO"}},
{"type":"Feature","geometry":{"type":"LineString","coordinates":[[-63.01115,-17.73129],[-63.01096,-17.73138]]},"properties":{"description":"QUEBRADA","styleUrl":"#line14","stroke-opacity":1,"stroke":"#FF0000","stroke-width":1,"name":"FONDO"}},
{"type":"Feature","geometry":{"type":"LineString","coordinates":[[-63.01061,-17.73109],[-63.01048,-17.73113]]},"properties":{"description":"QUEBRADA","styleUrl":"#line14","stroke-opacity":1,"stroke":"#FF0000","stroke-width":1,"name":"FONDO"}},
{"type":"Feature","geometry":{"type":"LineString","coordinates":[[-63.01048,-17.73113],[-63.01027,-17.73119]]},"properties":{"description":"QUEBRADA","styleUrl":"#line14","stroke-opacity":1,"stroke":"#FF0000","stroke-width":1,"name":"FONDO"}},
{"type":"Feature","geometry":{"type":"LineString","coordinates":[[-63.01027,-17.73119],[-63.01007,-17.73127]]},"properties":{"description":"QUEBRADA","styleUrl":"#line14","stroke-opacity":1,"stroke":"#FF0000","stroke-width":1,"name":"FONDO"}},
{"type":"Feature","geometry":{"type":"LineString","coordinates":[[-63.01007,-17.73127],[-63.00998,-17.73124]]},"properties":{"description":"QUEBRADA","styleUrl":"#line14","stroke-opacity":1,"stroke":"#FF0000","stroke-width":1,"name":"FONDO"}},
{"type":"Feature","geometry":{"type":"LineString","coordinates":[[-63.00998,-17.73124],[-63.00991,-17.73117]]},"properties":{"description":"QUEBRADA","styleUrl":"#line14","stroke-opacity":1,"stroke":"#FF0000","stroke-width":1,"name":"FONDO"}},
{"type":"Feature","geometry":{"type":"LineString","coordinates":[[-63.00991,-17.73117],[-63.00988,-17.73107]]},"properties":{"description":"QUEBRADA","styleUrl":"#line14","stroke-opacity":1,"stroke":"#FF0000","stroke-width":1,"name":"FONDO"}},
{"type":"Feature","geometry":{"type":"LineString","coordinates":[[-63.00988,-17.73107],[-63.0099,-17.7309]]},"properties":{"description":"QUEBRADA","styleUrl":"#line14","stroke-opacity":1,"stroke":"#FF0000","stroke-width":1,"name":"FONDO"}},
{"type":"Feature","geometry":{"type":"LineString","coordinates":[[-63.0099,-17.7309],[-63.00963,-17.73088]]},"properties":{"description":"QUEBRADA","styleUrl":"#line14","stroke-opacity":1,"stroke":"#FF0000","stroke-width":1,"name":"FONDO"}},
{"type":"Feature","geometry":{"type":"LineString","coordinates":[[-63.00963,-17.73088],[-63.00944,-17.73084]]},"properties":{"description":"QUEBRADA","styleUrl":"#line14","stroke-opacity":1,"stroke":"#FF0000","stroke-width":1,"name":"FONDO"}},
{"type":"Feature","geometry":{"type":"LineString","coordinates":[[-63.00944,-17.73084],[-63.00913,-17.73099]]},"properties":{"description":"QUEBRADA","styleUrl":"#line14","stroke-opacity":1,"stroke":"#FF0000","stroke-width":1,"name":"FONDO"}},
{"type":"Feature","geometry":{"type":"LineString","coordinates":[[-63.00913,-17.73099],[-63.00896,-17.73157]]},"properties":{"description":"QUEBRADA","styleUrl":"#line14","stroke-opacity":1,"stroke":"#FF0000","stroke-width":1,"name":"FONDO"}},
{"type":"Feature","geometry":{"type":"LineString","coordinates":[[-63.00896,-17.73157],[-63.00872,-17.73162]]},"properties":{"description":"QUEBRADA","styleUrl":"#line14","stroke-opacity":1,"stroke":"#FF0000","stroke-width":1,"name":"FONDO"}},
{"type":"Feature","geometry":{"type":"LineString","coordinates":[[-63.00872,-17.73162],[-63.00867,-17.73156]]},"properties":{"description":"QUEBRADA","styleUrl":"#line14","stroke-opacity":1,"stroke":"#FF0000","stroke-width":1,"name":"FONDO"}},
{"type":"Feature","geometry":{"type":"LineString","coordinates":[[-63.00867,-17.73156],[-63.00867,-17.73128]]},"properties":{"description":"QUEBRADA","styleUrl":"#line14","stroke-opacity":1,"stroke":"#FF0000","stroke-width":1,"name":"FONDO"}},
{"type":"Feature","geometry":{"type":"LineString","coordinates":[[-63.00867,-17.73128],[-63.00861,-17.73117]]},"properties":{"description":"QUEBRADA","styleUrl":"#line14","stroke-opacity":1,"stroke":"#FF0000","stroke-width":1,"name":"FONDO"}},
{"type":"Feature","geometry":{"type":"LineString","coordinates":[[-63.00861,-17.73117],[-63.0085,-17.7311]]},"properties":{"description":"QUEBRADA","styleUrl":"#line14","stroke-opacity":1,"stroke":"#FF0000","stroke-width":1,"name":"FONDO"}}
]}