{"type":"FeatureCollection", "features": [
{"type":"Feature","geometry":{"type":"Point","coordinates":[-63.02028,-17.7358,0]},"properties":{"name":"AV-1","description":"NUMERO DE MANZANOS","styleUrl":"#point1","icon":"kml_ext_files/kml_symbol_no symbol_0.png"}},
{"type":"Feature","geometry":{"type":"Point","coordinates":[-63.01368,-17.74577,0]},"properties":{"name":"M-40","description":"NUMERO DE MANZANOS","styleUrl":"#point2","label-opacity":1,"label-color":"#00ff00","icon":"kml_ext_files/kml_symbol_no symbol_0.png"}},
{"type":"Feature","geometry":{"type":"Point","coordinates":[-63.01376,-17.74485,0]},"properties":{"name":"M-42","description":"NUMERO DE MANZANOS","styleUrl":"#point3","label-opacity":1,"label-color":"#00ff00","icon":"kml_ext_files/kml_symbol_no symbol_0.png"}},
{"type":"Feature","geometry":{"type":"Point","coordinates":[-63.01453,-17.74608,0]},"properties":{"name":"M-41","description":"NUMERO DE MANZANOS","styleUrl":"#point4","label-opacity":1,"label-color":"#00ff00","icon":"kml_ext_files/kml_symbol_no symbol_0.png"}},
{"type":"Feature","geometry":{"type":"Point","coordinates":[-63.01498,-17.74474,0]},"properties":{"name":"M-4","description":"NUMERO DE MANZANOS","styleUrl":"#point5","label-opacity":1,"label-color":"#00ff00","icon":"kml_ext_files/kml_symbol_no symbol_0.png"}},
{"type":"Feature","geometry":{"type":"Point","coordinates":[-63.01676,-17.74511,0]},"properties":{"name":"M-11","description":"NUMERO DE MANZANOS","styleUrl":"#point6","label-opacity":1,"label-color":"#00ff00","icon":"kml_ext_files/kml_symbol_no symbol_0.png"}},
{"type":"Feature","geometry":{"type":"Point","coordinates":[-63.02041,-17.7357,0]},"properties":{"name":"M-38","description":"NUMERO DE MANZANOS","styleUrl":"#point7","label-opacity":1,"label-color":"#00ff00","icon":"kml_ext_files/kml_symbol_no symbol_0.png"}},
{"type":"Feature","geometry":{"type":"Point","coordinates":[-63.02018,-17.7377,0]},"properties":{"name":"M-35","description":"NUMERO DE MANZANOS","styleUrl":"#point8","label-opacity":1,"label-color":"#00ff00","icon":"kml_ext_files/kml_symbol_no symbol_0.png"}},
{"type":"Feature","geometry":{"type":"Point","coordinates":[-63.01843,-17.73908,0]},"properties":{"name":"M-31","description":"NUMERO DE MANZANOS","styleUrl":"#point9","label-opacity":1,"label-color":"#00ff00","icon":"kml_ext_files/kml_symbol_no symbol_0.png"}},
{"type":"Feature","geometry":{"type":"Point","coordinates":[-63.0177,-17.73876,0]},"properties":{"name":"M-30","description":"NUMERO DE MANZANOS","styleUrl":"#point10","label-opacity":1,"label-color":"#00ff00","icon":"kml_ext_files/kml_symbol_no symbol_0.png"}},
{"type":"Feature","geometry":{"type":"Point","coordinates":[-63.01708,-17.73818,0]},"properties":{"name":"M-29","description":"NUMERO DE MANZANOS","styleUrl":"#point11","label-opacity":1,"label-color":"#00ff00","icon":"kml_ext_files/kml_symbol_no symbol_0.png"}},
{"type":"Feature","geometry":{"type":"Point","coordinates":[-63.01725,-17.74096,0]},"properties":{"name":"M-25","description":"NUMERO DE MANZANOS","styleUrl":"#point12","label-opacity":1,"label-color":"#00ff00","icon":"kml_ext_files/kml_symbol_no symbol_0.png"}},
{"type":"Feature","geometry":{"type":"Point","coordinates":[-63.01752,-17.74189,0]},"properties":{"name":"M-24","description":"NUMERO DE MANZANOS","styleUrl":"#point13","label-opacity":1,"label-color":"#00ff00","icon":"kml_ext_files/kml_symbol_no symbol_0.png"}},
{"type":"Feature","geometry":{"type":"Point","coordinates":[-63.01632,-17.74095,0]},"properties":{"name":"M-26","description":"NUMERO DE MANZANOS","styleUrl":"#point14","label-opacity":1,"label-color":"#00ff00","icon":"kml_ext_files/kml_symbol_no symbol_0.png"}},
{"type":"Feature","geometry":{"type":"Point","coordinates":[-63.01509,-17.74102,0]},"properties":{"name":"M-27","description":"NUMERO DE MANZANOS","styleUrl":"#point15","label-opacity":1,"label-color":"#00ff00","icon":"kml_ext_files/kml_symbol_no symbol_0.png"}},
{"type":"Feature","geometry":{"type":"Point","coordinates":[-63.0145,-17.74244,0]},"properties":{"name":"M-6","description":"NUMERO DE MANZANOS","styleUrl":"#point16","label-opacity":1,"label-color":"#00ff00","icon":"kml_ext_files/kml_symbol_no symbol_0.png"}},
{"type":"Feature","geometry":{"type":"Point","coordinates":[-63.01522,-17.74267,0]},"properties":{"name":"M-8","description":"NUMERO DE MANZANOS","styleUrl":"#point17","label-opacity":1,"label-color":"#00ff00","icon":"kml_ext_files/kml_symbol_no symbol_0.png"}},
{"type":"Feature","geometry":{"type":"Point","coordinates":[-63.01565,-17.74309,0]},"properties":{"name":"M-9","description":"NUMERO DE MANZANOS","styleUrl":"#point18","label-opacity":1,"label-color":"#00ff00","icon":"kml_ext_files/kml_symbol_no symbol_0.png"}},
{"type":"Feature","geometry":{"type":"Point","coordinates":[-63.01613,-17.74408,0]},"properties":{"name":"M-10","description":"NUMERO DE MANZANOS","styleUrl":"#point19","label-opacity":1,"label-color":"#00ff00","icon":"kml_ext_files/kml_symbol_no symbol_0.png"}},
{"type":"Feature","geometry":{"type":"Point","coordinates":[-63.01579,-17.74621,0]},"properties":{"name":"M-3","description":"NUMERO DE MANZANOS","styleUrl":"#point20","label-opacity":1,"label-color":"#00ff00","icon":"kml_ext_files/kml_symbol_no symbol_0.png"}},
{"type":"Feature","geometry":{"type":"Point","coordinates":[-63.01415,-17.74376,0]},"properties":{"name":"M-5","description":"NUMERO DE MANZANOS","styleUrl":"#point21","label-opacity":1,"label-color":"#00ff00","icon":"kml_ext_files/kml_symbol_no symbol_0.png"}},
{"type":"Feature","geometry":{"type":"Point","coordinates":[-63.01471,-17.74175,0]},"properties":{"name":"EQ.-1","description":"NUMERO DE MANZANOS","styleUrl":"#point22","icon":"kml_ext_files/kml_symbol_no symbol_0.png"}},
{"type":"Feature","geometry":{"type":"Point","coordinates":[-63.01663,-17.73909,0]},"properties":{"name":"M-28","description":"NUMERO DE MANZANOS","styleUrl":"#point23","label-opacity":1,"label-color":"#00ff00","icon":"kml_ext_files/kml_symbol_no symbol_0.png"}},
{"type":"Feature","geometry":{"type":"Point","coordinates":[-63.017,-17.73803,0]},"properties":{"name":"EQ.-3","description":"NUMERO DE MANZANOS","styleUrl":"#point24","icon":"kml_ext_files/kml_symbol_no symbol_0.png"}},
{"type":"Feature","geometry":{"type":"Point","coordinates":[-63.01911,-17.73938,0]},"properties":{"name":"M-32","description":"NUMERO DE MANZANOS","styleUrl":"#point25","label-opacity":1,"label-color":"#00ff00","icon":"kml_ext_files/kml_symbol_no symbol_0.png"}},
{"type":"Feature","geometry":{"type":"Point","coordinates":[-63.01478,-17.7417,0]},"properties":{"name":"M-7","description":"NUMERO DE MANZANOS","styleUrl":"#point26","label-opacity":1,"label-color":"#00ff00","icon":"kml_ext_files/kml_symbol_no symbol_0.png"}},
{"type":"Feature","geometry":{"type":"Point","coordinates":[-63.01862,-17.7408,0]},"properties":{"name":"CANAL DE DRENAJE","description":"CARIMBO","styleUrl":"#point27","icon":"kml_ext_files/kml_symbol_no symbol_0.png"}},
{"type":"Feature","geometry":{"type":"Point","coordinates":[-63.01948,-17.73735,0]},"properties":{"name":"M-36","description":"NUMERO DE MANZANOS","styleUrl":"#point28","label-opacity":1,"label-color":"#00ff00","icon":"kml_ext_files/kml_symbol_no symbol_0.png"}},
{"type":"Feature","geometry":{"type":"Point","coordinates":[-63.01885,-17.73698,0]},"properties":{"name":"M-37","description":"NUMERO DE MANZANOS","styleUrl":"#point29","label-opacity":1,"label-color":"#00ff00","icon":"kml_ext_files/kml_symbol_no symbol_0.png"}},
{"type":"Feature","geometry":{"type":"Point","coordinates":[-63.01653,-17.73913,0]},"properties":{"name":"AV-2","description":"NUMERO DE MANZANOS","styleUrl":"#point30","icon":"kml_ext_files/kml_symbol_no symbol_0.png"}},
{"type":"Feature","geometry":{"type":"Point","coordinates":[-63.02128,-17.73569,0]},"properties":{"name":"afectación area de protección","description":"0","styleUrl":"#point31","icon":"kml_ext_files/kml_symbol_no symbol_0.png"}},
{"type":"Feature","geometry":{"type":"Point","coordinates":[-63.01964,-17.73514,0]},"properties":{"name":"afectación area de protección","description":"0","styleUrl":"#point32","icon":"kml_ext_files/kml_symbol_no symbol_0.png"}},
{"type":"Feature","geometry":{"type":"Point","coordinates":[-63.02065,-17.73943,0]},"properties":{"name":"UV-23","description":"NUMERO DE MANZANOS","styleUrl":"#point33","label-opacity":1,"label-color":"#00ff00","icon":"kml_ext_files/kml_symbol_no symbol_0.png"}},
{"type":"Feature","geometry":{"type":"Point","coordinates":[-63.01867,-17.74245,0]},"properties":{"name":"UV-23","description":"NUMERO DE MANZANOS","styleUrl":"#point34","label-opacity":1,"label-color":"#00ff00","icon":"kml_ext_files/kml_symbol_no symbol_0.png"}},
{"type":"Feature","geometry":{"type":"Point","coordinates":[-63.02093,-17.7368,0]},"properties":{"name":"TERCER ANILLO","description":"Nombre Calles","styleUrl":"#point35","icon":"kml_ext_files/kml_symbol_no symbol_0.png"}},
{"type":"Feature","geometry":{"type":"Point","coordinates":[-63.01428,-17.74486,0]},"properties":{"name":"SEGUNDO ANILLO","description":"Nombre Calles","styleUrl":"#point36","icon":"kml_ext_files/kml_symbol_no symbol_0.png"}},
{"type":"Feature","geometry":{"type":"Point","coordinates":[-63.0149,-17.74381,0]},"properties":{"name":"Avenida S/N","description":"Nombre Calles","styleUrl":"#point37","icon":"kml_ext_files/kml_symbol_no symbol_0.png"}},
{"type":"Feature","geometry":{"type":"Point","coordinates":[-63.01416,-17.74666,0]},"properties":{"name":"498400","description":"0","styleUrl":"#point38","icon":"kml_ext_files/kml_symbol_no symbol_0.png"}},
{"type":"Feature","geometry":{"type":"Point","coordinates":[-63.01569,-17.74043,0]},"properties":{"name":"UV-23","description":"NUMERO DE MANZANOS","styleUrl":"#point39","label-opacity":1,"label-color":"#00ff00","icon":"kml_ext_files/kml_symbol_no symbol_0.png"}},
{"type":"Feature","geometry":{"type":"Point","coordinates":[-63.017,-17.73598,0]},"properties":{"name":"N","description":"0","styleUrl":"#point40","icon":"kml_ext_files/kml_symbol_no symbol_0.png"}},
{"type":"Feature","geometry":{"type":"Point","coordinates":[-63.01652,-17.73919,0]},"properties":{"name":"AV-2","description":"NUMERO DE MANZANOS","styleUrl":"#point41","icon":"kml_ext_files/kml_symbol_no symbol_0.png"}},
{"type":"Feature","geometry":{"type":"Point","coordinates":[-63.01476,-17.74167,0]},"properties":{"name":"M-7","description":"NUMERO DE MANZANOS","styleUrl":"#point42","label-opacity":1,"label-color":"#00ff00","icon":"kml_ext_files/kml_symbol_no symbol_0.png"}},
{"type":"Feature","geometry":{"type":"Polygon","coordinates":[[[-63.01616,-17.74197],[-63.01748,-17.74226],[-63.0166,-17.74364],[-63.01566,-17.7434],[-63.01616,-17.74197]]]},"properties":{"description":"COTAS","styleUrl":"#area1","fill-opacity":0,"fill":"#000000","stroke-opacity":1,"stroke":"#000000","stroke-width":1,"name":"FONDO"}},
{"type":"Feature","geometry":{"type":"Polygon","coordinates":[[[-63.01761,-17.74227],[-63.01793,-17.74177],[-63.01797,-17.74179],[-63.01765,-17.74229],[-63.01761,-17.74228],[-63.01761,-17.74227]]]},"properties":{"description":"COTAS","styleUrl":"#area1","fill-opacity":0,"fill":"#000000","stroke-opacity":1,"stroke":"#000000","stroke-width":1,"name":"FONDO"}},
{"type":"Feature","geometry":{"type":"Polygon","coordinates":[[[-63.02155,-17.73583],[-63.0215,-17.73576],[-63.02096,-17.73567],[-63.0205,-17.73533],[-63.02035,-17.73526],[-63.02019,-17.73525],[-63.0201,-17.73522],[-63.01985,-17.73504],[-63.01975,-17.7351],[-63.01965,-17.73517],[-63.01954,-17.73523],[-63.01943,-17.7353],[-63.01936,-17.73532],[-63.01929,-17.73534],[-63.01924,-17.73535],[-63.01905,-17.73536],[-63.01892,-17.73533],[-63.01886,-17.73531],[-63.0189,-17.73515],[-63.01906,-17.73517],[-63.01922,-17.73517],[-63.01935,-17.73513],[-63.01963,-17.73497],[-63.01985,-17.73504],[-63.0201,-17.73522],[-63.02018,-17.73524],[-63.02043,-17.73519],[-63.02053,-17.73516],[-63.02065,-17.73503],[-63.02077,-17.735],[-63.02081,-17.73527],[-63.02106,-17.73545],[-63.02164,-17.73556],[-63.02179,-17.73576],[-63.02179,-17.73577],[-63.02167,-17.73596],[-63.02155,-17.73583]]]},"properties":{"description":"COTAS","styleUrl":"#area1","fill-opacity":0,"fill":"#000000","stroke-opacity":1,"stroke":"#000000","stroke-width":1,"name":"FONDO"}},
{"type":"Feature","geometry":{"type":"Polygon","coordinates":[[[-63.01577,-17.74301],[-63.01582,-17.74293],[-63.01579,-17.74302],[-63.01577,-17.74301]]]},"properties":{"description":"0","styleUrl":"#area1","fill-opacity":0,"fill":"#000000","stroke-opacity":1,"stroke":"#000000","stroke-width":1,"name":"FONDO"}},
{"type":"Feature","geometry":{"type":"Polygon","coordinates":[[[-63.01548,-17.74284],[-63.01553,-17.74276],[-63.01582,-17.74293],[-63.01577,-17.74301],[-63.01548,-17.74284]]]},"properties":{"description":"0","styleUrl":"#area1","fill-opacity":0,"fill":"#000000","stroke-opacity":1,"stroke":"#000000","stroke-width":1,"name":"FONDO"}},
{"type":"Feature","geometry":{"type":"Polygon","coordinates":[[[-63.01685,-17.7362],[-63.01685,-17.73619],[-63.01685,-17.73618],[-63.01685,-17.73617],[-63.01685,-17.73616],[-63.01686,-17.73616],[-63.01686,-17.73615],[-63.01686,-17.73614],[-63.01687,-17.73614],[-63.01687,-17.73613],[-63.01687,-17.73612],[-63.01688,-17.73612],[-63.01688,-17.73611],[-63.01689,-17.73611],[-63.01689,-17.7361],[-63.0169,-17.7361],[-63.01691,-17.73609],[-63.01692,-17.73609],[-63.01693,-17.73608],[-63.01694,-17.73608],[-63.01695,-17.73608],[-63.01696,-17.73608],[-63.01696,-17.73607],[-63.01697,-17.73607],[-63.01698,-17.73607],[-63.01699,-17.73607],[-63.017,-17.73607],[-63.017,-17.73608],[-63.01701,-17.73608],[-63.01702,-17.73608],[-63.01703,-17.73608],[-63.01704,-17.73609],[-63.01705,-17.73609],[-63.01705,-17.7361],[-63.01706,-17.7361],[-63.01707,-17.73611],[-63.01708,-17.73612],[-63.01708,-17.73613],[-63.01709,-17.73613],[-63.01709,-17.73614],[-63.0171,-17.73615],[-63.0171,-17.73616],[-63.0171,-17.73617],[-63.01711,-17.73617],[-63.01711,-17.73618],[-63.01711,-17.73619],[-63.01711,-17.7362],[-63.01711,-17.73621],[-63.01711,-17.73622],[-63.0171,-17.73623],[-63.0171,-17.73624],[-63.0171,-17.73625],[-63.01709,-17.73625],[-63.01709,-17.73626],[-63.01709,-17.73627],[-63.01708,-17.73627],[-63.01708,-17.73628],[-63.01707,-17.73628],[-63.01707,-17.73629],[-63.01706,-17.73629],[-63.01706,-17.7363],[-63.01705,-17.7363],[-63.01704,-17.73631],[-63.01703,-17.73631],[-63.01702,-17.73631],[-63.01702,-17.73632],[-63.01701,-17.73632],[-63.017,-17.73632],[-63.01699,-17.73632],[-63.01698,-17.73632],[-63.01697,-17.73632],[-63.01696,-17.73632],[-63.01695,-17.73632],[-63.01694,-17.73632],[-63.01693,-17.73632],[-63.01693,-17.73631],[-63.01692,-17.73631],[-63.01691,-17.73631],[-63.01691,-17.7363],[-63.0169,-17.7363],[-63.0169,-17.73629],[-63.01689,-17.73629],[-63.01688,-17.73629],[-63.01688,-17.73628],[-63.01687,-17.73627],[-63.01687,-17.73626],[-63.01686,-17.73626],[-63.01686,-17.73625],[-63.01686,-17.73624],[-63.01685,-17.73624],[-63.01685,-17.73623],[-63.01685,-17.73622],[-63.01685,-17.73621],[-63.01685,-17.7362]]]},"properties":{"description":"0","styleUrl":"#area1","fill-opacity":0,"fill":"#000000","stroke-opacity":1,"stroke":"#000000","stroke-width":1,"name":"FONDO"}},
{"type":"Feature","geometry":{"type":"Polygon","coordinates":[[[-63.01686,-17.7362],[-63.01686,-17.73619],[-63.01686,-17.73618],[-63.01686,-17.73617],[-63.01686,-17.73616],[-63.01686,-17.73615],[-63.01687,-17.73615],[-63.01687,-17.73614],[-63.01688,-17.73613],[-63.01688,-17.73612],[-63.01689,-17.73612],[-63.01689,-17.73611],[-63.0169,-17.73611],[-63.0169,-17.7361],[-63.01691,-17.7361],[-63.01692,-17.7361],[-63.01692,-17.73609],[-63.01693,-17.73609],[-63.01694,-17.73609],[-63.01695,-17.73608],[-63.01696,-17.73608],[-63.01697,-17.73608],[-63.01698,-17.73608],[-63.01699,-17.73608],[-63.017,-17.73608],[-63.01701,-17.73608],[-63.01701,-17.73609],[-63.01702,-17.73609],[-63.01703,-17.73609],[-63.01704,-17.73609],[-63.01704,-17.7361],[-63.01705,-17.7361],[-63.01705,-17.73611],[-63.01706,-17.73611],[-63.01707,-17.73612],[-63.01708,-17.73613],[-63.01708,-17.73614],[-63.01709,-17.73614],[-63.01709,-17.73615],[-63.01709,-17.73616],[-63.0171,-17.73616],[-63.0171,-17.73617],[-63.0171,-17.73618],[-63.0171,-17.73619],[-63.0171,-17.7362],[-63.0171,-17.73621],[-63.0171,-17.73622],[-63.0171,-17.73623],[-63.01709,-17.73624],[-63.01709,-17.73625],[-63.01709,-17.73626],[-63.01708,-17.73626],[-63.01708,-17.73627],[-63.01707,-17.73627],[-63.01707,-17.73628],[-63.01706,-17.73628],[-63.01706,-17.73629],[-63.01705,-17.73629],[-63.01704,-17.7363],[-63.01703,-17.7363],[-63.01703,-17.73631],[-63.01702,-17.73631],[-63.01701,-17.73631],[-63.017,-17.73631],[-63.01699,-17.73632],[-63.01698,-17.73632],[-63.01697,-17.73632],[-63.01696,-17.73631],[-63.01695,-17.73631],[-63.01694,-17.73631],[-63.01693,-17.73631],[-63.01692,-17.7363],[-63.01691,-17.7363],[-63.01691,-17.73629],[-63.0169,-17.73629],[-63.01689,-17.73628],[-63.01688,-17.73627],[-63.01688,-17.73626],[-63.01687,-17.73626],[-63.01687,-17.73625],[-63.01686,-17.73624],[-63.01686,-17.73623],[-63.01686,-17.73622],[-63.01686,-17.73621],[-63.01686,-17.7362]]]},"properties":{"description":"0","styleUrl":"#area1","fill-opacity":0,"fill":"#000000","stroke-opacity":1,"stroke":"#000000","stroke-width":1,"name":"FONDO"}},
{"type":"Feature","geometry":{"type":"Polygon","coordinates":[[[-63.01686,-17.7362],[-63.01686,-17.73619],[-63.01686,-17.73618],[-63.01686,-17.73617],[-63.01686,-17.73616],[-63.01686,-17.73615],[-63.01687,-17.73615],[-63.01687,-17.73614],[-63.01688,-17.73613],[-63.01688,-17.73612],[-63.01689,-17.73612],[-63.01689,-17.73611],[-63.0169,-17.73611],[-63.0169,-17.7361],[-63.01691,-17.7361],[-63.01692,-17.7361],[-63.01692,-17.73609],[-63.01693,-17.73609],[-63.01694,-17.73609],[-63.01695,-17.73608],[-63.01696,-17.73608],[-63.01697,-17.73608],[-63.01698,-17.73608],[-63.01699,-17.73608],[-63.017,-17.73608],[-63.01701,-17.73608],[-63.01701,-17.73609],[-63.01702,-17.73609],[-63.01703,-17.73609],[-63.01704,-17.73609],[-63.01704,-17.7361],[-63.01705,-17.7361],[-63.01705,-17.73611],[-63.01706,-17.73611],[-63.01707,-17.73612],[-63.01708,-17.73613],[-63.01708,-17.73614],[-63.01709,-17.73614],[-63.01709,-17.73615],[-63.01709,-17.73616],[-63.0171,-17.73616],[-63.0171,-17.73617],[-63.0171,-17.73618],[-63.0171,-17.73619],[-63.0171,-17.7362],[-63.0171,-17.73621],[-63.0171,-17.73622],[-63.0171,-17.73623],[-63.01709,-17.73624],[-63.01709,-17.73625],[-63.01709,-17.73626],[-63.01708,-17.73626],[-63.01708,-17.73627],[-63.01707,-17.73627],[-63.01707,-17.73628],[-63.01706,-17.73628],[-63.01706,-17.73629],[-63.01705,-17.73629],[-63.01704,-17.7363],[-63.01703,-17.7363],[-63.01703,-17.73631],[-63.01702,-17.73631],[-63.01701,-17.73631],[-63.017,-17.73631],[-63.01699,-17.73632],[-63.01698,-17.73632],[-63.01697,-17.73632],[-63.01696,-17.73631],[-63.01695,-17.73631],[-63.01694,-17.73631],[-63.01693,-17.73631],[-63.01692,-17.7363],[-63.01691,-17.7363],[-63.01691,-17.73629],[-63.0169,-17.73629],[-63.01689,-17.73628],[-63.01688,-17.73627],[-63.01688,-17.73626],[-63.01687,-17.73626],[-63.01687,-17.73625],[-63.01686,-17.73624],[-63.01686,-17.73623],[-63.01686,-17.73622],[-63.01686,-17.73621],[-63.01686,-17.7362]]]},"properties":{"description":"0","styleUrl":"#area1","fill-opacity":0,"fill":"#000000","stroke-opacity":1,"stroke":"#000000","stroke-width":1,"name":"FONDO"}},
{"type":"Feature","geometry":{"type":"Polygon","coordinates":[[[-63.01696,-17.73618],[-63.01698,-17.73608],[-63.01698,-17.7362],[-63.01696,-17.73618]]]},"properties":{"description":"0","styleUrl":"#area2","fill-opacity":0.7490196078431373,"fill":"#000000","stroke-opacity":1,"stroke":"#000000","stroke-width":1,"name":"FONDO"}},
{"type":"Feature","geometry":{"type":"Polygon","coordinates":[[[-63.01698,-17.7362],[-63.01696,-17.73618],[-63.01698,-17.73608],[-63.01698,-17.7362],[-63.01686,-17.7362],[-63.01696,-17.73621],[-63.01699,-17.73618],[-63.0171,-17.7362],[-63.01698,-17.7362],[-63.01699,-17.73621],[-63.01698,-17.73632],[-63.01698,-17.7362]]]},"properties":{"description":"0","styleUrl":"#area2","fill-opacity":0.7490196078431373,"fill":"#000000","stroke-opacity":1,"stroke":"#000000","stroke-width":1,"name":"FONDO"}},
{"type":"Feature","geometry":{"type":"Polygon","coordinates":[[[-63.01698,-17.7362],[-63.01696,-17.73618],[-63.01698,-17.73608],[-63.01698,-17.7362],[-63.01686,-17.7362],[-63.01696,-17.73621],[-63.01699,-17.73618],[-63.0171,-17.7362],[-63.01698,-17.7362],[-63.01699,-17.73621],[-63.01698,-17.73632],[-63.01698,-17.7362]]]},"properties":{"description":"0","styleUrl":"#area2","fill-opacity":0.7490196078431373,"fill":"#000000","stroke-opacity":1,"stroke":"#000000","stroke-width":1,"name":"FONDO"}},
{"type":"Feature","geometry":{"type":"Polygon","coordinates":[[[-63.01686,-17.7362],[-63.01686,-17.73619],[-63.01686,-17.73618],[-63.01686,-17.73617],[-63.01686,-17.73616],[-63.01686,-17.73615],[-63.01687,-17.73615],[-63.01687,-17.73614],[-63.01688,-17.73613],[-63.01688,-17.73612],[-63.01689,-17.73612],[-63.01689,-17.73611],[-63.0169,-17.73611],[-63.0169,-17.7361],[-63.01691,-17.7361],[-63.01692,-17.7361],[-63.01692,-17.73609],[-63.01693,-17.73609],[-63.01694,-17.73609],[-63.01695,-17.73608],[-63.01696,-17.73608],[-63.01697,-17.73608],[-63.01698,-17.73608],[-63.01699,-17.73608],[-63.017,-17.73608],[-63.01701,-17.73608],[-63.01701,-17.73609],[-63.01702,-17.73609],[-63.01703,-17.73609],[-63.01704,-17.73609],[-63.01704,-17.7361],[-63.01705,-17.7361],[-63.01705,-17.73611],[-63.01706,-17.73611],[-63.01707,-17.73612],[-63.01708,-17.73613],[-63.01708,-17.73614],[-63.01709,-17.73614],[-63.01709,-17.73615],[-63.01709,-17.73616],[-63.0171,-17.73616],[-63.0171,-17.73617],[-63.0171,-17.73618],[-63.0171,-17.73619],[-63.0171,-17.7362],[-63.0171,-17.73621],[-63.0171,-17.73622],[-63.0171,-17.73623],[-63.01709,-17.73624],[-63.01709,-17.73625],[-63.01709,-17.73626],[-63.01708,-17.73626],[-63.01708,-17.73627],[-63.01707,-17.73627],[-63.01707,-17.73628],[-63.01706,-17.73628],[-63.01706,-17.73629],[-63.01705,-17.73629],[-63.01704,-17.7363],[-63.01703,-17.7363],[-63.01703,-17.73631],[-63.01702,-17.73631],[-63.01701,-17.73631],[-63.017,-17.73631],[-63.01699,-17.73632],[-63.01698,-17.73632],[-63.01697,-17.73632],[-63.01696,-17.73631],[-63.01695,-17.73631],[-63.01694,-17.73631],[-63.01693,-17.73631],[-63.01692,-17.7363],[-63.01691,-17.7363],[-63.01691,-17.73629],[-63.0169,-17.73629],[-63.01689,-17.73628],[-63.01688,-17.73627],[-63.01688,-17.73626],[-63.01687,-17.73626],[-63.01687,-17.73625],[-63.01686,-17.73624],[-63.01686,-17.73623],[-63.01686,-17.73622],[-63.01686,-17.73621],[-63.01686,-17.7362]]]},"properties":{"description":"0","styleUrl":"#area1","fill-opacity":0,"fill":"#000000","stroke-opacity":1,"stroke":"#000000","stroke-width":1,"name":"FONDO"}},
{"type":"Feature","geometry":{"type":"Polygon","coordinates":[[[-63.01447,-17.7413],[-63.01524,-17.74144],[-63.01525,-17.74144],[-63.01526,-17.74145],[-63.01527,-17.74145],[-63.01528,-17.74146],[-63.01529,-17.74148],[-63.0153,-17.7415],[-63.01529,-17.74152],[-63.01529,-17.74154],[-63.01493,-17.74211],[-63.01492,-17.74212],[-63.01491,-17.74214],[-63.0149,-17.74215],[-63.01488,-17.74217],[-63.01487,-17.74217],[-63.01486,-17.74217],[-63.01483,-17.74217],[-63.01482,-17.74216],[-63.01436,-17.74191],[-63.01432,-17.74189],[-63.01431,-17.74188],[-63.01429,-17.74186],[-63.01428,-17.74183],[-63.01428,-17.74181],[-63.01438,-17.74138],[-63.01439,-17.74135],[-63.0144,-17.74132],[-63.01441,-17.74131],[-63.01443,-17.7413],[-63.01444,-17.7413],[-63.01447,-17.7413]]]},"properties":{"description":"Unknown Area Type","styleUrl":"#area3","fill-opacity":0.7490196078431373,"fill":"#FFFF80","stroke-opacity":1,"stroke":"#000000","stroke-width":1,"name":"FONDO"}},
{"type":"Feature","geometry":{"type":"Polygon","coordinates":[[[-63.01664,-17.73767],[-63.01754,-17.7378],[-63.01754,-17.73779],[-63.01755,-17.7378],[-63.01756,-17.7378],[-63.01757,-17.73781],[-63.01759,-17.73783],[-63.01759,-17.73784],[-63.01759,-17.73786],[-63.01759,-17.73787],[-63.01759,-17.73789],[-63.01712,-17.73863],[-63.0171,-17.73866],[-63.01709,-17.73867],[-63.01707,-17.73868],[-63.01706,-17.73869],[-63.01704,-17.73869],[-63.01702,-17.73868],[-63.01653,-17.73848],[-63.01649,-17.73847],[-63.01645,-17.73845],[-63.01644,-17.73843],[-63.01643,-17.73842],[-63.01643,-17.73839],[-63.01657,-17.73773],[-63.01657,-17.73771],[-63.01658,-17.7377],[-63.0166,-17.73768],[-63.01662,-17.73767],[-63.01664,-17.73767]]]},"properties":{"description":"Unknown Area Type","styleUrl":"#area3","fill-opacity":0.7490196078431373,"fill":"#FFFF80","stroke-opacity":1,"stroke":"#000000","stroke-width":1,"name":"FONDO"}},
{"type":"Feature","geometry":{"type":"Polygon","coordinates":[[[-63.01645,-17.73859],[-63.01648,-17.73859],[-63.01694,-17.73877],[-63.01693,-17.73877],[-63.01696,-17.73879],[-63.01697,-17.7388],[-63.01698,-17.73883],[-63.01698,-17.73885],[-63.01696,-17.73888],[-63.01626,-17.73999],[-63.01622,-17.74005],[-63.01621,-17.74007],[-63.01619,-17.74008],[-63.01617,-17.74008],[-63.01616,-17.74008],[-63.01614,-17.74008],[-63.01613,-17.74007],[-63.01611,-17.74004],[-63.0161,-17.74001],[-63.01638,-17.73865],[-63.01638,-17.73864],[-63.01639,-17.73862],[-63.01639,-17.73861],[-63.0164,-17.7386],[-63.01642,-17.73859],[-63.01643,-17.73859],[-63.01645,-17.73859]]]},"properties":{"description":"Unknown Area Type","styleUrl":"#area4","fill-opacity":0.7490196078431373,"fill":"#008000","stroke-opacity":1,"stroke":"#000000","stroke-width":1,"name":"FONDO"}},
{"type":"Feature","geometry":{"type":"Polygon","coordinates":[[[-63.02179,-17.73577],[-63.02156,-17.73567],[-63.0218,-17.73576],[-63.02155,-17.73583],[-63.02118,-17.73643],[-63.02116,-17.73645],[-63.02114,-17.73649],[-63.02112,-17.73651],[-63.0211,-17.73653],[-63.02106,-17.73655],[-63.02104,-17.73655],[-63.02102,-17.73655],[-63.02099,-17.73655],[-63.01901,-17.73577],[-63.01897,-17.73576],[-63.01893,-17.73574],[-63.01891,-17.73573],[-63.01888,-17.73569],[-63.01886,-17.73565],[-63.01886,-17.73563],[-63.01886,-17.73559],[-63.01892,-17.73533],[-63.01897,-17.73516],[-63.01907,-17.73517],[-63.01923,-17.73517],[-63.01936,-17.73513],[-63.01963,-17.73497],[-63.01985,-17.73504],[-63.0201,-17.73522],[-63.02019,-17.73525],[-63.02054,-17.73515],[-63.02065,-17.73503],[-63.02078,-17.73499],[-63.02082,-17.73528],[-63.02106,-17.73545],[-63.02164,-17.73556],[-63.02179,-17.73577]]]},"properties":{"description":"Unknown Area Type","styleUrl":"#area4","fill-opacity":0.7490196078431373,"fill":"#008000","stroke-opacity":1,"stroke":"#000000","stroke-width":1,"name":"FONDO"}},
{"type":"Feature","geometry":{"type":"LineString","coordinates":[[-63.01514,-17.75034],[-63.01528,-17.74992]]},"properties":{"description":"Perimetro_Terreno","styleUrl":"#line1","stroke-opacity":1,"stroke":"#FF0000","stroke-width":1,"name":"FONDO"}},
{"type":"Feature","geometry":{"type":"LineString","coordinates":[[-63.01528,-17.74992],[-63.01543,-17.74938]]},"properties":{"description":"Perimetro_Terreno","styleUrl":"#line1","stroke-opacity":1,"stroke":"#FF0000","stroke-width":1,"name":"FONDO"}},
{"type":"Feature","geometry":{"type":"LineString","coordinates":[[-63.01543,-17.74938],[-63.01564,-17.74851]]},"properties":{"description":"Perimetro_Terreno","styleUrl":"#line1","stroke-opacity":1,"stroke":"#FF0000","stroke-width":1,"name":"FONDO"}},
{"type":"Feature","geometry":{"type":"LineString","coordinates":[[-63.01564,-17.74851],[-63.0157,-17.74779]]},"properties":{"description":"Perimetro_Terreno","styleUrl":"#line1","stroke-opacity":1,"stroke":"#FF0000","stroke-width":1,"name":"FONDO"}},
{"type":"Feature","geometry":{"type":"LineString","coordinates":[[-63.0157,-17.74779],[-63.01564,-17.74717]]},"properties":{"description":"Perimetro_Terreno","styleUrl":"#line1","stroke-opacity":1,"stroke":"#FF0000","stroke-width":1,"name":"FONDO"}},
{"type":"Feature","geometry":{"type":"LineString","coordinates":[[-63.01564,-17.74717],[-63.01547,-17.74658]]},"properties":{"description":"Perimetro_Terreno","styleUrl":"#line1","stroke-opacity":1,"stroke":"#FF0000","stroke-width":1,"name":"FONDO"}},
{"type":"Feature","geometry":{"type":"LineString","coordinates":[[-63.01547,-17.74658],[-63.01516,-17.74587]]},"properties":{"description":"Perimetro_Terreno","styleUrl":"#line1","stroke-opacity":1,"stroke":"#FF0000","stroke-width":1,"name":"FONDO"}},
{"type":"Feature","geometry":{"type":"LineString","coordinates":[[-63.01516,-17.74587],[-63.01481,-17.74523]]},"properties":{"description":"Perimetro_Terreno","styleUrl":"#line1","stroke-opacity":1,"stroke":"#FF0000","stroke-width":1,"name":"FONDO"}},
{"type":"Feature","geometry":{"type":"LineString","coordinates":[[-63.01481,-17.74523],[-63.01432,-17.74453]]},"properties":{"description":"Perimetro_Terreno","styleUrl":"#line1","stroke-opacity":1,"stroke":"#FF0000","stroke-width":1,"name":"FONDO"}},
{"type":"Feature","geometry":{"type":"LineString","coordinates":[[-63.01432,-17.74453],[-63.01375,-17.74388]]},"properties":{"description":"Perimetro_Terreno","styleUrl":"#line1","stroke-opacity":1,"stroke":"#FF0000","stroke-width":1,"name":"FONDO"}},
{"type":"Feature","geometry":{"type":"LineString","coordinates":[[-63.01375,-17.74388],[-63.01453,-17.74045]]},"properties":{"description":"Perimetro_Terreno","styleUrl":"#line1","stroke-opacity":1,"stroke":"#FF0000","stroke-width":1,"name":"FONDO"}},
{"type":"Feature","geometry":{"type":"LineString","coordinates":[[-63.01453,-17.74045],[-63.0159,-17.74068]]},"properties":{"description":"Perimetro_Terreno","styleUrl":"#line1","stroke-opacity":1,"stroke":"#FF0000","stroke-width":1,"name":"FONDO"}},
{"type":"Feature","geometry":{"type":"LineString","coordinates":[[-63.0159,-17.74068],[-63.01653,-17.7376]]},"properties":{"description":"Perimetro_Terreno","styleUrl":"#line1","stroke-opacity":1,"stroke":"#FF0000","stroke-width":1,"name":"FONDO"}},
{"type":"Feature","geometry":{"type":"LineString","coordinates":[[-63.01653,-17.7376],[-63.01823,-17.73783]]},"properties":{"description":"Perimetro_Terreno","styleUrl":"#line1","stroke-opacity":1,"stroke":"#FF0000","stroke-width":1,"name":"FONDO"}},
{"type":"Feature","geometry":{"type":"LineString","coordinates":[[-63.01823,-17.73783],[-63.0189,-17.73515]]},"properties":{"description":"Perimetro_Terreno","styleUrl":"#line1","stroke-opacity":1,"stroke":"#FF0000","stroke-width":1,"name":"FONDO"}},
{"type":"Feature","geometry":{"type":"LineString","coordinates":[[-63.0189,-17.73515],[-63.01906,-17.73517]]},"properties":{"description":"Perimetro_Terreno","styleUrl":"#line1","stroke-opacity":1,"stroke":"#FF0000","stroke-width":1,"name":"FONDO"}},
{"type":"Feature","geometry":{"type":"LineString","coordinates":[[-63.01906,-17.73517],[-63.01922,-17.73517]]},"properties":{"description":"Perimetro_Terreno","styleUrl":"#line1","stroke-opacity":1,"stroke":"#FF0000","stroke-width":1,"name":"FONDO"}},
{"type":"Feature","geometry":{"type":"LineString","coordinates":[[-63.01922,-17.73517],[-63.01935,-17.73513]]},"properties":{"description":"Perimetro_Terreno","styleUrl":"#line1","stroke-opacity":1,"stroke":"#FF0000","stroke-width":1,"name":"FONDO"}},
{"type":"Feature","geometry":{"type":"LineString","coordinates":[[-63.01935,-17.73513],[-63.01963,-17.73497]]},"properties":{"description":"Perimetro_Terreno","styleUrl":"#line1","stroke-opacity":1,"stroke":"#FF0000","stroke-width":1,"name":"FONDO"}},
{"type":"Feature","geometry":{"type":"LineString","coordinates":[[-63.01963,-17.73497],[-63.01985,-17.73504]]},"properties":{"description":"Perimetro_Terreno","styleUrl":"#line1","stroke-opacity":1,"stroke":"#FF0000","stroke-width":1,"name":"FONDO"}},
{"type":"Feature","geometry":{"type":"LineString","coordinates":[[-63.01985,-17.73504],[-63.0201,-17.73522]]},"properties":{"description":"Perimetro_Terreno","styleUrl":"#line1","stroke-opacity":1,"stroke":"#FF0000","stroke-width":1,"name":"FONDO"}},
{"type":"Feature","geometry":{"type":"LineString","coordinates":[[-63.0201,-17.73522],[-63.02018,-17.73524]]},"properties":{"description":"Perimetro_Terreno","styleUrl":"#line1","stroke-opacity":1,"stroke":"#FF0000","stroke-width":1,"name":"FONDO"}},
{"type":"Feature","geometry":{"type":"LineString","coordinates":[[-63.02018,-17.73524],[-63.02043,-17.73519]]},"properties":{"description":"Perimetro_Terreno","styleUrl":"#line1","stroke-opacity":1,"stroke":"#FF0000","stroke-width":1,"name":"FONDO"}},
{"type":"Feature","geometry":{"type":"LineString","coordinates":[[-63.02043,-17.73519],[-63.02053,-17.73516]]},"properties":{"description":"Perimetro_Terreno","styleUrl":"#line1","stroke-opacity":1,"stroke":"#FF0000","stroke-width":1,"name":"FONDO"}},
{"type":"Feature","geometry":{"type":"LineString","coordinates":[[-63.02053,-17.73516],[-63.02065,-17.73503]]},"properties":{"description":"Perimetro_Terreno","styleUrl":"#line1","stroke-opacity":1,"stroke":"#FF0000","stroke-width":1,"name":"FONDO"}},
{"type":"Feature","geometry":{"type":"LineString","coordinates":[[-63.02065,-17.73503],[-63.02078,-17.73499]]},"properties":{"description":"Perimetro_Terreno","styleUrl":"#line1","stroke-opacity":1,"stroke":"#FF0000","stroke-width":1,"name":"FONDO"}},
{"type":"Feature","geometry":{"type":"LineString","coordinates":[[-63.02078,-17.73499],[-63.02082,-17.73527]]},"properties":{"description":"Perimetro_Terreno","styleUrl":"#line1","stroke-opacity":1,"stroke":"#FF0000","stroke-width":1,"name":"FONDO"}},
{"type":"Feature","geometry":{"type":"LineString","coordinates":[[-63.02082,-17.73527],[-63.02084,-17.7353]]},"properties":{"description":"Perimetro_Terreno","styleUrl":"#line1","stroke-opacity":1,"stroke":"#FF0000","stroke-width":1,"name":"FONDO"}},
{"type":"Feature","geometry":{"type":"LineString","coordinates":[[-63.02084,-17.7353],[-63.02086,-17.73532]]},"properties":{"description":"Perimetro_Terreno","styleUrl":"#line1","stroke-opacity":1,"stroke":"#FF0000","stroke-width":1,"name":"FONDO"}},
{"type":"Feature","geometry":{"type":"LineString","coordinates":[[-63.02086,-17.73532],[-63.02108,-17.73545]]},"properties":{"description":"Perimetro_Terreno","styleUrl":"#line1","stroke-opacity":1,"stroke":"#FF0000","stroke-width":1,"name":"FONDO"}},
{"type":"Feature","geometry":{"type":"LineString","coordinates":[[-63.02108,-17.73545],[-63.02132,-17.73551]]},"properties":{"description":"Perimetro_Terreno","styleUrl":"#line1","stroke-opacity":1,"stroke":"#FF0000","stroke-width":1,"name":"FONDO"}},
{"type":"Feature","geometry":{"type":"LineString","coordinates":[[-63.02132,-17.73551],[-63.02164,-17.73556]]},"properties":{"description":"Perimetro_Terreno","styleUrl":"#line1","stroke-opacity":1,"stroke":"#FF0000","stroke-width":1,"name":"FONDO"}},
{"type":"Feature","geometry":{"type":"LineString","coordinates":[[-63.02164,-17.73556],[-63.0218,-17.73576]]},"properties":{"description":"Perimetro_Terreno","styleUrl":"#line1","stroke-opacity":1,"stroke":"#FF0000","stroke-width":1,"name":"FONDO"}},
{"type":"Feature","geometry":{"type":"LineString","coordinates":[[-63.0218,-17.73576],[-63.02095,-17.73711]]},"properties":{"description":"Perimetro_Terreno","styleUrl":"#line1","stroke-opacity":1,"stroke":"#FF0000","stroke-width":1,"name":"FONDO"}},
{"type":"Feature","geometry":{"type":"LineString","coordinates":[[-63.02095,-17.73711],[-63.01894,-17.74025]]},"properties":{"description":"Perimetro_Terreno","styleUrl":"#line1","stroke-opacity":1,"stroke":"#FF0000","stroke-width":1,"name":"FONDO"}},
{"type":"Feature","geometry":{"type":"LineString","coordinates":[[-63.01894,-17.74025],[-63.01807,-17.7399]]},"properties":{"description":"Perimetro_Terreno","styleUrl":"#line1","stroke-opacity":1,"stroke":"#FF0000","stroke-width":1,"name":"FONDO"}},
{"type":"Feature","geometry":{"type":"LineString","coordinates":[[-63.01807,-17.7399],[-63.01712,-17.74151]]},"properties":{"description":"Perimetro_Terreno","styleUrl":"#line1","stroke-opacity":1,"stroke":"#FF0000","stroke-width":1,"name":"FONDO"}},
{"type":"Feature","geometry":{"type":"LineString","coordinates":[[-63.01712,-17.74151],[-63.01797,-17.74179]]},"properties":{"description":"Perimetro_Terreno","styleUrl":"#line1","stroke-opacity":1,"stroke":"#FF0000","stroke-width":1,"name":"FONDO"}},
{"type":"Feature","geometry":{"type":"LineString","coordinates":[[-63.01797,-17.74179],[-63.01765,-17.74229]]},"properties":{"description":"Perimetro_Terreno","styleUrl":"#line1","stroke-opacity":1,"stroke":"#FF0000","stroke-width":1,"name":"FONDO"}},
{"type":"Feature","geometry":{"type":"LineString","coordinates":[[-63.01765,-17.74229],[-63.01616,-17.74197]]},"properties":{"description":"Perimetro_Terreno","styleUrl":"#line1","stroke-opacity":1,"stroke":"#FF0000","stroke-width":1,"name":"FONDO"}},
{"type":"Feature","geometry":{"type":"LineString","coordinates":[[-63.01616,-17.74197],[-63.01566,-17.7434]]},"properties":{"description":"Perimetro_Terreno","styleUrl":"#line1","stroke-opacity":1,"stroke":"#FF0000","stroke-width":1,"name":"FONDO"}},
{"type":"Feature","geometry":{"type":"LineString","coordinates":[[-63.01566,-17.7434],[-63.01677,-17.74368]]},"properties":{"description":"Perimetro_Terreno","styleUrl":"#line1","stroke-opacity":1,"stroke":"#FF0000","stroke-width":1,"name":"FONDO"}},
{"type":"Feature","geometry":{"type":"LineString","coordinates":[[-63.01677,-17.74368],[-63.0164,-17.74427]]},"properties":{"description":"Perimetro_Terreno","styleUrl":"#line1","stroke-opacity":1,"stroke":"#FF0000","stroke-width":1,"name":"FONDO"}},
{"type":"Feature","geometry":{"type":"LineString","coordinates":[[-63.0164,-17.74427],[-63.0174,-17.74452]]},"properties":{"description":"Perimetro_Terreno","styleUrl":"#line1","stroke-opacity":1,"stroke":"#FF0000","stroke-width":1,"name":"FONDO"}},
{"type":"Feature","geometry":{"type":"LineString","coordinates":[[-63.0174,-17.74452],[-63.01748,-17.74453]]},"properties":{"description":"Perimetro_Terreno","styleUrl":"#line1","stroke-opacity":1,"stroke":"#FF0000","stroke-width":1,"name":"FONDO"}},
{"type":"Feature","geometry":{"type":"LineString","coordinates":[[-63.01748,-17.74453],[-63.01752,-17.74455]]},"properties":{"description":"Perimetro_Terreno","styleUrl":"#line1","stroke-opacity":1,"stroke":"#FF0000","stroke-width":1,"name":"FONDO"}},
{"type":"Feature","geometry":{"type":"LineString","coordinates":[[-63.01752,-17.74455],[-63.02075,-17.73971]]},"properties":{"description":"Perimetro_Terreno","styleUrl":"#line1","stroke-opacity":1,"stroke":"#FF0000","stroke-width":1,"name":"FONDO"}},
{"type":"Feature","geometry":{"type":"LineString","coordinates":[[-63.02075,-17.73971],[-63.02133,-17.74]]},"properties":{"description":"Perimetro_Terreno","styleUrl":"#line1","stroke-opacity":1,"stroke":"#FF0000","stroke-width":1,"name":"FONDO"}},
{"type":"Feature","geometry":{"type":"LineString","coordinates":[[-63.02133,-17.74],[-63.02174,-17.73932]]},"properties":{"description":"Perimetro_Terreno","styleUrl":"#line1","stroke-opacity":1,"stroke":"#FF0000","stroke-width":1,"name":"FONDO"}},
{"type":"Feature","geometry":{"type":"LineString","coordinates":[[-63.02174,-17.73932],[-63.02256,-17.73957]]},"properties":{"description":"Perimetro_Terreno","styleUrl":"#line1","stroke-opacity":1,"stroke":"#FF0000","stroke-width":1,"name":"FONDO"}},
{"type":"Feature","geometry":{"type":"LineString","coordinates":[[-63.02256,-17.73957],[-63.01913,-17.74499]]},"properties":{"description":"Perimetro_Terreno","styleUrl":"#line1","stroke-opacity":1,"stroke":"#FF0000","stroke-width":1,"name":"FONDO"}},
{"type":"Feature","geometry":{"type":"LineString","coordinates":[[-63.01913,-17.74499],[-63.01915,-17.74502]]},"properties":{"description":"Perimetro_Terreno","styleUrl":"#line1","stroke-opacity":1,"stroke":"#FF0000","stroke-width":1,"name":"FONDO"}},
{"type":"Feature","geometry":{"type":"LineString","coordinates":[[-63.01915,-17.74502],[-63.02025,-17.74525]]},"properties":{"description":"Perimetro_Terreno","styleUrl":"#line1","stroke-opacity":1,"stroke":"#FF0000","stroke-width":1,"name":"FONDO"}},
{"type":"Feature","geometry":{"type":"LineString","coordinates":[[-63.02025,-17.74525],[-63.02074,-17.74536]]},"properties":{"description":"Perimetro_Terreno","styleUrl":"#line1","stroke-opacity":1,"stroke":"#FF0000","stroke-width":1,"name":"FONDO"}},
{"type":"Feature","geometry":{"type":"LineString","coordinates":[[-63.02074,-17.74536],[-63.02042,-17.74579]]},"properties":{"description":"Perimetro_Terreno","styleUrl":"#line1","stroke-opacity":1,"stroke":"#FF0000","stroke-width":1,"name":"FONDO"}},
{"type":"Feature","geometry":{"type":"LineString","coordinates":[[-63.02042,-17.74579],[-63.01952,-17.74708]]},"properties":{"description":"Perimetro_Terreno","styleUrl":"#line1","stroke-opacity":1,"stroke":"#FF0000","stroke-width":1,"name":"FONDO"}},
{"type":"Feature","geometry":{"type":"LineString","coordinates":[[-63.01952,-17.74708],[-63.01943,-17.74722]]},"properties":{"description":"Perimetro_Terreno","styleUrl":"#line1","stroke-opacity":1,"stroke":"#FF0000","stroke-width":1,"name":"FONDO"}},
{"type":"Feature","geometry":{"type":"LineString","coordinates":[[-63.01943,-17.74722],[-63.01923,-17.74736]]},"properties":{"description":"Perimetro_Terreno","styleUrl":"#line1","stroke-opacity":1,"stroke":"#FF0000","stroke-width":1,"name":"FONDO"}},
{"type":"Feature","geometry":{"type":"LineString","coordinates":[[-63.01923,-17.74736],[-63.01674,-17.7491]]},"properties":{"description":"Perimetro_Terreno","styleUrl":"#line1","stroke-opacity":1,"stroke":"#FF0000","stroke-width":1,"name":"FONDO"}},
{"type":"Feature","geometry":{"type":"LineString","coordinates":[[-63.01674,-17.7491],[-63.0168,-17.75074]]},"properties":{"description":"Perimetro_Terreno","styleUrl":"#line1","stroke-opacity":1,"stroke":"#FF0000","stroke-width":1,"name":"FONDO"}},
{"type":"Feature","geometry":{"type":"LineString","coordinates":[[-63.0168,-17.75074],[-63.01523,-17.75037]]},"properties":{"description":"Perimetro_Terreno","styleUrl":"#line1","stroke-opacity":1,"stroke":"#FF0000","stroke-width":1,"name":"FONDO"}},
{"type":"Feature","geometry":{"type":"LineString","coordinates":[[-63.01523,-17.75037],[-63.01518,-17.75035]]},"properties":{"description":"Perimetro_Terreno","styleUrl":"#line1","stroke-opacity":1,"stroke":"#FF0000","stroke-width":1,"name":"FONDO"}},
{"type":"Feature","geometry":{"type":"LineString","coordinates":[[-63.01518,-17.75035],[-63.01514,-17.75034]]},"properties":{"description":"Perimetro_Terreno","styleUrl":"#line1","stroke-opacity":1,"stroke":"#FF0000","stroke-width":1,"name":"FONDO"}},
{"type":"Feature","geometry":{"type":"LineString","coordinates":[[-63.02031,-17.73677],[-63.02068,-17.73692]]},"properties":{"description":"manzanos modificados","styleUrl":"#line2","stroke-opacity":1,"stroke":"#0000FF","stroke-width":1,"name":"FONDO"}},
{"type":"Feature","geometry":{"type":"LineString","coordinates":[[-63.02068,-17.73692],[-63.02069,-17.73692],[-63.02069,-17.73693],[-63.0207,-17.73693],[-63.02071,-17.73693],[-63.02071,-17.73694],[-63.02072,-17.73694],[-63.02072,-17.73695],[-63.02073,-17.73695],[-63.02073,-17.73696],[-63.02074,-17.73696],[-63.02074,-17.73697],[-63.02075,-17.73697],[-63.02075,-17.73698],[-63.02075,-17.73699],[-63.02076,-17.73699],[-63.02076,-17.737],[-63.02076,-17.73701],[-63.02077,-17.73702],[-63.02077,-17.73703],[-63.02077,-17.73704],[-63.02077,-17.73705],[-63.02077,-17.73706],[-63.02077,-17.73707],[-63.02076,-17.73708],[-63.02076,-17.73709],[-63.02076,-17.7371],[-63.02075,-17.7371],[-63.02075,-17.73711],[-63.02075,-17.73712]]},"properties":{"description":"manzanos modificados","styleUrl":"#line2","stroke-opacity":1,"stroke":"#0000FF","stroke-width":1,"name":"FONDO"}},
{"type":"Feature","geometry":{"type":"LineString","coordinates":[[-63.02075,-17.73712],[-63.01988,-17.73847]]},"properties":{"description":"manzanos modificados","styleUrl":"#line2","stroke-opacity":1,"stroke":"#0000FF","stroke-width":1,"name":"FONDO"}},
{"type":"Feature","geometry":{"type":"LineString","coordinates":[[-63.01988,-17.73847],[-63.01988,-17.73848],[-63.01987,-17.73848],[-63.01987,-17.73849],[-63.01986,-17.73849],[-63.01986,-17.7385],[-63.01985,-17.7385],[-63.01984,-17.7385],[-63.01984,-17.73851],[-63.01983,-17.73851],[-63.01982,-17.73851],[-63.01982,-17.73852],[-63.01981,-17.73852],[-63.0198,-17.73852],[-63.01979,-17.73852],[-63.01978,-17.73852],[-63.01977,-17.73852],[-63.01976,-17.73852],[-63.01976,-17.73851],[-63.01975,-17.73851],[-63.01974,-17.73851],[-63.01973,-17.73851],[-63.01973,-17.7385]]},"properties":{"description":"manzanos modificados","styleUrl":"#line2","stroke-opacity":1,"stroke":"#0000FF","stroke-width":1,"name":"FONDO"}},
{"type":"Feature","geometry":{"type":"LineString","coordinates":[[-63.01973,-17.7385],[-63.01931,-17.73826]]},"properties":{"description":"manzanos modificados","styleUrl":"#line2","stroke-opacity":1,"stroke":"#0000FF","stroke-width":1,"name":"FONDO"}},
{"type":"Feature","geometry":{"type":"LineString","coordinates":[[-63.01931,-17.73826],[-63.0193,-17.73826],[-63.0193,-17.73825],[-63.01929,-17.73825],[-63.01929,-17.73824],[-63.01929,-17.73823],[-63.01928,-17.73823],[-63.01928,-17.73822],[-63.01928,-17.73821],[-63.01928,-17.7382],[-63.01928,-17.73819],[-63.01928,-17.73818],[-63.01929,-17.73818],[-63.01929,-17.73817]]},"properties":{"description":"manzanos modificados","styleUrl":"#line2","stroke-opacity":1,"stroke":"#0000FF","stroke-width":1,"name":"FONDO"}},
{"type":"Feature","geometry":{"type":"LineString","coordinates":[[-63.01929,-17.73817],[-63.02014,-17.73683]]},"properties":{"description":"manzanos modificados","styleUrl":"#line2","stroke-opacity":1,"stroke":"#0000FF","stroke-width":1,"name":"FONDO"}},
{"type":"Feature","geometry":{"type":"LineString","coordinates":[[-63.02014,-17.73683],[-63.02014,-17.73682],[-63.02015,-17.73682],[-63.02015,-17.73681],[-63.02016,-17.7368],[-63.02017,-17.7368],[-63.02017,-17.73679],[-63.02018,-17.73679],[-63.02018,-17.73678],[-63.02019,-17.73678],[-63.0202,-17.73678],[-63.0202,-17.73677],[-63.02021,-17.73677],[-63.02022,-17.73677],[-63.02023,-17.73677],[-63.02024,-17.73677],[-63.02024,-17.73676],[-63.02025,-17.73676],[-63.02026,-17.73676],[-63.02027,-17.73676],[-63.02028,-17.73676],[-63.02028,-17.73677],[-63.02029,-17.73677],[-63.0203,-17.73677],[-63.02031,-17.73677]]},"properties":{"description":"manzanos modificados","styleUrl":"#line2","stroke-opacity":1,"stroke":"#0000FF","stroke-width":1,"name":"FONDO"}},
{"type":"Feature","geometry":{"type":"LineString","coordinates":[[-63.01755,-17.73967],[-63.01776,-17.73979]]},"properties":{"description":"manzanos modificados","styleUrl":"#line2","stroke-opacity":1,"stroke":"#0000FF","stroke-width":1,"name":"FONDO"}},
{"type":"Feature","geometry":{"type":"LineString","coordinates":[[-63.01776,-17.73979],[-63.01797,-17.73991]]},"properties":{"description":"manzanos modificados","styleUrl":"#line2","stroke-opacity":1,"stroke":"#0000FF","stroke-width":1,"name":"FONDO"}},
{"type":"Feature","geometry":{"type":"LineString","coordinates":[[-63.01797,-17.73991],[-63.01798,-17.73991],[-63.01798,-17.73992],[-63.01799,-17.73992],[-63.01799,-17.73993],[-63.018,-17.73993],[-63.018,-17.73994],[-63.018,-17.73995],[-63.01801,-17.73995],[-63.01801,-17.73996],[-63.01801,-17.73997],[-63.01801,-17.73998],[-63.018,-17.73998],[-63.018,-17.73999],[-63.018,-17.74]]},"properties":{"description":"manzanos modificados","styleUrl":"#line2","stroke-opacity":1,"stroke":"#0000FF","stroke-width":1,"name":"FONDO"}},
{"type":"Feature","geometry":{"type":"LineString","coordinates":[[-63.018,-17.74],[-63.01674,-17.74199]]},"properties":{"description":"manzanos modificados","styleUrl":"#line2","stroke-opacity":1,"stroke":"#0000FF","stroke-width":1,"name":"FONDO"}},
{"type":"Feature","geometry":{"type":"LineString","coordinates":[[-63.01674,-17.74199],[-63.01674,-17.742],[-63.01673,-17.742],[-63.01673,-17.74201],[-63.01672,-17.74201],[-63.01672,-17.74202],[-63.01671,-17.74202],[-63.0167,-17.74202],[-63.01669,-17.74202],[-63.01668,-17.74202],[-63.01667,-17.74202]]},"properties":{"description":"manzanos modificados","styleUrl":"#line2","stroke-opacity":1,"stroke":"#0000FF","stroke-width":1,"name":"FONDO"}},
{"type":"Feature","geometry":{"type":"LineString","coordinates":[[-63.01667,-17.74202],[-63.01619,-17.74192]]},"properties":{"description":"manzanos modificados","styleUrl":"#line2","stroke-opacity":1,"stroke":"#0000FF","stroke-width":1,"name":"FONDO"}},
{"type":"Feature","geometry":{"type":"LineString","coordinates":[[-63.01619,-17.74192],[-63.01615,-17.74189]]},"properties":{"description":"manzanos modificados","styleUrl":"#line2","stroke-opacity":1,"stroke":"#0000FF","stroke-width":1,"name":"FONDO"}},
{"type":"Feature","geometry":{"type":"LineString","coordinates":[[-63.01615,-17.74189],[-63.01614,-17.74188],[-63.01614,-17.74187],[-63.01613,-17.74187],[-63.01613,-17.74186],[-63.01613,-17.74185],[-63.01612,-17.74185],[-63.01612,-17.74184],[-63.01612,-17.74183],[-63.01613,-17.74182],[-63.01613,-17.74181]]},"properties":{"description":"manzanos modificados","styleUrl":"#line2","stroke-opacity":1,"stroke":"#0000FF","stroke-width":1,"name":"FONDO"}},
{"type":"Feature","geometry":{"type":"LineString","coordinates":[[-63.01613,-17.74181],[-63.01746,-17.73969]]},"properties":{"description":"manzanos modificados","styleUrl":"#line2","stroke-opacity":1,"stroke":"#0000FF","stroke-width":1,"name":"FONDO"}},
{"type":"Feature","geometry":{"type":"LineString","coordinates":[[-63.01746,-17.73969],[-63.01747,-17.73969],[-63.01747,-17.73968],[-63.01748,-17.73968],[-63.01748,-17.73967],[-63.01749,-17.73967],[-63.0175,-17.73967],[-63.0175,-17.73966],[-63.01751,-17.73966],[-63.01752,-17.73966],[-63.01753,-17.73966],[-63.01754,-17.73966],[-63.01755,-17.73967]]},"properties":{"description":"manzanos modificados","styleUrl":"#line2","stroke-opacity":1,"stroke":"#0000FF","stroke-width":1,"name":"FONDO"}},
{"type":"Feature","geometry":{"type":"LineString","coordinates":[[-63.01495,-17.74368],[-63.016,-17.74202]]},"properties":{"description":"manzanos modificados","styleUrl":"#line2","stroke-opacity":1,"stroke":"#0000FF","stroke-width":1,"name":"FONDO"}},
{"type":"Feature","geometry":{"type":"LineString","coordinates":[[-63.016,-17.74202],[-63.016,-17.74201],[-63.01601,-17.74201],[-63.01601,-17.742],[-63.01602,-17.742],[-63.01602,-17.74199],[-63.01603,-17.74199],[-63.01604,-17.74199],[-63.01605,-17.74199],[-63.01606,-17.74199],[-63.01607,-17.74199],[-63.01608,-17.74199],[-63.01609,-17.74199],[-63.01609,-17.742],[-63.0161,-17.742]]},"properties":{"description":"manzanos modificados","styleUrl":"#line2","stroke-opacity":1,"stroke":"#0000FF","stroke-width":1,"name":"FONDO"}},
{"type":"Feature","geometry":{"type":"LineString","coordinates":[[-63.0161,-17.742],[-63.01613,-17.74203]]},"properties":{"description":"manzanos modificados","styleUrl":"#line2","stroke-opacity":1,"stroke":"#0000FF","stroke-width":1,"name":"FONDO"}},
{"type":"Feature","geometry":{"type":"LineString","coordinates":[[-63.01613,-17.74203],[-63.01614,-17.74203]]},"properties":{"description":"manzanos modificados","styleUrl":"#line2","stroke-opacity":1,"stroke":"#0000FF","stroke-width":1,"name":"FONDO"}},
{"type":"Feature","geometry":{"type":"LineString","coordinates":[[-63.01614,-17.74203],[-63.01566,-17.7434]]},"properties":{"description":"manzanos modificados","styleUrl":"#line2","stroke-opacity":1,"stroke":"#0000FF","stroke-width":1,"name":"FONDO"}},
{"type":"Feature","geometry":{"type":"LineString","coordinates":[[-63.01566,-17.7434],[-63.01583,-17.74344]]},"properties":{"description":"manzanos modificados","styleUrl":"#line2","stroke-opacity":1,"stroke":"#0000FF","stroke-width":1,"name":"FONDO"}},
{"type":"Feature","geometry":{"type":"LineString","coordinates":[[-63.01583,-17.74344],[-63.01539,-17.74414]]},"properties":{"description":"manzanos modificados","styleUrl":"#line2","stroke-opacity":1,"stroke":"#0000FF","stroke-width":1,"name":"FONDO"}},
{"type":"Feature","geometry":{"type":"LineString","coordinates":[[-63.01539,-17.74414],[-63.01539,-17.74415],[-63.01538,-17.74415],[-63.01538,-17.74416],[-63.01537,-17.74416],[-63.01537,-17.74417],[-63.01536,-17.74417],[-63.01535,-17.74417],[-63.01535,-17.74418],[-63.01534,-17.74418],[-63.01533,-17.74418],[-63.01532,-17.74418],[-63.01531,-17.74418],[-63.0153,-17.74418],[-63.01529,-17.74418],[-63.01529,-17.74417],[-63.01528,-17.74417],[-63.01527,-17.74417],[-63.01527,-17.74416],[-63.01526,-17.74416],[-63.01526,-17.74415],[-63.01525,-17.74415]]},"properties":{"description":"manzanos modificados","styleUrl":"#line2","stroke-opacity":1,"stroke":"#0000FF","stroke-width":1,"name":"FONDO"}},
{"type":"Feature","geometry":{"type":"LineString","coordinates":[[-63.01496,-17.74378],[-63.01497,-17.74379],[-63.01497,-17.7438],[-63.01498,-17.7438],[-63.01498,-17.74381],[-63.01499,-17.74381],[-63.01499,-17.74382],[-63.015,-17.74382],[-63.015,-17.74383],[-63.01501,-17.74383],[-63.01501,-17.74384],[-63.01501,-17.74385],[-63.01502,-17.74385],[-63.01502,-17.74386],[-63.01503,-17.74386],[-63.01503,-17.74387],[-63.01504,-17.74387],[-63.01504,-17.74388],[-63.01505,-17.74388],[-63.01505,-17.74389],[-63.01506,-17.7439],[-63.01506,-17.74391],[-63.01507,-17.74391],[-63.01507,-17.74392],[-63.01508,-17.74392],[-63.01508,-17.74393],[-63.01509,-17.74394],[-63.01509,-17.74395],[-63.0151,-17.74395],[-63.0151,-17.74396],[-63.01511,-17.74396],[-63.01511,-17.74397],[-63.01512,-17.74397],[-63.01512,-17.74398],[-63.01513,-17.74399],[-63.01513,-17.744],[-63.01514,-17.744],[-63.01514,-17.74401],[-63.01515,-17.74401],[-63.01515,-17.74402],[-63.01516,-17.74402],[-63.01516,-17.74403],[-63.01516,-17.74404],[-63.01517,-17.74404],[-63.01517,-17.74405],[-63.01518,-17.74405],[-63.01518,-17.74406],[-63.01519,-17.74406],[-63.01519,-17.74407],[-63.0152,-17.74408],[-63.0152,-17.74409],[-63.01521,-17.74409],[-63.01521,-17.7441],[-63.01522,-17.7441],[-63.01522,-17.74411],[-63.01523,-17.74411],[-63.01523,-17.74412],[-63.01523,-17.74413],[-63.01524,-17.74413],[-63.01524,-17.74414],[-63.01525,-17.74414],[-63.01525,-17.74415]]},"properties":{"description":"manzanos modificados","styleUrl":"#line2","stroke-opacity":1,"stroke":"#0000FF","stroke-width":1,"name":"FONDO"}},
{"type":"Feature","geometry":{"type":"LineString","coordinates":[[-63.01496,-17.74378],[-63.01496,-17.74377],[-63.01495,-17.74377],[-63.01495,-17.74376],[-63.01494,-17.74376],[-63.01494,-17.74375],[-63.01494,-17.74374],[-63.01494,-17.74373],[-63.01494,-17.74372],[-63.01494,-17.74371],[-63.01494,-17.7437],[-63.01494,-17.74369],[-63.01495,-17.74369],[-63.01495,-17.74368]]},"properties":{"description":"manzanos modificados","styleUrl":"#line2","stroke-opacity":1,"stroke":"#0000FF","stroke-width":1,"name":"FONDO"}},
{"type":"Feature","geometry":{"type":"LineString","coordinates":[[-63.01464,-17.74052],[-63.01571,-17.74071]]},"properties":{"description":"manzanos modificados","styleUrl":"#line2","stroke-opacity":1,"stroke":"#0000FF","stroke-width":1,"name":"FONDO"}},
{"type":"Feature","geometry":{"type":"LineString","coordinates":[[-63.01571,-17.74071],[-63.01572,-17.74071],[-63.01573,-17.74071],[-63.01573,-17.74072],[-63.01574,-17.74072],[-63.01574,-17.74073],[-63.01575,-17.74073],[-63.01575,-17.74074],[-63.01576,-17.74074],[-63.01576,-17.74075],[-63.01576,-17.74076],[-63.01576,-17.74077],[-63.01576,-17.74078],[-63.01576,-17.74079],[-63.01575,-17.7408]]},"properties":{"description":"manzanos modificados","styleUrl":"#line2","stroke-opacity":1,"stroke":"#0000FF","stroke-width":1,"name":"FONDO"}},
{"type":"Feature","geometry":{"type":"LineString","coordinates":[[-63.01575,-17.7408],[-63.01543,-17.74132]]},"properties":{"description":"manzanos modificados","styleUrl":"#line2","stroke-opacity":1,"stroke":"#0000FF","stroke-width":1,"name":"FONDO"}},
{"type":"Feature","geometry":{"type":"LineString","coordinates":[[-63.01543,-17.74132],[-63.01542,-17.74132],[-63.01542,-17.74133],[-63.01541,-17.74133],[-63.01541,-17.74134],[-63.0154,-17.74134],[-63.01539,-17.74134],[-63.01538,-17.74134],[-63.01538,-17.74135],[-63.01537,-17.74135],[-63.01536,-17.74135],[-63.01536,-17.74134]]},"properties":{"description":"manzanos modificados","styleUrl":"#line2","stroke-opacity":1,"stroke":"#0000FF","stroke-width":1,"name":"FONDO"}},
{"type":"Feature","geometry":{"type":"LineString","coordinates":[[-63.01536,-17.74134],[-63.0145,-17.74118]]},"properties":{"description":"manzanos modificados","styleUrl":"#line2","stroke-opacity":1,"stroke":"#0000FF","stroke-width":1,"name":"FONDO"}},
{"type":"Feature","geometry":{"type":"LineString","coordinates":[[-63.0145,-17.74118],[-63.01449,-17.74118],[-63.01448,-17.74118],[-63.01448,-17.74117],[-63.01447,-17.74117],[-63.01446,-17.74117],[-63.01446,-17.74116],[-63.01446,-17.74115],[-63.01445,-17.74115],[-63.01445,-17.74114],[-63.01445,-17.74113],[-63.01444,-17.74113],[-63.01444,-17.74112],[-63.01444,-17.74111],[-63.01445,-17.74111]]},"properties":{"description":"manzanos modificados","styleUrl":"#line2","stroke-opacity":1,"stroke":"#0000FF","stroke-width":1,"name":"FONDO"}},
{"type":"Feature","geometry":{"type":"LineString","coordinates":[[-63.01445,-17.74111],[-63.01457,-17.74057]]},"properties":{"description":"manzanos modificados","styleUrl":"#line2","stroke-opacity":1,"stroke":"#0000FF","stroke-width":1,"name":"FONDO"}},
{"type":"Feature","geometry":{"type":"LineString","coordinates":[[-63.01457,-17.74057],[-63.01457,-17.74056],[-63.01457,-17.74055],[-63.01458,-17.74055],[-63.01458,-17.74054],[-63.01459,-17.74054],[-63.01459,-17.74053],[-63.0146,-17.74053],[-63.01461,-17.74053],[-63.01462,-17.74053],[-63.01462,-17.74052],[-63.01463,-17.74052],[-63.01464,-17.74052]]},"properties":{"description":"manzanos modificados","styleUrl":"#line2","stroke-opacity":1,"stroke":"#0000FF","stroke-width":1,"name":"FONDO"}},
{"type":"Feature","geometry":{"type":"LineString","coordinates":[[-63.01547,-17.74629],[-63.01547,-17.74628],[-63.01546,-17.74628],[-63.01546,-17.74627],[-63.01546,-17.74626],[-63.01546,-17.74625],[-63.01546,-17.74624],[-63.01546,-17.74623],[-63.01545,-17.74623],[-63.01545,-17.74622],[-63.01545,-17.74621],[-63.01545,-17.7462],[-63.01545,-17.74619],[-63.01546,-17.74619],[-63.01546,-17.74618],[-63.01546,-17.74617],[-63.01546,-17.74616],[-63.01546,-17.74615],[-63.01547,-17.74615],[-63.01547,-17.74614],[-63.01547,-17.74613],[-63.01548,-17.74612],[-63.01548,-17.74611]]},"properties":{"description":"manzanos modificados","styleUrl":"#line2","stroke-opacity":1,"stroke":"#0000FF","stroke-width":1,"name":"FONDO"}},
{"type":"Feature","geometry":{"type":"LineString","coordinates":[[-63.01548,-17.74611],[-63.01561,-17.74591]]},"properties":{"description":"manzanos modificados","styleUrl":"#line2","stroke-opacity":1,"stroke":"#0000FF","stroke-width":1,"name":"FONDO"}},
{"type":"Feature","geometry":{"type":"LineString","coordinates":[[-63.01561,-17.74591],[-63.01575,-17.74567]]},"properties":{"description":"manzanos modificados","styleUrl":"#line2","stroke-opacity":1,"stroke":"#0000FF","stroke-width":1,"name":"FONDO"}},
{"type":"Feature","geometry":{"type":"LineString","coordinates":[[-63.01575,-17.74567],[-63.01575,-17.74566],[-63.01576,-17.74566],[-63.01576,-17.74565],[-63.01577,-17.74565],[-63.01577,-17.74564],[-63.01578,-17.74564],[-63.01578,-17.74563],[-63.01579,-17.74563],[-63.0158,-17.74562],[-63.01581,-17.74562],[-63.01582,-17.74562],[-63.01582,-17.74561],[-63.01583,-17.74561],[-63.01584,-17.74561],[-63.01585,-17.74561],[-63.01586,-17.74561],[-63.01586,-17.7456],[-63.01587,-17.7456],[-63.01588,-17.7456],[-63.01588,-17.74561],[-63.01589,-17.74561],[-63.0159,-17.74561],[-63.01591,-17.74561],[-63.01592,-17.74561],[-63.01593,-17.74562],[-63.01594,-17.74562],[-63.01594,-17.74563],[-63.01595,-17.74563],[-63.01596,-17.74563],[-63.01596,-17.74564],[-63.01597,-17.74564],[-63.01597,-17.74565],[-63.01598,-17.74565],[-63.01598,-17.74566],[-63.01599,-17.74566],[-63.01599,-17.74567],[-63.01599,-17.74568],[-63.016,-17.74568]]},"properties":{"description":"manzanos modificados","styleUrl":"#line2","stroke-opacity":1,"stroke":"#0000FF","stroke-width":1,"name":"FONDO"}},
{"type":"Feature","geometry":{"type":"LineString","coordinates":[[-63.016,-17.74568],[-63.016,-17.74569],[-63.016,-17.7457],[-63.01601,-17.7457],[-63.01601,-17.74571],[-63.01601,-17.74572],[-63.01602,-17.74572],[-63.01602,-17.74573],[-63.01602,-17.74574],[-63.01603,-17.74574],[-63.01603,-17.74575],[-63.01603,-17.74576],[-63.01604,-17.74576],[-63.01604,-17.74577],[-63.01604,-17.74578],[-63.01605,-17.74578],[-63.01605,-17.74579],[-63.01605,-17.7458],[-63.01606,-17.74581],[-63.01606,-17.74582],[-63.01606,-17.74583],[-63.01607,-17.74583],[-63.01607,-17.74584],[-63.01607,-17.74585],[-63.01608,-17.74585],[-63.01608,-17.74586],[-63.01608,-17.74587],[-63.01609,-17.74588],[-63.01609,-17.74589],[-63.0161,-17.7459],[-63.0161,-17.74591],[-63.0161,-17.74592],[-63.01611,-17.74592],[-63.01611,-17.74593],[-63.01611,-17.74594],[-63.01612,-17.74594],[-63.01612,-17.74595],[-63.01612,-17.74596],[-63.01613,-17.74597],[-63.01613,-17.74598],[-63.01613,-17.74599],[-63.01614,-17.74599],[-63.01614,-17.746],[-63.01614,-17.74601],[-63.01615,-17.74602],[-63.01615,-17.74603],[-63.01615,-17.74604],[-63.01616,-17.74604],[-63.01616,-17.74605],[-63.01616,-17.74606],[-63.01617,-17.74606],[-63.01617,-17.74607],[-63.01617,-17.74608],[-63.01618,-17.74609],[-63.01618,-17.7461],[-63.01618,-17.74611],[-63.01619,-17.74611],[-63.01619,-17.74612],[-63.01619,-17.74613],[-63.0162,-17.74614],[-63.0162,-17.74615],[-63.0162,-17.74616],[-63.01621,-17.74616],[-63.01621,-17.74617],[-63.01621,-17.74618],[-63.01622,-17.74619],[-63.01622,-17.7462],[-63.01622,-17.74621],[-63.01623,-17.74621],[-63.01623,-17.74622],[-63.01623,-17.74623],[-63.01624,-17.74624],[-63.01624,-17.74625],[-63.01624,-17.74626],[-63.01625,-17.74626],[-63.01625,-17.74627],[-63.01625,-17.74628]]},"properties":{"description":"manzanos modificados","styleUrl":"#line2","stroke-opacity":1,"stroke":"#0000FF","stroke-width":1,"name":"FONDO"}},
{"type":"Feature","geometry":{"type":"LineString","coordinates":[[-63.01625,-17.74628],[-63.01625,-17.74629],[-63.01626,-17.74629],[-63.01626,-17.7463],[-63.01626,-17.74631],[-63.01626,-17.74632],[-63.01625,-17.74632],[-63.01625,-17.74633],[-63.01625,-17.74634],[-63.01624,-17.74635]]},"properties":{"description":"manzanos modificados","styleUrl":"#line2","stroke-opacity":1,"stroke":"#0000FF","stroke-width":1,"name":"FONDO"}},
{"type":"Feature","geometry":{"type":"LineString","coordinates":[[-63.01624,-17.74635],[-63.01601,-17.7467]]},"properties":{"description":"manzanos modificados","styleUrl":"#line2","stroke-opacity":1,"stroke":"#0000FF","stroke-width":1,"name":"FONDO"}},
{"type":"Feature","geometry":{"type":"LineString","coordinates":[[-63.01601,-17.7467],[-63.01591,-17.74685]]},"properties":{"description":"manzanos modificados","styleUrl":"#line2","stroke-opacity":1,"stroke":"#0000FF","stroke-width":1,"name":"FONDO"}},
{"type":"Feature","geometry":{"type":"LineString","coordinates":[[-63.01591,-17.74685],[-63.0159,-17.74686],[-63.0159,-17.74687],[-63.01589,-17.74687],[-63.01589,-17.74688],[-63.01588,-17.74688],[-63.01587,-17.74688],[-63.01587,-17.74689],[-63.01586,-17.74689],[-63.01586,-17.7469],[-63.01585,-17.7469],[-63.01584,-17.7469],[-63.01583,-17.7469],[-63.01583,-17.74691],[-63.01582,-17.74691],[-63.01581,-17.74691],[-63.0158,-17.74691],[-63.01579,-17.74691],[-63.01578,-17.74691],[-63.01577,-17.74691],[-63.01576,-17.74691],[-63.01575,-17.74691],[-63.01575,-17.7469],[-63.01574,-17.7469],[-63.01573,-17.7469],[-63.01573,-17.74689],[-63.01572,-17.74689],[-63.01571,-17.74689],[-63.01571,-17.74688],[-63.0157,-17.74688],[-63.0157,-17.74687],[-63.01569,-17.74687],[-63.01569,-17.74686],[-63.01568,-17.74686],[-63.01568,-17.74685],[-63.01567,-17.74685],[-63.01567,-17.74684],[-63.01567,-17.74683],[-63.01566,-17.74683],[-63.01566,-17.74682],[-63.01566,-17.74681]]},"properties":{"description":"manzanos modificados","styleUrl":"#line2","stroke-opacity":1,"stroke":"#0000FF","stroke-width":1,"name":"FONDO"}},
{"type":"Feature","geometry":{"type":"LineString","coordinates":[[-63.01559,-17.74659],[-63.01559,-17.7466],[-63.01559,-17.74661],[-63.0156,-17.74661],[-63.0156,-17.74662],[-63.0156,-17.74663],[-63.0156,-17.74664],[-63.01561,-17.74664],[-63.01561,-17.74665],[-63.01561,-17.74666],[-63.01561,-17.74667],[-63.01562,-17.74667],[-63.01562,-17.74668],[-63.01562,-17.74669],[-63.01562,-17.7467],[-63.01563,-17.7467],[-63.01563,-17.74671],[-63.01563,-17.74672],[-63.01563,-17.74673],[-63.01563,-17.74674],[-63.01564,-17.74674],[-63.01564,-17.74675],[-63.01564,-17.74676],[-63.01564,-17.74677],[-63.01565,-17.74677],[-63.01565,-17.74678],[-63.01565,-17.74679],[-63.01565,-17.7468],[-63.01566,-17.7468],[-63.01566,-17.74681]]},"properties":{"description":"manzanos modificados","styleUrl":"#line2","stroke-opacity":1,"stroke":"#0000FF","stroke-width":1,"name":"FONDO"}},
{"type":"Feature","geometry":{"type":"LineString","coordinates":[[-63.01557,-17.74654],[-63.01557,-17.74655],[-63.01557,-17.74656],[-63.01558,-17.74656],[-63.01558,-17.74657],[-63.01558,-17.74658],[-63.01559,-17.74658],[-63.01559,-17.74659]]},"properties":{"description":"manzanos modificados","styleUrl":"#line2","stroke-opacity":1,"stroke":"#0000FF","stroke-width":1,"name":"FONDO"}},
{"type":"Feature","geometry":{"type":"LineString","coordinates":[[-63.01547,-17.74629],[-63.01547,-17.7463],[-63.01548,-17.7463],[-63.01548,-17.74631],[-63.01548,-17.74632],[-63.01548,-17.74633],[-63.01549,-17.74633],[-63.01549,-17.74634],[-63.01549,-17.74635],[-63.0155,-17.74635],[-63.0155,-17.74636],[-63.0155,-17.74637],[-63.0155,-17.74638],[-63.01551,-17.74638],[-63.01551,-17.74639],[-63.01551,-17.7464],[-63.01552,-17.7464],[-63.01552,-17.74641],[-63.01552,-17.74642],[-63.01552,-17.74643],[-63.01553,-17.74643],[-63.01553,-17.74644],[-63.01553,-17.74645],[-63.01554,-17.74645],[-63.01554,-17.74646],[-63.01554,-17.74647],[-63.01554,-17.74648],[-63.01555,-17.74648],[-63.01555,-17.74649],[-63.01555,-17.7465],[-63.01556,-17.7465],[-63.01556,-17.74651],[-63.01556,-17.74652],[-63.01556,-17.74653],[-63.01557,-17.74653],[-63.01557,-17.74654]]},"properties":{"description":"manzanos modificados","styleUrl":"#line2","stroke-opacity":1,"stroke":"#0000FF","stroke-width":1,"name":"FONDO"}},
{"type":"Feature","geometry":{"type":"LineString","coordinates":[[-63.01718,-17.74152],[-63.01781,-17.74173]]},"properties":{"description":"manzanos modificados","styleUrl":"#line2","stroke-opacity":1,"stroke":"#0000FF","stroke-width":1,"name":"FONDO"}},
{"type":"Feature","geometry":{"type":"LineString","coordinates":[[-63.01781,-17.74173],[-63.01759,-17.74209]]},"properties":{"description":"manzanos modificados","styleUrl":"#line2","stroke-opacity":1,"stroke":"#0000FF","stroke-width":1,"name":"FONDO"}},
{"type":"Feature","geometry":{"type":"LineString","coordinates":[[-63.01759,-17.74209],[-63.01755,-17.74214]]},"properties":{"description":"manzanos modificados","styleUrl":"#line2","stroke-opacity":1,"stroke":"#0000FF","stroke-width":1,"name":"FONDO"}},
{"type":"Feature","geometry":{"type":"LineString","coordinates":[[-63.01755,-17.74214],[-63.01755,-17.74215],[-63.01754,-17.74215],[-63.01754,-17.74216],[-63.01753,-17.74216],[-63.01753,-17.74217],[-63.01752,-17.74217],[-63.01751,-17.74217],[-63.01751,-17.74218],[-63.0175,-17.74218],[-63.01749,-17.74218],[-63.01749,-17.74219],[-63.01748,-17.74219],[-63.01747,-17.74219],[-63.01746,-17.74219],[-63.01745,-17.74219],[-63.01744,-17.74219],[-63.01743,-17.74219]]},"properties":{"description":"manzanos modificados","styleUrl":"#line2","stroke-opacity":1,"stroke":"#0000FF","stroke-width":1,"name":"FONDO"}},
{"type":"Feature","geometry":{"type":"LineString","coordinates":[[-63.01743,-17.74219],[-63.01693,-17.74208]]},"properties":{"description":"manzanos modificados","styleUrl":"#line2","stroke-opacity":1,"stroke":"#0000FF","stroke-width":1,"name":"FONDO"}},
{"type":"Feature","geometry":{"type":"LineString","coordinates":[[-63.01693,-17.74208],[-63.01692,-17.74208],[-63.01692,-17.74207],[-63.01691,-17.74207],[-63.0169,-17.74206],[-63.01689,-17.74206],[-63.01689,-17.74205],[-63.01689,-17.74204],[-63.01688,-17.74204],[-63.01688,-17.74203],[-63.01688,-17.74202],[-63.01688,-17.74201],[-63.01688,-17.742],[-63.01689,-17.742],[-63.01689,-17.74199],[-63.01689,-17.74198]]},"properties":{"description":"manzanos modificados","styleUrl":"#line2","stroke-opacity":1,"stroke":"#0000FF","stroke-width":1,"name":"FONDO"}},
{"type":"Feature","geometry":{"type":"LineString","coordinates":[[-63.01689,-17.74198],[-63.01718,-17.74152]]},"properties":{"description":"manzanos modificados","styleUrl":"#line2","stroke-opacity":1,"stroke":"#0000FF","stroke-width":1,"name":"FONDO"}},
{"type":"Feature","geometry":{"type":"LineString","coordinates":[[-63.01595,-17.74348],[-63.0166,-17.74364]]},"properties":{"description":"manzanos modificados","styleUrl":"#line2","stroke-opacity":1,"stroke":"#0000FF","stroke-width":1,"name":"FONDO"}},
{"type":"Feature","geometry":{"type":"LineString","coordinates":[[-63.0166,-17.74364],[-63.01625,-17.74418]]},"properties":{"description":"manzanos modificados","styleUrl":"#line2","stroke-opacity":1,"stroke":"#0000FF","stroke-width":1,"name":"FONDO"}},
{"type":"Feature","geometry":{"type":"LineString","coordinates":[[-63.01625,-17.74418],[-63.01591,-17.74475]]},"properties":{"description":"manzanos modificados","styleUrl":"#line2","stroke-opacity":1,"stroke":"#0000FF","stroke-width":1,"name":"FONDO"}},
{"type":"Feature","geometry":{"type":"LineString","coordinates":[[-63.01591,-17.74475],[-63.01591,-17.74476],[-63.0159,-17.74476],[-63.0159,-17.74477],[-63.01589,-17.74477],[-63.01589,-17.74478],[-63.01588,-17.74478],[-63.01588,-17.74479],[-63.01587,-17.74479],[-63.01587,-17.7448],[-63.01586,-17.7448],[-63.01585,-17.74481],[-63.01584,-17.74481],[-63.01583,-17.74481],[-63.01583,-17.74482],[-63.01582,-17.74482],[-63.01581,-17.74482],[-63.0158,-17.74482],[-63.01579,-17.74482],[-63.01578,-17.74482],[-63.01577,-17.74482],[-63.01576,-17.74482],[-63.01575,-17.74482],[-63.01574,-17.74482],[-63.01574,-17.74481],[-63.01573,-17.74481],[-63.01572,-17.74481],[-63.01571,-17.7448],[-63.0157,-17.7448],[-63.0157,-17.74479],[-63.01569,-17.74479],[-63.01569,-17.74478],[-63.01568,-17.74478],[-63.01568,-17.74477],[-63.01567,-17.74477],[-63.01567,-17.74476],[-63.01566,-17.74476]]},"properties":{"description":"manzanos modificados","styleUrl":"#line2","stroke-opacity":1,"stroke":"#0000FF","stroke-width":1,"name":"FONDO"}},
{"type":"Feature","geometry":{"type":"LineString","coordinates":[[-63.01543,-17.7444],[-63.01544,-17.74441],[-63.01544,-17.74442],[-63.01545,-17.74442],[-63.01545,-17.74443],[-63.01546,-17.74444],[-63.01546,-17.74445],[-63.01547,-17.74445],[-63.01547,-17.74446],[-63.01548,-17.74447],[-63.01548,-17.74448],[-63.01549,-17.74448],[-63.01549,-17.74449],[-63.0155,-17.7445],[-63.0155,-17.74451],[-63.01551,-17.74451],[-63.01551,-17.74452],[-63.01552,-17.74453],[-63.01552,-17.74454],[-63.01553,-17.74454],[-63.01553,-17.74455],[-63.01554,-17.74456],[-63.01554,-17.74457],[-63.01555,-17.74457],[-63.01555,-17.74458],[-63.01556,-17.74459],[-63.01556,-17.7446],[-63.01557,-17.7446],[-63.01557,-17.74461],[-63.01558,-17.74462],[-63.01558,-17.74463],[-63.01559,-17.74463],[-63.01559,-17.74464],[-63.01559,-17.74465],[-63.0156,-17.74465],[-63.0156,-17.74466],[-63.01561,-17.74466],[-63.01561,-17.74467],[-63.01561,-17.74468],[-63.01562,-17.74468],[-63.01562,-17.74469],[-63.01563,-17.7447],[-63.01563,-17.74471],[-63.01564,-17.74471],[-63.01564,-17.74472],[-63.01564,-17.74473],[-63.01565,-17.74473],[-63.01565,-17.74474],[-63.01566,-17.74474],[-63.01566,-17.74475],[-63.01566,-17.74476]]},"properties":{"description":"manzanos modificados","styleUrl":"#line2","stroke-opacity":1,"stroke":"#0000FF","stroke-width":1,"name":"FONDO"}},
{"type":"Feature","geometry":{"type":"LineString","coordinates":[[-63.01543,-17.7444],[-63.01543,-17.74439],[-63.01542,-17.74439],[-63.01542,-17.74438],[-63.01542,-17.74437],[-63.01542,-17.74436],[-63.01541,-17.74436],[-63.01541,-17.74435],[-63.01541,-17.74434],[-63.01542,-17.74434],[-63.01542,-17.74433],[-63.01542,-17.74432],[-63.01542,-17.74431],[-63.01543,-17.74431]]},"properties":{"description":"manzanos modificados","styleUrl":"#line2","stroke-opacity":1,"stroke":"#0000FF","stroke-width":1,"name":"FONDO"}},
{"type":"Feature","geometry":{"type":"LineString","coordinates":[[-63.01543,-17.74431],[-63.01595,-17.74348]]},"properties":{"description":"manzanos modificados","styleUrl":"#line2","stroke-opacity":1,"stroke":"#0000FF","stroke-width":1,"name":"FONDO"}},
{"type":"Feature","geometry":{"type":"LineString","coordinates":[[-63.01377,-17.74377],[-63.01396,-17.74295]]},"properties":{"description":"manzanos modificados","styleUrl":"#line2","stroke-opacity":1,"stroke":"#0000FF","stroke-width":1,"name":"FONDO"}},
{"type":"Feature","geometry":{"type":"LineString","coordinates":[[-63.01396,-17.74295],[-63.01396,-17.74296],[-63.01397,-17.74296],[-63.01397,-17.74297],[-63.01398,-17.74297],[-63.01399,-17.74298],[-63.014,-17.74299],[-63.01401,-17.743],[-63.01402,-17.74301],[-63.01403,-17.74301],[-63.01403,-17.74302],[-63.01404,-17.74302],[-63.01404,-17.74303],[-63.01405,-17.74303],[-63.01405,-17.74304],[-63.01406,-17.74304],[-63.01406,-17.74305],[-63.01407,-17.74305],[-63.01407,-17.74306],[-63.01408,-17.74306],[-63.01408,-17.74307],[-63.01409,-17.74307],[-63.01409,-17.74308],[-63.0141,-17.74308],[-63.01411,-17.74309],[-63.01412,-17.7431],[-63.01413,-17.74311],[-63.01414,-17.74312],[-63.01415,-17.74313],[-63.01416,-17.74314],[-63.01417,-17.74315],[-63.01418,-17.74315],[-63.01418,-17.74316],[-63.01419,-17.74317],[-63.0142,-17.74318],[-63.01421,-17.74318],[-63.01421,-17.74319],[-63.01422,-17.74319],[-63.01422,-17.7432],[-63.01423,-17.74321],[-63.01424,-17.74321],[-63.01424,-17.74322],[-63.01425,-17.74322],[-63.01425,-17.74323],[-63.01426,-17.74323],[-63.01426,-17.74324],[-63.01427,-17.74324],[-63.01427,-17.74325],[-63.01428,-17.74325],[-63.01428,-17.74326],[-63.01429,-17.74326],[-63.01429,-17.74327],[-63.0143,-17.74327],[-63.0143,-17.74328],[-63.01431,-17.74328],[-63.01431,-17.74329],[-63.01432,-17.74329],[-63.01432,-17.7433],[-63.01433,-17.7433],[-63.01433,-17.74331],[-63.01434,-17.74332],[-63.01435,-17.74332],[-63.01435,-17.74333],[-63.01436,-17.74333],[-63.01436,-17.74334],[-63.01437,-17.74335],[-63.01438,-17.74335],[-63.01438,-17.74336],[-63.01439,-17.74336],[-63.01439,-17.74337],[-63.0144,-17.74338],[-63.01441,-17.74338],[-63.01441,-17.74339],[-63.01442,-17.7434],[-63.01443,-17.74341],[-63.01444,-17.74341],[-63.01444,-17.74342],[-63.01445,-17.74343],[-63.01446,-17.74344],[-63.01446,-17.74345],[-63.01447,-17.74345],[-63.01448,-17.74346],[-63.01449,-17.74347],[-63.01449,-17.74348],[-63.0145,-17.74348],[-63.01451,-17.74349],[-63.01451,-17.7435],[-63.01452,-17.7435],[-63.01452,-17.74351],[-63.01453,-17.74351],[-63.01453,-17.74352],[-63.01454,-17.74352],[-63.01454,-17.74353],[-63.01455,-17.74353],[-63.01455,-17.74354],[-63.01456,-17.74354],[-63.01456,-17.74355],[-63.01457,-17.74356],[-63.01458,-17.74356],[-63.01458,-17.74357],[-63.01459,-17.74358],[-63.0146,-17.74359],[-63.0146,-17.7436],[-63.01461,-17.7436],[-63.01462,-17.74361],[-63.01462,-17.74362],[-63.01463,-17.74362],[-63.01463,-17.74363],[-63.01464,-17.74363],[-63.01464,-17.74364],[-63.01465,-17.74364],[-63.01465,-17.74365],[-63.01466,-17.74365],[-63.01466,-17.74366],[-63.01467,-17.74367],[-63.01468,-17.74368],[-63.01469,-17.74369],[-63.0147,-17.7437],[-63.0147,-17.74371],[-63.01471,-17.74371],[-63.01471,-17.74372],[-63.01472,-17.74372]]},"properties":{"description":"manzanos modificados","styleUrl":"#line2","stroke-opacity":1,"stroke":"#0000FF","stroke-width":1,"name":"FONDO"}},
{"type":"Feature","geometry":{"type":"LineString","coordinates":[[-63.01472,-17.74372],[-63.01472,-17.74373],[-63.01473,-17.74373],[-63.01473,-17.74374],[-63.01473,-17.74375],[-63.01473,-17.74376],[-63.01474,-17.74376],[-63.01474,-17.74377],[-63.01474,-17.74378],[-63.01474,-17.74379],[-63.01473,-17.74379],[-63.01473,-17.7438],[-63.01473,-17.74381],[-63.01472,-17.74381],[-63.01472,-17.74382]]},"properties":{"description":"manzanos modificados","styleUrl":"#line2","stroke-opacity":1,"stroke":"#0000FF","stroke-width":1,"name":"FONDO"}},
{"type":"Feature","geometry":{"type":"LineString","coordinates":[[-63.01472,-17.74382],[-63.01445,-17.74424]]},"properties":{"description":"manzanos modificados","styleUrl":"#line2","stroke-opacity":1,"stroke":"#0000FF","stroke-width":1,"name":"FONDO"}},
{"type":"Feature","geometry":{"type":"LineString","coordinates":[[-63.01445,-17.74424],[-63.01445,-17.74425],[-63.01445,-17.74426],[-63.01444,-17.74426],[-63.01444,-17.74427],[-63.01443,-17.74427],[-63.01443,-17.74428],[-63.01442,-17.74428],[-63.01441,-17.74428],[-63.01441,-17.74429],[-63.0144,-17.74429],[-63.01439,-17.74429],[-63.01439,-17.7443],[-63.01438,-17.7443],[-63.01437,-17.7443],[-63.01436,-17.7443],[-63.01436,-17.74431],[-63.01435,-17.74431],[-63.01434,-17.74431],[-63.01433,-17.74431],[-63.01432,-17.74431],[-63.01431,-17.74431],[-63.01431,-17.7443],[-63.0143,-17.7443],[-63.01429,-17.7443],[-63.01428,-17.7443],[-63.01428,-17.74429],[-63.01427,-17.74429],[-63.01426,-17.74429],[-63.01426,-17.74428],[-63.01425,-17.74428],[-63.01424,-17.74428],[-63.01424,-17.74427],[-63.01423,-17.74427],[-63.01423,-17.74426]]},"properties":{"description":"manzanos modificados","styleUrl":"#line2","stroke-opacity":1,"stroke":"#0000FF","stroke-width":1,"name":"FONDO"}},
{"type":"Feature","geometry":{"type":"LineString","coordinates":[[-63.01377,-17.74377],[-63.01378,-17.74377],[-63.01379,-17.74378],[-63.01379,-17.74379],[-63.0138,-17.74379],[-63.0138,-17.7438],[-63.01381,-17.7438],[-63.01381,-17.74381],[-63.01382,-17.74381],[-63.01382,-17.74382],[-63.01383,-17.74382],[-63.01383,-17.74383],[-63.01384,-17.74383],[-63.01384,-17.74384],[-63.01385,-17.74384],[-63.01385,-17.74385],[-63.01386,-17.74385],[-63.01386,-17.74386],[-63.01387,-17.74386],[-63.01387,-17.74387],[-63.01388,-17.74387],[-63.01388,-17.74388],[-63.01389,-17.74388],[-63.01389,-17.74389],[-63.0139,-17.74389],[-63.0139,-17.7439],[-63.01391,-17.7439],[-63.01391,-17.74391],[-63.01392,-17.74391],[-63.01392,-17.74392],[-63.01393,-17.74392],[-63.01393,-17.74393],[-63.01394,-17.74393],[-63.01394,-17.74394],[-63.01395,-17.74394],[-63.01395,-17.74395],[-63.01396,-17.74395],[-63.01396,-17.74396],[-63.01397,-17.74397],[-63.01398,-17.74398],[-63.01399,-17.74399],[-63.01399,-17.744],[-63.014,-17.744],[-63.014,-17.74401],[-63.01401,-17.74401],[-63.01401,-17.74402],[-63.01402,-17.74402],[-63.01402,-17.74403],[-63.01403,-17.74403],[-63.01403,-17.74404],[-63.01404,-17.74404],[-63.01404,-17.74405],[-63.01405,-17.74405],[-63.01405,-17.74406],[-63.01406,-17.74406],[-63.01406,-17.74407],[-63.01407,-17.74407],[-63.01407,-17.74408],[-63.01408,-17.74409],[-63.01409,-17.7441],[-63.01409,-17.74411],[-63.0141,-17.74411],[-63.0141,-17.74412],[-63.01411,-17.74412],[-63.01411,-17.74413],[-63.01412,-17.74413],[-63.01412,-17.74414],[-63.01413,-17.74414],[-63.01413,-17.74415],[-63.01414,-17.74415],[-63.01414,-17.74416],[-63.01415,-17.74416],[-63.01415,-17.74417],[-63.01416,-17.74418],[-63.01416,-17.74419],[-63.01417,-17.74419],[-63.01417,-17.7442],[-63.01418,-17.7442],[-63.01418,-17.74421],[-63.01419,-17.74421],[-63.01419,-17.74422],[-63.0142,-17.74422],[-63.0142,-17.74423],[-63.01421,-17.74423],[-63.01421,-17.74424],[-63.01422,-17.74425],[-63.01423,-17.74426]]},"properties":{"description":"manzanos modificados","styleUrl":"#line2","stroke-opacity":1,"stroke":"#0000FF","stroke-width":1,"name":"FONDO"}},
{"type":"Feature","geometry":{"type":"LineString","coordinates":[[-63.01448,-17.74443],[-63.01477,-17.74397]]},"properties":{"description":"manzanos modificados","styleUrl":"#line2","stroke-opacity":1,"stroke":"#0000FF","stroke-width":1,"name":"FONDO"}},
{"type":"Feature","geometry":{"type":"LineString","coordinates":[[-63.01477,-17.74397],[-63.01477,-17.74396],[-63.01478,-17.74396],[-63.01478,-17.74395],[-63.01479,-17.74395],[-63.01479,-17.74394],[-63.0148,-17.74394],[-63.01481,-17.74394],[-63.01481,-17.74393],[-63.01482,-17.74393],[-63.01483,-17.74393],[-63.01484,-17.74393],[-63.01485,-17.74393],[-63.01486,-17.74393],[-63.01487,-17.74393],[-63.01488,-17.74393],[-63.01489,-17.74393],[-63.01489,-17.74394],[-63.0149,-17.74394],[-63.0149,-17.74395],[-63.01491,-17.74395],[-63.01491,-17.74396]]},"properties":{"description":"manzanos modificados","styleUrl":"#line2","stroke-opacity":1,"stroke":"#0000FF","stroke-width":1,"name":"FONDO"}},
{"type":"Feature","geometry":{"type":"LineString","coordinates":[[-63.01491,-17.74396],[-63.01492,-17.74396],[-63.01492,-17.74397],[-63.01493,-17.74397],[-63.01493,-17.74398],[-63.01494,-17.74399],[-63.01495,-17.744],[-63.01496,-17.74401],[-63.01496,-17.74402],[-63.01497,-17.74403],[-63.01498,-17.74404],[-63.01499,-17.74405],[-63.01499,-17.74406],[-63.015,-17.74406],[-63.015,-17.74407],[-63.01501,-17.74407],[-63.01501,-17.74408],[-63.01502,-17.74409],[-63.01502,-17.7441],[-63.01503,-17.7441],[-63.01503,-17.74411],[-63.01504,-17.74411],[-63.01504,-17.74412],[-63.01505,-17.74412],[-63.01505,-17.74413],[-63.01505,-17.74414],[-63.01506,-17.74414],[-63.01506,-17.74415],[-63.01507,-17.74415],[-63.01507,-17.74416],[-63.01508,-17.74417],[-63.01509,-17.74418],[-63.01509,-17.74419],[-63.0151,-17.74419],[-63.0151,-17.7442],[-63.01511,-17.74421],[-63.01512,-17.74422],[-63.01513,-17.74423],[-63.01513,-17.74424],[-63.01514,-17.74425],[-63.01515,-17.74426],[-63.01515,-17.74427],[-63.01516,-17.74427],[-63.01516,-17.74428],[-63.01517,-17.74429],[-63.01517,-17.7443],[-63.01518,-17.7443],[-63.01518,-17.74431],[-63.01519,-17.74431],[-63.01519,-17.74432],[-63.0152,-17.74432],[-63.0152,-17.74433],[-63.0152,-17.74434],[-63.01521,-17.74434],[-63.01521,-17.74435],[-63.01522,-17.74435],[-63.01522,-17.74436],[-63.01523,-17.74437],[-63.01523,-17.74438],[-63.01524,-17.74438],[-63.01524,-17.74439],[-63.01525,-17.7444],[-63.01525,-17.74441],[-63.01526,-17.74441],[-63.01526,-17.74442],[-63.01527,-17.74443],[-63.01528,-17.74444],[-63.01528,-17.74445],[-63.01529,-17.74446],[-63.0153,-17.74447],[-63.01531,-17.74448],[-63.01531,-17.74449],[-63.01532,-17.7445],[-63.01533,-17.74451],[-63.01533,-17.74452],[-63.01534,-17.74453],[-63.01535,-17.74454],[-63.01535,-17.74455],[-63.01536,-17.74456],[-63.01536,-17.74457],[-63.01537,-17.74457],[-63.01537,-17.74458],[-63.01538,-17.74458],[-63.01538,-17.74459],[-63.01538,-17.7446],[-63.01539,-17.7446],[-63.01539,-17.74461],[-63.0154,-17.74461],[-63.0154,-17.74462],[-63.0154,-17.74463],[-63.01541,-17.74463],[-63.01541,-17.74464],[-63.01542,-17.74464],[-63.01542,-17.74465],[-63.01542,-17.74466],[-63.01543,-17.74466],[-63.01543,-17.74467],[-63.01544,-17.74468],[-63.01544,-17.74469],[-63.01545,-17.74469],[-63.01545,-17.7447],[-63.01546,-17.74471],[-63.01546,-17.74472],[-63.01547,-17.74472],[-63.01547,-17.74473],[-63.01548,-17.74474],[-63.01548,-17.74475],[-63.01549,-17.74476],[-63.0155,-17.74477],[-63.0155,-17.74478],[-63.01551,-17.74479],[-63.01551,-17.7448],[-63.01552,-17.7448],[-63.01552,-17.74481],[-63.01553,-17.74482],[-63.01553,-17.74483],[-63.01554,-17.74484],[-63.01555,-17.74485],[-63.01555,-17.74486],[-63.01556,-17.74487],[-63.01556,-17.74488],[-63.01557,-17.74489],[-63.01558,-17.7449],[-63.01558,-17.74491],[-63.01559,-17.74492],[-63.0156,-17.74493],[-63.0156,-17.74494],[-63.01561,-17.74495],[-63.01561,-17.74496],[-63.01562,-17.74497],[-63.01563,-17.74498],[-63.01563,-17.74499],[-63.01564,-17.745],[-63.01564,-17.74501],[-63.01565,-17.74502],[-63.01565,-17.74503],[-63.01566,-17.74504]]},"properties":{"description":"manzanos modificados","styleUrl":"#line2","stroke-opacity":1,"stroke":"#0000FF","stroke-width":1,"name":"FONDO"}},
{"type":"Feature","geometry":{"type":"LineString","coordinates":[[-63.01566,-17.74504],[-63.01566,-17.74505],[-63.01567,-17.74505],[-63.01567,-17.74506],[-63.01567,-17.74507],[-63.01567,-17.74508],[-63.01568,-17.74508],[-63.01568,-17.74509],[-63.01568,-17.7451],[-63.01568,-17.74511],[-63.01568,-17.74512],[-63.01567,-17.74512],[-63.01567,-17.74513],[-63.01567,-17.74514],[-63.01567,-17.74515],[-63.01567,-17.74516],[-63.01566,-17.74516],[-63.01566,-17.74517]]},"properties":{"description":"manzanos modificados","styleUrl":"#line2","stroke-opacity":1,"stroke":"#0000FF","stroke-width":1,"name":"FONDO"}},
{"type":"Feature","geometry":{"type":"LineString","coordinates":[[-63.01566,-17.74517],[-63.01565,-17.74518]]},"properties":{"description":"manzanos modificados","styleUrl":"#line2","stroke-opacity":1,"stroke":"#0000FF","stroke-width":1,"name":"FONDO"}},
{"type":"Feature","geometry":{"type":"LineString","coordinates":[[-63.01565,-17.74518],[-63.01545,-17.74551]]},"properties":{"description":"manzanos modificados","styleUrl":"#line2","stroke-opacity":1,"stroke":"#0000FF","stroke-width":1,"name":"FONDO"}},
{"type":"Feature","geometry":{"type":"LineString","coordinates":[[-63.01545,-17.74551],[-63.01545,-17.74552],[-63.01544,-17.74552],[-63.01544,-17.74553],[-63.01543,-17.74554],[-63.01543,-17.74555],[-63.01542,-17.74555],[-63.01542,-17.74556],[-63.01541,-17.74556],[-63.0154,-17.74557],[-63.01539,-17.74557],[-63.01539,-17.74558],[-63.01538,-17.74558],[-63.01537,-17.74559],[-63.01536,-17.74559],[-63.01535,-17.74559],[-63.01535,-17.7456],[-63.01534,-17.7456],[-63.01533,-17.7456],[-63.01532,-17.74561],[-63.01531,-17.74561],[-63.0153,-17.74561],[-63.01529,-17.74561],[-63.01528,-17.74561],[-63.01527,-17.74561],[-63.01526,-17.74561],[-63.01525,-17.74561],[-63.01524,-17.74561],[-63.01523,-17.74561],[-63.01522,-17.74561],[-63.01522,-17.7456],[-63.01521,-17.7456],[-63.0152,-17.7456],[-63.01519,-17.7456],[-63.01519,-17.74559],[-63.01518,-17.74559],[-63.01517,-17.74559],[-63.01517,-17.74558],[-63.01516,-17.74558],[-63.01515,-17.74558],[-63.01515,-17.74557],[-63.01514,-17.74557],[-63.01514,-17.74556],[-63.01513,-17.74556],[-63.01513,-17.74555],[-63.01512,-17.74555],[-63.01512,-17.74554],[-63.01511,-17.74554],[-63.01511,-17.74553],[-63.0151,-17.74553],[-63.0151,-17.74552],[-63.01509,-17.74551]]},"properties":{"description":"manzanos modificados","styleUrl":"#line2","stroke-opacity":1,"stroke":"#0000FF","stroke-width":1,"name":"FONDO"}},
{"type":"Feature","geometry":{"type":"LineString","coordinates":[[-63.01449,-17.74458],[-63.01449,-17.74459],[-63.0145,-17.7446],[-63.01451,-17.74461],[-63.01451,-17.74462],[-63.01452,-17.74462],[-63.01452,-17.74463],[-63.01453,-17.74464],[-63.01453,-17.74465],[-63.01454,-17.74465],[-63.01454,-17.74466],[-63.01455,-17.74466],[-63.01455,-17.74467],[-63.01456,-17.74468],[-63.01456,-17.74469],[-63.01457,-17.74469],[-63.01457,-17.7447],[-63.01458,-17.7447],[-63.01458,-17.74471],[-63.01459,-17.74472],[-63.01459,-17.74473],[-63.0146,-17.74473],[-63.0146,-17.74474],[-63.01461,-17.74475],[-63.01462,-17.74476],[-63.01462,-17.74477],[-63.01463,-17.74477],[-63.01463,-17.74478],[-63.01464,-17.74479],[-63.01464,-17.7448],[-63.01465,-17.7448],[-63.01465,-17.74481],[-63.01466,-17.74482],[-63.01467,-17.74483],[-63.01467,-17.74484],[-63.01468,-17.74484],[-63.01468,-17.74485],[-63.01469,-17.74486],[-63.01469,-17.74487],[-63.0147,-17.74487],[-63.0147,-17.74488],[-63.01471,-17.74489],[-63.01471,-17.7449],[-63.01472,-17.7449],[-63.01472,-17.74491],[-63.01473,-17.74492],[-63.01473,-17.74493],[-63.01474,-17.74493],[-63.01474,-17.74494],[-63.01475,-17.74495],[-63.01475,-17.74496],[-63.01476,-17.74496],[-63.01476,-17.74497],[-63.01477,-17.74498],[-63.01477,-17.74499],[-63.01478,-17.74499],[-63.01478,-17.745],[-63.01479,-17.74501],[-63.01479,-17.74502],[-63.0148,-17.74502],[-63.0148,-17.74503],[-63.01481,-17.74504],[-63.01481,-17.74505],[-63.01482,-17.74506],[-63.01483,-17.74507],[-63.01483,-17.74508],[-63.01484,-17.74508],[-63.01484,-17.74509],[-63.01485,-17.7451],[-63.01485,-17.74511],[-63.01486,-17.74511],[-63.01486,-17.74512],[-63.01487,-17.74513],[-63.01487,-17.74514],[-63.01488,-17.74514],[-63.01488,-17.74515],[-63.01489,-17.74516],[-63.01489,-17.74517],[-63.01489,-17.74518],[-63.0149,-17.74518],[-63.0149,-17.74519],[-63.01491,-17.7452],[-63.01491,-17.74521],[-63.01492,-17.74521],[-63.01492,-17.74522],[-63.01493,-17.74523],[-63.01493,-17.74524],[-63.01494,-17.74524],[-63.01494,-17.74525],[-63.01495,-17.74526],[-63.01495,-17.74527],[-63.01496,-17.74528],[-63.01496,-17.74529],[-63.01497,-17.74529],[-63.01497,-17.7453],[-63.01498,-17.74531],[-63.01498,-17.74532],[-63.01499,-17.74533],[-63.01499,-17.74534],[-63.015,-17.74535],[-63.015,-17.74536],[-63.01501,-17.74536],[-63.01501,-17.74537],[-63.01502,-17.74538],[-63.01502,-17.74539],[-63.01503,-17.74539],[-63.01503,-17.7454],[-63.01503,-17.74541],[-63.01504,-17.74541],[-63.01504,-17.74542],[-63.01504,-17.74543],[-63.01505,-17.74543],[-63.01505,-17.74544],[-63.01506,-17.74545],[-63.01506,-17.74546],[-63.01507,-17.74546],[-63.01507,-17.74547],[-63.01507,-17.74548],[-63.01508,-17.74548],[-63.01508,-17.74549],[-63.01508,-17.7455],[-63.01509,-17.7455],[-63.01509,-17.74551]]},"properties":{"description":"manzanos modificados","styleUrl":"#line2","stroke-opacity":1,"stroke":"#0000FF","stroke-width":1,"name":"FONDO"}},
{"type":"Feature","geometry":{"type":"LineString","coordinates":[[-63.01449,-17.74458],[-63.01448,-17.74458],[-63.01448,-17.74457],[-63.01447,-17.74456],[-63.01447,-17.74455],[-63.01447,-17.74454],[-63.01446,-17.74454],[-63.01446,-17.74453],[-63.01446,-17.74452],[-63.01446,-17.74451],[-63.01446,-17.7445],[-63.01446,-17.74449],[-63.01446,-17.74448],[-63.01446,-17.74447],[-63.01446,-17.74446],[-63.01447,-17.74446],[-63.01447,-17.74445],[-63.01447,-17.74444],[-63.01448,-17.74444],[-63.01448,-17.74443]]},"properties":{"description":"manzanos modificados","styleUrl":"#line2","stroke-opacity":1,"stroke":"#0000FF","stroke-width":1,"name":"FONDO"}},
{"type":"Feature","geometry":{"type":"LineString","coordinates":[[-63.01601,-17.74523],[-63.01654,-17.74435]]},"properties":{"description":"manzanos modificados","styleUrl":"#line2","stroke-opacity":1,"stroke":"#0000FF","stroke-width":1,"name":"FONDO"}},
{"type":"Feature","geometry":{"type":"LineString","coordinates":[[-63.01654,-17.74435],[-63.01657,-17.74431]]},"properties":{"description":"manzanos modificados","styleUrl":"#line2","stroke-opacity":1,"stroke":"#0000FF","stroke-width":1,"name":"FONDO"}},
{"type":"Feature","geometry":{"type":"LineString","coordinates":[[-63.01657,-17.74431],[-63.0174,-17.74452]]},"properties":{"description":"manzanos modificados","styleUrl":"#line2","stroke-opacity":1,"stroke":"#0000FF","stroke-width":1,"name":"FONDO"}},
{"type":"Feature","geometry":{"type":"LineString","coordinates":[[-63.0174,-17.74452],[-63.01746,-17.74453]]},"properties":{"description":"manzanos modificados","styleUrl":"#line2","stroke-opacity":1,"stroke":"#0000FF","stroke-width":1,"name":"FONDO"}},
{"type":"Feature","geometry":{"type":"LineString","coordinates":[[-63.01746,-17.74453],[-63.01646,-17.74603]]},"properties":{"description":"manzanos modificados","styleUrl":"#line2","stroke-opacity":1,"stroke":"#0000FF","stroke-width":1,"name":"FONDO"}},
{"type":"Feature","geometry":{"type":"LineString","coordinates":[[-63.01646,-17.74603],[-63.01645,-17.74603],[-63.01645,-17.74604],[-63.01644,-17.74604],[-63.01644,-17.74605],[-63.01643,-17.74605],[-63.01643,-17.74606],[-63.01642,-17.74606],[-63.01641,-17.74606],[-63.0164,-17.74606],[-63.01639,-17.74606],[-63.01639,-17.74607],[-63.01638,-17.74606],[-63.01637,-17.74606],[-63.01636,-17.74606],[-63.01635,-17.74606],[-63.01634,-17.74605],[-63.01633,-17.74605],[-63.01633,-17.74604],[-63.01632,-17.74604],[-63.01632,-17.74603],[-63.01631,-17.74603],[-63.01631,-17.74602],[-63.01631,-17.74601]]},"properties":{"description":"manzanos modificados","styleUrl":"#line2","stroke-opacity":1,"stroke":"#0000FF","stroke-width":1,"name":"FONDO"}},
{"type":"Feature","geometry":{"type":"LineString","coordinates":[[-63.01601,-17.74536],[-63.01601,-17.74537],[-63.01601,-17.74538],[-63.01602,-17.74538],[-63.01602,-17.74539],[-63.01603,-17.7454],[-63.01603,-17.74541],[-63.01603,-17.74542],[-63.01604,-17.74542],[-63.01604,-17.74543],[-63.01605,-17.74544],[-63.01605,-17.74545],[-63.01605,-17.74546],[-63.01606,-17.74546],[-63.01606,-17.74547],[-63.01606,-17.74548],[-63.01607,-17.74548],[-63.01607,-17.74549],[-63.01607,-17.7455],[-63.01608,-17.7455],[-63.01608,-17.74551],[-63.01608,-17.74552],[-63.01609,-17.74552],[-63.01609,-17.74553],[-63.01609,-17.74554],[-63.0161,-17.74554],[-63.0161,-17.74555],[-63.0161,-17.74556],[-63.01611,-17.74556],[-63.01611,-17.74557],[-63.01611,-17.74558],[-63.01612,-17.74558],[-63.01612,-17.74559],[-63.01612,-17.7456],[-63.01613,-17.7456],[-63.01613,-17.74561],[-63.01613,-17.74562],[-63.01614,-17.74563],[-63.01614,-17.74564],[-63.01615,-17.74565],[-63.01615,-17.74566],[-63.01615,-17.74567],[-63.01616,-17.74567],[-63.01616,-17.74568],[-63.01617,-17.74569],[-63.01617,-17.7457],[-63.01617,-17.74571],[-63.01618,-17.74571],[-63.01618,-17.74572],[-63.01618,-17.74573],[-63.01619,-17.74573],[-63.01619,-17.74574],[-63.01619,-17.74575],[-63.0162,-17.74575],[-63.0162,-17.74576],[-63.0162,-17.74577],[-63.01621,-17.74578],[-63.01621,-17.74579],[-63.01621,-17.7458],[-63.01622,-17.7458],[-63.01622,-17.74581],[-63.01622,-17.74582],[-63.01623,-17.74582],[-63.01623,-17.74583],[-63.01623,-17.74584],[-63.01624,-17.74584],[-63.01624,-17.74585],[-63.01624,-17.74586],[-63.01625,-17.74587],[-63.01625,-17.74588],[-63.01625,-17.74589],[-63.01626,-17.74589],[-63.01626,-17.7459],[-63.01626,-17.74591],[-63.01627,-17.74591],[-63.01627,-17.74592],[-63.01627,-17.74593],[-63.01628,-17.74594],[-63.01628,-17.74595],[-63.01628,-17.74596],[-63.01629,-17.74596],[-63.01629,-17.74597],[-63.01629,-17.74598],[-63.0163,-17.74598],[-63.0163,-17.74599],[-63.0163,-17.746],[-63.0163,-17.74601],[-63.01631,-17.74601]]},"properties":{"description":"manzanos modificados","styleUrl":"#line2","stroke-opacity":1,"stroke":"#0000FF","stroke-width":1,"name":"FONDO"}},
{"type":"Feature","geometry":{"type":"LineString","coordinates":[[-63.01601,-17.74536],[-63.016,-17.74536],[-63.016,-17.74535],[-63.016,-17.74534],[-63.016,-17.74533],[-63.01599,-17.74533],[-63.01599,-17.74532],[-63.01599,-17.74531],[-63.01599,-17.7453],[-63.01599,-17.74529],[-63.01599,-17.74528],[-63.016,-17.74527],[-63.016,-17.74526],[-63.016,-17.74525],[-63.01601,-17.74525],[-63.01601,-17.74524],[-63.01601,-17.74523]]},"properties":{"description":"manzanos modificados","styleUrl":"#line2","stroke-opacity":1,"stroke":"#0000FF","stroke-width":1,"name":"FONDO"}},
{"type":"Feature","geometry":{"type":"LineString","coordinates":[[-63.01432,-17.74203],[-63.01475,-17.74226]]},"properties":{"description":"manzanos modificados","styleUrl":"#line2","stroke-opacity":1,"stroke":"#0000FF","stroke-width":1,"name":"FONDO"}},
{"type":"Feature","geometry":{"type":"LineString","coordinates":[[-63.01475,-17.74226],[-63.01476,-17.74226],[-63.01476,-17.74227],[-63.01477,-17.74227],[-63.01477,-17.74228],[-63.01478,-17.74228],[-63.01478,-17.74229],[-63.01478,-17.7423],[-63.01478,-17.74231],[-63.01479,-17.74231],[-63.01479,-17.74232],[-63.01479,-17.74233],[-63.01478,-17.74233],[-63.01478,-17.74234],[-63.01478,-17.74235]]},"properties":{"description":"manzanos modificados","styleUrl":"#line2","stroke-opacity":1,"stroke":"#0000FF","stroke-width":1,"name":"FONDO"}},
{"type":"Feature","geometry":{"type":"LineString","coordinates":[[-63.01478,-17.74235],[-63.01437,-17.74299]]},"properties":{"description":"manzanos modificados","styleUrl":"#line2","stroke-opacity":1,"stroke":"#0000FF","stroke-width":1,"name":"FONDO"}},
{"type":"Feature","geometry":{"type":"LineString","coordinates":[[-63.01437,-17.74299],[-63.01437,-17.743],[-63.01436,-17.743],[-63.01436,-17.74301],[-63.01435,-17.74301],[-63.01435,-17.74302],[-63.01434,-17.74302],[-63.01433,-17.74303],[-63.01432,-17.74303],[-63.01431,-17.74303],[-63.0143,-17.74303],[-63.01429,-17.74303],[-63.01428,-17.74303],[-63.01427,-17.74303],[-63.01426,-17.74303],[-63.01426,-17.74302],[-63.01425,-17.74302],[-63.01424,-17.74302],[-63.01424,-17.74301]]},"properties":{"description":"manzanos modificados","styleUrl":"#line2","stroke-opacity":1,"stroke":"#0000FF","stroke-width":1,"name":"FONDO"}},
{"type":"Feature","geometry":{"type":"LineString","coordinates":[[-63.01408,-17.74287],[-63.01409,-17.74287],[-63.01409,-17.74288],[-63.0141,-17.74288],[-63.0141,-17.74289],[-63.01411,-17.74289],[-63.01412,-17.7429],[-63.01413,-17.74291],[-63.01414,-17.74291],[-63.01414,-17.74292],[-63.01415,-17.74292],[-63.01415,-17.74293],[-63.01416,-17.74293],[-63.01416,-17.74294],[-63.01417,-17.74294],[-63.01417,-17.74295],[-63.01418,-17.74295],[-63.01418,-17.74296],[-63.01419,-17.74296],[-63.01419,-17.74297],[-63.0142,-17.74297],[-63.0142,-17.74298],[-63.01421,-17.74298],[-63.01421,-17.74299],[-63.01422,-17.74299],[-63.01422,-17.743],[-63.01423,-17.743],[-63.01423,-17.74301],[-63.01424,-17.74301]]},"properties":{"description":"manzanos modificados","styleUrl":"#line2","stroke-opacity":1,"stroke":"#0000FF","stroke-width":1,"name":"FONDO"}},
{"type":"Feature","geometry":{"type":"LineString","coordinates":[[-63.01408,-17.74287],[-63.01408,-17.74286],[-63.01407,-17.74286],[-63.01407,-17.74285],[-63.01407,-17.74284],[-63.01406,-17.74284],[-63.01406,-17.74283],[-63.01406,-17.74282],[-63.01406,-17.74281],[-63.01406,-17.7428],[-63.01406,-17.74279]]},"properties":{"description":"manzanos modificados","styleUrl":"#line2","stroke-opacity":1,"stroke":"#0000FF","stroke-width":1,"name":"FONDO"}},
{"type":"Feature","geometry":{"type":"LineString","coordinates":[[-63.01406,-17.74279],[-63.01423,-17.74207]]},"properties":{"description":"manzanos modificados","styleUrl":"#line2","stroke-opacity":1,"stroke":"#0000FF","stroke-width":1,"name":"FONDO"}},
{"type":"Feature","geometry":{"type":"LineString","coordinates":[[-63.01423,-17.74207],[-63.01423,-17.74206],[-63.01423,-17.74205],[-63.01424,-17.74205],[-63.01424,-17.74204],[-63.01424,-17.74203],[-63.01425,-17.74203],[-63.01426,-17.74203],[-63.01426,-17.74202],[-63.01427,-17.74202],[-63.01428,-17.74202],[-63.01429,-17.74202],[-63.0143,-17.74202],[-63.01431,-17.74202],[-63.01432,-17.74202],[-63.01432,-17.74203]]},"properties":{"description":"manzanos modificados","styleUrl":"#line2","stroke-opacity":1,"stroke":"#0000FF","stroke-width":1,"name":"FONDO"}},
{"type":"Feature","geometry":{"type":"LineString","coordinates":[[-63.01692,-17.7393],[-63.01713,-17.73942]]},"properties":{"description":"manzanos modificados","styleUrl":"#line2","stroke-opacity":1,"stroke":"#0000FF","stroke-width":1,"name":"FONDO"}},
{"type":"Feature","geometry":{"type":"LineString","coordinates":[[-63.01713,-17.73942],[-63.01734,-17.73954]]},"properties":{"description":"manzanos modificados","styleUrl":"#line2","stroke-opacity":1,"stroke":"#0000FF","stroke-width":1,"name":"FONDO"}},
{"type":"Feature","geometry":{"type":"LineString","coordinates":[[-63.01734,-17.73954],[-63.01734,-17.73955],[-63.01735,-17.73955],[-63.01735,-17.73956],[-63.01736,-17.73956],[-63.01736,-17.73957],[-63.01736,-17.73958],[-63.01737,-17.73958],[-63.01737,-17.73959],[-63.01737,-17.7396],[-63.01737,-17.73961],[-63.01737,-17.73962],[-63.01736,-17.73962],[-63.01736,-17.73963]]},"properties":{"description":"manzanos modificados","styleUrl":"#line2","stroke-opacity":1,"stroke":"#0000FF","stroke-width":1,"name":"FONDO"}},
{"type":"Feature","geometry":{"type":"LineString","coordinates":[[-63.01736,-17.73963],[-63.01605,-17.74172]]},"properties":{"description":"manzanos modificados","styleUrl":"#line2","stroke-opacity":1,"stroke":"#0000FF","stroke-width":1,"name":"FONDO"}},
{"type":"Feature","geometry":{"type":"LineString","coordinates":[[-63.01605,-17.74172],[-63.01604,-17.74172],[-63.01604,-17.74173],[-63.01603,-17.74173],[-63.01603,-17.74174],[-63.01602,-17.74174],[-63.01601,-17.74174],[-63.01601,-17.74175],[-63.016,-17.74175],[-63.01599,-17.74175],[-63.01598,-17.74175],[-63.01597,-17.74175],[-63.01597,-17.74174],[-63.01596,-17.74174],[-63.01595,-17.74174],[-63.01595,-17.74173]]},"properties":{"description":"manzanos modificados","styleUrl":"#line2","stroke-opacity":1,"stroke":"#0000FF","stroke-width":1,"name":"FONDO"}},
{"type":"Feature","geometry":{"type":"LineString","coordinates":[[-63.01595,-17.74173],[-63.01556,-17.74144]]},"properties":{"description":"manzanos modificados","styleUrl":"#line2","stroke-opacity":1,"stroke":"#0000FF","stroke-width":1,"name":"FONDO"}},
{"type":"Feature","geometry":{"type":"LineString","coordinates":[[-63.01556,-17.74144],[-63.01555,-17.74143],[-63.01555,-17.74142],[-63.01554,-17.74142],[-63.01554,-17.74141],[-63.01554,-17.7414],[-63.01554,-17.74139],[-63.01554,-17.74138],[-63.01554,-17.74137],[-63.01554,-17.74136]]},"properties":{"description":"manzanos modificados","styleUrl":"#line2","stroke-opacity":1,"stroke":"#0000FF","stroke-width":1,"name":"FONDO"}},
{"type":"Feature","geometry":{"type":"LineString","coordinates":[[-63.01554,-17.74136],[-63.01683,-17.73932]]},"properties":{"description":"manzanos modificados","styleUrl":"#line2","stroke-opacity":1,"stroke":"#0000FF","stroke-width":1,"name":"FONDO"}},
{"type":"Feature","geometry":{"type":"LineString","coordinates":[[-63.01683,-17.73932],[-63.01683,-17.73931],[-63.01684,-17.73931],[-63.01684,-17.7393],[-63.01685,-17.7393],[-63.01686,-17.7393],[-63.01686,-17.73929],[-63.01687,-17.73929],[-63.01688,-17.73929],[-63.01689,-17.73929],[-63.0169,-17.73929],[-63.0169,-17.7393],[-63.01691,-17.7393],[-63.01692,-17.7393]]},"properties":{"description":"manzanos modificados","styleUrl":"#line2","stroke-opacity":1,"stroke":"#0000FF","stroke-width":1,"name":"FONDO"}},
{"type":"Feature","geometry":{"type":"LineString","coordinates":[[-63.01541,-17.74157],[-63.01541,-17.74156],[-63.01542,-17.74156],[-63.01542,-17.74155],[-63.01543,-17.74155],[-63.01544,-17.74155],[-63.01544,-17.74154],[-63.01545,-17.74154],[-63.01546,-17.74154],[-63.01547,-17.74154],[-63.01548,-17.74154],[-63.01549,-17.74154],[-63.0155,-17.74154],[-63.0155,-17.74155],[-63.01551,-17.74155]]},"properties":{"description":"manzanos modificados","styleUrl":"#line2","stroke-opacity":1,"stroke":"#0000FF","stroke-width":1,"name":"FONDO"}},
{"type":"Feature","geometry":{"type":"LineString","coordinates":[[-63.01551,-17.74155],[-63.0159,-17.74185]]},"properties":{"description":"manzanos modificados","styleUrl":"#line2","stroke-opacity":1,"stroke":"#0000FF","stroke-width":1,"name":"FONDO"}},
{"type":"Feature","geometry":{"type":"LineString","coordinates":[[-63.0159,-17.74185],[-63.01591,-17.74185],[-63.01591,-17.74186],[-63.01591,-17.74187],[-63.01592,-17.74187],[-63.01592,-17.74188],[-63.01592,-17.74189],[-63.01592,-17.7419],[-63.01592,-17.74191],[-63.01592,-17.74192],[-63.01591,-17.74192],[-63.01591,-17.74193]]},"properties":{"description":"manzanos modificados","styleUrl":"#line2","stroke-opacity":1,"stroke":"#0000FF","stroke-width":1,"name":"FONDO"}},
{"type":"Feature","geometry":{"type":"LineString","coordinates":[[-63.01591,-17.74193],[-63.0149,-17.74354]]},"properties":{"description":"manzanos modificados","styleUrl":"#line2","stroke-opacity":1,"stroke":"#0000FF","stroke-width":1,"name":"FONDO"}},
{"type":"Feature","geometry":{"type":"LineString","coordinates":[[-63.0149,-17.74354],[-63.01489,-17.74354],[-63.01489,-17.74355],[-63.01489,-17.74356],[-63.01488,-17.74356],[-63.01487,-17.74356],[-63.01487,-17.74357],[-63.01486,-17.74357],[-63.01485,-17.74357],[-63.01485,-17.74358],[-63.01484,-17.74358],[-63.01483,-17.74358],[-63.01482,-17.74358],[-63.01481,-17.74358],[-63.0148,-17.74358],[-63.0148,-17.74357],[-63.01479,-17.74357],[-63.01478,-17.74357],[-63.01478,-17.74356],[-63.01477,-17.74356],[-63.01477,-17.74355],[-63.01476,-17.74355]]},"properties":{"description":"manzanos modificados","styleUrl":"#line2","stroke-opacity":1,"stroke":"#0000FF","stroke-width":1,"name":"FONDO"}},
{"type":"Feature","geometry":{"type":"LineString","coordinates":[[-63.01445,-17.74321],[-63.01445,-17.74322],[-63.01446,-17.74322],[-63.01446,-17.74323],[-63.01447,-17.74323],[-63.01447,-17.74324],[-63.01448,-17.74324],[-63.01448,-17.74325],[-63.01449,-17.74325],[-63.01449,-17.74326],[-63.0145,-17.74326],[-63.0145,-17.74327],[-63.01451,-17.74327],[-63.01451,-17.74328],[-63.01452,-17.74328],[-63.01452,-17.74329],[-63.01453,-17.7433],[-63.01454,-17.7433],[-63.01454,-17.74331],[-63.01455,-17.74332],[-63.01456,-17.74333],[-63.01457,-17.74334],[-63.01457,-17.74335],[-63.01458,-17.74335],[-63.01458,-17.74336],[-63.01459,-17.74336],[-63.01459,-17.74337],[-63.0146,-17.74337],[-63.0146,-17.74338],[-63.01461,-17.74338],[-63.01461,-17.74339],[-63.01462,-17.74339],[-63.01462,-17.7434],[-63.01463,-17.7434],[-63.01463,-17.74341],[-63.01464,-17.74341],[-63.01464,-17.74342],[-63.01465,-17.74342],[-63.01465,-17.74343],[-63.01466,-17.74343],[-63.01466,-17.74344],[-63.01467,-17.74344],[-63.01467,-17.74345],[-63.01468,-17.74345],[-63.01468,-17.74346],[-63.01469,-17.74347],[-63.0147,-17.74348],[-63.01471,-17.74349],[-63.01471,-17.7435],[-63.01472,-17.7435],[-63.01472,-17.74351],[-63.01473,-17.74351],[-63.01473,-17.74352],[-63.01474,-17.74352],[-63.01474,-17.74353],[-63.01475,-17.74353],[-63.01475,-17.74354],[-63.01476,-17.74354],[-63.01476,-17.74355]]},"properties":{"description":"manzanos modificados","styleUrl":"#line2","stroke-opacity":1,"stroke":"#0000FF","stroke-width":1,"name":"FONDO"}},
{"type":"Feature","geometry":{"type":"LineString","coordinates":[[-63.01445,-17.74321],[-63.01444,-17.74321],[-63.01444,-17.7432],[-63.01443,-17.7432],[-63.01443,-17.74319],[-63.01443,-17.74318],[-63.01443,-17.74317],[-63.01442,-17.74316],[-63.01442,-17.74315],[-63.01443,-17.74315],[-63.01443,-17.74314],[-63.01443,-17.74313],[-63.01443,-17.74312],[-63.01444,-17.74312]]},"properties":{"description":"manzanos modificados","styleUrl":"#line2","stroke-opacity":1,"stroke":"#0000FF","stroke-width":1,"name":"FONDO"}},
{"type":"Feature","geometry":{"type":"LineString","coordinates":[[-63.01444,-17.74312],[-63.01459,-17.74287]]},"properties":{"description":"manzanos modificados","styleUrl":"#line2","stroke-opacity":1,"stroke":"#0000FF","stroke-width":1,"name":"FONDO"}},
{"type":"Feature","geometry":{"type":"LineString","coordinates":[[-63.01459,-17.74287],[-63.01541,-17.74157]]},"properties":{"description":"manzanos modificados","styleUrl":"#line2","stroke-opacity":1,"stroke":"#0000FF","stroke-width":1,"name":"FONDO"}},
{"type":"Feature","geometry":{"type":"LineString","coordinates":[[-63.01961,-17.7365],[-63.01993,-17.73662]]},"properties":{"description":"manzanos modificados","styleUrl":"#line2","stroke-opacity":1,"stroke":"#0000FF","stroke-width":1,"name":"FONDO"}},
{"type":"Feature","geometry":{"type":"LineString","coordinates":[[-63.01993,-17.73662],[-63.01993,-17.73663],[-63.01994,-17.73663],[-63.01995,-17.73663],[-63.01995,-17.73664],[-63.01996,-17.73664],[-63.01997,-17.73664],[-63.01997,-17.73665],[-63.01998,-17.73665],[-63.01998,-17.73666],[-63.01999,-17.73666],[-63.01999,-17.73667],[-63.02,-17.73667],[-63.02,-17.73668],[-63.02,-17.73669],[-63.02001,-17.73669],[-63.02001,-17.7367],[-63.02001,-17.73671],[-63.02001,-17.73672],[-63.02002,-17.73672],[-63.02002,-17.73673],[-63.02002,-17.73674],[-63.02002,-17.73675],[-63.02002,-17.73676],[-63.02002,-17.73677],[-63.02002,-17.73678],[-63.02001,-17.73678],[-63.02001,-17.73679],[-63.02001,-17.7368],[-63.02001,-17.73681],[-63.02,-17.73681],[-63.02,-17.73682]]},"properties":{"description":"manzanos modificados","styleUrl":"#line2","stroke-opacity":1,"stroke":"#0000FF","stroke-width":1,"name":"FONDO"}},
{"type":"Feature","geometry":{"type":"LineString","coordinates":[[-63.02,-17.73682],[-63.01918,-17.73811]]},"properties":{"description":"manzanos modificados","styleUrl":"#line2","stroke-opacity":1,"stroke":"#0000FF","stroke-width":1,"name":"FONDO"}},
{"type":"Feature","geometry":{"type":"LineString","coordinates":[[-63.01918,-17.73811],[-63.01918,-17.73812],[-63.01917,-17.73813],[-63.01916,-17.73813],[-63.01916,-17.73814],[-63.01915,-17.73814],[-63.01914,-17.73814],[-63.01913,-17.73814],[-63.01912,-17.73814],[-63.01911,-17.73814],[-63.0191,-17.73814],[-63.01909,-17.73814]]},"properties":{"description":"manzanos modificados","styleUrl":"#line2","stroke-opacity":1,"stroke":"#0000FF","stroke-width":1,"name":"FONDO"}},
{"type":"Feature","geometry":{"type":"LineString","coordinates":[[-63.01909,-17.73814],[-63.01867,-17.73789]]},"properties":{"description":"manzanos modificados","styleUrl":"#line2","stroke-opacity":1,"stroke":"#0000FF","stroke-width":1,"name":"FONDO"}},
{"type":"Feature","geometry":{"type":"LineString","coordinates":[[-63.01867,-17.73789],[-63.01866,-17.73789],[-63.01866,-17.73788],[-63.01865,-17.73788],[-63.01865,-17.73787],[-63.01865,-17.73786],[-63.01864,-17.73786],[-63.01864,-17.73785],[-63.01864,-17.73784],[-63.01864,-17.73783],[-63.01864,-17.73782],[-63.01865,-17.73782],[-63.01865,-17.73781]]},"properties":{"description":"manzanos modificados","styleUrl":"#line2","stroke-opacity":1,"stroke":"#0000FF","stroke-width":1,"name":"FONDO"}},
{"type":"Feature","geometry":{"type":"LineString","coordinates":[[-63.01865,-17.73781],[-63.01944,-17.73655]]},"properties":{"description":"manzanos modificados","styleUrl":"#line2","stroke-opacity":1,"stroke":"#0000FF","stroke-width":1,"name":"FONDO"}},
{"type":"Feature","geometry":{"type":"LineString","coordinates":[[-63.01944,-17.73655],[-63.01945,-17.73654],[-63.01945,-17.73653],[-63.01946,-17.73653],[-63.01946,-17.73652],[-63.01947,-17.73652],[-63.01948,-17.73652],[-63.01948,-17.73651],[-63.01949,-17.73651],[-63.01949,-17.7365],[-63.0195,-17.7365],[-63.01951,-17.7365],[-63.01952,-17.7365],[-63.01952,-17.73649],[-63.01953,-17.73649],[-63.01954,-17.73649],[-63.01955,-17.73649],[-63.01956,-17.73649],[-63.01957,-17.73649],[-63.01958,-17.73649],[-63.01959,-17.73649],[-63.0196,-17.73649],[-63.0196,-17.7365],[-63.01961,-17.7365]]},"properties":{"description":"manzanos modificados","styleUrl":"#line2","stroke-opacity":1,"stroke":"#0000FF","stroke-width":1,"name":"FONDO"}},
{"type":"Feature","geometry":{"type":"LineString","coordinates":[[-63.01861,-17.73799],[-63.01903,-17.73824]]},"properties":{"description":"manzanos modificados","styleUrl":"#line2","stroke-opacity":1,"stroke":"#0000FF","stroke-width":1,"name":"FONDO"}},
{"type":"Feature","geometry":{"type":"LineString","coordinates":[[-63.01903,-17.73824],[-63.01904,-17.73824],[-63.01904,-17.73825],[-63.01905,-17.73825],[-63.01905,-17.73826],[-63.01906,-17.73826],[-63.01906,-17.73827],[-63.01906,-17.73828],[-63.01906,-17.73829],[-63.01906,-17.7383],[-63.01906,-17.73831],[-63.01906,-17.73832],[-63.01905,-17.73832]]},"properties":{"description":"manzanos modificados","styleUrl":"#line2","stroke-opacity":1,"stroke":"#0000FF","stroke-width":1,"name":"FONDO"}},
{"type":"Feature","geometry":{"type":"LineString","coordinates":[[-63.01905,-17.73832],[-63.01813,-17.73979]]},"properties":{"description":"manzanos modificados","styleUrl":"#line2","stroke-opacity":1,"stroke":"#0000FF","stroke-width":1,"name":"FONDO"}},
{"type":"Feature","geometry":{"type":"LineString","coordinates":[[-63.01813,-17.73979],[-63.01813,-17.7398],[-63.01812,-17.7398],[-63.01812,-17.73981],[-63.01811,-17.73981],[-63.0181,-17.73981],[-63.0181,-17.73982],[-63.01809,-17.73982],[-63.01808,-17.73982],[-63.01807,-17.73982],[-63.01806,-17.73982],[-63.01805,-17.73982],[-63.01804,-17.73982],[-63.01804,-17.73981]]},"properties":{"description":"manzanos modificados","styleUrl":"#line2","stroke-opacity":1,"stroke":"#0000FF","stroke-width":1,"name":"FONDO"}},
{"type":"Feature","geometry":{"type":"LineString","coordinates":[[-63.01804,-17.73981],[-63.01762,-17.73957]]},"properties":{"description":"manzanos modificados","styleUrl":"#line2","stroke-opacity":1,"stroke":"#0000FF","stroke-width":1,"name":"FONDO"}},
{"type":"Feature","geometry":{"type":"LineString","coordinates":[[-63.01762,-17.73957],[-63.01761,-17.73957],[-63.01761,-17.73956],[-63.0176,-17.73956],[-63.0176,-17.73955],[-63.01759,-17.73955],[-63.01759,-17.73954],[-63.01759,-17.73953],[-63.01759,-17.73952],[-63.01759,-17.73951],[-63.01759,-17.7395],[-63.01759,-17.73949],[-63.01759,-17.73948],[-63.0176,-17.73948]]},"properties":{"description":"manzanos modificados","styleUrl":"#line2","stroke-opacity":1,"stroke":"#0000FF","stroke-width":1,"name":"FONDO"}},
{"type":"Feature","geometry":{"type":"LineString","coordinates":[[-63.0176,-17.73948],[-63.01852,-17.73802]]},"properties":{"description":"manzanos modificados","styleUrl":"#line2","stroke-opacity":1,"stroke":"#0000FF","stroke-width":1,"name":"FONDO"}},
{"type":"Feature","geometry":{"type":"LineString","coordinates":[[-63.01852,-17.73802],[-63.01852,-17.73801],[-63.01853,-17.73801],[-63.01853,-17.738],[-63.01854,-17.738],[-63.01854,-17.73799],[-63.01855,-17.73799],[-63.01856,-17.73799],[-63.01857,-17.73799],[-63.01857,-17.73798],[-63.01858,-17.73798],[-63.01858,-17.73799],[-63.01859,-17.73799],[-63.0186,-17.73799],[-63.01861,-17.73799]]},"properties":{"description":"manzanos modificados","styleUrl":"#line2","stroke-opacity":1,"stroke":"#0000FF","stroke-width":1,"name":"FONDO"}},
{"type":"Feature","geometry":{"type":"LineString","coordinates":[[-63.01925,-17.73836],[-63.01966,-17.7386]]},"properties":{"description":"manzanos modificados","styleUrl":"#line2","stroke-opacity":1,"stroke":"#0000FF","stroke-width":1,"name":"FONDO"}},
{"type":"Feature","geometry":{"type":"LineString","coordinates":[[-63.01966,-17.7386],[-63.01967,-17.7386],[-63.01967,-17.73861],[-63.01968,-17.73861],[-63.01968,-17.73862],[-63.01969,-17.73862],[-63.01969,-17.73863],[-63.0197,-17.73863],[-63.0197,-17.73864],[-63.01971,-17.73864],[-63.01971,-17.73865],[-63.01971,-17.73866],[-63.01971,-17.73867],[-63.01972,-17.73867],[-63.01972,-17.73868],[-63.01972,-17.73869],[-63.01972,-17.7387],[-63.01972,-17.73871],[-63.01972,-17.73872],[-63.01971,-17.73872],[-63.01971,-17.73873],[-63.01971,-17.73874],[-63.01971,-17.73875],[-63.0197,-17.73875]]},"properties":{"description":"manzanos modificados","styleUrl":"#line2","stroke-opacity":1,"stroke":"#0000FF","stroke-width":1,"name":"FONDO"}},
{"type":"Feature","geometry":{"type":"LineString","coordinates":[[-63.0197,-17.73875],[-63.01887,-17.74006]]},"properties":{"description":"manzanos modificados","styleUrl":"#line2","stroke-opacity":1,"stroke":"#0000FF","stroke-width":1,"name":"FONDO"}},
{"type":"Feature","geometry":{"type":"LineString","coordinates":[[-63.01887,-17.74006],[-63.01886,-17.74006],[-63.01886,-17.74007],[-63.01885,-17.74007],[-63.01885,-17.74008],[-63.01884,-17.74008],[-63.01884,-17.74009],[-63.01883,-17.74009],[-63.01883,-17.7401],[-63.01882,-17.7401],[-63.01881,-17.7401],[-63.0188,-17.7401],[-63.0188,-17.74011],[-63.01879,-17.74011],[-63.01878,-17.74011],[-63.01877,-17.74011],[-63.01876,-17.74011],[-63.01875,-17.74011],[-63.01875,-17.7401],[-63.01874,-17.7401],[-63.01873,-17.7401]]},"properties":{"description":"manzanos modificados","styleUrl":"#line2","stroke-opacity":1,"stroke":"#0000FF","stroke-width":1,"name":"FONDO"}},
{"type":"Feature","geometry":{"type":"LineString","coordinates":[[-63.01873,-17.7401],[-63.01828,-17.73992]]},"properties":{"description":"manzanos modificados","styleUrl":"#line2","stroke-opacity":1,"stroke":"#0000FF","stroke-width":1,"name":"FONDO"}},
{"type":"Feature","geometry":{"type":"LineString","coordinates":[[-63.01828,-17.73992],[-63.01827,-17.73992],[-63.01827,-17.73991],[-63.01826,-17.73991],[-63.01826,-17.7399],[-63.01825,-17.7399],[-63.01825,-17.73989],[-63.01824,-17.73989],[-63.01824,-17.73988],[-63.01824,-17.73987],[-63.01824,-17.73986],[-63.01824,-17.73985],[-63.01824,-17.73984],[-63.01824,-17.73983],[-63.01825,-17.73983]]},"properties":{"description":"manzanos modificados","styleUrl":"#line2","stroke-opacity":1,"stroke":"#0000FF","stroke-width":1,"name":"FONDO"}},
{"type":"Feature","geometry":{"type":"LineString","coordinates":[[-63.01825,-17.73983],[-63.01916,-17.73838]]},"properties":{"description":"manzanos modificados","styleUrl":"#line2","stroke-opacity":1,"stroke":"#0000FF","stroke-width":1,"name":"FONDO"}},
{"type":"Feature","geometry":{"type":"LineString","coordinates":[[-63.01916,-17.73838],[-63.01916,-17.73837],[-63.01917,-17.73837],[-63.01918,-17.73837],[-63.01918,-17.73836],[-63.01919,-17.73836],[-63.0192,-17.73836],[-63.0192,-17.73835],[-63.01921,-17.73835],[-63.01922,-17.73835],[-63.01923,-17.73835],[-63.01923,-17.73836],[-63.01924,-17.73836],[-63.01925,-17.73836]]},"properties":{"description":"manzanos modificados","styleUrl":"#line2","stroke-opacity":1,"stroke":"#0000FF","stroke-width":1,"name":"FONDO"}},
{"type":"Feature","geometry":{"type":"LineString","coordinates":[[-63.01834,-17.7379],[-63.01781,-17.73783]]},"properties":{"description":"manzanos modificados","styleUrl":"#line2","stroke-opacity":1,"stroke":"#0000FF","stroke-width":1,"name":"FONDO"}},
{"type":"Feature","geometry":{"type":"LineString","coordinates":[[-63.01775,-17.73786],[-63.01775,-17.73785],[-63.01776,-17.73785],[-63.01776,-17.73784],[-63.01777,-17.73784],[-63.01778,-17.73784],[-63.01778,-17.73783],[-63.01779,-17.73783],[-63.0178,-17.73783],[-63.01781,-17.73783]]},"properties":{"description":"manzanos modificados","styleUrl":"#line2","stroke-opacity":1,"stroke":"#0000FF","stroke-width":1,"name":"FONDO"}},
{"type":"Feature","geometry":{"type":"LineString","coordinates":[[-63.01775,-17.73786],[-63.01696,-17.73911]]},"properties":{"description":"manzanos modificados","styleUrl":"#line2","stroke-opacity":1,"stroke":"#0000FF","stroke-width":1,"name":"FONDO"}},
{"type":"Feature","geometry":{"type":"LineString","coordinates":[[-63.01698,-17.7392],[-63.01697,-17.7392],[-63.01697,-17.73919],[-63.01696,-17.73919],[-63.01696,-17.73918],[-63.01696,-17.73917],[-63.01695,-17.73917],[-63.01695,-17.73916],[-63.01695,-17.73915],[-63.01695,-17.73914],[-63.01695,-17.73913],[-63.01695,-17.73912],[-63.01696,-17.73912],[-63.01696,-17.73911]]},"properties":{"description":"manzanos modificados","styleUrl":"#line2","stroke-opacity":1,"stroke":"#0000FF","stroke-width":1,"name":"FONDO"}},
{"type":"Feature","geometry":{"type":"LineString","coordinates":[[-63.01698,-17.7392],[-63.0174,-17.73944]]},"properties":{"description":"manzanos modificados","styleUrl":"#line2","stroke-opacity":1,"stroke":"#0000FF","stroke-width":1,"name":"FONDO"}},
{"type":"Feature","geometry":{"type":"LineString","coordinates":[[-63.01749,-17.73942],[-63.01749,-17.73943],[-63.01748,-17.73943],[-63.01748,-17.73944],[-63.01747,-17.73944],[-63.01746,-17.73944],[-63.01746,-17.73945],[-63.01745,-17.73945],[-63.01744,-17.73945],[-63.01743,-17.73945],[-63.01742,-17.73945],[-63.01741,-17.73945],[-63.0174,-17.73945],[-63.0174,-17.73944]]},"properties":{"description":"manzanos modificados","styleUrl":"#line2","stroke-opacity":1,"stroke":"#0000FF","stroke-width":1,"name":"FONDO"}},
{"type":"Feature","geometry":{"type":"LineString","coordinates":[[-63.01749,-17.73942],[-63.01839,-17.738]]},"properties":{"description":"manzanos modificados","styleUrl":"#line2","stroke-opacity":1,"stroke":"#0000FF","stroke-width":1,"name":"FONDO"}},
{"type":"Feature","geometry":{"type":"LineString","coordinates":[[-63.01834,-17.7379],[-63.01834,-17.73791],[-63.01835,-17.73791],[-63.01836,-17.73791],[-63.01837,-17.73792],[-63.01838,-17.73792],[-63.01838,-17.73793],[-63.01839,-17.73794],[-63.01839,-17.73795],[-63.01839,-17.73796],[-63.01839,-17.73797],[-63.01839,-17.73798],[-63.01839,-17.73799],[-63.01839,-17.738]]},"properties":{"description":"manzanos modificados","styleUrl":"#line2","stroke-opacity":1,"stroke":"#0000FF","stroke-width":1,"name":"FONDO"}},
{"type":"Feature","geometry":{"type":"LineString","coordinates":[[-63.01846,-17.7378],[-63.01825,-17.73777]]},"properties":{"description":"manzanos modificados","styleUrl":"#line2","stroke-opacity":1,"stroke":"#0000FF","stroke-width":1,"name":"FONDO"}},
{"type":"Feature","geometry":{"type":"LineString","coordinates":[[-63.01825,-17.73777],[-63.01854,-17.7366]]},"properties":{"description":"manzanos modificados","styleUrl":"#line2","stroke-opacity":1,"stroke":"#0000FF","stroke-width":1,"name":"FONDO"}},
{"type":"Feature","geometry":{"type":"LineString","coordinates":[[-63.01854,-17.7366],[-63.01874,-17.73628]]},"properties":{"description":"manzanos modificados","styleUrl":"#line2","stroke-opacity":1,"stroke":"#0000FF","stroke-width":1,"name":"FONDO"}},
{"type":"Feature","geometry":{"type":"LineString","coordinates":[[-63.01874,-17.73628],[-63.01874,-17.73627],[-63.01875,-17.73627],[-63.01875,-17.73626],[-63.01876,-17.73626],[-63.01876,-17.73625],[-63.01877,-17.73625],[-63.01877,-17.73624],[-63.01878,-17.73624],[-63.01879,-17.73624],[-63.01879,-17.73623],[-63.0188,-17.73623],[-63.01881,-17.73622],[-63.01882,-17.73622],[-63.01883,-17.73622],[-63.01884,-17.73622],[-63.01884,-17.73621],[-63.01885,-17.73621],[-63.01886,-17.73621],[-63.01887,-17.73621],[-63.01888,-17.73621],[-63.01888,-17.73622],[-63.01889,-17.73622],[-63.0189,-17.73622],[-63.01891,-17.73622],[-63.01892,-17.73622]]},"properties":{"description":"manzanos modificados","styleUrl":"#line2","stroke-opacity":1,"stroke":"#0000FF","stroke-width":1,"name":"FONDO"}},
{"type":"Feature","geometry":{"type":"LineString","coordinates":[[-63.01892,-17.73622],[-63.01923,-17.73635]]},"properties":{"description":"manzanos modificados","styleUrl":"#line2","stroke-opacity":1,"stroke":"#0000FF","stroke-width":1,"name":"FONDO"}},
{"type":"Feature","geometry":{"type":"LineString","coordinates":[[-63.01923,-17.73635],[-63.01924,-17.73635],[-63.01925,-17.73635],[-63.01925,-17.73636],[-63.01926,-17.73636],[-63.01926,-17.73637],[-63.01927,-17.73637],[-63.01928,-17.73637],[-63.01928,-17.73638],[-63.01929,-17.73638],[-63.01929,-17.73639],[-63.01929,-17.7364],[-63.0193,-17.7364],[-63.0193,-17.73641],[-63.01931,-17.73641],[-63.01931,-17.73642],[-63.01931,-17.73643],[-63.01932,-17.73643],[-63.01932,-17.73644],[-63.01932,-17.73645],[-63.01932,-17.73646],[-63.01932,-17.73647],[-63.01932,-17.73648],[-63.01932,-17.73649],[-63.01932,-17.7365],[-63.01932,-17.73651],[-63.01931,-17.73652],[-63.01931,-17.73653],[-63.01931,-17.73654],[-63.0193,-17.73654]]},"properties":{"description":"manzanos modificados","styleUrl":"#line2","stroke-opacity":1,"stroke":"#0000FF","stroke-width":1,"name":"FONDO"}},
{"type":"Feature","geometry":{"type":"LineString","coordinates":[[-63.0193,-17.73654],[-63.01853,-17.73777]]},"properties":{"description":"manzanos modificados","styleUrl":"#line2","stroke-opacity":1,"stroke":"#0000FF","stroke-width":1,"name":"FONDO"}},
{"type":"Feature","geometry":{"type":"LineString","coordinates":[[-63.01853,-17.73777],[-63.01853,-17.73778],[-63.01852,-17.73778],[-63.01852,-17.73779],[-63.01851,-17.73779],[-63.01851,-17.7378],[-63.0185,-17.7378],[-63.01849,-17.7378],[-63.01848,-17.7378],[-63.01847,-17.7378],[-63.01846,-17.7378]]},"properties":{"description":"manzanos modificados","styleUrl":"#line2","stroke-opacity":1,"stroke":"#0000FF","stroke-width":1,"name":"FONDO"}},
{"type":"Feature","geometry":{"type":"LineString","coordinates":[[-63.01647,-17.73859],[-63.01694,-17.73878]]},"properties":{"description":"AREA VERDE","styleUrl":"#line3","stroke-opacity":1,"stroke":"#007F00","stroke-width":1,"name":"FONDO"}},
{"type":"Feature","geometry":{"type":"LineString","coordinates":[[-63.01694,-17.73878],[-63.01695,-17.73878],[-63.01695,-17.73879],[-63.01696,-17.73879],[-63.01696,-17.7388],[-63.01697,-17.7388],[-63.01697,-17.73881],[-63.01698,-17.73881],[-63.01698,-17.73882],[-63.01698,-17.73883],[-63.01698,-17.73884],[-63.01698,-17.73885],[-63.01698,-17.73886],[-63.01697,-17.73886],[-63.01697,-17.73887]]},"properties":{"description":"AREA VERDE","styleUrl":"#line3","stroke-opacity":1,"stroke":"#007F00","stroke-width":1,"name":"FONDO"}},
{"type":"Feature","geometry":{"type":"LineString","coordinates":[[-63.01697,-17.73887],[-63.01622,-17.74005]]},"properties":{"description":"AREA VERDE","styleUrl":"#line3","stroke-opacity":1,"stroke":"#007F00","stroke-width":1,"name":"FONDO"}},
{"type":"Feature","geometry":{"type":"LineString","coordinates":[[-63.01622,-17.74005],[-63.01622,-17.74006],[-63.01621,-17.74006],[-63.01621,-17.74007],[-63.0162,-17.74007],[-63.0162,-17.74008],[-63.01619,-17.74008],[-63.01618,-17.74008],[-63.01617,-17.74008],[-63.01616,-17.74008],[-63.01615,-17.74008],[-63.01614,-17.74008],[-63.01614,-17.74007],[-63.01613,-17.74007],[-63.01612,-17.74007],[-63.01612,-17.74006],[-63.01611,-17.74006],[-63.01611,-17.74005],[-63.01611,-17.74004],[-63.0161,-17.74004],[-63.0161,-17.74003],[-63.0161,-17.74002],[-63.0161,-17.74001]]},"properties":{"description":"AREA VERDE","styleUrl":"#line3","stroke-opacity":1,"stroke":"#007F00","stroke-width":1,"name":"FONDO"}},
{"type":"Feature","geometry":{"type":"LineString","coordinates":[[-63.0161,-17.74001],[-63.01638,-17.73864]]},"properties":{"description":"AREA VERDE","styleUrl":"#line3","stroke-opacity":1,"stroke":"#007F00","stroke-width":1,"name":"FONDO"}},
{"type":"Feature","geometry":{"type":"LineString","coordinates":[[-63.01638,-17.73864],[-63.01638,-17.73863],[-63.01639,-17.73863],[-63.01639,-17.73862],[-63.01639,-17.73861],[-63.0164,-17.73861],[-63.0164,-17.7386],[-63.01641,-17.7386],[-63.01641,-17.73859],[-63.01642,-17.73859],[-63.01643,-17.73859],[-63.01644,-17.73859],[-63.01645,-17.73859],[-63.01646,-17.73859],[-63.01647,-17.73859]]},"properties":{"description":"AREA VERDE","styleUrl":"#line3","stroke-opacity":1,"stroke":"#007F00","stroke-width":1,"name":"FONDO"}},
{"type":"Feature","geometry":{"type":"LineString","coordinates":[[-63.02018,-17.73524],[-63.02027,-17.73525]]},"properties":{"description":"AREA VERDE","styleUrl":"#line3","stroke-opacity":1,"stroke":"#007F00","stroke-width":1,"name":"FONDO"}},
{"type":"Feature","geometry":{"type":"LineString","coordinates":[[-63.02027,-17.73525],[-63.02035,-17.73526]]},"properties":{"description":"AREA VERDE","styleUrl":"#line3","stroke-opacity":1,"stroke":"#007F00","stroke-width":1,"name":"FONDO"}},
{"type":"Feature","geometry":{"type":"LineString","coordinates":[[-63.02035,-17.73526],[-63.0205,-17.73533]]},"properties":{"description":"AREA VERDE","styleUrl":"#line3","stroke-opacity":1,"stroke":"#007F00","stroke-width":1,"name":"FONDO"}},
{"type":"Feature","geometry":{"type":"LineString","coordinates":[[-63.0205,-17.73533],[-63.02054,-17.73536]]},"properties":{"description":"AREA VERDE","styleUrl":"#line3","stroke-opacity":1,"stroke":"#007F00","stroke-width":1,"name":"FONDO"}},
{"type":"Feature","geometry":{"type":"LineString","coordinates":[[-63.02054,-17.73536],[-63.02058,-17.73539]]},"properties":{"description":"AREA VERDE","styleUrl":"#line3","stroke-opacity":1,"stroke":"#007F00","stroke-width":1,"name":"FONDO"}},
{"type":"Feature","geometry":{"type":"LineString","coordinates":[[-63.02058,-17.73539],[-63.02096,-17.73567]]},"properties":{"description":"AREA VERDE","styleUrl":"#line3","stroke-opacity":1,"stroke":"#007F00","stroke-width":1,"name":"FONDO"}},
{"type":"Feature","geometry":{"type":"LineString","coordinates":[[-63.02096,-17.73567],[-63.0215,-17.73576]]},"properties":{"description":"AREA VERDE","styleUrl":"#line3","stroke-opacity":1,"stroke":"#007F00","stroke-width":1,"name":"FONDO"}},
{"type":"Feature","geometry":{"type":"LineString","coordinates":[[-63.0215,-17.73576],[-63.02155,-17.73583]]},"properties":{"description":"AREA VERDE","styleUrl":"#line3","stroke-opacity":1,"stroke":"#007F00","stroke-width":1,"name":"FONDO"}},
{"type":"Feature","geometry":{"type":"LineString","coordinates":[[-63.02155,-17.73583],[-63.02142,-17.73604]]},"properties":{"description":"AREA VERDE","styleUrl":"#line3","stroke-opacity":1,"stroke":"#007F00","stroke-width":1,"name":"FONDO"}},
{"type":"Feature","geometry":{"type":"LineString","coordinates":[[-63.02142,-17.73604],[-63.02114,-17.73649]]},"properties":{"description":"AREA VERDE","styleUrl":"#line3","stroke-opacity":1,"stroke":"#007F00","stroke-width":1,"name":"FONDO"}},
{"type":"Feature","geometry":{"type":"LineString","coordinates":[[-63.02114,-17.73649],[-63.02114,-17.7365],[-63.02113,-17.7365],[-63.02113,-17.73651],[-63.02112,-17.73651],[-63.02112,-17.73652],[-63.02111,-17.73652],[-63.02111,-17.73653],[-63.0211,-17.73653],[-63.02109,-17.73653],[-63.02109,-17.73654],[-63.02108,-17.73654],[-63.02107,-17.73654],[-63.02107,-17.73655],[-63.02106,-17.73655],[-63.02105,-17.73655],[-63.02104,-17.73655],[-63.02103,-17.73655],[-63.02102,-17.73655],[-63.02101,-17.73655],[-63.021,-17.73655],[-63.02099,-17.73655],[-63.02098,-17.73655],[-63.02097,-17.73655],[-63.02097,-17.73654]]},"properties":{"description":"AREA VERDE","styleUrl":"#line3","stroke-opacity":1,"stroke":"#007F00","stroke-width":1,"name":"FONDO"}},
{"type":"Feature","geometry":{"type":"LineString","coordinates":[[-63.02097,-17.73654],[-63.01975,-17.73606]]},"properties":{"description":"AREA VERDE","styleUrl":"#line3","stroke-opacity":1,"stroke":"#007F00","stroke-width":1,"name":"FONDO"}},
{"type":"Feature","geometry":{"type":"LineString","coordinates":[[-63.01975,-17.73606],[-63.01969,-17.73604]]},"properties":{"description":"AREA VERDE","styleUrl":"#line3","stroke-opacity":1,"stroke":"#007F00","stroke-width":1,"name":"FONDO"}},
{"type":"Feature","geometry":{"type":"LineString","coordinates":[[-63.02018,-17.73524],[-63.02027,-17.73525]]},"properties":{"description":"AREA VERDE","styleUrl":"#line3","stroke-opacity":1,"stroke":"#007F00","stroke-width":1,"name":"FONDO"}},
{"type":"Feature","geometry":{"type":"LineString","coordinates":[[-63.02027,-17.73525],[-63.02035,-17.73526]]},"properties":{"description":"AREA VERDE","styleUrl":"#line3","stroke-opacity":1,"stroke":"#007F00","stroke-width":1,"name":"FONDO"}},
{"type":"Feature","geometry":{"type":"LineString","coordinates":[[-63.02035,-17.73526],[-63.0205,-17.73533]]},"properties":{"description":"AREA VERDE","styleUrl":"#line3","stroke-opacity":1,"stroke":"#007F00","stroke-width":1,"name":"FONDO"}},
{"type":"Feature","geometry":{"type":"LineString","coordinates":[[-63.0205,-17.73533],[-63.02054,-17.73536]]},"properties":{"description":"AREA VERDE","styleUrl":"#line3","stroke-opacity":1,"stroke":"#007F00","stroke-width":1,"name":"FONDO"}},
{"type":"Feature","geometry":{"type":"LineString","coordinates":[[-63.02054,-17.73536],[-63.02058,-17.73539]]},"properties":{"description":"AREA VERDE","styleUrl":"#line3","stroke-opacity":1,"stroke":"#007F00","stroke-width":1,"name":"FONDO"}},
{"type":"Feature","geometry":{"type":"LineString","coordinates":[[-63.02058,-17.73539],[-63.02096,-17.73567]]},"properties":{"description":"AREA VERDE","styleUrl":"#line3","stroke-opacity":1,"stroke":"#007F00","stroke-width":1,"name":"FONDO"}},
{"type":"Feature","geometry":{"type":"LineString","coordinates":[[-63.02096,-17.73567],[-63.0215,-17.73576]]},"properties":{"description":"AREA VERDE","styleUrl":"#line3","stroke-opacity":1,"stroke":"#007F00","stroke-width":1,"name":"FONDO"}},
{"type":"Feature","geometry":{"type":"LineString","coordinates":[[-63.0215,-17.73576],[-63.02155,-17.73583]]},"properties":{"description":"AREA VERDE","styleUrl":"#line3","stroke-opacity":1,"stroke":"#007F00","stroke-width":1,"name":"FONDO"}},
{"type":"Feature","geometry":{"type":"LineString","coordinates":[[-63.02155,-17.73583],[-63.02142,-17.73604]]},"properties":{"description":"AREA VERDE","styleUrl":"#line3","stroke-opacity":1,"stroke":"#007F00","stroke-width":1,"name":"FONDO"}},
{"type":"Feature","geometry":{"type":"LineString","coordinates":[[-63.02142,-17.73604],[-63.02114,-17.73649]]},"properties":{"description":"AREA VERDE","styleUrl":"#line3","stroke-opacity":1,"stroke":"#007F00","stroke-width":1,"name":"FONDO"}},
{"type":"Feature","geometry":{"type":"LineString","coordinates":[[-63.02114,-17.73649],[-63.02114,-17.7365],[-63.02113,-17.7365],[-63.02113,-17.73651],[-63.02112,-17.73651],[-63.02112,-17.73652],[-63.02111,-17.73652],[-63.02111,-17.73653],[-63.0211,-17.73653],[-63.02109,-17.73653],[-63.02109,-17.73654],[-63.02108,-17.73654],[-63.02107,-17.73654],[-63.02107,-17.73655],[-63.02106,-17.73655],[-63.02105,-17.73655],[-63.02104,-17.73655],[-63.02103,-17.73655],[-63.02102,-17.73655],[-63.02101,-17.73655],[-63.021,-17.73655],[-63.02099,-17.73655],[-63.02098,-17.73655],[-63.02097,-17.73655],[-63.02097,-17.73654]]},"properties":{"description":"AREA VERDE","styleUrl":"#line3","stroke-opacity":1,"stroke":"#007F00","stroke-width":1,"name":"FONDO"}},
{"type":"Feature","geometry":{"type":"LineString","coordinates":[[-63.02097,-17.73654],[-63.01975,-17.73606]]},"properties":{"description":"AREA VERDE","styleUrl":"#line3","stroke-opacity":1,"stroke":"#007F00","stroke-width":1,"name":"FONDO"}},
{"type":"Feature","geometry":{"type":"LineString","coordinates":[[-63.01975,-17.73606],[-63.01969,-17.73604]]},"properties":{"description":"AREA VERDE","styleUrl":"#line3","stroke-opacity":1,"stroke":"#007F00","stroke-width":1,"name":"FONDO"}},
{"type":"Feature","geometry":{"type":"LineString","coordinates":[[-63.01969,-17.73604],[-63.01963,-17.73602]]},"properties":{"description":"AREA VERDE","styleUrl":"#line3","stroke-opacity":1,"stroke":"#007F00","stroke-width":1,"name":"FONDO"}},
{"type":"Feature","geometry":{"type":"LineString","coordinates":[[-63.01963,-17.73602],[-63.01893,-17.73574]]},"properties":{"description":"AREA VERDE","styleUrl":"#line3","stroke-opacity":1,"stroke":"#007F00","stroke-width":1,"name":"FONDO"}},
{"type":"Feature","geometry":{"type":"LineString","coordinates":[[-63.01893,-17.73574],[-63.01892,-17.73574],[-63.01892,-17.73573],[-63.01891,-17.73573],[-63.01891,-17.73572],[-63.0189,-17.73572],[-63.0189,-17.73571],[-63.01889,-17.73571],[-63.01889,-17.7357],[-63.01888,-17.7357],[-63.01888,-17.73569],[-63.01888,-17.73568],[-63.01887,-17.73568],[-63.01887,-17.73567],[-63.01887,-17.73566],[-63.01886,-17.73566],[-63.01886,-17.73565],[-63.01886,-17.73564],[-63.01886,-17.73563],[-63.01886,-17.73562],[-63.01886,-17.73561],[-63.01886,-17.7356],[-63.01886,-17.73559]]},"properties":{"description":"AREA VERDE","styleUrl":"#line3","stroke-opacity":1,"stroke":"#007F00","stroke-width":1,"name":"FONDO"}},
{"type":"Feature","geometry":{"type":"LineString","coordinates":[[-63.01886,-17.73559],[-63.01892,-17.73533]]},"properties":{"description":"AREA VERDE","styleUrl":"#line3","stroke-opacity":1,"stroke":"#007F00","stroke-width":1,"name":"FONDO"}},
{"type":"Feature","geometry":{"type":"LineString","coordinates":[[-63.01892,-17.73533],[-63.01905,-17.73536]]},"properties":{"description":"AREA VERDE","styleUrl":"#line3","stroke-opacity":1,"stroke":"#007F00","stroke-width":1,"name":"FONDO"}},
{"type":"Feature","geometry":{"type":"LineString","coordinates":[[-63.01905,-17.73536],[-63.01924,-17.73535]]},"properties":{"description":"AREA VERDE","styleUrl":"#line3","stroke-opacity":1,"stroke":"#007F00","stroke-width":1,"name":"FONDO"}},
{"type":"Feature","geometry":{"type":"LineString","coordinates":[[-63.01924,-17.73535],[-63.01929,-17.73534]]},"properties":{"description":"AREA VERDE","styleUrl":"#line3","stroke-opacity":1,"stroke":"#007F00","stroke-width":1,"name":"FONDO"}},
{"type":"Feature","geometry":{"type":"LineString","coordinates":[[-63.01929,-17.73534],[-63.01943,-17.7353]]},"properties":{"description":"AREA VERDE","styleUrl":"#line3","stroke-opacity":1,"stroke":"#007F00","stroke-width":1,"name":"FONDO"}},
{"type":"Feature","geometry":{"type":"LineString","coordinates":[[-63.01943,-17.7353],[-63.01965,-17.73517]]},"properties":{"description":"AREA VERDE","styleUrl":"#line3","stroke-opacity":1,"stroke":"#007F00","stroke-width":1,"name":"FONDO"}},
{"type":"Feature","geometry":{"type":"LineString","coordinates":[[-63.01965,-17.73517],[-63.01985,-17.73504]]},"properties":{"description":"AREA VERDE","styleUrl":"#line3","stroke-opacity":1,"stroke":"#007F00","stroke-width":1,"name":"FONDO"}},
{"type":"Feature","geometry":{"type":"LineString","coordinates":[[-63.01985,-17.73504],[-63.0201,-17.73522]]},"properties":{"description":"AREA VERDE","styleUrl":"#line3","stroke-opacity":1,"stroke":"#007F00","stroke-width":1,"name":"FONDO"}},
{"type":"Feature","geometry":{"type":"LineString","coordinates":[[-63.0201,-17.73522],[-63.02018,-17.73524]]},"properties":{"description":"AREA VERDE","styleUrl":"#line3","stroke-opacity":1,"stroke":"#007F00","stroke-width":1,"name":"FONDO"}},
{"type":"Feature","geometry":{"type":"LineString","coordinates":[[-63.02018,-17.73524],[-63.02035,-17.73526]]},"properties":{"description":"AREA VERDE","styleUrl":"#line3","stroke-opacity":1,"stroke":"#007F00","stroke-width":1,"name":"FONDO"}},
{"type":"Feature","geometry":{"type":"LineString","coordinates":[[-63.02035,-17.73526],[-63.0205,-17.73533]]},"properties":{"description":"AREA VERDE","styleUrl":"#line3","stroke-opacity":1,"stroke":"#007F00","stroke-width":1,"name":"FONDO"}},
{"type":"Feature","geometry":{"type":"LineString","coordinates":[[-63.0205,-17.73533],[-63.02056,-17.73538]]},"properties":{"description":"AREA VERDE","styleUrl":"#line3","stroke-opacity":1,"stroke":"#007F00","stroke-width":1,"name":"FONDO"}},
{"type":"Feature","geometry":{"type":"LineString","coordinates":[[-63.02056,-17.73538],[-63.02058,-17.73539]]},"properties":{"description":"AREA VERDE","styleUrl":"#line3","stroke-opacity":1,"stroke":"#007F00","stroke-width":1,"name":"FONDO"}},
{"type":"Feature","geometry":{"type":"LineString","coordinates":[[-63.02058,-17.73539],[-63.02096,-17.73567]]},"properties":{"description":"AREA VERDE","styleUrl":"#line3","stroke-opacity":1,"stroke":"#007F00","stroke-width":1,"name":"FONDO"}},
{"type":"Feature","geometry":{"type":"LineString","coordinates":[[-63.02096,-17.73567],[-63.0215,-17.73576]]},"properties":{"description":"AREA VERDE","styleUrl":"#line3","stroke-opacity":1,"stroke":"#007F00","stroke-width":1,"name":"FONDO"}},
{"type":"Feature","geometry":{"type":"LineString","coordinates":[[-63.0215,-17.73576],[-63.02155,-17.73583]]},"properties":{"description":"AREA VERDE","styleUrl":"#line3","stroke-opacity":1,"stroke":"#007F00","stroke-width":1,"name":"FONDO"}},
{"type":"Feature","geometry":{"type":"LineString","coordinates":[[-63.02155,-17.73583],[-63.02142,-17.73604]]},"properties":{"description":"AREA VERDE","styleUrl":"#line3","stroke-opacity":1,"stroke":"#007F00","stroke-width":1,"name":"FONDO"}},
{"type":"Feature","geometry":{"type":"LineString","coordinates":[[-63.02142,-17.73604],[-63.02114,-17.73649]]},"properties":{"description":"AREA VERDE","styleUrl":"#line3","stroke-opacity":1,"stroke":"#007F00","stroke-width":1,"name":"FONDO"}},
{"type":"Feature","geometry":{"type":"LineString","coordinates":[[-63.02114,-17.73649],[-63.02114,-17.7365],[-63.02113,-17.7365],[-63.02113,-17.73651],[-63.02112,-17.73651],[-63.02112,-17.73652],[-63.02111,-17.73652],[-63.02111,-17.73653],[-63.0211,-17.73653],[-63.02109,-17.73653],[-63.02109,-17.73654],[-63.02108,-17.73654],[-63.02107,-17.73654],[-63.02107,-17.73655],[-63.02106,-17.73655],[-63.02105,-17.73655],[-63.02104,-17.73655],[-63.02103,-17.73655],[-63.02102,-17.73655],[-63.02101,-17.73655],[-63.021,-17.73655],[-63.02099,-17.73655],[-63.02098,-17.73655],[-63.02097,-17.73655],[-63.02097,-17.73654]]},"properties":{"description":"AREA VERDE","styleUrl":"#line3","stroke-opacity":1,"stroke":"#007F00","stroke-width":1,"name":"FONDO"}},
{"type":"Feature","geometry":{"type":"LineString","coordinates":[[-63.02097,-17.73654],[-63.01975,-17.73606]]},"properties":{"description":"AREA VERDE","styleUrl":"#line3","stroke-opacity":1,"stroke":"#007F00","stroke-width":1,"name":"FONDO"}},
{"type":"Feature","geometry":{"type":"LineString","coordinates":[[-63.01975,-17.73606],[-63.01969,-17.73604]]},"properties":{"description":"AREA VERDE","styleUrl":"#line3","stroke-opacity":1,"stroke":"#007F00","stroke-width":1,"name":"FONDO"}},
{"type":"Feature","geometry":{"type":"LineString","coordinates":[[-63.01643,-17.73839],[-63.01657,-17.73772]]},"properties":{"description":"EQUIPAMIENTO","styleUrl":"#line4","stroke-opacity":1,"stroke":"#F4EE51","stroke-width":1,"name":"FONDO"}},
{"type":"Feature","geometry":{"type":"LineString","coordinates":[[-63.01657,-17.73772],[-63.01657,-17.73771],[-63.01658,-17.73771],[-63.01658,-17.7377],[-63.01658,-17.73769],[-63.01659,-17.73769],[-63.01659,-17.73768],[-63.0166,-17.73768],[-63.01661,-17.73768],[-63.01661,-17.73767],[-63.01662,-17.73767],[-63.01663,-17.73767],[-63.01664,-17.73767]]},"properties":{"description":"EQUIPAMIENTO","styleUrl":"#line4","stroke-opacity":1,"stroke":"#F4EE51","stroke-width":1,"name":"FONDO"}},
{"type":"Feature","geometry":{"type":"LineString","coordinates":[[-63.01664,-17.73767],[-63.01754,-17.73779]]},"properties":{"description":"EQUIPAMIENTO","styleUrl":"#line4","stroke-opacity":1,"stroke":"#F4EE51","stroke-width":1,"name":"FONDO"}},
{"type":"Feature","geometry":{"type":"LineString","coordinates":[[-63.01754,-17.73779],[-63.01754,-17.7378],[-63.01755,-17.7378],[-63.01756,-17.7378],[-63.01757,-17.7378],[-63.01757,-17.73781],[-63.01758,-17.73781],[-63.01758,-17.73782],[-63.01759,-17.73783],[-63.01759,-17.73784],[-63.01759,-17.73785],[-63.01759,-17.73786],[-63.01759,-17.73787],[-63.01759,-17.73788],[-63.01759,-17.73789],[-63.01758,-17.73789]]},"properties":{"description":"EQUIPAMIENTO","styleUrl":"#line4","stroke-opacity":1,"stroke":"#F4EE51","stroke-width":1,"name":"FONDO"}},
{"type":"Feature","geometry":{"type":"LineString","coordinates":[[-63.01758,-17.73789],[-63.0171,-17.73866]]},"properties":{"description":"EQUIPAMIENTO","styleUrl":"#line4","stroke-opacity":1,"stroke":"#F4EE51","stroke-width":1,"name":"FONDO"}},
{"type":"Feature","geometry":{"type":"LineString","coordinates":[[-63.0171,-17.73866],[-63.0171,-17.73867],[-63.01709,-17.73867],[-63.01708,-17.73867],[-63.01708,-17.73868],[-63.01707,-17.73868],[-63.01706,-17.73868],[-63.01706,-17.73869],[-63.01705,-17.73869],[-63.01704,-17.73869],[-63.01703,-17.73869],[-63.01703,-17.73868],[-63.01702,-17.73868]]},"properties":{"description":"EQUIPAMIENTO","styleUrl":"#line4","stroke-opacity":1,"stroke":"#F4EE51","stroke-width":1,"name":"FONDO"}},
{"type":"Feature","geometry":{"type":"LineString","coordinates":[[-63.01702,-17.73868],[-63.01647,-17.73846]]},"properties":{"description":"EQUIPAMIENTO","styleUrl":"#line4","stroke-opacity":1,"stroke":"#F4EE51","stroke-width":1,"name":"FONDO"}},
{"type":"Feature","geometry":{"type":"LineString","coordinates":[[-63.01647,-17.73846],[-63.01646,-17.73846],[-63.01646,-17.73845],[-63.01645,-17.73845],[-63.01645,-17.73844],[-63.01644,-17.73844],[-63.01644,-17.73843],[-63.01643,-17.73842],[-63.01643,-17.73841],[-63.01643,-17.7384],[-63.01643,-17.73839]]},"properties":{"description":"EQUIPAMIENTO","styleUrl":"#line4","stroke-opacity":1,"stroke":"#F4EE51","stroke-width":1,"name":"FONDO"}},
{"type":"Feature","geometry":{"type":"LineString","coordinates":[[-63.01439,-17.74134],[-63.01439,-17.74133],[-63.0144,-17.74133],[-63.0144,-17.74132],[-63.01441,-17.74132],[-63.01441,-17.74131],[-63.01442,-17.74131],[-63.01442,-17.7413],[-63.01443,-17.7413],[-63.01444,-17.7413],[-63.01445,-17.7413],[-63.01445,-17.74129],[-63.01446,-17.74129],[-63.01446,-17.7413],[-63.01447,-17.7413]]},"properties":{"description":"EQUIPAMIENTO","styleUrl":"#line4","stroke-opacity":1,"stroke":"#F4EE51","stroke-width":1,"name":"FONDO"}},
{"type":"Feature","geometry":{"type":"LineString","coordinates":[[-63.01447,-17.7413],[-63.01524,-17.74144]]},"properties":{"description":"EQUIPAMIENTO","styleUrl":"#line4","stroke-opacity":1,"stroke":"#F4EE51","stroke-width":1,"name":"FONDO"}},
{"type":"Feature","geometry":{"type":"LineString","coordinates":[[-63.01524,-17.74144],[-63.01525,-17.74144],[-63.01525,-17.74145],[-63.01526,-17.74145],[-63.01527,-17.74145],[-63.01527,-17.74146],[-63.01528,-17.74146],[-63.01528,-17.74147],[-63.01529,-17.74147],[-63.01529,-17.74148],[-63.01529,-17.74149],[-63.0153,-17.74149],[-63.0153,-17.7415],[-63.0153,-17.74151],[-63.0153,-17.74152],[-63.01529,-17.74152],[-63.01529,-17.74153],[-63.01529,-17.74154]]},"properties":{"description":"EQUIPAMIENTO","styleUrl":"#line4","stroke-opacity":1,"stroke":"#F4EE51","stroke-width":1,"name":"FONDO"}},
{"type":"Feature","geometry":{"type":"LineString","coordinates":[[-63.01529,-17.74154],[-63.01491,-17.74214]]},"properties":{"description":"EQUIPAMIENTO","styleUrl":"#line4","stroke-opacity":1,"stroke":"#F4EE51","stroke-width":1,"name":"FONDO"}},
{"type":"Feature","geometry":{"type":"LineString","coordinates":[[-63.01491,-17.74214],[-63.01491,-17.74215],[-63.0149,-17.74215],[-63.0149,-17.74216],[-63.01489,-17.74216],[-63.01488,-17.74216],[-63.01488,-17.74217],[-63.01487,-17.74217],[-63.01486,-17.74217],[-63.01485,-17.74217],[-63.01484,-17.74217],[-63.01483,-17.74217],[-63.01482,-17.74217],[-63.01482,-17.74216]]},"properties":{"description":"EQUIPAMIENTO","styleUrl":"#line4","stroke-opacity":1,"stroke":"#F4EE51","stroke-width":1,"name":"FONDO"}},
{"type":"Feature","geometry":{"type":"LineString","coordinates":[[-63.01482,-17.74216],[-63.01431,-17.74188]]},"properties":{"description":"EQUIPAMIENTO","styleUrl":"#line4","stroke-opacity":1,"stroke":"#F4EE51","stroke-width":1,"name":"FONDO"}},
{"type":"Feature","geometry":{"type":"LineString","coordinates":[[-63.01431,-17.74188],[-63.0143,-17.74188],[-63.0143,-17.74187],[-63.01429,-17.74187],[-63.01429,-17.74186],[-63.01429,-17.74185],[-63.01428,-17.74185],[-63.01428,-17.74184],[-63.01428,-17.74183],[-63.01428,-17.74182]]},"properties":{"description":"EQUIPAMIENTO","styleUrl":"#line4","stroke-opacity":1,"stroke":"#F4EE51","stroke-width":1,"name":"FONDO"}},
{"type":"Feature","geometry":{"type":"LineString","coordinates":[[-63.01428,-17.74182],[-63.01439,-17.74134]]},"properties":{"description":"EQUIPAMIENTO","styleUrl":"#line4","stroke-opacity":1,"stroke":"#F4EE51","stroke-width":1,"name":"FONDO"}},
{"type":"Feature","geometry":{"type":"LineString","coordinates":[[-63.01437,-17.74088],[-63.01433,-17.74109]]},"properties":{"description":"LOTES","styleUrl":"#line5","stroke-opacity":1,"stroke":"#000000","stroke-width":1,"name":"FONDO"}},
{"type":"Feature","geometry":{"type":"LineString","coordinates":[[-63.01425,-17.74114],[-63.01398,-17.74108]]},"properties":{"description":"LOTES","styleUrl":"#line5","stroke-opacity":1,"stroke":"#000000","stroke-width":1,"name":"FONDO"}},
{"type":"Feature","geometry":{"type":"LineString","coordinates":[[-63.01398,-17.74108],[-63.0137,-17.74103]]},"properties":{"description":"LOTES","styleUrl":"#line5","stroke-opacity":1,"stroke":"#000000","stroke-width":1,"name":"FONDO"}},
{"type":"Feature","geometry":{"type":"LineString","coordinates":[[-63.01365,-17.74096],[-63.01381,-17.74016]]},"properties":{"description":"LOTES","styleUrl":"#line5","stroke-opacity":1,"stroke":"#000000","stroke-width":1,"name":"FONDO"}},
{"type":"Feature","geometry":{"type":"LineString","coordinates":[[-63.0133,-17.74095],[-63.01347,-17.74099]]},"properties":{"description":"LOTES","styleUrl":"#line5","stroke-opacity":1,"stroke":"#000000","stroke-width":1,"name":"FONDO"}},
{"type":"Feature","geometry":{"type":"LineString","coordinates":[[-63.01352,-17.74095],[-63.01369,-17.74016]]},"properties":{"description":"LOTES","styleUrl":"#line5","stroke-opacity":1,"stroke":"#000000","stroke-width":1,"name":"FONDO"}},
{"type":"Feature","geometry":{"type":"LineString","coordinates":[[-63.0133,-17.74107],[-63.01342,-17.7411]]},"properties":{"description":"LOTES","styleUrl":"#line5","stroke-opacity":1,"stroke":"#000000","stroke-width":1,"name":"FONDO"}},
{"type":"Feature","geometry":{"type":"LineString","coordinates":[[-63.01452,-17.74016],[-63.01437,-17.74088]]},"properties":{"description":"LOTES","styleUrl":"#line5","stroke-opacity":1,"stroke":"#000000","stroke-width":1,"name":"FONDO"}},
{"type":"Feature","geometry":{"type":"LineString","coordinates":[[-63.01653,-17.7376],[-63.0159,-17.74068]]},"properties":{"description":"LOTES","styleUrl":"#line5","stroke-opacity":1,"stroke":"#000000","stroke-width":1,"name":"FONDO"}},
{"type":"Feature","geometry":{"type":"LineString","coordinates":[[-63.0164,-17.74427],[-63.0174,-17.74452]]},"properties":{"description":"LOTES","styleUrl":"#line5","stroke-opacity":1,"stroke":"#000000","stroke-width":1,"name":"FONDO"}},
{"type":"Feature","geometry":{"type":"LineString","coordinates":[[-63.0163,-17.74132],[-63.01576,-17.74101]]},"properties":{"description":"LOTES","styleUrl":"#line5","stroke-opacity":1,"stroke":"#000000","stroke-width":1,"name":"FONDO"}},
{"type":"Feature","geometry":{"type":"LineString","coordinates":[[-63.01947,-17.73911],[-63.01891,-17.73878]]},"properties":{"description":"LOTES","styleUrl":"#line5","stroke-opacity":1,"stroke":"#000000","stroke-width":1,"name":"FONDO"}},
{"type":"Feature","geometry":{"type":"LineString","coordinates":[[-63.01952,-17.73903],[-63.01895,-17.73871]]},"properties":{"description":"LOTES","styleUrl":"#line5","stroke-opacity":1,"stroke":"#000000","stroke-width":1,"name":"FONDO"}},
{"type":"Feature","geometry":{"type":"LineString","coordinates":[[-63.01957,-17.73896],[-63.019,-17.73863]]},"properties":{"description":"LOTES","styleUrl":"#line5","stroke-opacity":1,"stroke":"#000000","stroke-width":1,"name":"FONDO"}},
{"type":"Feature","geometry":{"type":"LineString","coordinates":[[-63.01962,-17.73888],[-63.01905,-17.73855]]},"properties":{"description":"LOTES","styleUrl":"#line5","stroke-opacity":1,"stroke":"#000000","stroke-width":1,"name":"FONDO"}},
{"type":"Feature","geometry":{"type":"LineString","coordinates":[[-63.01932,-17.73934],[-63.01876,-17.73902]]},"properties":{"description":"LOTES","styleUrl":"#line5","stroke-opacity":1,"stroke":"#000000","stroke-width":1,"name":"FONDO"}},
{"type":"Feature","geometry":{"type":"LineString","coordinates":[[-63.01928,-17.73942],[-63.01871,-17.73909]]},"properties":{"description":"LOTES","styleUrl":"#line5","stroke-opacity":1,"stroke":"#000000","stroke-width":1,"name":"FONDO"}},
{"type":"Feature","geometry":{"type":"LineString","coordinates":[[-63.01923,-17.7395],[-63.01866,-17.73917]]},"properties":{"description":"LOTES","styleUrl":"#line5","stroke-opacity":1,"stroke":"#000000","stroke-width":1,"name":"FONDO"}},
{"type":"Feature","geometry":{"type":"LineString","coordinates":[[-63.01918,-17.73957],[-63.01861,-17.73925]]},"properties":{"description":"LOTES","styleUrl":"#line5","stroke-opacity":1,"stroke":"#000000","stroke-width":1,"name":"FONDO"}},
{"type":"Feature","geometry":{"type":"LineString","coordinates":[[-63.01913,-17.73965],[-63.01856,-17.73932]]},"properties":{"description":"LOTES","styleUrl":"#line5","stroke-opacity":1,"stroke":"#000000","stroke-width":1,"name":"FONDO"}},
{"type":"Feature","geometry":{"type":"LineString","coordinates":[[-63.01908,-17.73973],[-63.01852,-17.7394]]},"properties":{"description":"LOTES","styleUrl":"#line5","stroke-opacity":1,"stroke":"#000000","stroke-width":1,"name":"FONDO"}},
{"type":"Feature","geometry":{"type":"LineString","coordinates":[[-63.01903,-17.7398],[-63.01847,-17.73948]]},"properties":{"description":"LOTES","styleUrl":"#line5","stroke-opacity":1,"stroke":"#000000","stroke-width":1,"name":"FONDO"}},
{"type":"Feature","geometry":{"type":"LineString","coordinates":[[-63.01898,-17.73988],[-63.01842,-17.73956]]},"properties":{"description":"LOTES","styleUrl":"#line5","stroke-opacity":1,"stroke":"#000000","stroke-width":1,"name":"FONDO"}},
{"type":"Feature","geometry":{"type":"LineString","coordinates":[[-63.01893,-17.73996],[-63.01837,-17.73963]]},"properties":{"description":"LOTES","styleUrl":"#line5","stroke-opacity":1,"stroke":"#000000","stroke-width":1,"name":"FONDO"}},
{"type":"Feature","geometry":{"type":"LineString","coordinates":[[-63.01937,-17.73927],[-63.01881,-17.73894]]},"properties":{"description":"LOTES","styleUrl":"#line5","stroke-opacity":1,"stroke":"#000000","stroke-width":1,"name":"FONDO"}},
{"type":"Feature","geometry":{"type":"LineString","coordinates":[[-63.01942,-17.73919],[-63.01886,-17.73886]]},"properties":{"description":"LOTES","styleUrl":"#line5","stroke-opacity":1,"stroke":"#000000","stroke-width":1,"name":"FONDO"}},
{"type":"Feature","geometry":{"type":"LineString","coordinates":[[-63.01516,-17.74312],[-63.01463,-17.74281]]},"properties":{"description":"LOTES","styleUrl":"#line5","stroke-opacity":1,"stroke":"#000000","stroke-width":1,"name":"FONDO"}},
{"type":"Feature","geometry":{"type":"LineString","coordinates":[[-63.01521,-17.74304],[-63.01468,-17.74274]]},"properties":{"description":"LOTES","styleUrl":"#line5","stroke-opacity":1,"stroke":"#000000","stroke-width":1,"name":"FONDO"}},
{"type":"Feature","geometry":{"type":"LineString","coordinates":[[-63.01526,-17.74297],[-63.01473,-17.74266]]},"properties":{"description":"LOTES","styleUrl":"#line5","stroke-opacity":1,"stroke":"#000000","stroke-width":1,"name":"FONDO"}},
{"type":"Feature","geometry":{"type":"LineString","coordinates":[[-63.01531,-17.74289],[-63.01477,-17.74258]]},"properties":{"description":"LOTES","styleUrl":"#line5","stroke-opacity":1,"stroke":"#000000","stroke-width":1,"name":"FONDO"}},
{"type":"Feature","geometry":{"type":"LineString","coordinates":[[-63.01536,-17.74281],[-63.01482,-17.7425]]},"properties":{"description":"LOTES","styleUrl":"#line5","stroke-opacity":1,"stroke":"#000000","stroke-width":1,"name":"FONDO"}},
{"type":"Feature","geometry":{"type":"LineString","coordinates":[[-63.0154,-17.74274],[-63.01487,-17.74243]]},"properties":{"description":"LOTES","styleUrl":"#line5","stroke-opacity":1,"stroke":"#000000","stroke-width":1,"name":"FONDO"}},
{"type":"Feature","geometry":{"type":"LineString","coordinates":[[-63.01545,-17.74266],[-63.01492,-17.74235]]},"properties":{"description":"LOTES","styleUrl":"#line5","stroke-opacity":1,"stroke":"#000000","stroke-width":1,"name":"FONDO"}},
{"type":"Feature","geometry":{"type":"LineString","coordinates":[[-63.0155,-17.74258],[-63.01497,-17.74227]]},"properties":{"description":"LOTES","styleUrl":"#line5","stroke-opacity":1,"stroke":"#000000","stroke-width":1,"name":"FONDO"}},
{"type":"Feature","geometry":{"type":"LineString","coordinates":[[-63.01555,-17.7425],[-63.01502,-17.74219]]},"properties":{"description":"LOTES","styleUrl":"#line5","stroke-opacity":1,"stroke":"#000000","stroke-width":1,"name":"FONDO"}},
{"type":"Feature","geometry":{"type":"LineString","coordinates":[[-63.0156,-17.74243],[-63.01507,-17.74212]]},"properties":{"description":"LOTES","styleUrl":"#line5","stroke-opacity":1,"stroke":"#000000","stroke-width":1,"name":"FONDO"}},
{"type":"Feature","geometry":{"type":"LineString","coordinates":[[-63.01565,-17.74235],[-63.01512,-17.74204]]},"properties":{"description":"LOTES","styleUrl":"#line5","stroke-opacity":1,"stroke":"#000000","stroke-width":1,"name":"FONDO"}},
{"type":"Feature","geometry":{"type":"LineString","coordinates":[[-63.0157,-17.74227],[-63.01516,-17.74196]]},"properties":{"description":"LOTES","styleUrl":"#line5","stroke-opacity":1,"stroke":"#000000","stroke-width":1,"name":"FONDO"}},
{"type":"Feature","geometry":{"type":"LineString","coordinates":[[-63.01575,-17.74219],[-63.01521,-17.74189]]},"properties":{"description":"LOTES","styleUrl":"#line5","stroke-opacity":1,"stroke":"#000000","stroke-width":1,"name":"FONDO"}},
{"type":"Feature","geometry":{"type":"LineString","coordinates":[[-63.01579,-17.74212],[-63.01526,-17.74181]]},"properties":{"description":"LOTES","styleUrl":"#line5","stroke-opacity":1,"stroke":"#000000","stroke-width":1,"name":"FONDO"}},
{"type":"Feature","geometry":{"type":"LineString","coordinates":[[-63.01584,-17.74204],[-63.01531,-17.74173]]},"properties":{"description":"LOTES","styleUrl":"#line5","stroke-opacity":1,"stroke":"#000000","stroke-width":1,"name":"FONDO"}},
{"type":"Feature","geometry":{"type":"LineString","coordinates":[[-63.01497,-17.74343],[-63.01468,-17.74326]]},"properties":{"description":"LOTES","styleUrl":"#line5","stroke-opacity":1,"stroke":"#000000","stroke-width":1,"name":"FONDO"}},
{"type":"Feature","geometry":{"type":"LineString","coordinates":[[-63.01501,-17.74335],[-63.01472,-17.74319]]},"properties":{"description":"LOTES","styleUrl":"#line5","stroke-opacity":1,"stroke":"#000000","stroke-width":1,"name":"FONDO"}},
{"type":"Feature","geometry":{"type":"LineString","coordinates":[[-63.01506,-17.74328],[-63.01453,-17.74297]]},"properties":{"description":"LOTES","styleUrl":"#line5","stroke-opacity":1,"stroke":"#000000","stroke-width":1,"name":"FONDO"}},
{"type":"Feature","geometry":{"type":"LineString","coordinates":[[-63.01511,-17.7432],[-63.01458,-17.74289]]},"properties":{"description":"LOTES","styleUrl":"#line5","stroke-opacity":1,"stroke":"#000000","stroke-width":1,"name":"FONDO"}},
{"type":"Feature","geometry":{"type":"LineString","coordinates":[[-63.01948,-17.7385],[-63.01852,-17.74001]]},"properties":{"description":"LOTES","styleUrl":"#line5","stroke-opacity":1,"stroke":"#000000","stroke-width":1,"name":"FONDO"}},
{"type":"Feature","geometry":{"type":"LineString","coordinates":[[-63.01939,-17.73844],[-63.01924,-17.73866]]},"properties":{"description":"LOTES","styleUrl":"#line5","stroke-opacity":1,"stroke":"#000000","stroke-width":1,"name":"FONDO"}},
{"type":"Feature","geometry":{"type":"LineString","coordinates":[[-63.01958,-17.73855],[-63.01944,-17.73877]]},"properties":{"description":"LOTES","styleUrl":"#line5","stroke-opacity":1,"stroke":"#000000","stroke-width":1,"name":"FONDO"}},
{"type":"Feature","geometry":{"type":"LineString","coordinates":[[-63.01758,-17.74209],[-63.01702,-17.74177]]},"properties":{"description":"LOTES","styleUrl":"#line5","stroke-opacity":1,"stroke":"#000000","stroke-width":1,"name":"FONDO"}},
{"type":"Feature","geometry":{"type":"LineString","coordinates":[[-63.01722,-17.74199],[-63.01698,-17.74185]]},"properties":{"description":"LOTES","styleUrl":"#line5","stroke-opacity":1,"stroke":"#000000","stroke-width":1,"name":"FONDO"}},
{"type":"Feature","geometry":{"type":"LineString","coordinates":[[-63.01763,-17.74202],[-63.01707,-17.74169]]},"properties":{"description":"LOTES","styleUrl":"#line5","stroke-opacity":1,"stroke":"#000000","stroke-width":1,"name":"FONDO"}},
{"type":"Feature","geometry":{"type":"LineString","coordinates":[[-63.01768,-17.74194],[-63.01712,-17.74162]]},"properties":{"description":"LOTES","styleUrl":"#line5","stroke-opacity":1,"stroke":"#000000","stroke-width":1,"name":"FONDO"}},
{"type":"Feature","geometry":{"type":"LineString","coordinates":[[-63.01773,-17.74186],[-63.01717,-17.74154]]},"properties":{"description":"LOTES","styleUrl":"#line5","stroke-opacity":1,"stroke":"#000000","stroke-width":1,"name":"FONDO"}},
{"type":"Feature","geometry":{"type":"LineString","coordinates":[[-63.01778,-17.74178],[-63.01753,-17.74164]]},"properties":{"description":"LOTES","styleUrl":"#line5","stroke-opacity":1,"stroke":"#000000","stroke-width":1,"name":"FONDO"}},
{"type":"Feature","geometry":{"type":"LineString","coordinates":[[-63.01577,-17.74436],[-63.01628,-17.74356]]},"properties":{"description":"LOTES","styleUrl":"#line5","stroke-opacity":1,"stroke":"#000000","stroke-width":1,"name":"FONDO"}},
{"type":"Feature","geometry":{"type":"LineString","coordinates":[[-63.0155,-17.7442],[-63.01605,-17.74452]]},"properties":{"description":"LOTES","styleUrl":"#line5","stroke-opacity":1,"stroke":"#000000","stroke-width":1,"name":"FONDO"}},
{"type":"Feature","geometry":{"type":"LineString","coordinates":[[-63.01555,-17.74412],[-63.0161,-17.74444]]},"properties":{"description":"LOTES","styleUrl":"#line5","stroke-opacity":1,"stroke":"#000000","stroke-width":1,"name":"FONDO"}},
{"type":"Feature","geometry":{"type":"LineString","coordinates":[[-63.01559,-17.74404],[-63.01614,-17.74436]]},"properties":{"description":"LOTES","styleUrl":"#line5","stroke-opacity":1,"stroke":"#000000","stroke-width":1,"name":"FONDO"}},
{"type":"Feature","geometry":{"type":"LineString","coordinates":[[-63.01564,-17.74397],[-63.01619,-17.74429]]},"properties":{"description":"LOTES","styleUrl":"#line5","stroke-opacity":1,"stroke":"#000000","stroke-width":1,"name":"FONDO"}},
{"type":"Feature","geometry":{"type":"LineString","coordinates":[[-63.01569,-17.74389],[-63.01624,-17.74421]]},"properties":{"description":"LOTES","styleUrl":"#line5","stroke-opacity":1,"stroke":"#000000","stroke-width":1,"name":"FONDO"}},
{"type":"Feature","geometry":{"type":"LineString","coordinates":[[-63.01574,-17.74381],[-63.01629,-17.74413]]},"properties":{"description":"LOTES","styleUrl":"#line5","stroke-opacity":1,"stroke":"#000000","stroke-width":1,"name":"FONDO"}},
{"type":"Feature","geometry":{"type":"LineString","coordinates":[[-63.01579,-17.74374],[-63.01634,-17.74405]]},"properties":{"description":"LOTES","styleUrl":"#line5","stroke-opacity":1,"stroke":"#000000","stroke-width":1,"name":"FONDO"}},
{"type":"Feature","geometry":{"type":"LineString","coordinates":[[-63.01584,-17.74366],[-63.01638,-17.74398]]},"properties":{"description":"LOTES","styleUrl":"#line5","stroke-opacity":1,"stroke":"#000000","stroke-width":1,"name":"FONDO"}},
{"type":"Feature","geometry":{"type":"LineString","coordinates":[[-63.01589,-17.74358],[-63.01643,-17.7439]]},"properties":{"description":"LOTES","styleUrl":"#line5","stroke-opacity":1,"stroke":"#000000","stroke-width":1,"name":"FONDO"}},
{"type":"Feature","geometry":{"type":"LineString","coordinates":[[-63.01593,-17.7435],[-63.01648,-17.74382]]},"properties":{"description":"LOTES","styleUrl":"#line5","stroke-opacity":1,"stroke":"#000000","stroke-width":1,"name":"FONDO"}},
{"type":"Feature","geometry":{"type":"LineString","coordinates":[[-63.01616,-17.74353],[-63.01653,-17.74374]]},"properties":{"description":"LOTES","styleUrl":"#line5","stroke-opacity":1,"stroke":"#000000","stroke-width":1,"name":"FONDO"}},
{"type":"Feature","geometry":{"type":"LineString","coordinates":[[-63.01504,-17.74354],[-63.01558,-17.74385]]},"properties":{"description":"LOTES","styleUrl":"#line5","stroke-opacity":1,"stroke":"#000000","stroke-width":1,"name":"FONDO"}},
{"type":"Feature","geometry":{"type":"LineString","coordinates":[[-63.01509,-17.74346],[-63.01562,-17.74377]]},"properties":{"description":"LOTES","styleUrl":"#line5","stroke-opacity":1,"stroke":"#000000","stroke-width":1,"name":"FONDO"}},
{"type":"Feature","geometry":{"type":"LineString","coordinates":[[-63.01514,-17.74338],[-63.01567,-17.74369]]},"properties":{"description":"LOTES","styleUrl":"#line5","stroke-opacity":1,"stroke":"#000000","stroke-width":1,"name":"FONDO"}},
{"type":"Feature","geometry":{"type":"LineString","coordinates":[[-63.01519,-17.74331],[-63.01572,-17.74361]]},"properties":{"description":"LOTES","styleUrl":"#line5","stroke-opacity":1,"stroke":"#000000","stroke-width":1,"name":"FONDO"}},
{"type":"Feature","geometry":{"type":"LineString","coordinates":[[-63.01524,-17.74323],[-63.01577,-17.74354]]},"properties":{"description":"LOTES","styleUrl":"#line5","stroke-opacity":1,"stroke":"#000000","stroke-width":1,"name":"FONDO"}},
{"type":"Feature","geometry":{"type":"LineString","coordinates":[[-63.01529,-17.74315],[-63.01567,-17.74337]]},"properties":{"description":"LOTES","styleUrl":"#line5","stroke-opacity":1,"stroke":"#000000","stroke-width":1,"name":"FONDO"}},
{"type":"Feature","geometry":{"type":"LineString","coordinates":[[-63.01576,-17.74343],[-63.01583,-17.74344]]},"properties":{"description":"LOTES","styleUrl":"#line5","stroke-opacity":1,"stroke":"#000000","stroke-width":1,"name":"FONDO"}},
{"type":"Feature","geometry":{"type":"LineString","coordinates":[[-63.01533,-17.74307],[-63.0157,-17.74328]]},"properties":{"description":"LOTES","styleUrl":"#line5","stroke-opacity":1,"stroke":"#000000","stroke-width":1,"name":"FONDO"}},
{"type":"Feature","geometry":{"type":"LineString","coordinates":[[-63.01538,-17.743],[-63.01573,-17.7432]]},"properties":{"description":"LOTES","styleUrl":"#line5","stroke-opacity":1,"stroke":"#000000","stroke-width":1,"name":"FONDO"}},
{"type":"Feature","geometry":{"type":"LineString","coordinates":[[-63.01543,-17.74292],[-63.01576,-17.74311]]},"properties":{"description":"LOTES","styleUrl":"#line5","stroke-opacity":1,"stroke":"#000000","stroke-width":1,"name":"FONDO"}},
{"type":"Feature","geometry":{"type":"LineString","coordinates":[[-63.01548,-17.74284],[-63.01579,-17.74302]]},"properties":{"description":"LOTES","styleUrl":"#line5","stroke-opacity":1,"stroke":"#000000","stroke-width":1,"name":"FONDO"}},
{"type":"Feature","geometry":{"type":"LineString","coordinates":[[-63.01553,-17.74276],[-63.01582,-17.74293]]},"properties":{"description":"LOTES","styleUrl":"#line5","stroke-opacity":1,"stroke":"#000000","stroke-width":1,"name":"FONDO"}},
{"type":"Feature","geometry":{"type":"LineString","coordinates":[[-63.01558,-17.74269],[-63.01585,-17.74285]]},"properties":{"description":"LOTES","styleUrl":"#line5","stroke-opacity":1,"stroke":"#000000","stroke-width":1,"name":"FONDO"}},
{"type":"Feature","geometry":{"type":"LineString","coordinates":[[-63.01563,-17.74261],[-63.01588,-17.74276]]},"properties":{"description":"LOTES","styleUrl":"#line5","stroke-opacity":1,"stroke":"#000000","stroke-width":1,"name":"FONDO"}},
{"type":"Feature","geometry":{"type":"LineString","coordinates":[[-63.01568,-17.74253],[-63.01591,-17.74267]]},"properties":{"description":"LOTES","styleUrl":"#line5","stroke-opacity":1,"stroke":"#000000","stroke-width":1,"name":"FONDO"}},
{"type":"Feature","geometry":{"type":"LineString","coordinates":[[-63.01572,-17.74246],[-63.01594,-17.74258]]},"properties":{"description":"LOTES","styleUrl":"#line5","stroke-opacity":1,"stroke":"#000000","stroke-width":1,"name":"FONDO"}},
{"type":"Feature","geometry":{"type":"LineString","coordinates":[[-63.01577,-17.74238],[-63.01598,-17.74249]]},"properties":{"description":"LOTES","styleUrl":"#line5","stroke-opacity":1,"stroke":"#000000","stroke-width":1,"name":"FONDO"}},
{"type":"Feature","geometry":{"type":"LineString","coordinates":[[-63.01582,-17.7423],[-63.01601,-17.74241]]},"properties":{"description":"LOTES","styleUrl":"#line5","stroke-opacity":1,"stroke":"#000000","stroke-width":1,"name":"FONDO"}},
{"type":"Feature","geometry":{"type":"LineString","coordinates":[[-63.01587,-17.74222],[-63.01604,-17.74232]]},"properties":{"description":"LOTES","styleUrl":"#line5","stroke-opacity":1,"stroke":"#000000","stroke-width":1,"name":"FONDO"}},
{"type":"Feature","geometry":{"type":"LineString","coordinates":[[-63.01592,-17.74215],[-63.01607,-17.74223]]},"properties":{"description":"LOTES","styleUrl":"#line5","stroke-opacity":1,"stroke":"#000000","stroke-width":1,"name":"FONDO"}},
{"type":"Feature","geometry":{"type":"LineString","coordinates":[[-63.01348,-17.74117],[-63.0133,-17.74203]]},"properties":{"description":"LOTES","styleUrl":"#line5","stroke-opacity":1,"stroke":"#000000","stroke-width":1,"name":"FONDO"}},
{"type":"Feature","geometry":{"type":"LineString","coordinates":[[-63.0151,-17.7448],[-63.01478,-17.74499]]},"properties":{"description":"LOTES","styleUrl":"#line5","stroke-opacity":1,"stroke":"#000000","stroke-width":1,"name":"FONDO"}},
{"type":"Feature","geometry":{"type":"LineString","coordinates":[[-63.01516,-17.74489],[-63.01484,-17.74508]]},"properties":{"description":"LOTES","styleUrl":"#line5","stroke-opacity":1,"stroke":"#000000","stroke-width":1,"name":"FONDO"}},
{"type":"Feature","geometry":{"type":"LineString","coordinates":[[-63.01522,-17.74498],[-63.0149,-17.74518]]},"properties":{"description":"LOTES","styleUrl":"#line5","stroke-opacity":1,"stroke":"#000000","stroke-width":1,"name":"FONDO"}},
{"type":"Feature","geometry":{"type":"LineString","coordinates":[[-63.01527,-17.74508],[-63.01495,-17.74527]]},"properties":{"description":"LOTES","styleUrl":"#line5","stroke-opacity":1,"stroke":"#000000","stroke-width":1,"name":"FONDO"}},
{"type":"Feature","geometry":{"type":"LineString","coordinates":[[-63.01533,-17.74517],[-63.01501,-17.74537]]},"properties":{"description":"LOTES","styleUrl":"#line5","stroke-opacity":1,"stroke":"#000000","stroke-width":1,"name":"FONDO"}},
{"type":"Feature","geometry":{"type":"LineString","coordinates":[[-63.01539,-17.74526],[-63.01506,-17.74546]]},"properties":{"description":"LOTES","styleUrl":"#line5","stroke-opacity":1,"stroke":"#000000","stroke-width":1,"name":"FONDO"}},
{"type":"Feature","geometry":{"type":"LineString","coordinates":[[-63.01504,-17.74471],[-63.01472,-17.7449]]},"properties":{"description":"LOTES","styleUrl":"#line5","stroke-opacity":1,"stroke":"#000000","stroke-width":1,"name":"FONDO"}},
{"type":"Feature","geometry":{"type":"LineString","coordinates":[[-63.01498,-17.74462],[-63.01465,-17.74481]]},"properties":{"description":"LOTES","styleUrl":"#line5","stroke-opacity":1,"stroke":"#000000","stroke-width":1,"name":"FONDO"}},
{"type":"Feature","geometry":{"type":"LineString","coordinates":[[-63.01491,-17.74453],[-63.01459,-17.74472]]},"properties":{"description":"LOTES","styleUrl":"#line5","stroke-opacity":1,"stroke":"#000000","stroke-width":1,"name":"FONDO"}},
{"type":"Feature","geometry":{"type":"LineString","coordinates":[[-63.01514,-17.74426],[-63.01452,-17.74463]]},"properties":{"description":"LOTES","styleUrl":"#line5","stroke-opacity":1,"stroke":"#000000","stroke-width":1,"name":"FONDO"}},
{"type":"Feature","geometry":{"type":"LineString","coordinates":[[-63.01509,-17.74418],[-63.01479,-17.74436]]},"properties":{"description":"LOTES","styleUrl":"#line5","stroke-opacity":1,"stroke":"#000000","stroke-width":1,"name":"FONDO"}},
{"type":"Feature","geometry":{"type":"LineString","coordinates":[[-63.01498,-17.74404],[-63.01468,-17.74422]]},"properties":{"description":"LOTES","styleUrl":"#line5","stroke-opacity":1,"stroke":"#000000","stroke-width":1,"name":"FONDO"}},
{"type":"Feature","geometry":{"type":"LineString","coordinates":[[-63.01445,-17.74394],[-63.01416,-17.74418]]},"properties":{"description":"LOTES","styleUrl":"#line5","stroke-opacity":1,"stroke":"#000000","stroke-width":1,"name":"FONDO"}},
{"type":"Feature","geometry":{"type":"LineString","coordinates":[[-63.01465,-17.74364],[-63.01408,-17.74409]]},"properties":{"description":"LOTES","styleUrl":"#line5","stroke-opacity":1,"stroke":"#000000","stroke-width":1,"name":"FONDO"}},
{"type":"Feature","geometry":{"type":"LineString","coordinates":[[-63.0143,-17.74378],[-63.01401,-17.74401]]},"properties":{"description":"LOTES","styleUrl":"#line5","stroke-opacity":1,"stroke":"#000000","stroke-width":1,"name":"FONDO"}},
{"type":"Feature","geometry":{"type":"LineString","coordinates":[[-63.01423,-17.7437],[-63.01393,-17.74393]]},"properties":{"description":"LOTES","styleUrl":"#line5","stroke-opacity":1,"stroke":"#000000","stroke-width":1,"name":"FONDO"}},
{"type":"Feature","geometry":{"type":"LineString","coordinates":[[-63.01415,-17.74362],[-63.01386,-17.74385]]},"properties":{"description":"LOTES","styleUrl":"#line5","stroke-opacity":1,"stroke":"#000000","stroke-width":1,"name":"FONDO"}},
{"type":"Feature","geometry":{"type":"LineString","coordinates":[[-63.01407,-17.74354],[-63.01378,-17.74377]]},"properties":{"description":"LOTES","styleUrl":"#line5","stroke-opacity":1,"stroke":"#000000","stroke-width":1,"name":"FONDO"}},
{"type":"Feature","geometry":{"type":"LineString","coordinates":[[-63.01399,-17.74346],[-63.01381,-17.7436]]},"properties":{"description":"LOTES","styleUrl":"#line5","stroke-opacity":1,"stroke":"#000000","stroke-width":1,"name":"FONDO"}},
{"type":"Feature","geometry":{"type":"LineString","coordinates":[[-63.0141,-17.74309],[-63.01389,-17.74326]]},"properties":{"description":"LOTES","styleUrl":"#line5","stroke-opacity":1,"stroke":"#000000","stroke-width":1,"name":"FONDO"}},
{"type":"Feature","geometry":{"type":"LineString","coordinates":[[-63.01402,-17.74301],[-63.01393,-17.74308]]},"properties":{"description":"LOTES","styleUrl":"#line5","stroke-opacity":1,"stroke":"#000000","stroke-width":1,"name":"FONDO"}},
{"type":"Feature","geometry":{"type":"LineString","coordinates":[[-63.0175,-17.74163],[-63.01731,-17.74194]]},"properties":{"description":"LOTES","styleUrl":"#line5","stroke-opacity":1,"stroke":"#000000","stroke-width":1,"name":"FONDO"}},
{"type":"Feature","geometry":{"type":"LineString","coordinates":[[-63.01736,-17.74197],[-63.01725,-17.74215]]},"properties":{"description":"LOTES","styleUrl":"#line5","stroke-opacity":1,"stroke":"#000000","stroke-width":1,"name":"FONDO"}},
{"type":"Feature","geometry":{"type":"LineString","coordinates":[[-63.01727,-17.74191],[-63.01714,-17.74212]]},"properties":{"description":"LOTES","styleUrl":"#line5","stroke-opacity":1,"stroke":"#000000","stroke-width":1,"name":"FONDO"}},
{"type":"Feature","geometry":{"type":"LineString","coordinates":[[-63.01817,-17.73973],[-63.01763,-17.73942]]},"properties":{"description":"LOTES","styleUrl":"#line5","stroke-opacity":1,"stroke":"#000000","stroke-width":1,"name":"FONDO"}},
{"type":"Feature","geometry":{"type":"LineString","coordinates":[[-63.01525,-17.74132],[-63.01537,-17.74065]]},"properties":{"description":"LOTES","styleUrl":"#line5","stroke-opacity":1,"stroke":"#000000","stroke-width":1,"name":"FONDO"}},
{"type":"Feature","geometry":{"type":"LineString","coordinates":[[-63.01542,-17.74091],[-63.01547,-17.74067]]},"properties":{"description":"LOTES","styleUrl":"#line5","stroke-opacity":1,"stroke":"#000000","stroke-width":1,"name":"FONDO"}},
{"type":"Feature","geometry":{"type":"LineString","coordinates":[[-63.01551,-17.74093],[-63.01556,-17.74068]]},"properties":{"description":"LOTES","styleUrl":"#line5","stroke-opacity":1,"stroke":"#000000","stroke-width":1,"name":"FONDO"}},
{"type":"Feature","geometry":{"type":"LineString","coordinates":[[-63.01516,-17.74131],[-63.01528,-17.74063]]},"properties":{"description":"LOTES","styleUrl":"#line5","stroke-opacity":1,"stroke":"#000000","stroke-width":1,"name":"FONDO"}},
{"type":"Feature","geometry":{"type":"LineString","coordinates":[[-63.01506,-17.74129],[-63.01519,-17.74062]]},"properties":{"description":"LOTES","styleUrl":"#line5","stroke-opacity":1,"stroke":"#000000","stroke-width":1,"name":"FONDO"}},
{"type":"Feature","geometry":{"type":"LineString","coordinates":[[-63.01497,-17.74127],[-63.0151,-17.7406]]},"properties":{"description":"LOTES","styleUrl":"#line5","stroke-opacity":1,"stroke":"#000000","stroke-width":1,"name":"FONDO"}},
{"type":"Feature","geometry":{"type":"LineString","coordinates":[[-63.01488,-17.74125],[-63.015,-17.74059]]},"properties":{"description":"LOTES","styleUrl":"#line5","stroke-opacity":1,"stroke":"#000000","stroke-width":1,"name":"FONDO"}},
{"type":"Feature","geometry":{"type":"LineString","coordinates":[[-63.01479,-17.74124],[-63.01491,-17.74057]]},"properties":{"description":"LOTES","styleUrl":"#line5","stroke-opacity":1,"stroke":"#000000","stroke-width":1,"name":"FONDO"}},
{"type":"Feature","geometry":{"type":"LineString","coordinates":[[-63.01469,-17.74122],[-63.01482,-17.74055]]},"properties":{"description":"LOTES","styleUrl":"#line5","stroke-opacity":1,"stroke":"#000000","stroke-width":1,"name":"FONDO"}},
{"type":"Feature","geometry":{"type":"LineString","coordinates":[[-63.0146,-17.7412],[-63.01465,-17.74096]]},"properties":{"description":"LOTES","styleUrl":"#line5","stroke-opacity":1,"stroke":"#000000","stroke-width":1,"name":"FONDO"}},
{"type":"Feature","geometry":{"type":"LineString","coordinates":[[-63.01468,-17.74078],[-63.01472,-17.74054]]},"properties":{"description":"LOTES","styleUrl":"#line5","stroke-opacity":1,"stroke":"#000000","stroke-width":1,"name":"FONDO"}},
{"type":"Feature","geometry":{"type":"LineString","coordinates":[[-63.01451,-17.74084],[-63.0156,-17.74104]]},"properties":{"description":"LOTES","styleUrl":"#line5","stroke-opacity":1,"stroke":"#000000","stroke-width":1,"name":"FONDO"}},
{"type":"Feature","geometry":{"type":"LineString","coordinates":[[-63.01449,-17.74093],[-63.01474,-17.74098]]},"properties":{"description":"LOTES","styleUrl":"#line5","stroke-opacity":1,"stroke":"#000000","stroke-width":1,"name":"FONDO"}},
{"type":"Feature","geometry":{"type":"LineString","coordinates":[[-63.01529,-17.74108],[-63.01555,-17.74112]]},"properties":{"description":"LOTES","styleUrl":"#line5","stroke-opacity":1,"stroke":"#000000","stroke-width":1,"name":"FONDO"}},
{"type":"Feature","geometry":{"type":"LineString","coordinates":[[-63.01453,-17.74075],[-63.01477,-17.7408]]},"properties":{"description":"LOTES","styleUrl":"#line5","stroke-opacity":1,"stroke":"#000000","stroke-width":1,"name":"FONDO"}},
{"type":"Feature","geometry":{"type":"LineString","coordinates":[[-63.01533,-17.7409],[-63.01565,-17.74096]]},"properties":{"description":"LOTES","styleUrl":"#line5","stroke-opacity":1,"stroke":"#000000","stroke-width":1,"name":"FONDO"}},
{"type":"Feature","geometry":{"type":"LineString","coordinates":[[-63.01875,-17.73985],[-63.01862,-17.74006]]},"properties":{"description":"LOTES","styleUrl":"#line5","stroke-opacity":1,"stroke":"#000000","stroke-width":1,"name":"FONDO"}},
{"type":"Feature","geometry":{"type":"LineString","coordinates":[[-63.01856,-17.73974],[-63.01841,-17.73997]]},"properties":{"description":"LOTES","styleUrl":"#line5","stroke-opacity":1,"stroke":"#000000","stroke-width":1,"name":"FONDO"}},
{"type":"Feature","geometry":{"type":"LineString","coordinates":[[-63.01451,-17.74277],[-63.01412,-17.74255]]},"properties":{"description":"LOTES","styleUrl":"#line5","stroke-opacity":1,"stroke":"#000000","stroke-width":1,"name":"FONDO"}},
{"type":"Feature","geometry":{"type":"LineString","coordinates":[[-63.01457,-17.74268],[-63.01414,-17.74243]]},"properties":{"description":"LOTES","styleUrl":"#line5","stroke-opacity":1,"stroke":"#000000","stroke-width":1,"name":"FONDO"}},
{"type":"Feature","geometry":{"type":"LineString","coordinates":[[-63.01462,-17.7426],[-63.01417,-17.74233]]},"properties":{"description":"LOTES","styleUrl":"#line5","stroke-opacity":1,"stroke":"#000000","stroke-width":1,"name":"FONDO"}},
{"type":"Feature","geometry":{"type":"LineString","coordinates":[[-63.01467,-17.74252],[-63.01419,-17.74223]]},"properties":{"description":"LOTES","styleUrl":"#line5","stroke-opacity":1,"stroke":"#000000","stroke-width":1,"name":"FONDO"}},
{"type":"Feature","geometry":{"type":"LineString","coordinates":[[-63.01445,-17.74288],[-63.01409,-17.74267]]},"properties":{"description":"LOTES","styleUrl":"#line5","stroke-opacity":1,"stroke":"#000000","stroke-width":1,"name":"FONDO"}},
{"type":"Feature","geometry":{"type":"LineString","coordinates":[[-63.0144,-17.74247],[-63.01435,-17.74255]]},"properties":{"description":"LOTES","styleUrl":"#line5","stroke-opacity":1,"stroke":"#000000","stroke-width":1,"name":"FONDO"}},
{"type":"Feature","geometry":{"type":"LineString","coordinates":[[-63.01432,-17.74267],[-63.01426,-17.74277]]},"properties":{"description":"LOTES","styleUrl":"#line5","stroke-opacity":1,"stroke":"#000000","stroke-width":1,"name":"FONDO"}},
{"type":"Feature","geometry":{"type":"LineString","coordinates":[[-63.01429,-17.74278],[-63.01418,-17.74296]]},"properties":{"description":"LOTES","styleUrl":"#line5","stroke-opacity":1,"stroke":"#000000","stroke-width":1,"name":"FONDO"}},
{"type":"Feature","geometry":{"type":"LineString","coordinates":[[-63.01436,-17.74256],[-63.0143,-17.74266]]},"properties":{"description":"LOTES","styleUrl":"#line5","stroke-opacity":1,"stroke":"#000000","stroke-width":1,"name":"FONDO"}},
{"type":"Feature","geometry":{"type":"LineString","coordinates":[[-63.01466,-17.74221],[-63.01452,-17.74243]]},"properties":{"description":"LOTES","styleUrl":"#line5","stroke-opacity":1,"stroke":"#000000","stroke-width":1,"name":"FONDO"}},
{"type":"Feature","geometry":{"type":"LineString","coordinates":[[-63.01442,-17.74237],[-63.01456,-17.74215]]},"properties":{"description":"LOTES","styleUrl":"#line5","stroke-opacity":1,"stroke":"#000000","stroke-width":1,"name":"FONDO"}},
{"type":"Feature","geometry":{"type":"LineString","coordinates":[[-63.01432,-17.74231],[-63.01445,-17.7421]]},"properties":{"description":"LOTES","styleUrl":"#line5","stroke-opacity":1,"stroke":"#000000","stroke-width":1,"name":"FONDO"}},
{"type":"Feature","geometry":{"type":"LineString","coordinates":[[-63.01444,-17.74238],[-63.01439,-17.74246]]},"properties":{"description":"LOTES","styleUrl":"#line5","stroke-opacity":1,"stroke":"#000000","stroke-width":1,"name":"FONDO"}},
{"type":"Feature","geometry":{"type":"LineString","coordinates":[[-63.0149,-17.74451],[-63.0152,-17.74433]]},"properties":{"description":"LOTES","styleUrl":"#line5","stroke-opacity":1,"stroke":"#000000","stroke-width":1,"name":"FONDO"}},
{"type":"Feature","geometry":{"type":"LineString","coordinates":[[-63.01549,-17.74545],[-63.01533,-17.74517]]},"properties":{"description":"LOTES","styleUrl":"#line5","stroke-opacity":1,"stroke":"#000000","stroke-width":1,"name":"FONDO"}},
{"type":"Feature","geometry":{"type":"LineString","coordinates":[[-63.01533,-17.74517],[-63.01516,-17.74489]]},"properties":{"description":"LOTES","styleUrl":"#line5","stroke-opacity":1,"stroke":"#000000","stroke-width":1,"name":"FONDO"}},
{"type":"Feature","geometry":{"type":"LineString","coordinates":[[-63.01516,-17.74489],[-63.01498,-17.74462]]},"properties":{"description":"LOTES","styleUrl":"#line5","stroke-opacity":1,"stroke":"#000000","stroke-width":1,"name":"FONDO"}},
{"type":"Feature","geometry":{"type":"LineString","coordinates":[[-63.01498,-17.74462],[-63.01485,-17.74444]]},"properties":{"description":"LOTES","styleUrl":"#line5","stroke-opacity":1,"stroke":"#000000","stroke-width":1,"name":"FONDO"}},
{"type":"Feature","geometry":{"type":"LineString","coordinates":[[-63.01485,-17.74444],[-63.01464,-17.74417]]},"properties":{"description":"LOTES","styleUrl":"#line5","stroke-opacity":1,"stroke":"#000000","stroke-width":1,"name":"FONDO"}},
{"type":"Feature","geometry":{"type":"LineString","coordinates":[[-63.01475,-17.7445],[-63.01458,-17.74427]]},"properties":{"description":"LOTES","styleUrl":"#line5","stroke-opacity":1,"stroke":"#000000","stroke-width":1,"name":"FONDO"}},
{"type":"Feature","geometry":{"type":"LineString","coordinates":[[-63.01462,-17.74399],[-63.01445,-17.7438]]},"properties":{"description":"LOTES","styleUrl":"#line5","stroke-opacity":1,"stroke":"#000000","stroke-width":1,"name":"FONDO"}},
{"type":"Feature","geometry":{"type":"LineString","coordinates":[[-63.01456,-17.74407],[-63.01438,-17.74386]]},"properties":{"description":"LOTES","styleUrl":"#line5","stroke-opacity":1,"stroke":"#000000","stroke-width":1,"name":"FONDO"}},
{"type":"Feature","geometry":{"type":"LineString","coordinates":[[-63.01438,-17.74386],[-63.01423,-17.7437]]},"properties":{"description":"LOTES","styleUrl":"#line5","stroke-opacity":1,"stroke":"#000000","stroke-width":1,"name":"FONDO"}},
{"type":"Feature","geometry":{"type":"LineString","coordinates":[[-63.01423,-17.7437],[-63.01407,-17.74354]]},"properties":{"description":"LOTES","styleUrl":"#line5","stroke-opacity":1,"stroke":"#000000","stroke-width":1,"name":"FONDO"}},
{"type":"Feature","geometry":{"type":"LineString","coordinates":[[-63.01407,-17.74354],[-63.01387,-17.74334]]},"properties":{"description":"LOTES","styleUrl":"#line5","stroke-opacity":1,"stroke":"#000000","stroke-width":1,"name":"FONDO"}},
{"type":"Feature","geometry":{"type":"LineString","coordinates":[[-63.01396,-17.74295],[-63.01369,-17.74277],[-63.01368,-17.74276],[-63.01367,-17.74276],[-63.01366,-17.74276],[-63.01365,-17.74276],[-63.01364,-17.74276],[-63.01364,-17.74277],[-63.01363,-17.74277],[-63.01363,-17.74278],[-63.01362,-17.74278],[-63.01362,-17.74279],[-63.01345,-17.74347],[-63.01345,-17.74348],[-63.01345,-17.74349],[-63.01344,-17.74349],[-63.01345,-17.7435],[-63.01345,-17.74351],[-63.01345,-17.74352],[-63.01345,-17.74353],[-63.01346,-17.74354],[-63.01346,-17.74355],[-63.01347,-17.74355],[-63.01347,-17.74356],[-63.01348,-17.74356],[-63.01348,-17.74357],[-63.01377,-17.74377]]},"properties":{"description":"LOTES","styleUrl":"#line5","stroke-opacity":1,"stroke":"#000000","stroke-width":1,"name":"FONDO"}},
{"type":"Feature","geometry":{"type":"LineString","coordinates":[[-63.0133,-17.74341],[-63.01335,-17.74335],[-63.01336,-17.74334],[-63.01337,-17.74334],[-63.01337,-17.74333],[-63.01338,-17.74333],[-63.01338,-17.74332],[-63.01339,-17.74332],[-63.01339,-17.74331],[-63.0134,-17.74331],[-63.0134,-17.7433],[-63.01341,-17.7433],[-63.01341,-17.74329],[-63.01342,-17.74329],[-63.01342,-17.74328],[-63.01343,-17.74328],[-63.01343,-17.74327],[-63.01344,-17.74326],[-63.01345,-17.74325],[-63.01345,-17.74324],[-63.01346,-17.74324],[-63.01346,-17.74323],[-63.01347,-17.74322],[-63.01347,-17.74321],[-63.01348,-17.74321],[-63.01348,-17.7432],[-63.01349,-17.74319],[-63.01349,-17.74318],[-63.0135,-17.74318],[-63.0135,-17.74317],[-63.0135,-17.74316],[-63.01351,-17.74316],[-63.01351,-17.74315],[-63.01351,-17.74314],[-63.01352,-17.74313],[-63.01352,-17.74312],[-63.01352,-17.74311],[-63.01353,-17.74311],[-63.01353,-17.7431],[-63.01353,-17.74309],[-63.01354,-17.74308],[-63.01354,-17.74307],[-63.01354,-17.74306],[-63.01354,-17.74305],[-63.01355,-17.74304],[-63.01355,-17.74303],[-63.01355,-17.74302],[-63.01355,-17.74301],[-63.01355,-17.743],[-63.01355,-17.74299],[-63.01356,-17.74299],[-63.01356,-17.74298],[-63.01356,-17.74297],[-63.01356,-17.74296],[-63.01356,-17.74295],[-63.01356,-17.74294],[-63.01356,-17.74293],[-63.01356,-17.74292],[-63.01356,-17.74291],[-63.01356,-17.7429],[-63.01356,-17.74289],[-63.01356,-17.74288],[-63.01356,-17.74287],[-63.01356,-17.74286],[-63.01355,-17.74285],[-63.01355,-17.74284],[-63.01355,-17.74283],[-63.01355,-17.74282],[-63.01355,-17.74281],[-63.01355,-17.7428],[-63.01354,-17.7428],[-63.01354,-17.74279],[-63.01354,-17.74278],[-63.01354,-17.74277],[-63.01353,-17.74276],[-63.01353,-17.74275],[-63.01353,-17.74274],[-63.01352,-17.74274],[-63.01352,-17.74273],[-63.01352,-17.74272],[-63.01352,-17.74271],[-63.01351,-17.74271],[-63.01349,-17.74266],[-63.0133,-17.74255]]},"properties":{"description":"LOTES","styleUrl":"#line5","stroke-opacity":1,"stroke":"#000000","stroke-width":1,"name":"FONDO"}},
{"type":"Feature","geometry":{"type":"LineString","coordinates":[[-63.01369,-17.74016],[-63.01369,-17.74017],[-63.0137,-17.74017],[-63.0137,-17.74018],[-63.01371,-17.74019],[-63.01371,-17.7402],[-63.01372,-17.7402],[-63.01372,-17.74021],[-63.01372,-17.74022],[-63.01373,-17.74022],[-63.01373,-17.74023],[-63.01373,-17.74024],[-63.01374,-17.74024],[-63.01374,-17.74025],[-63.01374,-17.74026],[-63.01375,-17.74027],[-63.01375,-17.74028],[-63.01375,-17.74029],[-63.01376,-17.74029],[-63.01376,-17.7403],[-63.01376,-17.74031],[-63.01376,-17.74032],[-63.01377,-17.74032],[-63.01377,-17.74033],[-63.01377,-17.74034],[-63.01377,-17.74035],[-63.01377,-17.74036],[-63.01378,-17.74036],[-63.01378,-17.74037],[-63.01378,-17.74038],[-63.01378,-17.74039],[-63.01378,-17.7404],[-63.01378,-17.74041],[-63.01378,-17.74042],[-63.01378,-17.74043],[-63.01379,-17.74043],[-63.01379,-17.74044],[-63.01379,-17.74045],[-63.01379,-17.74046],[-63.01379,-17.74047],[-63.01379,-17.74048],[-63.01379,-17.74049],[-63.01379,-17.7405],[-63.01379,-17.74051],[-63.01379,-17.74052],[-63.01378,-17.74053],[-63.01378,-17.74054],[-63.01378,-17.74055],[-63.01378,-17.74056],[-63.01378,-17.74057],[-63.01378,-17.74058],[-63.01378,-17.74059],[-63.01377,-17.74059],[-63.01377,-17.7406],[-63.01377,-17.74061],[-63.01377,-17.74062],[-63.01376,-17.74063],[-63.01376,-17.74064],[-63.01376,-17.74065],[-63.01376,-17.74066],[-63.01375,-17.74066],[-63.01375,-17.74067],[-63.01375,-17.74068],[-63.01374,-17.74069],[-63.01374,-17.7407],[-63.01373,-17.74071],[-63.01373,-17.74072],[-63.01373,-17.74073],[-63.01372,-17.74073],[-63.01372,-17.74074],[-63.01372,-17.74075],[-63.01371,-17.74075],[-63.01371,-17.74076],[-63.0137,-17.74077],[-63.0137,-17.74078],[-63.01369,-17.74078],[-63.01369,-17.74079],[-63.01368,-17.7408],[-63.01367,-17.74081],[-63.01367,-17.74082],[-63.01366,-17.74082],[-63.01366,-17.74083],[-63.01365,-17.74084],[-63.01364,-17.74085],[-63.01364,-17.74086],[-63.01363,-17.74086],[-63.01363,-17.74087],[-63.01362,-17.74087],[-63.01361,-17.74088],[-63.0136,-17.74089],[-63.01359,-17.7409],[-63.01358,-17.7409],[-63.01358,-17.74091],[-63.01357,-17.74091],[-63.01357,-17.74092],[-63.01356,-17.74092],[-63.01356,-17.74093],[-63.01355,-17.74093],[-63.01354,-17.74094],[-63.01353,-17.74094],[-63.01353,-17.74095],[-63.01352,-17.74095],[-63.01347,-17.74099],[-63.0133,-17.74095]]},"properties":{"description":"LOTES","styleUrl":"#line5","stroke-opacity":1,"stroke":"#000000","stroke-width":1,"name":"FONDO"}},
{"type":"Feature","geometry":{"type":"LineString","coordinates":[[-63.0217,-17.73599],[-63.02161,-17.73615],[-63.02099,-17.73713],[-63.01898,-17.74027],[-63.01801,-17.74181],[-63.01769,-17.74232],[-63.01681,-17.7437],[-63.01644,-17.74429],[-63.01537,-17.74606]]},"properties":{"description":"LOTES","styleUrl":"#line5","stroke-opacity":1,"stroke":"#000000","stroke-width":1,"name":"FONDO"}},
{"type":"Feature","geometry":{"type":"LineString","coordinates":[[-63.02173,-17.73601],[-63.02163,-17.73616],[-63.02102,-17.73715],[-63.01901,-17.74029],[-63.01804,-17.74183],[-63.01772,-17.74233],[-63.01684,-17.74372],[-63.01646,-17.7443],[-63.01538,-17.74609]]},"properties":{"description":"LOTES","styleUrl":"#line5","stroke-opacity":1,"stroke":"#000000","stroke-width":1,"name":"FONDO"}},
{"type":"Feature","geometry":{"type":"LineString","coordinates":[[-63.02163,-17.73593],[-63.02152,-17.7361],[-63.02091,-17.73708],[-63.0189,-17.74023],[-63.01793,-17.74177],[-63.01761,-17.74227],[-63.01673,-17.74366],[-63.01636,-17.74424],[-63.01532,-17.74596]]},"properties":{"description":"LOTES","styleUrl":"#line5","stroke-opacity":1,"stroke":"#000000","stroke-width":1,"name":"FONDO"}},
{"type":"Feature","geometry":{"type":"LineString","coordinates":[[-63.02161,-17.73591],[-63.0215,-17.73609],[-63.02089,-17.73707],[-63.01888,-17.74021],[-63.01791,-17.74175],[-63.01759,-17.74226],[-63.01671,-17.74364],[-63.01633,-17.74423],[-63.01531,-17.74593]]},"properties":{"description":"LOTES","styleUrl":"#line5","stroke-opacity":1,"stroke":"#000000","stroke-width":1,"name":"FONDO"}},
{"type":"Feature","geometry":{"type":"LineString","coordinates":[[-63.01468,-17.74305],[-63.01452,-17.74329]]},"properties":{"description":"LOTES","styleUrl":"#line5","stroke-opacity":1,"stroke":"#000000","stroke-width":1,"name":"FONDO"}},
{"type":"Feature","geometry":{"type":"LineString","coordinates":[[-63.0133,-17.74107],[-63.01331,-17.74107],[-63.01332,-17.74107],[-63.01332,-17.74106],[-63.01333,-17.74106],[-63.01334,-17.74106],[-63.01335,-17.74106],[-63.01336,-17.74106],[-63.01337,-17.74106],[-63.01338,-17.74106],[-63.01338,-17.74107],[-63.01339,-17.74107],[-63.0134,-17.74107],[-63.0134,-17.74108],[-63.01341,-17.74108],[-63.01341,-17.74109],[-63.01342,-17.74109],[-63.01342,-17.7411],[-63.01348,-17.74117],[-63.0133,-17.74203]]},"properties":{"description":"LOTES","styleUrl":"#line5","stroke-opacity":1,"stroke":"#000000","stroke-width":1,"name":"FONDO"}},
{"type":"Feature","geometry":{"type":"LineString","coordinates":[[-63.01397,-17.74293],[-63.0137,-17.74274],[-63.01369,-17.74274],[-63.01368,-17.74274],[-63.01368,-17.74273],[-63.01367,-17.74273],[-63.01366,-17.74273],[-63.01365,-17.74273],[-63.01364,-17.74274],[-63.01363,-17.74274],[-63.01362,-17.74275],[-63.01361,-17.74275],[-63.01361,-17.74276],[-63.0136,-17.74277],[-63.01359,-17.74278],[-63.01359,-17.74279],[-63.01342,-17.74347]]},"properties":{"description":"Defpoints","styleUrl":"#line5","stroke-opacity":1,"stroke":"#000000","stroke-width":1,"name":"FONDO"}},
{"type":"Feature","geometry":{"type":"LineString","coordinates":[[-63.01347,-17.74362],[-63.01376,-17.74382]]},"properties":{"description":"Defpoints","styleUrl":"#line5","stroke-opacity":1,"stroke":"#000000","stroke-width":1,"name":"FONDO"}},
{"type":"Feature","geometry":{"type":"LineString","coordinates":[[-63.01433,-17.74109],[-63.01433,-17.7411],[-63.01432,-17.7411],[-63.01432,-17.74111],[-63.01432,-17.74112],[-63.01431,-17.74112],[-63.01431,-17.74113],[-63.0143,-17.74113],[-63.01429,-17.74113],[-63.01428,-17.74113],[-63.01428,-17.74114],[-63.01427,-17.74114],[-63.01426,-17.74114],[-63.01425,-17.74114]]},"properties":{"description":"LOTES","styleUrl":"#line5","stroke-opacity":1,"stroke":"#000000","stroke-width":1,"name":"FONDO"}},
{"type":"Feature","geometry":{"type":"LineString","coordinates":[[-63.0137,-17.74103],[-63.01369,-17.74103],[-63.01368,-17.74103],[-63.01368,-17.74102],[-63.01367,-17.74102],[-63.01367,-17.74101],[-63.01366,-17.74101],[-63.01366,-17.741],[-63.01365,-17.741],[-63.01365,-17.74099],[-63.01365,-17.74098],[-63.01365,-17.74097],[-63.01364,-17.74097],[-63.01364,-17.74096],[-63.01365,-17.74096]]},"properties":{"description":"LOTES","styleUrl":"#line5","stroke-opacity":1,"stroke":"#000000","stroke-width":1,"name":"FONDO"}},
{"type":"Feature","geometry":{"type":"LineString","coordinates":[[-63.01352,-17.74095],[-63.01352,-17.74096],[-63.01352,-17.74097],[-63.01351,-17.74097],[-63.01351,-17.74098],[-63.0135,-17.74098],[-63.01349,-17.74098],[-63.01349,-17.74099],[-63.01348,-17.74099],[-63.01347,-17.74099]]},"properties":{"description":"LOTES","styleUrl":"#line5","stroke-opacity":1,"stroke":"#000000","stroke-width":1,"name":"FONDO"}},
{"type":"Feature","geometry":{"type":"LineString","coordinates":[[-63.01342,-17.7411],[-63.01343,-17.7411],[-63.01344,-17.7411],[-63.01345,-17.74111],[-63.01346,-17.74111],[-63.01346,-17.74112],[-63.01347,-17.74112],[-63.01347,-17.74113],[-63.01347,-17.74114],[-63.01348,-17.74114],[-63.01348,-17.74115],[-63.01348,-17.74116],[-63.01348,-17.74117]]},"properties":{"description":"LOTES","styleUrl":"#line5","stroke-opacity":1,"stroke":"#000000","stroke-width":1,"name":"FONDO"}},
{"type":"Feature","geometry":{"type":"LineString","coordinates":[[-63.01458,-17.74045],[-63.01464,-17.74016]]},"properties":{"description":"LOTES","styleUrl":"#line5","stroke-opacity":1,"stroke":"#000000","stroke-width":1,"name":"FONDO"}},
{"type":"Feature","geometry":{"type":"LineString","coordinates":[[-63.01661,-17.74364],[-63.01566,-17.7434]]},"properties":{"description":"COTAS","styleUrl":"#line5","stroke-opacity":1,"stroke":"#000000","stroke-width":1,"name":"FONDO"}},
{"type":"Feature","geometry":null,"properties":{"description":"COTAS","styleUrl":"#line5","stroke-opacity":1,"stroke":"#000000","stroke-width":1,"name":"FONDO"}},
{"type":"Feature","geometry":{"type":"LineString","coordinates":[[-63.01347,-17.74362],[-63.01347,-17.74361],[-63.01346,-17.74361],[-63.01346,-17.7436],[-63.01345,-17.7436],[-63.01345,-17.74359],[-63.01344,-17.74359],[-63.01344,-17.74358],[-63.01344,-17.74357],[-63.01343,-17.74357],[-63.01343,-17.74356],[-63.01343,-17.74355],[-63.01342,-17.74355],[-63.01342,-17.74354],[-63.01342,-17.74353],[-63.01342,-17.74352],[-63.01342,-17.74351],[-63.01342,-17.7435],[-63.01342,-17.74349],[-63.01342,-17.74348],[-63.01342,-17.74347]]},"properties":{"description":"Defpoints","styleUrl":"#line5","stroke-opacity":1,"stroke":"#000000","stroke-width":1,"name":"FONDO"}},
{"type":"Feature","geometry":{"type":"LineString","coordinates":[[-63.0218,-17.73576],[-63.02164,-17.73556]]},"properties":{"description":"COTAS","styleUrl":"#line5","stroke-opacity":1,"stroke":"#000000","stroke-width":1,"name":"FONDO"}},
{"type":"Feature","geometry":{"type":"LineString","coordinates":[[-63.0211,-17.73673],[-63.01874,-17.7358]]},"properties":{"description":"COTAS","styleUrl":"#line5","stroke-opacity":1,"stroke":"#000000","stroke-width":1,"name":"FONDO"}},
{"type":"Feature","geometry":{"type":"LineString","coordinates":[[-63.02099,-17.73691],[-63.01869,-17.736]]},"properties":{"description":"COTAS","styleUrl":"#line5","stroke-opacity":1,"stroke":"#000000","stroke-width":1,"name":"FONDO"}},
{"type":"Feature","geometry":{"type":"LineString","coordinates":[[-63.01538,-17.74609],[-63.01537,-17.74606]]},"properties":{"description":"LOTES","styleUrl":"#line5","stroke-opacity":1,"stroke":"#000000","stroke-width":1,"name":"FONDO"}},
{"type":"Feature","geometry":{"type":"LineString","coordinates":[[-63.01532,-17.74596],[-63.01531,-17.74593]]},"properties":{"description":"LOTES","styleUrl":"#line5","stroke-opacity":1,"stroke":"#000000","stroke-width":1,"name":"FONDO"}},
{"type":"Feature","geometry":{"type":"LineString","coordinates":[[-63.01525,-17.7444],[-63.01495,-17.74459]]},"properties":{"description":"LOTES","styleUrl":"#line5","stroke-opacity":1,"stroke":"#000000","stroke-width":1,"name":"FONDO"}},
{"type":"Feature","geometry":{"type":"LineString","coordinates":[[-63.01501,-17.74466],[-63.0153,-17.74448]]},"properties":{"description":"LOTES","styleUrl":"#line5","stroke-opacity":1,"stroke":"#000000","stroke-width":1,"name":"FONDO"}},
{"type":"Feature","geometry":{"type":"LineString","coordinates":[[-63.01536,-17.74455],[-63.01506,-17.74474]]},"properties":{"description":"LOTES","styleUrl":"#line5","stroke-opacity":1,"stroke":"#000000","stroke-width":1,"name":"FONDO"}},
{"type":"Feature","geometry":{"type":"LineString","coordinates":[[-63.01511,-17.74481],[-63.01541,-17.74463]]},"properties":{"description":"LOTES","styleUrl":"#line5","stroke-opacity":1,"stroke":"#000000","stroke-width":1,"name":"FONDO"}},
{"type":"Feature","geometry":{"type":"LineString","coordinates":[[-63.01546,-17.74471],[-63.01516,-17.74489]]},"properties":{"description":"LOTES","styleUrl":"#line5","stroke-opacity":1,"stroke":"#000000","stroke-width":1,"name":"FONDO"}},
{"type":"Feature","geometry":{"type":"LineString","coordinates":[[-63.01551,-17.74478],[-63.01521,-17.74497]]},"properties":{"description":"LOTES","styleUrl":"#line5","stroke-opacity":1,"stroke":"#000000","stroke-width":1,"name":"FONDO"}},
{"type":"Feature","geometry":{"type":"LineString","coordinates":[[-63.01555,-17.74486],[-63.01526,-17.74504]]},"properties":{"description":"LOTES","styleUrl":"#line5","stroke-opacity":1,"stroke":"#000000","stroke-width":1,"name":"FONDO"}},
{"type":"Feature","geometry":{"type":"LineString","coordinates":[[-63.0153,-17.74512],[-63.0156,-17.74494]]},"properties":{"description":"LOTES","styleUrl":"#line5","stroke-opacity":1,"stroke":"#000000","stroke-width":1,"name":"FONDO"}},
{"type":"Feature","geometry":{"type":"LineString","coordinates":[[-63.01565,-17.74502],[-63.01535,-17.7452]]},"properties":{"description":"LOTES","styleUrl":"#line5","stroke-opacity":1,"stroke":"#000000","stroke-width":1,"name":"FONDO"}},
{"type":"Feature","geometry":{"type":"LineString","coordinates":[[-63.01503,-17.74411],[-63.01473,-17.74429]]},"properties":{"description":"LOTES","styleUrl":"#line5","stroke-opacity":1,"stroke":"#000000","stroke-width":1,"name":"FONDO"}},
{"type":"Feature","geometry":{"type":"LineString","coordinates":[[-63.01458,-17.74357],[-63.01431,-17.74379]]},"properties":{"description":"LOTES","styleUrl":"#line5","stroke-opacity":1,"stroke":"#000000","stroke-width":1,"name":"FONDO"}},
{"type":"Feature","geometry":{"type":"LineString","coordinates":[[-63.01425,-17.74372],[-63.01452,-17.74351]]},"properties":{"description":"LOTES","styleUrl":"#line5","stroke-opacity":1,"stroke":"#000000","stroke-width":1,"name":"FONDO"}},
{"type":"Feature","geometry":{"type":"LineString","coordinates":[[-63.01446,-17.74344],[-63.01419,-17.74366]]},"properties":{"description":"LOTES","styleUrl":"#line5","stroke-opacity":1,"stroke":"#000000","stroke-width":1,"name":"FONDO"}},
{"type":"Feature","geometry":{"type":"LineString","coordinates":[[-63.01412,-17.74359],[-63.0144,-17.74337]]},"properties":{"description":"LOTES","styleUrl":"#line5","stroke-opacity":1,"stroke":"#000000","stroke-width":1,"name":"FONDO"}},
{"type":"Feature","geometry":{"type":"LineString","coordinates":[[-63.01433,-17.74331],[-63.01406,-17.74352]]},"properties":{"description":"LOTES","styleUrl":"#line5","stroke-opacity":1,"stroke":"#000000","stroke-width":1,"name":"FONDO"}},
{"type":"Feature","geometry":{"type":"LineString","coordinates":[[-63.01399,-17.74346],[-63.01427,-17.74324]]},"properties":{"description":"LOTES","styleUrl":"#line5","stroke-opacity":1,"stroke":"#000000","stroke-width":1,"name":"FONDO"}},
{"type":"Feature","geometry":{"type":"LineString","coordinates":[[-63.01393,-17.74339],[-63.0142,-17.74318]]},"properties":{"description":"LOTES","styleUrl":"#line5","stroke-opacity":1,"stroke":"#000000","stroke-width":1,"name":"FONDO"}},
{"type":"Feature","geometry":{"type":"LineString","coordinates":[[-63.01391,-17.74338],[-63.01385,-17.74343]]},"properties":{"description":"LOTES","styleUrl":"#line5","stroke-opacity":1,"stroke":"#000000","stroke-width":1,"name":"FONDO"}},
{"type":"Feature","geometry":{"type":"LineString","coordinates":[[-63.0146,-17.74338],[-63.01567,-17.74168]]},"properties":{"description":"LOTES","styleUrl":"#line5","stroke-opacity":1,"stroke":"#000000","stroke-width":1,"name":"FONDO"}},
{"type":"Feature","geometry":{"type":"LineString","coordinates":[[-63.01589,-17.74196],[-63.01536,-17.74165]]},"properties":{"description":"LOTES","styleUrl":"#line5","stroke-opacity":1,"stroke":"#000000","stroke-width":1,"name":"FONDO"}},
{"type":"Feature","geometry":{"type":"LineString","coordinates":[[-63.01582,-17.74293],[-63.01533,-17.74371]]},"properties":{"description":"LOTES","styleUrl":"#line5","stroke-opacity":1,"stroke":"#000000","stroke-width":1,"name":"FONDO"}},
{"type":"Feature","geometry":{"type":"LineString","coordinates":[[-63.01543,-17.74376],[-63.01522,-17.7441]]},"properties":{"description":"LOTES","styleUrl":"#line5","stroke-opacity":1,"stroke":"#000000","stroke-width":1,"name":"FONDO"}},
{"type":"Feature","geometry":{"type":"LineString","coordinates":[[-63.01535,-17.74372],[-63.01516,-17.74402]]},"properties":{"description":"LOTES","styleUrl":"#line5","stroke-opacity":1,"stroke":"#000000","stroke-width":1,"name":"FONDO"}},
{"type":"Feature","geometry":{"type":"LineString","coordinates":[[-63.01527,-17.74367],[-63.01509,-17.74395]]},"properties":{"description":"LOTES","styleUrl":"#line5","stroke-opacity":1,"stroke":"#000000","stroke-width":1,"name":"FONDO"}},
{"type":"Feature","geometry":{"type":"LineString","coordinates":[[-63.01519,-17.74362],[-63.01503,-17.74387]]},"properties":{"description":"LOTES","styleUrl":"#line5","stroke-opacity":1,"stroke":"#000000","stroke-width":1,"name":"FONDO"}},
{"type":"Feature","geometry":{"type":"LineString","coordinates":[[-63.01582,-17.74293],[-63.01584,-17.74291]]},"properties":{"description":"COTAS","styleUrl":"#line5","stroke-opacity":1,"stroke":"#000000","stroke-width":1,"name":"FONDO"}},
{"type":"Feature","geometry":{"type":"LineString","coordinates":[[-63.01584,-17.74291],[-63.01583,-17.74292]]},"properties":{"description":"COTAS","styleUrl":"#line5","stroke-opacity":1,"stroke":"#000000","stroke-width":1,"name":"FONDO"}},
{"type":"Feature","geometry":{"type":"LineString","coordinates":[[-63.01557,-17.7446],[-63.01573,-17.74434]]},"properties":{"description":"LOTES","styleUrl":"#line5","stroke-opacity":1,"stroke":"#000000","stroke-width":1,"name":"FONDO"}},
{"type":"Feature","geometry":{"type":"LineString","coordinates":[[-63.01562,-17.74469],[-63.01581,-17.74438]]},"properties":{"description":"LOTES","styleUrl":"#line5","stroke-opacity":1,"stroke":"#000000","stroke-width":1,"name":"FONDO"}},
{"type":"Feature","geometry":{"type":"LineString","coordinates":[[-63.01568,-17.74478],[-63.01589,-17.74443]]},"properties":{"description":"LOTES","styleUrl":"#line5","stroke-opacity":1,"stroke":"#000000","stroke-width":1,"name":"FONDO"}},
{"type":"Feature","geometry":{"type":"LineString","coordinates":[[-63.01551,-17.74452],[-63.01565,-17.74429]]},"properties":{"description":"LOTES","styleUrl":"#line5","stroke-opacity":1,"stroke":"#000000","stroke-width":1,"name":"FONDO"}},
{"type":"Feature","geometry":{"type":"LineString","coordinates":[[-63.01779,-17.73981],[-63.01643,-17.74197]]},"properties":{"description":"LOTES","styleUrl":"#line5","stroke-opacity":1,"stroke":"#000000","stroke-width":1,"name":"FONDO"}},
{"type":"Feature","geometry":{"type":"LineString","coordinates":[[-63.01743,-17.73975],[-63.01796,-17.74006]]},"properties":{"description":"LOTES","styleUrl":"#line5","stroke-opacity":1,"stroke":"#000000","stroke-width":1,"name":"FONDO"}},
{"type":"Feature","geometry":{"type":"LineString","coordinates":[[-63.01738,-17.73983],[-63.01791,-17.74014]]},"properties":{"description":"LOTES","styleUrl":"#line5","stroke-opacity":1,"stroke":"#000000","stroke-width":1,"name":"FONDO"}},
{"type":"Feature","geometry":{"type":"LineString","coordinates":[[-63.01733,-17.73991],[-63.01786,-17.74022]]},"properties":{"description":"LOTES","styleUrl":"#line5","stroke-opacity":1,"stroke":"#000000","stroke-width":1,"name":"FONDO"}},
{"type":"Feature","geometry":{"type":"LineString","coordinates":[[-63.01728,-17.73999],[-63.01781,-17.74029]]},"properties":{"description":"LOTES","styleUrl":"#line5","stroke-opacity":1,"stroke":"#000000","stroke-width":1,"name":"FONDO"}},
{"type":"Feature","geometry":{"type":"LineString","coordinates":[[-63.01723,-17.74006],[-63.01776,-17.74037]]},"properties":{"description":"LOTES","styleUrl":"#line5","stroke-opacity":1,"stroke":"#000000","stroke-width":1,"name":"FONDO"}},
{"type":"Feature","geometry":{"type":"LineString","coordinates":[[-63.01718,-17.74014],[-63.01771,-17.74045]]},"properties":{"description":"LOTES","styleUrl":"#line5","stroke-opacity":1,"stroke":"#000000","stroke-width":1,"name":"FONDO"}},
{"type":"Feature","geometry":{"type":"LineString","coordinates":[[-63.01713,-17.74022],[-63.01767,-17.74053]]},"properties":{"description":"LOTES","styleUrl":"#line5","stroke-opacity":1,"stroke":"#000000","stroke-width":1,"name":"FONDO"}},
{"type":"Feature","geometry":{"type":"LineString","coordinates":[[-63.01708,-17.74029],[-63.01762,-17.7406]]},"properties":{"description":"LOTES","styleUrl":"#line5","stroke-opacity":1,"stroke":"#000000","stroke-width":1,"name":"FONDO"}},
{"type":"Feature","geometry":{"type":"LineString","coordinates":[[-63.01704,-17.74037],[-63.01757,-17.74068]]},"properties":{"description":"LOTES","styleUrl":"#line5","stroke-opacity":1,"stroke":"#000000","stroke-width":1,"name":"FONDO"}},
{"type":"Feature","geometry":{"type":"LineString","coordinates":[[-63.01699,-17.74045],[-63.01752,-17.74076]]},"properties":{"description":"LOTES","styleUrl":"#line5","stroke-opacity":1,"stroke":"#000000","stroke-width":1,"name":"FONDO"}},
{"type":"Feature","geometry":{"type":"LineString","coordinates":[[-63.01694,-17.74053],[-63.01747,-17.74084]]},"properties":{"description":"LOTES","styleUrl":"#line5","stroke-opacity":1,"stroke":"#000000","stroke-width":1,"name":"FONDO"}},
{"type":"Feature","geometry":{"type":"LineString","coordinates":[[-63.01689,-17.7406],[-63.01742,-17.74091]]},"properties":{"description":"LOTES","styleUrl":"#line5","stroke-opacity":1,"stroke":"#000000","stroke-width":1,"name":"FONDO"}},
{"type":"Feature","geometry":{"type":"LineString","coordinates":[[-63.01684,-17.74068],[-63.01737,-17.74099]]},"properties":{"description":"LOTES","styleUrl":"#line5","stroke-opacity":1,"stroke":"#000000","stroke-width":1,"name":"FONDO"}},
{"type":"Feature","geometry":{"type":"LineString","coordinates":[[-63.01679,-17.74076],[-63.01732,-17.74107]]},"properties":{"description":"LOTES","styleUrl":"#line5","stroke-opacity":1,"stroke":"#000000","stroke-width":1,"name":"FONDO"}},
{"type":"Feature","geometry":{"type":"LineString","coordinates":[[-63.01674,-17.74084],[-63.01728,-17.74114]]},"properties":{"description":"LOTES","styleUrl":"#line5","stroke-opacity":1,"stroke":"#000000","stroke-width":1,"name":"FONDO"}},
{"type":"Feature","geometry":{"type":"LineString","coordinates":[[-63.01669,-17.74091],[-63.01723,-17.74122]]},"properties":{"description":"LOTES","styleUrl":"#line5","stroke-opacity":1,"stroke":"#000000","stroke-width":1,"name":"FONDO"}},
{"type":"Feature","geometry":{"type":"LineString","coordinates":[[-63.01665,-17.74099],[-63.01718,-17.7413]]},"properties":{"description":"LOTES","styleUrl":"#line5","stroke-opacity":1,"stroke":"#000000","stroke-width":1,"name":"FONDO"}},
{"type":"Feature","geometry":{"type":"LineString","coordinates":[[-63.0166,-17.74107],[-63.01713,-17.74138]]},"properties":{"description":"LOTES","styleUrl":"#line5","stroke-opacity":1,"stroke":"#000000","stroke-width":1,"name":"FONDO"}},
{"type":"Feature","geometry":{"type":"LineString","coordinates":[[-63.01655,-17.74115],[-63.01708,-17.74145]]},"properties":{"description":"LOTES","styleUrl":"#line5","stroke-opacity":1,"stroke":"#000000","stroke-width":1,"name":"FONDO"}},
{"type":"Feature","geometry":{"type":"LineString","coordinates":[[-63.0165,-17.74122],[-63.01703,-17.74153]]},"properties":{"description":"LOTES","styleUrl":"#line5","stroke-opacity":1,"stroke":"#000000","stroke-width":1,"name":"FONDO"}},
{"type":"Feature","geometry":{"type":"LineString","coordinates":[[-63.01645,-17.7413],[-63.01698,-17.74161]]},"properties":{"description":"LOTES","styleUrl":"#line5","stroke-opacity":1,"stroke":"#000000","stroke-width":1,"name":"FONDO"}},
{"type":"Feature","geometry":{"type":"LineString","coordinates":[[-63.0164,-17.74138],[-63.01694,-17.74169]]},"properties":{"description":"LOTES","styleUrl":"#line5","stroke-opacity":1,"stroke":"#000000","stroke-width":1,"name":"FONDO"}},
{"type":"Feature","geometry":{"type":"LineString","coordinates":[[-63.01635,-17.74146],[-63.01689,-17.74176]]},"properties":{"description":"LOTES","styleUrl":"#line5","stroke-opacity":1,"stroke":"#000000","stroke-width":1,"name":"FONDO"}},
{"type":"Feature","geometry":{"type":"LineString","coordinates":[[-63.0163,-17.74153],[-63.01684,-17.74184]]},"properties":{"description":"LOTES","styleUrl":"#line5","stroke-opacity":1,"stroke":"#000000","stroke-width":1,"name":"FONDO"}},
{"type":"Feature","geometry":{"type":"LineString","coordinates":[[-63.01626,-17.74161],[-63.01679,-17.74192]]},"properties":{"description":"LOTES","styleUrl":"#line5","stroke-opacity":1,"stroke":"#000000","stroke-width":1,"name":"FONDO"}},
{"type":"Feature","geometry":{"type":"LineString","coordinates":[[-63.01621,-17.74169],[-63.0165,-17.74186]]},"properties":{"description":"LOTES","styleUrl":"#line5","stroke-opacity":1,"stroke":"#000000","stroke-width":1,"name":"FONDO"}},
{"type":"Feature","geometry":{"type":"LineString","coordinates":[[-63.01679,-17.73938],[-63.01732,-17.73969]]},"properties":{"description":"LOTES","styleUrl":"#line5","stroke-opacity":1,"stroke":"#000000","stroke-width":1,"name":"FONDO"}},
{"type":"Feature","geometry":{"type":"LineString","coordinates":[[-63.01674,-17.73946],[-63.01727,-17.73977]]},"properties":{"description":"LOTES","styleUrl":"#line5","stroke-opacity":1,"stroke":"#000000","stroke-width":1,"name":"FONDO"}},
{"type":"Feature","geometry":{"type":"LineString","coordinates":[[-63.01669,-17.73954],[-63.01722,-17.73985]]},"properties":{"description":"LOTES","styleUrl":"#line5","stroke-opacity":1,"stroke":"#000000","stroke-width":1,"name":"FONDO"}},
{"type":"Feature","geometry":{"type":"LineString","coordinates":[[-63.01664,-17.73962],[-63.01717,-17.73992]]},"properties":{"description":"LOTES","styleUrl":"#line5","stroke-opacity":1,"stroke":"#000000","stroke-width":1,"name":"FONDO"}},
{"type":"Feature","geometry":{"type":"LineString","coordinates":[[-63.01659,-17.73969],[-63.01713,-17.74]]},"properties":{"description":"LOTES","styleUrl":"#line5","stroke-opacity":1,"stroke":"#000000","stroke-width":1,"name":"FONDO"}},
{"type":"Feature","geometry":{"type":"LineString","coordinates":[[-63.01654,-17.73977],[-63.01708,-17.74008]]},"properties":{"description":"LOTES","styleUrl":"#line5","stroke-opacity":1,"stroke":"#000000","stroke-width":1,"name":"FONDO"}},
{"type":"Feature","geometry":{"type":"LineString","coordinates":[[-63.01649,-17.73985],[-63.01703,-17.74016]]},"properties":{"description":"LOTES","styleUrl":"#line5","stroke-opacity":1,"stroke":"#000000","stroke-width":1,"name":"FONDO"}},
{"type":"Feature","geometry":{"type":"LineString","coordinates":[[-63.01645,-17.73993],[-63.01698,-17.74023]]},"properties":{"description":"LOTES","styleUrl":"#line5","stroke-opacity":1,"stroke":"#000000","stroke-width":1,"name":"FONDO"}},
{"type":"Feature","geometry":{"type":"LineString","coordinates":[[-63.0164,-17.74],[-63.01693,-17.74031]]},"properties":{"description":"LOTES","styleUrl":"#line5","stroke-opacity":1,"stroke":"#000000","stroke-width":1,"name":"FONDO"}},
{"type":"Feature","geometry":{"type":"LineString","coordinates":[[-63.01635,-17.74008],[-63.01688,-17.74039]]},"properties":{"description":"LOTES","styleUrl":"#line5","stroke-opacity":1,"stroke":"#000000","stroke-width":1,"name":"FONDO"}},
{"type":"Feature","geometry":{"type":"LineString","coordinates":[[-63.0163,-17.74016],[-63.01683,-17.74047]]},"properties":{"description":"LOTES","styleUrl":"#line5","stroke-opacity":1,"stroke":"#000000","stroke-width":1,"name":"FONDO"}},
{"type":"Feature","geometry":{"type":"LineString","coordinates":[[-63.01625,-17.74024],[-63.01678,-17.74054]]},"properties":{"description":"LOTES","styleUrl":"#line5","stroke-opacity":1,"stroke":"#000000","stroke-width":1,"name":"FONDO"}},
{"type":"Feature","geometry":{"type":"LineString","coordinates":[[-63.0162,-17.74031],[-63.01674,-17.74062]]},"properties":{"description":"LOTES","styleUrl":"#line5","stroke-opacity":1,"stroke":"#000000","stroke-width":1,"name":"FONDO"}},
{"type":"Feature","geometry":{"type":"LineString","coordinates":[[-63.01615,-17.74039],[-63.01669,-17.7407]]},"properties":{"description":"LOTES","styleUrl":"#line5","stroke-opacity":1,"stroke":"#000000","stroke-width":1,"name":"FONDO"}},
{"type":"Feature","geometry":{"type":"LineString","coordinates":[[-63.0161,-17.74047],[-63.01664,-17.74078]]},"properties":{"description":"LOTES","styleUrl":"#line5","stroke-opacity":1,"stroke":"#000000","stroke-width":1,"name":"FONDO"}},
{"type":"Feature","geometry":{"type":"LineString","coordinates":[[-63.01606,-17.74055],[-63.01659,-17.74085]]},"properties":{"description":"LOTES","styleUrl":"#line5","stroke-opacity":1,"stroke":"#000000","stroke-width":1,"name":"FONDO"}},
{"type":"Feature","geometry":{"type":"LineString","coordinates":[[-63.01601,-17.74062],[-63.01654,-17.74093]]},"properties":{"description":"LOTES","styleUrl":"#line5","stroke-opacity":1,"stroke":"#000000","stroke-width":1,"name":"FONDO"}},
{"type":"Feature","geometry":{"type":"LineString","coordinates":[[-63.01596,-17.7407],[-63.01649,-17.74101]]},"properties":{"description":"LOTES","styleUrl":"#line5","stroke-opacity":1,"stroke":"#000000","stroke-width":1,"name":"FONDO"}},
{"type":"Feature","geometry":{"type":"LineString","coordinates":[[-63.01591,-17.74078],[-63.01644,-17.74109]]},"properties":{"description":"LOTES","styleUrl":"#line5","stroke-opacity":1,"stroke":"#000000","stroke-width":1,"name":"FONDO"}},
{"type":"Feature","geometry":{"type":"LineString","coordinates":[[-63.01586,-17.74085],[-63.01639,-17.74116]]},"properties":{"description":"LOTES","styleUrl":"#line5","stroke-opacity":1,"stroke":"#000000","stroke-width":1,"name":"FONDO"}},
{"type":"Feature","geometry":{"type":"LineString","coordinates":[[-63.01581,-17.74093],[-63.01635,-17.74124]]},"properties":{"description":"LOTES","styleUrl":"#line5","stroke-opacity":1,"stroke":"#000000","stroke-width":1,"name":"FONDO"}},
{"type":"Feature","geometry":{"type":"LineString","coordinates":[[-63.01572,-17.74109],[-63.01625,-17.7414]]},"properties":{"description":"LOTES","styleUrl":"#line5","stroke-opacity":1,"stroke":"#000000","stroke-width":1,"name":"FONDO"}},
{"type":"Feature","geometry":{"type":"LineString","coordinates":[[-63.01567,-17.74116],[-63.0162,-17.74147]]},"properties":{"description":"LOTES","styleUrl":"#line5","stroke-opacity":1,"stroke":"#000000","stroke-width":1,"name":"FONDO"}},
{"type":"Feature","geometry":{"type":"LineString","coordinates":[[-63.01562,-17.74124],[-63.01615,-17.74155]]},"properties":{"description":"LOTES","styleUrl":"#line5","stroke-opacity":1,"stroke":"#000000","stroke-width":1,"name":"FONDO"}},
{"type":"Feature","geometry":{"type":"LineString","coordinates":[[-63.01557,-17.74132],[-63.0161,-17.74163]]},"properties":{"description":"LOTES","styleUrl":"#line5","stroke-opacity":1,"stroke":"#000000","stroke-width":1,"name":"FONDO"}},
{"type":"Feature","geometry":{"type":"LineString","coordinates":[[-63.01753,-17.73936],[-63.017,-17.73905]]},"properties":{"description":"LOTES","styleUrl":"#line5","stroke-opacity":1,"stroke":"#000000","stroke-width":1,"name":"FONDO"}},
{"type":"Feature","geometry":{"type":"LineString","coordinates":[[-63.01758,-17.73928],[-63.01705,-17.73897]]},"properties":{"description":"LOTES","styleUrl":"#line5","stroke-opacity":1,"stroke":"#000000","stroke-width":1,"name":"FONDO"}},
{"type":"Feature","geometry":{"type":"LineString","coordinates":[[-63.01763,-17.7392],[-63.01709,-17.7389]]},"properties":{"description":"LOTES","styleUrl":"#line5","stroke-opacity":1,"stroke":"#000000","stroke-width":1,"name":"FONDO"}},
{"type":"Feature","geometry":{"type":"LineString","coordinates":[[-63.01768,-17.73913],[-63.01714,-17.73882]]},"properties":{"description":"LOTES","styleUrl":"#line5","stroke-opacity":1,"stroke":"#000000","stroke-width":1,"name":"FONDO"}},
{"type":"Feature","geometry":{"type":"LineString","coordinates":[[-63.01772,-17.73905],[-63.01719,-17.73874]]},"properties":{"description":"LOTES","styleUrl":"#line5","stroke-opacity":1,"stroke":"#000000","stroke-width":1,"name":"FONDO"}},
{"type":"Feature","geometry":{"type":"LineString","coordinates":[[-63.01777,-17.73897],[-63.01724,-17.73866]]},"properties":{"description":"LOTES","styleUrl":"#line5","stroke-opacity":1,"stroke":"#000000","stroke-width":1,"name":"FONDO"}},
{"type":"Feature","geometry":{"type":"LineString","coordinates":[[-63.01782,-17.7389],[-63.01729,-17.73859]]},"properties":{"description":"LOTES","styleUrl":"#line5","stroke-opacity":1,"stroke":"#000000","stroke-width":1,"name":"FONDO"}},
{"type":"Feature","geometry":{"type":"LineString","coordinates":[[-63.01787,-17.73882],[-63.01734,-17.73851]]},"properties":{"description":"LOTES","styleUrl":"#line5","stroke-opacity":1,"stroke":"#000000","stroke-width":1,"name":"FONDO"}},
{"type":"Feature","geometry":{"type":"LineString","coordinates":[[-63.01792,-17.73874],[-63.01739,-17.73843]]},"properties":{"description":"LOTES","styleUrl":"#line5","stroke-opacity":1,"stroke":"#000000","stroke-width":1,"name":"FONDO"}},
{"type":"Feature","geometry":{"type":"LineString","coordinates":[[-63.01797,-17.73866],[-63.01744,-17.73835]]},"properties":{"description":"LOTES","styleUrl":"#line5","stroke-opacity":1,"stroke":"#000000","stroke-width":1,"name":"FONDO"}},
{"type":"Feature","geometry":{"type":"LineString","coordinates":[[-63.01802,-17.73859],[-63.01748,-17.73828]]},"properties":{"description":"LOTES","styleUrl":"#line5","stroke-opacity":1,"stroke":"#000000","stroke-width":1,"name":"FONDO"}},
{"type":"Feature","geometry":{"type":"LineString","coordinates":[[-63.01807,-17.73851],[-63.01753,-17.7382]]},"properties":{"description":"LOTES","styleUrl":"#line5","stroke-opacity":1,"stroke":"#000000","stroke-width":1,"name":"FONDO"}},
{"type":"Feature","geometry":{"type":"LineString","coordinates":[[-63.01811,-17.73843],[-63.01758,-17.73812]]},"properties":{"description":"LOTES","styleUrl":"#line5","stroke-opacity":1,"stroke":"#000000","stroke-width":1,"name":"FONDO"}},
{"type":"Feature","geometry":{"type":"LineString","coordinates":[[-63.01816,-17.73835],[-63.01763,-17.73805]]},"properties":{"description":"LOTES","styleUrl":"#line5","stroke-opacity":1,"stroke":"#000000","stroke-width":1,"name":"FONDO"}},
{"type":"Feature","geometry":{"type":"LineString","coordinates":[[-63.01821,-17.73828],[-63.01768,-17.73797]]},"properties":{"description":"LOTES","styleUrl":"#line5","stroke-opacity":1,"stroke":"#000000","stroke-width":1,"name":"FONDO"}},
{"type":"Feature","geometry":{"type":"LineString","coordinates":[[-63.01826,-17.7382],[-63.01773,-17.73789]]},"properties":{"description":"LOTES","styleUrl":"#line5","stroke-opacity":1,"stroke":"#000000","stroke-width":1,"name":"FONDO"}},
{"type":"Feature","geometry":{"type":"LineString","coordinates":[[-63.01831,-17.73812],[-63.01802,-17.73795]]},"properties":{"description":"LOTES","styleUrl":"#line5","stroke-opacity":1,"stroke":"#000000","stroke-width":1,"name":"FONDO"}},
{"type":"Feature","geometry":{"type":"LineString","coordinates":[[-63.01884,-17.73813],[-63.01785,-17.7397]]},"properties":{"description":"LOTES","styleUrl":"#line5","stroke-opacity":1,"stroke":"#000000","stroke-width":1,"name":"FONDO"}},
{"type":"Feature","geometry":{"type":"LineString","coordinates":[[-63.01822,-17.73965],[-63.01768,-17.73934]]},"properties":{"description":"LOTES","styleUrl":"#line5","stroke-opacity":1,"stroke":"#000000","stroke-width":1,"name":"FONDO"}},
{"type":"Feature","geometry":{"type":"LineString","coordinates":[[-63.01827,-17.73957],[-63.01773,-17.73927]]},"properties":{"description":"LOTES","styleUrl":"#line5","stroke-opacity":1,"stroke":"#000000","stroke-width":1,"name":"FONDO"}},
{"type":"Feature","geometry":{"type":"LineString","coordinates":[[-63.01831,-17.73949],[-63.01778,-17.73919]]},"properties":{"description":"LOTES","styleUrl":"#line5","stroke-opacity":1,"stroke":"#000000","stroke-width":1,"name":"FONDO"}},
{"type":"Feature","geometry":{"type":"LineString","coordinates":[[-63.01836,-17.73942],[-63.01783,-17.73911]]},"properties":{"description":"LOTES","styleUrl":"#line5","stroke-opacity":1,"stroke":"#000000","stroke-width":1,"name":"FONDO"}},
{"type":"Feature","geometry":{"type":"LineString","coordinates":[[-63.01841,-17.73934],[-63.01788,-17.73903]]},"properties":{"description":"LOTES","styleUrl":"#line5","stroke-opacity":1,"stroke":"#000000","stroke-width":1,"name":"FONDO"}},
{"type":"Feature","geometry":{"type":"LineString","coordinates":[[-63.01846,-17.73926],[-63.01793,-17.73896]]},"properties":{"description":"LOTES","styleUrl":"#line5","stroke-opacity":1,"stroke":"#000000","stroke-width":1,"name":"FONDO"}},
{"type":"Feature","geometry":{"type":"LineString","coordinates":[[-63.01851,-17.73919],[-63.01797,-17.73888]]},"properties":{"description":"LOTES","styleUrl":"#line5","stroke-opacity":1,"stroke":"#000000","stroke-width":1,"name":"FONDO"}},
{"type":"Feature","geometry":{"type":"LineString","coordinates":[[-63.01856,-17.73911],[-63.01802,-17.7388]]},"properties":{"description":"LOTES","styleUrl":"#line5","stroke-opacity":1,"stroke":"#000000","stroke-width":1,"name":"FONDO"}},
{"type":"Feature","geometry":{"type":"LineString","coordinates":[[-63.01861,-17.73903],[-63.01807,-17.73873]]},"properties":{"description":"LOTES","styleUrl":"#line5","stroke-opacity":1,"stroke":"#000000","stroke-width":1,"name":"FONDO"}},
{"type":"Feature","geometry":{"type":"LineString","coordinates":[[-63.01866,-17.73895],[-63.01812,-17.73865]]},"properties":{"description":"LOTES","styleUrl":"#line5","stroke-opacity":1,"stroke":"#000000","stroke-width":1,"name":"FONDO"}},
{"type":"Feature","geometry":{"type":"LineString","coordinates":[[-63.0187,-17.73888],[-63.01817,-17.73857]]},"properties":{"description":"LOTES","styleUrl":"#line5","stroke-opacity":1,"stroke":"#000000","stroke-width":1,"name":"FONDO"}},
{"type":"Feature","geometry":{"type":"LineString","coordinates":[[-63.01875,-17.7388],[-63.01822,-17.73849]]},"properties":{"description":"LOTES","styleUrl":"#line5","stroke-opacity":1,"stroke":"#000000","stroke-width":1,"name":"FONDO"}},
{"type":"Feature","geometry":{"type":"LineString","coordinates":[[-63.0188,-17.73872],[-63.01827,-17.73842]]},"properties":{"description":"LOTES","styleUrl":"#line5","stroke-opacity":1,"stroke":"#000000","stroke-width":1,"name":"FONDO"}},
{"type":"Feature","geometry":{"type":"LineString","coordinates":[[-63.01885,-17.73864],[-63.01832,-17.73834]]},"properties":{"description":"LOTES","styleUrl":"#line5","stroke-opacity":1,"stroke":"#000000","stroke-width":1,"name":"FONDO"}},
{"type":"Feature","geometry":{"type":"LineString","coordinates":[[-63.0189,-17.73857],[-63.01836,-17.73826]]},"properties":{"description":"LOTES","styleUrl":"#line5","stroke-opacity":1,"stroke":"#000000","stroke-width":1,"name":"FONDO"}},
{"type":"Feature","geometry":{"type":"LineString","coordinates":[[-63.01895,-17.73849],[-63.01841,-17.73818]]},"properties":{"description":"LOTES","styleUrl":"#line5","stroke-opacity":1,"stroke":"#000000","stroke-width":1,"name":"FONDO"}},
{"type":"Feature","geometry":{"type":"LineString","coordinates":[[-63.019,-17.73841],[-63.01846,-17.73811]]},"properties":{"description":"LOTES","styleUrl":"#line5","stroke-opacity":1,"stroke":"#000000","stroke-width":1,"name":"FONDO"}},
{"type":"Feature","geometry":{"type":"LineString","coordinates":[[-63.01954,-17.7384],[-63.02053,-17.73686]]},"properties":{"description":"LOTES","styleUrl":"#line5","stroke-opacity":1,"stroke":"#000000","stroke-width":1,"name":"FONDO"}},
{"type":"Feature","geometry":{"type":"LineString","coordinates":[[-63.01933,-17.73811],[-63.0199,-17.73844]]},"properties":{"description":"LOTES","styleUrl":"#line5","stroke-opacity":1,"stroke":"#000000","stroke-width":1,"name":"FONDO"}},
{"type":"Feature","geometry":{"type":"LineString","coordinates":[[-63.01938,-17.73803],[-63.01995,-17.73837]]},"properties":{"description":"LOTES","styleUrl":"#line5","stroke-opacity":1,"stroke":"#000000","stroke-width":1,"name":"FONDO"}},
{"type":"Feature","geometry":{"type":"LineString","coordinates":[[-63.01943,-17.73795],[-63.02,-17.73829]]},"properties":{"description":"LOTES","styleUrl":"#line5","stroke-opacity":1,"stroke":"#000000","stroke-width":1,"name":"FONDO"}},
{"type":"Feature","geometry":{"type":"LineString","coordinates":[[-63.01948,-17.73788],[-63.02005,-17.73821]]},"properties":{"description":"LOTES","styleUrl":"#line5","stroke-opacity":1,"stroke":"#000000","stroke-width":1,"name":"FONDO"}},
{"type":"Feature","geometry":{"type":"LineString","coordinates":[[-63.01952,-17.7378],[-63.0201,-17.73813]]},"properties":{"description":"LOTES","styleUrl":"#line5","stroke-opacity":1,"stroke":"#000000","stroke-width":1,"name":"FONDO"}},
{"type":"Feature","geometry":{"type":"LineString","coordinates":[[-63.01957,-17.73772],[-63.02015,-17.73806]]},"properties":{"description":"LOTES","styleUrl":"#line5","stroke-opacity":1,"stroke":"#000000","stroke-width":1,"name":"FONDO"}},
{"type":"Feature","geometry":{"type":"LineString","coordinates":[[-63.01962,-17.73764],[-63.02019,-17.73798]]},"properties":{"description":"LOTES","styleUrl":"#line5","stroke-opacity":1,"stroke":"#000000","stroke-width":1,"name":"FONDO"}},
{"type":"Feature","geometry":{"type":"LineString","coordinates":[[-63.01967,-17.73757],[-63.02024,-17.7379]]},"properties":{"description":"LOTES","styleUrl":"#line5","stroke-opacity":1,"stroke":"#000000","stroke-width":1,"name":"FONDO"}},
{"type":"Feature","geometry":{"type":"LineString","coordinates":[[-63.01972,-17.73749],[-63.02029,-17.73783]]},"properties":{"description":"LOTES","styleUrl":"#line5","stroke-opacity":1,"stroke":"#000000","stroke-width":1,"name":"FONDO"}},
{"type":"Feature","geometry":{"type":"LineString","coordinates":[[-63.01977,-17.73741],[-63.02034,-17.73775]]},"properties":{"description":"LOTES","styleUrl":"#line5","stroke-opacity":1,"stroke":"#000000","stroke-width":1,"name":"FONDO"}},
{"type":"Feature","geometry":{"type":"LineString","coordinates":[[-63.01982,-17.73734],[-63.02039,-17.73767]]},"properties":{"description":"LOTES","styleUrl":"#line5","stroke-opacity":1,"stroke":"#000000","stroke-width":1,"name":"FONDO"}},
{"type":"Feature","geometry":{"type":"LineString","coordinates":[[-63.01987,-17.73726],[-63.02044,-17.7376]]},"properties":{"description":"LOTES","styleUrl":"#line5","stroke-opacity":1,"stroke":"#000000","stroke-width":1,"name":"FONDO"}},
{"type":"Feature","geometry":{"type":"LineString","coordinates":[[-63.01991,-17.73718],[-63.02049,-17.73752]]},"properties":{"description":"LOTES","styleUrl":"#line5","stroke-opacity":1,"stroke":"#000000","stroke-width":1,"name":"FONDO"}},
{"type":"Feature","geometry":{"type":"LineString","coordinates":[[-63.01996,-17.7371],[-63.02054,-17.73744]]},"properties":{"description":"LOTES","styleUrl":"#line5","stroke-opacity":1,"stroke":"#000000","stroke-width":1,"name":"FONDO"}},
{"type":"Feature","geometry":{"type":"LineString","coordinates":[[-63.02001,-17.73703],[-63.02059,-17.73736]]},"properties":{"description":"LOTES","styleUrl":"#line5","stroke-opacity":1,"stroke":"#000000","stroke-width":1,"name":"FONDO"}},
{"type":"Feature","geometry":{"type":"LineString","coordinates":[[-63.02006,-17.73695],[-63.02064,-17.73729]]},"properties":{"description":"LOTES","styleUrl":"#line5","stroke-opacity":1,"stroke":"#000000","stroke-width":1,"name":"FONDO"}},
{"type":"Feature","geometry":{"type":"LineString","coordinates":[[-63.02044,-17.73717],[-63.02061,-17.73689]]},"properties":{"description":"LOTES","styleUrl":"#line5","stroke-opacity":1,"stroke":"#000000","stroke-width":1,"name":"FONDO"}},
{"type":"Feature","geometry":{"type":"LineString","coordinates":[[-63.02052,-17.73722],[-63.0207,-17.73693]]},"properties":{"description":"LOTES","styleUrl":"#line5","stroke-opacity":1,"stroke":"#000000","stroke-width":1,"name":"FONDO"}},
{"type":"Feature","geometry":{"type":"LineString","coordinates":[[-63.02028,-17.73707],[-63.02044,-17.73682]]},"properties":{"description":"LOTES","styleUrl":"#line5","stroke-opacity":1,"stroke":"#000000","stroke-width":1,"name":"FONDO"}},
{"type":"Feature","geometry":{"type":"LineString","coordinates":[[-63.0202,-17.73703],[-63.02035,-17.73679]]},"properties":{"description":"LOTES","styleUrl":"#line5","stroke-opacity":1,"stroke":"#000000","stroke-width":1,"name":"FONDO"}},
{"type":"Feature","geometry":{"type":"LineString","coordinates":[[-63.01903,-17.73778],[-63.01961,-17.73685]]},"properties":{"description":"LOTES","styleUrl":"#line5","stroke-opacity":1,"stroke":"#000000","stroke-width":1,"name":"FONDO"}},
{"type":"Feature","geometry":{"type":"LineString","coordinates":[[-63.01876,-17.73763],[-63.0193,-17.73794]]},"properties":{"description":"LOTES","styleUrl":"#line5","stroke-opacity":1,"stroke":"#000000","stroke-width":1,"name":"FONDO"}},
{"type":"Feature","geometry":{"type":"LineString","coordinates":[[-63.01881,-17.73755],[-63.01934,-17.73786]]},"properties":{"description":"LOTES","styleUrl":"#line5","stroke-opacity":1,"stroke":"#000000","stroke-width":1,"name":"FONDO"}},
{"type":"Feature","geometry":{"type":"LineString","coordinates":[[-63.01886,-17.73747],[-63.01939,-17.73778]]},"properties":{"description":"LOTES","styleUrl":"#line5","stroke-opacity":1,"stroke":"#000000","stroke-width":1,"name":"FONDO"}},
{"type":"Feature","geometry":{"type":"LineString","coordinates":[[-63.01891,-17.7374],[-63.01944,-17.7377]]},"properties":{"description":"LOTES","styleUrl":"#line5","stroke-opacity":1,"stroke":"#000000","stroke-width":1,"name":"FONDO"}},
{"type":"Feature","geometry":{"type":"LineString","coordinates":[[-63.01896,-17.73732],[-63.01949,-17.73763]]},"properties":{"description":"LOTES","styleUrl":"#line5","stroke-opacity":1,"stroke":"#000000","stroke-width":1,"name":"FONDO"}},
{"type":"Feature","geometry":{"type":"LineString","coordinates":[[-63.01901,-17.73724],[-63.01954,-17.73755]]},"properties":{"description":"LOTES","styleUrl":"#line5","stroke-opacity":1,"stroke":"#000000","stroke-width":1,"name":"FONDO"}},
{"type":"Feature","geometry":{"type":"LineString","coordinates":[[-63.01906,-17.73716],[-63.01959,-17.73747]]},"properties":{"description":"LOTES","styleUrl":"#line5","stroke-opacity":1,"stroke":"#000000","stroke-width":1,"name":"FONDO"}},
{"type":"Feature","geometry":{"type":"LineString","coordinates":[[-63.0191,-17.73709],[-63.01964,-17.73739]]},"properties":{"description":"LOTES","styleUrl":"#line5","stroke-opacity":1,"stroke":"#000000","stroke-width":1,"name":"FONDO"}},
{"type":"Feature","geometry":{"type":"LineString","coordinates":[[-63.01915,-17.73701],[-63.01969,-17.73732]]},"properties":{"description":"LOTES","styleUrl":"#line5","stroke-opacity":1,"stroke":"#000000","stroke-width":1,"name":"FONDO"}},
{"type":"Feature","geometry":{"type":"LineString","coordinates":[[-63.0192,-17.73693],[-63.01973,-17.73724]]},"properties":{"description":"LOTES","styleUrl":"#line5","stroke-opacity":1,"stroke":"#000000","stroke-width":1,"name":"FONDO"}},
{"type":"Feature","geometry":{"type":"LineString","coordinates":[[-63.01925,-17.73685],[-63.01978,-17.73716]]},"properties":{"description":"LOTES","styleUrl":"#line5","stroke-opacity":1,"stroke":"#000000","stroke-width":1,"name":"FONDO"}},
{"type":"Feature","geometry":{"type":"LineString","coordinates":[[-63.0193,-17.73678],[-63.01983,-17.73708]]},"properties":{"description":"LOTES","styleUrl":"#line5","stroke-opacity":1,"stroke":"#000000","stroke-width":1,"name":"FONDO"}},
{"type":"Feature","geometry":{"type":"LineString","coordinates":[[-63.01935,-17.7367],[-63.01988,-17.73701]]},"properties":{"description":"LOTES","styleUrl":"#line5","stroke-opacity":1,"stroke":"#000000","stroke-width":1,"name":"FONDO"}},
{"type":"Feature","geometry":{"type":"LineString","coordinates":[[-63.01965,-17.73688],[-63.01984,-17.73659]]},"properties":{"description":"LOTES","styleUrl":"#line5","stroke-opacity":1,"stroke":"#000000","stroke-width":1,"name":"FONDO"}},
{"type":"Feature","geometry":{"type":"LineString","coordinates":[[-63.01957,-17.73683],[-63.01975,-17.73655]]},"properties":{"description":"LOTES","styleUrl":"#line5","stroke-opacity":1,"stroke":"#000000","stroke-width":1,"name":"FONDO"}},
{"type":"Feature","geometry":{"type":"LineString","coordinates":[[-63.01974,-17.73692],[-63.01993,-17.73662]]},"properties":{"description":"LOTES","styleUrl":"#line5","stroke-opacity":1,"stroke":"#000000","stroke-width":1,"name":"FONDO"}},
{"type":"Feature","geometry":{"type":"LineString","coordinates":[[-63.01949,-17.73678],[-63.01966,-17.73652]]},"properties":{"description":"LOTES","styleUrl":"#line5","stroke-opacity":1,"stroke":"#000000","stroke-width":1,"name":"FONDO"}},
{"type":"Feature","geometry":{"type":"LineString","coordinates":[[-63.01892,-17.73804],[-63.01907,-17.73781]]},"properties":{"description":"LOTES","styleUrl":"#line5","stroke-opacity":1,"stroke":"#000000","stroke-width":1,"name":"FONDO"}},
{"type":"Feature","geometry":{"type":"LineString","coordinates":[[-63.01884,-17.73799],[-63.01899,-17.73776]]},"properties":{"description":"LOTES","styleUrl":"#line5","stroke-opacity":1,"stroke":"#000000","stroke-width":1,"name":"FONDO"}},
{"type":"Feature","geometry":{"type":"LineString","coordinates":[[-63.019,-17.73808],[-63.01915,-17.73785]]},"properties":{"description":"LOTES","styleUrl":"#line5","stroke-opacity":1,"stroke":"#000000","stroke-width":1,"name":"FONDO"}},
{"type":"Feature","geometry":{"type":"LineString","coordinates":[[-63.01876,-17.73794],[-63.01891,-17.73771]]},"properties":{"description":"LOTES","styleUrl":"#line5","stroke-opacity":1,"stroke":"#000000","stroke-width":1,"name":"FONDO"}},
{"type":"Feature","geometry":{"type":"LineString","coordinates":[[-63.0183,-17.73755],[-63.01893,-17.73656]]},"properties":{"description":"LOTES","styleUrl":"#line5","stroke-opacity":1,"stroke":"#000000","stroke-width":1,"name":"FONDO"}},
{"type":"Feature","geometry":{"type":"LineString","coordinates":[[-63.01866,-17.73641],[-63.01919,-17.73672]]},"properties":{"description":"LOTES","styleUrl":"#line5","stroke-opacity":1,"stroke":"#000000","stroke-width":1,"name":"FONDO"}},
{"type":"Feature","geometry":{"type":"LineString","coordinates":[[-63.01861,-17.73649],[-63.01914,-17.73679]]},"properties":{"description":"LOTES","styleUrl":"#line5","stroke-opacity":1,"stroke":"#000000","stroke-width":1,"name":"FONDO"}},
{"type":"Feature","geometry":{"type":"LineString","coordinates":[[-63.01856,-17.73656],[-63.0191,-17.73687]]},"properties":{"description":"LOTES","styleUrl":"#line5","stroke-opacity":1,"stroke":"#000000","stroke-width":1,"name":"FONDO"}},
{"type":"Feature","geometry":{"type":"LineString","coordinates":[[-63.01853,-17.73665],[-63.01905,-17.73695]]},"properties":{"description":"LOTES","styleUrl":"#line5","stroke-opacity":1,"stroke":"#000000","stroke-width":1,"name":"FONDO"}},
{"type":"Feature","geometry":{"type":"LineString","coordinates":[[-63.01851,-17.73674],[-63.019,-17.73703]]},"properties":{"description":"LOTES","styleUrl":"#line5","stroke-opacity":1,"stroke":"#000000","stroke-width":1,"name":"FONDO"}},
{"type":"Feature","geometry":{"type":"LineString","coordinates":[[-63.01848,-17.73683],[-63.01895,-17.7371]]},"properties":{"description":"LOTES","styleUrl":"#line5","stroke-opacity":1,"stroke":"#000000","stroke-width":1,"name":"FONDO"}},
{"type":"Feature","geometry":{"type":"LineString","coordinates":[[-63.01846,-17.73693],[-63.0189,-17.73718]]},"properties":{"description":"LOTES","styleUrl":"#line5","stroke-opacity":1,"stroke":"#000000","stroke-width":1,"name":"FONDO"}},
{"type":"Feature","geometry":{"type":"LineString","coordinates":[[-63.01844,-17.73702],[-63.01885,-17.73726]]},"properties":{"description":"LOTES","styleUrl":"#line5","stroke-opacity":1,"stroke":"#000000","stroke-width":1,"name":"FONDO"}},
{"type":"Feature","geometry":{"type":"LineString","coordinates":[[-63.01841,-17.73711],[-63.0188,-17.73734]]},"properties":{"description":"LOTES","styleUrl":"#line5","stroke-opacity":1,"stroke":"#000000","stroke-width":1,"name":"FONDO"}},
{"type":"Feature","geometry":{"type":"LineString","coordinates":[[-63.01839,-17.7372],[-63.01875,-17.73741]]},"properties":{"description":"LOTES","styleUrl":"#line5","stroke-opacity":1,"stroke":"#000000","stroke-width":1,"name":"FONDO"}},
{"type":"Feature","geometry":{"type":"LineString","coordinates":[[-63.01837,-17.73729],[-63.01871,-17.73749]]},"properties":{"description":"LOTES","styleUrl":"#line5","stroke-opacity":1,"stroke":"#000000","stroke-width":1,"name":"FONDO"}},
{"type":"Feature","geometry":{"type":"LineString","coordinates":[[-63.01834,-17.73739],[-63.01866,-17.73757]]},"properties":{"description":"LOTES","styleUrl":"#line5","stroke-opacity":1,"stroke":"#000000","stroke-width":1,"name":"FONDO"}},
{"type":"Feature","geometry":{"type":"LineString","coordinates":[[-63.01832,-17.73748],[-63.01861,-17.73764]]},"properties":{"description":"LOTES","styleUrl":"#line5","stroke-opacity":1,"stroke":"#000000","stroke-width":1,"name":"FONDO"}},
{"type":"Feature","geometry":{"type":"LineString","coordinates":[[-63.0183,-17.73757],[-63.01856,-17.73772]]},"properties":{"description":"LOTES","styleUrl":"#line5","stroke-opacity":1,"stroke":"#000000","stroke-width":1,"name":"FONDO"}},
{"type":"Feature","geometry":{"type":"LineString","coordinates":[[-63.01897,-17.73659],[-63.01914,-17.73631]]},"properties":{"description":"LOTES","styleUrl":"#line5","stroke-opacity":1,"stroke":"#000000","stroke-width":1,"name":"FONDO"}},
{"type":"Feature","geometry":{"type":"LineString","coordinates":[[-63.01889,-17.73654],[-63.01905,-17.73628]]},"properties":{"description":"LOTES","styleUrl":"#line5","stroke-opacity":1,"stroke":"#000000","stroke-width":1,"name":"FONDO"}},
{"type":"Feature","geometry":{"type":"LineString","coordinates":[[-63.01905,-17.73663],[-63.01923,-17.73635]]},"properties":{"description":"LOTES","styleUrl":"#line5","stroke-opacity":1,"stroke":"#000000","stroke-width":1,"name":"FONDO"}},
{"type":"Feature","geometry":{"type":"LineString","coordinates":[[-63.01881,-17.73649],[-63.01896,-17.73624]]},"properties":{"description":"LOTES","styleUrl":"#line5","stroke-opacity":1,"stroke":"#000000","stroke-width":1,"name":"FONDO"}},
{"type":"Feature","geometry":{"type":"LineString","coordinates":[[-63.01351,-17.74162],[-63.0136,-17.74119]]},"properties":{"description":"LOTES","styleUrl":"#line5","stroke-opacity":1,"stroke":"#000000","stroke-width":1,"name":"FONDO"}},
{"type":"Feature","geometry":{"type":"LineString","coordinates":[[-63.0136,-17.74119],[-63.0136,-17.74118],[-63.0136,-17.74117],[-63.01361,-17.74117],[-63.01361,-17.74116],[-63.01362,-17.74116],[-63.01362,-17.74115],[-63.01363,-17.74115],[-63.01364,-17.74115],[-63.01365,-17.74115],[-63.01365,-17.74114],[-63.01366,-17.74114],[-63.01367,-17.74114],[-63.01367,-17.74115]]},"properties":{"description":"LOTES","styleUrl":"#line5","stroke-opacity":1,"stroke":"#000000","stroke-width":1,"name":"FONDO"}},
{"type":"Feature","geometry":{"type":"LineString","coordinates":[[-63.01367,-17.74115],[-63.01423,-17.74125]]},"properties":{"description":"LOTES","styleUrl":"#line5","stroke-opacity":1,"stroke":"#000000","stroke-width":1,"name":"FONDO"}},
{"type":"Feature","geometry":{"type":"LineString","coordinates":[[-63.01423,-17.74125],[-63.01424,-17.74125],[-63.01425,-17.74125],[-63.01425,-17.74126],[-63.01426,-17.74126],[-63.01426,-17.74127],[-63.01427,-17.74127],[-63.01427,-17.74128],[-63.01428,-17.74128],[-63.01428,-17.74129],[-63.01428,-17.7413],[-63.01429,-17.7413],[-63.01429,-17.74131],[-63.01429,-17.74132],[-63.01428,-17.74132]]},"properties":{"description":"LOTES","styleUrl":"#line5","stroke-opacity":1,"stroke":"#000000","stroke-width":1,"name":"FONDO"}},
{"type":"Feature","geometry":{"type":"LineString","coordinates":[[-63.01428,-17.74132],[-63.01426,-17.74145]]},"properties":{"description":"LOTES","styleUrl":"#line5","stroke-opacity":1,"stroke":"#000000","stroke-width":1,"name":"FONDO"}},
{"type":"Feature","geometry":{"type":"LineString","coordinates":[[-63.01426,-17.74145],[-63.01416,-17.74196]]},"properties":{"description":"LOTES","styleUrl":"#line5","stroke-opacity":1,"stroke":"#000000","stroke-width":1,"name":"FONDO"}},
{"type":"Feature","geometry":{"type":"LineString","coordinates":[[-63.01416,-17.74196],[-63.0141,-17.74223]]},"properties":{"description":"LOTES","styleUrl":"#line5","stroke-opacity":1,"stroke":"#000000","stroke-width":1,"name":"FONDO"}},
{"type":"Feature","geometry":{"type":"LineString","coordinates":[[-63.0141,-17.74223],[-63.01405,-17.74249]]},"properties":{"description":"LOTES","styleUrl":"#line5","stroke-opacity":1,"stroke":"#000000","stroke-width":1,"name":"FONDO"}},
{"type":"Feature","geometry":{"type":"LineString","coordinates":[[-63.01405,-17.74249],[-63.01399,-17.74271]]},"properties":{"description":"LOTES","styleUrl":"#line5","stroke-opacity":1,"stroke":"#000000","stroke-width":1,"name":"FONDO"}},
{"type":"Feature","geometry":{"type":"LineString","coordinates":[[-63.01399,-17.74271],[-63.01398,-17.74271],[-63.01398,-17.74272],[-63.01398,-17.74273],[-63.01397,-17.74273],[-63.01397,-17.74274],[-63.01396,-17.74274],[-63.01396,-17.74275],[-63.01395,-17.74275],[-63.01394,-17.74275],[-63.01393,-17.74275],[-63.01392,-17.74275],[-63.01391,-17.74275],[-63.0139,-17.74275],[-63.01389,-17.74275],[-63.01389,-17.74274]]},"properties":{"description":"LOTES","styleUrl":"#line5","stroke-opacity":1,"stroke":"#000000","stroke-width":1,"name":"FONDO"}},
{"type":"Feature","geometry":{"type":"LineString","coordinates":[[-63.01389,-17.74274],[-63.01365,-17.74261]]},"properties":{"description":"LOTES","styleUrl":"#line5","stroke-opacity":1,"stroke":"#000000","stroke-width":1,"name":"FONDO"}},
{"type":"Feature","geometry":{"type":"LineString","coordinates":[[-63.01365,-17.74261],[-63.01338,-17.74246]]},"properties":{"description":"LOTES","styleUrl":"#line5","stroke-opacity":1,"stroke":"#000000","stroke-width":1,"name":"FONDO"}},
{"type":"Feature","geometry":{"type":"LineString","coordinates":[[-63.01338,-17.74246],[-63.01337,-17.74246],[-63.01337,-17.74245],[-63.01336,-17.74245],[-63.01336,-17.74244],[-63.01336,-17.74243],[-63.01335,-17.74243],[-63.01335,-17.74242],[-63.01335,-17.74241],[-63.01335,-17.7424],[-63.01335,-17.74239]]},"properties":{"description":"LOTES","styleUrl":"#line5","stroke-opacity":1,"stroke":"#000000","stroke-width":1,"name":"FONDO"}},
{"type":"Feature","geometry":{"type":"LineString","coordinates":[[-63.01335,-17.74239],[-63.01351,-17.74162]]},"properties":{"description":"LOTES","styleUrl":"#line5","stroke-opacity":1,"stroke":"#000000","stroke-width":1,"name":"FONDO"}},
{"type":"Feature","geometry":{"type":"LineString","coordinates":[[-63.01704,-17.73614],[-63.01692,-17.73626]]},"properties":{"description":"0","styleUrl":"#line5","stroke-opacity":1,"stroke":"#000000","stroke-width":1,"name":"FONDO"}},
{"type":"Feature","geometry":{"type":"LineString","coordinates":[[-63.01704,-17.73626],[-63.01692,-17.73614]]},"properties":{"description":"0","styleUrl":"#line5","stroke-opacity":1,"stroke":"#000000","stroke-width":1,"name":"FONDO"}},
{"type":"Feature","geometry":{"type":"LineString","coordinates":[[-63.01698,-17.73607],[-63.01699,-17.73606],[-63.017,-17.73606],[-63.017,-17.73605],[-63.01701,-17.73605],[-63.01702,-17.73605],[-63.01702,-17.73604],[-63.01703,-17.73604],[-63.01704,-17.73604],[-63.01705,-17.73604],[-63.01706,-17.73604],[-63.01707,-17.73604],[-63.01708,-17.73604],[-63.01708,-17.73605],[-63.01709,-17.73605],[-63.0171,-17.73605],[-63.0171,-17.73606],[-63.01711,-17.73606],[-63.01712,-17.73606],[-63.01712,-17.73607],[-63.01713,-17.73608],[-63.01713,-17.73609],[-63.01714,-17.73609],[-63.01714,-17.7361],[-63.01714,-17.73611],[-63.01714,-17.73612],[-63.01714,-17.73613],[-63.01714,-17.73614],[-63.01714,-17.73615],[-63.01714,-17.73616],[-63.01713,-17.73617],[-63.01713,-17.73618],[-63.01712,-17.73618],[-63.01712,-17.73619],[-63.01711,-17.73619],[-63.01711,-17.7362]]},"properties":{"description":"0","styleUrl":"#line5","stroke-opacity":1,"stroke":"#000000","stroke-width":1,"name":"FONDO"}},
{"type":"Feature","geometry":{"type":"LineString","coordinates":[[-63.01698,-17.73632],[-63.01699,-17.73632],[-63.017,-17.73632],[-63.01701,-17.73632],[-63.01702,-17.73632],[-63.01703,-17.73632],[-63.01704,-17.73631],[-63.01705,-17.73631],[-63.01706,-17.73631],[-63.01706,-17.7363],[-63.01707,-17.7363],[-63.01708,-17.7363],[-63.01708,-17.73629],[-63.01709,-17.73629],[-63.01709,-17.73628],[-63.0171,-17.73628],[-63.0171,-17.73627],[-63.01711,-17.73626],[-63.01711,-17.73625],[-63.01712,-17.73625],[-63.01712,-17.73624],[-63.01712,-17.73623],[-63.01713,-17.73622],[-63.01713,-17.73621],[-63.01713,-17.7362],[-63.01713,-17.73619],[-63.01713,-17.73618],[-63.01713,-17.73617],[-63.01713,-17.73616],[-63.01713,-17.73615],[-63.01712,-17.73615],[-63.01712,-17.73614],[-63.01712,-17.73613],[-63.01711,-17.73612],[-63.01711,-17.73611],[-63.0171,-17.73611],[-63.0171,-17.7361],[-63.01709,-17.7361],[-63.01709,-17.73609],[-63.01708,-17.73609],[-63.01708,-17.73608],[-63.01707,-17.73608],[-63.01707,-17.73607],[-63.01706,-17.73607],[-63.01705,-17.73607],[-63.01705,-17.73606],[-63.01704,-17.73606],[-63.01703,-17.73606],[-63.01702,-17.73606],[-63.01702,-17.73605],[-63.01701,-17.73605],[-63.017,-17.73605],[-63.01699,-17.73605],[-63.01698,-17.73605],[-63.01697,-17.73605],[-63.01696,-17.73605],[-63.01696,-17.73606],[-63.01695,-17.73606],[-63.01694,-17.73606],[-63.01693,-17.73606],[-63.01693,-17.73607],[-63.01692,-17.73607],[-63.01691,-17.73607],[-63.01691,-17.73608],[-63.0169,-17.73608],[-63.01689,-17.73609],[-63.01688,-17.7361],[-63.01688,-17.73611],[-63.01687,-17.73611],[-63.01687,-17.73612],[-63.01686,-17.73612],[-63.01686,-17.73613],[-63.01686,-17.73614],[-63.01685,-17.73615],[-63.01685,-17.73616],[-63.01685,-17.73617],[-63.01685,-17.73618],[-63.01685,-17.73619],[-63.01685,-17.7362]]},"properties":{"description":"0","styleUrl":"#line5","stroke-opacity":1,"stroke":"#000000","stroke-width":1,"name":"FONDO"}},
{"type":"Feature","geometry":{"type":"LineString","coordinates":[[-63.01696,-17.73621],[-63.01698,-17.73632]]},"properties":{"description":"0","styleUrl":"#line5","stroke-opacity":1,"stroke":"#000000","stroke-width":1,"name":"FONDO"}},
{"type":"Feature","geometry":{"type":"LineString","coordinates":[[-63.01696,-17.73618],[-63.01698,-17.73608],[-63.01698,-17.7362],[-63.01696,-17.73618]]},"properties":{"description":"0","styleUrl":"#line5","stroke-opacity":1,"stroke":"#000000","stroke-width":1,"name":"FONDO"}},
{"type":"Feature","geometry":{"type":"LineString","coordinates":[[-63.01698,-17.7362],[-63.01696,-17.73618],[-63.01698,-17.73608],[-63.01698,-17.7362],[-63.01686,-17.7362],[-63.01696,-17.73621],[-63.01699,-17.73618],[-63.0171,-17.7362],[-63.01698,-17.7362],[-63.01699,-17.73621],[-63.01698,-17.73632],[-63.01698,-17.7362]]},"properties":{"description":"0","styleUrl":"#line5","stroke-opacity":1,"stroke":"#000000","stroke-width":1,"name":"FONDO"}},
{"type":"Feature","geometry":{"type":"LineString","coordinates":[[-63.0171,-17.7362],[-63.01686,-17.7362]]},"properties":{"description":"0","styleUrl":"#line5","stroke-opacity":1,"stroke":"#000000","stroke-width":1,"name":"FONDO"}},
{"type":"Feature","geometry":{"type":"LineString","coordinates":[[-63.01699,-17.73617],[-63.01704,-17.73614],[-63.01701,-17.73619]]},"properties":{"description":"0","styleUrl":"#line5","stroke-opacity":1,"stroke":"#000000","stroke-width":1,"name":"FONDO"}},
{"type":"Feature","geometry":{"type":"LineString","coordinates":[[-63.01698,-17.73608],[-63.01699,-17.73618]]},"properties":{"description":"0","styleUrl":"#line5","stroke-opacity":1,"stroke":"#000000","stroke-width":1,"name":"FONDO"}},
{"type":"Feature","geometry":{"type":"LineString","coordinates":[[-63.01698,-17.73632],[-63.01698,-17.73608]]},"properties":{"description":"0","styleUrl":"#line5","stroke-opacity":1,"stroke":"#000000","stroke-width":1,"name":"FONDO"}},
{"type":"Feature","geometry":{"type":"LineString","coordinates":[[-63.01699,-17.73621],[-63.0171,-17.7362]]},"properties":{"description":"0","styleUrl":"#line5","stroke-opacity":1,"stroke":"#000000","stroke-width":1,"name":"FONDO"}},
{"type":"Feature","geometry":{"type":"LineString","coordinates":[[-63.0171,-17.7362],[-63.01713,-17.7362]]},"properties":{"description":"0","styleUrl":"#line5","stroke-opacity":1,"stroke":"#000000","stroke-width":1,"name":"FONDO"}},
{"type":"Feature","geometry":{"type":"LineString","coordinates":[[-63.01698,-17.73632],[-63.01698,-17.73635]]},"properties":{"description":"0","styleUrl":"#line5","stroke-opacity":1,"stroke":"#000000","stroke-width":1,"name":"FONDO"}},
{"type":"Feature","geometry":{"type":"LineString","coordinates":[[-63.01701,-17.73621],[-63.01704,-17.73626],[-63.01699,-17.73622]]},"properties":{"description":"0","styleUrl":"#line5","stroke-opacity":1,"stroke":"#000000","stroke-width":1,"name":"FONDO"}},
{"type":"Feature","geometry":{"type":"LineString","coordinates":[[-63.01698,-17.73608],[-63.01698,-17.73601]]},"properties":{"description":"0","styleUrl":"#line5","stroke-opacity":1,"stroke":"#000000","stroke-width":1,"name":"FONDO"}},
{"type":"Feature","geometry":{"type":"LineString","coordinates":[[-63.01695,-17.73619],[-63.01692,-17.73614],[-63.01696,-17.73617]]},"properties":{"description":"0","styleUrl":"#line5","stroke-opacity":1,"stroke":"#000000","stroke-width":1,"name":"FONDO"}},
{"type":"Feature","geometry":{"type":"LineString","coordinates":[[-63.01696,-17.73618],[-63.01686,-17.7362]]},"properties":{"description":"0","styleUrl":"#line5","stroke-opacity":1,"stroke":"#000000","stroke-width":1,"name":"FONDO"}},
{"type":"Feature","geometry":{"type":"LineString","coordinates":[[-63.01695,-17.73621],[-63.01692,-17.73626],[-63.01696,-17.73622]]},"properties":{"description":"0","styleUrl":"#line5","stroke-opacity":1,"stroke":"#000000","stroke-width":1,"name":"FONDO"}},
{"type":"Feature","geometry":{"type":"LineString","coordinates":[[-63.01686,-17.7362],[-63.01682,-17.7362]]},"properties":{"description":"0","styleUrl":"#line5","stroke-opacity":1,"stroke":"#000000","stroke-width":1,"name":"FONDO"}},
{"type":"Feature","geometry":{"type":"LineString","coordinates":[[-63.02155,-17.73583],[-63.0215,-17.73576]]},"properties":{"description":"COTAS","styleUrl":"#line5","stroke-opacity":1,"stroke":"#000000","stroke-width":1,"name":"FONDO"}},
{"type":"Feature","geometry":{"type":"LineString","coordinates":[[-63.0215,-17.73576],[-63.02096,-17.73567]]},"properties":{"description":"COTAS","styleUrl":"#line5","stroke-opacity":1,"stroke":"#000000","stroke-width":1,"name":"FONDO"}},
{"type":"Feature","geometry":{"type":"LineString","coordinates":[[-63.02096,-17.73567],[-63.0205,-17.73533]]},"properties":{"description":"COTAS","styleUrl":"#line5","stroke-opacity":1,"stroke":"#000000","stroke-width":1,"name":"FONDO"}},
{"type":"Feature","geometry":{"type":"LineString","coordinates":[[-63.0205,-17.73533],[-63.02035,-17.73526]]},"properties":{"description":"COTAS","styleUrl":"#line5","stroke-opacity":1,"stroke":"#000000","stroke-width":1,"name":"FONDO"}},
{"type":"Feature","geometry":{"type":"LineString","coordinates":[[-63.02035,-17.73526],[-63.02018,-17.73524]]},"properties":{"description":"COTAS","styleUrl":"#line5","stroke-opacity":1,"stroke":"#000000","stroke-width":1,"name":"FONDO"}},
{"type":"Feature","geometry":{"type":"LineString","coordinates":[[-63.02018,-17.73524],[-63.0201,-17.73522]]},"properties":{"description":"COTAS","styleUrl":"#line5","stroke-opacity":1,"stroke":"#000000","stroke-width":1,"name":"FONDO"}},
{"type":"Feature","geometry":{"type":"LineString","coordinates":[[-63.0201,-17.73522],[-63.01985,-17.73504]]},"properties":{"description":"COTAS","styleUrl":"#line5","stroke-opacity":1,"stroke":"#000000","stroke-width":1,"name":"FONDO"}},
{"type":"Feature","geometry":{"type":"LineString","coordinates":[[-63.01985,-17.73504],[-63.01975,-17.7351]]},"properties":{"description":"COTAS","styleUrl":"#line5","stroke-opacity":1,"stroke":"#000000","stroke-width":1,"name":"FONDO"}},
{"type":"Feature","geometry":{"type":"LineString","coordinates":[[-63.01975,-17.7351],[-63.0197,-17.73514]]},"properties":{"description":"COTAS","styleUrl":"#line5","stroke-opacity":1,"stroke":"#000000","stroke-width":1,"name":"FONDO"}},
{"type":"Feature","geometry":{"type":"LineString","coordinates":[[-63.0197,-17.73514],[-63.0196,-17.7352]]},"properties":{"description":"COTAS","styleUrl":"#line5","stroke-opacity":1,"stroke":"#000000","stroke-width":1,"name":"FONDO"}},
{"type":"Feature","geometry":{"type":"LineString","coordinates":[[-63.0196,-17.7352],[-63.01943,-17.7353]]},"properties":{"description":"COTAS","styleUrl":"#line5","stroke-opacity":1,"stroke":"#000000","stroke-width":1,"name":"FONDO"}},
{"type":"Feature","geometry":{"type":"LineString","coordinates":[[-63.01943,-17.7353],[-63.01929,-17.73534]]},"properties":{"description":"COTAS","styleUrl":"#line5","stroke-opacity":1,"stroke":"#000000","stroke-width":1,"name":"FONDO"}},
{"type":"Feature","geometry":{"type":"LineString","coordinates":[[-63.01929,-17.73534],[-63.01924,-17.73535]]},"properties":{"description":"COTAS","styleUrl":"#line5","stroke-opacity":1,"stroke":"#000000","stroke-width":1,"name":"FONDO"}},
{"type":"Feature","geometry":{"type":"LineString","coordinates":[[-63.01924,-17.73535],[-63.01915,-17.73535]]},"properties":{"description":"COTAS","styleUrl":"#line5","stroke-opacity":1,"stroke":"#000000","stroke-width":1,"name":"FONDO"}},
{"type":"Feature","geometry":{"type":"LineString","coordinates":[[-63.01915,-17.73535],[-63.01905,-17.73536]]},"properties":{"description":"COTAS","styleUrl":"#line5","stroke-opacity":1,"stroke":"#000000","stroke-width":1,"name":"FONDO"}},
{"type":"Feature","geometry":{"type":"LineString","coordinates":[[-63.01905,-17.73536],[-63.01892,-17.73533]]},"properties":{"description":"COTAS","styleUrl":"#line5","stroke-opacity":1,"stroke":"#000000","stroke-width":1,"name":"FONDO"}},
{"type":"Feature","geometry":{"type":"LineString","coordinates":[[-63.01892,-17.73533],[-63.01886,-17.73531]]},"properties":{"description":"COTAS","styleUrl":"#line5","stroke-opacity":1,"stroke":"#000000","stroke-width":1,"name":"FONDO"}},
{"type":"Feature","geometry":{"type":"LineString","coordinates":[[-63.01886,-17.73531],[-63.0189,-17.73515]]},"properties":{"description":"COTAS","styleUrl":"#line5","stroke-opacity":1,"stroke":"#000000","stroke-width":1,"name":"FONDO"}},
{"type":"Feature","geometry":{"type":"LineString","coordinates":[[-63.0189,-17.73515],[-63.01906,-17.73517]]},"properties":{"description":"COTAS","styleUrl":"#line5","stroke-opacity":1,"stroke":"#000000","stroke-width":1,"name":"FONDO"}},
{"type":"Feature","geometry":{"type":"LineString","coordinates":[[-63.01906,-17.73517],[-63.01922,-17.73517]]},"properties":{"description":"COTAS","styleUrl":"#line5","stroke-opacity":1,"stroke":"#000000","stroke-width":1,"name":"FONDO"}},
{"type":"Feature","geometry":{"type":"LineString","coordinates":[[-63.01922,-17.73517],[-63.01925,-17.73516]]},"properties":{"description":"COTAS","styleUrl":"#line5","stroke-opacity":1,"stroke":"#000000","stroke-width":1,"name":"FONDO"}},
{"type":"Feature","geometry":{"type":"LineString","coordinates":[[-63.01925,-17.73516],[-63.01935,-17.73513]]},"properties":{"description":"COTAS","styleUrl":"#line5","stroke-opacity":1,"stroke":"#000000","stroke-width":1,"name":"FONDO"}},
{"type":"Feature","geometry":{"type":"LineString","coordinates":[[-63.01935,-17.73513],[-63.01963,-17.73497]]},"properties":{"description":"COTAS","styleUrl":"#line5","stroke-opacity":1,"stroke":"#000000","stroke-width":1,"name":"FONDO"}},
{"type":"Feature","geometry":{"type":"LineString","coordinates":[[-63.01963,-17.73497],[-63.01985,-17.73504]]},"properties":{"description":"COTAS","styleUrl":"#line5","stroke-opacity":1,"stroke":"#000000","stroke-width":1,"name":"FONDO"}},
{"type":"Feature","geometry":{"type":"LineString","coordinates":[[-63.01985,-17.73504],[-63.0201,-17.73522]]},"properties":{"description":"COTAS","styleUrl":"#line5","stroke-opacity":1,"stroke":"#000000","stroke-width":1,"name":"FONDO"}},
{"type":"Feature","geometry":{"type":"LineString","coordinates":[[-63.0201,-17.73522],[-63.02018,-17.73524]]},"properties":{"description":"COTAS","styleUrl":"#line5","stroke-opacity":1,"stroke":"#000000","stroke-width":1,"name":"FONDO"}},
{"type":"Feature","geometry":{"type":"LineString","coordinates":[[-63.02018,-17.73524],[-63.02043,-17.73519]]},"properties":{"description":"COTAS","styleUrl":"#line5","stroke-opacity":1,"stroke":"#000000","stroke-width":1,"name":"FONDO"}},
{"type":"Feature","geometry":{"type":"LineString","coordinates":[[-63.02043,-17.73519],[-63.02053,-17.73516]]},"properties":{"description":"COTAS","styleUrl":"#line5","stroke-opacity":1,"stroke":"#000000","stroke-width":1,"name":"FONDO"}},
{"type":"Feature","geometry":{"type":"LineString","coordinates":[[-63.02053,-17.73516],[-63.02065,-17.73503]]},"properties":{"description":"COTAS","styleUrl":"#line5","stroke-opacity":1,"stroke":"#000000","stroke-width":1,"name":"FONDO"}},
{"type":"Feature","geometry":{"type":"LineString","coordinates":[[-63.02065,-17.73503],[-63.02078,-17.73499]]},"properties":{"description":"COTAS","styleUrl":"#line5","stroke-opacity":1,"stroke":"#000000","stroke-width":1,"name":"FONDO"}},
{"type":"Feature","geometry":{"type":"LineString","coordinates":[[-63.02078,-17.73499],[-63.02082,-17.73527]]},"properties":{"description":"COTAS","styleUrl":"#line5","stroke-opacity":1,"stroke":"#000000","stroke-width":1,"name":"FONDO"}},
{"type":"Feature","geometry":{"type":"LineString","coordinates":[[-63.02082,-17.73527],[-63.02084,-17.7353]]},"properties":{"description":"COTAS","styleUrl":"#line5","stroke-opacity":1,"stroke":"#000000","stroke-width":1,"name":"FONDO"}},
{"type":"Feature","geometry":{"type":"LineString","coordinates":[[-63.02084,-17.7353],[-63.02086,-17.73532]]},"properties":{"description":"COTAS","styleUrl":"#line5","stroke-opacity":1,"stroke":"#000000","stroke-width":1,"name":"FONDO"}},
{"type":"Feature","geometry":{"type":"LineString","coordinates":[[-63.02086,-17.73532],[-63.02108,-17.73545]]},"properties":{"description":"COTAS","styleUrl":"#line5","stroke-opacity":1,"stroke":"#000000","stroke-width":1,"name":"FONDO"}},
{"type":"Feature","geometry":{"type":"LineString","coordinates":[[-63.02108,-17.73545],[-63.02132,-17.73551]]},"properties":{"description":"COTAS","styleUrl":"#line5","stroke-opacity":1,"stroke":"#000000","stroke-width":1,"name":"FONDO"}},
{"type":"Feature","geometry":{"type":"LineString","coordinates":[[-63.02132,-17.73551],[-63.02164,-17.73556]]},"properties":{"description":"COTAS","styleUrl":"#line5","stroke-opacity":1,"stroke":"#000000","stroke-width":1,"name":"FONDO"}},
{"type":"Feature","geometry":{"type":"LineString","coordinates":[[-63.02164,-17.73556],[-63.0218,-17.73576]]},"properties":{"description":"COTAS","styleUrl":"#line5","stroke-opacity":1,"stroke":"#000000","stroke-width":1,"name":"FONDO"}},
{"type":"Feature","geometry":{"type":"LineString","coordinates":[[-63.0218,-17.73576],[-63.02167,-17.73596]]},"properties":{"description":"COTAS","styleUrl":"#line5","stroke-opacity":1,"stroke":"#000000","stroke-width":1,"name":"FONDO"}},
{"type":"Feature","geometry":{"type":"LineString","coordinates":[[-63.02167,-17.73596],[-63.02155,-17.73583]]},"properties":{"description":"COTAS","styleUrl":"#line5","stroke-opacity":1,"stroke":"#000000","stroke-width":1,"name":"FONDO"}},
{"type":"Feature","geometry":{"type":"LineString","coordinates":[[-63.01574,-17.74158],[-63.0171,-17.73941]]},"properties":{"description":"LOTES","styleUrl":"#line6","stroke-opacity":1,"stroke":"#848484","stroke-width":1,"name":"FONDO"}},
{"type":"Feature","geometry":{"type":"LineString","coordinates":[[-63.01807,-17.73787],[-63.01717,-17.73931]]},"properties":{"description":"LOTES","styleUrl":"#line6","stroke-opacity":1,"stroke":"#848484","stroke-width":1,"name":"FONDO"}},
{"type":"Feature","geometry":{"type":"LineString","coordinates":[[-63.01949,-17.73636],[-63.01426,-17.74467]]},"properties":{"description":"EJES","styleUrl":"#line7","stroke-opacity":1,"stroke":"#FF00FF","stroke-width":1,"name":"FONDO"}},
{"type":"Feature","geometry":{"type":"LineString","coordinates":[[-63.01584,-17.7452],[-63.014,-17.74289]]},"properties":{"description":"EJES","styleUrl":"#line7","stroke-opacity":1,"stroke":"#FF00FF","stroke-width":1,"name":"FONDO"}},
{"type":"Feature","geometry":{"type":"LineString","coordinates":[[-63.0152,-17.74626],[-63.0136,-17.74392]]},"properties":{"description":"EJES","styleUrl":"#line7","stroke-opacity":1,"stroke":"#FF00FF","stroke-width":1,"name":"FONDO"}},
{"type":"Feature","geometry":{"type":"LineString","coordinates":[[-63.02167,-17.73596],[-63.02157,-17.73613],[-63.02095,-17.73711],[-63.01894,-17.74025],[-63.01861,-17.74078]]},"properties":{"description":"EJES","styleUrl":"#line7","stroke-opacity":1,"stroke":"#FF00FF","stroke-width":1,"name":"FONDO"}},
{"type":"Feature","geometry":{"type":"LineString","coordinates":[[-63.02019,-17.73663],[-63.01532,-17.74437]]},"properties":{"description":"EJES","styleUrl":"#line7","stroke-opacity":1,"stroke":"#FF00FF","stroke-width":1,"name":"FONDO"}},
{"type":"Feature","geometry":{"type":"LineString","coordinates":[[-63.01879,-17.73608],[-63.01432,-17.74319]]},"properties":{"description":"EJES","styleUrl":"#line7","stroke-opacity":1,"stroke":"#FF00FF","stroke-width":1,"name":"FONDO"}},
{"type":"Feature","geometry":{"type":"LineString","coordinates":[[-63.01854,-17.73787],[-63.01653,-17.7376],[-63.01615,-17.73758]]},"properties":{"description":"EJES","styleUrl":"#line7","stroke-opacity":1,"stroke":"#FF00FF","stroke-width":1,"name":"FONDO"}},
{"type":"Feature","geometry":{"type":"LineString","coordinates":[[-63.0171,-17.73878],[-63.01635,-17.73848]]},"properties":{"description":"EJES","styleUrl":"#line7","stroke-opacity":1,"stroke":"#FF00FF","stroke-width":1,"name":"FONDO"}},
{"type":"Feature","geometry":{"type":"LineString","coordinates":[[-63.0149,-17.74227],[-63.01421,-17.7419]]},"properties":{"description":"EJES","styleUrl":"#line7","stroke-opacity":1,"stroke":"#FF00FF","stroke-width":1,"name":"FONDO"}},
{"type":"Feature","geometry":{"type":"LineString","coordinates":[[-63.01812,-17.73993],[-63.01684,-17.73919]]},"properties":{"description":"EJES","styleUrl":"#line7","stroke-opacity":1,"stroke":"#FF00FF","stroke-width":1,"name":"FONDO"}},
{"type":"Feature","geometry":{"type":"LineString","coordinates":[[-63.01987,-17.73866],[-63.01853,-17.73788]]},"properties":{"description":"EJES","styleUrl":"#line7","stroke-opacity":1,"stroke":"#FF00FF","stroke-width":1,"name":"FONDO"}},
{"type":"Feature","geometry":{"type":"LineString","coordinates":[[-63.02097,-17.73694],[-63.01868,-17.73604]]},"properties":{"description":"EJES","styleUrl":"#line7","stroke-opacity":1,"stroke":"#FF00FF","stroke-width":1,"name":"FONDO"}},
{"type":"Feature","geometry":{"type":"LineString","coordinates":[[-63.02112,-17.7367],[-63.01874,-17.73576]]},"properties":{"description":"EJES","styleUrl":"#line7","stroke-opacity":1,"stroke":"#FF00FF","stroke-width":1,"name":"FONDO"}},
{"type":"Feature","geometry":{"type":"LineString","coordinates":[[-63.01436,-17.74121],[-63.01543,-17.74142]]},"properties":{"description":"EJES","styleUrl":"#line7","stroke-opacity":1,"stroke":"#FF00FF","stroke-width":1,"name":"FONDO"}},
{"type":"Feature","geometry":{"type":"LineString","coordinates":[[-63.01543,-17.74142],[-63.01616,-17.74197]]},"properties":{"description":"EJES","styleUrl":"#line7","stroke-opacity":1,"stroke":"#FF00FF","stroke-width":1,"name":"FONDO"}},
{"type":"Feature","geometry":{"type":"LineString","coordinates":[[-63.01616,-17.74197],[-63.01765,-17.74229]]},"properties":{"description":"EJES","styleUrl":"#line7","stroke-opacity":1,"stroke":"#FF00FF","stroke-width":1,"name":"FONDO"}},
{"type":"Feature","geometry":{"type":"LineString","coordinates":[[-63.01836,-17.74118],[-63.01797,-17.74179],[-63.01765,-17.74229],[-63.01677,-17.74368],[-63.0164,-17.74427],[-63.0152,-17.74626]]},"properties":{"description":"EJES","styleUrl":"#line7","stroke-opacity":1,"stroke":"#FF00FF","stroke-width":1,"name":"FONDO"}},
{"type":"Feature","geometry":{"type":"LineString","coordinates":[[-63.02178,-17.73605],[-63.02169,-17.7362],[-63.02107,-17.73718],[-63.01906,-17.74032],[-63.01809,-17.74186],[-63.01777,-17.74236],[-63.01689,-17.74375],[-63.01654,-17.7443]]},"properties":{"description":"LOTES","styleUrl":"#line8","stroke-opacity":1,"stroke":"#FF3F00","stroke-width":1,"name":"FONDO"}},
{"type":"Feature","geometry":{"type":"LineString","coordinates":[[-63.01338,-17.74334],[-63.01338,-17.74335],[-63.01338,-17.74336],[-63.01338,-17.74337],[-63.01337,-17.74337],[-63.01337,-17.74338],[-63.01336,-17.74339],[-63.01336,-17.7434],[-63.01335,-17.7434],[-63.01335,-17.74341],[-63.01334,-17.74341],[-63.01334,-17.74342],[-63.01333,-17.74342],[-63.01332,-17.74342],[-63.01332,-17.74343],[-63.01331,-17.74343],[-63.01331,-17.74344],[-63.0133,-17.74344]]},"properties":{"description":"ACERAS","styleUrl":"#line9","stroke-opacity":1,"stroke":"#000000","stroke-width":1,"name":"FONDO"}},
{"type":"Feature","geometry":{"type":"LineString","coordinates":[[-63.0133,-17.74252],[-63.01349,-17.74263]]},"properties":{"description":"ACERAS","styleUrl":"#line9","stroke-opacity":1,"stroke":"#000000","stroke-width":1,"name":"FONDO"}},
{"type":"Feature","geometry":{"type":"LineString","coordinates":[[-63.01349,-17.74263],[-63.0135,-17.74263],[-63.01351,-17.74263],[-63.01351,-17.74264],[-63.01352,-17.74264],[-63.01352,-17.74265],[-63.01352,-17.74266],[-63.01353,-17.74266],[-63.01353,-17.74267],[-63.01353,-17.74268],[-63.01354,-17.74268],[-63.01354,-17.74269],[-63.01354,-17.7427],[-63.01354,-17.74271],[-63.01354,-17.74272],[-63.01354,-17.74273]]},"properties":{"description":"ACERAS","styleUrl":"#line9","stroke-opacity":1,"stroke":"#000000","stroke-width":1,"name":"FONDO"}},
{"type":"Feature","geometry":{"type":"LineString","coordinates":[[-63.01354,-17.74273],[-63.01338,-17.74334]]},"properties":{"description":"ACERAS","styleUrl":"#line9","stroke-opacity":1,"stroke":"#000000","stroke-width":1,"name":"FONDO"}},
{"type":"Feature","geometry":{"type":"LineString","coordinates":[[-63.01406,-17.74589],[-63.01429,-17.74543]]},"properties":{"description":"ACERAS","styleUrl":"#line9","stroke-opacity":1,"stroke":"#000000","stroke-width":1,"name":"FONDO"}},
{"type":"Feature","geometry":{"type":"LineString","coordinates":[[-63.01492,-17.74667],[-63.01389,-17.74649]]},"properties":{"description":"ACERAS","styleUrl":"#line9","stroke-opacity":1,"stroke":"#000000","stroke-width":1,"name":"FONDO"}},
{"type":"Feature","geometry":{"type":"LineString","coordinates":[[-63.01389,-17.74649],[-63.01388,-17.74648],[-63.01387,-17.74648],[-63.01386,-17.74648],[-63.01386,-17.74647],[-63.01385,-17.74647],[-63.01385,-17.74646],[-63.01384,-17.74646],[-63.01384,-17.74645],[-63.01383,-17.74645],[-63.01383,-17.74644],[-63.01383,-17.74643],[-63.01382,-17.74643],[-63.01382,-17.74642],[-63.01382,-17.74641],[-63.01382,-17.7464],[-63.01382,-17.74639],[-63.01382,-17.74638],[-63.01383,-17.74638],[-63.01383,-17.74637]]},"properties":{"description":"ACERAS","styleUrl":"#line9","stroke-opacity":1,"stroke":"#000000","stroke-width":1,"name":"FONDO"}},
{"type":"Feature","geometry":{"type":"LineString","coordinates":[[-63.01383,-17.74637],[-63.01406,-17.74589]]},"properties":{"description":"ACERAS","styleUrl":"#line9","stroke-opacity":1,"stroke":"#000000","stroke-width":1,"name":"FONDO"}},
{"type":"Feature","geometry":{"type":"LineString","coordinates":[[-63.01455,-17.74542],[-63.01456,-17.74543],[-63.01456,-17.74544],[-63.01457,-17.74544],[-63.01457,-17.74545],[-63.01458,-17.74546],[-63.01458,-17.74547],[-63.01459,-17.74548],[-63.01459,-17.74549],[-63.0146,-17.74549],[-63.0146,-17.7455],[-63.0146,-17.74551],[-63.01461,-17.74551],[-63.01461,-17.74552],[-63.01462,-17.74553],[-63.01462,-17.74554],[-63.01463,-17.74555],[-63.01463,-17.74556],[-63.01464,-17.74556],[-63.01464,-17.74557],[-63.01465,-17.74558],[-63.01465,-17.74559],[-63.01466,-17.7456],[-63.01466,-17.74561],[-63.01467,-17.74561],[-63.01467,-17.74562],[-63.01467,-17.74563],[-63.01468,-17.74563],[-63.01468,-17.74564],[-63.01469,-17.74565],[-63.01469,-17.74566],[-63.0147,-17.74567],[-63.0147,-17.74568],[-63.01471,-17.74568],[-63.01471,-17.74569],[-63.01472,-17.7457],[-63.01472,-17.74571],[-63.01473,-17.74572],[-63.01473,-17.74573],[-63.01474,-17.74574],[-63.01474,-17.74575],[-63.01475,-17.74575],[-63.01475,-17.74576],[-63.01475,-17.74577],[-63.01476,-17.74578],[-63.01476,-17.74579],[-63.01477,-17.74579],[-63.01477,-17.7458],[-63.01478,-17.74581],[-63.01478,-17.74582],[-63.01479,-17.74583],[-63.01479,-17.74584],[-63.0148,-17.74585],[-63.0148,-17.74586],[-63.01481,-17.74587],[-63.01481,-17.74588],[-63.01482,-17.74589],[-63.01482,-17.7459],[-63.01483,-17.7459],[-63.01483,-17.74591],[-63.01483,-17.74592],[-63.01484,-17.74592],[-63.01484,-17.74593],[-63.01484,-17.74594],[-63.01485,-17.74595],[-63.01485,-17.74596],[-63.01486,-17.74596],[-63.01486,-17.74597],[-63.01486,-17.74598],[-63.01487,-17.74599],[-63.01487,-17.746],[-63.01488,-17.746],[-63.01488,-17.74601],[-63.01488,-17.74602],[-63.01489,-17.74602],[-63.01489,-17.74603],[-63.01489,-17.74604],[-63.0149,-17.74605],[-63.0149,-17.74606],[-63.01491,-17.74606],[-63.01491,-17.74607],[-63.01491,-17.74608],[-63.01492,-17.74609],[-63.01492,-17.7461],[-63.01493,-17.74611],[-63.01493,-17.74612],[-63.01494,-17.74613],[-63.01494,-17.74614],[-63.01495,-17.74615],[-63.01495,-17.74616],[-63.01496,-17.74617],[-63.01496,-17.74618],[-63.01497,-17.74619],[-63.01497,-17.7462],[-63.01497,-17.74621],[-63.01498,-17.74621],[-63.01498,-17.74622],[-63.01498,-17.74623],[-63.01499,-17.74624],[-63.01499,-17.74625],[-63.015,-17.74625],[-63.015,-17.74626],[-63.015,-17.74627],[-63.01501,-17.74628],[-63.01501,-17.74629],[-63.01501,-17.7463],[-63.01502,-17.7463],[-63.01502,-17.74631],[-63.01502,-17.74632],[-63.01503,-17.74633],[-63.01503,-17.74634],[-63.01504,-17.74635],[-63.01504,-17.74636],[-63.01505,-17.74637],[-63.01505,-17.74638],[-63.01505,-17.74639],[-63.01506,-17.74639],[-63.01506,-17.7464],[-63.01506,-17.74641],[-63.01507,-17.74642],[-63.01507,-17.74643],[-63.01507,-17.74644],[-63.01508,-17.74644],[-63.01508,-17.74645],[-63.01508,-17.74646],[-63.01509,-17.74647]]},"properties":{"description":"ACERAS","styleUrl":"#line9","stroke-opacity":1,"stroke":"#000000","stroke-width":1,"name":"FONDO"}},
{"type":"Feature","geometry":{"type":"LineString","coordinates":[[-63.01429,-17.74543],[-63.01429,-17.74542],[-63.0143,-17.74542],[-63.0143,-17.74541],[-63.0143,-17.7454],[-63.01431,-17.7454],[-63.01431,-17.74539],[-63.01432,-17.74539],[-63.01432,-17.74538],[-63.01433,-17.74538],[-63.01434,-17.74538],[-63.01434,-17.74537],[-63.01435,-17.74537],[-63.01436,-17.74536],[-63.01437,-17.74536],[-63.01438,-17.74536],[-63.01438,-17.74535],[-63.01439,-17.74535],[-63.0144,-17.74535],[-63.01441,-17.74535],[-63.01442,-17.74535],[-63.01443,-17.74535],[-63.01444,-17.74535],[-63.01445,-17.74535],[-63.01446,-17.74535],[-63.01447,-17.74536],[-63.01448,-17.74536],[-63.01449,-17.74536],[-63.01449,-17.74537],[-63.0145,-17.74537],[-63.01451,-17.74537],[-63.01451,-17.74538],[-63.01452,-17.74538],[-63.01452,-17.74539],[-63.01453,-17.74539],[-63.01453,-17.7454],[-63.01454,-17.7454],[-63.01454,-17.74541],[-63.01455,-17.74541],[-63.01455,-17.74542]]},"properties":{"description":"ACERAS","styleUrl":"#line9","stroke-opacity":1,"stroke":"#000000","stroke-width":1,"name":"FONDO"}},
{"type":"Feature","geometry":{"type":"LineString","coordinates":[[-63.01509,-17.74647],[-63.01509,-17.74648],[-63.01509,-17.74649],[-63.0151,-17.74649],[-63.0151,-17.7465],[-63.0151,-17.74651],[-63.0151,-17.74652],[-63.0151,-17.74653],[-63.0151,-17.74654],[-63.0151,-17.74655],[-63.0151,-17.74656],[-63.01509,-17.74656],[-63.01509,-17.74657],[-63.01509,-17.74658],[-63.01509,-17.74659],[-63.01508,-17.74659],[-63.01508,-17.7466],[-63.01507,-17.74661],[-63.01507,-17.74662],[-63.01506,-17.74662],[-63.01506,-17.74663],[-63.01505,-17.74663],[-63.01505,-17.74664],[-63.01504,-17.74664],[-63.01503,-17.74665],[-63.01502,-17.74665],[-63.01502,-17.74666],[-63.01501,-17.74666],[-63.015,-17.74666],[-63.01499,-17.74666],[-63.01499,-17.74667],[-63.01498,-17.74667],[-63.01497,-17.74667],[-63.01496,-17.74667],[-63.01495,-17.74667],[-63.01494,-17.74667],[-63.01493,-17.74667],[-63.01492,-17.74667]]},"properties":{"description":"ACERAS","styleUrl":"#line9","stroke-opacity":1,"stroke":"#000000","stroke-width":1,"name":"FONDO"}},
{"type":"Feature","geometry":{"type":"LineString","coordinates":[[-63.01491,-17.74672],[-63.01511,-17.74676]]},"properties":{"description":"ACERAS","styleUrl":"#line9","stroke-opacity":1,"stroke":"#000000","stroke-width":1,"name":"FONDO"}},
{"type":"Feature","geometry":{"type":"LineString","coordinates":[[-63.0152,-17.74805],[-63.01497,-17.74801]]},"properties":{"description":"ACERAS","styleUrl":"#line9","stroke-opacity":1,"stroke":"#000000","stroke-width":1,"name":"FONDO"}},
{"type":"Feature","geometry":{"type":"LineString","coordinates":[[-63.01497,-17.74801],[-63.01491,-17.748]]},"properties":{"description":"ACERAS","styleUrl":"#line9","stroke-opacity":1,"stroke":"#000000","stroke-width":1,"name":"FONDO"}},
{"type":"Feature","geometry":{"type":"LineString","coordinates":[[-63.01523,-17.74686],[-63.01523,-17.74687],[-63.01524,-17.74688],[-63.01524,-17.74689],[-63.01524,-17.7469],[-63.01525,-17.74691],[-63.01525,-17.74692],[-63.01525,-17.74693],[-63.01525,-17.74694],[-63.01526,-17.74694],[-63.01526,-17.74695],[-63.01526,-17.74696],[-63.01526,-17.74697],[-63.01526,-17.74698],[-63.01527,-17.74699],[-63.01527,-17.747],[-63.01527,-17.74701],[-63.01527,-17.74702],[-63.01528,-17.74703],[-63.01528,-17.74704],[-63.01528,-17.74705],[-63.01528,-17.74706],[-63.01529,-17.74707],[-63.01529,-17.74708],[-63.01529,-17.74709],[-63.01529,-17.7471],[-63.0153,-17.74711],[-63.0153,-17.74712],[-63.0153,-17.74713],[-63.0153,-17.74714],[-63.0153,-17.74715],[-63.01531,-17.74715],[-63.01531,-17.74716],[-63.01531,-17.74717],[-63.01531,-17.74718],[-63.01531,-17.74719],[-63.01531,-17.7472],[-63.01532,-17.74721],[-63.01532,-17.74722],[-63.01532,-17.74723],[-63.01532,-17.74724],[-63.01532,-17.74725],[-63.01533,-17.74726],[-63.01533,-17.74727],[-63.01533,-17.74728],[-63.01533,-17.74729],[-63.01533,-17.7473],[-63.01533,-17.74731],[-63.01534,-17.74732],[-63.01534,-17.74733],[-63.01534,-17.74734],[-63.01534,-17.74735],[-63.01534,-17.74736],[-63.01534,-17.74737],[-63.01534,-17.74738],[-63.01535,-17.74738],[-63.01535,-17.74739],[-63.01535,-17.7474],[-63.01535,-17.74741],[-63.01535,-17.74742],[-63.01535,-17.74743],[-63.01535,-17.74744],[-63.01535,-17.74745],[-63.01535,-17.74746],[-63.01536,-17.74746],[-63.01536,-17.74747],[-63.01536,-17.74748],[-63.01536,-17.74749],[-63.01536,-17.7475],[-63.01536,-17.74751],[-63.01536,-17.74752],[-63.01536,-17.74753],[-63.01536,-17.74754],[-63.01536,-17.74755],[-63.01537,-17.74756],[-63.01537,-17.74757],[-63.01537,-17.74758],[-63.01537,-17.74759],[-63.01537,-17.7476],[-63.01537,-17.74761],[-63.01537,-17.74762],[-63.01537,-17.74763],[-63.01537,-17.74764],[-63.01537,-17.74765],[-63.01537,-17.74766],[-63.01537,-17.74767],[-63.01537,-17.74768],[-63.01537,-17.74769],[-63.01537,-17.7477],[-63.01537,-17.74771],[-63.01537,-17.74772],[-63.01538,-17.74773],[-63.01538,-17.74774],[-63.01538,-17.74775],[-63.01538,-17.74776],[-63.01538,-17.74777],[-63.01538,-17.74778],[-63.01538,-17.74779],[-63.01538,-17.7478],[-63.01538,-17.74781],[-63.01538,-17.74782],[-63.01538,-17.74783],[-63.01538,-17.74784],[-63.01538,-17.74785],[-63.01538,-17.74786],[-63.01538,-17.74787],[-63.01538,-17.74788],[-63.01538,-17.74789],[-63.01538,-17.7479],[-63.01538,-17.74791]]},"properties":{"description":"ACERAS","styleUrl":"#line9","stroke-opacity":1,"stroke":"#000000","stroke-width":1,"name":"FONDO"}},
{"type":"Feature","geometry":{"type":"LineString","coordinates":[[-63.01511,-17.74676],[-63.01512,-17.74676],[-63.01513,-17.74676],[-63.01514,-17.74676],[-63.01514,-17.74677],[-63.01515,-17.74677],[-63.01516,-17.74677],[-63.01516,-17.74678],[-63.01517,-17.74678],[-63.01518,-17.74678],[-63.01518,-17.74679],[-63.01519,-17.74679],[-63.01519,-17.7468],[-63.0152,-17.7468],[-63.0152,-17.74681],[-63.01521,-17.74681],[-63.01521,-17.74682],[-63.01522,-17.74683],[-63.01522,-17.74684],[-63.01523,-17.74684],[-63.01523,-17.74685],[-63.01523,-17.74686]]},"properties":{"description":"ACERAS","styleUrl":"#line9","stroke-opacity":1,"stroke":"#000000","stroke-width":1,"name":"FONDO"}},
{"type":"Feature","geometry":{"type":"LineString","coordinates":[[-63.01538,-17.74791],[-63.01538,-17.74792],[-63.01538,-17.74793],[-63.01537,-17.74793],[-63.01537,-17.74794],[-63.01537,-17.74795],[-63.01537,-17.74796],[-63.01536,-17.74796],[-63.01536,-17.74797],[-63.01536,-17.74798],[-63.01535,-17.74798],[-63.01535,-17.74799],[-63.01535,-17.748],[-63.01534,-17.748],[-63.01534,-17.74801],[-63.01533,-17.74801],[-63.01533,-17.74802],[-63.01532,-17.74802],[-63.01531,-17.74803],[-63.0153,-17.74803],[-63.0153,-17.74804],[-63.01529,-17.74804],[-63.01528,-17.74804],[-63.01527,-17.74804],[-63.01527,-17.74805],[-63.01526,-17.74805],[-63.01525,-17.74805],[-63.01524,-17.74805],[-63.01523,-17.74805],[-63.01522,-17.74805],[-63.01521,-17.74805],[-63.0152,-17.74805]]},"properties":{"description":"ACERAS","styleUrl":"#line9","stroke-opacity":1,"stroke":"#000000","stroke-width":1,"name":"FONDO"}},
{"type":"Feature","geometry":{"type":"LineString","coordinates":[[-63.0133,-17.74443],[-63.01387,-17.74453]]},"properties":{"description":"ACERAS","styleUrl":"#line9","stroke-opacity":1,"stroke":"#000000","stroke-width":1,"name":"FONDO"}},
{"type":"Feature","geometry":{"type":"LineString","coordinates":[[-63.01409,-17.74518],[-63.01367,-17.7451]]},"properties":{"description":"ACERAS","styleUrl":"#line9","stroke-opacity":1,"stroke":"#000000","stroke-width":1,"name":"FONDO"}},
{"type":"Feature","geometry":{"type":"LineString","coordinates":[[-63.01367,-17.7451],[-63.0133,-17.74504]]},"properties":{"description":"ACERAS","styleUrl":"#line9","stroke-opacity":1,"stroke":"#000000","stroke-width":1,"name":"FONDO"}},
{"type":"Feature","geometry":{"type":"LineString","coordinates":[[-63.01396,-17.74459],[-63.01396,-17.7446],[-63.01397,-17.7446],[-63.01397,-17.74461],[-63.01398,-17.74461],[-63.01398,-17.74462],[-63.01399,-17.74462],[-63.01399,-17.74463],[-63.014,-17.74463],[-63.014,-17.74464],[-63.01401,-17.74465],[-63.01401,-17.74466],[-63.01402,-17.74466],[-63.01402,-17.74467],[-63.01403,-17.74467],[-63.01403,-17.74468],[-63.01404,-17.74468],[-63.01404,-17.74469],[-63.01404,-17.7447],[-63.01405,-17.7447],[-63.01405,-17.74471],[-63.01406,-17.74471],[-63.01406,-17.74472],[-63.01407,-17.74472],[-63.01407,-17.74473],[-63.01408,-17.74473],[-63.01408,-17.74474],[-63.01409,-17.74475],[-63.01409,-17.74476],[-63.0141,-17.74476],[-63.0141,-17.74477],[-63.01411,-17.74477],[-63.01411,-17.74478],[-63.01412,-17.74479],[-63.01412,-17.7448],[-63.01413,-17.7448],[-63.01413,-17.74481],[-63.01414,-17.74481],[-63.01414,-17.74482],[-63.01415,-17.74483],[-63.01415,-17.74484],[-63.01416,-17.74484],[-63.01416,-17.74485],[-63.01417,-17.74485],[-63.01417,-17.74486],[-63.01418,-17.74486],[-63.01418,-17.74487],[-63.01418,-17.74488],[-63.01419,-17.74488],[-63.01419,-17.74489],[-63.0142,-17.74489],[-63.0142,-17.7449],[-63.01421,-17.74491],[-63.01421,-17.74492],[-63.01422,-17.74492],[-63.01422,-17.74493],[-63.01423,-17.74493],[-63.01423,-17.74494],[-63.01424,-17.74495]]},"properties":{"description":"ACERAS","styleUrl":"#line9","stroke-opacity":1,"stroke":"#000000","stroke-width":1,"name":"FONDO"}},
{"type":"Feature","geometry":{"type":"LineString","coordinates":[[-63.01424,-17.74495],[-63.01424,-17.74496],[-63.01425,-17.74496],[-63.01425,-17.74497],[-63.01425,-17.74498],[-63.01426,-17.74498],[-63.01426,-17.74499],[-63.01426,-17.745],[-63.01426,-17.74501],[-63.01427,-17.74501],[-63.01427,-17.74502],[-63.01427,-17.74503],[-63.01427,-17.74504],[-63.01427,-17.74505],[-63.01427,-17.74506],[-63.01427,-17.74507],[-63.01426,-17.74507],[-63.01426,-17.74508],[-63.01426,-17.74509],[-63.01426,-17.7451],[-63.01425,-17.7451],[-63.01425,-17.74511],[-63.01424,-17.74511],[-63.01424,-17.74512],[-63.01424,-17.74513],[-63.01423,-17.74513],[-63.01423,-17.74514],[-63.01422,-17.74514],[-63.01422,-17.74515],[-63.01421,-17.74515],[-63.0142,-17.74516],[-63.01419,-17.74516],[-63.01419,-17.74517],[-63.01418,-17.74517],[-63.01417,-17.74517],[-63.01416,-17.74517],[-63.01416,-17.74518],[-63.01415,-17.74518],[-63.01414,-17.74518],[-63.01413,-17.74518],[-63.01412,-17.74518],[-63.01411,-17.74518],[-63.0141,-17.74518],[-63.01409,-17.74518]]},"properties":{"description":"ACERAS","styleUrl":"#line9","stroke-opacity":1,"stroke":"#000000","stroke-width":1,"name":"FONDO"}},
{"type":"Feature","geometry":{"type":"LineString","coordinates":[[-63.01387,-17.74453],[-63.01387,-17.74454],[-63.01388,-17.74454],[-63.01389,-17.74454],[-63.0139,-17.74454],[-63.0139,-17.74455],[-63.01391,-17.74455],[-63.01392,-17.74455],[-63.01392,-17.74456],[-63.01393,-17.74456],[-63.01394,-17.74456],[-63.01394,-17.74457],[-63.01395,-17.74457],[-63.01395,-17.74458],[-63.01396,-17.74458],[-63.01396,-17.74459]]},"properties":{"description":"ACERAS","styleUrl":"#line9","stroke-opacity":1,"stroke":"#000000","stroke-width":1,"name":"FONDO"}},
{"type":"Feature","geometry":{"type":"LineString","coordinates":[[-63.01371,-17.74016],[-63.01355,-17.74094]]},"properties":{"description":"ACERAS","styleUrl":"#line9","stroke-opacity":1,"stroke":"#000000","stroke-width":1,"name":"FONDO"}},
{"type":"Feature","geometry":{"type":"LineString","coordinates":[[-63.01355,-17.74094],[-63.01355,-17.74095],[-63.01355,-17.74096],[-63.01354,-17.74096],[-63.01354,-17.74097],[-63.01354,-17.74098],[-63.01353,-17.74098],[-63.01353,-17.74099],[-63.01352,-17.74099],[-63.01351,-17.74099],[-63.01351,-17.741],[-63.0135,-17.741],[-63.01349,-17.741],[-63.01349,-17.74101],[-63.01348,-17.74101],[-63.01347,-17.74101],[-63.01346,-17.74101],[-63.01345,-17.74101],[-63.01344,-17.74101]]},"properties":{"description":"ACERAS","styleUrl":"#line9","stroke-opacity":1,"stroke":"#000000","stroke-width":1,"name":"FONDO"}},
{"type":"Feature","geometry":{"type":"LineString","coordinates":[[-63.01344,-17.74101],[-63.0133,-17.74098]]},"properties":{"description":"ACERAS","styleUrl":"#line9","stroke-opacity":1,"stroke":"#000000","stroke-width":1,"name":"FONDO"}},
{"type":"Feature","geometry":{"type":"LineString","coordinates":[[-63.0133,-17.74105],[-63.01343,-17.74107]]},"properties":{"description":"ACERAS","styleUrl":"#line9","stroke-opacity":1,"stroke":"#000000","stroke-width":1,"name":"FONDO"}},
{"type":"Feature","geometry":{"type":"LineString","coordinates":[[-63.01343,-17.74107],[-63.01344,-17.74107],[-63.01344,-17.74108],[-63.01345,-17.74108],[-63.01346,-17.74108],[-63.01346,-17.74109],[-63.01347,-17.74109],[-63.01348,-17.74109],[-63.01348,-17.7411],[-63.01349,-17.7411],[-63.01349,-17.74111],[-63.01349,-17.74112],[-63.0135,-17.74112],[-63.0135,-17.74113],[-63.0135,-17.74114],[-63.0135,-17.74115],[-63.01351,-17.74115],[-63.01351,-17.74116],[-63.01351,-17.74117],[-63.0135,-17.74117],[-63.0135,-17.74118]]},"properties":{"description":"ACERAS","styleUrl":"#line9","stroke-opacity":1,"stroke":"#000000","stroke-width":1,"name":"FONDO"}},
{"type":"Feature","geometry":{"type":"LineString","coordinates":[[-63.0135,-17.74118],[-63.0133,-17.74217]]},"properties":{"description":"ACERAS","styleUrl":"#line9","stroke-opacity":1,"stroke":"#000000","stroke-width":1,"name":"FONDO"}},
{"type":"Feature","geometry":{"type":"LineString","coordinates":[[-63.01435,-17.74662],[-63.01436,-17.74662],[-63.01436,-17.74663],[-63.01437,-17.74663],[-63.01438,-17.74663],[-63.01438,-17.74664],[-63.01439,-17.74664],[-63.0144,-17.74664],[-63.0144,-17.74665],[-63.01441,-17.74665],[-63.01441,-17.74666],[-63.01441,-17.74667],[-63.01442,-17.74667],[-63.01442,-17.74668]]},"properties":{"description":"ACERAS","styleUrl":"#line9","stroke-opacity":1,"stroke":"#000000","stroke-width":1,"name":"FONDO"}},
{"type":"Feature","geometry":{"type":"LineString","coordinates":[[-63.01435,-17.74662],[-63.01419,-17.74659]]},"properties":{"description":"ACERAS","styleUrl":"#line9","stroke-opacity":1,"stroke":"#000000","stroke-width":1,"name":"FONDO"}},
{"type":"Feature","geometry":{"type":"LineString","coordinates":[[-63.01452,-17.74668],[-63.01453,-17.74668],[-63.01453,-17.74667],[-63.01454,-17.74667],[-63.01455,-17.74667],[-63.01456,-17.74667],[-63.01456,-17.74666],[-63.01457,-17.74666],[-63.01458,-17.74666],[-63.01459,-17.74666],[-63.01459,-17.74667]]},"properties":{"description":"ACERAS","styleUrl":"#line9","stroke-opacity":1,"stroke":"#000000","stroke-width":1,"name":"FONDO"}},
{"type":"Feature","geometry":{"type":"LineString","coordinates":[[-63.01459,-17.74667],[-63.0147,-17.74668]]},"properties":{"description":"ACERAS","styleUrl":"#line9","stroke-opacity":1,"stroke":"#000000","stroke-width":1,"name":"FONDO"}},
{"type":"Feature","geometry":{"type":"LineString","coordinates":[[-63.01415,-17.74659],[-63.01382,-17.74653]]},"properties":{"description":"ACERAS","styleUrl":"#line9","stroke-opacity":1,"stroke":"#000000","stroke-width":1,"name":"FONDO"}},
{"type":"Feature","geometry":{"type":"LineString","coordinates":[[-63.01372,-17.74657],[-63.01373,-17.74657],[-63.01373,-17.74656],[-63.01374,-17.74656],[-63.01374,-17.74655],[-63.01375,-17.74655],[-63.01375,-17.74654],[-63.01376,-17.74654],[-63.01376,-17.74653],[-63.01377,-17.74653],[-63.01378,-17.74653],[-63.01379,-17.74653],[-63.0138,-17.74653],[-63.01381,-17.74653],[-63.01382,-17.74653]]},"properties":{"description":"ACERAS","styleUrl":"#line9","stroke-opacity":1,"stroke":"#000000","stroke-width":1,"name":"FONDO"}},
{"type":"Feature","geometry":{"type":"LineString","coordinates":[[-63.01372,-17.74657],[-63.01367,-17.74668]]},"properties":{"description":"ACERAS","styleUrl":"#line9","stroke-opacity":1,"stroke":"#000000","stroke-width":1,"name":"FONDO"}},
{"type":"Feature","geometry":{"type":"LineString","coordinates":[[-63.01347,-17.74362],[-63.01376,-17.74382]]},"properties":{"description":"ACERAS","styleUrl":"#line10","stroke-opacity":1,"stroke":"#FF3F00","stroke-width":1,"name":"FONDO"}},
{"type":"Feature","geometry":{"type":"LineString","coordinates":[[-63.02071,-17.73688],[-63.02072,-17.73688],[-63.02072,-17.73689],[-63.02073,-17.73689],[-63.02073,-17.7369],[-63.02074,-17.7369],[-63.02075,-17.7369],[-63.02075,-17.73691],[-63.02076,-17.73691],[-63.02076,-17.73692],[-63.02077,-17.73692],[-63.02077,-17.73693],[-63.02078,-17.73693],[-63.02078,-17.73694],[-63.02078,-17.73695],[-63.02079,-17.73695],[-63.02079,-17.73696],[-63.02079,-17.73697],[-63.0208,-17.73697],[-63.0208,-17.73698],[-63.0208,-17.73699],[-63.0208,-17.737],[-63.02081,-17.737],[-63.02081,-17.73701],[-63.02081,-17.73702],[-63.02081,-17.73703],[-63.02081,-17.73704],[-63.02081,-17.73705],[-63.02081,-17.73706],[-63.0208,-17.73706],[-63.0208,-17.73707],[-63.0208,-17.73708],[-63.0208,-17.73709],[-63.02079,-17.73709],[-63.02079,-17.7371]]},"properties":{"description":"ACERAS","styleUrl":"#line11","stroke-opacity":1,"stroke":"#FF7F00","stroke-width":1,"name":"FONDO"}},
{"type":"Feature","geometry":{"type":"LineString","coordinates":[[-63.01926,-17.73834],[-63.01968,-17.73858]]},"properties":{"description":"ACERAS","styleUrl":"#line11","stroke-opacity":1,"stroke":"#FF7F00","stroke-width":1,"name":"FONDO"}},
{"type":"Feature","geometry":{"type":"LineString","coordinates":[[-63.01968,-17.73858],[-63.01969,-17.73858],[-63.01969,-17.73859],[-63.0197,-17.73859],[-63.0197,-17.7386],[-63.01971,-17.7386],[-63.01971,-17.73861],[-63.01972,-17.73861],[-63.01972,-17.73862],[-63.01973,-17.73862],[-63.01973,-17.73863],[-63.01973,-17.73864],[-63.01974,-17.73864],[-63.01974,-17.73865],[-63.01974,-17.73866],[-63.01974,-17.73867],[-63.01975,-17.73867],[-63.01975,-17.73868],[-63.01975,-17.73869],[-63.01975,-17.7387],[-63.01975,-17.73871],[-63.01975,-17.73872],[-63.01974,-17.73872],[-63.01974,-17.73873],[-63.01974,-17.73874],[-63.01974,-17.73875],[-63.01973,-17.73875],[-63.01973,-17.73876],[-63.01973,-17.73877]]},"properties":{"description":"ACERAS","styleUrl":"#line11","stroke-opacity":1,"stroke":"#FF7F00","stroke-width":1,"name":"FONDO"}},
{"type":"Feature","geometry":{"type":"LineString","coordinates":[[-63.01973,-17.73877],[-63.01889,-17.74007]]},"properties":{"description":"ACERAS","styleUrl":"#line11","stroke-opacity":1,"stroke":"#FF7F00","stroke-width":1,"name":"FONDO"}},
{"type":"Feature","geometry":{"type":"LineString","coordinates":[[-63.01889,-17.74007],[-63.01889,-17.74008],[-63.01888,-17.74008],[-63.01888,-17.74009],[-63.01887,-17.74009],[-63.01887,-17.7401],[-63.01886,-17.7401],[-63.01886,-17.74011],[-63.01885,-17.74011],[-63.01885,-17.74012],[-63.01884,-17.74012],[-63.01883,-17.74012],[-63.01882,-17.74013],[-63.01881,-17.74013],[-63.0188,-17.74013],[-63.01879,-17.74013],[-63.01878,-17.74013],[-63.01877,-17.74013],[-63.01876,-17.74013],[-63.01875,-17.74013],[-63.01874,-17.74013],[-63.01873,-17.74013],[-63.01872,-17.74013],[-63.01872,-17.74012]]},"properties":{"description":"ACERAS","styleUrl":"#line11","stroke-opacity":1,"stroke":"#FF7F00","stroke-width":1,"name":"FONDO"}},
{"type":"Feature","geometry":{"type":"LineString","coordinates":[[-63.01872,-17.74012],[-63.01827,-17.73994]]},"properties":{"description":"ACERAS","styleUrl":"#line11","stroke-opacity":1,"stroke":"#FF7F00","stroke-width":1,"name":"FONDO"}},
{"type":"Feature","geometry":{"type":"LineString","coordinates":[[-63.01827,-17.73994],[-63.01826,-17.73994],[-63.01825,-17.73994],[-63.01825,-17.73993],[-63.01824,-17.73993],[-63.01824,-17.73992],[-63.01823,-17.73992],[-63.01823,-17.73991],[-63.01822,-17.73991],[-63.01822,-17.7399],[-63.01822,-17.73989],[-63.01821,-17.73989],[-63.01821,-17.73988],[-63.01821,-17.73987],[-63.01821,-17.73986],[-63.01821,-17.73985],[-63.01821,-17.73984],[-63.01821,-17.73983],[-63.01822,-17.73983],[-63.01822,-17.73982],[-63.01822,-17.73981]]},"properties":{"description":"ACERAS","styleUrl":"#line11","stroke-opacity":1,"stroke":"#FF7F00","stroke-width":1,"name":"FONDO"}},
{"type":"Feature","geometry":{"type":"LineString","coordinates":[[-63.01822,-17.73981],[-63.01913,-17.73837]]},"properties":{"description":"ACERAS","styleUrl":"#line11","stroke-opacity":1,"stroke":"#FF7F00","stroke-width":1,"name":"FONDO"}},
{"type":"Feature","geometry":{"type":"LineString","coordinates":[[-63.01913,-17.73837],[-63.01914,-17.73837],[-63.01914,-17.73836],[-63.01914,-17.73835],[-63.01915,-17.73835],[-63.01916,-17.73835],[-63.01916,-17.73834],[-63.01917,-17.73834],[-63.01917,-17.73833],[-63.01918,-17.73833],[-63.01919,-17.73833],[-63.0192,-17.73833],[-63.01921,-17.73833],[-63.01922,-17.73833],[-63.01923,-17.73833],[-63.01924,-17.73833],[-63.01925,-17.73833],[-63.01925,-17.73834],[-63.01926,-17.73834]]},"properties":{"description":"ACERAS","styleUrl":"#line11","stroke-opacity":1,"stroke":"#FF7F00","stroke-width":1,"name":"FONDO"}},
{"type":"Feature","geometry":{"type":"LineString","coordinates":[[-63.01693,-17.73928],[-63.01714,-17.7394]]},"properties":{"description":"ACERAS","styleUrl":"#line11","stroke-opacity":1,"stroke":"#FF7F00","stroke-width":1,"name":"FONDO"}},
{"type":"Feature","geometry":{"type":"LineString","coordinates":[[-63.01714,-17.7394],[-63.01735,-17.73952]]},"properties":{"description":"ACERAS","styleUrl":"#line11","stroke-opacity":1,"stroke":"#FF7F00","stroke-width":1,"name":"FONDO"}},
{"type":"Feature","geometry":{"type":"LineString","coordinates":[[-63.01735,-17.73952],[-63.01736,-17.73952],[-63.01736,-17.73953],[-63.01737,-17.73953],[-63.01737,-17.73954],[-63.01738,-17.73954],[-63.01738,-17.73955],[-63.01739,-17.73955],[-63.01739,-17.73956],[-63.01739,-17.73957],[-63.01739,-17.73958],[-63.0174,-17.73958],[-63.0174,-17.73959],[-63.0174,-17.7396],[-63.0174,-17.73961],[-63.01739,-17.73962],[-63.01739,-17.73963],[-63.01739,-17.73964],[-63.01738,-17.73964]]},"properties":{"description":"ACERAS","styleUrl":"#line11","stroke-opacity":1,"stroke":"#FF7F00","stroke-width":1,"name":"FONDO"}},
{"type":"Feature","geometry":{"type":"LineString","coordinates":[[-63.01738,-17.73964],[-63.01607,-17.74173]]},"properties":{"description":"ACERAS","styleUrl":"#line11","stroke-opacity":1,"stroke":"#FF7F00","stroke-width":1,"name":"FONDO"}},
{"type":"Feature","geometry":{"type":"LineString","coordinates":[[-63.01607,-17.74173],[-63.01607,-17.74174],[-63.01606,-17.74174],[-63.01606,-17.74175],[-63.01605,-17.74175],[-63.01605,-17.74176],[-63.01604,-17.74176],[-63.01603,-17.74176],[-63.01603,-17.74177],[-63.01602,-17.74177],[-63.01601,-17.74177],[-63.016,-17.74177],[-63.016,-17.74178],[-63.01599,-17.74178],[-63.01598,-17.74178],[-63.01598,-17.74177],[-63.01597,-17.74177],[-63.01596,-17.74177],[-63.01595,-17.74177],[-63.01594,-17.74177],[-63.01594,-17.74176],[-63.01593,-17.74176]]},"properties":{"description":"ACERAS","styleUrl":"#line11","stroke-opacity":1,"stroke":"#FF7F00","stroke-width":1,"name":"FONDO"}},
{"type":"Feature","geometry":{"type":"LineString","coordinates":[[-63.01593,-17.74176],[-63.01554,-17.74146]]},"properties":{"description":"ACERAS","styleUrl":"#line11","stroke-opacity":1,"stroke":"#FF7F00","stroke-width":1,"name":"FONDO"}},
{"type":"Feature","geometry":{"type":"LineString","coordinates":[[-63.01554,-17.74146],[-63.01554,-17.74145],[-63.01553,-17.74145],[-63.01553,-17.74144],[-63.01552,-17.74144],[-63.01552,-17.74143],[-63.01551,-17.74143],[-63.01551,-17.74142],[-63.01551,-17.74141],[-63.01551,-17.7414],[-63.01551,-17.74139],[-63.01551,-17.74138],[-63.01551,-17.74137],[-63.01551,-17.74136],[-63.01551,-17.74135],[-63.01552,-17.74135],[-63.01552,-17.74134]]},"properties":{"description":"ACERAS","styleUrl":"#line11","stroke-opacity":1,"stroke":"#FF7F00","stroke-width":1,"name":"FONDO"}},
{"type":"Feature","geometry":{"type":"LineString","coordinates":[[-63.01552,-17.74134],[-63.0168,-17.73931]]},"properties":{"description":"ACERAS","styleUrl":"#line11","stroke-opacity":1,"stroke":"#FF7F00","stroke-width":1,"name":"FONDO"}},
{"type":"Feature","geometry":{"type":"LineString","coordinates":[[-63.0168,-17.73931],[-63.0168,-17.7393],[-63.01681,-17.7393],[-63.01681,-17.73929],[-63.01682,-17.73929],[-63.01682,-17.73928],[-63.01683,-17.73928],[-63.01684,-17.73928],[-63.01684,-17.73927],[-63.01685,-17.73927],[-63.01686,-17.73927],[-63.01687,-17.73927],[-63.01687,-17.73926],[-63.01688,-17.73926],[-63.01689,-17.73926],[-63.01689,-17.73927],[-63.0169,-17.73927],[-63.01691,-17.73927],[-63.01692,-17.73927],[-63.01693,-17.73927],[-63.01693,-17.73928]]},"properties":{"description":"ACERAS","styleUrl":"#line11","stroke-opacity":1,"stroke":"#FF7F00","stroke-width":1,"name":"FONDO"}},
{"type":"Feature","geometry":{"type":"LineString","coordinates":[[-63.01348,-17.74162],[-63.01357,-17.74119]]},"properties":{"description":"ACERAS","styleUrl":"#line11","stroke-opacity":1,"stroke":"#FF7F00","stroke-width":1,"name":"FONDO"}},
{"type":"Feature","geometry":{"type":"LineString","coordinates":[[-63.01357,-17.74119],[-63.01357,-17.74118],[-63.01357,-17.74117],[-63.01358,-17.74117],[-63.01358,-17.74116],[-63.01358,-17.74115],[-63.01359,-17.74115],[-63.01359,-17.74114],[-63.0136,-17.74114],[-63.01361,-17.74113],[-63.01362,-17.74113],[-63.01362,-17.74112],[-63.01363,-17.74112],[-63.01364,-17.74112],[-63.01365,-17.74112],[-63.01366,-17.74112],[-63.01367,-17.74112],[-63.01368,-17.74112]]},"properties":{"description":"ACERAS","styleUrl":"#line11","stroke-opacity":1,"stroke":"#FF7F00","stroke-width":1,"name":"FONDO"}},
{"type":"Feature","geometry":{"type":"LineString","coordinates":[[-63.01368,-17.74112],[-63.01424,-17.74122]]},"properties":{"description":"ACERAS","styleUrl":"#line11","stroke-opacity":1,"stroke":"#FF7F00","stroke-width":1,"name":"FONDO"}},
{"type":"Feature","geometry":{"type":"LineString","coordinates":[[-63.01424,-17.74122],[-63.01424,-17.74123],[-63.01425,-17.74123],[-63.01426,-17.74123],[-63.01427,-17.74123],[-63.01427,-17.74124],[-63.01428,-17.74124],[-63.01428,-17.74125],[-63.01429,-17.74125],[-63.01429,-17.74126],[-63.0143,-17.74126],[-63.0143,-17.74127],[-63.01431,-17.74127],[-63.01431,-17.74128],[-63.01431,-17.74129],[-63.01431,-17.7413],[-63.01431,-17.74131],[-63.01431,-17.74132],[-63.01431,-17.74133]]},"properties":{"description":"ACERAS","styleUrl":"#line11","stroke-opacity":1,"stroke":"#FF7F00","stroke-width":1,"name":"FONDO"}},
{"type":"Feature","geometry":{"type":"LineString","coordinates":[[-63.01431,-17.74133],[-63.01429,-17.74145]]},"properties":{"description":"ACERAS","styleUrl":"#line11","stroke-opacity":1,"stroke":"#FF7F00","stroke-width":1,"name":"FONDO"}},
{"type":"Feature","geometry":{"type":"LineString","coordinates":[[-63.01429,-17.74145],[-63.01419,-17.74197]]},"properties":{"description":"ACERAS","styleUrl":"#line11","stroke-opacity":1,"stroke":"#FF7F00","stroke-width":1,"name":"FONDO"}},
{"type":"Feature","geometry":{"type":"LineString","coordinates":[[-63.01419,-17.74197],[-63.01413,-17.74223]]},"properties":{"description":"ACERAS","styleUrl":"#line11","stroke-opacity":1,"stroke":"#FF7F00","stroke-width":1,"name":"FONDO"}},
{"type":"Feature","geometry":{"type":"LineString","coordinates":[[-63.01413,-17.74223],[-63.01407,-17.7425]]},"properties":{"description":"ACERAS","styleUrl":"#line11","stroke-opacity":1,"stroke":"#FF7F00","stroke-width":1,"name":"FONDO"}},
{"type":"Feature","geometry":{"type":"LineString","coordinates":[[-63.01407,-17.7425],[-63.01402,-17.74271]]},"properties":{"description":"ACERAS","styleUrl":"#line11","stroke-opacity":1,"stroke":"#FF7F00","stroke-width":1,"name":"FONDO"}},
{"type":"Feature","geometry":{"type":"LineString","coordinates":[[-63.01402,-17.74271],[-63.01401,-17.74271],[-63.01401,-17.74272],[-63.01401,-17.74273],[-63.01401,-17.74274],[-63.014,-17.74274],[-63.014,-17.74275],[-63.01399,-17.74275],[-63.01399,-17.74276],[-63.01398,-17.74276],[-63.01398,-17.74277],[-63.01397,-17.74277],[-63.01396,-17.74277],[-63.01395,-17.74278],[-63.01394,-17.74278],[-63.01393,-17.74278],[-63.01392,-17.74278],[-63.01391,-17.74278],[-63.0139,-17.74278],[-63.01389,-17.74278],[-63.01389,-17.74277],[-63.01388,-17.74277]]},"properties":{"description":"ACERAS","styleUrl":"#line11","stroke-opacity":1,"stroke":"#FF7F00","stroke-width":1,"name":"FONDO"}},
{"type":"Feature","geometry":{"type":"LineString","coordinates":[[-63.01388,-17.74277],[-63.01364,-17.74263]]},"properties":{"description":"ACERAS","styleUrl":"#line11","stroke-opacity":1,"stroke":"#FF7F00","stroke-width":1,"name":"FONDO"}},
{"type":"Feature","geometry":{"type":"LineString","coordinates":[[-63.01364,-17.74263],[-63.01337,-17.74248]]},"properties":{"description":"ACERAS","styleUrl":"#line11","stroke-opacity":1,"stroke":"#FF7F00","stroke-width":1,"name":"FONDO"}},
{"type":"Feature","geometry":{"type":"LineString","coordinates":[[-63.01337,-17.74248],[-63.01336,-17.74248],[-63.01335,-17.74247],[-63.01334,-17.74247],[-63.01334,-17.74246],[-63.01334,-17.74245],[-63.01333,-17.74245],[-63.01333,-17.74244],[-63.01333,-17.74243],[-63.01332,-17.74243],[-63.01332,-17.74242],[-63.01332,-17.74241],[-63.01332,-17.7424],[-63.01332,-17.74239]]},"properties":{"description":"ACERAS","styleUrl":"#line11","stroke-opacity":1,"stroke":"#FF7F00","stroke-width":1,"name":"FONDO"}},
{"type":"Feature","geometry":{"type":"LineString","coordinates":[[-63.01332,-17.74239],[-63.01348,-17.74162]]},"properties":{"description":"ACERAS","styleUrl":"#line11","stroke-opacity":1,"stroke":"#FF7F00","stroke-width":1,"name":"FONDO"}},
{"type":"Feature","geometry":{"type":"LineString","coordinates":[[-63.01455,-17.74045],[-63.01461,-17.74016]]},"properties":{"description":"ACERAS","styleUrl":"#line11","stroke-opacity":1,"stroke":"#FF7F00","stroke-width":1,"name":"FONDO"}},
{"type":"Feature","geometry":{"type":"LineString","coordinates":[[-63.01454,-17.74016],[-63.0144,-17.74088]]},"properties":{"description":"ACERAS","styleUrl":"#line11","stroke-opacity":1,"stroke":"#FF7F00","stroke-width":1,"name":"FONDO"}},
{"type":"Feature","geometry":{"type":"LineString","coordinates":[[-63.0144,-17.74088],[-63.01436,-17.74109]]},"properties":{"description":"ACERAS","styleUrl":"#line11","stroke-opacity":1,"stroke":"#FF7F00","stroke-width":1,"name":"FONDO"}},
{"type":"Feature","geometry":{"type":"LineString","coordinates":[[-63.01436,-17.74109],[-63.01436,-17.7411],[-63.01436,-17.74111],[-63.01435,-17.74111],[-63.01435,-17.74112],[-63.01435,-17.74113],[-63.01434,-17.74113],[-63.01434,-17.74114],[-63.01433,-17.74114],[-63.01432,-17.74115],[-63.01431,-17.74115],[-63.01431,-17.74116],[-63.0143,-17.74116],[-63.01429,-17.74116],[-63.01428,-17.74116],[-63.01427,-17.74116],[-63.01426,-17.74116],[-63.01425,-17.74116]]},"properties":{"description":"ACERAS","styleUrl":"#line11","stroke-opacity":1,"stroke":"#FF7F00","stroke-width":1,"name":"FONDO"}},
{"type":"Feature","geometry":{"type":"LineString","coordinates":[[-63.01425,-17.74116],[-63.01397,-17.74111]]},"properties":{"description":"ACERAS","styleUrl":"#line11","stroke-opacity":1,"stroke":"#FF7F00","stroke-width":1,"name":"FONDO"}},
{"type":"Feature","geometry":{"type":"LineString","coordinates":[[-63.01397,-17.74111],[-63.01369,-17.74106]]},"properties":{"description":"ACERAS","styleUrl":"#line11","stroke-opacity":1,"stroke":"#FF7F00","stroke-width":1,"name":"FONDO"}},
{"type":"Feature","geometry":{"type":"LineString","coordinates":[[-63.01369,-17.74106],[-63.01369,-17.74105],[-63.01368,-17.74105],[-63.01367,-17.74105],[-63.01366,-17.74105],[-63.01366,-17.74104],[-63.01365,-17.74104],[-63.01365,-17.74103],[-63.01364,-17.74103],[-63.01364,-17.74102],[-63.01363,-17.74102],[-63.01363,-17.74101],[-63.01362,-17.741],[-63.01362,-17.74099],[-63.01362,-17.74098],[-63.01362,-17.74097],[-63.01362,-17.74096],[-63.01362,-17.74095]]},"properties":{"description":"ACERAS","styleUrl":"#line11","stroke-opacity":1,"stroke":"#FF7F00","stroke-width":1,"name":"FONDO"}},
{"type":"Feature","geometry":{"type":"LineString","coordinates":[[-63.01362,-17.74095],[-63.01378,-17.74016]]},"properties":{"description":"ACERAS","styleUrl":"#line11","stroke-opacity":1,"stroke":"#FF7F00","stroke-width":1,"name":"FONDO"}},
{"type":"Feature","geometry":{"type":"LineString","coordinates":[[-63.02157,-17.73586],[-63.02144,-17.73606]]},"properties":{"description":"ACERAS","styleUrl":"#line11","stroke-opacity":1,"stroke":"#FF7F00","stroke-width":1,"name":"FONDO"}},
{"type":"Feature","geometry":{"type":"LineString","coordinates":[[-63.02144,-17.73606],[-63.02117,-17.7365]]},"properties":{"description":"ACERAS","styleUrl":"#line11","stroke-opacity":1,"stroke":"#FF7F00","stroke-width":1,"name":"FONDO"}},
{"type":"Feature","geometry":{"type":"LineString","coordinates":[[-63.02117,-17.7365],[-63.02116,-17.7365],[-63.02116,-17.73651],[-63.02116,-17.73652],[-63.02115,-17.73652],[-63.02115,-17.73653],[-63.02114,-17.73653],[-63.02114,-17.73654],[-63.02113,-17.73654],[-63.02113,-17.73655],[-63.02112,-17.73655],[-63.02112,-17.73656],[-63.02111,-17.73656],[-63.0211,-17.73656],[-63.0211,-17.73657],[-63.02109,-17.73657],[-63.02109,-17.73658],[-63.02108,-17.73658],[-63.02107,-17.73658],[-63.02106,-17.73658],[-63.02106,-17.73659],[-63.02105,-17.73659],[-63.02104,-17.73659],[-63.02103,-17.73659],[-63.02102,-17.73659],[-63.02101,-17.73659],[-63.021,-17.73659],[-63.02099,-17.73659],[-63.02098,-17.73659],[-63.02097,-17.73659],[-63.02096,-17.73659],[-63.02095,-17.73659]]},"properties":{"description":"ACERAS","styleUrl":"#line11","stroke-opacity":1,"stroke":"#FF7F00","stroke-width":1,"name":"FONDO"}},
{"type":"Feature","geometry":{"type":"LineString","coordinates":[[-63.02095,-17.73659],[-63.01967,-17.73608]]},"properties":{"description":"ACERAS","styleUrl":"#line11","stroke-opacity":1,"stroke":"#FF7F00","stroke-width":1,"name":"FONDO"}},
{"type":"Feature","geometry":{"type":"LineString","coordinates":[[-63.01967,-17.73608],[-63.01894,-17.73579]]},"properties":{"description":"ACERAS","styleUrl":"#line11","stroke-opacity":1,"stroke":"#FF7F00","stroke-width":1,"name":"FONDO"}},
{"type":"Feature","geometry":{"type":"LineString","coordinates":[[-63.01894,-17.73579],[-63.01893,-17.73579],[-63.01892,-17.73578],[-63.01891,-17.73578],[-63.01891,-17.73577],[-63.0189,-17.73577],[-63.0189,-17.73576],[-63.01889,-17.73576],[-63.01889,-17.73575],[-63.01888,-17.73575],[-63.01888,-17.73574],[-63.01887,-17.73574],[-63.01887,-17.73573],[-63.01886,-17.73573],[-63.01886,-17.73572],[-63.01885,-17.73571],[-63.01885,-17.7357],[-63.01884,-17.7357],[-63.01884,-17.73569],[-63.01884,-17.73568],[-63.01884,-17.73567],[-63.01883,-17.73567],[-63.01883,-17.73566],[-63.01883,-17.73565],[-63.01883,-17.73564],[-63.01883,-17.73563],[-63.01883,-17.73562],[-63.01883,-17.73561],[-63.01883,-17.7356]]},"properties":{"description":"ACERAS","styleUrl":"#line11","stroke-opacity":1,"stroke":"#FF7F00","stroke-width":1,"name":"FONDO"}},
{"type":"Feature","geometry":{"type":"LineString","coordinates":[[-63.01883,-17.7356],[-63.01894,-17.73515]]},"properties":{"description":"ACERAS","styleUrl":"#line11","stroke-opacity":1,"stroke":"#FF7F00","stroke-width":1,"name":"FONDO"}},
{"type":"Feature","geometry":{"type":"LineString","coordinates":[[-63.01543,-17.7463],[-63.01542,-17.7463],[-63.01542,-17.74629],[-63.01542,-17.74628],[-63.01542,-17.74627],[-63.01542,-17.74626],[-63.01542,-17.74625],[-63.01541,-17.74625],[-63.01541,-17.74624],[-63.01541,-17.74623],[-63.01541,-17.74622],[-63.01542,-17.74621],[-63.01542,-17.7462],[-63.01542,-17.74619],[-63.01542,-17.74618],[-63.01542,-17.74617],[-63.01542,-17.74616],[-63.01543,-17.74616],[-63.01543,-17.74615],[-63.01543,-17.74614],[-63.01544,-17.74614],[-63.01544,-17.74613],[-63.01544,-17.74612],[-63.01545,-17.74612],[-63.01545,-17.74611],[-63.01545,-17.7461],[-63.01546,-17.7461]]},"properties":{"description":"ACERAS","styleUrl":"#line11","stroke-opacity":1,"stroke":"#FF7F00","stroke-width":1,"name":"FONDO"}},
{"type":"Feature","geometry":{"type":"LineString","coordinates":[[-63.01546,-17.7461],[-63.01558,-17.74589]]},"properties":{"description":"ACERAS","styleUrl":"#line11","stroke-opacity":1,"stroke":"#FF7F00","stroke-width":1,"name":"FONDO"}},
{"type":"Feature","geometry":{"type":"LineString","coordinates":[[-63.01558,-17.74589],[-63.01572,-17.74566]]},"properties":{"description":"ACERAS","styleUrl":"#line11","stroke-opacity":1,"stroke":"#FF7F00","stroke-width":1,"name":"FONDO"}},
{"type":"Feature","geometry":{"type":"LineString","coordinates":[[-63.01572,-17.74566],[-63.01573,-17.74565],[-63.01573,-17.74564],[-63.01574,-17.74564],[-63.01574,-17.74563],[-63.01575,-17.74563],[-63.01575,-17.74562],[-63.01576,-17.74562],[-63.01576,-17.74561],[-63.01577,-17.74561],[-63.01578,-17.7456],[-63.01579,-17.7456],[-63.01579,-17.74559],[-63.0158,-17.74559],[-63.01581,-17.74559],[-63.01582,-17.74559],[-63.01582,-17.74558],[-63.01583,-17.74558],[-63.01584,-17.74558],[-63.01585,-17.74558],[-63.01586,-17.74558],[-63.01587,-17.74558],[-63.01588,-17.74558],[-63.01589,-17.74558],[-63.0159,-17.74558],[-63.01591,-17.74558],[-63.01592,-17.74558],[-63.01592,-17.74559],[-63.01593,-17.74559],[-63.01594,-17.74559],[-63.01595,-17.74559],[-63.01595,-17.7456],[-63.01596,-17.7456],[-63.01597,-17.74561],[-63.01598,-17.74561],[-63.01598,-17.74562],[-63.01599,-17.74562],[-63.01599,-17.74563],[-63.016,-17.74563],[-63.016,-17.74564],[-63.01601,-17.74564],[-63.01601,-17.74565],[-63.01601,-17.74566],[-63.01602,-17.74566],[-63.01602,-17.74567]]},"properties":{"description":"ACERAS","styleUrl":"#line11","stroke-opacity":1,"stroke":"#FF7F00","stroke-width":1,"name":"FONDO"}},
{"type":"Feature","geometry":{"type":"LineString","coordinates":[[-63.01602,-17.74567],[-63.01603,-17.74567],[-63.01603,-17.74568],[-63.01603,-17.74569],[-63.01604,-17.7457],[-63.01604,-17.74571],[-63.01605,-17.74572],[-63.01605,-17.74573],[-63.01605,-17.74574],[-63.01606,-17.74574],[-63.01606,-17.74575],[-63.01606,-17.74576],[-63.01607,-17.74576],[-63.01607,-17.74577],[-63.01607,-17.74578],[-63.01608,-17.74578],[-63.01608,-17.74579],[-63.01608,-17.7458],[-63.01609,-17.74581],[-63.01609,-17.74582],[-63.01609,-17.74583],[-63.0161,-17.74583],[-63.0161,-17.74584],[-63.0161,-17.74585],[-63.01611,-17.74585],[-63.01611,-17.74586],[-63.01611,-17.74587],[-63.01612,-17.74587],[-63.01612,-17.74588],[-63.01612,-17.74589],[-63.01613,-17.7459],[-63.01613,-17.74591],[-63.01613,-17.74592],[-63.01614,-17.74592],[-63.01614,-17.74593],[-63.01614,-17.74594],[-63.01615,-17.74594],[-63.01615,-17.74595],[-63.01615,-17.74596],[-63.01616,-17.74597],[-63.01616,-17.74598],[-63.01616,-17.74599],[-63.01617,-17.74599],[-63.01617,-17.746],[-63.01617,-17.74601],[-63.01618,-17.74601],[-63.01618,-17.74602],[-63.01618,-17.74603],[-63.01619,-17.74604],[-63.01619,-17.74605],[-63.01619,-17.74606],[-63.0162,-17.74606],[-63.0162,-17.74607],[-63.0162,-17.74608],[-63.01621,-17.74609],[-63.01621,-17.7461],[-63.01621,-17.74611],[-63.01622,-17.74611],[-63.01622,-17.74612],[-63.01622,-17.74613],[-63.01623,-17.74614],[-63.01623,-17.74615],[-63.01623,-17.74616],[-63.01624,-17.74616],[-63.01624,-17.74617],[-63.01624,-17.74618],[-63.01625,-17.74619],[-63.01625,-17.7462],[-63.01625,-17.74621],[-63.01626,-17.74621],[-63.01626,-17.74622],[-63.01626,-17.74623],[-63.01627,-17.74624],[-63.01627,-17.74625],[-63.01627,-17.74626],[-63.01628,-17.74627]]},"properties":{"description":"ACERAS","styleUrl":"#line11","stroke-opacity":1,"stroke":"#FF7F00","stroke-width":1,"name":"FONDO"}},
{"type":"Feature","geometry":{"type":"LineString","coordinates":[[-63.01628,-17.74627],[-63.01628,-17.74628],[-63.01628,-17.74629],[-63.01628,-17.7463],[-63.01628,-17.74631],[-63.01628,-17.74632],[-63.01628,-17.74633],[-63.01628,-17.74634],[-63.01628,-17.74635],[-63.01627,-17.74635],[-63.01627,-17.74636],[-63.01627,-17.74637],[-63.01626,-17.74637]]},"properties":{"description":"ACERAS","styleUrl":"#line11","stroke-opacity":1,"stroke":"#FF7F00","stroke-width":1,"name":"FONDO"}},
{"type":"Feature","geometry":{"type":"LineString","coordinates":[[-63.01626,-17.74637],[-63.01603,-17.74672]]},"properties":{"description":"ACERAS","styleUrl":"#line11","stroke-opacity":1,"stroke":"#FF7F00","stroke-width":1,"name":"FONDO"}},
{"type":"Feature","geometry":{"type":"LineString","coordinates":[[-63.01603,-17.74672],[-63.01593,-17.74686]]},"properties":{"description":"ACERAS","styleUrl":"#line11","stroke-opacity":1,"stroke":"#FF7F00","stroke-width":1,"name":"FONDO"}},
{"type":"Feature","geometry":{"type":"LineString","coordinates":[[-63.01593,-17.74686],[-63.01593,-17.74687],[-63.01592,-17.74688],[-63.01592,-17.74689],[-63.01591,-17.74689],[-63.01591,-17.7469],[-63.0159,-17.7469],[-63.01589,-17.74691],[-63.01588,-17.74691],[-63.01588,-17.74692],[-63.01587,-17.74692],[-63.01586,-17.74692],[-63.01586,-17.74693],[-63.01585,-17.74693],[-63.01584,-17.74693],[-63.01584,-17.74694],[-63.01583,-17.74694],[-63.01582,-17.74694],[-63.01581,-17.74694],[-63.0158,-17.74694],[-63.01579,-17.74694],[-63.01578,-17.74694],[-63.01577,-17.74694],[-63.01576,-17.74694],[-63.01575,-17.74694],[-63.01574,-17.74694],[-63.01573,-17.74694],[-63.01573,-17.74693],[-63.01572,-17.74693],[-63.01571,-17.74693],[-63.0157,-17.74693],[-63.0157,-17.74692],[-63.01569,-17.74692],[-63.01568,-17.74692],[-63.01568,-17.74691],[-63.01567,-17.74691],[-63.01567,-17.7469],[-63.01566,-17.7469],[-63.01566,-17.74689],[-63.01565,-17.74689],[-63.01565,-17.74688],[-63.01564,-17.74688],[-63.01564,-17.74687],[-63.01563,-17.74687],[-63.01563,-17.74686],[-63.01563,-17.74685],[-63.01562,-17.74685],[-63.01562,-17.74684],[-63.01562,-17.74683],[-63.01561,-17.74683],[-63.01561,-17.74682]]},"properties":{"description":"ACERAS","styleUrl":"#line11","stroke-opacity":1,"stroke":"#FF7F00","stroke-width":1,"name":"FONDO"}},
{"type":"Feature","geometry":{"type":"LineString","coordinates":[[-63.01554,-17.74661],[-63.01555,-17.74661],[-63.01555,-17.74662],[-63.01555,-17.74663],[-63.01555,-17.74664],[-63.01556,-17.74664],[-63.01556,-17.74665],[-63.01556,-17.74666],[-63.01556,-17.74667],[-63.01557,-17.74667],[-63.01557,-17.74668],[-63.01557,-17.74669],[-63.01557,-17.7467],[-63.01558,-17.7467],[-63.01558,-17.74671],[-63.01558,-17.74672],[-63.01558,-17.74673],[-63.01559,-17.74673],[-63.01559,-17.74674],[-63.01559,-17.74675],[-63.01559,-17.74676],[-63.0156,-17.74677],[-63.0156,-17.74678],[-63.0156,-17.74679],[-63.0156,-17.7468],[-63.01561,-17.7468],[-63.01561,-17.74681],[-63.01561,-17.74682]]},"properties":{"description":"ACERAS","styleUrl":"#line11","stroke-opacity":1,"stroke":"#FF7F00","stroke-width":1,"name":"FONDO"}},
{"type":"Feature","geometry":{"type":"LineString","coordinates":[[-63.01553,-17.74656],[-63.01553,-17.74657],[-63.01553,-17.74658],[-63.01554,-17.74658],[-63.01554,-17.74659],[-63.01554,-17.7466],[-63.01554,-17.74661]]},"properties":{"description":"ACERAS","styleUrl":"#line11","stroke-opacity":1,"stroke":"#FF7F00","stroke-width":1,"name":"FONDO"}},
{"type":"Feature","geometry":{"type":"LineString","coordinates":[[-63.01543,-17.7463],[-63.01543,-17.74631],[-63.01543,-17.74632],[-63.01543,-17.74633],[-63.01544,-17.74633],[-63.01544,-17.74634],[-63.01544,-17.74635],[-63.01545,-17.74635],[-63.01545,-17.74636],[-63.01545,-17.74637],[-63.01545,-17.74638],[-63.01546,-17.74638],[-63.01546,-17.74639],[-63.01546,-17.7464],[-63.01547,-17.7464],[-63.01547,-17.74641],[-63.01547,-17.74642],[-63.01547,-17.74643],[-63.01548,-17.74643],[-63.01548,-17.74644],[-63.01548,-17.74645],[-63.01549,-17.74645],[-63.01549,-17.74646],[-63.01549,-17.74647],[-63.01549,-17.74648],[-63.0155,-17.74648],[-63.0155,-17.74649],[-63.0155,-17.7465],[-63.01551,-17.7465],[-63.01551,-17.74651],[-63.01551,-17.74652],[-63.01551,-17.74653],[-63.01552,-17.74653],[-63.01552,-17.74654],[-63.01552,-17.74655],[-63.01552,-17.74656],[-63.01553,-17.74656]]},"properties":{"description":"ACERAS","styleUrl":"#line11","stroke-opacity":1,"stroke":"#FF7F00","stroke-width":1,"name":"FONDO"}},
{"type":"Feature","geometry":{"type":"LineString","coordinates":[[-63.01784,-17.74174],[-63.01761,-17.7421]]},"properties":{"description":"ACERAS","styleUrl":"#line11","stroke-opacity":1,"stroke":"#FF7F00","stroke-width":1,"name":"FONDO"}},
{"type":"Feature","geometry":{"type":"LineString","coordinates":[[-63.01761,-17.7421],[-63.01758,-17.74215]]},"properties":{"description":"ACERAS","styleUrl":"#line11","stroke-opacity":1,"stroke":"#FF7F00","stroke-width":1,"name":"FONDO"}},
{"type":"Feature","geometry":{"type":"LineString","coordinates":[[-63.01758,-17.74215],[-63.01758,-17.74216],[-63.01757,-17.74216],[-63.01757,-17.74217],[-63.01756,-17.74217],[-63.01756,-17.74218],[-63.01755,-17.74218],[-63.01755,-17.74219],[-63.01754,-17.74219],[-63.01753,-17.74219],[-63.01753,-17.7422],[-63.01752,-17.7422],[-63.01751,-17.7422],[-63.01751,-17.74221],[-63.0175,-17.74221],[-63.01749,-17.74221],[-63.01748,-17.74221],[-63.01748,-17.74222],[-63.01747,-17.74222],[-63.01746,-17.74222],[-63.01745,-17.74222],[-63.01744,-17.74222],[-63.01744,-17.74221],[-63.01743,-17.74221]]},"properties":{"description":"ACERAS","styleUrl":"#line11","stroke-opacity":1,"stroke":"#FF7F00","stroke-width":1,"name":"FONDO"}},
{"type":"Feature","geometry":{"type":"LineString","coordinates":[[-63.01743,-17.74221],[-63.01693,-17.7421]]},"properties":{"description":"ACERAS","styleUrl":"#line11","stroke-opacity":1,"stroke":"#FF7F00","stroke-width":1,"name":"FONDO"}},
{"type":"Feature","geometry":{"type":"LineString","coordinates":[[-63.01693,-17.7421],[-63.01692,-17.7421],[-63.01691,-17.7421],[-63.0169,-17.7421],[-63.0169,-17.74209],[-63.01689,-17.74209],[-63.01689,-17.74208],[-63.01688,-17.74208],[-63.01687,-17.74207],[-63.01687,-17.74206],[-63.01686,-17.74206],[-63.01686,-17.74205],[-63.01686,-17.74204],[-63.01685,-17.74203],[-63.01685,-17.74202],[-63.01685,-17.74201],[-63.01685,-17.742],[-63.01686,-17.742],[-63.01686,-17.74199],[-63.01686,-17.74198],[-63.01686,-17.74197],[-63.01687,-17.74197]]},"properties":{"description":"ACERAS","styleUrl":"#line11","stroke-opacity":1,"stroke":"#FF7F00","stroke-width":1,"name":"FONDO"}},
{"type":"Feature","geometry":{"type":"LineString","coordinates":[[-63.01687,-17.74197],[-63.01715,-17.74152]]},"properties":{"description":"ACERAS","styleUrl":"#line11","stroke-opacity":1,"stroke":"#FF7F00","stroke-width":1,"name":"FONDO"}},
{"type":"Feature","geometry":{"type":"LineString","coordinates":[[-63.01465,-17.7405],[-63.01571,-17.74068]]},"properties":{"description":"ACERAS","styleUrl":"#line11","stroke-opacity":1,"stroke":"#FF7F00","stroke-width":1,"name":"FONDO"}},
{"type":"Feature","geometry":{"type":"LineString","coordinates":[[-63.01571,-17.74068],[-63.01572,-17.74068],[-63.01573,-17.74068],[-63.01573,-17.74069],[-63.01574,-17.74069],[-63.01575,-17.74069],[-63.01575,-17.7407],[-63.01576,-17.7407],[-63.01576,-17.74071],[-63.01577,-17.74071],[-63.01577,-17.74072],[-63.01578,-17.74072],[-63.01578,-17.74073],[-63.01578,-17.74074],[-63.01579,-17.74074],[-63.01579,-17.74075],[-63.01579,-17.74076],[-63.01579,-17.74077],[-63.01579,-17.74078],[-63.01579,-17.74079],[-63.01578,-17.7408],[-63.01578,-17.74081],[-63.01578,-17.74082]]},"properties":{"description":"ACERAS","styleUrl":"#line11","stroke-opacity":1,"stroke":"#FF7F00","stroke-width":1,"name":"FONDO"}},
{"type":"Feature","geometry":{"type":"LineString","coordinates":[[-63.01578,-17.74082],[-63.01545,-17.74133]]},"properties":{"description":"ACERAS","styleUrl":"#line11","stroke-opacity":1,"stroke":"#FF7F00","stroke-width":1,"name":"FONDO"}},
{"type":"Feature","geometry":{"type":"LineString","coordinates":[[-63.01545,-17.74133],[-63.01545,-17.74134],[-63.01544,-17.74134],[-63.01544,-17.74135],[-63.01543,-17.74135],[-63.01543,-17.74136],[-63.01542,-17.74136],[-63.01541,-17.74136],[-63.01541,-17.74137],[-63.0154,-17.74137],[-63.01539,-17.74137],[-63.01538,-17.74137],[-63.01537,-17.74137],[-63.01536,-17.74137],[-63.01535,-17.74137]]},"properties":{"description":"ACERAS","styleUrl":"#line11","stroke-opacity":1,"stroke":"#FF7F00","stroke-width":1,"name":"FONDO"}},
{"type":"Feature","geometry":{"type":"LineString","coordinates":[[-63.01535,-17.74137],[-63.01449,-17.74121]]},"properties":{"description":"ACERAS","styleUrl":"#line11","stroke-opacity":1,"stroke":"#FF7F00","stroke-width":1,"name":"FONDO"}},
{"type":"Feature","geometry":{"type":"LineString","coordinates":[[-63.01449,-17.74121],[-63.01448,-17.74121],[-63.01448,-17.7412],[-63.01447,-17.7412],[-63.01446,-17.7412],[-63.01446,-17.74119],[-63.01445,-17.74119],[-63.01444,-17.74118],[-63.01444,-17.74117],[-63.01443,-17.74117],[-63.01443,-17.74116],[-63.01442,-17.74116],[-63.01442,-17.74115],[-63.01442,-17.74114],[-63.01442,-17.74113],[-63.01442,-17.74112],[-63.01442,-17.74111],[-63.01442,-17.7411]]},"properties":{"description":"ACERAS","styleUrl":"#line11","stroke-opacity":1,"stroke":"#FF7F00","stroke-width":1,"name":"FONDO"}},
{"type":"Feature","geometry":{"type":"LineString","coordinates":[[-63.01442,-17.7411],[-63.01454,-17.74057]]},"properties":{"description":"ACERAS","styleUrl":"#line11","stroke-opacity":1,"stroke":"#FF7F00","stroke-width":1,"name":"FONDO"}},
{"type":"Feature","geometry":{"type":"LineString","coordinates":[[-63.01454,-17.74057],[-63.01454,-17.74056],[-63.01454,-17.74055],[-63.01455,-17.74055],[-63.01455,-17.74054],[-63.01455,-17.74053],[-63.01456,-17.74053],[-63.01456,-17.74052],[-63.01457,-17.74052],[-63.01457,-17.74051],[-63.01458,-17.74051],[-63.01459,-17.74051],[-63.01459,-17.7405],[-63.0146,-17.7405],[-63.01461,-17.7405],[-63.01462,-17.7405],[-63.01463,-17.7405],[-63.01464,-17.7405],[-63.01465,-17.7405]]},"properties":{"description":"ACERAS","styleUrl":"#line11","stroke-opacity":1,"stroke":"#FF7F00","stroke-width":1,"name":"FONDO"}},
{"type":"Feature","geometry":{"type":"LineString","coordinates":[[-63.01648,-17.73856],[-63.01695,-17.73875]]},"properties":{"description":"ACERAS","styleUrl":"#line11","stroke-opacity":1,"stroke":"#FF7F00","stroke-width":1,"name":"FONDO"}},
{"type":"Feature","geometry":{"type":"LineString","coordinates":[[-63.01695,-17.73875],[-63.01696,-17.73875],[-63.01696,-17.73876],[-63.01697,-17.73876],[-63.01697,-17.73877],[-63.01698,-17.73877],[-63.01698,-17.73878],[-63.01699,-17.73878],[-63.01699,-17.73879],[-63.017,-17.73879],[-63.017,-17.7388],[-63.017,-17.73881],[-63.01701,-17.73881],[-63.01701,-17.73882],[-63.01701,-17.73883],[-63.01701,-17.73884],[-63.01701,-17.73885],[-63.017,-17.73885],[-63.017,-17.73886],[-63.017,-17.73887],[-63.017,-17.73888],[-63.01699,-17.73888]]},"properties":{"description":"ACERAS","styleUrl":"#line11","stroke-opacity":1,"stroke":"#FF7F00","stroke-width":1,"name":"FONDO"}},
{"type":"Feature","geometry":{"type":"LineString","coordinates":[[-63.01699,-17.73888],[-63.01625,-17.74006]]},"properties":{"description":"ACERAS","styleUrl":"#line11","stroke-opacity":1,"stroke":"#FF7F00","stroke-width":1,"name":"FONDO"}},
{"type":"Feature","geometry":{"type":"LineString","coordinates":[[-63.01625,-17.74006],[-63.01625,-17.74007],[-63.01624,-17.74007],[-63.01624,-17.74008],[-63.01623,-17.74008],[-63.01623,-17.74009],[-63.01622,-17.74009],[-63.01622,-17.7401],[-63.01621,-17.7401],[-63.0162,-17.7401],[-63.01619,-17.7401],[-63.01619,-17.74011],[-63.01618,-17.74011],[-63.01617,-17.74011],[-63.01616,-17.74011],[-63.01615,-17.74011],[-63.01614,-17.74011],[-63.01614,-17.7401],[-63.01613,-17.7401],[-63.01612,-17.7401],[-63.01612,-17.74009],[-63.01611,-17.74009],[-63.0161,-17.74008],[-63.01609,-17.74007],[-63.01609,-17.74006],[-63.01608,-17.74006],[-63.01608,-17.74005],[-63.01608,-17.74004],[-63.01608,-17.74003],[-63.01607,-17.74003],[-63.01607,-17.74002],[-63.01607,-17.74001],[-63.01607,-17.74],[-63.01608,-17.74]]},"properties":{"description":"ACERAS","styleUrl":"#line11","stroke-opacity":1,"stroke":"#FF7F00","stroke-width":1,"name":"FONDO"}},
{"type":"Feature","geometry":{"type":"LineString","coordinates":[[-63.01608,-17.74],[-63.01635,-17.73863]]},"properties":{"description":"ACERAS","styleUrl":"#line11","stroke-opacity":1,"stroke":"#FF7F00","stroke-width":1,"name":"FONDO"}},
{"type":"Feature","geometry":{"type":"LineString","coordinates":[[-63.01635,-17.73863],[-63.01636,-17.73863],[-63.01636,-17.73862],[-63.01636,-17.73861],[-63.01637,-17.7386],[-63.01637,-17.73859],[-63.01638,-17.73859],[-63.01638,-17.73858],[-63.01639,-17.73858],[-63.01639,-17.73857],[-63.0164,-17.73857],[-63.01641,-17.73857],[-63.01641,-17.73856],[-63.01642,-17.73856],[-63.01643,-17.73856],[-63.01644,-17.73856],[-63.01645,-17.73856],[-63.01646,-17.73856],[-63.01647,-17.73856],[-63.01648,-17.73856]]},"properties":{"description":"ACERAS","styleUrl":"#line11","stroke-opacity":1,"stroke":"#FF7F00","stroke-width":1,"name":"FONDO"}},
{"type":"Feature","geometry":{"type":"LineString","coordinates":[[-63.0164,-17.73839],[-63.01654,-17.73772]]},"properties":{"description":"ACERAS","styleUrl":"#line11","stroke-opacity":1,"stroke":"#FF7F00","stroke-width":1,"name":"FONDO"}},
{"type":"Feature","geometry":{"type":"LineString","coordinates":[[-63.01654,-17.73772],[-63.01654,-17.73771],[-63.01654,-17.7377],[-63.01655,-17.7377],[-63.01655,-17.73769],[-63.01655,-17.73768],[-63.01656,-17.73768],[-63.01656,-17.73767],[-63.01657,-17.73767],[-63.01657,-17.73766],[-63.01658,-17.73766],[-63.01659,-17.73766],[-63.01659,-17.73765],[-63.0166,-17.73765],[-63.01661,-17.73765],[-63.01662,-17.73765],[-63.01662,-17.73764],[-63.01663,-17.73764],[-63.01664,-17.73764],[-63.01665,-17.73764]]},"properties":{"description":"ACERAS","styleUrl":"#line11","stroke-opacity":1,"stroke":"#FF7F00","stroke-width":1,"name":"FONDO"}},
{"type":"Feature","geometry":{"type":"LineString","coordinates":[[-63.01665,-17.73764],[-63.01754,-17.73777]]},"properties":{"description":"ACERAS","styleUrl":"#line11","stroke-opacity":1,"stroke":"#FF7F00","stroke-width":1,"name":"FONDO"}},
{"type":"Feature","geometry":{"type":"LineString","coordinates":[[-63.01754,-17.73777],[-63.01755,-17.73777],[-63.01756,-17.73777],[-63.01757,-17.73777],[-63.01757,-17.73778],[-63.01758,-17.73778],[-63.01759,-17.73779],[-63.0176,-17.73779],[-63.0176,-17.7378],[-63.01761,-17.73781],[-63.01761,-17.73782],[-63.01762,-17.73782],[-63.01762,-17.73783],[-63.01762,-17.73784],[-63.01762,-17.73785],[-63.01762,-17.73786],[-63.01762,-17.73787],[-63.01762,-17.73788],[-63.01762,-17.73789],[-63.01761,-17.73789],[-63.01761,-17.7379]]},"properties":{"description":"ACERAS","styleUrl":"#line11","stroke-opacity":1,"stroke":"#FF7F00","stroke-width":1,"name":"FONDO"}},
{"type":"Feature","geometry":{"type":"LineString","coordinates":[[-63.01761,-17.7379],[-63.01713,-17.73867]]},"properties":{"description":"ACERAS","styleUrl":"#line11","stroke-opacity":1,"stroke":"#FF7F00","stroke-width":1,"name":"FONDO"}},
{"type":"Feature","geometry":{"type":"LineString","coordinates":[[-63.01713,-17.73867],[-63.01712,-17.73867],[-63.01712,-17.73868],[-63.01711,-17.73868],[-63.01711,-17.73869],[-63.0171,-17.73869],[-63.0171,-17.7387],[-63.01709,-17.7387],[-63.01708,-17.73871],[-63.01707,-17.73871],[-63.01706,-17.73871],[-63.01705,-17.73871],[-63.01704,-17.73871],[-63.01703,-17.73871],[-63.01702,-17.73871],[-63.01701,-17.73871]]},"properties":{"description":"ACERAS","styleUrl":"#line11","stroke-opacity":1,"stroke":"#FF7F00","stroke-width":1,"name":"FONDO"}},
{"type":"Feature","geometry":{"type":"LineString","coordinates":[[-63.01701,-17.73871],[-63.01646,-17.73849]]},"properties":{"description":"ACERAS","styleUrl":"#line11","stroke-opacity":1,"stroke":"#FF7F00","stroke-width":1,"name":"FONDO"}},
{"type":"Feature","geometry":{"type":"LineString","coordinates":[[-63.01646,-17.73849],[-63.01646,-17.73848],[-63.01645,-17.73848],[-63.01644,-17.73848],[-63.01644,-17.73847],[-63.01643,-17.73847],[-63.01643,-17.73846],[-63.01642,-17.73846],[-63.01642,-17.73845],[-63.01641,-17.73845],[-63.01641,-17.73844],[-63.01641,-17.73843],[-63.01641,-17.73842],[-63.0164,-17.73842],[-63.0164,-17.73841],[-63.0164,-17.7384],[-63.0164,-17.73839]]},"properties":{"description":"ACERAS","styleUrl":"#line11","stroke-opacity":1,"stroke":"#FF7F00","stroke-width":1,"name":"FONDO"}},
{"type":"Feature","geometry":{"type":"LineString","coordinates":[[-63.01586,-17.74345],[-63.01541,-17.74416]]},"properties":{"description":"ACERAS","styleUrl":"#line11","stroke-opacity":1,"stroke":"#FF7F00","stroke-width":1,"name":"FONDO"}},
{"type":"Feature","geometry":{"type":"LineString","coordinates":[[-63.01541,-17.74416],[-63.01541,-17.74417],[-63.0154,-17.74417],[-63.0154,-17.74418],[-63.01539,-17.74418],[-63.01539,-17.74419],[-63.01538,-17.74419],[-63.01537,-17.74419],[-63.01537,-17.7442],[-63.01536,-17.7442],[-63.01535,-17.7442],[-63.01534,-17.7442],[-63.01534,-17.74421],[-63.01533,-17.74421],[-63.01532,-17.74421],[-63.01531,-17.74421],[-63.0153,-17.74421],[-63.01529,-17.7442],[-63.01528,-17.7442],[-63.01527,-17.7442],[-63.01526,-17.74419],[-63.01525,-17.74419],[-63.01525,-17.74418],[-63.01524,-17.74418],[-63.01524,-17.74417],[-63.01523,-17.74417],[-63.01523,-17.74416]]},"properties":{"description":"ACERAS","styleUrl":"#line11","stroke-opacity":1,"stroke":"#FF7F00","stroke-width":1,"name":"FONDO"}},
{"type":"Feature","geometry":{"type":"LineString","coordinates":[[-63.01493,-17.74379],[-63.01494,-17.74379],[-63.01494,-17.7438],[-63.01495,-17.74381],[-63.01495,-17.74382],[-63.01496,-17.74382],[-63.01496,-17.74383],[-63.01497,-17.74383],[-63.01497,-17.74384],[-63.01498,-17.74384],[-63.01498,-17.74385],[-63.01499,-17.74385],[-63.01499,-17.74386],[-63.01499,-17.74387],[-63.015,-17.74387],[-63.015,-17.74388],[-63.01501,-17.74388],[-63.01501,-17.74389],[-63.01502,-17.74389],[-63.01502,-17.7439],[-63.01503,-17.7439],[-63.01503,-17.74391],[-63.01504,-17.74392],[-63.01504,-17.74393],[-63.01505,-17.74393],[-63.01505,-17.74394],[-63.01506,-17.74394],[-63.01506,-17.74395],[-63.01507,-17.74395],[-63.01507,-17.74396],[-63.01508,-17.74397],[-63.01508,-17.74398],[-63.01509,-17.74398],[-63.01509,-17.74399],[-63.0151,-17.74399],[-63.0151,-17.744],[-63.01511,-17.74401],[-63.01511,-17.74402],[-63.01512,-17.74402],[-63.01512,-17.74403],[-63.01513,-17.74403],[-63.01513,-17.74404],[-63.01514,-17.74404],[-63.01514,-17.74405],[-63.01514,-17.74406],[-63.01515,-17.74406],[-63.01515,-17.74407],[-63.01516,-17.74407],[-63.01516,-17.74408],[-63.01517,-17.74408],[-63.01517,-17.74409],[-63.01518,-17.7441],[-63.01518,-17.74411],[-63.01519,-17.74411],[-63.01519,-17.74412],[-63.0152,-17.74412],[-63.0152,-17.74413],[-63.01521,-17.74413],[-63.01521,-17.74414],[-63.01521,-17.74415],[-63.01522,-17.74415],[-63.01522,-17.74416],[-63.01523,-17.74416]]},"properties":{"description":"ACERAS","styleUrl":"#line11","stroke-opacity":1,"stroke":"#FF7F00","stroke-width":1,"name":"FONDO"}},
{"type":"Feature","geometry":{"type":"LineString","coordinates":[[-63.01493,-17.74379],[-63.01493,-17.74378],[-63.01492,-17.74378],[-63.01492,-17.74377],[-63.01492,-17.74376],[-63.01491,-17.74376],[-63.01491,-17.74375],[-63.01491,-17.74374],[-63.01491,-17.74373],[-63.01491,-17.74372],[-63.01491,-17.74371],[-63.01491,-17.7437],[-63.01492,-17.74369],[-63.01492,-17.74368],[-63.01492,-17.74367],[-63.01493,-17.74367]]},"properties":{"description":"ACERAS","styleUrl":"#line11","stroke-opacity":1,"stroke":"#FF7F00","stroke-width":1,"name":"FONDO"}},
{"type":"Feature","geometry":{"type":"LineString","coordinates":[[-63.01493,-17.74367],[-63.01598,-17.742]]},"properties":{"description":"ACERAS","styleUrl":"#line11","stroke-opacity":1,"stroke":"#FF7F00","stroke-width":1,"name":"FONDO"}},
{"type":"Feature","geometry":{"type":"LineString","coordinates":[[-63.01598,-17.742],[-63.01598,-17.74199],[-63.01599,-17.74199],[-63.01599,-17.74198],[-63.016,-17.74198],[-63.016,-17.74197],[-63.01601,-17.74197],[-63.01602,-17.74197],[-63.01602,-17.74196],[-63.01603,-17.74196],[-63.01604,-17.74196],[-63.01605,-17.74196],[-63.01606,-17.74196],[-63.01607,-17.74196],[-63.01608,-17.74196],[-63.01609,-17.74196],[-63.01609,-17.74197],[-63.0161,-17.74197],[-63.01611,-17.74197],[-63.01611,-17.74198],[-63.01612,-17.74198]]},"properties":{"description":"ACERAS","styleUrl":"#line11","stroke-opacity":1,"stroke":"#FF7F00","stroke-width":1,"name":"FONDO"}},
{"type":"Feature","geometry":{"type":"LineString","coordinates":[[-63.01612,-17.74198],[-63.01615,-17.742]]},"properties":{"description":"ACERAS","styleUrl":"#line11","stroke-opacity":1,"stroke":"#FF7F00","stroke-width":1,"name":"FONDO"}},
{"type":"Feature","geometry":null,"properties":{"description":"ACERAS","styleUrl":"#line11","stroke-opacity":1,"stroke":"#FF7F00","stroke-width":1,"name":"FONDO"}},
{"type":"Feature","geometry":{"type":"LineString","coordinates":[[-63.01663,-17.74364],[-63.01628,-17.7442]]},"properties":{"description":"ACERAS","styleUrl":"#line11","stroke-opacity":1,"stroke":"#FF7F00","stroke-width":1,"name":"FONDO"}},
{"type":"Feature","geometry":{"type":"LineString","coordinates":[[-63.01628,-17.7442],[-63.01593,-17.74477]]},"properties":{"description":"ACERAS","styleUrl":"#line11","stroke-opacity":1,"stroke":"#FF7F00","stroke-width":1,"name":"FONDO"}},
{"type":"Feature","geometry":{"type":"LineString","coordinates":[[-63.01593,-17.74477],[-63.01593,-17.74478],[-63.01592,-17.74478],[-63.01592,-17.74479],[-63.01591,-17.74479],[-63.01591,-17.7448],[-63.0159,-17.7448],[-63.0159,-17.74481],[-63.01589,-17.74481],[-63.01589,-17.74482],[-63.01588,-17.74482],[-63.01587,-17.74483],[-63.01586,-17.74483],[-63.01585,-17.74484],[-63.01584,-17.74484],[-63.01583,-17.74484],[-63.01582,-17.74485],[-63.01581,-17.74485],[-63.0158,-17.74485],[-63.01579,-17.74485],[-63.01578,-17.74485],[-63.01577,-17.74485],[-63.01576,-17.74485],[-63.01575,-17.74485],[-63.01574,-17.74484],[-63.01573,-17.74484],[-63.01572,-17.74484],[-63.01571,-17.74483],[-63.0157,-17.74483],[-63.0157,-17.74482],[-63.01569,-17.74482],[-63.01568,-17.74482],[-63.01568,-17.74481],[-63.01567,-17.74481],[-63.01567,-17.7448],[-63.01566,-17.7448],[-63.01566,-17.74479],[-63.01565,-17.74479],[-63.01565,-17.74478],[-63.01564,-17.74478],[-63.01564,-17.74477]]},"properties":{"description":"ACERAS","styleUrl":"#line11","stroke-opacity":1,"stroke":"#FF7F00","stroke-width":1,"name":"FONDO"}},
{"type":"Feature","geometry":{"type":"LineString","coordinates":[[-63.0154,-17.74441],[-63.01541,-17.74441],[-63.01541,-17.74442],[-63.01541,-17.74443],[-63.01542,-17.74443],[-63.01542,-17.74444],[-63.01543,-17.74444],[-63.01543,-17.74445],[-63.01543,-17.74446],[-63.01544,-17.74446],[-63.01544,-17.74447],[-63.01545,-17.74447],[-63.01545,-17.74448],[-63.01546,-17.74449],[-63.01546,-17.7445],[-63.01547,-17.7445],[-63.01547,-17.74451],[-63.01548,-17.74452],[-63.01548,-17.74453],[-63.01549,-17.74453],[-63.01549,-17.74454],[-63.0155,-17.74455],[-63.0155,-17.74456],[-63.01551,-17.74456],[-63.01551,-17.74457],[-63.01552,-17.74458],[-63.01552,-17.74459],[-63.01553,-17.74459],[-63.01553,-17.7446],[-63.01554,-17.74461],[-63.01554,-17.74462],[-63.01555,-17.74462],[-63.01555,-17.74463],[-63.01556,-17.74464],[-63.01556,-17.74465],[-63.01557,-17.74465],[-63.01557,-17.74466],[-63.01557,-17.74467],[-63.01558,-17.74467],[-63.01558,-17.74468],[-63.01559,-17.74469],[-63.01559,-17.7447],[-63.0156,-17.7447],[-63.0156,-17.74471],[-63.01561,-17.74472],[-63.01561,-17.74473],[-63.01562,-17.74473],[-63.01562,-17.74474],[-63.01562,-17.74475],[-63.01563,-17.74475],[-63.01563,-17.74476],[-63.01564,-17.74476],[-63.01564,-17.74477]]},"properties":{"description":"ACERAS","styleUrl":"#line11","stroke-opacity":1,"stroke":"#FF7F00","stroke-width":1,"name":"FONDO"}},
{"type":"Feature","geometry":{"type":"LineString","coordinates":[[-63.0154,-17.74441],[-63.0154,-17.7444],[-63.0154,-17.74439],[-63.01539,-17.74439],[-63.01539,-17.74438],[-63.01539,-17.74437],[-63.01539,-17.74436],[-63.01539,-17.74435],[-63.01539,-17.74434],[-63.01539,-17.74433],[-63.01539,-17.74432],[-63.01539,-17.74431],[-63.0154,-17.74431],[-63.0154,-17.7443]]},"properties":{"description":"ACERAS","styleUrl":"#line11","stroke-opacity":1,"stroke":"#FF7F00","stroke-width":1,"name":"FONDO"}},
{"type":"Feature","geometry":{"type":"LineString","coordinates":[[-63.0154,-17.7443],[-63.01592,-17.74347]]},"properties":{"description":"ACERAS","styleUrl":"#line11","stroke-opacity":1,"stroke":"#FF7F00","stroke-width":1,"name":"FONDO"}},
{"type":"Feature","geometry":{"type":"LineString","coordinates":[[-63.01397,-17.74292],[-63.01397,-17.74293],[-63.01398,-17.74293],[-63.01398,-17.74294],[-63.01399,-17.74294],[-63.01399,-17.74295],[-63.014,-17.74295],[-63.014,-17.74296],[-63.01401,-17.74296],[-63.01402,-17.74297],[-63.01403,-17.74298],[-63.01404,-17.74299],[-63.01405,-17.743],[-63.01406,-17.74301],[-63.01407,-17.74301],[-63.01407,-17.74302],[-63.01408,-17.74302],[-63.01408,-17.74303],[-63.01409,-17.74303],[-63.01409,-17.74304],[-63.0141,-17.74304],[-63.0141,-17.74305],[-63.01411,-17.74305],[-63.01411,-17.74306],[-63.01412,-17.74306],[-63.01413,-17.74307],[-63.01413,-17.74308],[-63.01414,-17.74308],[-63.01415,-17.74309],[-63.01416,-17.7431],[-63.01417,-17.74311],[-63.01418,-17.74312],[-63.01419,-17.74313],[-63.0142,-17.74314],[-63.01421,-17.74314],[-63.01421,-17.74315],[-63.01422,-17.74316],[-63.01423,-17.74317],[-63.01424,-17.74317],[-63.01424,-17.74318],[-63.01425,-17.74319],[-63.01426,-17.7432],[-63.01427,-17.7432],[-63.01427,-17.74321],[-63.01428,-17.74321],[-63.01428,-17.74322],[-63.01429,-17.74323],[-63.0143,-17.74323],[-63.0143,-17.74324],[-63.01431,-17.74324],[-63.01431,-17.74325],[-63.01432,-17.74326],[-63.01433,-17.74326],[-63.01433,-17.74327],[-63.01434,-17.74327],[-63.01434,-17.74328],[-63.01435,-17.74328],[-63.01435,-17.74329],[-63.01436,-17.74329],[-63.01436,-17.7433],[-63.01437,-17.7433],[-63.01437,-17.74331],[-63.01438,-17.74331],[-63.01438,-17.74332],[-63.01439,-17.74333],[-63.0144,-17.74333],[-63.0144,-17.74334],[-63.01441,-17.74334],[-63.01441,-17.74335],[-63.01442,-17.74336],[-63.01443,-17.74337],[-63.01444,-17.74337],[-63.01444,-17.74338],[-63.01445,-17.74339],[-63.01446,-17.7434],[-63.01447,-17.74341],[-63.01448,-17.74342],[-63.01449,-17.74343],[-63.01449,-17.74344],[-63.0145,-17.74344],[-63.01451,-17.74345],[-63.01452,-17.74346],[-63.01452,-17.74347],[-63.01453,-17.74347],[-63.01453,-17.74348],[-63.01454,-17.74348],[-63.01454,-17.74349],[-63.01455,-17.74349],[-63.01455,-17.7435],[-63.01456,-17.7435],[-63.01456,-17.74351],[-63.01457,-17.74351],[-63.01457,-17.74352],[-63.01458,-17.74353],[-63.01459,-17.74353],[-63.01459,-17.74354],[-63.0146,-17.74355],[-63.01461,-17.74356],[-63.01461,-17.74357],[-63.01462,-17.74357],[-63.01462,-17.74358],[-63.01463,-17.74358],[-63.01464,-17.74359],[-63.01464,-17.7436],[-63.01465,-17.7436],[-63.01465,-17.74361],[-63.01466,-17.74361],[-63.01466,-17.74362],[-63.01467,-17.74363],[-63.01468,-17.74363],[-63.01468,-17.74364],[-63.01469,-17.74365],[-63.0147,-17.74366],[-63.0147,-17.74367],[-63.01471,-17.74367],[-63.01471,-17.74368],[-63.01472,-17.74368],[-63.01472,-17.74369],[-63.01473,-17.74369],[-63.01473,-17.7437],[-63.01474,-17.7437]]},"properties":{"description":"ACERAS","styleUrl":"#line11","stroke-opacity":1,"stroke":"#FF7F00","stroke-width":1,"name":"FONDO"}},
{"type":"Feature","geometry":{"type":"LineString","coordinates":[[-63.01474,-17.7437],[-63.01474,-17.74371],[-63.01475,-17.74371],[-63.01475,-17.74372],[-63.01475,-17.74373],[-63.01476,-17.74373],[-63.01476,-17.74374],[-63.01476,-17.74375],[-63.01476,-17.74376],[-63.01476,-17.74377],[-63.01476,-17.74378],[-63.01476,-17.74379],[-63.01476,-17.7438],[-63.01476,-17.74381],[-63.01476,-17.74382],[-63.01475,-17.74382],[-63.01475,-17.74383]]},"properties":{"description":"ACERAS","styleUrl":"#line11","stroke-opacity":1,"stroke":"#FF7F00","stroke-width":1,"name":"FONDO"}},
{"type":"Feature","geometry":{"type":"LineString","coordinates":[[-63.01475,-17.74383],[-63.01448,-17.74426]]},"properties":{"description":"ACERAS","styleUrl":"#line11","stroke-opacity":1,"stroke":"#FF7F00","stroke-width":1,"name":"FONDO"}},
{"type":"Feature","geometry":{"type":"LineString","coordinates":[[-63.01448,-17.74426],[-63.01447,-17.74426],[-63.01447,-17.74427],[-63.01447,-17.74428],[-63.01446,-17.74428],[-63.01446,-17.74429],[-63.01445,-17.74429],[-63.01445,-17.7443],[-63.01444,-17.7443],[-63.01443,-17.7443],[-63.01443,-17.74431],[-63.01442,-17.74431],[-63.01442,-17.74432],[-63.01441,-17.74432],[-63.0144,-17.74432],[-63.0144,-17.74433],[-63.01439,-17.74433],[-63.01438,-17.74433],[-63.01437,-17.74433],[-63.01437,-17.74434],[-63.01436,-17.74434],[-63.01435,-17.74434],[-63.01434,-17.74434],[-63.01433,-17.74434],[-63.01432,-17.74434],[-63.01431,-17.74434],[-63.0143,-17.74434],[-63.01429,-17.74434],[-63.01428,-17.74434],[-63.01427,-17.74434],[-63.01427,-17.74433],[-63.01426,-17.74433],[-63.01425,-17.74433],[-63.01424,-17.74432],[-63.01423,-17.74432],[-63.01423,-17.74431],[-63.01422,-17.74431],[-63.01421,-17.74431],[-63.01421,-17.7443],[-63.0142,-17.7443],[-63.0142,-17.74429],[-63.01419,-17.74429]]},"properties":{"description":"ACERAS","styleUrl":"#line11","stroke-opacity":1,"stroke":"#FF7F00","stroke-width":1,"name":"FONDO"}},
{"type":"Feature","geometry":{"type":"LineString","coordinates":[[-63.01376,-17.74382],[-63.01377,-17.74382],[-63.01377,-17.74383],[-63.01378,-17.74383],[-63.01378,-17.74384],[-63.01379,-17.74384],[-63.01379,-17.74385],[-63.0138,-17.74385],[-63.0138,-17.74386],[-63.01381,-17.74387],[-63.01382,-17.74388],[-63.01383,-17.74389],[-63.01384,-17.7439],[-63.01385,-17.74391],[-63.01386,-17.74392],[-63.01387,-17.74393],[-63.01388,-17.74394],[-63.01389,-17.74395],[-63.01389,-17.74396],[-63.0139,-17.74396],[-63.0139,-17.74397],[-63.01391,-17.74397],[-63.01391,-17.74398],[-63.01392,-17.74398],[-63.01392,-17.74399],[-63.01393,-17.74399],[-63.01393,-17.744],[-63.01394,-17.744],[-63.01394,-17.74401],[-63.01395,-17.74401],[-63.01395,-17.74402],[-63.01396,-17.74402],[-63.01396,-17.74403],[-63.01397,-17.74403],[-63.01397,-17.74404],[-63.01398,-17.74404],[-63.01398,-17.74405],[-63.01399,-17.74405],[-63.01399,-17.74406],[-63.014,-17.74407],[-63.014,-17.74408],[-63.01401,-17.74408],[-63.01401,-17.74409],[-63.01402,-17.74409],[-63.01402,-17.7441],[-63.01403,-17.7441],[-63.01403,-17.74411],[-63.01404,-17.74411],[-63.01404,-17.74412],[-63.01405,-17.74412],[-63.01405,-17.74413],[-63.01406,-17.74413],[-63.01406,-17.74414],[-63.01407,-17.74414],[-63.01407,-17.74415],[-63.01408,-17.74415],[-63.01408,-17.74416],[-63.01408,-17.74417],[-63.01409,-17.74417],[-63.01409,-17.74418],[-63.0141,-17.74418],[-63.0141,-17.74419],[-63.01411,-17.74419],[-63.01411,-17.7442],[-63.01412,-17.7442],[-63.01412,-17.74421],[-63.01413,-17.74421],[-63.01413,-17.74422],[-63.01414,-17.74422],[-63.01414,-17.74423],[-63.01415,-17.74424],[-63.01416,-17.74425],[-63.01416,-17.74426],[-63.01417,-17.74426],[-63.01417,-17.74427],[-63.01418,-17.74427],[-63.01418,-17.74428],[-63.01419,-17.74428],[-63.01419,-17.74429]]},"properties":{"description":"ACERAS","styleUrl":"#line11","stroke-opacity":1,"stroke":"#FF7F00","stroke-width":1,"name":"FONDO"}},
{"type":"Feature","geometry":{"type":"LineString","coordinates":[[-63.01445,-17.74442],[-63.01475,-17.74395]]},"properties":{"description":"ACERAS","styleUrl":"#line11","stroke-opacity":1,"stroke":"#FF7F00","stroke-width":1,"name":"FONDO"}},
{"type":"Feature","geometry":{"type":"LineString","coordinates":[[-63.01475,-17.74395],[-63.01475,-17.74394],[-63.01476,-17.74394],[-63.01476,-17.74393],[-63.01477,-17.74393],[-63.01477,-17.74392],[-63.01478,-17.74392],[-63.01479,-17.74392],[-63.01479,-17.74391],[-63.0148,-17.74391],[-63.01481,-17.74391],[-63.01481,-17.7439],[-63.01482,-17.7439],[-63.01483,-17.7439],[-63.01484,-17.7439],[-63.01485,-17.7439],[-63.01486,-17.7439],[-63.01487,-17.7439],[-63.01488,-17.7439],[-63.01489,-17.7439],[-63.01489,-17.74391],[-63.0149,-17.74391],[-63.01491,-17.74391],[-63.01491,-17.74392],[-63.01492,-17.74392],[-63.01492,-17.74393],[-63.01493,-17.74393],[-63.01493,-17.74394],[-63.01494,-17.74394]]},"properties":{"description":"ACERAS","styleUrl":"#line11","stroke-opacity":1,"stroke":"#FF7F00","stroke-width":1,"name":"FONDO"}},
{"type":"Feature","geometry":{"type":"LineString","coordinates":[[-63.01494,-17.74394],[-63.01494,-17.74395],[-63.01495,-17.74395],[-63.01495,-17.74396],[-63.01496,-17.74397],[-63.01496,-17.74398],[-63.01497,-17.74398],[-63.01497,-17.74399],[-63.01498,-17.74399],[-63.01498,-17.744],[-63.01499,-17.744],[-63.01499,-17.74401],[-63.015,-17.74402],[-63.01501,-17.74403],[-63.01501,-17.74404],[-63.01502,-17.74404],[-63.01502,-17.74405],[-63.01503,-17.74406],[-63.01504,-17.74407],[-63.01505,-17.74408],[-63.01505,-17.74409],[-63.01506,-17.74409],[-63.01506,-17.7441],[-63.01507,-17.74411],[-63.01508,-17.74412],[-63.01508,-17.74413],[-63.01509,-17.74413],[-63.01509,-17.74414],[-63.0151,-17.74414],[-63.0151,-17.74415],[-63.0151,-17.74416],[-63.01511,-17.74416],[-63.01511,-17.74417],[-63.01512,-17.74417],[-63.01512,-17.74418],[-63.01513,-17.74418],[-63.01513,-17.74419],[-63.01514,-17.7442],[-63.01514,-17.74421],[-63.01515,-17.74421],[-63.01515,-17.74422],[-63.01516,-17.74423],[-63.01517,-17.74424],[-63.01518,-17.74425],[-63.01518,-17.74426],[-63.01519,-17.74427],[-63.0152,-17.74428],[-63.0152,-17.74429],[-63.01521,-17.74429],[-63.01521,-17.7443],[-63.01522,-17.74431],[-63.01522,-17.74432],[-63.01523,-17.74432],[-63.01523,-17.74433],[-63.01524,-17.74433],[-63.01524,-17.74434],[-63.01524,-17.74435],[-63.01525,-17.74435],[-63.01525,-17.74436],[-63.01526,-17.74436],[-63.01526,-17.74437],[-63.01527,-17.74438],[-63.01527,-17.74439],[-63.01528,-17.74439],[-63.01528,-17.7444],[-63.01529,-17.74441],[-63.0153,-17.74442],[-63.0153,-17.74443],[-63.01531,-17.74444],[-63.01532,-17.74445],[-63.01532,-17.74446],[-63.01533,-17.74447],[-63.01534,-17.74448],[-63.01535,-17.74449],[-63.01535,-17.7445],[-63.01536,-17.74451],[-63.01537,-17.74452],[-63.01537,-17.74453],[-63.01538,-17.74454],[-63.01539,-17.74455],[-63.01539,-17.74456],[-63.0154,-17.74456],[-63.0154,-17.74457],[-63.01541,-17.74458],[-63.01541,-17.74459],[-63.01542,-17.74459],[-63.01542,-17.7446],[-63.01542,-17.74461],[-63.01543,-17.74461],[-63.01543,-17.74462],[-63.01544,-17.74462],[-63.01544,-17.74463],[-63.01544,-17.74464],[-63.01545,-17.74464],[-63.01545,-17.74465],[-63.01546,-17.74465],[-63.01546,-17.74466],[-63.01546,-17.74467],[-63.01547,-17.74467],[-63.01547,-17.74468],[-63.01548,-17.74469],[-63.01548,-17.7447],[-63.01549,-17.7447],[-63.01549,-17.74471],[-63.0155,-17.74472],[-63.0155,-17.74473],[-63.01551,-17.74473],[-63.01551,-17.74474],[-63.01552,-17.74475],[-63.01552,-17.74476],[-63.01553,-17.74477],[-63.01554,-17.74478],[-63.01554,-17.74479],[-63.01555,-17.7448],[-63.01555,-17.74481],[-63.01556,-17.74482],[-63.01557,-17.74483],[-63.01557,-17.74484],[-63.01558,-17.74485],[-63.01559,-17.74486],[-63.01559,-17.74487],[-63.0156,-17.74488],[-63.0156,-17.74489],[-63.01561,-17.7449],[-63.01562,-17.74491],[-63.01562,-17.74492],[-63.01563,-17.74493],[-63.01563,-17.74494],[-63.01564,-17.74495],[-63.01565,-17.74496],[-63.01565,-17.74497],[-63.01566,-17.74498],[-63.01566,-17.74499],[-63.01567,-17.745],[-63.01568,-17.74501],[-63.01568,-17.74502]]},"properties":{"description":"ACERAS","styleUrl":"#line11","stroke-opacity":1,"stroke":"#FF7F00","stroke-width":1,"name":"FONDO"}},
{"type":"Feature","geometry":{"type":"LineString","coordinates":[[-63.01568,-17.74502],[-63.01568,-17.74503],[-63.01569,-17.74503],[-63.01569,-17.74504],[-63.01569,-17.74505],[-63.0157,-17.74505],[-63.0157,-17.74506],[-63.0157,-17.74507],[-63.0157,-17.74508],[-63.0157,-17.74509],[-63.0157,-17.7451],[-63.0157,-17.74511],[-63.0157,-17.74512],[-63.0157,-17.74513],[-63.0157,-17.74514],[-63.0157,-17.74515],[-63.0157,-17.74516],[-63.01569,-17.74516],[-63.01569,-17.74517],[-63.01569,-17.74518],[-63.01568,-17.74518]]},"properties":{"description":"ACERAS","styleUrl":"#line11","stroke-opacity":1,"stroke":"#FF7F00","stroke-width":1,"name":"FONDO"}},
{"type":"Feature","geometry":{"type":"LineString","coordinates":[[-63.01568,-17.74518],[-63.01567,-17.7452]]},"properties":{"description":"ACERAS","styleUrl":"#line11","stroke-opacity":1,"stroke":"#FF7F00","stroke-width":1,"name":"FONDO"}},
{"type":"Feature","geometry":{"type":"LineString","coordinates":[[-63.01567,-17.7452],[-63.01548,-17.74553]]},"properties":{"description":"ACERAS","styleUrl":"#line11","stroke-opacity":1,"stroke":"#FF7F00","stroke-width":1,"name":"FONDO"}},
{"type":"Feature","geometry":{"type":"LineString","coordinates":[[-63.01548,-17.74553],[-63.01547,-17.74553],[-63.01547,-17.74554],[-63.01546,-17.74554],[-63.01546,-17.74555],[-63.01545,-17.74556],[-63.01544,-17.74557],[-63.01544,-17.74558],[-63.01543,-17.74558],[-63.01542,-17.74559],[-63.01541,-17.74559],[-63.01541,-17.7456],[-63.0154,-17.7456],[-63.0154,-17.74561],[-63.01539,-17.74561],[-63.01538,-17.74561],[-63.01538,-17.74562],[-63.01537,-17.74562],[-63.01536,-17.74562],[-63.01536,-17.74563],[-63.01535,-17.74563],[-63.01534,-17.74563],[-63.01533,-17.74563],[-63.01533,-17.74564],[-63.01532,-17.74564],[-63.01531,-17.74564],[-63.0153,-17.74564],[-63.01529,-17.74564],[-63.01528,-17.74564],[-63.01527,-17.74564],[-63.01526,-17.74564],[-63.01525,-17.74564],[-63.01524,-17.74564],[-63.01523,-17.74564],[-63.01522,-17.74564],[-63.01521,-17.74564],[-63.0152,-17.74564],[-63.01519,-17.74563],[-63.01518,-17.74563],[-63.01517,-17.74563],[-63.01516,-17.74563],[-63.01516,-17.74562],[-63.01515,-17.74562],[-63.01514,-17.74562],[-63.01514,-17.74561],[-63.01513,-17.74561],[-63.01512,-17.7456],[-63.01511,-17.7456],[-63.01511,-17.74559],[-63.0151,-17.74559],[-63.0151,-17.74558],[-63.01509,-17.74558],[-63.01509,-17.74557],[-63.01508,-17.74557],[-63.01508,-17.74556],[-63.01507,-17.74556],[-63.01507,-17.74555],[-63.01506,-17.74555],[-63.01506,-17.74554],[-63.01505,-17.74554],[-63.01505,-17.74553]]},"properties":{"description":"ACERAS","styleUrl":"#line11","stroke-opacity":1,"stroke":"#FF7F00","stroke-width":1,"name":"FONDO"}},
{"type":"Feature","geometry":{"type":"LineString","coordinates":[[-63.01445,-17.74461],[-63.01446,-17.74462],[-63.01446,-17.74463],[-63.01447,-17.74463],[-63.01447,-17.74464],[-63.01448,-17.74465],[-63.01449,-17.74466],[-63.01449,-17.74467],[-63.0145,-17.74467],[-63.0145,-17.74468],[-63.01451,-17.74469],[-63.01451,-17.7447],[-63.01452,-17.7447],[-63.01452,-17.74471],[-63.01453,-17.74471],[-63.01453,-17.74472],[-63.01454,-17.74473],[-63.01454,-17.74474],[-63.01455,-17.74474],[-63.01455,-17.74475],[-63.01456,-17.74476],[-63.01457,-17.74477],[-63.01457,-17.74478],[-63.01458,-17.74478],[-63.01458,-17.74479],[-63.01459,-17.7448],[-63.01459,-17.74481],[-63.0146,-17.74481],[-63.0146,-17.74482],[-63.01461,-17.74482],[-63.01461,-17.74483],[-63.01462,-17.74484],[-63.01462,-17.74485],[-63.01463,-17.74485],[-63.01463,-17.74486],[-63.01464,-17.74487],[-63.01464,-17.74488],[-63.01465,-17.74488],[-63.01465,-17.74489],[-63.01466,-17.7449],[-63.01467,-17.74491],[-63.01467,-17.74492],[-63.01468,-17.74493],[-63.01468,-17.74494],[-63.01469,-17.74494],[-63.01469,-17.74495],[-63.0147,-17.74496],[-63.0147,-17.74497],[-63.01471,-17.74497],[-63.01471,-17.74498],[-63.01472,-17.74499],[-63.01472,-17.745],[-63.01473,-17.745],[-63.01473,-17.74501],[-63.01474,-17.74502],[-63.01474,-17.74503],[-63.01475,-17.74503],[-63.01475,-17.74504],[-63.01476,-17.74505],[-63.01477,-17.74506],[-63.01477,-17.74507],[-63.01478,-17.74507],[-63.01478,-17.74508],[-63.01479,-17.74509],[-63.01479,-17.7451],[-63.0148,-17.74511],[-63.0148,-17.74512],[-63.01481,-17.74512],[-63.01481,-17.74513],[-63.01482,-17.74514],[-63.01482,-17.74515],[-63.01483,-17.74515],[-63.01483,-17.74516],[-63.01483,-17.74517],[-63.01484,-17.74517],[-63.01484,-17.74518],[-63.01485,-17.74519],[-63.01485,-17.7452],[-63.01486,-17.7452],[-63.01486,-17.74521],[-63.01487,-17.74522],[-63.01487,-17.74523],[-63.01488,-17.74524],[-63.01488,-17.74525],[-63.01489,-17.74525],[-63.01489,-17.74526],[-63.0149,-17.74527],[-63.0149,-17.74528],[-63.01491,-17.74528],[-63.01491,-17.74529],[-63.01492,-17.7453],[-63.01492,-17.74531],[-63.01493,-17.74531],[-63.01493,-17.74532],[-63.01493,-17.74533],[-63.01494,-17.74534],[-63.01494,-17.74535],[-63.01495,-17.74535],[-63.01495,-17.74536],[-63.01496,-17.74537],[-63.01496,-17.74538],[-63.01497,-17.74538],[-63.01497,-17.74539],[-63.01498,-17.7454],[-63.01498,-17.74541],[-63.01498,-17.74542],[-63.01499,-17.74542],[-63.01499,-17.74543],[-63.015,-17.74544],[-63.015,-17.74545],[-63.01501,-17.74545],[-63.01501,-17.74546],[-63.01502,-17.74547],[-63.01502,-17.74548],[-63.01502,-17.74549],[-63.01503,-17.74549],[-63.01503,-17.7455],[-63.01504,-17.74551],[-63.01504,-17.74552],[-63.01505,-17.74552],[-63.01505,-17.74553]]},"properties":{"description":"ACERAS","styleUrl":"#line11","stroke-opacity":1,"stroke":"#FF7F00","stroke-width":1,"name":"FONDO"}},
{"type":"Feature","geometry":{"type":"LineString","coordinates":[[-63.01445,-17.74461],[-63.01445,-17.7446],[-63.01444,-17.7446],[-63.01444,-17.74459],[-63.01444,-17.74458],[-63.01443,-17.74458],[-63.01443,-17.74457],[-63.01443,-17.74456],[-63.01443,-17.74455],[-63.01443,-17.74454],[-63.01443,-17.74453],[-63.01442,-17.74453],[-63.01442,-17.74452],[-63.01442,-17.74451],[-63.01443,-17.74451],[-63.01443,-17.7445],[-63.01443,-17.74449],[-63.01443,-17.74448],[-63.01443,-17.74447],[-63.01443,-17.74446],[-63.01444,-17.74446],[-63.01444,-17.74445],[-63.01444,-17.74444],[-63.01445,-17.74444],[-63.01445,-17.74443],[-63.01445,-17.74442]]},"properties":{"description":"ACERAS","styleUrl":"#line11","stroke-opacity":1,"stroke":"#FF7F00","stroke-width":1,"name":"FONDO"}},
{"type":"Feature","geometry":{"type":"LineString","coordinates":[[-63.01749,-17.74454],[-63.01648,-17.74604]]},"properties":{"description":"ACERAS","styleUrl":"#line11","stroke-opacity":1,"stroke":"#FF7F00","stroke-width":1,"name":"FONDO"}},
{"type":"Feature","geometry":{"type":"LineString","coordinates":[[-63.01648,-17.74604],[-63.01648,-17.74605],[-63.01647,-17.74605],[-63.01647,-17.74606],[-63.01646,-17.74606],[-63.01646,-17.74607],[-63.01645,-17.74607],[-63.01645,-17.74608],[-63.01644,-17.74608],[-63.01643,-17.74608],[-63.01643,-17.74609],[-63.01642,-17.74609],[-63.01641,-17.74609],[-63.0164,-17.74609],[-63.01639,-17.74609],[-63.01638,-17.74609],[-63.01637,-17.74609],[-63.01636,-17.74609],[-63.01635,-17.74609],[-63.01634,-17.74608],[-63.01633,-17.74608],[-63.01632,-17.74607],[-63.01631,-17.74607],[-63.01631,-17.74606],[-63.0163,-17.74606],[-63.0163,-17.74605],[-63.01629,-17.74605],[-63.01629,-17.74604],[-63.01629,-17.74603],[-63.01628,-17.74603],[-63.01628,-17.74602]]},"properties":{"description":"ACERAS","styleUrl":"#line11","stroke-opacity":1,"stroke":"#FF7F00","stroke-width":1,"name":"FONDO"}},
{"type":"Feature","geometry":{"type":"LineString","coordinates":[[-63.01598,-17.74537],[-63.01598,-17.74538],[-63.01599,-17.74538],[-63.01599,-17.74539],[-63.01599,-17.7454],[-63.016,-17.7454],[-63.016,-17.74541],[-63.016,-17.74542],[-63.01601,-17.74542],[-63.01601,-17.74543],[-63.01601,-17.74544],[-63.01602,-17.74544],[-63.01602,-17.74545],[-63.01602,-17.74546],[-63.01603,-17.74546],[-63.01603,-17.74547],[-63.01603,-17.74548],[-63.01604,-17.74548],[-63.01604,-17.74549],[-63.01604,-17.7455],[-63.01605,-17.7455],[-63.01605,-17.74551],[-63.01605,-17.74552],[-63.01606,-17.74552],[-63.01606,-17.74553],[-63.01606,-17.74554],[-63.01607,-17.74554],[-63.01607,-17.74555],[-63.01607,-17.74556],[-63.01608,-17.74556],[-63.01608,-17.74557],[-63.01608,-17.74558],[-63.01609,-17.74559],[-63.01609,-17.7456],[-63.0161,-17.7456],[-63.0161,-17.74561],[-63.0161,-17.74562],[-63.01611,-17.74563],[-63.01611,-17.74564],[-63.01612,-17.74565],[-63.01612,-17.74566],[-63.01612,-17.74567],[-63.01613,-17.74567],[-63.01613,-17.74568],[-63.01613,-17.74569],[-63.01614,-17.74569],[-63.01614,-17.7457],[-63.01614,-17.74571],[-63.01615,-17.74571],[-63.01615,-17.74572],[-63.01615,-17.74573],[-63.01616,-17.74573],[-63.01616,-17.74574],[-63.01616,-17.74575],[-63.01617,-17.74576],[-63.01617,-17.74577],[-63.01618,-17.74578],[-63.01618,-17.74579],[-63.01618,-17.7458],[-63.01619,-17.7458],[-63.01619,-17.74581],[-63.01619,-17.74582],[-63.0162,-17.74582],[-63.0162,-17.74583],[-63.0162,-17.74584],[-63.01621,-17.74585],[-63.01621,-17.74586],[-63.01621,-17.74587],[-63.01622,-17.74587],[-63.01622,-17.74588],[-63.01622,-17.74589],[-63.01623,-17.74589],[-63.01623,-17.7459],[-63.01623,-17.74591],[-63.01624,-17.74591],[-63.01624,-17.74592],[-63.01624,-17.74593],[-63.01624,-17.74594],[-63.01625,-17.74594],[-63.01625,-17.74595],[-63.01625,-17.74596],[-63.01626,-17.74596],[-63.01626,-17.74597],[-63.01626,-17.74598],[-63.01627,-17.74599],[-63.01627,-17.746],[-63.01627,-17.74601],[-63.01628,-17.74601],[-63.01628,-17.74602]]},"properties":{"description":"ACERAS","styleUrl":"#line11","stroke-opacity":1,"stroke":"#FF7F00","stroke-width":1,"name":"FONDO"}},
{"type":"Feature","geometry":{"type":"LineString","coordinates":[[-63.01598,-17.74537],[-63.01598,-17.74536],[-63.01597,-17.74536],[-63.01597,-17.74535],[-63.01597,-17.74534],[-63.01597,-17.74533],[-63.01597,-17.74532],[-63.01596,-17.74532],[-63.01596,-17.74531],[-63.01596,-17.7453],[-63.01596,-17.74529],[-63.01596,-17.74528],[-63.01597,-17.74528],[-63.01597,-17.74527],[-63.01597,-17.74526],[-63.01597,-17.74525],[-63.01597,-17.74524],[-63.01598,-17.74524],[-63.01598,-17.74523],[-63.01598,-17.74522],[-63.01599,-17.74522]]},"properties":{"description":"ACERAS","styleUrl":"#line11","stroke-opacity":1,"stroke":"#FF7F00","stroke-width":1,"name":"FONDO"}},
{"type":"Feature","geometry":{"type":"LineString","coordinates":[[-63.01599,-17.74522],[-63.01652,-17.74434]]},"properties":{"description":"ACERAS","styleUrl":"#line11","stroke-opacity":1,"stroke":"#FF7F00","stroke-width":1,"name":"FONDO"}},
{"type":"Feature","geometry":{"type":"LineString","coordinates":[[-63.01652,-17.74434],[-63.01654,-17.7443]]},"properties":{"description":"ACERAS","styleUrl":"#line11","stroke-opacity":1,"stroke":"#FF7F00","stroke-width":1,"name":"FONDO"}},
{"type":"Feature","geometry":{"type":"LineString","coordinates":[[-63.01434,-17.742],[-63.01477,-17.74224]]},"properties":{"description":"ACERAS","styleUrl":"#line11","stroke-opacity":1,"stroke":"#FF7F00","stroke-width":1,"name":"FONDO"}},
{"type":"Feature","geometry":{"type":"LineString","coordinates":[[-63.01477,-17.74224],[-63.01478,-17.74224],[-63.01478,-17.74225],[-63.01479,-17.74225],[-63.01479,-17.74226],[-63.0148,-17.74226],[-63.0148,-17.74227],[-63.0148,-17.74228],[-63.01481,-17.74228],[-63.01481,-17.74229],[-63.01481,-17.7423],[-63.01481,-17.74231],[-63.01481,-17.74232],[-63.01481,-17.74233],[-63.01481,-17.74234],[-63.01481,-17.74235],[-63.01481,-17.74236],[-63.0148,-17.74236]]},"properties":{"description":"ACERAS","styleUrl":"#line11","stroke-opacity":1,"stroke":"#FF7F00","stroke-width":1,"name":"FONDO"}},
{"type":"Feature","geometry":{"type":"LineString","coordinates":[[-63.0148,-17.74236],[-63.01439,-17.74301]]},"properties":{"description":"ACERAS","styleUrl":"#line11","stroke-opacity":1,"stroke":"#FF7F00","stroke-width":1,"name":"FONDO"}},
{"type":"Feature","geometry":{"type":"LineString","coordinates":[[-63.01439,-17.74301],[-63.01439,-17.74302],[-63.01438,-17.74302],[-63.01438,-17.74303],[-63.01437,-17.74303],[-63.01437,-17.74304],[-63.01436,-17.74304],[-63.01436,-17.74305],[-63.01435,-17.74305],[-63.01434,-17.74305],[-63.01433,-17.74305],[-63.01433,-17.74306],[-63.01432,-17.74306],[-63.01431,-17.74306],[-63.0143,-17.74306],[-63.01429,-17.74306],[-63.01428,-17.74306],[-63.01427,-17.74306],[-63.01426,-17.74306],[-63.01426,-17.74305],[-63.01425,-17.74305],[-63.01424,-17.74305],[-63.01424,-17.74304],[-63.01423,-17.74304],[-63.01422,-17.74303]]},"properties":{"description":"ACERAS","styleUrl":"#line11","stroke-opacity":1,"stroke":"#FF7F00","stroke-width":1,"name":"FONDO"}},
{"type":"Feature","geometry":{"type":"LineString","coordinates":[[-63.01407,-17.74289],[-63.01407,-17.7429],[-63.01408,-17.7429],[-63.01408,-17.74291],[-63.01409,-17.74291],[-63.0141,-17.74292],[-63.01411,-17.74292],[-63.01411,-17.74293],[-63.01412,-17.74293],[-63.01412,-17.74294],[-63.01413,-17.74294],[-63.01413,-17.74295],[-63.01414,-17.74295],[-63.01414,-17.74296],[-63.01415,-17.74296],[-63.01415,-17.74297],[-63.01416,-17.74297],[-63.01416,-17.74298],[-63.01417,-17.74298],[-63.01417,-17.74299],[-63.01418,-17.74299],[-63.01418,-17.743],[-63.01419,-17.743],[-63.01419,-17.74301],[-63.0142,-17.74301],[-63.0142,-17.74302],[-63.01421,-17.74302],[-63.01421,-17.74303],[-63.01422,-17.74303]]},"properties":{"description":"ACERAS","styleUrl":"#line11","stroke-opacity":1,"stroke":"#FF7F00","stroke-width":1,"name":"FONDO"}},
{"type":"Feature","geometry":{"type":"LineString","coordinates":[[-63.01407,-17.74289],[-63.01406,-17.74289],[-63.01406,-17.74288],[-63.01405,-17.74288],[-63.01405,-17.74287],[-63.01405,-17.74286],[-63.01404,-17.74286],[-63.01404,-17.74285],[-63.01404,-17.74284],[-63.01403,-17.74284],[-63.01403,-17.74283],[-63.01403,-17.74282],[-63.01403,-17.74281],[-63.01403,-17.7428],[-63.01403,-17.74279]]},"properties":{"description":"ACERAS","styleUrl":"#line11","stroke-opacity":1,"stroke":"#FF7F00","stroke-width":1,"name":"FONDO"}},
{"type":"Feature","geometry":{"type":"LineString","coordinates":[[-63.01403,-17.74279],[-63.0142,-17.74206]]},"properties":{"description":"ACERAS","styleUrl":"#line11","stroke-opacity":1,"stroke":"#FF7F00","stroke-width":1,"name":"FONDO"}},
{"type":"Feature","geometry":{"type":"LineString","coordinates":[[-63.0142,-17.74206],[-63.0142,-17.74205],[-63.0142,-17.74204],[-63.01421,-17.74204],[-63.01421,-17.74203],[-63.01422,-17.74203],[-63.01422,-17.74202],[-63.01422,-17.74201],[-63.01423,-17.74201],[-63.01424,-17.74201],[-63.01424,-17.742],[-63.01425,-17.742],[-63.01426,-17.742],[-63.01426,-17.74199],[-63.01427,-17.74199],[-63.01428,-17.74199],[-63.01429,-17.74199],[-63.0143,-17.74199],[-63.01431,-17.74199],[-63.01432,-17.74199],[-63.01432,-17.742],[-63.01433,-17.742],[-63.01434,-17.742]]},"properties":{"description":"ACERAS","styleUrl":"#line11","stroke-opacity":1,"stroke":"#FF7F00","stroke-width":1,"name":"FONDO"}},
{"type":"Feature","geometry":{"type":"LineString","coordinates":[[-63.01436,-17.74134],[-63.01436,-17.74133],[-63.01437,-17.74133],[-63.01437,-17.74132],[-63.01437,-17.74131],[-63.01438,-17.74131],[-63.01438,-17.7413],[-63.01439,-17.7413],[-63.01439,-17.74129],[-63.0144,-17.74129],[-63.0144,-17.74128],[-63.01441,-17.74128],[-63.01442,-17.74128],[-63.01442,-17.74127],[-63.01443,-17.74127],[-63.01444,-17.74127],[-63.01445,-17.74127],[-63.01446,-17.74127],[-63.01447,-17.74127]]},"properties":{"description":"ACERAS","styleUrl":"#line11","stroke-opacity":1,"stroke":"#FF7F00","stroke-width":1,"name":"FONDO"}},
{"type":"Feature","geometry":{"type":"LineString","coordinates":[[-63.01447,-17.74127],[-63.01525,-17.74142]]},"properties":{"description":"ACERAS","styleUrl":"#line11","stroke-opacity":1,"stroke":"#FF7F00","stroke-width":1,"name":"FONDO"}},
{"type":"Feature","geometry":{"type":"LineString","coordinates":[[-63.01525,-17.74142],[-63.01526,-17.74142],[-63.01527,-17.74142],[-63.01528,-17.74142],[-63.01528,-17.74143],[-63.01529,-17.74143],[-63.01529,-17.74144],[-63.0153,-17.74144],[-63.0153,-17.74145],[-63.01531,-17.74145],[-63.01531,-17.74146],[-63.01532,-17.74146],[-63.01532,-17.74147],[-63.01532,-17.74148],[-63.01532,-17.74149],[-63.01533,-17.74149],[-63.01533,-17.7415],[-63.01533,-17.74151],[-63.01533,-17.74152],[-63.01532,-17.74152],[-63.01532,-17.74153],[-63.01532,-17.74154],[-63.01532,-17.74155],[-63.01531,-17.74155]]},"properties":{"description":"ACERAS","styleUrl":"#line11","stroke-opacity":1,"stroke":"#FF7F00","stroke-width":1,"name":"FONDO"}},
{"type":"Feature","geometry":{"type":"LineString","coordinates":[[-63.01531,-17.74155],[-63.01493,-17.74216]]},"properties":{"description":"ACERAS","styleUrl":"#line11","stroke-opacity":1,"stroke":"#FF7F00","stroke-width":1,"name":"FONDO"}},
{"type":"Feature","geometry":{"type":"LineString","coordinates":[[-63.01493,-17.74216],[-63.01493,-17.74217],[-63.01492,-17.74217],[-63.01492,-17.74218],[-63.01491,-17.74218],[-63.0149,-17.74218],[-63.0149,-17.74219],[-63.01489,-17.74219],[-63.01488,-17.74219],[-63.01488,-17.7422],[-63.01487,-17.7422],[-63.01486,-17.7422],[-63.01485,-17.7422],[-63.01484,-17.7422],[-63.01483,-17.7422],[-63.01482,-17.7422],[-63.01482,-17.74219],[-63.01481,-17.74219],[-63.0148,-17.74219]]},"properties":{"description":"ACERAS","styleUrl":"#line11","stroke-opacity":1,"stroke":"#FF7F00","stroke-width":1,"name":"FONDO"}},
{"type":"Feature","geometry":{"type":"LineString","coordinates":[[-63.0148,-17.74219],[-63.0143,-17.74191]]},"properties":{"description":"ACERAS","styleUrl":"#line11","stroke-opacity":1,"stroke":"#FF7F00","stroke-width":1,"name":"FONDO"}},
{"type":"Feature","geometry":{"type":"LineString","coordinates":[[-63.0143,-17.74191],[-63.01429,-17.7419],[-63.01428,-17.7419],[-63.01428,-17.74189],[-63.01427,-17.74189],[-63.01427,-17.74188],[-63.01427,-17.74187],[-63.01426,-17.74187],[-63.01426,-17.74186],[-63.01426,-17.74185],[-63.01425,-17.74185],[-63.01425,-17.74184],[-63.01425,-17.74183],[-63.01425,-17.74182],[-63.01425,-17.74181],[-63.01426,-17.74181]]},"properties":{"description":"ACERAS","styleUrl":"#line11","stroke-opacity":1,"stroke":"#FF7F00","stroke-width":1,"name":"FONDO"}},
{"type":"Feature","geometry":{"type":"LineString","coordinates":[[-63.01426,-17.74181],[-63.01436,-17.74134]]},"properties":{"description":"ACERAS","styleUrl":"#line11","stroke-opacity":1,"stroke":"#FF7F00","stroke-width":1,"name":"FONDO"}},
{"type":"Feature","geometry":{"type":"LineString","coordinates":[[-63.01539,-17.74155],[-63.01539,-17.74154],[-63.0154,-17.74154],[-63.0154,-17.74153],[-63.01541,-17.74153],[-63.01542,-17.74153],[-63.01542,-17.74152],[-63.01543,-17.74152],[-63.01544,-17.74152],[-63.01544,-17.74151],[-63.01545,-17.74151],[-63.01546,-17.74151],[-63.01547,-17.74151],[-63.01548,-17.74151],[-63.01549,-17.74151],[-63.0155,-17.74151],[-63.0155,-17.74152],[-63.01551,-17.74152],[-63.01552,-17.74152],[-63.01552,-17.74153],[-63.01553,-17.74153]]},"properties":{"description":"ACERAS","styleUrl":"#line11","stroke-opacity":1,"stroke":"#FF7F00","stroke-width":1,"name":"FONDO"}},
{"type":"Feature","geometry":{"type":"LineString","coordinates":[[-63.01553,-17.74153],[-63.01591,-17.74183]]},"properties":{"description":"ACERAS","styleUrl":"#line11","stroke-opacity":1,"stroke":"#FF7F00","stroke-width":1,"name":"FONDO"}},
{"type":"Feature","geometry":{"type":"LineString","coordinates":[[-63.01591,-17.74183],[-63.01592,-17.74183],[-63.01593,-17.74183],[-63.01593,-17.74184],[-63.01593,-17.74185],[-63.01594,-17.74185],[-63.01594,-17.74186],[-63.01594,-17.74187],[-63.01595,-17.74187],[-63.01595,-17.74188],[-63.01595,-17.74189],[-63.01595,-17.7419],[-63.01595,-17.74191],[-63.01595,-17.74192],[-63.01595,-17.74193],[-63.01594,-17.74193],[-63.01594,-17.74194]]},"properties":{"description":"ACERAS","styleUrl":"#line11","stroke-opacity":1,"stroke":"#FF7F00","stroke-width":1,"name":"FONDO"}},
{"type":"Feature","geometry":{"type":"LineString","coordinates":[[-63.01594,-17.74194],[-63.01492,-17.74355]]},"properties":{"description":"ACERAS","styleUrl":"#line11","stroke-opacity":1,"stroke":"#FF7F00","stroke-width":1,"name":"FONDO"}},
{"type":"Feature","geometry":{"type":"LineString","coordinates":[[-63.01492,-17.74355],[-63.01492,-17.74356],[-63.01491,-17.74356],[-63.01491,-17.74357],[-63.0149,-17.74357],[-63.0149,-17.74358],[-63.01489,-17.74358],[-63.01489,-17.74359],[-63.01488,-17.74359],[-63.01487,-17.74359],[-63.01487,-17.7436],[-63.01486,-17.7436],[-63.01485,-17.7436],[-63.01484,-17.7436],[-63.01483,-17.7436],[-63.01482,-17.7436],[-63.01481,-17.7436],[-63.0148,-17.7436],[-63.01479,-17.7436],[-63.01478,-17.7436],[-63.01478,-17.74359],[-63.01477,-17.74359],[-63.01476,-17.74359],[-63.01476,-17.74358],[-63.01475,-17.74358],[-63.01475,-17.74357],[-63.01474,-17.74357]]},"properties":{"description":"ACERAS","styleUrl":"#line11","stroke-opacity":1,"stroke":"#FF7F00","stroke-width":1,"name":"FONDO"}},
{"type":"Feature","geometry":{"type":"LineString","coordinates":[[-63.01443,-17.74323],[-63.01443,-17.74324],[-63.01444,-17.74324],[-63.01444,-17.74325],[-63.01445,-17.74325],[-63.01445,-17.74326],[-63.01446,-17.74326],[-63.01446,-17.74327],[-63.01447,-17.74327],[-63.01447,-17.74328],[-63.01448,-17.74328],[-63.01448,-17.74329],[-63.01449,-17.74329],[-63.01449,-17.7433],[-63.0145,-17.7433],[-63.0145,-17.74331],[-63.01451,-17.74331],[-63.01451,-17.74332],[-63.01452,-17.74333],[-63.01453,-17.74333],[-63.01453,-17.74334],[-63.01454,-17.74335],[-63.01455,-17.74336],[-63.01456,-17.74337],[-63.01456,-17.74338],[-63.01457,-17.74338],[-63.01457,-17.74339],[-63.01458,-17.74339],[-63.01458,-17.7434],[-63.01459,-17.7434],[-63.01459,-17.74341],[-63.0146,-17.74341],[-63.0146,-17.74342],[-63.01461,-17.74342],[-63.01461,-17.74343],[-63.01462,-17.74343],[-63.01462,-17.74344],[-63.01463,-17.74344],[-63.01463,-17.74345],[-63.01464,-17.74345],[-63.01464,-17.74346],[-63.01465,-17.74346],[-63.01465,-17.74347],[-63.01466,-17.74347],[-63.01466,-17.74348],[-63.01467,-17.74348],[-63.01467,-17.74349],[-63.01468,-17.7435],[-63.01469,-17.74351],[-63.01469,-17.74352],[-63.0147,-17.74352],[-63.0147,-17.74353],[-63.01471,-17.74353],[-63.01471,-17.74354],[-63.01472,-17.74354],[-63.01472,-17.74355],[-63.01473,-17.74355],[-63.01473,-17.74356],[-63.01474,-17.74356],[-63.01474,-17.74357]]},"properties":{"description":"ACERAS","styleUrl":"#line11","stroke-opacity":1,"stroke":"#FF7F00","stroke-width":1,"name":"FONDO"}},
{"type":"Feature","geometry":{"type":"LineString","coordinates":[[-63.01443,-17.74323],[-63.01442,-17.74323],[-63.01442,-17.74322],[-63.01441,-17.74322],[-63.01441,-17.74321],[-63.01441,-17.7432],[-63.0144,-17.7432],[-63.0144,-17.74319],[-63.0144,-17.74318],[-63.0144,-17.74317],[-63.0144,-17.74316],[-63.0144,-17.74315],[-63.0144,-17.74314],[-63.0144,-17.74313],[-63.0144,-17.74312],[-63.01441,-17.74312],[-63.01441,-17.74311],[-63.01441,-17.7431]]},"properties":{"description":"ACERAS","styleUrl":"#line11","stroke-opacity":1,"stroke":"#FF7F00","stroke-width":1,"name":"FONDO"}},
{"type":"Feature","geometry":{"type":"LineString","coordinates":[[-63.01441,-17.7431],[-63.01457,-17.74286]]},"properties":{"description":"ACERAS","styleUrl":"#line11","stroke-opacity":1,"stroke":"#FF7F00","stroke-width":1,"name":"FONDO"}},
{"type":"Feature","geometry":{"type":"LineString","coordinates":[[-63.01457,-17.74286],[-63.01539,-17.74155]]},"properties":{"description":"ACERAS","styleUrl":"#line11","stroke-opacity":1,"stroke":"#FF7F00","stroke-width":1,"name":"FONDO"}},
{"type":"Feature","geometry":{"type":"LineString","coordinates":[[-63.01963,-17.73646],[-63.01995,-17.73658]]},"properties":{"description":"ACERAS","styleUrl":"#line11","stroke-opacity":1,"stroke":"#FF7F00","stroke-width":1,"name":"FONDO"}},
{"type":"Feature","geometry":{"type":"LineString","coordinates":[[-63.01995,-17.73658],[-63.01996,-17.73658],[-63.01996,-17.73659],[-63.01997,-17.73659],[-63.01998,-17.73659],[-63.01998,-17.7366],[-63.01999,-17.7366],[-63.01999,-17.73661],[-63.02,-17.73661],[-63.02001,-17.73662],[-63.02002,-17.73662],[-63.02002,-17.73663],[-63.02003,-17.73664],[-63.02003,-17.73665],[-63.02004,-17.73665],[-63.02004,-17.73666],[-63.02004,-17.73667],[-63.02005,-17.73667],[-63.02005,-17.73668],[-63.02005,-17.73669],[-63.02005,-17.7367],[-63.02006,-17.7367],[-63.02006,-17.73671],[-63.02006,-17.73672],[-63.02006,-17.73673],[-63.02006,-17.73674],[-63.02006,-17.73675],[-63.02006,-17.73676],[-63.02006,-17.73677],[-63.02005,-17.73677],[-63.02005,-17.73678],[-63.02005,-17.73679],[-63.02005,-17.7368],[-63.02004,-17.7368],[-63.02004,-17.73681],[-63.02003,-17.73682]]},"properties":{"description":"ACERAS","styleUrl":"#line11","stroke-opacity":1,"stroke":"#FF7F00","stroke-width":1,"name":"FONDO"}},
{"type":"Feature","geometry":{"type":"LineString","coordinates":[[-63.02003,-17.73682],[-63.01921,-17.73813]]},"properties":{"description":"ACERAS","styleUrl":"#line11","stroke-opacity":1,"stroke":"#FF7F00","stroke-width":1,"name":"FONDO"}},
{"type":"Feature","geometry":{"type":"LineString","coordinates":[[-63.01921,-17.73813],[-63.0192,-17.73813],[-63.0192,-17.73814],[-63.01919,-17.73814],[-63.01919,-17.73815],[-63.01918,-17.73815],[-63.01918,-17.73816],[-63.01917,-17.73816],[-63.01916,-17.73816],[-63.01916,-17.73817],[-63.01915,-17.73817],[-63.01914,-17.73817],[-63.01913,-17.73817],[-63.01912,-17.73817],[-63.01911,-17.73817],[-63.0191,-17.73817],[-63.01909,-17.73817],[-63.01909,-17.73816],[-63.01908,-17.73816]]},"properties":{"description":"ACERAS","styleUrl":"#line11","stroke-opacity":1,"stroke":"#FF7F00","stroke-width":1,"name":"FONDO"}},
{"type":"Feature","geometry":{"type":"LineString","coordinates":[[-63.01908,-17.73816],[-63.01866,-17.73792]]},"properties":{"description":"ACERAS","styleUrl":"#line11","stroke-opacity":1,"stroke":"#FF7F00","stroke-width":1,"name":"FONDO"}},
{"type":"Feature","geometry":{"type":"LineString","coordinates":[[-63.01866,-17.73792],[-63.01866,-17.73791],[-63.01865,-17.73791],[-63.01864,-17.73791],[-63.01864,-17.7379],[-63.01863,-17.7379],[-63.01863,-17.73789],[-63.01863,-17.73788],[-63.01862,-17.73788],[-63.01862,-17.73787],[-63.01862,-17.73786],[-63.01861,-17.73786],[-63.01861,-17.73785],[-63.01861,-17.73784],[-63.01861,-17.73783],[-63.01861,-17.73782],[-63.01862,-17.73782],[-63.01862,-17.73781],[-63.01862,-17.7378],[-63.01862,-17.73779],[-63.01863,-17.73779]]},"properties":{"description":"ACERAS","styleUrl":"#line11","stroke-opacity":1,"stroke":"#FF7F00","stroke-width":1,"name":"FONDO"}},
{"type":"Feature","geometry":{"type":"LineString","coordinates":[[-63.01863,-17.73779],[-63.01943,-17.73652]]},"properties":{"description":"ACERAS","styleUrl":"#line11","stroke-opacity":1,"stroke":"#FF7F00","stroke-width":1,"name":"FONDO"}},
{"type":"Feature","geometry":{"type":"LineString","coordinates":[[-63.01943,-17.73652],[-63.01943,-17.73651],[-63.01944,-17.73651],[-63.01944,-17.7365],[-63.01945,-17.7365],[-63.01945,-17.73649],[-63.01946,-17.73649],[-63.01946,-17.73648],[-63.01947,-17.73648],[-63.01947,-17.73647],[-63.01948,-17.73647],[-63.01949,-17.73647],[-63.01949,-17.73646],[-63.0195,-17.73646],[-63.01951,-17.73646],[-63.01951,-17.73645],[-63.01952,-17.73645],[-63.01953,-17.73645],[-63.01954,-17.73645],[-63.01955,-17.73645],[-63.01955,-17.73644],[-63.01956,-17.73644],[-63.01957,-17.73644],[-63.01958,-17.73644],[-63.01959,-17.73645],[-63.0196,-17.73645],[-63.01961,-17.73645],[-63.01962,-17.73645],[-63.01963,-17.73645],[-63.01963,-17.73646]]},"properties":{"description":"ACERAS","styleUrl":"#line11","stroke-opacity":1,"stroke":"#FF7F00","stroke-width":1,"name":"FONDO"}},
{"type":"Feature","geometry":{"type":"LineString","coordinates":[[-63.01862,-17.73797],[-63.01904,-17.73821]]},"properties":{"description":"ACERAS","styleUrl":"#line11","stroke-opacity":1,"stroke":"#FF7F00","stroke-width":1,"name":"FONDO"}},
{"type":"Feature","geometry":{"type":"LineString","coordinates":[[-63.01904,-17.73821],[-63.01905,-17.73821],[-63.01905,-17.73822],[-63.01906,-17.73822],[-63.01906,-17.73823],[-63.01907,-17.73823],[-63.01907,-17.73824],[-63.01908,-17.73824],[-63.01908,-17.73825],[-63.01908,-17.73826],[-63.01909,-17.73826],[-63.01909,-17.73827],[-63.01909,-17.73828],[-63.01909,-17.73829],[-63.01909,-17.7383],[-63.01909,-17.73831],[-63.01909,-17.73832],[-63.01908,-17.73832],[-63.01908,-17.73833],[-63.01908,-17.73834]]},"properties":{"description":"ACERAS","styleUrl":"#line11","stroke-opacity":1,"stroke":"#FF7F00","stroke-width":1,"name":"FONDO"}},
{"type":"Feature","geometry":{"type":"LineString","coordinates":[[-63.01908,-17.73834],[-63.01815,-17.7398]]},"properties":{"description":"ACERAS","styleUrl":"#line11","stroke-opacity":1,"stroke":"#FF7F00","stroke-width":1,"name":"FONDO"}},
{"type":"Feature","geometry":{"type":"LineString","coordinates":[[-63.01815,-17.7398],[-63.01815,-17.73981],[-63.01814,-17.73982],[-63.01813,-17.73983],[-63.01812,-17.73983],[-63.01812,-17.73984],[-63.01811,-17.73984],[-63.0181,-17.73984],[-63.0181,-17.73985],[-63.01809,-17.73985],[-63.01808,-17.73985],[-63.01807,-17.73985],[-63.01806,-17.73985],[-63.01805,-17.73985],[-63.01805,-17.73984],[-63.01804,-17.73984],[-63.01803,-17.73984],[-63.01802,-17.73984]]},"properties":{"description":"ACERAS","styleUrl":"#line11","stroke-opacity":1,"stroke":"#FF7F00","stroke-width":1,"name":"FONDO"}},
{"type":"Feature","geometry":{"type":"LineString","coordinates":[[-63.01802,-17.73984],[-63.0176,-17.73959]]},"properties":{"description":"ACERAS","styleUrl":"#line11","stroke-opacity":1,"stroke":"#FF7F00","stroke-width":1,"name":"FONDO"}},
{"type":"Feature","geometry":{"type":"LineString","coordinates":[[-63.0176,-17.73959],[-63.01759,-17.73959],[-63.01759,-17.73958],[-63.01758,-17.73958],[-63.01758,-17.73957],[-63.01757,-17.73957],[-63.01757,-17.73956],[-63.01757,-17.73955],[-63.01756,-17.73955],[-63.01756,-17.73954],[-63.01756,-17.73953],[-63.01756,-17.73952],[-63.01756,-17.73951],[-63.01756,-17.7395],[-63.01756,-17.73949],[-63.01756,-17.73948],[-63.01757,-17.73948],[-63.01757,-17.73947]]},"properties":{"description":"ACERAS","styleUrl":"#line11","stroke-opacity":1,"stroke":"#FF7F00","stroke-width":1,"name":"FONDO"}},
{"type":"Feature","geometry":{"type":"LineString","coordinates":[[-63.01757,-17.73947],[-63.01849,-17.738]]},"properties":{"description":"ACERAS","styleUrl":"#line11","stroke-opacity":1,"stroke":"#FF7F00","stroke-width":1,"name":"FONDO"}},
{"type":"Feature","geometry":{"type":"LineString","coordinates":[[-63.01849,-17.738],[-63.0185,-17.738],[-63.0185,-17.73799],[-63.01851,-17.73799],[-63.01851,-17.73798],[-63.01852,-17.73798],[-63.01852,-17.73797],[-63.01853,-17.73797],[-63.01854,-17.73797],[-63.01854,-17.73796],[-63.01855,-17.73796],[-63.01856,-17.73796],[-63.01857,-17.73796],[-63.01858,-17.73796],[-63.01859,-17.73796],[-63.0186,-17.73796],[-63.01861,-17.73796],[-63.01861,-17.73797],[-63.01862,-17.73797]]},"properties":{"description":"ACERAS","styleUrl":"#line11","stroke-opacity":1,"stroke":"#FF7F00","stroke-width":1,"name":"FONDO"}},
{"type":"Feature","geometry":{"type":"LineString","coordinates":[[-63.01834,-17.73788],[-63.01782,-17.73781]]},"properties":{"description":"ACERAS","styleUrl":"#line11","stroke-opacity":1,"stroke":"#FF7F00","stroke-width":1,"name":"FONDO"}},
{"type":"Feature","geometry":{"type":"LineString","coordinates":[[-63.01772,-17.73785],[-63.01772,-17.73784],[-63.01773,-17.73784],[-63.01773,-17.73783],[-63.01774,-17.73783],[-63.01774,-17.73782],[-63.01775,-17.73782],[-63.01776,-17.73782],[-63.01776,-17.73781],[-63.01777,-17.73781],[-63.01778,-17.73781],[-63.01779,-17.73781],[-63.01779,-17.7378],[-63.0178,-17.7378],[-63.01781,-17.7378],[-63.01781,-17.73781],[-63.01782,-17.73781]]},"properties":{"description":"ACERAS","styleUrl":"#line11","stroke-opacity":1,"stroke":"#FF7F00","stroke-width":1,"name":"FONDO"}},
{"type":"Feature","geometry":{"type":"LineString","coordinates":[[-63.01772,-17.73785],[-63.01693,-17.7391]]},"properties":{"description":"ACERAS","styleUrl":"#line11","stroke-opacity":1,"stroke":"#FF7F00","stroke-width":1,"name":"FONDO"}},
{"type":"Feature","geometry":{"type":"LineString","coordinates":[[-63.01697,-17.73922],[-63.01696,-17.73922],[-63.01695,-17.73922],[-63.01695,-17.73921],[-63.01694,-17.73921],[-63.01694,-17.7392],[-63.01693,-17.73919],[-63.01693,-17.73918],[-63.01692,-17.73917],[-63.01692,-17.73916],[-63.01692,-17.73915],[-63.01692,-17.73914],[-63.01692,-17.73913],[-63.01692,-17.73912],[-63.01693,-17.73912],[-63.01693,-17.73911],[-63.01693,-17.7391]]},"properties":{"description":"ACERAS","styleUrl":"#line11","stroke-opacity":1,"stroke":"#FF7F00","stroke-width":1,"name":"FONDO"}},
{"type":"Feature","geometry":{"type":"LineString","coordinates":[[-63.01697,-17.73922],[-63.01739,-17.73947]]},"properties":{"description":"ACERAS","styleUrl":"#line11","stroke-opacity":1,"stroke":"#FF7F00","stroke-width":1,"name":"FONDO"}},
{"type":"Feature","geometry":{"type":"LineString","coordinates":[[-63.01751,-17.73944],[-63.01751,-17.73945],[-63.0175,-17.73945],[-63.0175,-17.73946],[-63.01749,-17.73946],[-63.01748,-17.73947],[-63.01747,-17.73947],[-63.01746,-17.73947],[-63.01746,-17.73948],[-63.01745,-17.73948],[-63.01744,-17.73948],[-63.01743,-17.73948],[-63.01742,-17.73948],[-63.01741,-17.73948],[-63.01741,-17.73947],[-63.0174,-17.73947],[-63.01739,-17.73947]]},"properties":{"description":"ACERAS","styleUrl":"#line11","stroke-opacity":1,"stroke":"#FF7F00","stroke-width":1,"name":"FONDO"}},
{"type":"Feature","geometry":{"type":"LineString","coordinates":[[-63.01751,-17.73944],[-63.01841,-17.73801]]},"properties":{"description":"ACERAS","styleUrl":"#line11","stroke-opacity":1,"stroke":"#FF7F00","stroke-width":1,"name":"FONDO"}},
{"type":"Feature","geometry":{"type":"LineString","coordinates":[[-63.01834,-17.73788],[-63.01835,-17.73788],[-63.01836,-17.73788],[-63.01837,-17.73788],[-63.01837,-17.73789],[-63.01838,-17.73789],[-63.01839,-17.7379],[-63.0184,-17.7379],[-63.0184,-17.73791],[-63.01841,-17.73791],[-63.01841,-17.73792],[-63.01841,-17.73793],[-63.01842,-17.73793],[-63.01842,-17.73794],[-63.01842,-17.73795],[-63.01842,-17.73796],[-63.01842,-17.73797],[-63.01842,-17.73798],[-63.01842,-17.73799],[-63.01842,-17.738],[-63.01841,-17.738],[-63.01841,-17.73801]]},"properties":{"description":"ACERAS","styleUrl":"#line11","stroke-opacity":1,"stroke":"#FF7F00","stroke-width":1,"name":"FONDO"}},
{"type":"Feature","geometry":{"type":"LineString","coordinates":[[-63.01856,-17.73651],[-63.01872,-17.73625]]},"properties":{"description":"ACERAS","styleUrl":"#line11","stroke-opacity":1,"stroke":"#FF7F00","stroke-width":1,"name":"FONDO"}},
{"type":"Feature","geometry":{"type":"LineString","coordinates":[[-63.01872,-17.73625],[-63.01873,-17.73625],[-63.01873,-17.73624],[-63.01874,-17.73624],[-63.01874,-17.73623],[-63.01874,-17.73622],[-63.01875,-17.73622],[-63.01875,-17.73621],[-63.01876,-17.73621],[-63.01877,-17.73621],[-63.01877,-17.7362],[-63.01878,-17.7362],[-63.01878,-17.73619],[-63.01879,-17.73619],[-63.0188,-17.73619],[-63.0188,-17.73618],[-63.01881,-17.73618],[-63.01882,-17.73618],[-63.01883,-17.73618],[-63.01883,-17.73617],[-63.01884,-17.73617],[-63.01885,-17.73617],[-63.01886,-17.73617],[-63.01887,-17.73617],[-63.01888,-17.73617],[-63.01889,-17.73617],[-63.0189,-17.73617],[-63.01891,-17.73617],[-63.01891,-17.73618],[-63.01892,-17.73618],[-63.01893,-17.73618]]},"properties":{"description":"ACERAS","styleUrl":"#line11","stroke-opacity":1,"stroke":"#FF7F00","stroke-width":1,"name":"FONDO"}},
{"type":"Feature","geometry":{"type":"LineString","coordinates":[[-63.01893,-17.73618],[-63.01925,-17.73631]]},"properties":{"description":"ACERAS","styleUrl":"#line11","stroke-opacity":1,"stroke":"#FF7F00","stroke-width":1,"name":"FONDO"}},
{"type":"Feature","geometry":{"type":"LineString","coordinates":[[-63.01925,-17.73631],[-63.01926,-17.73631],[-63.01927,-17.73631],[-63.01927,-17.73632],[-63.01928,-17.73632],[-63.01929,-17.73632],[-63.01929,-17.73633],[-63.0193,-17.73633],[-63.0193,-17.73634],[-63.01931,-17.73634],[-63.01931,-17.73635],[-63.01932,-17.73635],[-63.01932,-17.73636],[-63.01933,-17.73636],[-63.01933,-17.73637],[-63.01934,-17.73638],[-63.01934,-17.73639],[-63.01935,-17.7364],[-63.01935,-17.73641],[-63.01935,-17.73642],[-63.01936,-17.73642],[-63.01936,-17.73643],[-63.01936,-17.73644],[-63.01936,-17.73645],[-63.01936,-17.73646],[-63.01936,-17.73647],[-63.01936,-17.73648],[-63.01936,-17.73649],[-63.01936,-17.7365],[-63.01935,-17.7365],[-63.01935,-17.73651],[-63.01935,-17.73652],[-63.01935,-17.73653],[-63.01934,-17.73653]]},"properties":{"description":"ACERAS","styleUrl":"#line11","stroke-opacity":1,"stroke":"#FF7F00","stroke-width":1,"name":"FONDO"}},
{"type":"Feature","geometry":{"type":"LineString","coordinates":[[-63.01934,-17.73653],[-63.01855,-17.73779]]},"properties":{"description":"ACERAS","styleUrl":"#line11","stroke-opacity":1,"stroke":"#FF7F00","stroke-width":1,"name":"FONDO"}},
{"type":"Feature","geometry":{"type":"LineString","coordinates":[[-63.01855,-17.73779],[-63.01855,-17.7378],[-63.01854,-17.7378],[-63.01854,-17.73781],[-63.01853,-17.73781],[-63.01852,-17.73782],[-63.01851,-17.73782],[-63.01851,-17.73783],[-63.0185,-17.73783],[-63.01849,-17.73783],[-63.01848,-17.73783],[-63.01847,-17.73783],[-63.01846,-17.73783]]},"properties":{"description":"ACERAS","styleUrl":"#line11","stroke-opacity":1,"stroke":"#FF7F00","stroke-width":1,"name":"FONDO"}},
{"type":"Feature","geometry":{"type":"LineString","coordinates":[[-63.01846,-17.73783],[-63.01824,-17.7378]]},"properties":{"description":"ACERAS","styleUrl":"#line11","stroke-opacity":1,"stroke":"#FF7F00","stroke-width":1,"name":"FONDO"}},
{"type":"Feature","geometry":{"type":"LineString","coordinates":[[-63.01744,-17.73968],[-63.01744,-17.73967],[-63.01745,-17.73967],[-63.01745,-17.73966],[-63.01746,-17.73966],[-63.01746,-17.73965],[-63.01747,-17.73965],[-63.01747,-17.73964],[-63.01748,-17.73964],[-63.01749,-17.73964],[-63.0175,-17.73964],[-63.0175,-17.73963],[-63.01751,-17.73963],[-63.01752,-17.73963],[-63.01753,-17.73963],[-63.01754,-17.73963],[-63.01754,-17.73964],[-63.01755,-17.73964],[-63.01756,-17.73964],[-63.01757,-17.73964],[-63.01757,-17.73965]]},"properties":{"description":"ACERAS","styleUrl":"#line11","stroke-opacity":1,"stroke":"#FF7F00","stroke-width":1,"name":"FONDO"}},
{"type":"Feature","geometry":{"type":"LineString","coordinates":[[-63.01757,-17.73965],[-63.01778,-17.73977]]},"properties":{"description":"ACERAS","styleUrl":"#line11","stroke-opacity":1,"stroke":"#FF7F00","stroke-width":1,"name":"FONDO"}},
{"type":"Feature","geometry":{"type":"LineString","coordinates":[[-63.01778,-17.73977],[-63.01799,-17.73989]]},"properties":{"description":"ACERAS","styleUrl":"#line11","stroke-opacity":1,"stroke":"#FF7F00","stroke-width":1,"name":"FONDO"}},
{"type":"Feature","geometry":{"type":"LineString","coordinates":[[-63.01799,-17.73989],[-63.018,-17.73989],[-63.018,-17.7399],[-63.01801,-17.7399],[-63.01801,-17.73991],[-63.01802,-17.73991],[-63.01802,-17.73992],[-63.01802,-17.73993],[-63.01803,-17.73993],[-63.01803,-17.73994],[-63.01803,-17.73995],[-63.01803,-17.73996],[-63.01803,-17.73997],[-63.01803,-17.73998],[-63.01803,-17.73999],[-63.01803,-17.74],[-63.01803,-17.74001],[-63.01802,-17.74001]]},"properties":{"description":"ACERAS","styleUrl":"#line11","stroke-opacity":1,"stroke":"#FF7F00","stroke-width":1,"name":"FONDO"}},
{"type":"Feature","geometry":{"type":"LineString","coordinates":[[-63.01802,-17.74001],[-63.01677,-17.74201]]},"properties":{"description":"ACERAS","styleUrl":"#line11","stroke-opacity":1,"stroke":"#FF7F00","stroke-width":1,"name":"FONDO"}},
{"type":"Feature","geometry":{"type":"LineString","coordinates":[[-63.01677,-17.74201],[-63.01676,-17.74201],[-63.01676,-17.74202],[-63.01675,-17.74202],[-63.01675,-17.74203],[-63.01674,-17.74203],[-63.01674,-17.74204],[-63.01673,-17.74204],[-63.01672,-17.74204],[-63.01672,-17.74205],[-63.01671,-17.74205],[-63.0167,-17.74205],[-63.01669,-17.74205],[-63.01668,-17.74205],[-63.01667,-17.74205],[-63.01666,-17.74205]]},"properties":{"description":"ACERAS","styleUrl":"#line11","stroke-opacity":1,"stroke":"#FF7F00","stroke-width":1,"name":"FONDO"}},
{"type":"Feature","geometry":{"type":"LineString","coordinates":[[-63.01666,-17.74205],[-63.01618,-17.74194]]},"properties":{"description":"ACERAS","styleUrl":"#line11","stroke-opacity":1,"stroke":"#FF7F00","stroke-width":1,"name":"FONDO"}},
{"type":"Feature","geometry":{"type":"LineString","coordinates":[[-63.01618,-17.74194],[-63.01613,-17.74191]]},"properties":{"description":"ACERAS","styleUrl":"#line11","stroke-opacity":1,"stroke":"#FF7F00","stroke-width":1,"name":"FONDO"}},
{"type":"Feature","geometry":{"type":"LineString","coordinates":[[-63.01613,-17.74191],[-63.01613,-17.7419],[-63.01612,-17.7419],[-63.01612,-17.74189],[-63.01611,-17.74189],[-63.01611,-17.74188],[-63.0161,-17.74188],[-63.0161,-17.74187],[-63.0161,-17.74186],[-63.0161,-17.74185],[-63.0161,-17.74184],[-63.0161,-17.74183],[-63.0161,-17.74182],[-63.0161,-17.74181],[-63.0161,-17.7418],[-63.01611,-17.7418],[-63.01611,-17.74179]]},"properties":{"description":"ACERAS","styleUrl":"#line11","stroke-opacity":1,"stroke":"#FF7F00","stroke-width":1,"name":"FONDO"}},
{"type":"Feature","geometry":{"type":"LineString","coordinates":[[-63.01611,-17.74179],[-63.01744,-17.73968]]},"properties":{"description":"ACERAS","styleUrl":"#line11","stroke-opacity":1,"stroke":"#FF7F00","stroke-width":1,"name":"FONDO"}},
{"type":"Feature","geometry":{"type":"LineString","coordinates":[[-63.02071,-17.73688],[-63.02033,-17.73673]]},"properties":{"description":"ACERAS","styleUrl":"#line11","stroke-opacity":1,"stroke":"#FF7F00","stroke-width":1,"name":"FONDO"}},
{"type":"Feature","geometry":{"type":"LineString","coordinates":[[-63.02012,-17.7368],[-63.02012,-17.73679],[-63.02013,-17.73679],[-63.02013,-17.73678],[-63.02014,-17.73678],[-63.02014,-17.73677],[-63.02015,-17.73677],[-63.02015,-17.73676],[-63.02016,-17.73676],[-63.02016,-17.73675],[-63.02017,-17.73675],[-63.02018,-17.73675],[-63.02018,-17.73674],[-63.02019,-17.73674],[-63.0202,-17.73674],[-63.0202,-17.73673],[-63.02021,-17.73673],[-63.02022,-17.73673],[-63.02023,-17.73673],[-63.02023,-17.73672],[-63.02024,-17.73672],[-63.02025,-17.73672],[-63.02026,-17.73672],[-63.02027,-17.73672],[-63.02028,-17.73672],[-63.02029,-17.73672],[-63.0203,-17.73672],[-63.02031,-17.73673],[-63.02032,-17.73673],[-63.02033,-17.73673]]},"properties":{"description":"ACERAS","styleUrl":"#line11","stroke-opacity":1,"stroke":"#FF7F00","stroke-width":1,"name":"FONDO"}},
{"type":"Feature","geometry":{"type":"LineString","coordinates":[[-63.02012,-17.7368],[-63.01926,-17.73816]]},"properties":{"description":"ACERAS","styleUrl":"#line11","stroke-opacity":1,"stroke":"#FF7F00","stroke-width":1,"name":"FONDO"}},
{"type":"Feature","geometry":{"type":"LineString","coordinates":[[-63.0193,-17.73828],[-63.01929,-17.73828],[-63.01928,-17.73828],[-63.01928,-17.73827],[-63.01927,-17.73827],[-63.01927,-17.73826],[-63.01926,-17.73825],[-63.01926,-17.73824],[-63.01926,-17.73823],[-63.01925,-17.73823],[-63.01925,-17.73822],[-63.01925,-17.73821],[-63.01925,-17.7382],[-63.01925,-17.73819],[-63.01925,-17.73818],[-63.01926,-17.73818],[-63.01926,-17.73817],[-63.01926,-17.73816]]},"properties":{"description":"ACERAS","styleUrl":"#line11","stroke-opacity":1,"stroke":"#FF7F00","stroke-width":1,"name":"FONDO"}},
{"type":"Feature","geometry":{"type":"LineString","coordinates":[[-63.0193,-17.73828],[-63.01971,-17.73852]]},"properties":{"description":"ACERAS","styleUrl":"#line11","stroke-opacity":1,"stroke":"#FF7F00","stroke-width":1,"name":"FONDO"}},
{"type":"Feature","geometry":{"type":"LineString","coordinates":[[-63.01994,-17.73847],[-63.01993,-17.73847],[-63.01993,-17.73848],[-63.01993,-17.73849],[-63.01992,-17.73849],[-63.01992,-17.7385],[-63.01991,-17.7385],[-63.01991,-17.73851],[-63.0199,-17.73851],[-63.01989,-17.73851],[-63.01989,-17.73852],[-63.01988,-17.73852],[-63.01987,-17.73853],[-63.01986,-17.73853],[-63.01985,-17.73853],[-63.01985,-17.73854],[-63.01984,-17.73854],[-63.01983,-17.73854],[-63.01982,-17.73854],[-63.01981,-17.73854],[-63.0198,-17.73854],[-63.0198,-17.73855],[-63.01979,-17.73855],[-63.01979,-17.73854],[-63.01978,-17.73854],[-63.01977,-17.73854],[-63.01976,-17.73854],[-63.01975,-17.73854],[-63.01974,-17.73854],[-63.01973,-17.73853],[-63.01972,-17.73853],[-63.01971,-17.73853],[-63.01971,-17.73852]]},"properties":{"description":"ACERAS","styleUrl":"#line11","stroke-opacity":1,"stroke":"#FF7F00","stroke-width":1,"name":"FONDO"}},
{"type":"Feature","geometry":{"type":"LineString","coordinates":[[-63.01994,-17.73847],[-63.02079,-17.7371]]},"properties":{"description":"ACERAS","styleUrl":"#line11","stroke-opacity":1,"stroke":"#FF7F00","stroke-width":1,"name":"FONDO"}},
{"type":"Feature","geometry":{"type":"LineString","coordinates":[[-63.0157,-17.7451],[-63.01565,-17.74518]]},"properties":{"description":"interseccion","styleUrl":"#line12","stroke-opacity":1,"stroke":"#000000","stroke-width":1,"name":"FONDO"}},
{"type":"Feature","geometry":{"type":"LineString","coordinates":[[-63.0156,-17.74494],[-63.0156,-17.74495],[-63.01561,-17.74495],[-63.01561,-17.74496],[-63.01562,-17.74496],[-63.01562,-17.74497],[-63.01562,-17.74498],[-63.01563,-17.74498],[-63.01563,-17.74499],[-63.01563,-17.745],[-63.01564,-17.745],[-63.01564,-17.74501],[-63.01565,-17.74501],[-63.01565,-17.74502],[-63.01565,-17.74503],[-63.01566,-17.74503],[-63.01566,-17.74504],[-63.01566,-17.74505],[-63.01567,-17.74505],[-63.01567,-17.74506],[-63.01568,-17.74507],[-63.01568,-17.74508],[-63.01569,-17.74508],[-63.01569,-17.74509],[-63.01569,-17.7451],[-63.0157,-17.7451]]},"properties":{"description":"interseccion","styleUrl":"#line12","stroke-opacity":1,"stroke":"#000000","stroke-width":1,"name":"FONDO"}},
{"type":"Feature","geometry":{"type":"LineString","coordinates":[[-63.01484,-17.74386],[-63.01477,-17.74397]]},"properties":{"description":"interseccion","styleUrl":"#line12","stroke-opacity":1,"stroke":"#000000","stroke-width":1,"name":"FONDO"}},
{"type":"Feature","geometry":{"type":"LineString","coordinates":[[-63.01484,-17.74386],[-63.01484,-17.74387],[-63.01485,-17.74387],[-63.01485,-17.74388],[-63.01486,-17.74389],[-63.01486,-17.7439],[-63.01487,-17.7439],[-63.01487,-17.74391],[-63.01488,-17.74391],[-63.01488,-17.74392],[-63.01489,-17.74392],[-63.01489,-17.74393],[-63.0149,-17.74393],[-63.0149,-17.74394],[-63.0149,-17.74395],[-63.01491,-17.74395],[-63.01491,-17.74396],[-63.01492,-17.74396],[-63.01492,-17.74397],[-63.01493,-17.74397],[-63.01493,-17.74398],[-63.01494,-17.74398],[-63.01494,-17.74399],[-63.01494,-17.744],[-63.01495,-17.744],[-63.01495,-17.74401],[-63.01496,-17.74401],[-63.01496,-17.74402],[-63.01497,-17.74402],[-63.01497,-17.74403],[-63.01498,-17.74403],[-63.01498,-17.74404],[-63.01498,-17.74405],[-63.01499,-17.74405],[-63.01499,-17.74406],[-63.015,-17.74406],[-63.015,-17.74407],[-63.01501,-17.74407],[-63.01501,-17.74408],[-63.01502,-17.74409],[-63.01502,-17.7441],[-63.01503,-17.7441],[-63.01503,-17.74411]]},"properties":{"description":"interseccion","styleUrl":"#line12","stroke-opacity":1,"stroke":"#000000","stroke-width":1,"name":"FONDO"}},
{"type":"Feature","geometry":{"type":"LineString","coordinates":[[-63.01458,-17.74427],[-63.01443,-17.74451]]},"properties":{"description":"interseccion","styleUrl":"#line12","stroke-opacity":1,"stroke":"#000000","stroke-width":1,"name":"FONDO"}},
{"type":"Feature","geometry":{"type":"LineString","coordinates":[[-63.01443,-17.74451],[-63.01444,-17.74452],[-63.01444,-17.74453],[-63.01445,-17.74453],[-63.01445,-17.74454],[-63.01446,-17.74454],[-63.01446,-17.74455],[-63.01447,-17.74456],[-63.01447,-17.74457],[-63.01448,-17.74457],[-63.01448,-17.74458],[-63.01449,-17.74458],[-63.01449,-17.74459],[-63.0145,-17.74459],[-63.0145,-17.7446],[-63.0145,-17.74461],[-63.01451,-17.74461],[-63.01451,-17.74462],[-63.01452,-17.74462],[-63.01452,-17.74463],[-63.01453,-17.74463],[-63.01453,-17.74464],[-63.01453,-17.74465],[-63.01454,-17.74465],[-63.01454,-17.74466],[-63.01455,-17.74466],[-63.01455,-17.74467],[-63.01456,-17.74468],[-63.01456,-17.74469],[-63.01457,-17.74469],[-63.01457,-17.7447],[-63.01458,-17.7447],[-63.01458,-17.74471],[-63.01459,-17.74472]]},"properties":{"description":"interseccion","styleUrl":"#line12","stroke-opacity":1,"stroke":"#000000","stroke-width":1,"name":"FONDO"}},
{"type":"Feature","geometry":{"type":"LineString","coordinates":[[-63.01476,-17.74377],[-63.01472,-17.74382]]},"properties":{"description":"interseccion","styleUrl":"#line12","stroke-opacity":1,"stroke":"#000000","stroke-width":1,"name":"FONDO"}},
{"type":"Feature","geometry":{"type":"LineString","coordinates":[[-63.01458,-17.74357],[-63.01459,-17.74358],[-63.0146,-17.74359],[-63.0146,-17.7436],[-63.01461,-17.7436],[-63.01461,-17.74361],[-63.01462,-17.74361],[-63.01462,-17.74362],[-63.01463,-17.74362],[-63.01463,-17.74363],[-63.01464,-17.74363],[-63.01464,-17.74364],[-63.01465,-17.74364],[-63.01465,-17.74365],[-63.01466,-17.74365],[-63.01466,-17.74366],[-63.01467,-17.74366],[-63.01467,-17.74367],[-63.01468,-17.74368],[-63.01468,-17.74369],[-63.01469,-17.74369],[-63.01469,-17.7437],[-63.0147,-17.7437],[-63.0147,-17.74371],[-63.01471,-17.74371],[-63.01471,-17.74372],[-63.01472,-17.74372],[-63.01472,-17.74373],[-63.01473,-17.74373],[-63.01473,-17.74374],[-63.01474,-17.74374],[-63.01474,-17.74375],[-63.01475,-17.74376],[-63.01475,-17.74377],[-63.01476,-17.74377]]},"properties":{"description":"interseccion","styleUrl":"#line12","stroke-opacity":1,"stroke":"#000000","stroke-width":1,"name":"FONDO"}},
{"type":"Feature","geometry":{"type":"LineString","coordinates":[[-63.01589,-17.74196],[-63.01594,-17.74188]]},"properties":{"description":"interseccion","styleUrl":"#line12","stroke-opacity":1,"stroke":"#000000","stroke-width":1,"name":"FONDO"}},
{"type":"Feature","geometry":{"type":"LineString","coordinates":[[-63.01594,-17.74188],[-63.01545,-17.74151]]},"properties":{"description":"interseccion","styleUrl":"#line12","stroke-opacity":1,"stroke":"#000000","stroke-width":1,"name":"FONDO"}},
{"type":"Feature","geometry":{"type":"LineString","coordinates":[[-63.01545,-17.74151],[-63.01536,-17.74165]]},"properties":{"description":"interseccion","styleUrl":"#line12","stroke-opacity":1,"stroke":"#000000","stroke-width":1,"name":"FONDO"}},
{"type":"Feature","geometry":{"type":"LineString","coordinates":[[-63.01444,-17.74312],[-63.0144,-17.74317]]},"properties":{"description":"interseccion","styleUrl":"#line12","stroke-opacity":1,"stroke":"#000000","stroke-width":1,"name":"FONDO"}},
{"type":"Feature","geometry":{"type":"LineString","coordinates":[[-63.0144,-17.74317],[-63.01441,-17.74317],[-63.01441,-17.74318],[-63.01442,-17.74318],[-63.01442,-17.74319],[-63.01443,-17.74319],[-63.01443,-17.7432],[-63.01444,-17.7432],[-63.01444,-17.74321],[-63.01445,-17.74321],[-63.01445,-17.74322],[-63.01446,-17.74322],[-63.01446,-17.74323],[-63.01447,-17.74323],[-63.01447,-17.74324],[-63.01448,-17.74324],[-63.01448,-17.74325],[-63.01449,-17.74325],[-63.01449,-17.74326],[-63.0145,-17.74326],[-63.0145,-17.74327],[-63.01451,-17.74327],[-63.01451,-17.74328],[-63.01452,-17.74328],[-63.01452,-17.74329]]},"properties":{"description":"interseccion","styleUrl":"#line12","stroke-opacity":1,"stroke":"#000000","stroke-width":1,"name":"FONDO"}},
{"type":"Feature","geometry":{"type":"LineString","coordinates":[[-63.0146,-17.74338],[-63.01461,-17.74338],[-63.01461,-17.74339],[-63.01462,-17.74339],[-63.01462,-17.7434],[-63.01463,-17.7434],[-63.01463,-17.74341],[-63.01464,-17.74341],[-63.01464,-17.74342],[-63.01465,-17.74342],[-63.01465,-17.74343],[-63.01466,-17.74343],[-63.01466,-17.74344],[-63.01467,-17.74344],[-63.01467,-17.74345],[-63.01468,-17.74345],[-63.01468,-17.74346],[-63.01469,-17.74347],[-63.0147,-17.74348],[-63.0147,-17.74349],[-63.01471,-17.74349],[-63.01471,-17.7435],[-63.01472,-17.7435],[-63.01472,-17.74351],[-63.01473,-17.74351],[-63.01473,-17.74352],[-63.01474,-17.74352],[-63.01474,-17.74353],[-63.01475,-17.74353],[-63.01475,-17.74354],[-63.01476,-17.74354],[-63.01476,-17.74355],[-63.01477,-17.74355],[-63.01477,-17.74356],[-63.01478,-17.74357],[-63.01479,-17.74358],[-63.01479,-17.74359],[-63.0148,-17.74359],[-63.0148,-17.7436],[-63.01481,-17.7436],[-63.01481,-17.74361],[-63.01482,-17.74361],[-63.01482,-17.74362],[-63.01483,-17.74362],[-63.01483,-17.74363],[-63.01484,-17.74363],[-63.01484,-17.74364]]},"properties":{"description":"interseccion","styleUrl":"#line12","stroke-opacity":1,"stroke":"#000000","stroke-width":1,"name":"FONDO"}},
{"type":"Feature","geometry":{"type":"LineString","coordinates":[[-63.01484,-17.74364],[-63.01497,-17.74343]]},"properties":{"description":"interseccion","styleUrl":"#line12","stroke-opacity":1,"stroke":"#000000","stroke-width":1,"name":"FONDO"}},
{"type":"Feature","geometry":{"type":"LineString","coordinates":[[-63.0161,-17.742],[-63.01604,-17.74195]]},"properties":{"description":"interseccion","styleUrl":"#line12","stroke-opacity":1,"stroke":"#000000","stroke-width":1,"name":"FONDO"}},
{"type":"Feature","geometry":{"type":"LineString","coordinates":[[-63.01604,-17.74195],[-63.016,-17.74202]]},"properties":{"description":"interseccion","styleUrl":"#line12","stroke-opacity":1,"stroke":"#000000","stroke-width":1,"name":"FONDO"}},
{"type":"Feature","geometry":{"type":"LineString","coordinates":[[-63.01496,-17.74378],[-63.01492,-17.74373]]},"properties":{"description":"interseccion","styleUrl":"#line12","stroke-opacity":1,"stroke":"#000000","stroke-width":1,"name":"FONDO"}},
{"type":"Feature","geometry":{"type":"LineString","coordinates":[[-63.01492,-17.74373],[-63.01495,-17.74368]]},"properties":{"description":"interseccion","styleUrl":"#line12","stroke-opacity":1,"stroke":"#000000","stroke-width":1,"name":"FONDO"}},
{"type":"Feature","geometry":{"type":"LineString","coordinates":[[-63.01532,-17.74425],[-63.01539,-17.74414]]},"properties":{"description":"interseccion","styleUrl":"#line12","stroke-opacity":1,"stroke":"#000000","stroke-width":1,"name":"FONDO"}},
{"type":"Feature","geometry":{"type":"LineString","coordinates":[[-63.01532,-17.74425],[-63.01525,-17.74415]]},"properties":{"description":"interseccion","styleUrl":"#line12","stroke-opacity":1,"stroke":"#000000","stroke-width":1,"name":"FONDO"}},
{"type":"Feature","geometry":{"type":"LineString","coordinates":[[-63.01605,-17.74452],[-63.01579,-17.74496]]},"properties":{"description":"interseccion","styleUrl":"#line12","stroke-opacity":1,"stroke":"#000000","stroke-width":1,"name":"FONDO"}},
{"type":"Feature","geometry":{"type":"LineString","coordinates":[[-63.01557,-17.7446],[-63.01557,-17.74461],[-63.01558,-17.74462],[-63.01558,-17.74463],[-63.01559,-17.74463],[-63.01559,-17.74464],[-63.01559,-17.74465],[-63.0156,-17.74465],[-63.0156,-17.74466],[-63.01561,-17.74466],[-63.01561,-17.74467],[-63.01561,-17.74468],[-63.01562,-17.74468],[-63.01562,-17.74469],[-63.01563,-17.7447],[-63.01563,-17.74471],[-63.01564,-17.74471],[-63.01564,-17.74472],[-63.01564,-17.74473],[-63.01565,-17.74473],[-63.01565,-17.74474],[-63.01566,-17.74474],[-63.01566,-17.74475],[-63.01566,-17.74476],[-63.01567,-17.74476],[-63.01567,-17.74477],[-63.01568,-17.74478],[-63.01568,-17.74479],[-63.01569,-17.74479],[-63.01569,-17.7448],[-63.01569,-17.74481],[-63.0157,-17.74481],[-63.0157,-17.74482],[-63.01571,-17.74482],[-63.01571,-17.74483],[-63.01571,-17.74484],[-63.01572,-17.74484],[-63.01572,-17.74485],[-63.01572,-17.74486],[-63.01573,-17.74486],[-63.01573,-17.74487],[-63.01574,-17.74487],[-63.01574,-17.74488],[-63.01574,-17.74489],[-63.01575,-17.74489],[-63.01575,-17.7449],[-63.01575,-17.74491],[-63.01576,-17.74491],[-63.01576,-17.74492],[-63.01577,-17.74492],[-63.01577,-17.74493],[-63.01577,-17.74494],[-63.01578,-17.74494],[-63.01578,-17.74495],[-63.01578,-17.74496],[-63.01579,-17.74496]]},"properties":{"description":"interseccion","styleUrl":"#line12","stroke-opacity":1,"stroke":"#000000","stroke-width":1,"name":"FONDO"}},
{"type":"Feature","geometry":{"type":"LineString","coordinates":[[-63.0154,-17.74435],[-63.0154,-17.74436],[-63.01541,-17.74436],[-63.01541,-17.74437],[-63.01541,-17.74438],[-63.01542,-17.74438],[-63.01542,-17.74439],[-63.01543,-17.74439],[-63.01543,-17.7444],[-63.01543,-17.74441],[-63.01544,-17.74441],[-63.01544,-17.74442],[-63.01545,-17.74442],[-63.01545,-17.74443],[-63.01546,-17.74444],[-63.01546,-17.74445],[-63.01547,-17.74445],[-63.01547,-17.74446],[-63.01548,-17.74447],[-63.01548,-17.74448],[-63.01549,-17.74448],[-63.01549,-17.74449],[-63.0155,-17.7445],[-63.0155,-17.74451],[-63.01551,-17.74451],[-63.01551,-17.74452],[-63.01552,-17.74452],[-63.01552,-17.74453],[-63.01552,-17.74454],[-63.01553,-17.74454],[-63.01553,-17.74455],[-63.01554,-17.74455],[-63.01554,-17.74456],[-63.01554,-17.74457],[-63.01555,-17.74457],[-63.01555,-17.74458],[-63.01556,-17.74459],[-63.01556,-17.7446],[-63.01557,-17.7446]]},"properties":{"description":"interseccion","styleUrl":"#line12","stroke-opacity":1,"stroke":"#000000","stroke-width":1,"name":"FONDO"}},
{"type":"Feature","geometry":{"type":"LineString","coordinates":[[-63.0155,-17.7442],[-63.0154,-17.74435]]},"properties":{"description":"interseccion","styleUrl":"#line12","stroke-opacity":1,"stroke":"#000000","stroke-width":1,"name":"FONDO"}},
{"type":"Feature","geometry":{"type":"LineString","coordinates":[[-63.0175,-17.73964],[-63.01755,-17.73967]]},"properties":{"description":"interseccion","styleUrl":"#line12","stroke-opacity":1,"stroke":"#000000","stroke-width":1,"name":"FONDO"}},
{"type":"Feature","geometry":{"type":"LineString","coordinates":[[-63.0175,-17.73964],[-63.01746,-17.73969]]},"properties":{"description":"interseccion","styleUrl":"#line12","stroke-opacity":1,"stroke":"#000000","stroke-width":1,"name":"FONDO"}},
{"type":"Feature","geometry":{"type":"LineString","coordinates":[[-63.01797,-17.73991],[-63.01803,-17.73995]]},"properties":{"description":"interseccion","styleUrl":"#line12","stroke-opacity":1,"stroke":"#000000","stroke-width":1,"name":"FONDO"}},
{"type":"Feature","geometry":{"type":"LineString","coordinates":[[-63.018,-17.74],[-63.01803,-17.73995]]},"properties":{"description":"interseccion","styleUrl":"#line12","stroke-opacity":1,"stroke":"#000000","stroke-width":1,"name":"FONDO"}},
{"type":"Feature","geometry":{"type":"LineString","coordinates":[[-63.01672,-17.74203],[-63.01674,-17.74199]]},"properties":{"description":"interseccion","styleUrl":"#line12","stroke-opacity":1,"stroke":"#000000","stroke-width":1,"name":"FONDO"}},
{"type":"Feature","geometry":{"type":"LineString","coordinates":[[-63.01672,-17.74203],[-63.01667,-17.74202]]},"properties":{"description":"interseccion","styleUrl":"#line12","stroke-opacity":1,"stroke":"#000000","stroke-width":1,"name":"FONDO"}},
{"type":"Feature","geometry":{"type":"LineString","coordinates":[[-63.01615,-17.74189],[-63.0161,-17.74185]]},"properties":{"description":"interseccion","styleUrl":"#line12","stroke-opacity":1,"stroke":"#000000","stroke-width":1,"name":"FONDO"}},
{"type":"Feature","geometry":{"type":"LineString","coordinates":[[-63.0161,-17.74185],[-63.01613,-17.74181]]},"properties":{"description":"interseccion","styleUrl":"#line12","stroke-opacity":1,"stroke":"#000000","stroke-width":1,"name":"FONDO"}},
{"type":"Feature","geometry":{"type":"LineString","coordinates":[[-63.01686,-17.73927],[-63.01692,-17.7393]]},"properties":{"description":"interseccion","styleUrl":"#line12","stroke-opacity":1,"stroke":"#000000","stroke-width":1,"name":"FONDO"}},
{"type":"Feature","geometry":{"type":"LineString","coordinates":[[-63.01686,-17.73927],[-63.01683,-17.73932]]},"properties":{"description":"interseccion","styleUrl":"#line12","stroke-opacity":1,"stroke":"#000000","stroke-width":1,"name":"FONDO"}},
{"type":"Feature","geometry":{"type":"LineString","coordinates":[[-63.01734,-17.73954],[-63.01739,-17.73958]]},"properties":{"description":"interseccion","styleUrl":"#line12","stroke-opacity":1,"stroke":"#000000","stroke-width":1,"name":"FONDO"}},
{"type":"Feature","geometry":{"type":"LineString","coordinates":[[-63.01736,-17.73963],[-63.01739,-17.73958]]},"properties":{"description":"interseccion","styleUrl":"#line12","stroke-opacity":1,"stroke":"#000000","stroke-width":1,"name":"FONDO"}},
{"type":"Feature","geometry":{"type":"LineString","coordinates":[[-63.01601,-17.74178],[-63.01605,-17.74172]]},"properties":{"description":"interseccion","styleUrl":"#line12","stroke-opacity":1,"stroke":"#000000","stroke-width":1,"name":"FONDO"}},
{"type":"Feature","geometry":{"type":"LineString","coordinates":[[-63.01601,-17.74178],[-63.01595,-17.74173]]},"properties":{"description":"interseccion","styleUrl":"#line12","stroke-opacity":1,"stroke":"#000000","stroke-width":1,"name":"FONDO"}},
{"type":"Feature","geometry":{"type":"LineString","coordinates":[[-63.01556,-17.74144],[-63.01551,-17.7414]]},"properties":{"description":"interseccion","styleUrl":"#line12","stroke-opacity":1,"stroke":"#000000","stroke-width":1,"name":"FONDO"}},
{"type":"Feature","geometry":{"type":"LineString","coordinates":[[-63.01551,-17.7414],[-63.01554,-17.74136]]},"properties":{"description":"interseccion","styleUrl":"#line12","stroke-opacity":1,"stroke":"#000000","stroke-width":1,"name":"FONDO"}},
{"type":"Feature","geometry":{"type":"LineString","coordinates":[[-63.01746,-17.73948],[-63.0174,-17.73944]]},"properties":{"description":"interseccion","styleUrl":"#line12","stroke-opacity":1,"stroke":"#000000","stroke-width":1,"name":"FONDO"}},
{"type":"Feature","geometry":{"type":"LineString","coordinates":[[-63.01746,-17.73948],[-63.01749,-17.73942]]},"properties":{"description":"interseccion","styleUrl":"#line12","stroke-opacity":1,"stroke":"#000000","stroke-width":1,"name":"FONDO"}},
{"type":"Feature","geometry":{"type":"LineString","coordinates":[[-63.01698,-17.7392],[-63.01692,-17.73917]]},"properties":{"description":"interseccion","styleUrl":"#line12","stroke-opacity":1,"stroke":"#000000","stroke-width":1,"name":"FONDO"}},
{"type":"Feature","geometry":{"type":"LineString","coordinates":[[-63.01696,-17.73911],[-63.01692,-17.73917]]},"properties":{"description":"interseccion","styleUrl":"#line12","stroke-opacity":1,"stroke":"#000000","stroke-width":1,"name":"FONDO"}},
{"type":"Feature","geometry":{"type":"LineString","coordinates":[[-63.01777,-17.73783],[-63.01775,-17.73786]]},"properties":{"description":"interseccion","styleUrl":"#line12","stroke-opacity":1,"stroke":"#000000","stroke-width":1,"name":"FONDO"}},
{"type":"Feature","geometry":{"type":"LineString","coordinates":[[-63.01777,-17.73783],[-63.01781,-17.73783]]},"properties":{"description":"interseccion","styleUrl":"#line12","stroke-opacity":1,"stroke":"#000000","stroke-width":1,"name":"FONDO"}},
{"type":"Feature","geometry":{"type":"LineString","coordinates":[[-63.01834,-17.7379],[-63.01844,-17.73792]]},"properties":{"description":"interseccion","styleUrl":"#line12","stroke-opacity":1,"stroke":"#000000","stroke-width":1,"name":"FONDO"}},
{"type":"Feature","geometry":{"type":"LineString","coordinates":[[-63.01839,-17.738],[-63.01844,-17.73792]]},"properties":{"description":"interseccion","styleUrl":"#line12","stroke-opacity":1,"stroke":"#000000","stroke-width":1,"name":"FONDO"}},
{"type":"Feature","geometry":{"type":"LineString","coordinates":[[-63.01855,-17.73796],[-63.01852,-17.73802]]},"properties":{"description":"interseccion","styleUrl":"#line12","stroke-opacity":1,"stroke":"#000000","stroke-width":1,"name":"FONDO"}},
{"type":"Feature","geometry":{"type":"LineString","coordinates":[[-63.01861,-17.73799],[-63.01855,-17.73796]]},"properties":{"description":"interseccion","styleUrl":"#line12","stroke-opacity":1,"stroke":"#000000","stroke-width":1,"name":"FONDO"}},
{"type":"Feature","geometry":{"type":"LineString","coordinates":[[-63.01909,-17.73827],[-63.01903,-17.73824]]},"properties":{"description":"interseccion","styleUrl":"#line12","stroke-opacity":1,"stroke":"#000000","stroke-width":1,"name":"FONDO"}},
{"type":"Feature","geometry":{"type":"LineString","coordinates":[[-63.01905,-17.73832],[-63.01909,-17.73827]]},"properties":{"description":"interseccion","styleUrl":"#line12","stroke-opacity":1,"stroke":"#000000","stroke-width":1,"name":"FONDO"}},
{"type":"Feature","geometry":{"type":"LineString","coordinates":[[-63.01809,-17.73984],[-63.01813,-17.73979]]},"properties":{"description":"interseccion","styleUrl":"#line12","stroke-opacity":1,"stroke":"#000000","stroke-width":1,"name":"FONDO"}},
{"type":"Feature","geometry":{"type":"LineString","coordinates":[[-63.01809,-17.73984],[-63.01804,-17.73981]]},"properties":{"description":"interseccion","styleUrl":"#line12","stroke-opacity":1,"stroke":"#000000","stroke-width":1,"name":"FONDO"}},
{"type":"Feature","geometry":{"type":"LineString","coordinates":[[-63.01762,-17.73957],[-63.01756,-17.73954]]},"properties":{"description":"interseccion","styleUrl":"#line12","stroke-opacity":1,"stroke":"#000000","stroke-width":1,"name":"FONDO"}},
{"type":"Feature","geometry":{"type":"LineString","coordinates":[[-63.0176,-17.73948],[-63.01756,-17.73954]]},"properties":{"description":"interseccion","styleUrl":"#line12","stroke-opacity":1,"stroke":"#000000","stroke-width":1,"name":"FONDO"}},
{"type":"Feature","geometry":{"type":"LineString","coordinates":[[-63.01983,-17.73856],[-63.01988,-17.73847]]},"properties":{"description":"interseccion","styleUrl":"#line12","stroke-opacity":1,"stroke":"#000000","stroke-width":1,"name":"FONDO"}},
{"type":"Feature","geometry":{"type":"LineString","coordinates":[[-63.01983,-17.73856],[-63.01973,-17.7385]]},"properties":{"description":"interseccion","styleUrl":"#line12","stroke-opacity":1,"stroke":"#000000","stroke-width":1,"name":"FONDO"}},
{"type":"Feature","geometry":{"type":"LineString","coordinates":[[-63.01931,-17.73826],[-63.01925,-17.73823]]},"properties":{"description":"interseccion","styleUrl":"#line12","stroke-opacity":1,"stroke":"#000000","stroke-width":1,"name":"FONDO"}},
{"type":"Feature","geometry":{"type":"LineString","coordinates":[[-63.01925,-17.73823],[-63.01929,-17.73817]]},"properties":{"description":"interseccion","styleUrl":"#line12","stroke-opacity":1,"stroke":"#000000","stroke-width":1,"name":"FONDO"}},
{"type":"Feature","geometry":{"type":"LineString","coordinates":[[-63.02014,-17.73683],[-63.0202,-17.73673]]},"properties":{"description":"interseccion","styleUrl":"#line12","stroke-opacity":1,"stroke":"#000000","stroke-width":1,"name":"FONDO"}},
{"type":"Feature","geometry":{"type":"LineString","coordinates":[[-63.0202,-17.73673],[-63.02031,-17.73677]]},"properties":{"description":"interseccion","styleUrl":"#line12","stroke-opacity":1,"stroke":"#000000","stroke-width":1,"name":"FONDO"}},
{"type":"Feature","geometry":{"type":"LineString","coordinates":[[-63.02068,-17.73692],[-63.02083,-17.73698]]},"properties":{"description":"interseccion","styleUrl":"#line12","stroke-opacity":1,"stroke":"#000000","stroke-width":1,"name":"FONDO"}},
{"type":"Feature","geometry":{"type":"LineString","coordinates":[[-63.02083,-17.73698],[-63.02075,-17.73712]]},"properties":{"description":"interseccion","styleUrl":"#line12","stroke-opacity":1,"stroke":"#000000","stroke-width":1,"name":"FONDO"}},
{"type":"Feature","geometry":{"type":"LineString","coordinates":[[-63.02008,-17.73668],[-63.01993,-17.73662]]},"properties":{"description":"interseccion","styleUrl":"#line12","stroke-opacity":1,"stroke":"#000000","stroke-width":1,"name":"FONDO"}},
{"type":"Feature","geometry":{"type":"LineString","coordinates":[[-63.02008,-17.73668],[-63.02,-17.73682]]},"properties":{"description":"interseccion","styleUrl":"#line12","stroke-opacity":1,"stroke":"#000000","stroke-width":1,"name":"FONDO"}},
{"type":"Feature","geometry":{"type":"LineString","coordinates":[[-63.01961,-17.7365],[-63.0195,-17.73645]]},"properties":{"description":"interseccion","styleUrl":"#line12","stroke-opacity":1,"stroke":"#000000","stroke-width":1,"name":"FONDO"}},
{"type":"Feature","geometry":{"type":"LineString","coordinates":[[-63.0195,-17.73645],[-63.01944,-17.73655]]},"properties":{"description":"interseccion","styleUrl":"#line12","stroke-opacity":1,"stroke":"#000000","stroke-width":1,"name":"FONDO"}},
{"type":"Feature","geometry":{"type":"LineString","coordinates":[[-63.01865,-17.73781],[-63.01862,-17.73786]]},"properties":{"description":"interseccion","styleUrl":"#line12","stroke-opacity":1,"stroke":"#000000","stroke-width":1,"name":"FONDO"}},
{"type":"Feature","geometry":{"type":"LineString","coordinates":[[-63.01867,-17.73789],[-63.01862,-17.73786]]},"properties":{"description":"interseccion","styleUrl":"#line12","stroke-opacity":1,"stroke":"#000000","stroke-width":1,"name":"FONDO"}},
{"type":"Feature","geometry":{"type":"LineString","coordinates":[[-63.01915,-17.73817],[-63.01909,-17.73814]]},"properties":{"description":"interseccion","styleUrl":"#line12","stroke-opacity":1,"stroke":"#000000","stroke-width":1,"name":"FONDO"}},
{"type":"Feature","geometry":{"type":"LineString","coordinates":[[-63.01915,-17.73817],[-63.01918,-17.73811]]},"properties":{"description":"interseccion","styleUrl":"#line12","stroke-opacity":1,"stroke":"#000000","stroke-width":1,"name":"FONDO"}},
{"type":"Feature","geometry":{"type":"LineString","coordinates":[[-63.01851,-17.73781],[-63.01846,-17.7378]]},"properties":{"description":"interseccion","styleUrl":"#line12","stroke-opacity":1,"stroke":"#000000","stroke-width":1,"name":"FONDO"}},
{"type":"Feature","geometry":{"type":"LineString","coordinates":[[-63.01851,-17.73781],[-63.01853,-17.73777]]},"properties":{"description":"interseccion","styleUrl":"#line12","stroke-opacity":1,"stroke":"#000000","stroke-width":1,"name":"FONDO"}},
{"type":"Feature","geometry":{"type":"LineString","coordinates":[[-63.0193,-17.73654],[-63.01939,-17.73641]]},"properties":{"description":"interseccion","styleUrl":"#line12","stroke-opacity":1,"stroke":"#000000","stroke-width":1,"name":"FONDO"}},
{"type":"Feature","geometry":{"type":"LineString","coordinates":[[-63.01939,-17.73641],[-63.01923,-17.73635]]},"properties":{"description":"interseccion","styleUrl":"#line12","stroke-opacity":1,"stroke":"#000000","stroke-width":1,"name":"FONDO"}},
{"type":"Feature","geometry":{"type":"LineString","coordinates":[[-63.01892,-17.73622],[-63.0188,-17.73618]]},"properties":{"description":"interseccion","styleUrl":"#line12","stroke-opacity":1,"stroke":"#000000","stroke-width":1,"name":"FONDO"}},
{"type":"Feature","geometry":{"type":"LineString","coordinates":[[-63.0188,-17.73618],[-63.01874,-17.73628]]},"properties":{"description":"interseccion","styleUrl":"#line12","stroke-opacity":1,"stroke":"#000000","stroke-width":1,"name":"FONDO"}},
{"type":"Feature","geometry":{"type":"LineString","coordinates":[[-63.01355,-17.74651],[-63.01356,-17.74651],[-63.01356,-17.74652],[-63.01357,-17.74652],[-63.01358,-17.74652],[-63.01358,-17.74653],[-63.01359,-17.74653],[-63.01359,-17.74654],[-63.01359,-17.74655],[-63.0136,-17.74656],[-63.0136,-17.74657],[-63.0136,-17.74658],[-63.01359,-17.74658],[-63.01359,-17.74659]]},"properties":{"description":"ZONAS APROBADAS","styleUrl":"#line13","stroke-opacity":1,"stroke":"#000000","stroke-width":1,"name":"FONDO"}},
{"type":"Feature","geometry":{"type":"LineString","coordinates":[[-63.01375,-17.74659],[-63.01375,-17.74658],[-63.01376,-17.74658],[-63.01376,-17.74657],[-63.01377,-17.74657],[-63.01377,-17.74656],[-63.01378,-17.74656],[-63.01379,-17.74656],[-63.0138,-17.74656],[-63.01381,-17.74656]]},"properties":{"description":"ZONAS APROBADAS","styleUrl":"#line13","stroke-opacity":1,"stroke":"#000000","stroke-width":1,"name":"FONDO"}},
{"type":"Feature","geometry":{"type":"LineString","coordinates":[[-63.01358,-17.74425],[-63.01358,-17.74426],[-63.01358,-17.74427],[-63.01359,-17.74427],[-63.01359,-17.74428],[-63.0136,-17.74429],[-63.0136,-17.7443],[-63.0136,-17.74431],[-63.0136,-17.74432],[-63.0136,-17.74433],[-63.01359,-17.74434],[-63.01359,-17.74435],[-63.01358,-17.74436],[-63.01358,-17.74437],[-63.01357,-17.74437],[-63.01357,-17.74438],[-63.01356,-17.74438],[-63.01355,-17.74438],[-63.01355,-17.74439],[-63.01354,-17.74439],[-63.01353,-17.74439],[-63.01352,-17.74439],[-63.01351,-17.74439],[-63.0135,-17.74439]]},"properties":{"description":"ZONAS APROBADAS","styleUrl":"#line13","stroke-opacity":1,"stroke":"#000000","stroke-width":1,"name":"FONDO"}},
{"type":"Feature","geometry":{"type":"LineString","coordinates":[[-63.0133,-17.74401],[-63.01331,-17.74401],[-63.01331,-17.74402],[-63.01332,-17.74402],[-63.01332,-17.74403],[-63.01333,-17.74403],[-63.01333,-17.74404],[-63.01334,-17.74404],[-63.01334,-17.74405],[-63.01335,-17.74405],[-63.01336,-17.74405],[-63.01336,-17.74406],[-63.01337,-17.74406],[-63.01337,-17.74407],[-63.01338,-17.74407],[-63.01338,-17.74408],[-63.01339,-17.74408],[-63.01339,-17.74409],[-63.0134,-17.74409],[-63.0134,-17.7441],[-63.01341,-17.7441],[-63.01341,-17.74411],[-63.01342,-17.74411],[-63.01343,-17.74412],[-63.01344,-17.74413],[-63.01345,-17.74413],[-63.01345,-17.74414],[-63.01346,-17.74414],[-63.01346,-17.74415],[-63.01347,-17.74415],[-63.01347,-17.74416],[-63.01348,-17.74416],[-63.01348,-17.74417],[-63.01349,-17.74417],[-63.01349,-17.74418],[-63.0135,-17.74418],[-63.0135,-17.74419],[-63.01351,-17.74419],[-63.01351,-17.7442],[-63.01352,-17.7442],[-63.01352,-17.74421],[-63.01353,-17.74421],[-63.01353,-17.74422],[-63.01354,-17.74422],[-63.01354,-17.74423],[-63.01355,-17.74423],[-63.01356,-17.74424],[-63.01357,-17.74424],[-63.01357,-17.74425],[-63.01358,-17.74425]]},"properties":{"description":"ZONAS APROBADAS","styleUrl":"#line13","stroke-opacity":1,"stroke":"#000000","stroke-width":1,"name":"FONDO"}},
{"type":"Feature","geometry":{"type":"LineString","coordinates":[[-63.01415,-17.74528],[-63.01416,-17.74528],[-63.01417,-17.74528],[-63.01418,-17.74528],[-63.01418,-17.74529],[-63.01419,-17.74529],[-63.01419,-17.7453],[-63.0142,-17.7453],[-63.0142,-17.74531],[-63.01421,-17.74531],[-63.01421,-17.74532]]},"properties":{"description":"ZONAS APROBADAS","styleUrl":"#line13","stroke-opacity":1,"stroke":"#000000","stroke-width":1,"name":"FONDO"}},
{"type":"Feature","geometry":{"type":"LineString","coordinates":[[-63.01422,-17.74532],[-63.01422,-17.74533],[-63.01422,-17.74534],[-63.01422,-17.74535],[-63.01423,-17.74535],[-63.01423,-17.74536],[-63.01423,-17.74537],[-63.01423,-17.74538],[-63.01422,-17.74538],[-63.01422,-17.74539],[-63.01422,-17.7454]]},"properties":{"description":"ZONAS APROBADAS","styleUrl":"#line13","stroke-opacity":1,"stroke":"#000000","stroke-width":1,"name":"FONDO"}},
{"type":"Feature","geometry":{"type":"LineString","coordinates":[[-63.01421,-17.74532],[-63.01422,-17.74532]]},"properties":{"description":"ZONAS APROBADAS","styleUrl":"#line13","stroke-opacity":1,"stroke":"#000000","stroke-width":1,"name":"FONDO"}},
{"type":"Feature","geometry":{"type":"LineString","coordinates":[[-63.0137,-17.74639],[-63.01369,-17.74639],[-63.01369,-17.7464],[-63.01368,-17.7464],[-63.01368,-17.74641],[-63.01367,-17.74641],[-63.01367,-17.74642],[-63.01366,-17.74642],[-63.01365,-17.74642],[-63.01364,-17.74642]]},"properties":{"description":"ZONAS APROBADAS","styleUrl":"#line13","stroke-opacity":1,"stroke":"#000000","stroke-width":1,"name":"FONDO"}},
{"type":"Feature","geometry":{"type":"LineString","coordinates":[[-63.01435,-17.74665],[-63.01435,-17.74666],[-63.01436,-17.74666],[-63.01437,-17.74666],[-63.01437,-17.74667],[-63.01438,-17.74667],[-63.01438,-17.74668],[-63.01439,-17.74668]]},"properties":{"description":"0","styleUrl":"#line13","stroke-opacity":1,"stroke":"#000000","stroke-width":1,"name":"FONDO"}},
{"type":"Feature","geometry":{"type":"LineString","coordinates":[[-63.01375,-17.74659],[-63.01375,-17.74658],[-63.01376,-17.74658],[-63.01376,-17.74657],[-63.01377,-17.74657],[-63.01377,-17.74656],[-63.01378,-17.74656],[-63.01379,-17.74656],[-63.0138,-17.74656],[-63.01381,-17.74656]]},"properties":{"description":"0","styleUrl":"#line13","stroke-opacity":1,"stroke":"#000000","stroke-width":1,"name":"FONDO"}},
{"type":"Feature","geometry":{"type":"LineString","coordinates":[[-63.01358,-17.74425],[-63.01358,-17.74426],[-63.01358,-17.74427],[-63.01359,-17.74427],[-63.01359,-17.74428],[-63.0136,-17.74429],[-63.0136,-17.7443],[-63.0136,-17.74431],[-63.0136,-17.74432],[-63.0136,-17.74433],[-63.01359,-17.74434],[-63.01359,-17.74435],[-63.01358,-17.74436],[-63.01358,-17.74437],[-63.01357,-17.74437],[-63.01357,-17.74438],[-63.01356,-17.74438],[-63.01355,-17.74438],[-63.01355,-17.74439],[-63.01354,-17.74439],[-63.01353,-17.74439],[-63.01352,-17.74439],[-63.01351,-17.74439],[-63.0135,-17.74439]]},"properties":{"description":"0","styleUrl":"#line13","stroke-opacity":1,"stroke":"#000000","stroke-width":1,"name":"FONDO"}},
{"type":"Feature","geometry":{"type":"LineString","coordinates":[[-63.0133,-17.74401],[-63.01331,-17.74401],[-63.01331,-17.74402],[-63.01332,-17.74402],[-63.01332,-17.74403],[-63.01333,-17.74403],[-63.01333,-17.74404],[-63.01334,-17.74404],[-63.01334,-17.74405],[-63.01335,-17.74405],[-63.01336,-17.74405],[-63.01336,-17.74406],[-63.01337,-17.74406],[-63.01337,-17.74407],[-63.01338,-17.74407],[-63.01338,-17.74408],[-63.01339,-17.74408],[-63.01339,-17.74409],[-63.0134,-17.74409],[-63.0134,-17.7441],[-63.01341,-17.7441],[-63.01341,-17.74411],[-63.01342,-17.74411],[-63.01343,-17.74412],[-63.01344,-17.74413],[-63.01345,-17.74413],[-63.01345,-17.74414],[-63.01346,-17.74414],[-63.01346,-17.74415],[-63.01347,-17.74415],[-63.01347,-17.74416],[-63.01348,-17.74416],[-63.01348,-17.74417],[-63.01349,-17.74417],[-63.01349,-17.74418],[-63.0135,-17.74418],[-63.0135,-17.74419],[-63.01351,-17.74419],[-63.01351,-17.7442],[-63.01352,-17.7442],[-63.01352,-17.74421],[-63.01353,-17.74421],[-63.01353,-17.74422],[-63.01354,-17.74422],[-63.01354,-17.74423],[-63.01355,-17.74423],[-63.01356,-17.74424],[-63.01357,-17.74424],[-63.01357,-17.74425],[-63.01358,-17.74425]]},"properties":{"description":"0","styleUrl":"#line13","stroke-opacity":1,"stroke":"#000000","stroke-width":1,"name":"FONDO"}},
{"type":"Feature","geometry":{"type":"LineString","coordinates":[[-63.01415,-17.74528],[-63.01416,-17.74528],[-63.01417,-17.74528],[-63.01418,-17.74528],[-63.01418,-17.74529],[-63.01419,-17.74529],[-63.01419,-17.7453],[-63.0142,-17.7453],[-63.0142,-17.74531],[-63.01421,-17.74531],[-63.01421,-17.74532]]},"properties":{"description":"0","styleUrl":"#line13","stroke-opacity":1,"stroke":"#000000","stroke-width":1,"name":"FONDO"}},
{"type":"Feature","geometry":{"type":"LineString","coordinates":[[-63.01422,-17.74532],[-63.01422,-17.74533],[-63.01422,-17.74534],[-63.01422,-17.74535],[-63.01423,-17.74535],[-63.01423,-17.74536],[-63.01423,-17.74537],[-63.01423,-17.74538],[-63.01422,-17.74538],[-63.01422,-17.74539],[-63.01422,-17.7454]]},"properties":{"description":"0","styleUrl":"#line13","stroke-opacity":1,"stroke":"#000000","stroke-width":1,"name":"FONDO"}},
{"type":"Feature","geometry":{"type":"LineString","coordinates":[[-63.01421,-17.74532],[-63.01422,-17.74532]]},"properties":{"description":"0","styleUrl":"#line13","stroke-opacity":1,"stroke":"#000000","stroke-width":1,"name":"FONDO"}},
{"type":"Feature","geometry":{"type":"LineString","coordinates":[[-63.0133,-17.74513],[-63.01415,-17.74528]]},"properties":{"description":"0","styleUrl":"#line13","stroke-opacity":1,"stroke":"#000000","stroke-width":1,"name":"FONDO"}},
{"type":"Feature","geometry":{"type":"LineString","coordinates":[[-63.01362,-17.74518],[-63.01364,-17.74519]]},"properties":{"description":"0","styleUrl":"#line13","stroke-opacity":1,"stroke":"#000000","stroke-width":1,"name":"FONDO"}},
{"type":"Feature","geometry":{"type":"LineString","coordinates":[[-63.01355,-17.74651],[-63.01356,-17.74651],[-63.01356,-17.74652],[-63.01357,-17.74652],[-63.01358,-17.74652],[-63.01358,-17.74653],[-63.01359,-17.74653],[-63.01359,-17.74654],[-63.01359,-17.74655],[-63.0136,-17.74656],[-63.0136,-17.74657],[-63.0136,-17.74658],[-63.01359,-17.74658],[-63.01359,-17.74659]]},"properties":{"description":"0","styleUrl":"#line13","stroke-opacity":1,"stroke":"#000000","stroke-width":1,"name":"FONDO"}},
{"type":"Feature","geometry":{"type":"LineString","coordinates":[[-63.01336,-17.74648],[-63.0133,-17.74647]]},"properties":{"description":"0","styleUrl":"#line13","stroke-opacity":1,"stroke":"#000000","stroke-width":1,"name":"FONDO"}},
{"type":"Feature","geometry":{"type":"LineString","coordinates":[[-63.0137,-17.74639],[-63.01369,-17.74639],[-63.01369,-17.7464],[-63.01368,-17.7464],[-63.01368,-17.74641],[-63.01367,-17.74641],[-63.01367,-17.74642],[-63.01366,-17.74642],[-63.01365,-17.74642],[-63.01364,-17.74642]]},"properties":{"description":"0","styleUrl":"#line13","stroke-opacity":1,"stroke":"#000000","stroke-width":1,"name":"FONDO"}},
{"type":"Feature","geometry":{"type":"LineString","coordinates":[[-63.0133,-17.74636],[-63.01364,-17.74642]]},"properties":{"description":"0","styleUrl":"#line13","stroke-opacity":1,"stroke":"#000000","stroke-width":1,"name":"FONDO"}},
{"type":"Feature","geometry":{"type":"LineString","coordinates":[[-63.0137,-17.74639],[-63.01422,-17.7454]]},"properties":{"description":"0","styleUrl":"#line13","stroke-opacity":1,"stroke":"#000000","stroke-width":1,"name":"FONDO"}},
{"type":"Feature","geometry":{"type":"LineString","coordinates":[[-63.0137,-17.74668],[-63.01375,-17.74659]]},"properties":{"description":"0","styleUrl":"#line13","stroke-opacity":1,"stroke":"#000000","stroke-width":1,"name":"FONDO"}},
{"type":"Feature","geometry":{"type":"LineString","coordinates":[[-63.01354,-17.74668],[-63.01359,-17.74659]]},"properties":{"description":"0","styleUrl":"#line13","stroke-opacity":1,"stroke":"#000000","stroke-width":1,"name":"FONDO"}},
{"type":"Feature","geometry":{"type":"LineString","coordinates":[[-63.0133,-17.74436],[-63.0135,-17.74439]]},"properties":{"description":"0","styleUrl":"#line13","stroke-opacity":1,"stroke":"#000000","stroke-width":1,"name":"FONDO"}},
{"type":"Feature","geometry":{"type":"LineString","coordinates":[[-63.01381,-17.74656],[-63.01415,-17.74662]]},"properties":{"description":"0","styleUrl":"#line13","stroke-opacity":1,"stroke":"#000000","stroke-width":1,"name":"FONDO"}},
{"type":"Feature","geometry":{"type":"LineString","coordinates":[[-63.0133,-17.74502],[-63.01398,-17.74514]]},"properties":{"description":"0","styleUrl":"#line13","stroke-opacity":1,"stroke":"#000000","stroke-width":1,"name":"FONDO"}},
{"type":"Feature","geometry":{"type":"LineString","coordinates":[[-63.01336,-17.74648],[-63.01355,-17.74651]]},"properties":{"description":"0","styleUrl":"#line13","stroke-opacity":1,"stroke":"#000000","stroke-width":1,"name":"FONDO"}},
{"type":"Feature","geometry":{"type":"LineString","coordinates":[[-63.01519,-17.74688],[-63.01533,-17.74792],[-63.0152,-17.74802],[-63.01497,-17.74798],[-63.01491,-17.74797]]},"properties":{"description":"0","styleUrl":"#line13","stroke-opacity":1,"stroke":"#000000","stroke-width":1,"name":"FONDO"}},
{"type":"Feature","geometry":{"type":"LineString","coordinates":[[-63.0133,-17.74446],[-63.01331,-17.74446],[-63.01332,-17.74446],[-63.01333,-17.74446],[-63.01334,-17.74446],[-63.01334,-17.74445],[-63.01335,-17.74445],[-63.01336,-17.74445],[-63.01337,-17.74445],[-63.01338,-17.74445],[-63.01339,-17.74445],[-63.0134,-17.74445],[-63.01341,-17.74445],[-63.01342,-17.74445],[-63.01343,-17.74445],[-63.01344,-17.74445],[-63.01345,-17.74445],[-63.01346,-17.74445],[-63.01347,-17.74445],[-63.01348,-17.74445],[-63.01349,-17.74445],[-63.0135,-17.74445],[-63.01351,-17.74445],[-63.01352,-17.74445],[-63.01353,-17.74445],[-63.01353,-17.74446],[-63.01354,-17.74446],[-63.01355,-17.74446],[-63.01356,-17.74446],[-63.01357,-17.74446],[-63.01358,-17.74446],[-63.01359,-17.74446],[-63.01359,-17.74447],[-63.0136,-17.74447],[-63.01361,-17.74447],[-63.01362,-17.74447],[-63.01363,-17.74447],[-63.01364,-17.74447],[-63.01364,-17.74448],[-63.01365,-17.74448],[-63.01366,-17.74448],[-63.01367,-17.74448],[-63.01368,-17.74449],[-63.01369,-17.74449],[-63.0137,-17.74449],[-63.0137,-17.7445],[-63.01371,-17.7445],[-63.01372,-17.7445],[-63.01373,-17.7445],[-63.01373,-17.74451],[-63.01374,-17.74451],[-63.01375,-17.74451],[-63.01376,-17.74452],[-63.01377,-17.74452],[-63.01378,-17.74452],[-63.01378,-17.74453],[-63.01379,-17.74453],[-63.0138,-17.74454],[-63.01381,-17.74454],[-63.01382,-17.74455],[-63.01383,-17.74455],[-63.01384,-17.74456],[-63.0139,-17.74459],[-63.0139,-17.7446],[-63.01391,-17.7446],[-63.0142,-17.74498],[-63.01421,-17.74498],[-63.01421,-17.74499],[-63.01409,-17.74515],[-63.01367,-17.74508],[-63.0133,-17.74501]]},"properties":{"description":"0","styleUrl":"#line13","stroke-opacity":1,"stroke":"#000000","stroke-width":1,"name":"FONDO"}},
{"type":"Feature","geometry":{"type":"LineString","coordinates":[[-63.01491,-17.74675],[-63.01492,-17.74675],[-63.01493,-17.74675],[-63.01493,-17.74674],[-63.01494,-17.74674],[-63.01495,-17.74674],[-63.01496,-17.74674],[-63.01497,-17.74674],[-63.01498,-17.74674],[-63.01499,-17.74674],[-63.015,-17.74674],[-63.01501,-17.74674],[-63.01502,-17.74674],[-63.01502,-17.74675],[-63.01503,-17.74675],[-63.01504,-17.74675],[-63.01505,-17.74675],[-63.01505,-17.74676],[-63.01506,-17.74676],[-63.01507,-17.74676],[-63.01507,-17.74677],[-63.01508,-17.74677],[-63.01509,-17.74678],[-63.01518,-17.74686],[-63.01519,-17.74688]]},"properties":{"description":"0","styleUrl":"#line13","stroke-opacity":1,"stroke":"#000000","stroke-width":1,"name":"FONDO"}},
{"type":"Feature","geometry":{"type":"LineString","coordinates":[[-63.01419,-17.74663],[-63.01435,-17.74665]]},"properties":{"description":"0","styleUrl":"#line13","stroke-opacity":1,"stroke":"#000000","stroke-width":1,"name":"FONDO"}},
{"type":"Feature","geometry":{"type":"LineString","coordinates":[[-63.01409,-17.7459],[-63.01431,-17.74545]]},"properties":{"description":"0","styleUrl":"#line13","stroke-opacity":1,"stroke":"#000000","stroke-width":1,"name":"FONDO"}},
{"type":"Feature","geometry":{"type":"LineString","coordinates":[[-63.01431,-17.74545],[-63.01431,-17.74544],[-63.01432,-17.74544],[-63.01432,-17.74543],[-63.01433,-17.74543],[-63.01433,-17.74542],[-63.01434,-17.74541],[-63.01435,-17.74541],[-63.01435,-17.7454],[-63.01436,-17.7454],[-63.01437,-17.7454],[-63.01437,-17.74539],[-63.01438,-17.74539],[-63.01439,-17.74539],[-63.0144,-17.74539],[-63.01441,-17.74539],[-63.01442,-17.74539],[-63.01443,-17.74539],[-63.01444,-17.74539],[-63.01445,-17.74539],[-63.01446,-17.74539],[-63.01446,-17.7454],[-63.01447,-17.7454],[-63.01448,-17.7454],[-63.01448,-17.74541],[-63.01449,-17.74541],[-63.01449,-17.74542],[-63.0145,-17.74542],[-63.0145,-17.74543],[-63.01451,-17.74543],[-63.01451,-17.74544]]},"properties":{"description":"0","styleUrl":"#line13","stroke-opacity":1,"stroke":"#000000","stroke-width":1,"name":"FONDO"}},
{"type":"Feature","geometry":{"type":"LineString","coordinates":[[-63.01451,-17.74544],[-63.01452,-17.74545]]},"properties":{"description":"0","styleUrl":"#line13","stroke-opacity":1,"stroke":"#000000","stroke-width":1,"name":"FONDO"}},
{"type":"Feature","geometry":{"type":"LineString","coordinates":[[-63.01452,-17.74545],[-63.01452,-17.74546],[-63.01453,-17.74547],[-63.01453,-17.74548],[-63.01454,-17.74548],[-63.01454,-17.74549],[-63.01454,-17.7455],[-63.01455,-17.7455],[-63.01455,-17.74551],[-63.01456,-17.74552],[-63.01456,-17.74553],[-63.01457,-17.74554],[-63.01457,-17.74555],[-63.01458,-17.74555],[-63.01458,-17.74556],[-63.01459,-17.74557],[-63.01459,-17.74558],[-63.0146,-17.74559],[-63.0146,-17.7456],[-63.01461,-17.7456],[-63.01461,-17.74561],[-63.01462,-17.74562],[-63.01462,-17.74563],[-63.01463,-17.74564],[-63.01463,-17.74565],[-63.01464,-17.74565],[-63.01464,-17.74566],[-63.01464,-17.74567],[-63.01465,-17.74567],[-63.01465,-17.74568],[-63.01466,-17.74569],[-63.01466,-17.7457],[-63.01467,-17.74571],[-63.01467,-17.74572],[-63.01468,-17.74572],[-63.01468,-17.74573],[-63.01469,-17.74574],[-63.01469,-17.74575],[-63.01469,-17.74576],[-63.0147,-17.74576],[-63.0147,-17.74577],[-63.01471,-17.74578],[-63.01471,-17.74579],[-63.01472,-17.7458],[-63.01472,-17.74581],[-63.01473,-17.74581],[-63.01473,-17.74582],[-63.01473,-17.74583],[-63.01474,-17.74583],[-63.01474,-17.74584],[-63.01474,-17.74585],[-63.01475,-17.74586],[-63.01475,-17.74587],[-63.01476,-17.74587],[-63.01476,-17.74588],[-63.01477,-17.74589],[-63.01477,-17.7459],[-63.01477,-17.74591],[-63.01478,-17.74591],[-63.01478,-17.74592],[-63.01479,-17.74593],[-63.01479,-17.74594],[-63.0148,-17.74595],[-63.0148,-17.74596],[-63.0148,-17.74597],[-63.01481,-17.74597],[-63.01481,-17.74598],[-63.01482,-17.74599],[-63.01482,-17.746],[-63.01483,-17.74601],[-63.01483,-17.74602],[-63.01484,-17.74603],[-63.01484,-17.74604],[-63.01485,-17.74605],[-63.01485,-17.74606],[-63.01486,-17.74607],[-63.01486,-17.74608],[-63.01487,-17.74609],[-63.01487,-17.7461],[-63.01487,-17.74611],[-63.01488,-17.74611],[-63.01488,-17.74612],[-63.01489,-17.74613],[-63.01489,-17.74614],[-63.01489,-17.74615],[-63.0149,-17.74615],[-63.0149,-17.74616],[-63.0149,-17.74617],[-63.01491,-17.74617],[-63.01491,-17.74618],[-63.01491,-17.74619],[-63.01492,-17.74619],[-63.01492,-17.7462],[-63.01492,-17.74621],[-63.01493,-17.74622],[-63.01493,-17.74623],[-63.01494,-17.74624],[-63.01494,-17.74625],[-63.01495,-17.74626],[-63.01495,-17.74627],[-63.01495,-17.74628],[-63.01496,-17.74628],[-63.01496,-17.74629],[-63.01496,-17.7463],[-63.01497,-17.74631],[-63.01497,-17.74632],[-63.01498,-17.74633],[-63.01498,-17.74634],[-63.01499,-17.74635],[-63.01499,-17.74636],[-63.01499,-17.74637],[-63.015,-17.74637],[-63.015,-17.74638],[-63.015,-17.74639],[-63.01501,-17.7464],[-63.01501,-17.74641],[-63.01501,-17.74642],[-63.01502,-17.74642],[-63.01502,-17.74643],[-63.01502,-17.74644],[-63.01503,-17.74645],[-63.01503,-17.74646],[-63.01504,-17.74647],[-63.01504,-17.74648],[-63.01504,-17.74649],[-63.01505,-17.74649]]},"properties":{"description":"0","styleUrl":"#line13","stroke-opacity":1,"stroke":"#000000","stroke-width":1,"name":"FONDO"}},
{"type":"Feature","geometry":{"type":"LineString","coordinates":[[-63.01505,-17.74649],[-63.01505,-17.7465]]},"properties":{"description":"0","styleUrl":"#line13","stroke-opacity":1,"stroke":"#000000","stroke-width":1,"name":"FONDO"}},
{"type":"Feature","geometry":{"type":"LineString","coordinates":[[-63.01505,-17.7465],[-63.01505,-17.74651],[-63.01505,-17.74652],[-63.01505,-17.74653],[-63.01506,-17.74653],[-63.01506,-17.74654],[-63.01505,-17.74654],[-63.01505,-17.74655],[-63.01505,-17.74656],[-63.01505,-17.74657],[-63.01505,-17.74658],[-63.01504,-17.74658],[-63.01504,-17.74659],[-63.01503,-17.7466],[-63.01503,-17.74661],[-63.01502,-17.74661],[-63.01502,-17.74662],[-63.01501,-17.74662],[-63.015,-17.74662],[-63.015,-17.74663],[-63.01499,-17.74663],[-63.01498,-17.74663],[-63.01498,-17.74664],[-63.01497,-17.74664],[-63.01496,-17.74664],[-63.01495,-17.74664],[-63.01494,-17.74664],[-63.01493,-17.74664],[-63.01492,-17.74664]]},"properties":{"description":"0","styleUrl":"#line13","stroke-opacity":1,"stroke":"#000000","stroke-width":1,"name":"FONDO"}},
{"type":"Feature","geometry":{"type":"LineString","coordinates":[[-63.01492,-17.74664],[-63.0139,-17.74646]]},"properties":{"description":"0","styleUrl":"#line13","stroke-opacity":1,"stroke":"#000000","stroke-width":1,"name":"FONDO"}},
{"type":"Feature","geometry":{"type":"LineString","coordinates":[[-63.0139,-17.74646],[-63.01389,-17.74646],[-63.01388,-17.74646],[-63.01388,-17.74645],[-63.01387,-17.74645],[-63.01387,-17.74644],[-63.01386,-17.74644],[-63.01386,-17.74643],[-63.01385,-17.74643],[-63.01385,-17.74642],[-63.01385,-17.74641],[-63.01385,-17.7464],[-63.01385,-17.74639],[-63.01385,-17.74638],[-63.01386,-17.74638]]},"properties":{"description":"0","styleUrl":"#line13","stroke-opacity":1,"stroke":"#000000","stroke-width":1,"name":"FONDO"}},
{"type":"Feature","geometry":{"type":"LineString","coordinates":[[-63.01386,-17.74638],[-63.01409,-17.7459]]},"properties":{"description":"0","styleUrl":"#line13","stroke-opacity":1,"stroke":"#000000","stroke-width":1,"name":"FONDO"}},
{"type":"Feature","geometry":{"type":"LineString","coordinates":[[-63.01854,-17.7366],[-63.01789,-17.73764]]},"properties":{"description":"PROYECCION LOTES","styleUrl":"#line14","stroke-opacity":1,"stroke":"#000000","stroke-width":1,"name":"FONDO"}},
{"type":"Feature","geometry":{"type":"LineString","coordinates":[[-63.01794,-17.73773],[-63.01793,-17.73773],[-63.01792,-17.73773],[-63.01792,-17.73772],[-63.01791,-17.73772],[-63.0179,-17.73772],[-63.0179,-17.73771],[-63.01789,-17.73771],[-63.01789,-17.7377],[-63.01788,-17.7377],[-63.01788,-17.73769],[-63.01788,-17.73768],[-63.01788,-17.73767],[-63.01788,-17.73766],[-63.01788,-17.73765],[-63.01788,-17.73764],[-63.01789,-17.73764]]},"properties":{"description":"PROYECCION LOTES","styleUrl":"#line14","stroke-opacity":1,"stroke":"#000000","stroke-width":1,"name":"FONDO"}},
{"type":"Feature","geometry":{"type":"LineString","coordinates":[[-63.01793,-17.73776],[-63.01792,-17.73776],[-63.01792,-17.73775],[-63.01791,-17.73775],[-63.0179,-17.73775],[-63.01789,-17.73774],[-63.01788,-17.73774],[-63.01788,-17.73773],[-63.01787,-17.73773],[-63.01787,-17.73772],[-63.01786,-17.73772],[-63.01786,-17.73771],[-63.01786,-17.7377],[-63.01785,-17.7377],[-63.01785,-17.73769],[-63.01785,-17.73768],[-63.01785,-17.73767],[-63.01785,-17.73766],[-63.01785,-17.73765],[-63.01785,-17.73764],[-63.01786,-17.73764],[-63.01786,-17.73763],[-63.01786,-17.73762]]},"properties":{"description":"PROYECCION LOTES","styleUrl":"#line14","stroke-opacity":1,"stroke":"#000000","stroke-width":1,"name":"FONDO"}},
{"type":"Feature","geometry":{"type":"LineString","coordinates":[[-63.01803,-17.73741],[-63.0183,-17.73757]]},"properties":{"description":"PROYECCION LOTES","styleUrl":"#line14","stroke-opacity":1,"stroke":"#000000","stroke-width":1,"name":"FONDO"}},
{"type":"Feature","geometry":{"type":"LineString","coordinates":[[-63.01854,-17.7366],[-63.01854,-17.73661]]},"properties":{"description":"PROYECCION LOTES","styleUrl":"#line14","stroke-opacity":1,"stroke":"#000000","stroke-width":1,"name":"FONDO"}},
{"type":"Feature","geometry":{"type":"LineString","coordinates":[[-63.01621,-17.74231],[-63.01582,-17.74293]]},"properties":{"description":"PROYECCION LOTES","styleUrl":"#line14","stroke-opacity":1,"stroke":"#000000","stroke-width":1,"name":"FONDO"}},
{"type":"Feature","geometry":{"type":"LineString","coordinates":[[-63.01567,-17.74337],[-63.01576,-17.74343]]},"properties":{"description":"PROYECCION LOTES","styleUrl":"#line14","stroke-opacity":1,"stroke":"#000000","stroke-width":1,"name":"FONDO"}},
{"type":"Feature","geometry":{"type":"LineString","coordinates":[[-63.0157,-17.74328],[-63.01587,-17.74338]]},"properties":{"description":"PROYECCION LOTES","styleUrl":"#line14","stroke-opacity":1,"stroke":"#000000","stroke-width":1,"name":"FONDO"}},
{"type":"Feature","geometry":{"type":"LineString","coordinates":[[-63.01573,-17.7432],[-63.01592,-17.7433]]},"properties":{"description":"PROYECCION LOTES","styleUrl":"#line14","stroke-opacity":1,"stroke":"#000000","stroke-width":1,"name":"FONDO"}},
{"type":"Feature","geometry":{"type":"LineString","coordinates":[[-63.01576,-17.74311],[-63.01596,-17.74323]]},"properties":{"description":"PROYECCION LOTES","styleUrl":"#line14","stroke-opacity":1,"stroke":"#000000","stroke-width":1,"name":"FONDO"}},
{"type":"Feature","geometry":{"type":"LineString","coordinates":[[-63.01579,-17.74302],[-63.01601,-17.74315]]},"properties":{"description":"PROYECCION LOTES","styleUrl":"#line14","stroke-opacity":1,"stroke":"#000000","stroke-width":1,"name":"FONDO"}},
{"type":"Feature","geometry":{"type":"LineString","coordinates":[[-63.01582,-17.74293],[-63.01606,-17.74307]]},"properties":{"description":"PROYECCION LOTES","styleUrl":"#line14","stroke-opacity":1,"stroke":"#000000","stroke-width":1,"name":"FONDO"}},
{"type":"Feature","geometry":{"type":"LineString","coordinates":[[-63.01585,-17.74285],[-63.01611,-17.743]]},"properties":{"description":"PROYECCION LOTES","styleUrl":"#line14","stroke-opacity":1,"stroke":"#000000","stroke-width":1,"name":"FONDO"}},
{"type":"Feature","geometry":{"type":"LineString","coordinates":[[-63.01588,-17.74276],[-63.01616,-17.74292]]},"properties":{"description":"PROYECCION LOTES","styleUrl":"#line14","stroke-opacity":1,"stroke":"#000000","stroke-width":1,"name":"FONDO"}},
{"type":"Feature","geometry":{"type":"LineString","coordinates":[[-63.01591,-17.74267],[-63.01621,-17.74284]]},"properties":{"description":"PROYECCION LOTES","styleUrl":"#line14","stroke-opacity":1,"stroke":"#000000","stroke-width":1,"name":"FONDO"}},
{"type":"Feature","geometry":{"type":"LineString","coordinates":[[-63.01594,-17.74258],[-63.01626,-17.74276]]},"properties":{"description":"PROYECCION LOTES","styleUrl":"#line14","stroke-opacity":1,"stroke":"#000000","stroke-width":1,"name":"FONDO"}},
{"type":"Feature","geometry":{"type":"LineString","coordinates":[[-63.01598,-17.74249],[-63.01631,-17.74269]]},"properties":{"description":"PROYECCION LOTES","styleUrl":"#line14","stroke-opacity":1,"stroke":"#000000","stroke-width":1,"name":"FONDO"}},
{"type":"Feature","geometry":{"type":"LineString","coordinates":[[-63.01601,-17.74241],[-63.01635,-17.74261]]},"properties":{"description":"PROYECCION LOTES","styleUrl":"#line14","stroke-opacity":1,"stroke":"#000000","stroke-width":1,"name":"FONDO"}},
{"type":"Feature","geometry":{"type":"LineString","coordinates":[[-63.01604,-17.74232],[-63.0164,-17.74253]]},"properties":{"description":"PROYECCION LOTES","styleUrl":"#line14","stroke-opacity":1,"stroke":"#000000","stroke-width":1,"name":"FONDO"}},
{"type":"Feature","geometry":{"type":"LineString","coordinates":[[-63.01607,-17.74223],[-63.01645,-17.74245]]},"properties":{"description":"PROYECCION LOTES","styleUrl":"#line14","stroke-opacity":1,"stroke":"#000000","stroke-width":1,"name":"FONDO"}},
{"type":"Feature","geometry":{"type":"LineString","coordinates":[[-63.01628,-17.74225],[-63.0165,-17.74238]]},"properties":{"description":"PROYECCION LOTES","styleUrl":"#line14","stroke-opacity":1,"stroke":"#000000","stroke-width":1,"name":"FONDO"}},
{"type":"Feature","geometry":{"type":"LineString","coordinates":[[-63.01633,-17.74217],[-63.01655,-17.7423]]},"properties":{"description":"PROYECCION LOTES","styleUrl":"#line14","stroke-opacity":1,"stroke":"#000000","stroke-width":1,"name":"FONDO"}},
{"type":"Feature","geometry":{"type":"LineString","coordinates":[[-63.01607,-17.74223],[-63.01619,-17.74204]]},"properties":{"description":"PROYECCION LOTES","styleUrl":"#line14","stroke-opacity":1,"stroke":"#000000","stroke-width":1,"name":"FONDO"}},
{"type":"Feature","geometry":{"type":"LineString","coordinates":[[-63.01615,-17.74228],[-63.01629,-17.74206]]},"properties":{"description":"PROYECCION LOTES","styleUrl":"#line14","stroke-opacity":1,"stroke":"#000000","stroke-width":1,"name":"FONDO"}},
{"type":"Feature","geometry":{"type":"LineString","coordinates":[[-63.01623,-17.74233],[-63.01638,-17.74208]]},"properties":{"description":"PROYECCION LOTES","styleUrl":"#line14","stroke-opacity":1,"stroke":"#000000","stroke-width":1,"name":"FONDO"}},
{"type":"Feature","geometry":{"type":"LineString","coordinates":[[-63.01387,-17.74334],[-63.01353,-17.74313]]},"properties":{"description":"PROYECCION LOTES","styleUrl":"#line14","stroke-opacity":1,"stroke":"#000000","stroke-width":1,"name":"FONDO"}},
{"type":"Feature","geometry":{"type":"LineString","coordinates":[[-63.01385,-17.74343],[-63.01351,-17.74323]]},"properties":{"description":"PROYECCION LOTES","styleUrl":"#line14","stroke-opacity":1,"stroke":"#000000","stroke-width":1,"name":"FONDO"}},
{"type":"Feature","geometry":{"type":"LineString","coordinates":[[-63.01377,-17.74349],[-63.01349,-17.74332]]},"properties":{"description":"PROYECCION LOTES","styleUrl":"#line14","stroke-opacity":1,"stroke":"#000000","stroke-width":1,"name":"FONDO"}},
{"type":"Feature","geometry":{"type":"LineString","coordinates":[[-63.01381,-17.74318],[-63.01356,-17.74302]]},"properties":{"description":"PROYECCION LOTES","styleUrl":"#line14","stroke-opacity":1,"stroke":"#000000","stroke-width":1,"name":"FONDO"}},
{"type":"Feature","geometry":{"type":"LineString","coordinates":[[-63.01389,-17.74326],[-63.01382,-17.74331]]},"properties":{"description":"PROYECCION LOTES","styleUrl":"#line14","stroke-opacity":1,"stroke":"#000000","stroke-width":1,"name":"FONDO"}},
{"type":"Feature","geometry":{"type":"LineString","coordinates":[[-63.01385,-17.74343],[-63.01359,-17.74364]]},"properties":{"description":"PROYECCION LOTES","styleUrl":"#line14","stroke-opacity":1,"stroke":"#000000","stroke-width":1,"name":"FONDO"}},
{"type":"Feature","geometry":{"type":"LineString","coordinates":[[-63.01381,-17.7436],[-63.01368,-17.7437]]},"properties":{"description":"PROYECCION LOTES","styleUrl":"#line14","stroke-opacity":1,"stroke":"#000000","stroke-width":1,"name":"FONDO"}},
{"type":"Feature","geometry":{"type":"LineString","coordinates":[[-63.01393,-17.74309],[-63.01372,-17.74325]]},"properties":{"description":"PROYECCION LOTES","styleUrl":"#line14","stroke-opacity":1,"stroke":"#000000","stroke-width":1,"name":"FONDO"}},
{"type":"Feature","geometry":{"type":"LineString","coordinates":[[-63.01395,-17.74295],[-63.01373,-17.74313]]},"properties":{"description":"PROYECCION LOTES","styleUrl":"#line14","stroke-opacity":1,"stroke":"#000000","stroke-width":1,"name":"FONDO"}},
{"type":"Feature","geometry":{"type":"LineString","coordinates":[[-63.01387,-17.74289],[-63.01365,-17.74308]]},"properties":{"description":"PROYECCION LOTES","styleUrl":"#line14","stroke-opacity":1,"stroke":"#000000","stroke-width":1,"name":"FONDO"}},
{"type":"Feature","geometry":{"type":"LineString","coordinates":[[-63.01794,-17.73773],[-63.01825,-17.73777]]},"properties":{"description":"PROYECCION LOTES","styleUrl":"#line14","stroke-opacity":1,"stroke":"#000000","stroke-width":1,"name":"FONDO"}},
{"type":"Feature","geometry":{"type":"LineString","coordinates":[[-63.01856,-17.73651],[-63.01786,-17.73762]]},"properties":{"description":"PROYECCION LOTES","styleUrl":"#line14","stroke-opacity":1,"stroke":"#000000","stroke-width":1,"name":"FONDO"}},
{"type":"Feature","geometry":{"type":"LineString","coordinates":[[-63.01824,-17.7378],[-63.01793,-17.73776]]},"properties":{"description":"PROYECCION LOTES","styleUrl":"#line14","stroke-opacity":1,"stroke":"#000000","stroke-width":1,"name":"FONDO"}},
{"type":"Feature","geometry":{"type":"LineString","coordinates":[[-63.01605,-17.74332],[-63.0166,-17.74364]]},"properties":{"description":"PROYECCION LOTES","styleUrl":"#line14","stroke-opacity":1,"stroke":"#000000","stroke-width":1,"name":"FONDO"}},
{"type":"Feature","geometry":{"type":"LineString","coordinates":[[-63.01628,-17.74356],[-63.01633,-17.74348]]},"properties":{"description":"PROYECCION LOTES","styleUrl":"#line14","stroke-opacity":1,"stroke":"#000000","stroke-width":1,"name":"FONDO"}},
{"type":"Feature","geometry":{"type":"LineString","coordinates":[[-63.01605,-17.74332],[-63.01595,-17.74348]]},"properties":{"description":"PROYECCION LOTES","styleUrl":"#line14","stroke-opacity":1,"stroke":"#000000","stroke-width":1,"name":"FONDO"}},
{"type":"Feature","geometry":{"type":"LineString","coordinates":[[-63.01598,-17.74343],[-63.01616,-17.74353]]},"properties":{"description":"PROYECCION LOTES","styleUrl":"#line14","stroke-opacity":1,"stroke":"#000000","stroke-width":1,"name":"FONDO"}},
{"type":"Feature","geometry":{"type":"LineString","coordinates":[[-63.01753,-17.74164],[-63.01722,-17.74146]]},"properties":{"description":"PROYECCION LOTES","styleUrl":"#line14","stroke-opacity":1,"stroke":"#000000","stroke-width":1,"name":"FONDO"}},
{"type":"Feature","geometry":{"type":"LineString","coordinates":[[-63.01783,-17.74171],[-63.01727,-17.74138]]},"properties":{"description":"PROYECCION LOTES","styleUrl":"#line14","stroke-opacity":1,"stroke":"#000000","stroke-width":1,"name":"FONDO"}},
{"type":"Feature","geometry":{"type":"LineString","coordinates":[[-63.01727,-17.74138],[-63.01718,-17.74152]]},"properties":{"description":"PROYECCION LOTES","styleUrl":"#line14","stroke-opacity":1,"stroke":"#000000","stroke-width":1,"name":"FONDO"}},
{"type":"Feature","geometry":{"type":"LineString","coordinates":[[-63.01755,-17.74155],[-63.0175,-17.74163]]},"properties":{"description":"PROYECCION LOTES","styleUrl":"#line14","stroke-opacity":1,"stroke":"#000000","stroke-width":1,"name":"FONDO"}},
{"type":"Feature","geometry":{"type":"LineString","coordinates":[[-63.01808,-17.73734],[-63.01832,-17.73748]]},"properties":{"description":"PROYECCION LOTES","styleUrl":"#line14","stroke-opacity":1,"stroke":"#000000","stroke-width":1,"name":"FONDO"}},
{"type":"Feature","geometry":{"type":"LineString","coordinates":[[-63.01812,-17.73726],[-63.01834,-17.73739]]},"properties":{"description":"PROYECCION LOTES","styleUrl":"#line14","stroke-opacity":1,"stroke":"#000000","stroke-width":1,"name":"FONDO"}},
{"type":"Feature","geometry":{"type":"LineString","coordinates":[[-63.01817,-17.73718],[-63.01837,-17.73729]]},"properties":{"description":"PROYECCION LOTES","styleUrl":"#line14","stroke-opacity":1,"stroke":"#000000","stroke-width":1,"name":"FONDO"}},
{"type":"Feature","geometry":{"type":"LineString","coordinates":[[-63.01822,-17.7371],[-63.01839,-17.7372]]},"properties":{"description":"PROYECCION LOTES","styleUrl":"#line14","stroke-opacity":1,"stroke":"#000000","stroke-width":1,"name":"FONDO"}},
{"type":"Feature","geometry":{"type":"LineString","coordinates":[[-63.01827,-17.73703],[-63.01841,-17.73711]]},"properties":{"description":"PROYECCION LOTES","styleUrl":"#line14","stroke-opacity":1,"stroke":"#000000","stroke-width":1,"name":"FONDO"}},
{"type":"Feature","geometry":{"type":"LineString","coordinates":[[-63.01832,-17.73695],[-63.01844,-17.73702]]},"properties":{"description":"PROYECCION LOTES","styleUrl":"#line14","stroke-opacity":1,"stroke":"#000000","stroke-width":1,"name":"FONDO"}},
{"type":"Feature","geometry":{"type":"LineString","coordinates":[[-63.01837,-17.73687],[-63.01846,-17.73693]]},"properties":{"description":"PROYECCION LOTES","styleUrl":"#line14","stroke-opacity":1,"stroke":"#000000","stroke-width":1,"name":"FONDO"}},
{"type":"Feature","geometry":{"type":"LineString","coordinates":[[-63.01842,-17.73679],[-63.01848,-17.73683]]},"properties":{"description":"PROYECCION LOTES","styleUrl":"#line14","stroke-opacity":1,"stroke":"#000000","stroke-width":1,"name":"FONDO"}},
{"type":"Feature","geometry":{"type":"LineString","coordinates":[[-63.01847,-17.73672],[-63.01851,-17.73674]]},"properties":{"description":"PROYECCION LOTES","styleUrl":"#line14","stroke-opacity":1,"stroke":"#000000","stroke-width":1,"name":"FONDO"}},
{"type":"Feature","geometry":{"type":"LineString","coordinates":[[-63.01851,-17.73664],[-63.01853,-17.73665]]},"properties":{"description":"PROYECCION LOTES","styleUrl":"#line14","stroke-opacity":1,"stroke":"#000000","stroke-width":1,"name":"FONDO"}},
{"type":"Feature","geometry":{"type":"LineString","coordinates":[[-63.01583,-17.74344],[-63.0166,-17.74221]]},"properties":{"description":"PROYECCION LOTES","styleUrl":"#line14","stroke-opacity":1,"stroke":"#000000","stroke-width":1,"name":"FONDO"}},
{"type":"Feature","geometry":{"type":"LineString","coordinates":[[-63.01656,-17.74212],[-63.01657,-17.74212],[-63.01658,-17.74212],[-63.01658,-17.74213],[-63.01659,-17.74213],[-63.01659,-17.74214],[-63.0166,-17.74214],[-63.0166,-17.74215],[-63.01661,-17.74215],[-63.01661,-17.74216],[-63.01661,-17.74217],[-63.01661,-17.74218],[-63.01661,-17.74219],[-63.01661,-17.7422],[-63.01661,-17.74221],[-63.0166,-17.74221]]},"properties":{"description":"PROYECCION LOTES","styleUrl":"#line14","stroke-opacity":1,"stroke":"#000000","stroke-width":1,"name":"FONDO"}},
{"type":"Feature","geometry":{"type":"LineString","coordinates":[[-63.01656,-17.74212],[-63.01614,-17.74203]]},"properties":{"description":"PROYECCION LOTES","styleUrl":"#line14","stroke-opacity":1,"stroke":"#000000","stroke-width":1,"name":"FONDO"}},
{"type":"Feature","geometry":{"type":"LineString","coordinates":[[-63.01586,-17.74345],[-63.01663,-17.74223]]},"properties":{"description":"PROYECCION LOTES","styleUrl":"#line14","stroke-opacity":1,"stroke":"#000000","stroke-width":1,"name":"FONDO"}},
{"type":"Feature","geometry":{"type":"LineString","coordinates":[[-63.01657,-17.74209],[-63.01658,-17.74209],[-63.01658,-17.7421],[-63.01659,-17.7421],[-63.0166,-17.7421],[-63.0166,-17.74211],[-63.01661,-17.74211],[-63.01661,-17.74212],[-63.01662,-17.74212],[-63.01662,-17.74213],[-63.01663,-17.74213],[-63.01663,-17.74214],[-63.01663,-17.74215],[-63.01664,-17.74215],[-63.01664,-17.74216],[-63.01664,-17.74217],[-63.01664,-17.74218],[-63.01664,-17.74219],[-63.01664,-17.7422],[-63.01664,-17.74221],[-63.01663,-17.74221],[-63.01663,-17.74222],[-63.01663,-17.74223]]},"properties":{"description":"PROYECCION LOTES","styleUrl":"#line14","stroke-opacity":1,"stroke":"#000000","stroke-width":1,"name":"FONDO"}},
{"type":"Feature","geometry":{"type":"LineString","coordinates":[[-63.01657,-17.74209],[-63.01615,-17.742]]},"properties":{"description":"PROYECCION LOTES","styleUrl":"#line14","stroke-opacity":1,"stroke":"#000000","stroke-width":1,"name":"FONDO"}}
]}